2026/07/23 19:29:20 - mmengine - INFO - 
------------------------------------------------------------
System environment:
    sys.platform: linux
    Python: 3.12.13 | packaged by Anaconda, Inc. | (main, Mar 19 2026, 20:20:58) [GCC 14.3.0]
    CUDA available: True
    MUSA available: False
    numpy_random_seed: 964280918
    GPU 0,1: NVIDIA A40
    CUDA_HOME: /home/users_model/miniconda3/envs/mmseg_dino
    NVCC: Cuda compilation tools, release 12.9, V12.9.86
    GCC: gcc (Ubuntu 9.4.0-1ubuntu1~20.04.2) 9.4.0
    PyTorch: 2.7.1
    PyTorch compiling details: PyTorch built with:
  - GCC 14.3
  - C++ Version: 201703
  - Intel(R) oneAPI Math Kernel Library Version 2024.2.2-Product Build 20240823 for Intel(R) 64 architecture applications
  - Intel(R) MKL-DNN v3.7.1 (Git Hash d21fc6dbb4db827872fc8cf05e70f6771bd4937b)
  - OpenMP 201511 (a.k.a. OpenMP 4.5)
  - LAPACK is enabled (usually provided by MKL)
  - NNPACK is enabled
  - CPU capability usage: AVX512
  - CUDA Runtime 12.9
  - NVCC architecture flags: -gencode;arch=compute_50,code=sm_50;-gencode;arch=compute_60,code=sm_60;-gencode;arch=compute_70,code=sm_70;-gencode;arch=compute_75,code=sm_75;-gencode;arch=compute_80,code=sm_80;-gencode;arch=compute_86,code=sm_86;-gencode;arch=compute_90,code=sm_90;-gencode;arch=compute_100,code=sm_100;-gencode;arch=compute_120,code=sm_120;-gencode;arch=compute_120,code=compute_120
  - CuDNN 91.0.2
    - Built with CuDNN 91.0.1
  - Magma 2.9.0
  - Build settings: BLAS_INFO=mkl, BUILD_TYPE=Release, COMMIT_SHA=Unknown, CUDA_VERSION=12.9, CUDNN_VERSION=9.10.1, CXX_COMPILER=/home/conda/feedstock_root/build_artifacts/libtorch_1753846581042/_build_env/bin/x86_64-conda-linux-gnu-c++, CXX_FLAGS=-fmessage-length=0 -march=nocona -mtune=haswell -ftree-vectorize -fPIC -fstack-protector-strong -fno-plt -O2 -ffunction-sections -pipe -isystem /home/conda/feedstock_root/build_artifacts/libtorch_1753846581042/_h_env_placehold_placehold_placehold_placehold_placehold_placehold_placehold_placehold_placehold_placehold_placehold_placehold_placehold_placehold_placehold_placehold_placehold_placehold_pl/include -fdebug-prefix-map=/home/conda/feedstock_root/build_artifacts/libtorch_1753846581042/work=/usr/local/src/conda/libtorch-2.7.1 -fdebug-prefix-map=/home/conda/feedstock_root/build_artifacts/libtorch_1753846581042/_h_env_placehold_placehold_placehold_placehold_placehold_placehold_placehold_placehold_placehold_placehold_placehold_placehold_placehold_placehold_placehold_placehold_placehold_placehold_pl=/usr/local/src/conda-prefix -I/home/conda/feedstock_root/build_artifacts/libtorch_1753846581042/_h_env_placehold_placehold_placehold_placehold_placehold_placehold_placehold_placehold_placehold_placehold_placehold_placehold_placehold_placehold_placehold_placehold_placehold_placehold_pl/targets/x86_64-linux/include -I/home/conda/feedstock_root/build_artifacts/libtorch_1753846581042/_build_env/targets/x86_64-linux/include -w -Wno-deprecated-declarations -Wno-error=maybe-uninitialized -D_GLIBCXX_USE_CXX11_ABI=1 -fvisibility-inlines-hidden -DUSE_PTHREADPOOL -DNDEBUG -DUSE_KINETO -DLIBKINETO_NOROCTRACER -DLIBKINETO_NOXPUPTI=ON -DUSE_FBGEMM -DUSE_PYTORCH_QNNPACK -DUSE_XNNPACK -DSYMBOLICATE_MOBILE_DEBUG_HANDLE -O2 -fPIC -Wall -Wextra -Werror=return-type -Werror=non-virtual-dtor -Werror=range-loop-construct -Werror=bool-operation -Wnarrowing -Wno-missing-field-initializers -Wno-unknown-pragmas -Wno-unused-parameter -Wno-strict-overflow -Wno-strict-aliasing -Wno-stringop-overflow -Wsuggest-override -Wno-psabi -Wno-error=old-style-cast -fdiagnostics-color=always -faligned-new -Wno-maybe-uninitialized -fno-math-errno -fno-trapping-math -Werror=format -Wno-dangling-reference -Wno-error=dangling-reference -Wno-error=redundant-move -Wno-stringop-overflow, LAPACK_INFO=mkl, PERF_WITH_AVX=1, PERF_WITH_AVX2=1, TORCH_VERSION=2.7.1, USE_CUDA=1, USE_CUDNN=ON, USE_CUSPARSELT=OFF, USE_GFLAGS=OFF, USE_GLOG=OFF, USE_GLOO=ON, USE_MKL=ON, USE_MKLDNN=1, USE_MPI=OFF, USE_NCCL=ON, USE_NNPACK=ON, USE_OPENMP=ON, USE_ROCM=OFF, USE_ROCM_KERNEL_ASSERT=OFF, 

    TorchVision: 0.22.1
    OpenCV: 4.13.0
    MMEngine: 0.10.7

Runtime environment:
    cudnn_benchmark: True
    mp_cfg: {'mp_start_method': 'fork', 'opencv_num_threads': 0}
    dist_cfg: {'backend': 'nccl'}
    seed: 964280918
    Distributed launcher: pytorch
    Distributed training: True
    GPU number: 2
------------------------------------------------------------

2026/07/23 19:29:20 - mmengine - INFO - Config:
DATA_ROOT = '/mnt/qh2-nas3/00-model/00-limx/datasets/potsdam/'
FUSION_CKPT = '/mnt/qh2-nas3/00-model/00-limx/Dinov3/ckpt/stage2+stage3-zhejiang_no_cl/23999.pth'
auto_scale_lr = dict(base_batch_size=16, enable=False)
crop_size = (
    512,
    512,
)
custom_imports = dict(
    allow_failed_imports=False,
    imports=[
        'custom_datasets.customPotsdam',
        'custom_datasets.fusion_h5',
        'custom_models.fusion_backbone_v2',
    ])
data_preprocessor = dict(
    bgr_to_rgb=False,
    mean=None,
    pad_val=0,
    seg_pad_val=255,
    size=(
        480,
        480,
    ),
    std=None,
    test_cfg=dict(size_divisor=32),
    type='SegDataPreProcessor')
data_root = 'data/ade/ADEChallengeData2016'
dataset_type = 'ADE20KDataset'
default_hooks = dict(
    checkpoint=dict(
        by_epoch=False,
        interval=2000,
        max_keep_ckpts=1,
        save_best='mIoU',
        type='CheckpointHook'),
    logger=dict(interval=100, log_metric_by_epoch=False, type='LoggerHook'),
    param_scheduler=dict(type='ParamSchedulerHook'),
    sampler_seed=dict(type='DistSamplerSeedHook'),
    timer=dict(type='IterTimerHook'),
    visualization=dict(type='SegVisualizationHook'))
default_scope = 'mmseg'
embed_multi = dict(decay_mult=0.0, lr_mult=1.0)
env_cfg = dict(
    cudnn_benchmark=True,
    dist_cfg=dict(backend='nccl'),
    mp_cfg=dict(mp_start_method='fork', opencv_num_threads=0))
find_unused_parameters = True
img_ratios = [
    0.5,
    0.75,
    1.0,
    1.25,
    1.5,
    1.75,
]
img_size = 480
launcher = 'pytorch'
load_from = None
log_level = 'INFO'
log_processor = dict(by_epoch=False)
max_iters = 40000
model = dict(
    backbone=dict(
        arch='vit_large',
        checkpoint=
        '/mnt/qh2-nas3/00-model/00-limx/Dinov3/ckpt/stage2+stage3-zhejiang_no_cl/23999.pth',
        finetune_vit=False,
        freeze_backbone=True,
        fusion_cfg=dict(
            depth=3,
            dim=1024,
            ff_mult=4,
            num_heads=8,
            num_patches_kv=144,
            num_patches_q=900),
        img_size=480,
        interaction_indexes=[
            5,
            11,
            17,
            -1,
        ],
        layerscale_init=1e-05,
        mask_k_bias=True,
        n_storage_tokens=4,
        olmoearth_embed=768,
        patch_size=16,
        type='FusionBackboneMmsegV2'),
    data_preprocessor=dict(
        bgr_to_rgb=False,
        mean=None,
        pad_val=0,
        seg_pad_val=255,
        size=(
            480,
            480,
        ),
        std=None,
        test_cfg=dict(size_divisor=32),
        type='SegDataPreProcessor'),
    decode_head=dict(
        align_corners=False,
        enforce_decoder_input_project=False,
        feat_channels=256,
        in_channels=[
            1024,
            1024,
            1024,
            1024,
        ],
        loss_cls=dict(
            class_weight=[
                1.0,
                1.0,
                1.0,
                1.0,
                1.0,
                1.0,
            ],
            loss_weight=2.0,
            reduction='mean',
            type='mmdet.CrossEntropyLoss',
            use_sigmoid=False),
        loss_dice=dict(
            activate=True,
            eps=1.0,
            loss_weight=5.0,
            naive_dice=True,
            reduction='mean',
            type='mmdet.DiceLoss',
            use_sigmoid=True),
        loss_mask=dict(
            loss_weight=5.0,
            reduction='mean',
            type='mmdet.CrossEntropyLoss',
            use_sigmoid=True),
        num_classes=5,
        num_queries=50,
        num_transformer_feat_level=3,
        out_channels=256,
        pixel_decoder=dict(
            act_cfg=dict(type='ReLU'),
            encoder=dict(
                init_cfg=None,
                layer_cfg=dict(
                    ffn_cfg=dict(
                        act_cfg=dict(inplace=True, type='ReLU'),
                        embed_dims=256,
                        feedforward_channels=1024,
                        ffn_drop=0.0,
                        num_fcs=2),
                    self_attn_cfg=dict(
                        batch_first=True,
                        dropout=0.0,
                        embed_dims=256,
                        im2col_step=64,
                        init_cfg=None,
                        norm_cfg=None,
                        num_heads=8,
                        num_levels=3,
                        num_points=4)),
                num_layers=6),
            init_cfg=None,
            norm_cfg=dict(num_groups=32, type='GN'),
            num_outs=3,
            positional_encoding=dict(normalize=True, num_feats=128),
            type='mmdet.MSDeformAttnPixelDecoder'),
        positional_encoding=dict(normalize=True, num_feats=128),
        strides=[
            4,
            8,
            16,
            32,
        ],
        train_cfg=dict(
            assigner=dict(
                match_costs=[
                    dict(type='mmdet.ClassificationCost', weight=2.0),
                    dict(
                        type='mmdet.CrossEntropyLossCost',
                        use_sigmoid=True,
                        weight=5.0),
                    dict(
                        eps=1.0,
                        pred_act=True,
                        type='mmdet.DiceCost',
                        weight=5.0),
                ],
                type='mmdet.HungarianAssigner'),
            importance_sample_ratio=0.75,
            num_points=12544,
            oversample_ratio=3.0,
            sampler=dict(type='mmdet.MaskPseudoSampler')),
        transformer_decoder=dict(
            init_cfg=None,
            layer_cfg=dict(
                cross_attn_cfg=dict(
                    attn_drop=0.0,
                    batch_first=True,
                    dropout_layer=None,
                    embed_dims=256,
                    num_heads=8,
                    proj_drop=0.0),
                ffn_cfg=dict(
                    act_cfg=dict(inplace=True, type='ReLU'),
                    add_identity=True,
                    dropout_layer=None,
                    embed_dims=256,
                    feedforward_channels=2048,
                    ffn_drop=0.0,
                    num_fcs=2),
                self_attn_cfg=dict(
                    attn_drop=0.0,
                    batch_first=True,
                    dropout_layer=None,
                    embed_dims=256,
                    num_heads=8,
                    proj_drop=0.0)),
            num_layers=9,
            return_intermediate=True),
        type='Mask2FormerHead'),
    test_cfg=dict(mode='whole'),
    train_cfg=dict(),
    type='EncoderDecoder')
num_classes = 5
optim_wrapper = dict(
    clip_grad=dict(max_norm=0.01, norm_type=2),
    optimizer=dict(
        betas=(
            0.9,
            0.999,
        ),
        eps=1e-08,
        lr=5e-05,
        type='AdamW',
        weight_decay=0.05),
    paramwise_cfg=dict(
        custom_keys=dict({
            'backbone.adapter.backbone':
            dict(decay_mult=1.0, lr_mult=0.1),
            'level_embed':
            dict(decay_mult=0.0, lr_mult=1.0),
            'query_embed':
            dict(decay_mult=0.0, lr_mult=1.0),
            'query_feat':
            dict(decay_mult=0.0, lr_mult=1.0)
        }),
        norm_decay_mult=0.0),
    type='OptimWrapper')
optimizer = dict(
    betas=(
        0.9,
        0.999,
    ),
    eps=1e-08,
    lr=0.0001,
    type='AdamW',
    weight_decay=0.05)
param_scheduler = [
    dict(
        begin=0, by_epoch=False, end=3000, start_factor=0.001,
        type='LinearLR'),
    dict(
        begin=3000,
        by_epoch=False,
        end=40000,
        eta_min=0,
        power=0.9,
        type='PolyLR'),
]
resume = False
test_cfg = dict(type='TestLoop')
test_dataloader = dict(
    batch_size=4,
    dataset=dict(
        data_root='/mnt/qh2-nas3/00-model/00-limx/datasets/potsdam/',
        pipeline=[
            dict(img_size=480, type='LoadCustomRaster'),
            dict(type='CustomNormalize'),
            dict(type='PackSegInputs'),
        ],
        split='val',
        type='CustomPotsdamDataset'),
    num_workers=4)
test_evaluator = dict(
    iou_metrics=[
        'mIoU',
        'mFscore',
    ], type='IoUMetric')
test_pipeline = [
    dict(type='LoadImageFromFile'),
    dict(keep_ratio=True, scale=(
        2048,
        512,
    ), type='Resize'),
    dict(reduce_zero_label=True, type='LoadAnnotations'),
    dict(type='PackSegInputs'),
]
train_cfg = dict(max_iters=40000, type='IterBasedTrainLoop', val_interval=2000)
train_dataloader = dict(
    batch_size=4,
    dataset=dict(
        data_root='/mnt/qh2-nas3/00-model/00-limx/datasets/potsdam/',
        pipeline=[
            dict(img_size=480, type='LoadCustomRaster'),
            dict(prob=0.5, type='CustomRandomRotate90'),
            dict(direction='horizontal', prob=0.5, type='RandomFlip'),
            dict(direction='vertical', prob=0.5, type='RandomFlip'),
            dict(type='CustomNormalize'),
            dict(type='PackSegInputs'),
        ],
        split='train',
        type='CustomPotsdamDataset'),
    num_workers=4)
train_pipeline = [
    dict(img_size=480, type='LoadCustomRaster'),
    dict(prob=0.5, type='CustomRandomRotate90'),
    dict(direction='horizontal', prob=0.5, type='RandomFlip'),
    dict(direction='vertical', prob=0.5, type='RandomFlip'),
    dict(type='CustomNormalize'),
    dict(type='PackSegInputs'),
]
tta_model = dict(type='SegTTAModel')
tta_pipeline = [
    dict(backend_args=None, type='LoadImageFromFile'),
    dict(
        transforms=[
            [
                dict(keep_ratio=True, scale_factor=0.5, type='Resize'),
                dict(keep_ratio=True, scale_factor=0.75, type='Resize'),
                dict(keep_ratio=True, scale_factor=1.0, type='Resize'),
                dict(keep_ratio=True, scale_factor=1.25, type='Resize'),
                dict(keep_ratio=True, scale_factor=1.5, type='Resize'),
                dict(keep_ratio=True, scale_factor=1.75, type='Resize'),
            ],
            [
                dict(direction='horizontal', prob=0.0, type='RandomFlip'),
                dict(direction='horizontal', prob=1.0, type='RandomFlip'),
            ],
            [
                dict(type='LoadAnnotations'),
            ],
            [
                dict(type='PackSegInputs'),
            ],
        ],
        type='TestTimeAug'),
]
val_cfg = dict(type='ValLoop')
val_dataloader = dict(
    batch_size=4,
    dataset=dict(
        data_root='/mnt/qh2-nas3/00-model/00-limx/datasets/potsdam/',
        pipeline=[
            dict(img_size=480, type='LoadCustomRaster'),
            dict(type='CustomNormalize'),
            dict(type='PackSegInputs'),
        ],
        split='val',
        type='CustomPotsdamDataset'),
    num_workers=4)
val_evaluator = dict(
    iou_metrics=[
        'mIoU',
        'mFscore',
    ], type='IoUMetric')
val_pipeline = [
    dict(img_size=480, type='LoadCustomRaster'),
    dict(type='CustomNormalize'),
    dict(type='PackSegInputs'),
]
vis_backends = [
    dict(type='LocalVisBackend'),
]
visualizer = dict(
    name='visualizer',
    type='SegLocalVisualizer',
    vis_backends=[
        dict(type='LocalVisBackend'),
    ])
work_dir = 'work_dirs/fusion_vits_m2f_nocont_23999'

2026/07/23 19:30:22 - mmengine - INFO - Hooks will be executed in the following order:
before_run:
(VERY_HIGH   ) RuntimeInfoHook                    
(BELOW_NORMAL) LoggerHook                         
 -------------------- 
before_train:
(VERY_HIGH   ) RuntimeInfoHook                    
(NORMAL      ) IterTimerHook                      
(VERY_LOW    ) CheckpointHook                     
 -------------------- 
before_train_epoch:
(VERY_HIGH   ) RuntimeInfoHook                    
(NORMAL      ) IterTimerHook                      
(NORMAL      ) DistSamplerSeedHook                
 -------------------- 
before_train_iter:
(VERY_HIGH   ) RuntimeInfoHook                    
(NORMAL      ) IterTimerHook                      
 -------------------- 
after_train_iter:
(VERY_HIGH   ) RuntimeInfoHook                    
(NORMAL      ) IterTimerHook                      
(BELOW_NORMAL) LoggerHook                         
(LOW         ) ParamSchedulerHook                 
(VERY_LOW    ) CheckpointHook                     
 -------------------- 
after_train_epoch:
(NORMAL      ) IterTimerHook                      
(LOW         ) ParamSchedulerHook                 
(VERY_LOW    ) CheckpointHook                     
 -------------------- 
before_val:
(VERY_HIGH   ) RuntimeInfoHook                    
 -------------------- 
before_val_epoch:
(NORMAL      ) IterTimerHook                      
 -------------------- 
before_val_iter:
(NORMAL      ) IterTimerHook                      
 -------------------- 
after_val_iter:
(NORMAL      ) IterTimerHook                      
(NORMAL      ) SegVisualizationHook               
(BELOW_NORMAL) LoggerHook                         
 -------------------- 
after_val_epoch:
(VERY_HIGH   ) RuntimeInfoHook                    
(NORMAL      ) IterTimerHook                      
(BELOW_NORMAL) LoggerHook                         
(LOW         ) ParamSchedulerHook                 
(VERY_LOW    ) CheckpointHook                     
 -------------------- 
after_val:
(VERY_HIGH   ) RuntimeInfoHook                    
 -------------------- 
after_train:
(VERY_HIGH   ) RuntimeInfoHook                    
(VERY_LOW    ) CheckpointHook                     
 -------------------- 
before_test:
(VERY_HIGH   ) RuntimeInfoHook                    
 -------------------- 
before_test_epoch:
(NORMAL      ) IterTimerHook                      
 -------------------- 
before_test_iter:
(NORMAL      ) IterTimerHook                      
 -------------------- 
after_test_iter:
(NORMAL      ) IterTimerHook                      
(NORMAL      ) SegVisualizationHook               
(BELOW_NORMAL) LoggerHook                         
 -------------------- 
after_test_epoch:
(VERY_HIGH   ) RuntimeInfoHook                    
(NORMAL      ) IterTimerHook                      
(BELOW_NORMAL) LoggerHook                         
 -------------------- 
after_test:
(VERY_HIGH   ) RuntimeInfoHook                    
 -------------------- 
after_run:
(BELOW_NORMAL) LoggerHook                         
 -------------------- 
2026/07/23 19:32:12 - mmengine - WARNING - backbone.wrapper.vit.cls_token is skipped since its requires_grad=False
2026/07/23 19:32:12 - mmengine - WARNING - backbone.wrapper.vit.storage_tokens is skipped since its requires_grad=False
2026/07/23 19:32:12 - mmengine - WARNING - backbone.wrapper.vit.mask_token is skipped since its requires_grad=False
2026/07/23 19:32:12 - mmengine - WARNING - backbone.wrapper.vit.patch_embed.proj.weight is skipped since its requires_grad=False
2026/07/23 19:32:12 - mmengine - WARNING - backbone.wrapper.vit.patch_embed.proj.bias is skipped since its requires_grad=False
2026/07/23 19:32:12 - mmengine - WARNING - backbone.wrapper.vit.blocks.0.norm1.weight is skipped since its requires_grad=False
2026/07/23 19:32:12 - mmengine - WARNING - backbone.wrapper.vit.blocks.0.norm1.bias is skipped since its requires_grad=False
2026/07/23 19:32:12 - mmengine - WARNING - backbone.wrapper.vit.blocks.0.attn.qkv.weight is skipped since its requires_grad=False
2026/07/23 19:32:12 - mmengine - WARNING - backbone.wrapper.vit.blocks.0.attn.qkv.bias is skipped since its requires_grad=False
2026/07/23 19:32:12 - mmengine - WARNING - backbone.wrapper.vit.blocks.0.attn.proj.weight is skipped since its requires_grad=False
2026/07/23 19:32:12 - mmengine - WARNING - backbone.wrapper.vit.blocks.0.attn.proj.bias is skipped since its requires_grad=False
2026/07/23 19:32:12 - mmengine - WARNING - backbone.wrapper.vit.blocks.0.ls1.gamma is skipped since its requires_grad=False
2026/07/23 19:32:12 - mmengine - WARNING - backbone.wrapper.vit.blocks.0.norm2.weight is skipped since its requires_grad=False
2026/07/23 19:32:12 - mmengine - WARNING - backbone.wrapper.vit.blocks.0.norm2.bias is skipped since its requires_grad=False
2026/07/23 19:32:12 - mmengine - WARNING - backbone.wrapper.vit.blocks.0.mlp.fc1.weight is skipped since its requires_grad=False
2026/07/23 19:32:12 - mmengine - WARNING - backbone.wrapper.vit.blocks.0.mlp.fc1.bias is skipped since its requires_grad=False
2026/07/23 19:32:12 - mmengine - WARNING - backbone.wrapper.vit.blocks.0.mlp.fc2.weight is skipped since its requires_grad=False
2026/07/23 19:32:12 - mmengine - WARNING - backbone.wrapper.vit.blocks.0.mlp.fc2.bias is skipped since its requires_grad=False
2026/07/23 19:32:12 - mmengine - WARNING - backbone.wrapper.vit.blocks.0.ls2.gamma is skipped since its requires_grad=False
2026/07/23 19:32:12 - mmengine - WARNING - backbone.wrapper.vit.blocks.1.norm1.weight is skipped since its requires_grad=False
2026/07/23 19:32:12 - mmengine - WARNING - backbone.wrapper.vit.blocks.1.norm1.bias is skipped since its requires_grad=False
2026/07/23 19:32:12 - mmengine - WARNING - backbone.wrapper.vit.blocks.1.attn.qkv.weight is skipped since its requires_grad=False
2026/07/23 19:32:12 - mmengine - WARNING - backbone.wrapper.vit.blocks.1.attn.qkv.bias is skipped since its requires_grad=False
2026/07/23 19:32:12 - mmengine - WARNING - backbone.wrapper.vit.blocks.1.attn.proj.weight is skipped since its requires_grad=False
2026/07/23 19:32:12 - mmengine - WARNING - backbone.wrapper.vit.blocks.1.attn.proj.bias is skipped since its requires_grad=False
2026/07/23 19:32:12 - mmengine - WARNING - backbone.wrapper.vit.blocks.1.ls1.gamma is skipped since its requires_grad=False
2026/07/23 19:32:12 - mmengine - WARNING - backbone.wrapper.vit.blocks.1.norm2.weight is skipped since its requires_grad=False
2026/07/23 19:32:12 - mmengine - WARNING - backbone.wrapper.vit.blocks.1.norm2.bias is skipped since its requires_grad=False
2026/07/23 19:32:12 - mmengine - WARNING - backbone.wrapper.vit.blocks.1.mlp.fc1.weight is skipped since its requires_grad=False
2026/07/23 19:32:12 - mmengine - WARNING - backbone.wrapper.vit.blocks.1.mlp.fc1.bias is skipped since its requires_grad=False
2026/07/23 19:32:12 - mmengine - WARNING - backbone.wrapper.vit.blocks.1.mlp.fc2.weight is skipped since its requires_grad=False
2026/07/23 19:32:12 - mmengine - WARNING - backbone.wrapper.vit.blocks.1.mlp.fc2.bias is skipped since its requires_grad=False
2026/07/23 19:32:12 - mmengine - WARNING - backbone.wrapper.vit.blocks.1.ls2.gamma is skipped since its requires_grad=False
2026/07/23 19:32:12 - mmengine - WARNING - backbone.wrapper.vit.blocks.2.norm1.weight is skipped since its requires_grad=False
2026/07/23 19:32:12 - mmengine - WARNING - backbone.wrapper.vit.blocks.2.norm1.bias is skipped since its requires_grad=False
2026/07/23 19:32:12 - mmengine - WARNING - backbone.wrapper.vit.blocks.2.attn.qkv.weight is skipped since its requires_grad=False
2026/07/23 19:32:12 - mmengine - WARNING - backbone.wrapper.vit.blocks.2.attn.qkv.bias is skipped since its requires_grad=False
2026/07/23 19:32:12 - mmengine - WARNING - backbone.wrapper.vit.blocks.2.attn.proj.weight is skipped since its requires_grad=False
2026/07/23 19:32:12 - mmengine - WARNING - backbone.wrapper.vit.blocks.2.attn.proj.bias is skipped since its requires_grad=False
2026/07/23 19:32:12 - mmengine - WARNING - backbone.wrapper.vit.blocks.2.ls1.gamma is skipped since its requires_grad=False
2026/07/23 19:32:12 - mmengine - WARNING - backbone.wrapper.vit.blocks.2.norm2.weight is skipped since its requires_grad=False
2026/07/23 19:32:12 - mmengine - WARNING - backbone.wrapper.vit.blocks.2.norm2.bias is skipped since its requires_grad=False
2026/07/23 19:32:12 - mmengine - WARNING - backbone.wrapper.vit.blocks.2.mlp.fc1.weight is skipped since its requires_grad=False
2026/07/23 19:32:12 - mmengine - WARNING - backbone.wrapper.vit.blocks.2.mlp.fc1.bias is skipped since its requires_grad=False
2026/07/23 19:32:12 - mmengine - WARNING - backbone.wrapper.vit.blocks.2.mlp.fc2.weight is skipped since its requires_grad=False
2026/07/23 19:32:12 - mmengine - WARNING - backbone.wrapper.vit.blocks.2.mlp.fc2.bias is skipped since its requires_grad=False
2026/07/23 19:32:12 - mmengine - WARNING - backbone.wrapper.vit.blocks.2.ls2.gamma is skipped since its requires_grad=False
2026/07/23 19:32:12 - mmengine - WARNING - backbone.wrapper.vit.blocks.3.norm1.weight is skipped since its requires_grad=False
2026/07/23 19:32:12 - mmengine - WARNING - backbone.wrapper.vit.blocks.3.norm1.bias is skipped since its requires_grad=False
2026/07/23 19:32:12 - mmengine - WARNING - backbone.wrapper.vit.blocks.3.attn.qkv.weight is skipped since its requires_grad=False
2026/07/23 19:32:12 - mmengine - WARNING - backbone.wrapper.vit.blocks.3.attn.qkv.bias is skipped since its requires_grad=False
2026/07/23 19:32:12 - mmengine - WARNING - backbone.wrapper.vit.blocks.3.attn.proj.weight is skipped since its requires_grad=False
2026/07/23 19:32:12 - mmengine - WARNING - backbone.wrapper.vit.blocks.3.attn.proj.bias is skipped since its requires_grad=False
2026/07/23 19:32:12 - mmengine - WARNING - backbone.wrapper.vit.blocks.3.ls1.gamma is skipped since its requires_grad=False
2026/07/23 19:32:12 - mmengine - WARNING - backbone.wrapper.vit.blocks.3.norm2.weight is skipped since its requires_grad=False
2026/07/23 19:32:12 - mmengine - WARNING - backbone.wrapper.vit.blocks.3.norm2.bias is skipped since its requires_grad=False
2026/07/23 19:32:12 - mmengine - WARNING - backbone.wrapper.vit.blocks.3.mlp.fc1.weight is skipped since its requires_grad=False
2026/07/23 19:32:12 - mmengine - WARNING - backbone.wrapper.vit.blocks.3.mlp.fc1.bias is skipped since its requires_grad=False
2026/07/23 19:32:12 - mmengine - WARNING - backbone.wrapper.vit.blocks.3.mlp.fc2.weight is skipped since its requires_grad=False
2026/07/23 19:32:12 - mmengine - WARNING - backbone.wrapper.vit.blocks.3.mlp.fc2.bias is skipped since its requires_grad=False
2026/07/23 19:32:12 - mmengine - WARNING - backbone.wrapper.vit.blocks.3.ls2.gamma is skipped since its requires_grad=False
2026/07/23 19:32:12 - mmengine - WARNING - backbone.wrapper.vit.blocks.4.norm1.weight is skipped since its requires_grad=False
2026/07/23 19:32:12 - mmengine - WARNING - backbone.wrapper.vit.blocks.4.norm1.bias is skipped since its requires_grad=False
2026/07/23 19:32:12 - mmengine - WARNING - backbone.wrapper.vit.blocks.4.attn.qkv.weight is skipped since its requires_grad=False
2026/07/23 19:32:12 - mmengine - WARNING - backbone.wrapper.vit.blocks.4.attn.qkv.bias is skipped since its requires_grad=False
2026/07/23 19:32:12 - mmengine - WARNING - backbone.wrapper.vit.blocks.4.attn.proj.weight is skipped since its requires_grad=False
2026/07/23 19:32:12 - mmengine - WARNING - backbone.wrapper.vit.blocks.4.attn.proj.bias is skipped since its requires_grad=False
2026/07/23 19:32:12 - mmengine - WARNING - backbone.wrapper.vit.blocks.4.ls1.gamma is skipped since its requires_grad=False
2026/07/23 19:32:12 - mmengine - WARNING - backbone.wrapper.vit.blocks.4.norm2.weight is skipped since its requires_grad=False
2026/07/23 19:32:12 - mmengine - WARNING - backbone.wrapper.vit.blocks.4.norm2.bias is skipped since its requires_grad=False
2026/07/23 19:32:12 - mmengine - WARNING - backbone.wrapper.vit.blocks.4.mlp.fc1.weight is skipped since its requires_grad=False
2026/07/23 19:32:12 - mmengine - WARNING - backbone.wrapper.vit.blocks.4.mlp.fc1.bias is skipped since its requires_grad=False
2026/07/23 19:32:12 - mmengine - WARNING - backbone.wrapper.vit.blocks.4.mlp.fc2.weight is skipped since its requires_grad=False
2026/07/23 19:32:12 - mmengine - WARNING - backbone.wrapper.vit.blocks.4.mlp.fc2.bias is skipped since its requires_grad=False
2026/07/23 19:32:12 - mmengine - WARNING - backbone.wrapper.vit.blocks.4.ls2.gamma is skipped since its requires_grad=False
2026/07/23 19:32:12 - mmengine - WARNING - backbone.wrapper.vit.blocks.5.norm1.weight is skipped since its requires_grad=False
2026/07/23 19:32:12 - mmengine - WARNING - backbone.wrapper.vit.blocks.5.norm1.bias is skipped since its requires_grad=False
2026/07/23 19:32:12 - mmengine - WARNING - backbone.wrapper.vit.blocks.5.attn.qkv.weight is skipped since its requires_grad=False
2026/07/23 19:32:12 - mmengine - WARNING - backbone.wrapper.vit.blocks.5.attn.qkv.bias is skipped since its requires_grad=False
2026/07/23 19:32:12 - mmengine - WARNING - backbone.wrapper.vit.blocks.5.attn.proj.weight is skipped since its requires_grad=False
2026/07/23 19:32:12 - mmengine - WARNING - backbone.wrapper.vit.blocks.5.attn.proj.bias is skipped since its requires_grad=False
2026/07/23 19:32:12 - mmengine - WARNING - backbone.wrapper.vit.blocks.5.ls1.gamma is skipped since its requires_grad=False
2026/07/23 19:32:12 - mmengine - WARNING - backbone.wrapper.vit.blocks.5.norm2.weight is skipped since its requires_grad=False
2026/07/23 19:32:12 - mmengine - WARNING - backbone.wrapper.vit.blocks.5.norm2.bias is skipped since its requires_grad=False
2026/07/23 19:32:12 - mmengine - WARNING - backbone.wrapper.vit.blocks.5.mlp.fc1.weight is skipped since its requires_grad=False
2026/07/23 19:32:12 - mmengine - WARNING - backbone.wrapper.vit.blocks.5.mlp.fc1.bias is skipped since its requires_grad=False
2026/07/23 19:32:12 - mmengine - WARNING - backbone.wrapper.vit.blocks.5.mlp.fc2.weight is skipped since its requires_grad=False
2026/07/23 19:32:12 - mmengine - WARNING - backbone.wrapper.vit.blocks.5.mlp.fc2.bias is skipped since its requires_grad=False
2026/07/23 19:32:12 - mmengine - WARNING - backbone.wrapper.vit.blocks.5.ls2.gamma is skipped since its requires_grad=False
2026/07/23 19:32:12 - mmengine - WARNING - backbone.wrapper.vit.blocks.6.norm1.weight is skipped since its requires_grad=False
2026/07/23 19:32:12 - mmengine - WARNING - backbone.wrapper.vit.blocks.6.norm1.bias is skipped since its requires_grad=False
2026/07/23 19:32:12 - mmengine - WARNING - backbone.wrapper.vit.blocks.6.attn.qkv.weight is skipped since its requires_grad=False
2026/07/23 19:32:12 - mmengine - WARNING - backbone.wrapper.vit.blocks.6.attn.qkv.bias is skipped since its requires_grad=False
2026/07/23 19:32:12 - mmengine - WARNING - backbone.wrapper.vit.blocks.6.attn.proj.weight is skipped since its requires_grad=False
2026/07/23 19:32:12 - mmengine - WARNING - backbone.wrapper.vit.blocks.6.attn.proj.bias is skipped since its requires_grad=False
2026/07/23 19:32:12 - mmengine - WARNING - backbone.wrapper.vit.blocks.6.ls1.gamma is skipped since its requires_grad=False
2026/07/23 19:32:12 - mmengine - WARNING - backbone.wrapper.vit.blocks.6.norm2.weight is skipped since its requires_grad=False
2026/07/23 19:32:12 - mmengine - WARNING - backbone.wrapper.vit.blocks.6.norm2.bias is skipped since its requires_grad=False
2026/07/23 19:32:12 - mmengine - WARNING - backbone.wrapper.vit.blocks.6.mlp.fc1.weight is skipped since its requires_grad=False
2026/07/23 19:32:12 - mmengine - WARNING - backbone.wrapper.vit.blocks.6.mlp.fc1.bias is skipped since its requires_grad=False
2026/07/23 19:32:12 - mmengine - WARNING - backbone.wrapper.vit.blocks.6.mlp.fc2.weight is skipped since its requires_grad=False
2026/07/23 19:32:12 - mmengine - WARNING - backbone.wrapper.vit.blocks.6.mlp.fc2.bias is skipped since its requires_grad=False
2026/07/23 19:32:12 - mmengine - WARNING - backbone.wrapper.vit.blocks.6.ls2.gamma is skipped since its requires_grad=False
2026/07/23 19:32:12 - mmengine - WARNING - backbone.wrapper.vit.blocks.7.norm1.weight is skipped since its requires_grad=False
2026/07/23 19:32:12 - mmengine - WARNING - backbone.wrapper.vit.blocks.7.norm1.bias is skipped since its requires_grad=False
2026/07/23 19:32:12 - mmengine - WARNING - backbone.wrapper.vit.blocks.7.attn.qkv.weight is skipped since its requires_grad=False
2026/07/23 19:32:12 - mmengine - WARNING - backbone.wrapper.vit.blocks.7.attn.qkv.bias is skipped since its requires_grad=False
2026/07/23 19:32:12 - mmengine - WARNING - backbone.wrapper.vit.blocks.7.attn.proj.weight is skipped since its requires_grad=False
2026/07/23 19:32:12 - mmengine - WARNING - backbone.wrapper.vit.blocks.7.attn.proj.bias is skipped since its requires_grad=False
2026/07/23 19:32:12 - mmengine - WARNING - backbone.wrapper.vit.blocks.7.ls1.gamma is skipped since its requires_grad=False
2026/07/23 19:32:12 - mmengine - WARNING - backbone.wrapper.vit.blocks.7.norm2.weight is skipped since its requires_grad=False
2026/07/23 19:32:12 - mmengine - WARNING - backbone.wrapper.vit.blocks.7.norm2.bias is skipped since its requires_grad=False
2026/07/23 19:32:12 - mmengine - WARNING - backbone.wrapper.vit.blocks.7.mlp.fc1.weight is skipped since its requires_grad=False
2026/07/23 19:32:12 - mmengine - WARNING - backbone.wrapper.vit.blocks.7.mlp.fc1.bias is skipped since its requires_grad=False
2026/07/23 19:32:12 - mmengine - WARNING - backbone.wrapper.vit.blocks.7.mlp.fc2.weight is skipped since its requires_grad=False
2026/07/23 19:32:12 - mmengine - WARNING - backbone.wrapper.vit.blocks.7.mlp.fc2.bias is skipped since its requires_grad=False
2026/07/23 19:32:12 - mmengine - WARNING - backbone.wrapper.vit.blocks.7.ls2.gamma is skipped since its requires_grad=False
2026/07/23 19:32:12 - mmengine - WARNING - backbone.wrapper.vit.blocks.8.norm1.weight is skipped since its requires_grad=False
2026/07/23 19:32:12 - mmengine - WARNING - backbone.wrapper.vit.blocks.8.norm1.bias is skipped since its requires_grad=False
2026/07/23 19:32:12 - mmengine - WARNING - backbone.wrapper.vit.blocks.8.attn.qkv.weight is skipped since its requires_grad=False
2026/07/23 19:32:12 - mmengine - WARNING - backbone.wrapper.vit.blocks.8.attn.qkv.bias is skipped since its requires_grad=False
2026/07/23 19:32:12 - mmengine - WARNING - backbone.wrapper.vit.blocks.8.attn.proj.weight is skipped since its requires_grad=False
2026/07/23 19:32:12 - mmengine - WARNING - backbone.wrapper.vit.blocks.8.attn.proj.bias is skipped since its requires_grad=False
2026/07/23 19:32:12 - mmengine - WARNING - backbone.wrapper.vit.blocks.8.ls1.gamma is skipped since its requires_grad=False
2026/07/23 19:32:12 - mmengine - WARNING - backbone.wrapper.vit.blocks.8.norm2.weight is skipped since its requires_grad=False
2026/07/23 19:32:12 - mmengine - WARNING - backbone.wrapper.vit.blocks.8.norm2.bias is skipped since its requires_grad=False
2026/07/23 19:32:12 - mmengine - WARNING - backbone.wrapper.vit.blocks.8.mlp.fc1.weight is skipped since its requires_grad=False
2026/07/23 19:32:12 - mmengine - WARNING - backbone.wrapper.vit.blocks.8.mlp.fc1.bias is skipped since its requires_grad=False
2026/07/23 19:32:12 - mmengine - WARNING - backbone.wrapper.vit.blocks.8.mlp.fc2.weight is skipped since its requires_grad=False
2026/07/23 19:32:12 - mmengine - WARNING - backbone.wrapper.vit.blocks.8.mlp.fc2.bias is skipped since its requires_grad=False
2026/07/23 19:32:12 - mmengine - WARNING - backbone.wrapper.vit.blocks.8.ls2.gamma is skipped since its requires_grad=False
2026/07/23 19:32:12 - mmengine - WARNING - backbone.wrapper.vit.blocks.9.norm1.weight is skipped since its requires_grad=False
2026/07/23 19:32:12 - mmengine - WARNING - backbone.wrapper.vit.blocks.9.norm1.bias is skipped since its requires_grad=False
2026/07/23 19:32:12 - mmengine - WARNING - backbone.wrapper.vit.blocks.9.attn.qkv.weight is skipped since its requires_grad=False
2026/07/23 19:32:12 - mmengine - WARNING - backbone.wrapper.vit.blocks.9.attn.qkv.bias is skipped since its requires_grad=False
2026/07/23 19:32:12 - mmengine - WARNING - backbone.wrapper.vit.blocks.9.attn.proj.weight is skipped since its requires_grad=False
2026/07/23 19:32:12 - mmengine - WARNING - backbone.wrapper.vit.blocks.9.attn.proj.bias is skipped since its requires_grad=False
2026/07/23 19:32:12 - mmengine - WARNING - backbone.wrapper.vit.blocks.9.ls1.gamma is skipped since its requires_grad=False
2026/07/23 19:32:12 - mmengine - WARNING - backbone.wrapper.vit.blocks.9.norm2.weight is skipped since its requires_grad=False
2026/07/23 19:32:12 - mmengine - WARNING - backbone.wrapper.vit.blocks.9.norm2.bias is skipped since its requires_grad=False
2026/07/23 19:32:12 - mmengine - WARNING - backbone.wrapper.vit.blocks.9.mlp.fc1.weight is skipped since its requires_grad=False
2026/07/23 19:32:12 - mmengine - WARNING - backbone.wrapper.vit.blocks.9.mlp.fc1.bias is skipped since its requires_grad=False
2026/07/23 19:32:12 - mmengine - WARNING - backbone.wrapper.vit.blocks.9.mlp.fc2.weight is skipped since its requires_grad=False
2026/07/23 19:32:12 - mmengine - WARNING - backbone.wrapper.vit.blocks.9.mlp.fc2.bias is skipped since its requires_grad=False
2026/07/23 19:32:12 - mmengine - WARNING - backbone.wrapper.vit.blocks.9.ls2.gamma is skipped since its requires_grad=False
2026/07/23 19:32:12 - mmengine - WARNING - backbone.wrapper.vit.blocks.10.norm1.weight is skipped since its requires_grad=False
2026/07/23 19:32:12 - mmengine - WARNING - backbone.wrapper.vit.blocks.10.norm1.bias is skipped since its requires_grad=False
2026/07/23 19:32:12 - mmengine - WARNING - backbone.wrapper.vit.blocks.10.attn.qkv.weight is skipped since its requires_grad=False
2026/07/23 19:32:12 - mmengine - WARNING - backbone.wrapper.vit.blocks.10.attn.qkv.bias is skipped since its requires_grad=False
2026/07/23 19:32:12 - mmengine - WARNING - backbone.wrapper.vit.blocks.10.attn.proj.weight is skipped since its requires_grad=False
2026/07/23 19:32:12 - mmengine - WARNING - backbone.wrapper.vit.blocks.10.attn.proj.bias is skipped since its requires_grad=False
2026/07/23 19:32:12 - mmengine - WARNING - backbone.wrapper.vit.blocks.10.ls1.gamma is skipped since its requires_grad=False
2026/07/23 19:32:12 - mmengine - WARNING - backbone.wrapper.vit.blocks.10.norm2.weight is skipped since its requires_grad=False
2026/07/23 19:32:12 - mmengine - WARNING - backbone.wrapper.vit.blocks.10.norm2.bias is skipped since its requires_grad=False
2026/07/23 19:32:12 - mmengine - WARNING - backbone.wrapper.vit.blocks.10.mlp.fc1.weight is skipped since its requires_grad=False
2026/07/23 19:32:12 - mmengine - WARNING - backbone.wrapper.vit.blocks.10.mlp.fc1.bias is skipped since its requires_grad=False
2026/07/23 19:32:12 - mmengine - WARNING - backbone.wrapper.vit.blocks.10.mlp.fc2.weight is skipped since its requires_grad=False
2026/07/23 19:32:12 - mmengine - WARNING - backbone.wrapper.vit.blocks.10.mlp.fc2.bias is skipped since its requires_grad=False
2026/07/23 19:32:12 - mmengine - WARNING - backbone.wrapper.vit.blocks.10.ls2.gamma is skipped since its requires_grad=False
2026/07/23 19:32:12 - mmengine - WARNING - backbone.wrapper.vit.blocks.11.norm1.weight is skipped since its requires_grad=False
2026/07/23 19:32:12 - mmengine - WARNING - backbone.wrapper.vit.blocks.11.norm1.bias is skipped since its requires_grad=False
2026/07/23 19:32:12 - mmengine - WARNING - backbone.wrapper.vit.blocks.11.attn.qkv.weight is skipped since its requires_grad=False
2026/07/23 19:32:12 - mmengine - WARNING - backbone.wrapper.vit.blocks.11.attn.qkv.bias is skipped since its requires_grad=False
2026/07/23 19:32:12 - mmengine - WARNING - backbone.wrapper.vit.blocks.11.attn.proj.weight is skipped since its requires_grad=False
2026/07/23 19:32:12 - mmengine - WARNING - backbone.wrapper.vit.blocks.11.attn.proj.bias is skipped since its requires_grad=False
2026/07/23 19:32:12 - mmengine - WARNING - backbone.wrapper.vit.blocks.11.ls1.gamma is skipped since its requires_grad=False
2026/07/23 19:32:12 - mmengine - WARNING - backbone.wrapper.vit.blocks.11.norm2.weight is skipped since its requires_grad=False
2026/07/23 19:32:12 - mmengine - WARNING - backbone.wrapper.vit.blocks.11.norm2.bias is skipped since its requires_grad=False
2026/07/23 19:32:12 - mmengine - WARNING - backbone.wrapper.vit.blocks.11.mlp.fc1.weight is skipped since its requires_grad=False
2026/07/23 19:32:12 - mmengine - WARNING - backbone.wrapper.vit.blocks.11.mlp.fc1.bias is skipped since its requires_grad=False
2026/07/23 19:32:12 - mmengine - WARNING - backbone.wrapper.vit.blocks.11.mlp.fc2.weight is skipped since its requires_grad=False
2026/07/23 19:32:12 - mmengine - WARNING - backbone.wrapper.vit.blocks.11.mlp.fc2.bias is skipped since its requires_grad=False
2026/07/23 19:32:12 - mmengine - WARNING - backbone.wrapper.vit.blocks.11.ls2.gamma is skipped since its requires_grad=False
2026/07/23 19:32:12 - mmengine - WARNING - backbone.wrapper.vit.blocks.12.norm1.weight is skipped since its requires_grad=False
2026/07/23 19:32:12 - mmengine - WARNING - backbone.wrapper.vit.blocks.12.norm1.bias is skipped since its requires_grad=False
2026/07/23 19:32:12 - mmengine - WARNING - backbone.wrapper.vit.blocks.12.attn.qkv.weight is skipped since its requires_grad=False
2026/07/23 19:32:12 - mmengine - WARNING - backbone.wrapper.vit.blocks.12.attn.qkv.bias is skipped since its requires_grad=False
2026/07/23 19:32:12 - mmengine - WARNING - backbone.wrapper.vit.blocks.12.attn.proj.weight is skipped since its requires_grad=False
2026/07/23 19:32:12 - mmengine - WARNING - backbone.wrapper.vit.blocks.12.attn.proj.bias is skipped since its requires_grad=False
2026/07/23 19:32:12 - mmengine - WARNING - backbone.wrapper.vit.blocks.12.ls1.gamma is skipped since its requires_grad=False
2026/07/23 19:32:12 - mmengine - WARNING - backbone.wrapper.vit.blocks.12.norm2.weight is skipped since its requires_grad=False
2026/07/23 19:32:12 - mmengine - WARNING - backbone.wrapper.vit.blocks.12.norm2.bias is skipped since its requires_grad=False
2026/07/23 19:32:12 - mmengine - WARNING - backbone.wrapper.vit.blocks.12.mlp.fc1.weight is skipped since its requires_grad=False
2026/07/23 19:32:12 - mmengine - WARNING - backbone.wrapper.vit.blocks.12.mlp.fc1.bias is skipped since its requires_grad=False
2026/07/23 19:32:12 - mmengine - WARNING - backbone.wrapper.vit.blocks.12.mlp.fc2.weight is skipped since its requires_grad=False
2026/07/23 19:32:12 - mmengine - WARNING - backbone.wrapper.vit.blocks.12.mlp.fc2.bias is skipped since its requires_grad=False
2026/07/23 19:32:12 - mmengine - WARNING - backbone.wrapper.vit.blocks.12.ls2.gamma is skipped since its requires_grad=False
2026/07/23 19:32:12 - mmengine - WARNING - backbone.wrapper.vit.blocks.13.norm1.weight is skipped since its requires_grad=False
2026/07/23 19:32:12 - mmengine - WARNING - backbone.wrapper.vit.blocks.13.norm1.bias is skipped since its requires_grad=False
2026/07/23 19:32:12 - mmengine - WARNING - backbone.wrapper.vit.blocks.13.attn.qkv.weight is skipped since its requires_grad=False
2026/07/23 19:32:12 - mmengine - WARNING - backbone.wrapper.vit.blocks.13.attn.qkv.bias is skipped since its requires_grad=False
2026/07/23 19:32:12 - mmengine - WARNING - backbone.wrapper.vit.blocks.13.attn.proj.weight is skipped since its requires_grad=False
2026/07/23 19:32:12 - mmengine - WARNING - backbone.wrapper.vit.blocks.13.attn.proj.bias is skipped since its requires_grad=False
2026/07/23 19:32:12 - mmengine - WARNING - backbone.wrapper.vit.blocks.13.ls1.gamma is skipped since its requires_grad=False
2026/07/23 19:32:12 - mmengine - WARNING - backbone.wrapper.vit.blocks.13.norm2.weight is skipped since its requires_grad=False
2026/07/23 19:32:12 - mmengine - WARNING - backbone.wrapper.vit.blocks.13.norm2.bias is skipped since its requires_grad=False
2026/07/23 19:32:12 - mmengine - WARNING - backbone.wrapper.vit.blocks.13.mlp.fc1.weight is skipped since its requires_grad=False
2026/07/23 19:32:12 - mmengine - WARNING - backbone.wrapper.vit.blocks.13.mlp.fc1.bias is skipped since its requires_grad=False
2026/07/23 19:32:12 - mmengine - WARNING - backbone.wrapper.vit.blocks.13.mlp.fc2.weight is skipped since its requires_grad=False
2026/07/23 19:32:12 - mmengine - WARNING - backbone.wrapper.vit.blocks.13.mlp.fc2.bias is skipped since its requires_grad=False
2026/07/23 19:32:12 - mmengine - WARNING - backbone.wrapper.vit.blocks.13.ls2.gamma is skipped since its requires_grad=False
2026/07/23 19:32:12 - mmengine - WARNING - backbone.wrapper.vit.blocks.14.norm1.weight is skipped since its requires_grad=False
2026/07/23 19:32:12 - mmengine - WARNING - backbone.wrapper.vit.blocks.14.norm1.bias is skipped since its requires_grad=False
2026/07/23 19:32:12 - mmengine - WARNING - backbone.wrapper.vit.blocks.14.attn.qkv.weight is skipped since its requires_grad=False
2026/07/23 19:32:12 - mmengine - WARNING - backbone.wrapper.vit.blocks.14.attn.qkv.bias is skipped since its requires_grad=False
2026/07/23 19:32:12 - mmengine - WARNING - backbone.wrapper.vit.blocks.14.attn.proj.weight is skipped since its requires_grad=False
2026/07/23 19:32:12 - mmengine - WARNING - backbone.wrapper.vit.blocks.14.attn.proj.bias is skipped since its requires_grad=False
2026/07/23 19:32:12 - mmengine - WARNING - backbone.wrapper.vit.blocks.14.ls1.gamma is skipped since its requires_grad=False
2026/07/23 19:32:12 - mmengine - WARNING - backbone.wrapper.vit.blocks.14.norm2.weight is skipped since its requires_grad=False
2026/07/23 19:32:12 - mmengine - WARNING - backbone.wrapper.vit.blocks.14.norm2.bias is skipped since its requires_grad=False
2026/07/23 19:32:12 - mmengine - WARNING - backbone.wrapper.vit.blocks.14.mlp.fc1.weight is skipped since its requires_grad=False
2026/07/23 19:32:12 - mmengine - WARNING - backbone.wrapper.vit.blocks.14.mlp.fc1.bias is skipped since its requires_grad=False
2026/07/23 19:32:12 - mmengine - WARNING - backbone.wrapper.vit.blocks.14.mlp.fc2.weight is skipped since its requires_grad=False
2026/07/23 19:32:12 - mmengine - WARNING - backbone.wrapper.vit.blocks.14.mlp.fc2.bias is skipped since its requires_grad=False
2026/07/23 19:32:12 - mmengine - WARNING - backbone.wrapper.vit.blocks.14.ls2.gamma is skipped since its requires_grad=False
2026/07/23 19:32:12 - mmengine - WARNING - backbone.wrapper.vit.blocks.15.norm1.weight is skipped since its requires_grad=False
2026/07/23 19:32:12 - mmengine - WARNING - backbone.wrapper.vit.blocks.15.norm1.bias is skipped since its requires_grad=False
2026/07/23 19:32:12 - mmengine - WARNING - backbone.wrapper.vit.blocks.15.attn.qkv.weight is skipped since its requires_grad=False
2026/07/23 19:32:12 - mmengine - WARNING - backbone.wrapper.vit.blocks.15.attn.qkv.bias is skipped since its requires_grad=False
2026/07/23 19:32:12 - mmengine - WARNING - backbone.wrapper.vit.blocks.15.attn.proj.weight is skipped since its requires_grad=False
2026/07/23 19:32:12 - mmengine - WARNING - backbone.wrapper.vit.blocks.15.attn.proj.bias is skipped since its requires_grad=False
2026/07/23 19:32:12 - mmengine - WARNING - backbone.wrapper.vit.blocks.15.ls1.gamma is skipped since its requires_grad=False
2026/07/23 19:32:12 - mmengine - WARNING - backbone.wrapper.vit.blocks.15.norm2.weight is skipped since its requires_grad=False
2026/07/23 19:32:12 - mmengine - WARNING - backbone.wrapper.vit.blocks.15.norm2.bias is skipped since its requires_grad=False
2026/07/23 19:32:12 - mmengine - WARNING - backbone.wrapper.vit.blocks.15.mlp.fc1.weight is skipped since its requires_grad=False
2026/07/23 19:32:12 - mmengine - WARNING - backbone.wrapper.vit.blocks.15.mlp.fc1.bias is skipped since its requires_grad=False
2026/07/23 19:32:12 - mmengine - WARNING - backbone.wrapper.vit.blocks.15.mlp.fc2.weight is skipped since its requires_grad=False
2026/07/23 19:32:12 - mmengine - WARNING - backbone.wrapper.vit.blocks.15.mlp.fc2.bias is skipped since its requires_grad=False
2026/07/23 19:32:12 - mmengine - WARNING - backbone.wrapper.vit.blocks.15.ls2.gamma is skipped since its requires_grad=False
2026/07/23 19:32:12 - mmengine - WARNING - backbone.wrapper.vit.blocks.16.norm1.weight is skipped since its requires_grad=False
2026/07/23 19:32:12 - mmengine - WARNING - backbone.wrapper.vit.blocks.16.norm1.bias is skipped since its requires_grad=False
2026/07/23 19:32:12 - mmengine - WARNING - backbone.wrapper.vit.blocks.16.attn.qkv.weight is skipped since its requires_grad=False
2026/07/23 19:32:12 - mmengine - WARNING - backbone.wrapper.vit.blocks.16.attn.qkv.bias is skipped since its requires_grad=False
2026/07/23 19:32:12 - mmengine - WARNING - backbone.wrapper.vit.blocks.16.attn.proj.weight is skipped since its requires_grad=False
2026/07/23 19:32:12 - mmengine - WARNING - backbone.wrapper.vit.blocks.16.attn.proj.bias is skipped since its requires_grad=False
2026/07/23 19:32:12 - mmengine - WARNING - backbone.wrapper.vit.blocks.16.ls1.gamma is skipped since its requires_grad=False
2026/07/23 19:32:12 - mmengine - WARNING - backbone.wrapper.vit.blocks.16.norm2.weight is skipped since its requires_grad=False
2026/07/23 19:32:12 - mmengine - WARNING - backbone.wrapper.vit.blocks.16.norm2.bias is skipped since its requires_grad=False
2026/07/23 19:32:12 - mmengine - WARNING - backbone.wrapper.vit.blocks.16.mlp.fc1.weight is skipped since its requires_grad=False
2026/07/23 19:32:12 - mmengine - WARNING - backbone.wrapper.vit.blocks.16.mlp.fc1.bias is skipped since its requires_grad=False
2026/07/23 19:32:12 - mmengine - WARNING - backbone.wrapper.vit.blocks.16.mlp.fc2.weight is skipped since its requires_grad=False
2026/07/23 19:32:12 - mmengine - WARNING - backbone.wrapper.vit.blocks.16.mlp.fc2.bias is skipped since its requires_grad=False
2026/07/23 19:32:12 - mmengine - WARNING - backbone.wrapper.vit.blocks.16.ls2.gamma is skipped since its requires_grad=False
2026/07/23 19:32:12 - mmengine - WARNING - backbone.wrapper.vit.blocks.17.norm1.weight is skipped since its requires_grad=False
2026/07/23 19:32:12 - mmengine - WARNING - backbone.wrapper.vit.blocks.17.norm1.bias is skipped since its requires_grad=False
2026/07/23 19:32:12 - mmengine - WARNING - backbone.wrapper.vit.blocks.17.attn.qkv.weight is skipped since its requires_grad=False
2026/07/23 19:32:12 - mmengine - WARNING - backbone.wrapper.vit.blocks.17.attn.qkv.bias is skipped since its requires_grad=False
2026/07/23 19:32:12 - mmengine - WARNING - backbone.wrapper.vit.blocks.17.attn.proj.weight is skipped since its requires_grad=False
2026/07/23 19:32:12 - mmengine - WARNING - backbone.wrapper.vit.blocks.17.attn.proj.bias is skipped since its requires_grad=False
2026/07/23 19:32:12 - mmengine - WARNING - backbone.wrapper.vit.blocks.17.ls1.gamma is skipped since its requires_grad=False
2026/07/23 19:32:12 - mmengine - WARNING - backbone.wrapper.vit.blocks.17.norm2.weight is skipped since its requires_grad=False
2026/07/23 19:32:12 - mmengine - WARNING - backbone.wrapper.vit.blocks.17.norm2.bias is skipped since its requires_grad=False
2026/07/23 19:32:12 - mmengine - WARNING - backbone.wrapper.vit.blocks.17.mlp.fc1.weight is skipped since its requires_grad=False
2026/07/23 19:32:12 - mmengine - WARNING - backbone.wrapper.vit.blocks.17.mlp.fc1.bias is skipped since its requires_grad=False
2026/07/23 19:32:12 - mmengine - WARNING - backbone.wrapper.vit.blocks.17.mlp.fc2.weight is skipped since its requires_grad=False
2026/07/23 19:32:12 - mmengine - WARNING - backbone.wrapper.vit.blocks.17.mlp.fc2.bias is skipped since its requires_grad=False
2026/07/23 19:32:12 - mmengine - WARNING - backbone.wrapper.vit.blocks.17.ls2.gamma is skipped since its requires_grad=False
2026/07/23 19:32:12 - mmengine - WARNING - backbone.wrapper.vit.blocks.18.norm1.weight is skipped since its requires_grad=False
2026/07/23 19:32:12 - mmengine - WARNING - backbone.wrapper.vit.blocks.18.norm1.bias is skipped since its requires_grad=False
2026/07/23 19:32:12 - mmengine - WARNING - backbone.wrapper.vit.blocks.18.attn.qkv.weight is skipped since its requires_grad=False
2026/07/23 19:32:12 - mmengine - WARNING - backbone.wrapper.vit.blocks.18.attn.qkv.bias is skipped since its requires_grad=False
2026/07/23 19:32:12 - mmengine - WARNING - backbone.wrapper.vit.blocks.18.attn.proj.weight is skipped since its requires_grad=False
2026/07/23 19:32:12 - mmengine - WARNING - backbone.wrapper.vit.blocks.18.attn.proj.bias is skipped since its requires_grad=False
2026/07/23 19:32:12 - mmengine - WARNING - backbone.wrapper.vit.blocks.18.ls1.gamma is skipped since its requires_grad=False
2026/07/23 19:32:12 - mmengine - WARNING - backbone.wrapper.vit.blocks.18.norm2.weight is skipped since its requires_grad=False
2026/07/23 19:32:12 - mmengine - WARNING - backbone.wrapper.vit.blocks.18.norm2.bias is skipped since its requires_grad=False
2026/07/23 19:32:12 - mmengine - WARNING - backbone.wrapper.vit.blocks.18.mlp.fc1.weight is skipped since its requires_grad=False
2026/07/23 19:32:12 - mmengine - WARNING - backbone.wrapper.vit.blocks.18.mlp.fc1.bias is skipped since its requires_grad=False
2026/07/23 19:32:12 - mmengine - WARNING - backbone.wrapper.vit.blocks.18.mlp.fc2.weight is skipped since its requires_grad=False
2026/07/23 19:32:12 - mmengine - WARNING - backbone.wrapper.vit.blocks.18.mlp.fc2.bias is skipped since its requires_grad=False
2026/07/23 19:32:12 - mmengine - WARNING - backbone.wrapper.vit.blocks.18.ls2.gamma is skipped since its requires_grad=False
2026/07/23 19:32:12 - mmengine - WARNING - backbone.wrapper.vit.blocks.19.norm1.weight is skipped since its requires_grad=False
2026/07/23 19:32:12 - mmengine - WARNING - backbone.wrapper.vit.blocks.19.norm1.bias is skipped since its requires_grad=False
2026/07/23 19:32:12 - mmengine - WARNING - backbone.wrapper.vit.blocks.19.attn.qkv.weight is skipped since its requires_grad=False
2026/07/23 19:32:12 - mmengine - WARNING - backbone.wrapper.vit.blocks.19.attn.qkv.bias is skipped since its requires_grad=False
2026/07/23 19:32:12 - mmengine - WARNING - backbone.wrapper.vit.blocks.19.attn.proj.weight is skipped since its requires_grad=False
2026/07/23 19:32:12 - mmengine - WARNING - backbone.wrapper.vit.blocks.19.attn.proj.bias is skipped since its requires_grad=False
2026/07/23 19:32:12 - mmengine - WARNING - backbone.wrapper.vit.blocks.19.ls1.gamma is skipped since its requires_grad=False
2026/07/23 19:32:12 - mmengine - WARNING - backbone.wrapper.vit.blocks.19.norm2.weight is skipped since its requires_grad=False
2026/07/23 19:32:12 - mmengine - WARNING - backbone.wrapper.vit.blocks.19.norm2.bias is skipped since its requires_grad=False
2026/07/23 19:32:12 - mmengine - WARNING - backbone.wrapper.vit.blocks.19.mlp.fc1.weight is skipped since its requires_grad=False
2026/07/23 19:32:12 - mmengine - WARNING - backbone.wrapper.vit.blocks.19.mlp.fc1.bias is skipped since its requires_grad=False
2026/07/23 19:32:12 - mmengine - WARNING - backbone.wrapper.vit.blocks.19.mlp.fc2.weight is skipped since its requires_grad=False
2026/07/23 19:32:12 - mmengine - WARNING - backbone.wrapper.vit.blocks.19.mlp.fc2.bias is skipped since its requires_grad=False
2026/07/23 19:32:12 - mmengine - WARNING - backbone.wrapper.vit.blocks.19.ls2.gamma is skipped since its requires_grad=False
2026/07/23 19:32:12 - mmengine - WARNING - backbone.wrapper.vit.blocks.20.norm1.weight is skipped since its requires_grad=False
2026/07/23 19:32:12 - mmengine - WARNING - backbone.wrapper.vit.blocks.20.norm1.bias is skipped since its requires_grad=False
2026/07/23 19:32:12 - mmengine - WARNING - backbone.wrapper.vit.blocks.20.attn.qkv.weight is skipped since its requires_grad=False
2026/07/23 19:32:12 - mmengine - WARNING - backbone.wrapper.vit.blocks.20.attn.qkv.bias is skipped since its requires_grad=False
2026/07/23 19:32:12 - mmengine - WARNING - backbone.wrapper.vit.blocks.20.attn.proj.weight is skipped since its requires_grad=False
2026/07/23 19:32:12 - mmengine - WARNING - backbone.wrapper.vit.blocks.20.attn.proj.bias is skipped since its requires_grad=False
2026/07/23 19:32:12 - mmengine - WARNING - backbone.wrapper.vit.blocks.20.ls1.gamma is skipped since its requires_grad=False
2026/07/23 19:32:12 - mmengine - WARNING - backbone.wrapper.vit.blocks.20.norm2.weight is skipped since its requires_grad=False
2026/07/23 19:32:12 - mmengine - WARNING - backbone.wrapper.vit.blocks.20.norm2.bias is skipped since its requires_grad=False
2026/07/23 19:32:12 - mmengine - WARNING - backbone.wrapper.vit.blocks.20.mlp.fc1.weight is skipped since its requires_grad=False
2026/07/23 19:32:12 - mmengine - WARNING - backbone.wrapper.vit.blocks.20.mlp.fc1.bias is skipped since its requires_grad=False
2026/07/23 19:32:12 - mmengine - WARNING - backbone.wrapper.vit.blocks.20.mlp.fc2.weight is skipped since its requires_grad=False
2026/07/23 19:32:12 - mmengine - WARNING - backbone.wrapper.vit.blocks.20.mlp.fc2.bias is skipped since its requires_grad=False
2026/07/23 19:32:12 - mmengine - WARNING - backbone.wrapper.vit.blocks.20.ls2.gamma is skipped since its requires_grad=False
2026/07/23 19:32:12 - mmengine - WARNING - backbone.wrapper.vit.blocks.21.norm1.weight is skipped since its requires_grad=False
2026/07/23 19:32:12 - mmengine - WARNING - backbone.wrapper.vit.blocks.21.norm1.bias is skipped since its requires_grad=False
2026/07/23 19:32:12 - mmengine - WARNING - backbone.wrapper.vit.blocks.21.attn.qkv.weight is skipped since its requires_grad=False
2026/07/23 19:32:12 - mmengine - WARNING - backbone.wrapper.vit.blocks.21.attn.qkv.bias is skipped since its requires_grad=False
2026/07/23 19:32:12 - mmengine - WARNING - backbone.wrapper.vit.blocks.21.attn.proj.weight is skipped since its requires_grad=False
2026/07/23 19:32:12 - mmengine - WARNING - backbone.wrapper.vit.blocks.21.attn.proj.bias is skipped since its requires_grad=False
2026/07/23 19:32:12 - mmengine - WARNING - backbone.wrapper.vit.blocks.21.ls1.gamma is skipped since its requires_grad=False
2026/07/23 19:32:12 - mmengine - WARNING - backbone.wrapper.vit.blocks.21.norm2.weight is skipped since its requires_grad=False
2026/07/23 19:32:12 - mmengine - WARNING - backbone.wrapper.vit.blocks.21.norm2.bias is skipped since its requires_grad=False
2026/07/23 19:32:12 - mmengine - WARNING - backbone.wrapper.vit.blocks.21.mlp.fc1.weight is skipped since its requires_grad=False
2026/07/23 19:32:12 - mmengine - WARNING - backbone.wrapper.vit.blocks.21.mlp.fc1.bias is skipped since its requires_grad=False
2026/07/23 19:32:12 - mmengine - WARNING - backbone.wrapper.vit.blocks.21.mlp.fc2.weight is skipped since its requires_grad=False
2026/07/23 19:32:12 - mmengine - WARNING - backbone.wrapper.vit.blocks.21.mlp.fc2.bias is skipped since its requires_grad=False
2026/07/23 19:32:12 - mmengine - WARNING - backbone.wrapper.vit.blocks.21.ls2.gamma is skipped since its requires_grad=False
2026/07/23 19:32:12 - mmengine - WARNING - backbone.wrapper.vit.blocks.22.norm1.weight is skipped since its requires_grad=False
2026/07/23 19:32:12 - mmengine - WARNING - backbone.wrapper.vit.blocks.22.norm1.bias is skipped since its requires_grad=False
2026/07/23 19:32:12 - mmengine - WARNING - backbone.wrapper.vit.blocks.22.attn.qkv.weight is skipped since its requires_grad=False
2026/07/23 19:32:12 - mmengine - WARNING - backbone.wrapper.vit.blocks.22.attn.qkv.bias is skipped since its requires_grad=False
2026/07/23 19:32:12 - mmengine - WARNING - backbone.wrapper.vit.blocks.22.attn.proj.weight is skipped since its requires_grad=False
2026/07/23 19:32:12 - mmengine - WARNING - backbone.wrapper.vit.blocks.22.attn.proj.bias is skipped since its requires_grad=False
2026/07/23 19:32:12 - mmengine - WARNING - backbone.wrapper.vit.blocks.22.ls1.gamma is skipped since its requires_grad=False
2026/07/23 19:32:12 - mmengine - WARNING - backbone.wrapper.vit.blocks.22.norm2.weight is skipped since its requires_grad=False
2026/07/23 19:32:12 - mmengine - WARNING - backbone.wrapper.vit.blocks.22.norm2.bias is skipped since its requires_grad=False
2026/07/23 19:32:12 - mmengine - WARNING - backbone.wrapper.vit.blocks.22.mlp.fc1.weight is skipped since its requires_grad=False
2026/07/23 19:32:12 - mmengine - WARNING - backbone.wrapper.vit.blocks.22.mlp.fc1.bias is skipped since its requires_grad=False
2026/07/23 19:32:12 - mmengine - WARNING - backbone.wrapper.vit.blocks.22.mlp.fc2.weight is skipped since its requires_grad=False
2026/07/23 19:32:12 - mmengine - WARNING - backbone.wrapper.vit.blocks.22.mlp.fc2.bias is skipped since its requires_grad=False
2026/07/23 19:32:12 - mmengine - WARNING - backbone.wrapper.vit.blocks.22.ls2.gamma is skipped since its requires_grad=False
2026/07/23 19:32:12 - mmengine - WARNING - backbone.wrapper.vit.blocks.23.norm1.weight is skipped since its requires_grad=False
2026/07/23 19:32:12 - mmengine - WARNING - backbone.wrapper.vit.blocks.23.norm1.bias is skipped since its requires_grad=False
2026/07/23 19:32:12 - mmengine - WARNING - backbone.wrapper.vit.blocks.23.attn.qkv.weight is skipped since its requires_grad=False
2026/07/23 19:32:12 - mmengine - WARNING - backbone.wrapper.vit.blocks.23.attn.qkv.bias is skipped since its requires_grad=False
2026/07/23 19:32:12 - mmengine - WARNING - backbone.wrapper.vit.blocks.23.attn.proj.weight is skipped since its requires_grad=False
2026/07/23 19:32:12 - mmengine - WARNING - backbone.wrapper.vit.blocks.23.attn.proj.bias is skipped since its requires_grad=False
2026/07/23 19:32:12 - mmengine - WARNING - backbone.wrapper.vit.blocks.23.ls1.gamma is skipped since its requires_grad=False
2026/07/23 19:32:12 - mmengine - WARNING - backbone.wrapper.vit.blocks.23.norm2.weight is skipped since its requires_grad=False
2026/07/23 19:32:12 - mmengine - WARNING - backbone.wrapper.vit.blocks.23.norm2.bias is skipped since its requires_grad=False
2026/07/23 19:32:12 - mmengine - WARNING - backbone.wrapper.vit.blocks.23.mlp.fc1.weight is skipped since its requires_grad=False
2026/07/23 19:32:12 - mmengine - WARNING - backbone.wrapper.vit.blocks.23.mlp.fc1.bias is skipped since its requires_grad=False
2026/07/23 19:32:12 - mmengine - WARNING - backbone.wrapper.vit.blocks.23.mlp.fc2.weight is skipped since its requires_grad=False
2026/07/23 19:32:12 - mmengine - WARNING - backbone.wrapper.vit.blocks.23.mlp.fc2.bias is skipped since its requires_grad=False
2026/07/23 19:32:12 - mmengine - WARNING - backbone.wrapper.vit.blocks.23.ls2.gamma is skipped since its requires_grad=False
2026/07/23 19:32:12 - mmengine - WARNING - backbone.wrapper.vit.norm.weight is skipped since its requires_grad=False
2026/07/23 19:32:12 - mmengine - WARNING - backbone.wrapper.vit.norm.bias is skipped since its requires_grad=False
2026/07/23 19:32:12 - mmengine - WARNING - backbone.wrapper.fusion.mask_token is skipped since its requires_grad=False
2026/07/23 19:32:12 - mmengine - WARNING - backbone.wrapper.fusion.fusion_mask_token is skipped since its requires_grad=False
2026/07/23 19:32:12 - mmengine - WARNING - backbone.wrapper.fusion.cross_scale is skipped since its requires_grad=False
2026/07/23 19:32:12 - mmengine - WARNING - backbone.wrapper.fusion.blocks.0.self_attn.create_qkv.weight is skipped since its requires_grad=False
2026/07/23 19:32:12 - mmengine - WARNING - backbone.wrapper.fusion.blocks.0.self_attn.out.weight is skipped since its requires_grad=False
2026/07/23 19:32:12 - mmengine - WARNING - backbone.wrapper.fusion.blocks.0.self_attn.out.bias is skipped since its requires_grad=False
2026/07/23 19:32:12 - mmengine - WARNING - backbone.wrapper.fusion.blocks.0.self_attn.norm.weight is skipped since its requires_grad=False
2026/07/23 19:32:12 - mmengine - WARNING - backbone.wrapper.fusion.blocks.0.self_attn.norm.bias is skipped since its requires_grad=False
2026/07/23 19:32:12 - mmengine - WARNING - backbone.wrapper.fusion.blocks.0.cross_attn.create_q.weight is skipped since its requires_grad=False
2026/07/23 19:32:12 - mmengine - WARNING - backbone.wrapper.fusion.blocks.0.cross_attn.create_k.weight is skipped since its requires_grad=False
2026/07/23 19:32:12 - mmengine - WARNING - backbone.wrapper.fusion.blocks.0.cross_attn.create_v.weight is skipped since its requires_grad=False
2026/07/23 19:32:12 - mmengine - WARNING - backbone.wrapper.fusion.blocks.0.cross_attn.to_out.weight is skipped since its requires_grad=False
2026/07/23 19:32:12 - mmengine - WARNING - backbone.wrapper.fusion.blocks.0.cross_attn.to_out.bias is skipped since its requires_grad=False
2026/07/23 19:32:12 - mmengine - WARNING - backbone.wrapper.fusion.blocks.0.cross_attn.norm_x.weight is skipped since its requires_grad=False
2026/07/23 19:32:12 - mmengine - WARNING - backbone.wrapper.fusion.blocks.0.cross_attn.norm_x.bias is skipped since its requires_grad=False
2026/07/23 19:32:12 - mmengine - WARNING - backbone.wrapper.fusion.blocks.0.cross_attn.norm_context.weight is skipped since its requires_grad=False
2026/07/23 19:32:12 - mmengine - WARNING - backbone.wrapper.fusion.blocks.0.cross_attn.norm_context.bias is skipped since its requires_grad=False
2026/07/23 19:32:12 - mmengine - WARNING - backbone.wrapper.fusion.blocks.0.ffn.net.0.weight is skipped since its requires_grad=False
2026/07/23 19:32:12 - mmengine - WARNING - backbone.wrapper.fusion.blocks.0.ffn.net.0.bias is skipped since its requires_grad=False
2026/07/23 19:32:12 - mmengine - WARNING - backbone.wrapper.fusion.blocks.0.ffn.net.3.weight is skipped since its requires_grad=False
2026/07/23 19:32:12 - mmengine - WARNING - backbone.wrapper.fusion.blocks.0.ffn.net.3.bias is skipped since its requires_grad=False
2026/07/23 19:32:12 - mmengine - WARNING - backbone.wrapper.fusion.blocks.0.ffn.input_norm.weight is skipped since its requires_grad=False
2026/07/23 19:32:12 - mmengine - WARNING - backbone.wrapper.fusion.blocks.0.ffn.input_norm.bias is skipped since its requires_grad=False
2026/07/23 19:32:12 - mmengine - WARNING - backbone.wrapper.fusion.blocks.1.self_attn.create_qkv.weight is skipped since its requires_grad=False
2026/07/23 19:32:12 - mmengine - WARNING - backbone.wrapper.fusion.blocks.1.self_attn.out.weight is skipped since its requires_grad=False
2026/07/23 19:32:12 - mmengine - WARNING - backbone.wrapper.fusion.blocks.1.self_attn.out.bias is skipped since its requires_grad=False
2026/07/23 19:32:12 - mmengine - WARNING - backbone.wrapper.fusion.blocks.1.self_attn.norm.weight is skipped since its requires_grad=False
2026/07/23 19:32:12 - mmengine - WARNING - backbone.wrapper.fusion.blocks.1.self_attn.norm.bias is skipped since its requires_grad=False
2026/07/23 19:32:12 - mmengine - WARNING - backbone.wrapper.fusion.blocks.1.cross_attn.create_q.weight is skipped since its requires_grad=False
2026/07/23 19:32:12 - mmengine - WARNING - backbone.wrapper.fusion.blocks.1.cross_attn.create_k.weight is skipped since its requires_grad=False
2026/07/23 19:32:12 - mmengine - WARNING - backbone.wrapper.fusion.blocks.1.cross_attn.create_v.weight is skipped since its requires_grad=False
2026/07/23 19:32:12 - mmengine - WARNING - backbone.wrapper.fusion.blocks.1.cross_attn.to_out.weight is skipped since its requires_grad=False
2026/07/23 19:32:12 - mmengine - WARNING - backbone.wrapper.fusion.blocks.1.cross_attn.to_out.bias is skipped since its requires_grad=False
2026/07/23 19:32:12 - mmengine - WARNING - backbone.wrapper.fusion.blocks.1.cross_attn.norm_x.weight is skipped since its requires_grad=False
2026/07/23 19:32:12 - mmengine - WARNING - backbone.wrapper.fusion.blocks.1.cross_attn.norm_x.bias is skipped since its requires_grad=False
2026/07/23 19:32:12 - mmengine - WARNING - backbone.wrapper.fusion.blocks.1.cross_attn.norm_context.weight is skipped since its requires_grad=False
2026/07/23 19:32:12 - mmengine - WARNING - backbone.wrapper.fusion.blocks.1.cross_attn.norm_context.bias is skipped since its requires_grad=False
2026/07/23 19:32:12 - mmengine - WARNING - backbone.wrapper.fusion.blocks.1.ffn.net.0.weight is skipped since its requires_grad=False
2026/07/23 19:32:12 - mmengine - WARNING - backbone.wrapper.fusion.blocks.1.ffn.net.0.bias is skipped since its requires_grad=False
2026/07/23 19:32:12 - mmengine - WARNING - backbone.wrapper.fusion.blocks.1.ffn.net.3.weight is skipped since its requires_grad=False
2026/07/23 19:32:12 - mmengine - WARNING - backbone.wrapper.fusion.blocks.1.ffn.net.3.bias is skipped since its requires_grad=False
2026/07/23 19:32:12 - mmengine - WARNING - backbone.wrapper.fusion.blocks.1.ffn.input_norm.weight is skipped since its requires_grad=False
2026/07/23 19:32:12 - mmengine - WARNING - backbone.wrapper.fusion.blocks.1.ffn.input_norm.bias is skipped since its requires_grad=False
2026/07/23 19:32:12 - mmengine - WARNING - backbone.wrapper.fusion.blocks.2.self_attn.create_qkv.weight is skipped since its requires_grad=False
2026/07/23 19:32:12 - mmengine - WARNING - backbone.wrapper.fusion.blocks.2.self_attn.out.weight is skipped since its requires_grad=False
2026/07/23 19:32:12 - mmengine - WARNING - backbone.wrapper.fusion.blocks.2.self_attn.out.bias is skipped since its requires_grad=False
2026/07/23 19:32:12 - mmengine - WARNING - backbone.wrapper.fusion.blocks.2.self_attn.norm.weight is skipped since its requires_grad=False
2026/07/23 19:32:12 - mmengine - WARNING - backbone.wrapper.fusion.blocks.2.self_attn.norm.bias is skipped since its requires_grad=False
2026/07/23 19:32:12 - mmengine - WARNING - backbone.wrapper.fusion.blocks.2.cross_attn.create_q.weight is skipped since its requires_grad=False
2026/07/23 19:32:12 - mmengine - WARNING - backbone.wrapper.fusion.blocks.2.cross_attn.create_k.weight is skipped since its requires_grad=False
2026/07/23 19:32:12 - mmengine - WARNING - backbone.wrapper.fusion.blocks.2.cross_attn.create_v.weight is skipped since its requires_grad=False
2026/07/23 19:32:12 - mmengine - WARNING - backbone.wrapper.fusion.blocks.2.cross_attn.to_out.weight is skipped since its requires_grad=False
2026/07/23 19:32:12 - mmengine - WARNING - backbone.wrapper.fusion.blocks.2.cross_attn.to_out.bias is skipped since its requires_grad=False
2026/07/23 19:32:12 - mmengine - WARNING - backbone.wrapper.fusion.blocks.2.cross_attn.norm_x.weight is skipped since its requires_grad=False
2026/07/23 19:32:12 - mmengine - WARNING - backbone.wrapper.fusion.blocks.2.cross_attn.norm_x.bias is skipped since its requires_grad=False
2026/07/23 19:32:12 - mmengine - WARNING - backbone.wrapper.fusion.blocks.2.cross_attn.norm_context.weight is skipped since its requires_grad=False
2026/07/23 19:32:12 - mmengine - WARNING - backbone.wrapper.fusion.blocks.2.cross_attn.norm_context.bias is skipped since its requires_grad=False
2026/07/23 19:32:12 - mmengine - WARNING - backbone.wrapper.fusion.blocks.2.ffn.net.0.weight is skipped since its requires_grad=False
2026/07/23 19:32:12 - mmengine - WARNING - backbone.wrapper.fusion.blocks.2.ffn.net.0.bias is skipped since its requires_grad=False
2026/07/23 19:32:12 - mmengine - WARNING - backbone.wrapper.fusion.blocks.2.ffn.net.3.weight is skipped since its requires_grad=False
2026/07/23 19:32:12 - mmengine - WARNING - backbone.wrapper.fusion.blocks.2.ffn.net.3.bias is skipped since its requires_grad=False
2026/07/23 19:32:12 - mmengine - WARNING - backbone.wrapper.fusion.blocks.2.ffn.input_norm.weight is skipped since its requires_grad=False
2026/07/23 19:32:12 - mmengine - WARNING - backbone.wrapper.fusion.blocks.2.ffn.input_norm.bias is skipped since its requires_grad=False
2026/07/23 19:32:12 - mmengine - WARNING - backbone.wrapper.fusion.norm_out.weight is skipped since its requires_grad=False
2026/07/23 19:32:12 - mmengine - WARNING - backbone.wrapper.fusion.norm_out.bias is skipped since its requires_grad=False
2026/07/23 19:32:12 - mmengine - WARNING - backbone.wrapper.embed_head.decoder.0.weight is skipped since its requires_grad=False
2026/07/23 19:32:12 - mmengine - WARNING - backbone.wrapper.embed_head.decoder.0.bias is skipped since its requires_grad=False
2026/07/23 19:32:12 - mmengine - WARNING - backbone.wrapper.embed_head.decoder.1.weight is skipped since its requires_grad=False
2026/07/23 19:32:12 - mmengine - WARNING - backbone.wrapper.embed_head.decoder.1.bias is skipped since its requires_grad=False
2026/07/23 19:32:12 - mmengine - INFO - paramwise_options -- backbone.adapter.level_embed:lr=5e-05
2026/07/23 19:32:12 - mmengine - INFO - paramwise_options -- backbone.adapter.level_embed:weight_decay=0.0
2026/07/23 19:32:12 - mmengine - INFO - paramwise_options -- backbone.adapter.level_embed:lr_mult=1.0
2026/07/23 19:32:12 - mmengine - INFO - paramwise_options -- backbone.adapter.level_embed:decay_mult=0.0
2026/07/23 19:32:12 - mmengine - WARNING - backbone.adapter.backbone.vit.cls_token is skipped since its requires_grad=False
2026/07/23 19:32:12 - mmengine - WARNING - backbone.adapter.backbone.vit.storage_tokens is skipped since its requires_grad=False
2026/07/23 19:32:12 - mmengine - WARNING - backbone.adapter.backbone.vit.mask_token is skipped since its requires_grad=False
2026/07/23 19:32:12 - mmengine - WARNING - backbone.adapter.backbone.vit.patch_embed.proj.weight is skipped since its requires_grad=False
2026/07/23 19:32:12 - mmengine - WARNING - backbone.adapter.backbone.vit.patch_embed.proj.bias is skipped since its requires_grad=False
2026/07/23 19:32:12 - mmengine - WARNING - backbone.adapter.backbone.vit.blocks.0.norm1.weight is skipped since its requires_grad=False
2026/07/23 19:32:12 - mmengine - WARNING - backbone.adapter.backbone.vit.blocks.0.norm1.bias is skipped since its requires_grad=False
2026/07/23 19:32:12 - mmengine - WARNING - backbone.adapter.backbone.vit.blocks.0.attn.qkv.weight is skipped since its requires_grad=False
2026/07/23 19:32:12 - mmengine - WARNING - backbone.adapter.backbone.vit.blocks.0.attn.qkv.bias is skipped since its requires_grad=False
2026/07/23 19:32:12 - mmengine - WARNING - backbone.adapter.backbone.vit.blocks.0.attn.proj.weight is skipped since its requires_grad=False
2026/07/23 19:32:12 - mmengine - WARNING - backbone.adapter.backbone.vit.blocks.0.attn.proj.bias is skipped since its requires_grad=False
2026/07/23 19:32:12 - mmengine - WARNING - backbone.adapter.backbone.vit.blocks.0.ls1.gamma is skipped since its requires_grad=False
2026/07/23 19:32:12 - mmengine - WARNING - backbone.adapter.backbone.vit.blocks.0.norm2.weight is skipped since its requires_grad=False
2026/07/23 19:32:12 - mmengine - WARNING - backbone.adapter.backbone.vit.blocks.0.norm2.bias is skipped since its requires_grad=False
2026/07/23 19:32:12 - mmengine - WARNING - backbone.adapter.backbone.vit.blocks.0.mlp.fc1.weight is skipped since its requires_grad=False
2026/07/23 19:32:12 - mmengine - WARNING - backbone.adapter.backbone.vit.blocks.0.mlp.fc1.bias is skipped since its requires_grad=False
2026/07/23 19:32:12 - mmengine - WARNING - backbone.adapter.backbone.vit.blocks.0.mlp.fc2.weight is skipped since its requires_grad=False
2026/07/23 19:32:12 - mmengine - WARNING - backbone.adapter.backbone.vit.blocks.0.mlp.fc2.bias is skipped since its requires_grad=False
2026/07/23 19:32:12 - mmengine - WARNING - backbone.adapter.backbone.vit.blocks.0.ls2.gamma is skipped since its requires_grad=False
2026/07/23 19:32:12 - mmengine - WARNING - backbone.adapter.backbone.vit.blocks.1.norm1.weight is skipped since its requires_grad=False
2026/07/23 19:32:12 - mmengine - WARNING - backbone.adapter.backbone.vit.blocks.1.norm1.bias is skipped since its requires_grad=False
2026/07/23 19:32:12 - mmengine - WARNING - backbone.adapter.backbone.vit.blocks.1.attn.qkv.weight is skipped since its requires_grad=False
2026/07/23 19:32:12 - mmengine - WARNING - backbone.adapter.backbone.vit.blocks.1.attn.qkv.bias is skipped since its requires_grad=False
2026/07/23 19:32:12 - mmengine - WARNING - backbone.adapter.backbone.vit.blocks.1.attn.proj.weight is skipped since its requires_grad=False
2026/07/23 19:32:12 - mmengine - WARNING - backbone.adapter.backbone.vit.blocks.1.attn.proj.bias is skipped since its requires_grad=False
2026/07/23 19:32:12 - mmengine - WARNING - backbone.adapter.backbone.vit.blocks.1.ls1.gamma is skipped since its requires_grad=False
2026/07/23 19:32:12 - mmengine - WARNING - backbone.adapter.backbone.vit.blocks.1.norm2.weight is skipped since its requires_grad=False
2026/07/23 19:32:12 - mmengine - WARNING - backbone.adapter.backbone.vit.blocks.1.norm2.bias is skipped since its requires_grad=False
2026/07/23 19:32:12 - mmengine - WARNING - backbone.adapter.backbone.vit.blocks.1.mlp.fc1.weight is skipped since its requires_grad=False
2026/07/23 19:32:12 - mmengine - WARNING - backbone.adapter.backbone.vit.blocks.1.mlp.fc1.bias is skipped since its requires_grad=False
2026/07/23 19:32:12 - mmengine - WARNING - backbone.adapter.backbone.vit.blocks.1.mlp.fc2.weight is skipped since its requires_grad=False
2026/07/23 19:32:12 - mmengine - WARNING - backbone.adapter.backbone.vit.blocks.1.mlp.fc2.bias is skipped since its requires_grad=False
2026/07/23 19:32:12 - mmengine - WARNING - backbone.adapter.backbone.vit.blocks.1.ls2.gamma is skipped since its requires_grad=False
2026/07/23 19:32:12 - mmengine - WARNING - backbone.adapter.backbone.vit.blocks.2.norm1.weight is skipped since its requires_grad=False
2026/07/23 19:32:12 - mmengine - WARNING - backbone.adapter.backbone.vit.blocks.2.norm1.bias is skipped since its requires_grad=False
2026/07/23 19:32:12 - mmengine - WARNING - backbone.adapter.backbone.vit.blocks.2.attn.qkv.weight is skipped since its requires_grad=False
2026/07/23 19:32:12 - mmengine - WARNING - backbone.adapter.backbone.vit.blocks.2.attn.qkv.bias is skipped since its requires_grad=False
2026/07/23 19:32:12 - mmengine - WARNING - backbone.adapter.backbone.vit.blocks.2.attn.proj.weight is skipped since its requires_grad=False
2026/07/23 19:32:12 - mmengine - WARNING - backbone.adapter.backbone.vit.blocks.2.attn.proj.bias is skipped since its requires_grad=False
2026/07/23 19:32:12 - mmengine - WARNING - backbone.adapter.backbone.vit.blocks.2.ls1.gamma is skipped since its requires_grad=False
2026/07/23 19:32:12 - mmengine - WARNING - backbone.adapter.backbone.vit.blocks.2.norm2.weight is skipped since its requires_grad=False
2026/07/23 19:32:12 - mmengine - WARNING - backbone.adapter.backbone.vit.blocks.2.norm2.bias is skipped since its requires_grad=False
2026/07/23 19:32:12 - mmengine - WARNING - backbone.adapter.backbone.vit.blocks.2.mlp.fc1.weight is skipped since its requires_grad=False
2026/07/23 19:32:12 - mmengine - WARNING - backbone.adapter.backbone.vit.blocks.2.mlp.fc1.bias is skipped since its requires_grad=False
2026/07/23 19:32:12 - mmengine - WARNING - backbone.adapter.backbone.vit.blocks.2.mlp.fc2.weight is skipped since its requires_grad=False
2026/07/23 19:32:12 - mmengine - WARNING - backbone.adapter.backbone.vit.blocks.2.mlp.fc2.bias is skipped since its requires_grad=False
2026/07/23 19:32:12 - mmengine - WARNING - backbone.adapter.backbone.vit.blocks.2.ls2.gamma is skipped since its requires_grad=False
2026/07/23 19:32:12 - mmengine - WARNING - backbone.adapter.backbone.vit.blocks.3.norm1.weight is skipped since its requires_grad=False
2026/07/23 19:32:12 - mmengine - WARNING - backbone.adapter.backbone.vit.blocks.3.norm1.bias is skipped since its requires_grad=False
2026/07/23 19:32:12 - mmengine - WARNING - backbone.adapter.backbone.vit.blocks.3.attn.qkv.weight is skipped since its requires_grad=False
2026/07/23 19:32:12 - mmengine - WARNING - backbone.adapter.backbone.vit.blocks.3.attn.qkv.bias is skipped since its requires_grad=False
2026/07/23 19:32:12 - mmengine - WARNING - backbone.adapter.backbone.vit.blocks.3.attn.proj.weight is skipped since its requires_grad=False
2026/07/23 19:32:12 - mmengine - WARNING - backbone.adapter.backbone.vit.blocks.3.attn.proj.bias is skipped since its requires_grad=False
2026/07/23 19:32:12 - mmengine - WARNING - backbone.adapter.backbone.vit.blocks.3.ls1.gamma is skipped since its requires_grad=False
2026/07/23 19:32:12 - mmengine - WARNING - backbone.adapter.backbone.vit.blocks.3.norm2.weight is skipped since its requires_grad=False
2026/07/23 19:32:12 - mmengine - WARNING - backbone.adapter.backbone.vit.blocks.3.norm2.bias is skipped since its requires_grad=False
2026/07/23 19:32:12 - mmengine - WARNING - backbone.adapter.backbone.vit.blocks.3.mlp.fc1.weight is skipped since its requires_grad=False
2026/07/23 19:32:12 - mmengine - WARNING - backbone.adapter.backbone.vit.blocks.3.mlp.fc1.bias is skipped since its requires_grad=False
2026/07/23 19:32:12 - mmengine - WARNING - backbone.adapter.backbone.vit.blocks.3.mlp.fc2.weight is skipped since its requires_grad=False
2026/07/23 19:32:12 - mmengine - WARNING - backbone.adapter.backbone.vit.blocks.3.mlp.fc2.bias is skipped since its requires_grad=False
2026/07/23 19:32:12 - mmengine - WARNING - backbone.adapter.backbone.vit.blocks.3.ls2.gamma is skipped since its requires_grad=False
2026/07/23 19:32:12 - mmengine - WARNING - backbone.adapter.backbone.vit.blocks.4.norm1.weight is skipped since its requires_grad=False
2026/07/23 19:32:12 - mmengine - WARNING - backbone.adapter.backbone.vit.blocks.4.norm1.bias is skipped since its requires_grad=False
2026/07/23 19:32:12 - mmengine - WARNING - backbone.adapter.backbone.vit.blocks.4.attn.qkv.weight is skipped since its requires_grad=False
2026/07/23 19:32:12 - mmengine - WARNING - backbone.adapter.backbone.vit.blocks.4.attn.qkv.bias is skipped since its requires_grad=False
2026/07/23 19:32:12 - mmengine - WARNING - backbone.adapter.backbone.vit.blocks.4.attn.proj.weight is skipped since its requires_grad=False
2026/07/23 19:32:12 - mmengine - WARNING - backbone.adapter.backbone.vit.blocks.4.attn.proj.bias is skipped since its requires_grad=False
2026/07/23 19:32:12 - mmengine - WARNING - backbone.adapter.backbone.vit.blocks.4.ls1.gamma is skipped since its requires_grad=False
2026/07/23 19:32:12 - mmengine - WARNING - backbone.adapter.backbone.vit.blocks.4.norm2.weight is skipped since its requires_grad=False
2026/07/23 19:32:12 - mmengine - WARNING - backbone.adapter.backbone.vit.blocks.4.norm2.bias is skipped since its requires_grad=False
2026/07/23 19:32:12 - mmengine - WARNING - backbone.adapter.backbone.vit.blocks.4.mlp.fc1.weight is skipped since its requires_grad=False
2026/07/23 19:32:12 - mmengine - WARNING - backbone.adapter.backbone.vit.blocks.4.mlp.fc1.bias is skipped since its requires_grad=False
2026/07/23 19:32:12 - mmengine - WARNING - backbone.adapter.backbone.vit.blocks.4.mlp.fc2.weight is skipped since its requires_grad=False
2026/07/23 19:32:12 - mmengine - WARNING - backbone.adapter.backbone.vit.blocks.4.mlp.fc2.bias is skipped since its requires_grad=False
2026/07/23 19:32:12 - mmengine - WARNING - backbone.adapter.backbone.vit.blocks.4.ls2.gamma is skipped since its requires_grad=False
2026/07/23 19:32:12 - mmengine - WARNING - backbone.adapter.backbone.vit.blocks.5.norm1.weight is skipped since its requires_grad=False
2026/07/23 19:32:12 - mmengine - WARNING - backbone.adapter.backbone.vit.blocks.5.norm1.bias is skipped since its requires_grad=False
2026/07/23 19:32:12 - mmengine - WARNING - backbone.adapter.backbone.vit.blocks.5.attn.qkv.weight is skipped since its requires_grad=False
2026/07/23 19:32:12 - mmengine - WARNING - backbone.adapter.backbone.vit.blocks.5.attn.qkv.bias is skipped since its requires_grad=False
2026/07/23 19:32:12 - mmengine - WARNING - backbone.adapter.backbone.vit.blocks.5.attn.proj.weight is skipped since its requires_grad=False
2026/07/23 19:32:12 - mmengine - WARNING - backbone.adapter.backbone.vit.blocks.5.attn.proj.bias is skipped since its requires_grad=False
2026/07/23 19:32:12 - mmengine - WARNING - backbone.adapter.backbone.vit.blocks.5.ls1.gamma is skipped since its requires_grad=False
2026/07/23 19:32:12 - mmengine - WARNING - backbone.adapter.backbone.vit.blocks.5.norm2.weight is skipped since its requires_grad=False
2026/07/23 19:32:12 - mmengine - WARNING - backbone.adapter.backbone.vit.blocks.5.norm2.bias is skipped since its requires_grad=False
2026/07/23 19:32:12 - mmengine - WARNING - backbone.adapter.backbone.vit.blocks.5.mlp.fc1.weight is skipped since its requires_grad=False
2026/07/23 19:32:12 - mmengine - WARNING - backbone.adapter.backbone.vit.blocks.5.mlp.fc1.bias is skipped since its requires_grad=False
2026/07/23 19:32:12 - mmengine - WARNING - backbone.adapter.backbone.vit.blocks.5.mlp.fc2.weight is skipped since its requires_grad=False
2026/07/23 19:32:12 - mmengine - WARNING - backbone.adapter.backbone.vit.blocks.5.mlp.fc2.bias is skipped since its requires_grad=False
2026/07/23 19:32:12 - mmengine - WARNING - backbone.adapter.backbone.vit.blocks.5.ls2.gamma is skipped since its requires_grad=False
2026/07/23 19:32:12 - mmengine - WARNING - backbone.adapter.backbone.vit.blocks.6.norm1.weight is skipped since its requires_grad=False
2026/07/23 19:32:12 - mmengine - WARNING - backbone.adapter.backbone.vit.blocks.6.norm1.bias is skipped since its requires_grad=False
2026/07/23 19:32:12 - mmengine - WARNING - backbone.adapter.backbone.vit.blocks.6.attn.qkv.weight is skipped since its requires_grad=False
2026/07/23 19:32:12 - mmengine - WARNING - backbone.adapter.backbone.vit.blocks.6.attn.qkv.bias is skipped since its requires_grad=False
2026/07/23 19:32:12 - mmengine - WARNING - backbone.adapter.backbone.vit.blocks.6.attn.proj.weight is skipped since its requires_grad=False
2026/07/23 19:32:12 - mmengine - WARNING - backbone.adapter.backbone.vit.blocks.6.attn.proj.bias is skipped since its requires_grad=False
2026/07/23 19:32:12 - mmengine - WARNING - backbone.adapter.backbone.vit.blocks.6.ls1.gamma is skipped since its requires_grad=False
2026/07/23 19:32:12 - mmengine - WARNING - backbone.adapter.backbone.vit.blocks.6.norm2.weight is skipped since its requires_grad=False
2026/07/23 19:32:12 - mmengine - WARNING - backbone.adapter.backbone.vit.blocks.6.norm2.bias is skipped since its requires_grad=False
2026/07/23 19:32:12 - mmengine - WARNING - backbone.adapter.backbone.vit.blocks.6.mlp.fc1.weight is skipped since its requires_grad=False
2026/07/23 19:32:12 - mmengine - WARNING - backbone.adapter.backbone.vit.blocks.6.mlp.fc1.bias is skipped since its requires_grad=False
2026/07/23 19:32:12 - mmengine - WARNING - backbone.adapter.backbone.vit.blocks.6.mlp.fc2.weight is skipped since its requires_grad=False
2026/07/23 19:32:12 - mmengine - WARNING - backbone.adapter.backbone.vit.blocks.6.mlp.fc2.bias is skipped since its requires_grad=False
2026/07/23 19:32:12 - mmengine - WARNING - backbone.adapter.backbone.vit.blocks.6.ls2.gamma is skipped since its requires_grad=False
2026/07/23 19:32:12 - mmengine - WARNING - backbone.adapter.backbone.vit.blocks.7.norm1.weight is skipped since its requires_grad=False
2026/07/23 19:32:12 - mmengine - WARNING - backbone.adapter.backbone.vit.blocks.7.norm1.bias is skipped since its requires_grad=False
2026/07/23 19:32:12 - mmengine - WARNING - backbone.adapter.backbone.vit.blocks.7.attn.qkv.weight is skipped since its requires_grad=False
2026/07/23 19:32:12 - mmengine - WARNING - backbone.adapter.backbone.vit.blocks.7.attn.qkv.bias is skipped since its requires_grad=False
2026/07/23 19:32:12 - mmengine - WARNING - backbone.adapter.backbone.vit.blocks.7.attn.proj.weight is skipped since its requires_grad=False
2026/07/23 19:32:12 - mmengine - WARNING - backbone.adapter.backbone.vit.blocks.7.attn.proj.bias is skipped since its requires_grad=False
2026/07/23 19:32:12 - mmengine - WARNING - backbone.adapter.backbone.vit.blocks.7.ls1.gamma is skipped since its requires_grad=False
2026/07/23 19:32:12 - mmengine - WARNING - backbone.adapter.backbone.vit.blocks.7.norm2.weight is skipped since its requires_grad=False
2026/07/23 19:32:12 - mmengine - WARNING - backbone.adapter.backbone.vit.blocks.7.norm2.bias is skipped since its requires_grad=False
2026/07/23 19:32:12 - mmengine - WARNING - backbone.adapter.backbone.vit.blocks.7.mlp.fc1.weight is skipped since its requires_grad=False
2026/07/23 19:32:12 - mmengine - WARNING - backbone.adapter.backbone.vit.blocks.7.mlp.fc1.bias is skipped since its requires_grad=False
2026/07/23 19:32:12 - mmengine - WARNING - backbone.adapter.backbone.vit.blocks.7.mlp.fc2.weight is skipped since its requires_grad=False
2026/07/23 19:32:12 - mmengine - WARNING - backbone.adapter.backbone.vit.blocks.7.mlp.fc2.bias is skipped since its requires_grad=False
2026/07/23 19:32:12 - mmengine - WARNING - backbone.adapter.backbone.vit.blocks.7.ls2.gamma is skipped since its requires_grad=False
2026/07/23 19:32:12 - mmengine - WARNING - backbone.adapter.backbone.vit.blocks.8.norm1.weight is skipped since its requires_grad=False
2026/07/23 19:32:12 - mmengine - WARNING - backbone.adapter.backbone.vit.blocks.8.norm1.bias is skipped since its requires_grad=False
2026/07/23 19:32:12 - mmengine - WARNING - backbone.adapter.backbone.vit.blocks.8.attn.qkv.weight is skipped since its requires_grad=False
2026/07/23 19:32:12 - mmengine - WARNING - backbone.adapter.backbone.vit.blocks.8.attn.qkv.bias is skipped since its requires_grad=False
2026/07/23 19:32:12 - mmengine - WARNING - backbone.adapter.backbone.vit.blocks.8.attn.proj.weight is skipped since its requires_grad=False
2026/07/23 19:32:12 - mmengine - WARNING - backbone.adapter.backbone.vit.blocks.8.attn.proj.bias is skipped since its requires_grad=False
2026/07/23 19:32:12 - mmengine - WARNING - backbone.adapter.backbone.vit.blocks.8.ls1.gamma is skipped since its requires_grad=False
2026/07/23 19:32:12 - mmengine - WARNING - backbone.adapter.backbone.vit.blocks.8.norm2.weight is skipped since its requires_grad=False
2026/07/23 19:32:12 - mmengine - WARNING - backbone.adapter.backbone.vit.blocks.8.norm2.bias is skipped since its requires_grad=False
2026/07/23 19:32:12 - mmengine - WARNING - backbone.adapter.backbone.vit.blocks.8.mlp.fc1.weight is skipped since its requires_grad=False
2026/07/23 19:32:12 - mmengine - WARNING - backbone.adapter.backbone.vit.blocks.8.mlp.fc1.bias is skipped since its requires_grad=False
2026/07/23 19:32:12 - mmengine - WARNING - backbone.adapter.backbone.vit.blocks.8.mlp.fc2.weight is skipped since its requires_grad=False
2026/07/23 19:32:12 - mmengine - WARNING - backbone.adapter.backbone.vit.blocks.8.mlp.fc2.bias is skipped since its requires_grad=False
2026/07/23 19:32:12 - mmengine - WARNING - backbone.adapter.backbone.vit.blocks.8.ls2.gamma is skipped since its requires_grad=False
2026/07/23 19:32:12 - mmengine - WARNING - backbone.adapter.backbone.vit.blocks.9.norm1.weight is skipped since its requires_grad=False
2026/07/23 19:32:12 - mmengine - WARNING - backbone.adapter.backbone.vit.blocks.9.norm1.bias is skipped since its requires_grad=False
2026/07/23 19:32:12 - mmengine - WARNING - backbone.adapter.backbone.vit.blocks.9.attn.qkv.weight is skipped since its requires_grad=False
2026/07/23 19:32:12 - mmengine - WARNING - backbone.adapter.backbone.vit.blocks.9.attn.qkv.bias is skipped since its requires_grad=False
2026/07/23 19:32:12 - mmengine - WARNING - backbone.adapter.backbone.vit.blocks.9.attn.proj.weight is skipped since its requires_grad=False
2026/07/23 19:32:12 - mmengine - WARNING - backbone.adapter.backbone.vit.blocks.9.attn.proj.bias is skipped since its requires_grad=False
2026/07/23 19:32:12 - mmengine - WARNING - backbone.adapter.backbone.vit.blocks.9.ls1.gamma is skipped since its requires_grad=False
2026/07/23 19:32:12 - mmengine - WARNING - backbone.adapter.backbone.vit.blocks.9.norm2.weight is skipped since its requires_grad=False
2026/07/23 19:32:12 - mmengine - WARNING - backbone.adapter.backbone.vit.blocks.9.norm2.bias is skipped since its requires_grad=False
2026/07/23 19:32:12 - mmengine - WARNING - backbone.adapter.backbone.vit.blocks.9.mlp.fc1.weight is skipped since its requires_grad=False
2026/07/23 19:32:12 - mmengine - WARNING - backbone.adapter.backbone.vit.blocks.9.mlp.fc1.bias is skipped since its requires_grad=False
2026/07/23 19:32:12 - mmengine - WARNING - backbone.adapter.backbone.vit.blocks.9.mlp.fc2.weight is skipped since its requires_grad=False
2026/07/23 19:32:12 - mmengine - WARNING - backbone.adapter.backbone.vit.blocks.9.mlp.fc2.bias is skipped since its requires_grad=False
2026/07/23 19:32:12 - mmengine - WARNING - backbone.adapter.backbone.vit.blocks.9.ls2.gamma is skipped since its requires_grad=False
2026/07/23 19:32:12 - mmengine - WARNING - backbone.adapter.backbone.vit.blocks.10.norm1.weight is skipped since its requires_grad=False
2026/07/23 19:32:12 - mmengine - WARNING - backbone.adapter.backbone.vit.blocks.10.norm1.bias is skipped since its requires_grad=False
2026/07/23 19:32:12 - mmengine - WARNING - backbone.adapter.backbone.vit.blocks.10.attn.qkv.weight is skipped since its requires_grad=False
2026/07/23 19:32:12 - mmengine - WARNING - backbone.adapter.backbone.vit.blocks.10.attn.qkv.bias is skipped since its requires_grad=False
2026/07/23 19:32:12 - mmengine - WARNING - backbone.adapter.backbone.vit.blocks.10.attn.proj.weight is skipped since its requires_grad=False
2026/07/23 19:32:12 - mmengine - WARNING - backbone.adapter.backbone.vit.blocks.10.attn.proj.bias is skipped since its requires_grad=False
2026/07/23 19:32:12 - mmengine - WARNING - backbone.adapter.backbone.vit.blocks.10.ls1.gamma is skipped since its requires_grad=False
2026/07/23 19:32:12 - mmengine - WARNING - backbone.adapter.backbone.vit.blocks.10.norm2.weight is skipped since its requires_grad=False
2026/07/23 19:32:12 - mmengine - WARNING - backbone.adapter.backbone.vit.blocks.10.norm2.bias is skipped since its requires_grad=False
2026/07/23 19:32:12 - mmengine - WARNING - backbone.adapter.backbone.vit.blocks.10.mlp.fc1.weight is skipped since its requires_grad=False
2026/07/23 19:32:12 - mmengine - WARNING - backbone.adapter.backbone.vit.blocks.10.mlp.fc1.bias is skipped since its requires_grad=False
2026/07/23 19:32:12 - mmengine - WARNING - backbone.adapter.backbone.vit.blocks.10.mlp.fc2.weight is skipped since its requires_grad=False
2026/07/23 19:32:12 - mmengine - WARNING - backbone.adapter.backbone.vit.blocks.10.mlp.fc2.bias is skipped since its requires_grad=False
2026/07/23 19:32:12 - mmengine - WARNING - backbone.adapter.backbone.vit.blocks.10.ls2.gamma is skipped since its requires_grad=False
2026/07/23 19:32:12 - mmengine - WARNING - backbone.adapter.backbone.vit.blocks.11.norm1.weight is skipped since its requires_grad=False
2026/07/23 19:32:12 - mmengine - WARNING - backbone.adapter.backbone.vit.blocks.11.norm1.bias is skipped since its requires_grad=False
2026/07/23 19:32:12 - mmengine - WARNING - backbone.adapter.backbone.vit.blocks.11.attn.qkv.weight is skipped since its requires_grad=False
2026/07/23 19:32:12 - mmengine - WARNING - backbone.adapter.backbone.vit.blocks.11.attn.qkv.bias is skipped since its requires_grad=False
2026/07/23 19:32:12 - mmengine - WARNING - backbone.adapter.backbone.vit.blocks.11.attn.proj.weight is skipped since its requires_grad=False
2026/07/23 19:32:12 - mmengine - WARNING - backbone.adapter.backbone.vit.blocks.11.attn.proj.bias is skipped since its requires_grad=False
2026/07/23 19:32:12 - mmengine - WARNING - backbone.adapter.backbone.vit.blocks.11.ls1.gamma is skipped since its requires_grad=False
2026/07/23 19:32:12 - mmengine - WARNING - backbone.adapter.backbone.vit.blocks.11.norm2.weight is skipped since its requires_grad=False
2026/07/23 19:32:12 - mmengine - WARNING - backbone.adapter.backbone.vit.blocks.11.norm2.bias is skipped since its requires_grad=False
2026/07/23 19:32:12 - mmengine - WARNING - backbone.adapter.backbone.vit.blocks.11.mlp.fc1.weight is skipped since its requires_grad=False
2026/07/23 19:32:12 - mmengine - WARNING - backbone.adapter.backbone.vit.blocks.11.mlp.fc1.bias is skipped since its requires_grad=False
2026/07/23 19:32:12 - mmengine - WARNING - backbone.adapter.backbone.vit.blocks.11.mlp.fc2.weight is skipped since its requires_grad=False
2026/07/23 19:32:12 - mmengine - WARNING - backbone.adapter.backbone.vit.blocks.11.mlp.fc2.bias is skipped since its requires_grad=False
2026/07/23 19:32:12 - mmengine - WARNING - backbone.adapter.backbone.vit.blocks.11.ls2.gamma is skipped since its requires_grad=False
2026/07/23 19:32:12 - mmengine - WARNING - backbone.adapter.backbone.vit.blocks.12.norm1.weight is skipped since its requires_grad=False
2026/07/23 19:32:12 - mmengine - WARNING - backbone.adapter.backbone.vit.blocks.12.norm1.bias is skipped since its requires_grad=False
2026/07/23 19:32:12 - mmengine - WARNING - backbone.adapter.backbone.vit.blocks.12.attn.qkv.weight is skipped since its requires_grad=False
2026/07/23 19:32:12 - mmengine - WARNING - backbone.adapter.backbone.vit.blocks.12.attn.qkv.bias is skipped since its requires_grad=False
2026/07/23 19:32:12 - mmengine - WARNING - backbone.adapter.backbone.vit.blocks.12.attn.proj.weight is skipped since its requires_grad=False
2026/07/23 19:32:12 - mmengine - WARNING - backbone.adapter.backbone.vit.blocks.12.attn.proj.bias is skipped since its requires_grad=False
2026/07/23 19:32:12 - mmengine - WARNING - backbone.adapter.backbone.vit.blocks.12.ls1.gamma is skipped since its requires_grad=False
2026/07/23 19:32:12 - mmengine - WARNING - backbone.adapter.backbone.vit.blocks.12.norm2.weight is skipped since its requires_grad=False
2026/07/23 19:32:12 - mmengine - WARNING - backbone.adapter.backbone.vit.blocks.12.norm2.bias is skipped since its requires_grad=False
2026/07/23 19:32:12 - mmengine - WARNING - backbone.adapter.backbone.vit.blocks.12.mlp.fc1.weight is skipped since its requires_grad=False
2026/07/23 19:32:12 - mmengine - WARNING - backbone.adapter.backbone.vit.blocks.12.mlp.fc1.bias is skipped since its requires_grad=False
2026/07/23 19:32:12 - mmengine - WARNING - backbone.adapter.backbone.vit.blocks.12.mlp.fc2.weight is skipped since its requires_grad=False
2026/07/23 19:32:12 - mmengine - WARNING - backbone.adapter.backbone.vit.blocks.12.mlp.fc2.bias is skipped since its requires_grad=False
2026/07/23 19:32:12 - mmengine - WARNING - backbone.adapter.backbone.vit.blocks.12.ls2.gamma is skipped since its requires_grad=False
2026/07/23 19:32:12 - mmengine - WARNING - backbone.adapter.backbone.vit.blocks.13.norm1.weight is skipped since its requires_grad=False
2026/07/23 19:32:12 - mmengine - WARNING - backbone.adapter.backbone.vit.blocks.13.norm1.bias is skipped since its requires_grad=False
2026/07/23 19:32:12 - mmengine - WARNING - backbone.adapter.backbone.vit.blocks.13.attn.qkv.weight is skipped since its requires_grad=False
2026/07/23 19:32:12 - mmengine - WARNING - backbone.adapter.backbone.vit.blocks.13.attn.qkv.bias is skipped since its requires_grad=False
2026/07/23 19:32:12 - mmengine - WARNING - backbone.adapter.backbone.vit.blocks.13.attn.proj.weight is skipped since its requires_grad=False
2026/07/23 19:32:12 - mmengine - WARNING - backbone.adapter.backbone.vit.blocks.13.attn.proj.bias is skipped since its requires_grad=False
2026/07/23 19:32:12 - mmengine - WARNING - backbone.adapter.backbone.vit.blocks.13.ls1.gamma is skipped since its requires_grad=False
2026/07/23 19:32:12 - mmengine - WARNING - backbone.adapter.backbone.vit.blocks.13.norm2.weight is skipped since its requires_grad=False
2026/07/23 19:32:12 - mmengine - WARNING - backbone.adapter.backbone.vit.blocks.13.norm2.bias is skipped since its requires_grad=False
2026/07/23 19:32:12 - mmengine - WARNING - backbone.adapter.backbone.vit.blocks.13.mlp.fc1.weight is skipped since its requires_grad=False
2026/07/23 19:32:12 - mmengine - WARNING - backbone.adapter.backbone.vit.blocks.13.mlp.fc1.bias is skipped since its requires_grad=False
2026/07/23 19:32:12 - mmengine - WARNING - backbone.adapter.backbone.vit.blocks.13.mlp.fc2.weight is skipped since its requires_grad=False
2026/07/23 19:32:12 - mmengine - WARNING - backbone.adapter.backbone.vit.blocks.13.mlp.fc2.bias is skipped since its requires_grad=False
2026/07/23 19:32:12 - mmengine - WARNING - backbone.adapter.backbone.vit.blocks.13.ls2.gamma is skipped since its requires_grad=False
2026/07/23 19:32:12 - mmengine - WARNING - backbone.adapter.backbone.vit.blocks.14.norm1.weight is skipped since its requires_grad=False
2026/07/23 19:32:12 - mmengine - WARNING - backbone.adapter.backbone.vit.blocks.14.norm1.bias is skipped since its requires_grad=False
2026/07/23 19:32:12 - mmengine - WARNING - backbone.adapter.backbone.vit.blocks.14.attn.qkv.weight is skipped since its requires_grad=False
2026/07/23 19:32:12 - mmengine - WARNING - backbone.adapter.backbone.vit.blocks.14.attn.qkv.bias is skipped since its requires_grad=False
2026/07/23 19:32:12 - mmengine - WARNING - backbone.adapter.backbone.vit.blocks.14.attn.proj.weight is skipped since its requires_grad=False
2026/07/23 19:32:12 - mmengine - WARNING - backbone.adapter.backbone.vit.blocks.14.attn.proj.bias is skipped since its requires_grad=False
2026/07/23 19:32:12 - mmengine - WARNING - backbone.adapter.backbone.vit.blocks.14.ls1.gamma is skipped since its requires_grad=False
2026/07/23 19:32:12 - mmengine - WARNING - backbone.adapter.backbone.vit.blocks.14.norm2.weight is skipped since its requires_grad=False
2026/07/23 19:32:12 - mmengine - WARNING - backbone.adapter.backbone.vit.blocks.14.norm2.bias is skipped since its requires_grad=False
2026/07/23 19:32:12 - mmengine - WARNING - backbone.adapter.backbone.vit.blocks.14.mlp.fc1.weight is skipped since its requires_grad=False
2026/07/23 19:32:12 - mmengine - WARNING - backbone.adapter.backbone.vit.blocks.14.mlp.fc1.bias is skipped since its requires_grad=False
2026/07/23 19:32:12 - mmengine - WARNING - backbone.adapter.backbone.vit.blocks.14.mlp.fc2.weight is skipped since its requires_grad=False
2026/07/23 19:32:12 - mmengine - WARNING - backbone.adapter.backbone.vit.blocks.14.mlp.fc2.bias is skipped since its requires_grad=False
2026/07/23 19:32:12 - mmengine - WARNING - backbone.adapter.backbone.vit.blocks.14.ls2.gamma is skipped since its requires_grad=False
2026/07/23 19:32:12 - mmengine - WARNING - backbone.adapter.backbone.vit.blocks.15.norm1.weight is skipped since its requires_grad=False
2026/07/23 19:32:12 - mmengine - WARNING - backbone.adapter.backbone.vit.blocks.15.norm1.bias is skipped since its requires_grad=False
2026/07/23 19:32:12 - mmengine - WARNING - backbone.adapter.backbone.vit.blocks.15.attn.qkv.weight is skipped since its requires_grad=False
2026/07/23 19:32:12 - mmengine - WARNING - backbone.adapter.backbone.vit.blocks.15.attn.qkv.bias is skipped since its requires_grad=False
2026/07/23 19:32:12 - mmengine - WARNING - backbone.adapter.backbone.vit.blocks.15.attn.proj.weight is skipped since its requires_grad=False
2026/07/23 19:32:12 - mmengine - WARNING - backbone.adapter.backbone.vit.blocks.15.attn.proj.bias is skipped since its requires_grad=False
2026/07/23 19:32:12 - mmengine - WARNING - backbone.adapter.backbone.vit.blocks.15.ls1.gamma is skipped since its requires_grad=False
2026/07/23 19:32:12 - mmengine - WARNING - backbone.adapter.backbone.vit.blocks.15.norm2.weight is skipped since its requires_grad=False
2026/07/23 19:32:12 - mmengine - WARNING - backbone.adapter.backbone.vit.blocks.15.norm2.bias is skipped since its requires_grad=False
2026/07/23 19:32:12 - mmengine - WARNING - backbone.adapter.backbone.vit.blocks.15.mlp.fc1.weight is skipped since its requires_grad=False
2026/07/23 19:32:12 - mmengine - WARNING - backbone.adapter.backbone.vit.blocks.15.mlp.fc1.bias is skipped since its requires_grad=False
2026/07/23 19:32:12 - mmengine - WARNING - backbone.adapter.backbone.vit.blocks.15.mlp.fc2.weight is skipped since its requires_grad=False
2026/07/23 19:32:12 - mmengine - WARNING - backbone.adapter.backbone.vit.blocks.15.mlp.fc2.bias is skipped since its requires_grad=False
2026/07/23 19:32:12 - mmengine - WARNING - backbone.adapter.backbone.vit.blocks.15.ls2.gamma is skipped since its requires_grad=False
2026/07/23 19:32:12 - mmengine - WARNING - backbone.adapter.backbone.vit.blocks.16.norm1.weight is skipped since its requires_grad=False
2026/07/23 19:32:12 - mmengine - WARNING - backbone.adapter.backbone.vit.blocks.16.norm1.bias is skipped since its requires_grad=False
2026/07/23 19:32:12 - mmengine - WARNING - backbone.adapter.backbone.vit.blocks.16.attn.qkv.weight is skipped since its requires_grad=False
2026/07/23 19:32:12 - mmengine - WARNING - backbone.adapter.backbone.vit.blocks.16.attn.qkv.bias is skipped since its requires_grad=False
2026/07/23 19:32:12 - mmengine - WARNING - backbone.adapter.backbone.vit.blocks.16.attn.proj.weight is skipped since its requires_grad=False
2026/07/23 19:32:12 - mmengine - WARNING - backbone.adapter.backbone.vit.blocks.16.attn.proj.bias is skipped since its requires_grad=False
2026/07/23 19:32:12 - mmengine - WARNING - backbone.adapter.backbone.vit.blocks.16.ls1.gamma is skipped since its requires_grad=False
2026/07/23 19:32:12 - mmengine - WARNING - backbone.adapter.backbone.vit.blocks.16.norm2.weight is skipped since its requires_grad=False
2026/07/23 19:32:12 - mmengine - WARNING - backbone.adapter.backbone.vit.blocks.16.norm2.bias is skipped since its requires_grad=False
2026/07/23 19:32:12 - mmengine - WARNING - backbone.adapter.backbone.vit.blocks.16.mlp.fc1.weight is skipped since its requires_grad=False
2026/07/23 19:32:12 - mmengine - WARNING - backbone.adapter.backbone.vit.blocks.16.mlp.fc1.bias is skipped since its requires_grad=False
2026/07/23 19:32:12 - mmengine - WARNING - backbone.adapter.backbone.vit.blocks.16.mlp.fc2.weight is skipped since its requires_grad=False
2026/07/23 19:32:12 - mmengine - WARNING - backbone.adapter.backbone.vit.blocks.16.mlp.fc2.bias is skipped since its requires_grad=False
2026/07/23 19:32:12 - mmengine - WARNING - backbone.adapter.backbone.vit.blocks.16.ls2.gamma is skipped since its requires_grad=False
2026/07/23 19:32:12 - mmengine - WARNING - backbone.adapter.backbone.vit.blocks.17.norm1.weight is skipped since its requires_grad=False
2026/07/23 19:32:12 - mmengine - WARNING - backbone.adapter.backbone.vit.blocks.17.norm1.bias is skipped since its requires_grad=False
2026/07/23 19:32:12 - mmengine - WARNING - backbone.adapter.backbone.vit.blocks.17.attn.qkv.weight is skipped since its requires_grad=False
2026/07/23 19:32:12 - mmengine - WARNING - backbone.adapter.backbone.vit.blocks.17.attn.qkv.bias is skipped since its requires_grad=False
2026/07/23 19:32:12 - mmengine - WARNING - backbone.adapter.backbone.vit.blocks.17.attn.proj.weight is skipped since its requires_grad=False
2026/07/23 19:32:12 - mmengine - WARNING - backbone.adapter.backbone.vit.blocks.17.attn.proj.bias is skipped since its requires_grad=False
2026/07/23 19:32:12 - mmengine - WARNING - backbone.adapter.backbone.vit.blocks.17.ls1.gamma is skipped since its requires_grad=False
2026/07/23 19:32:12 - mmengine - WARNING - backbone.adapter.backbone.vit.blocks.17.norm2.weight is skipped since its requires_grad=False
2026/07/23 19:32:12 - mmengine - WARNING - backbone.adapter.backbone.vit.blocks.17.norm2.bias is skipped since its requires_grad=False
2026/07/23 19:32:12 - mmengine - WARNING - backbone.adapter.backbone.vit.blocks.17.mlp.fc1.weight is skipped since its requires_grad=False
2026/07/23 19:32:12 - mmengine - WARNING - backbone.adapter.backbone.vit.blocks.17.mlp.fc1.bias is skipped since its requires_grad=False
2026/07/23 19:32:12 - mmengine - WARNING - backbone.adapter.backbone.vit.blocks.17.mlp.fc2.weight is skipped since its requires_grad=False
2026/07/23 19:32:12 - mmengine - WARNING - backbone.adapter.backbone.vit.blocks.17.mlp.fc2.bias is skipped since its requires_grad=False
2026/07/23 19:32:12 - mmengine - WARNING - backbone.adapter.backbone.vit.blocks.17.ls2.gamma is skipped since its requires_grad=False
2026/07/23 19:32:12 - mmengine - WARNING - backbone.adapter.backbone.vit.blocks.18.norm1.weight is skipped since its requires_grad=False
2026/07/23 19:32:12 - mmengine - WARNING - backbone.adapter.backbone.vit.blocks.18.norm1.bias is skipped since its requires_grad=False
2026/07/23 19:32:12 - mmengine - WARNING - backbone.adapter.backbone.vit.blocks.18.attn.qkv.weight is skipped since its requires_grad=False
2026/07/23 19:32:12 - mmengine - WARNING - backbone.adapter.backbone.vit.blocks.18.attn.qkv.bias is skipped since its requires_grad=False
2026/07/23 19:32:12 - mmengine - WARNING - backbone.adapter.backbone.vit.blocks.18.attn.proj.weight is skipped since its requires_grad=False
2026/07/23 19:32:12 - mmengine - WARNING - backbone.adapter.backbone.vit.blocks.18.attn.proj.bias is skipped since its requires_grad=False
2026/07/23 19:32:12 - mmengine - WARNING - backbone.adapter.backbone.vit.blocks.18.ls1.gamma is skipped since its requires_grad=False
2026/07/23 19:32:12 - mmengine - WARNING - backbone.adapter.backbone.vit.blocks.18.norm2.weight is skipped since its requires_grad=False
2026/07/23 19:32:12 - mmengine - WARNING - backbone.adapter.backbone.vit.blocks.18.norm2.bias is skipped since its requires_grad=False
2026/07/23 19:32:12 - mmengine - WARNING - backbone.adapter.backbone.vit.blocks.18.mlp.fc1.weight is skipped since its requires_grad=False
2026/07/23 19:32:12 - mmengine - WARNING - backbone.adapter.backbone.vit.blocks.18.mlp.fc1.bias is skipped since its requires_grad=False
2026/07/23 19:32:12 - mmengine - WARNING - backbone.adapter.backbone.vit.blocks.18.mlp.fc2.weight is skipped since its requires_grad=False
2026/07/23 19:32:12 - mmengine - WARNING - backbone.adapter.backbone.vit.blocks.18.mlp.fc2.bias is skipped since its requires_grad=False
2026/07/23 19:32:12 - mmengine - WARNING - backbone.adapter.backbone.vit.blocks.18.ls2.gamma is skipped since its requires_grad=False
2026/07/23 19:32:12 - mmengine - WARNING - backbone.adapter.backbone.vit.blocks.19.norm1.weight is skipped since its requires_grad=False
2026/07/23 19:32:12 - mmengine - WARNING - backbone.adapter.backbone.vit.blocks.19.norm1.bias is skipped since its requires_grad=False
2026/07/23 19:32:12 - mmengine - WARNING - backbone.adapter.backbone.vit.blocks.19.attn.qkv.weight is skipped since its requires_grad=False
2026/07/23 19:32:12 - mmengine - WARNING - backbone.adapter.backbone.vit.blocks.19.attn.qkv.bias is skipped since its requires_grad=False
2026/07/23 19:32:12 - mmengine - WARNING - backbone.adapter.backbone.vit.blocks.19.attn.proj.weight is skipped since its requires_grad=False
2026/07/23 19:32:12 - mmengine - WARNING - backbone.adapter.backbone.vit.blocks.19.attn.proj.bias is skipped since its requires_grad=False
2026/07/23 19:32:12 - mmengine - WARNING - backbone.adapter.backbone.vit.blocks.19.ls1.gamma is skipped since its requires_grad=False
2026/07/23 19:32:12 - mmengine - WARNING - backbone.adapter.backbone.vit.blocks.19.norm2.weight is skipped since its requires_grad=False
2026/07/23 19:32:12 - mmengine - WARNING - backbone.adapter.backbone.vit.blocks.19.norm2.bias is skipped since its requires_grad=False
2026/07/23 19:32:12 - mmengine - WARNING - backbone.adapter.backbone.vit.blocks.19.mlp.fc1.weight is skipped since its requires_grad=False
2026/07/23 19:32:12 - mmengine - WARNING - backbone.adapter.backbone.vit.blocks.19.mlp.fc1.bias is skipped since its requires_grad=False
2026/07/23 19:32:12 - mmengine - WARNING - backbone.adapter.backbone.vit.blocks.19.mlp.fc2.weight is skipped since its requires_grad=False
2026/07/23 19:32:12 - mmengine - WARNING - backbone.adapter.backbone.vit.blocks.19.mlp.fc2.bias is skipped since its requires_grad=False
2026/07/23 19:32:12 - mmengine - WARNING - backbone.adapter.backbone.vit.blocks.19.ls2.gamma is skipped since its requires_grad=False
2026/07/23 19:32:12 - mmengine - WARNING - backbone.adapter.backbone.vit.blocks.20.norm1.weight is skipped since its requires_grad=False
2026/07/23 19:32:12 - mmengine - WARNING - backbone.adapter.backbone.vit.blocks.20.norm1.bias is skipped since its requires_grad=False
2026/07/23 19:32:12 - mmengine - WARNING - backbone.adapter.backbone.vit.blocks.20.attn.qkv.weight is skipped since its requires_grad=False
2026/07/23 19:32:12 - mmengine - WARNING - backbone.adapter.backbone.vit.blocks.20.attn.qkv.bias is skipped since its requires_grad=False
2026/07/23 19:32:12 - mmengine - WARNING - backbone.adapter.backbone.vit.blocks.20.attn.proj.weight is skipped since its requires_grad=False
2026/07/23 19:32:12 - mmengine - WARNING - backbone.adapter.backbone.vit.blocks.20.attn.proj.bias is skipped since its requires_grad=False
2026/07/23 19:32:12 - mmengine - WARNING - backbone.adapter.backbone.vit.blocks.20.ls1.gamma is skipped since its requires_grad=False
2026/07/23 19:32:12 - mmengine - WARNING - backbone.adapter.backbone.vit.blocks.20.norm2.weight is skipped since its requires_grad=False
2026/07/23 19:32:12 - mmengine - WARNING - backbone.adapter.backbone.vit.blocks.20.norm2.bias is skipped since its requires_grad=False
2026/07/23 19:32:12 - mmengine - WARNING - backbone.adapter.backbone.vit.blocks.20.mlp.fc1.weight is skipped since its requires_grad=False
2026/07/23 19:32:12 - mmengine - WARNING - backbone.adapter.backbone.vit.blocks.20.mlp.fc1.bias is skipped since its requires_grad=False
2026/07/23 19:32:12 - mmengine - WARNING - backbone.adapter.backbone.vit.blocks.20.mlp.fc2.weight is skipped since its requires_grad=False
2026/07/23 19:32:12 - mmengine - WARNING - backbone.adapter.backbone.vit.blocks.20.mlp.fc2.bias is skipped since its requires_grad=False
2026/07/23 19:32:12 - mmengine - WARNING - backbone.adapter.backbone.vit.blocks.20.ls2.gamma is skipped since its requires_grad=False
2026/07/23 19:32:12 - mmengine - WARNING - backbone.adapter.backbone.vit.blocks.21.norm1.weight is skipped since its requires_grad=False
2026/07/23 19:32:12 - mmengine - WARNING - backbone.adapter.backbone.vit.blocks.21.norm1.bias is skipped since its requires_grad=False
2026/07/23 19:32:12 - mmengine - WARNING - backbone.adapter.backbone.vit.blocks.21.attn.qkv.weight is skipped since its requires_grad=False
2026/07/23 19:32:12 - mmengine - WARNING - backbone.adapter.backbone.vit.blocks.21.attn.qkv.bias is skipped since its requires_grad=False
2026/07/23 19:32:12 - mmengine - WARNING - backbone.adapter.backbone.vit.blocks.21.attn.proj.weight is skipped since its requires_grad=False
2026/07/23 19:32:12 - mmengine - WARNING - backbone.adapter.backbone.vit.blocks.21.attn.proj.bias is skipped since its requires_grad=False
2026/07/23 19:32:12 - mmengine - WARNING - backbone.adapter.backbone.vit.blocks.21.ls1.gamma is skipped since its requires_grad=False
2026/07/23 19:32:12 - mmengine - WARNING - backbone.adapter.backbone.vit.blocks.21.norm2.weight is skipped since its requires_grad=False
2026/07/23 19:32:12 - mmengine - WARNING - backbone.adapter.backbone.vit.blocks.21.norm2.bias is skipped since its requires_grad=False
2026/07/23 19:32:12 - mmengine - WARNING - backbone.adapter.backbone.vit.blocks.21.mlp.fc1.weight is skipped since its requires_grad=False
2026/07/23 19:32:12 - mmengine - WARNING - backbone.adapter.backbone.vit.blocks.21.mlp.fc1.bias is skipped since its requires_grad=False
2026/07/23 19:32:12 - mmengine - WARNING - backbone.adapter.backbone.vit.blocks.21.mlp.fc2.weight is skipped since its requires_grad=False
2026/07/23 19:32:12 - mmengine - WARNING - backbone.adapter.backbone.vit.blocks.21.mlp.fc2.bias is skipped since its requires_grad=False
2026/07/23 19:32:12 - mmengine - WARNING - backbone.adapter.backbone.vit.blocks.21.ls2.gamma is skipped since its requires_grad=False
2026/07/23 19:32:12 - mmengine - WARNING - backbone.adapter.backbone.vit.blocks.22.norm1.weight is skipped since its requires_grad=False
2026/07/23 19:32:12 - mmengine - WARNING - backbone.adapter.backbone.vit.blocks.22.norm1.bias is skipped since its requires_grad=False
2026/07/23 19:32:12 - mmengine - WARNING - backbone.adapter.backbone.vit.blocks.22.attn.qkv.weight is skipped since its requires_grad=False
2026/07/23 19:32:12 - mmengine - WARNING - backbone.adapter.backbone.vit.blocks.22.attn.qkv.bias is skipped since its requires_grad=False
2026/07/23 19:32:12 - mmengine - WARNING - backbone.adapter.backbone.vit.blocks.22.attn.proj.weight is skipped since its requires_grad=False
2026/07/23 19:32:12 - mmengine - WARNING - backbone.adapter.backbone.vit.blocks.22.attn.proj.bias is skipped since its requires_grad=False
2026/07/23 19:32:12 - mmengine - WARNING - backbone.adapter.backbone.vit.blocks.22.ls1.gamma is skipped since its requires_grad=False
2026/07/23 19:32:12 - mmengine - WARNING - backbone.adapter.backbone.vit.blocks.22.norm2.weight is skipped since its requires_grad=False
2026/07/23 19:32:12 - mmengine - WARNING - backbone.adapter.backbone.vit.blocks.22.norm2.bias is skipped since its requires_grad=False
2026/07/23 19:32:12 - mmengine - WARNING - backbone.adapter.backbone.vit.blocks.22.mlp.fc1.weight is skipped since its requires_grad=False
2026/07/23 19:32:12 - mmengine - WARNING - backbone.adapter.backbone.vit.blocks.22.mlp.fc1.bias is skipped since its requires_grad=False
2026/07/23 19:32:12 - mmengine - WARNING - backbone.adapter.backbone.vit.blocks.22.mlp.fc2.weight is skipped since its requires_grad=False
2026/07/23 19:32:12 - mmengine - WARNING - backbone.adapter.backbone.vit.blocks.22.mlp.fc2.bias is skipped since its requires_grad=False
2026/07/23 19:32:12 - mmengine - WARNING - backbone.adapter.backbone.vit.blocks.22.ls2.gamma is skipped since its requires_grad=False
2026/07/23 19:32:12 - mmengine - WARNING - backbone.adapter.backbone.vit.blocks.23.norm1.weight is skipped since its requires_grad=False
2026/07/23 19:32:12 - mmengine - WARNING - backbone.adapter.backbone.vit.blocks.23.norm1.bias is skipped since its requires_grad=False
2026/07/23 19:32:12 - mmengine - WARNING - backbone.adapter.backbone.vit.blocks.23.attn.qkv.weight is skipped since its requires_grad=False
2026/07/23 19:32:12 - mmengine - WARNING - backbone.adapter.backbone.vit.blocks.23.attn.qkv.bias is skipped since its requires_grad=False
2026/07/23 19:32:12 - mmengine - WARNING - backbone.adapter.backbone.vit.blocks.23.attn.proj.weight is skipped since its requires_grad=False
2026/07/23 19:32:12 - mmengine - WARNING - backbone.adapter.backbone.vit.blocks.23.attn.proj.bias is skipped since its requires_grad=False
2026/07/23 19:32:12 - mmengine - WARNING - backbone.adapter.backbone.vit.blocks.23.ls1.gamma is skipped since its requires_grad=False
2026/07/23 19:32:12 - mmengine - WARNING - backbone.adapter.backbone.vit.blocks.23.norm2.weight is skipped since its requires_grad=False
2026/07/23 19:32:12 - mmengine - WARNING - backbone.adapter.backbone.vit.blocks.23.norm2.bias is skipped since its requires_grad=False
2026/07/23 19:32:12 - mmengine - WARNING - backbone.adapter.backbone.vit.blocks.23.mlp.fc1.weight is skipped since its requires_grad=False
2026/07/23 19:32:12 - mmengine - WARNING - backbone.adapter.backbone.vit.blocks.23.mlp.fc1.bias is skipped since its requires_grad=False
2026/07/23 19:32:12 - mmengine - WARNING - backbone.adapter.backbone.vit.blocks.23.mlp.fc2.weight is skipped since its requires_grad=False
2026/07/23 19:32:12 - mmengine - WARNING - backbone.adapter.backbone.vit.blocks.23.mlp.fc2.bias is skipped since its requires_grad=False
2026/07/23 19:32:12 - mmengine - WARNING - backbone.adapter.backbone.vit.blocks.23.ls2.gamma is skipped since its requires_grad=False
2026/07/23 19:32:12 - mmengine - WARNING - backbone.adapter.backbone.vit.norm.weight is skipped since its requires_grad=False
2026/07/23 19:32:12 - mmengine - WARNING - backbone.adapter.backbone.vit.norm.bias is skipped since its requires_grad=False
2026/07/23 19:32:12 - mmengine - WARNING - backbone.adapter.backbone.fusion.mask_token is skipped since its requires_grad=False
2026/07/23 19:32:12 - mmengine - WARNING - backbone.adapter.backbone.fusion.fusion_mask_token is skipped since its requires_grad=False
2026/07/23 19:32:12 - mmengine - WARNING - backbone.adapter.backbone.fusion.cross_scale is skipped since its requires_grad=False
2026/07/23 19:32:12 - mmengine - WARNING - backbone.adapter.backbone.fusion.blocks.0.self_attn.create_qkv.weight is skipped since its requires_grad=False
2026/07/23 19:32:12 - mmengine - WARNING - backbone.adapter.backbone.fusion.blocks.0.self_attn.out.weight is skipped since its requires_grad=False
2026/07/23 19:32:12 - mmengine - WARNING - backbone.adapter.backbone.fusion.blocks.0.self_attn.out.bias is skipped since its requires_grad=False
2026/07/23 19:32:12 - mmengine - WARNING - backbone.adapter.backbone.fusion.blocks.0.self_attn.norm.weight is skipped since its requires_grad=False
2026/07/23 19:32:12 - mmengine - WARNING - backbone.adapter.backbone.fusion.blocks.0.self_attn.norm.bias is skipped since its requires_grad=False
2026/07/23 19:32:12 - mmengine - WARNING - backbone.adapter.backbone.fusion.blocks.0.cross_attn.create_q.weight is skipped since its requires_grad=False
2026/07/23 19:32:12 - mmengine - WARNING - backbone.adapter.backbone.fusion.blocks.0.cross_attn.create_k.weight is skipped since its requires_grad=False
2026/07/23 19:32:12 - mmengine - WARNING - backbone.adapter.backbone.fusion.blocks.0.cross_attn.create_v.weight is skipped since its requires_grad=False
2026/07/23 19:32:12 - mmengine - WARNING - backbone.adapter.backbone.fusion.blocks.0.cross_attn.to_out.weight is skipped since its requires_grad=False
2026/07/23 19:32:12 - mmengine - WARNING - backbone.adapter.backbone.fusion.blocks.0.cross_attn.to_out.bias is skipped since its requires_grad=False
2026/07/23 19:32:12 - mmengine - WARNING - backbone.adapter.backbone.fusion.blocks.0.cross_attn.norm_x.weight is skipped since its requires_grad=False
2026/07/23 19:32:12 - mmengine - WARNING - backbone.adapter.backbone.fusion.blocks.0.cross_attn.norm_x.bias is skipped since its requires_grad=False
2026/07/23 19:32:12 - mmengine - WARNING - backbone.adapter.backbone.fusion.blocks.0.cross_attn.norm_context.weight is skipped since its requires_grad=False
2026/07/23 19:32:12 - mmengine - WARNING - backbone.adapter.backbone.fusion.blocks.0.cross_attn.norm_context.bias is skipped since its requires_grad=False
2026/07/23 19:32:12 - mmengine - WARNING - backbone.adapter.backbone.fusion.blocks.0.ffn.net.0.weight is skipped since its requires_grad=False
2026/07/23 19:32:12 - mmengine - WARNING - backbone.adapter.backbone.fusion.blocks.0.ffn.net.0.bias is skipped since its requires_grad=False
2026/07/23 19:32:12 - mmengine - WARNING - backbone.adapter.backbone.fusion.blocks.0.ffn.net.3.weight is skipped since its requires_grad=False
2026/07/23 19:32:12 - mmengine - WARNING - backbone.adapter.backbone.fusion.blocks.0.ffn.net.3.bias is skipped since its requires_grad=False
2026/07/23 19:32:12 - mmengine - WARNING - backbone.adapter.backbone.fusion.blocks.0.ffn.input_norm.weight is skipped since its requires_grad=False
2026/07/23 19:32:12 - mmengine - WARNING - backbone.adapter.backbone.fusion.blocks.0.ffn.input_norm.bias is skipped since its requires_grad=False
2026/07/23 19:32:12 - mmengine - WARNING - backbone.adapter.backbone.fusion.blocks.1.self_attn.create_qkv.weight is skipped since its requires_grad=False
2026/07/23 19:32:12 - mmengine - WARNING - backbone.adapter.backbone.fusion.blocks.1.self_attn.out.weight is skipped since its requires_grad=False
2026/07/23 19:32:12 - mmengine - WARNING - backbone.adapter.backbone.fusion.blocks.1.self_attn.out.bias is skipped since its requires_grad=False
2026/07/23 19:32:12 - mmengine - WARNING - backbone.adapter.backbone.fusion.blocks.1.self_attn.norm.weight is skipped since its requires_grad=False
2026/07/23 19:32:12 - mmengine - WARNING - backbone.adapter.backbone.fusion.blocks.1.self_attn.norm.bias is skipped since its requires_grad=False
2026/07/23 19:32:12 - mmengine - WARNING - backbone.adapter.backbone.fusion.blocks.1.cross_attn.create_q.weight is skipped since its requires_grad=False
2026/07/23 19:32:12 - mmengine - WARNING - backbone.adapter.backbone.fusion.blocks.1.cross_attn.create_k.weight is skipped since its requires_grad=False
2026/07/23 19:32:12 - mmengine - WARNING - backbone.adapter.backbone.fusion.blocks.1.cross_attn.create_v.weight is skipped since its requires_grad=False
2026/07/23 19:32:12 - mmengine - WARNING - backbone.adapter.backbone.fusion.blocks.1.cross_attn.to_out.weight is skipped since its requires_grad=False
2026/07/23 19:32:12 - mmengine - WARNING - backbone.adapter.backbone.fusion.blocks.1.cross_attn.to_out.bias is skipped since its requires_grad=False
2026/07/23 19:32:12 - mmengine - WARNING - backbone.adapter.backbone.fusion.blocks.1.cross_attn.norm_x.weight is skipped since its requires_grad=False
2026/07/23 19:32:12 - mmengine - WARNING - backbone.adapter.backbone.fusion.blocks.1.cross_attn.norm_x.bias is skipped since its requires_grad=False
2026/07/23 19:32:12 - mmengine - WARNING - backbone.adapter.backbone.fusion.blocks.1.cross_attn.norm_context.weight is skipped since its requires_grad=False
2026/07/23 19:32:12 - mmengine - WARNING - backbone.adapter.backbone.fusion.blocks.1.cross_attn.norm_context.bias is skipped since its requires_grad=False
2026/07/23 19:32:12 - mmengine - WARNING - backbone.adapter.backbone.fusion.blocks.1.ffn.net.0.weight is skipped since its requires_grad=False
2026/07/23 19:32:12 - mmengine - WARNING - backbone.adapter.backbone.fusion.blocks.1.ffn.net.0.bias is skipped since its requires_grad=False
2026/07/23 19:32:12 - mmengine - WARNING - backbone.adapter.backbone.fusion.blocks.1.ffn.net.3.weight is skipped since its requires_grad=False
2026/07/23 19:32:12 - mmengine - WARNING - backbone.adapter.backbone.fusion.blocks.1.ffn.net.3.bias is skipped since its requires_grad=False
2026/07/23 19:32:12 - mmengine - WARNING - backbone.adapter.backbone.fusion.blocks.1.ffn.input_norm.weight is skipped since its requires_grad=False
2026/07/23 19:32:12 - mmengine - WARNING - backbone.adapter.backbone.fusion.blocks.1.ffn.input_norm.bias is skipped since its requires_grad=False
2026/07/23 19:32:12 - mmengine - WARNING - backbone.adapter.backbone.fusion.blocks.2.self_attn.create_qkv.weight is skipped since its requires_grad=False
2026/07/23 19:32:12 - mmengine - WARNING - backbone.adapter.backbone.fusion.blocks.2.self_attn.out.weight is skipped since its requires_grad=False
2026/07/23 19:32:12 - mmengine - WARNING - backbone.adapter.backbone.fusion.blocks.2.self_attn.out.bias is skipped since its requires_grad=False
2026/07/23 19:32:12 - mmengine - WARNING - backbone.adapter.backbone.fusion.blocks.2.self_attn.norm.weight is skipped since its requires_grad=False
2026/07/23 19:32:12 - mmengine - WARNING - backbone.adapter.backbone.fusion.blocks.2.self_attn.norm.bias is skipped since its requires_grad=False
2026/07/23 19:32:12 - mmengine - WARNING - backbone.adapter.backbone.fusion.blocks.2.cross_attn.create_q.weight is skipped since its requires_grad=False
2026/07/23 19:32:12 - mmengine - WARNING - backbone.adapter.backbone.fusion.blocks.2.cross_attn.create_k.weight is skipped since its requires_grad=False
2026/07/23 19:32:12 - mmengine - WARNING - backbone.adapter.backbone.fusion.blocks.2.cross_attn.create_v.weight is skipped since its requires_grad=False
2026/07/23 19:32:12 - mmengine - WARNING - backbone.adapter.backbone.fusion.blocks.2.cross_attn.to_out.weight is skipped since its requires_grad=False
2026/07/23 19:32:12 - mmengine - WARNING - backbone.adapter.backbone.fusion.blocks.2.cross_attn.to_out.bias is skipped since its requires_grad=False
2026/07/23 19:32:12 - mmengine - WARNING - backbone.adapter.backbone.fusion.blocks.2.cross_attn.norm_x.weight is skipped since its requires_grad=False
2026/07/23 19:32:12 - mmengine - WARNING - backbone.adapter.backbone.fusion.blocks.2.cross_attn.norm_x.bias is skipped since its requires_grad=False
2026/07/23 19:32:12 - mmengine - WARNING - backbone.adapter.backbone.fusion.blocks.2.cross_attn.norm_context.weight is skipped since its requires_grad=False
2026/07/23 19:32:12 - mmengine - WARNING - backbone.adapter.backbone.fusion.blocks.2.cross_attn.norm_context.bias is skipped since its requires_grad=False
2026/07/23 19:32:12 - mmengine - WARNING - backbone.adapter.backbone.fusion.blocks.2.ffn.net.0.weight is skipped since its requires_grad=False
2026/07/23 19:32:12 - mmengine - WARNING - backbone.adapter.backbone.fusion.blocks.2.ffn.net.0.bias is skipped since its requires_grad=False
2026/07/23 19:32:12 - mmengine - WARNING - backbone.adapter.backbone.fusion.blocks.2.ffn.net.3.weight is skipped since its requires_grad=False
2026/07/23 19:32:12 - mmengine - WARNING - backbone.adapter.backbone.fusion.blocks.2.ffn.net.3.bias is skipped since its requires_grad=False
2026/07/23 19:32:12 - mmengine - WARNING - backbone.adapter.backbone.fusion.blocks.2.ffn.input_norm.weight is skipped since its requires_grad=False
2026/07/23 19:32:12 - mmengine - WARNING - backbone.adapter.backbone.fusion.blocks.2.ffn.input_norm.bias is skipped since its requires_grad=False
2026/07/23 19:32:12 - mmengine - WARNING - backbone.adapter.backbone.fusion.norm_out.weight is skipped since its requires_grad=False
2026/07/23 19:32:12 - mmengine - WARNING - backbone.adapter.backbone.fusion.norm_out.bias is skipped since its requires_grad=False
2026/07/23 19:32:12 - mmengine - WARNING - backbone.adapter.backbone.embed_head.decoder.0.weight is skipped since its requires_grad=False
2026/07/23 19:32:12 - mmengine - WARNING - backbone.adapter.backbone.embed_head.decoder.0.bias is skipped since its requires_grad=False
2026/07/23 19:32:12 - mmengine - WARNING - backbone.adapter.backbone.embed_head.decoder.1.weight is skipped since its requires_grad=False
2026/07/23 19:32:12 - mmengine - WARNING - backbone.adapter.backbone.embed_head.decoder.1.bias is skipped since its requires_grad=False
2026/07/23 19:32:12 - mmengine - INFO - paramwise_options -- backbone.adapter.spm.stem.1.weight:weight_decay=0.0
2026/07/23 19:32:12 - mmengine - INFO - paramwise_options -- backbone.adapter.spm.stem.1.bias:weight_decay=0.0
2026/07/23 19:32:12 - mmengine - INFO - paramwise_options -- backbone.adapter.spm.stem.4.weight:weight_decay=0.0
2026/07/23 19:32:12 - mmengine - INFO - paramwise_options -- backbone.adapter.spm.stem.4.bias:weight_decay=0.0
2026/07/23 19:32:12 - mmengine - INFO - paramwise_options -- backbone.adapter.spm.stem.7.weight:weight_decay=0.0
2026/07/23 19:32:12 - mmengine - INFO - paramwise_options -- backbone.adapter.spm.stem.7.bias:weight_decay=0.0
2026/07/23 19:32:12 - mmengine - INFO - paramwise_options -- backbone.adapter.spm.conv2.1.weight:weight_decay=0.0
2026/07/23 19:32:12 - mmengine - INFO - paramwise_options -- backbone.adapter.spm.conv2.1.bias:weight_decay=0.0
2026/07/23 19:32:12 - mmengine - INFO - paramwise_options -- backbone.adapter.spm.conv3.1.weight:weight_decay=0.0
2026/07/23 19:32:12 - mmengine - INFO - paramwise_options -- backbone.adapter.spm.conv3.1.bias:weight_decay=0.0
2026/07/23 19:32:12 - mmengine - INFO - paramwise_options -- backbone.adapter.spm.conv4.1.weight:weight_decay=0.0
2026/07/23 19:32:12 - mmengine - INFO - paramwise_options -- backbone.adapter.spm.conv4.1.bias:weight_decay=0.0
2026/07/23 19:32:12 - mmengine - INFO - paramwise_options -- backbone.adapter.interactions.0.extractor.query_norm.weight:weight_decay=0.0
2026/07/23 19:32:12 - mmengine - INFO - paramwise_options -- backbone.adapter.interactions.0.extractor.query_norm.bias:weight_decay=0.0
2026/07/23 19:32:12 - mmengine - INFO - paramwise_options -- backbone.adapter.interactions.0.extractor.feat_norm.weight:weight_decay=0.0
2026/07/23 19:32:12 - mmengine - INFO - paramwise_options -- backbone.adapter.interactions.0.extractor.feat_norm.bias:weight_decay=0.0
2026/07/23 19:32:12 - mmengine - INFO - paramwise_options -- backbone.adapter.interactions.0.extractor.ffn_norm.weight:weight_decay=0.0
2026/07/23 19:32:12 - mmengine - INFO - paramwise_options -- backbone.adapter.interactions.0.extractor.ffn_norm.bias:weight_decay=0.0
2026/07/23 19:32:12 - mmengine - INFO - paramwise_options -- backbone.adapter.interactions.1.extractor.query_norm.weight:weight_decay=0.0
2026/07/23 19:32:12 - mmengine - INFO - paramwise_options -- backbone.adapter.interactions.1.extractor.query_norm.bias:weight_decay=0.0
2026/07/23 19:32:12 - mmengine - INFO - paramwise_options -- backbone.adapter.interactions.1.extractor.feat_norm.weight:weight_decay=0.0
2026/07/23 19:32:12 - mmengine - INFO - paramwise_options -- backbone.adapter.interactions.1.extractor.feat_norm.bias:weight_decay=0.0
2026/07/23 19:32:12 - mmengine - INFO - paramwise_options -- backbone.adapter.interactions.1.extractor.ffn_norm.weight:weight_decay=0.0
2026/07/23 19:32:12 - mmengine - INFO - paramwise_options -- backbone.adapter.interactions.1.extractor.ffn_norm.bias:weight_decay=0.0
2026/07/23 19:32:12 - mmengine - INFO - paramwise_options -- backbone.adapter.interactions.2.extractor.query_norm.weight:weight_decay=0.0
2026/07/23 19:32:12 - mmengine - INFO - paramwise_options -- backbone.adapter.interactions.2.extractor.query_norm.bias:weight_decay=0.0
2026/07/23 19:32:12 - mmengine - INFO - paramwise_options -- backbone.adapter.interactions.2.extractor.feat_norm.weight:weight_decay=0.0
2026/07/23 19:32:12 - mmengine - INFO - paramwise_options -- backbone.adapter.interactions.2.extractor.feat_norm.bias:weight_decay=0.0
2026/07/23 19:32:12 - mmengine - INFO - paramwise_options -- backbone.adapter.interactions.2.extractor.ffn_norm.weight:weight_decay=0.0
2026/07/23 19:32:12 - mmengine - INFO - paramwise_options -- backbone.adapter.interactions.2.extractor.ffn_norm.bias:weight_decay=0.0
2026/07/23 19:32:12 - mmengine - INFO - paramwise_options -- backbone.adapter.interactions.3.extractor.query_norm.weight:weight_decay=0.0
2026/07/23 19:32:12 - mmengine - INFO - paramwise_options -- backbone.adapter.interactions.3.extractor.query_norm.bias:weight_decay=0.0
2026/07/23 19:32:12 - mmengine - INFO - paramwise_options -- backbone.adapter.interactions.3.extractor.feat_norm.weight:weight_decay=0.0
2026/07/23 19:32:12 - mmengine - INFO - paramwise_options -- backbone.adapter.interactions.3.extractor.feat_norm.bias:weight_decay=0.0
2026/07/23 19:32:12 - mmengine - INFO - paramwise_options -- backbone.adapter.interactions.3.extractor.ffn_norm.weight:weight_decay=0.0
2026/07/23 19:32:12 - mmengine - INFO - paramwise_options -- backbone.adapter.interactions.3.extractor.ffn_norm.bias:weight_decay=0.0
2026/07/23 19:32:12 - mmengine - INFO - paramwise_options -- backbone.adapter.interactions.3.extra_extractors.0.query_norm.weight:weight_decay=0.0
2026/07/23 19:32:12 - mmengine - INFO - paramwise_options -- backbone.adapter.interactions.3.extra_extractors.0.query_norm.bias:weight_decay=0.0
2026/07/23 19:32:12 - mmengine - INFO - paramwise_options -- backbone.adapter.interactions.3.extra_extractors.0.feat_norm.weight:weight_decay=0.0
2026/07/23 19:32:12 - mmengine - INFO - paramwise_options -- backbone.adapter.interactions.3.extra_extractors.0.feat_norm.bias:weight_decay=0.0
2026/07/23 19:32:12 - mmengine - INFO - paramwise_options -- backbone.adapter.interactions.3.extra_extractors.0.ffn_norm.weight:weight_decay=0.0
2026/07/23 19:32:12 - mmengine - INFO - paramwise_options -- backbone.adapter.interactions.3.extra_extractors.0.ffn_norm.bias:weight_decay=0.0
2026/07/23 19:32:12 - mmengine - INFO - paramwise_options -- backbone.adapter.interactions.3.extra_extractors.1.query_norm.weight:weight_decay=0.0
2026/07/23 19:32:12 - mmengine - INFO - paramwise_options -- backbone.adapter.interactions.3.extra_extractors.1.query_norm.bias:weight_decay=0.0
2026/07/23 19:32:12 - mmengine - INFO - paramwise_options -- backbone.adapter.interactions.3.extra_extractors.1.feat_norm.weight:weight_decay=0.0
2026/07/23 19:32:12 - mmengine - INFO - paramwise_options -- backbone.adapter.interactions.3.extra_extractors.1.feat_norm.bias:weight_decay=0.0
2026/07/23 19:32:12 - mmengine - INFO - paramwise_options -- backbone.adapter.interactions.3.extra_extractors.1.ffn_norm.weight:weight_decay=0.0
2026/07/23 19:32:12 - mmengine - INFO - paramwise_options -- backbone.adapter.interactions.3.extra_extractors.1.ffn_norm.bias:weight_decay=0.0
2026/07/23 19:32:12 - mmengine - INFO - paramwise_options -- backbone.adapter.norm1.weight:weight_decay=0.0
2026/07/23 19:32:12 - mmengine - INFO - paramwise_options -- backbone.adapter.norm1.bias:weight_decay=0.0
2026/07/23 19:32:12 - mmengine - INFO - paramwise_options -- backbone.adapter.norm2.weight:weight_decay=0.0
2026/07/23 19:32:12 - mmengine - INFO - paramwise_options -- backbone.adapter.norm2.bias:weight_decay=0.0
2026/07/23 19:32:12 - mmengine - INFO - paramwise_options -- backbone.adapter.norm3.weight:weight_decay=0.0
2026/07/23 19:32:12 - mmengine - INFO - paramwise_options -- backbone.adapter.norm3.bias:weight_decay=0.0
2026/07/23 19:32:12 - mmengine - INFO - paramwise_options -- backbone.adapter.norm4.weight:weight_decay=0.0
2026/07/23 19:32:12 - mmengine - INFO - paramwise_options -- backbone.adapter.norm4.bias:weight_decay=0.0
2026/07/23 19:32:12 - mmengine - INFO - paramwise_options -- decode_head.pixel_decoder.input_convs.0.gn.weight:weight_decay=0.0
2026/07/23 19:32:12 - mmengine - INFO - paramwise_options -- decode_head.pixel_decoder.input_convs.0.gn.bias:weight_decay=0.0
2026/07/23 19:32:12 - mmengine - INFO - paramwise_options -- decode_head.pixel_decoder.input_convs.1.gn.weight:weight_decay=0.0
2026/07/23 19:32:12 - mmengine - INFO - paramwise_options -- decode_head.pixel_decoder.input_convs.1.gn.bias:weight_decay=0.0
2026/07/23 19:32:12 - mmengine - INFO - paramwise_options -- decode_head.pixel_decoder.input_convs.2.gn.weight:weight_decay=0.0
2026/07/23 19:32:12 - mmengine - INFO - paramwise_options -- decode_head.pixel_decoder.input_convs.2.gn.bias:weight_decay=0.0
2026/07/23 19:32:12 - mmengine - INFO - paramwise_options -- decode_head.pixel_decoder.encoder.layers.0.norms.0.weight:weight_decay=0.0
2026/07/23 19:32:12 - mmengine - INFO - paramwise_options -- decode_head.pixel_decoder.encoder.layers.0.norms.0.bias:weight_decay=0.0
2026/07/23 19:32:12 - mmengine - INFO - paramwise_options -- decode_head.pixel_decoder.encoder.layers.0.norms.1.weight:weight_decay=0.0
2026/07/23 19:32:12 - mmengine - INFO - paramwise_options -- decode_head.pixel_decoder.encoder.layers.0.norms.1.bias:weight_decay=0.0
2026/07/23 19:32:12 - mmengine - INFO - paramwise_options -- decode_head.pixel_decoder.encoder.layers.1.norms.0.weight:weight_decay=0.0
2026/07/23 19:32:12 - mmengine - INFO - paramwise_options -- decode_head.pixel_decoder.encoder.layers.1.norms.0.bias:weight_decay=0.0
2026/07/23 19:32:12 - mmengine - INFO - paramwise_options -- decode_head.pixel_decoder.encoder.layers.1.norms.1.weight:weight_decay=0.0
2026/07/23 19:32:12 - mmengine - INFO - paramwise_options -- decode_head.pixel_decoder.encoder.layers.1.norms.1.bias:weight_decay=0.0
2026/07/23 19:32:12 - mmengine - INFO - paramwise_options -- decode_head.pixel_decoder.encoder.layers.2.norms.0.weight:weight_decay=0.0
2026/07/23 19:32:12 - mmengine - INFO - paramwise_options -- decode_head.pixel_decoder.encoder.layers.2.norms.0.bias:weight_decay=0.0
2026/07/23 19:32:12 - mmengine - INFO - paramwise_options -- decode_head.pixel_decoder.encoder.layers.2.norms.1.weight:weight_decay=0.0
2026/07/23 19:32:12 - mmengine - INFO - paramwise_options -- decode_head.pixel_decoder.encoder.layers.2.norms.1.bias:weight_decay=0.0
2026/07/23 19:32:12 - mmengine - INFO - paramwise_options -- decode_head.pixel_decoder.encoder.layers.3.norms.0.weight:weight_decay=0.0
2026/07/23 19:32:12 - mmengine - INFO - paramwise_options -- decode_head.pixel_decoder.encoder.layers.3.norms.0.bias:weight_decay=0.0
2026/07/23 19:32:12 - mmengine - INFO - paramwise_options -- decode_head.pixel_decoder.encoder.layers.3.norms.1.weight:weight_decay=0.0
2026/07/23 19:32:12 - mmengine - INFO - paramwise_options -- decode_head.pixel_decoder.encoder.layers.3.norms.1.bias:weight_decay=0.0
2026/07/23 19:32:12 - mmengine - INFO - paramwise_options -- decode_head.pixel_decoder.encoder.layers.4.norms.0.weight:weight_decay=0.0
2026/07/23 19:32:12 - mmengine - INFO - paramwise_options -- decode_head.pixel_decoder.encoder.layers.4.norms.0.bias:weight_decay=0.0
2026/07/23 19:32:12 - mmengine - INFO - paramwise_options -- decode_head.pixel_decoder.encoder.layers.4.norms.1.weight:weight_decay=0.0
2026/07/23 19:32:12 - mmengine - INFO - paramwise_options -- decode_head.pixel_decoder.encoder.layers.4.norms.1.bias:weight_decay=0.0
2026/07/23 19:32:12 - mmengine - INFO - paramwise_options -- decode_head.pixel_decoder.encoder.layers.5.norms.0.weight:weight_decay=0.0
2026/07/23 19:32:12 - mmengine - INFO - paramwise_options -- decode_head.pixel_decoder.encoder.layers.5.norms.0.bias:weight_decay=0.0
2026/07/23 19:32:12 - mmengine - INFO - paramwise_options -- decode_head.pixel_decoder.encoder.layers.5.norms.1.weight:weight_decay=0.0
2026/07/23 19:32:12 - mmengine - INFO - paramwise_options -- decode_head.pixel_decoder.encoder.layers.5.norms.1.bias:weight_decay=0.0
2026/07/23 19:32:12 - mmengine - INFO - paramwise_options -- decode_head.pixel_decoder.lateral_convs.0.gn.weight:weight_decay=0.0
2026/07/23 19:32:12 - mmengine - INFO - paramwise_options -- decode_head.pixel_decoder.lateral_convs.0.gn.bias:weight_decay=0.0
2026/07/23 19:32:12 - mmengine - INFO - paramwise_options -- decode_head.pixel_decoder.output_convs.0.gn.weight:weight_decay=0.0
2026/07/23 19:32:12 - mmengine - INFO - paramwise_options -- decode_head.pixel_decoder.output_convs.0.gn.bias:weight_decay=0.0
2026/07/23 19:32:12 - mmengine - INFO - paramwise_options -- decode_head.transformer_decoder.layers.0.norms.0.weight:weight_decay=0.0
2026/07/23 19:32:12 - mmengine - INFO - paramwise_options -- decode_head.transformer_decoder.layers.0.norms.0.bias:weight_decay=0.0
2026/07/23 19:32:12 - mmengine - INFO - paramwise_options -- decode_head.transformer_decoder.layers.0.norms.1.weight:weight_decay=0.0
2026/07/23 19:32:12 - mmengine - INFO - paramwise_options -- decode_head.transformer_decoder.layers.0.norms.1.bias:weight_decay=0.0
2026/07/23 19:32:12 - mmengine - INFO - paramwise_options -- decode_head.transformer_decoder.layers.0.norms.2.weight:weight_decay=0.0
2026/07/23 19:32:12 - mmengine - INFO - paramwise_options -- decode_head.transformer_decoder.layers.0.norms.2.bias:weight_decay=0.0
2026/07/23 19:32:12 - mmengine - INFO - paramwise_options -- decode_head.transformer_decoder.layers.1.norms.0.weight:weight_decay=0.0
2026/07/23 19:32:12 - mmengine - INFO - paramwise_options -- decode_head.transformer_decoder.layers.1.norms.0.bias:weight_decay=0.0
2026/07/23 19:32:12 - mmengine - INFO - paramwise_options -- decode_head.transformer_decoder.layers.1.norms.1.weight:weight_decay=0.0
2026/07/23 19:32:12 - mmengine - INFO - paramwise_options -- decode_head.transformer_decoder.layers.1.norms.1.bias:weight_decay=0.0
2026/07/23 19:32:12 - mmengine - INFO - paramwise_options -- decode_head.transformer_decoder.layers.1.norms.2.weight:weight_decay=0.0
2026/07/23 19:32:12 - mmengine - INFO - paramwise_options -- decode_head.transformer_decoder.layers.1.norms.2.bias:weight_decay=0.0
2026/07/23 19:32:12 - mmengine - INFO - paramwise_options -- decode_head.transformer_decoder.layers.2.norms.0.weight:weight_decay=0.0
2026/07/23 19:32:12 - mmengine - INFO - paramwise_options -- decode_head.transformer_decoder.layers.2.norms.0.bias:weight_decay=0.0
2026/07/23 19:32:12 - mmengine - INFO - paramwise_options -- decode_head.transformer_decoder.layers.2.norms.1.weight:weight_decay=0.0
2026/07/23 19:32:12 - mmengine - INFO - paramwise_options -- decode_head.transformer_decoder.layers.2.norms.1.bias:weight_decay=0.0
2026/07/23 19:32:12 - mmengine - INFO - paramwise_options -- decode_head.transformer_decoder.layers.2.norms.2.weight:weight_decay=0.0
2026/07/23 19:32:12 - mmengine - INFO - paramwise_options -- decode_head.transformer_decoder.layers.2.norms.2.bias:weight_decay=0.0
2026/07/23 19:32:12 - mmengine - INFO - paramwise_options -- decode_head.transformer_decoder.layers.3.norms.0.weight:weight_decay=0.0
2026/07/23 19:32:12 - mmengine - INFO - paramwise_options -- decode_head.transformer_decoder.layers.3.norms.0.bias:weight_decay=0.0
2026/07/23 19:32:12 - mmengine - INFO - paramwise_options -- decode_head.transformer_decoder.layers.3.norms.1.weight:weight_decay=0.0
2026/07/23 19:32:12 - mmengine - INFO - paramwise_options -- decode_head.transformer_decoder.layers.3.norms.1.bias:weight_decay=0.0
2026/07/23 19:32:12 - mmengine - INFO - paramwise_options -- decode_head.transformer_decoder.layers.3.norms.2.weight:weight_decay=0.0
2026/07/23 19:32:12 - mmengine - INFO - paramwise_options -- decode_head.transformer_decoder.layers.3.norms.2.bias:weight_decay=0.0
2026/07/23 19:32:12 - mmengine - INFO - paramwise_options -- decode_head.transformer_decoder.layers.4.norms.0.weight:weight_decay=0.0
2026/07/23 19:32:12 - mmengine - INFO - paramwise_options -- decode_head.transformer_decoder.layers.4.norms.0.bias:weight_decay=0.0
2026/07/23 19:32:12 - mmengine - INFO - paramwise_options -- decode_head.transformer_decoder.layers.4.norms.1.weight:weight_decay=0.0
2026/07/23 19:32:12 - mmengine - INFO - paramwise_options -- decode_head.transformer_decoder.layers.4.norms.1.bias:weight_decay=0.0
2026/07/23 19:32:12 - mmengine - INFO - paramwise_options -- decode_head.transformer_decoder.layers.4.norms.2.weight:weight_decay=0.0
2026/07/23 19:32:12 - mmengine - INFO - paramwise_options -- decode_head.transformer_decoder.layers.4.norms.2.bias:weight_decay=0.0
2026/07/23 19:32:12 - mmengine - INFO - paramwise_options -- decode_head.transformer_decoder.layers.5.norms.0.weight:weight_decay=0.0
2026/07/23 19:32:12 - mmengine - INFO - paramwise_options -- decode_head.transformer_decoder.layers.5.norms.0.bias:weight_decay=0.0
2026/07/23 19:32:12 - mmengine - INFO - paramwise_options -- decode_head.transformer_decoder.layers.5.norms.1.weight:weight_decay=0.0
2026/07/23 19:32:12 - mmengine - INFO - paramwise_options -- decode_head.transformer_decoder.layers.5.norms.1.bias:weight_decay=0.0
2026/07/23 19:32:12 - mmengine - INFO - paramwise_options -- decode_head.transformer_decoder.layers.5.norms.2.weight:weight_decay=0.0
2026/07/23 19:32:12 - mmengine - INFO - paramwise_options -- decode_head.transformer_decoder.layers.5.norms.2.bias:weight_decay=0.0
2026/07/23 19:32:12 - mmengine - INFO - paramwise_options -- decode_head.transformer_decoder.layers.6.norms.0.weight:weight_decay=0.0
2026/07/23 19:32:12 - mmengine - INFO - paramwise_options -- decode_head.transformer_decoder.layers.6.norms.0.bias:weight_decay=0.0
2026/07/23 19:32:12 - mmengine - INFO - paramwise_options -- decode_head.transformer_decoder.layers.6.norms.1.weight:weight_decay=0.0
2026/07/23 19:32:12 - mmengine - INFO - paramwise_options -- decode_head.transformer_decoder.layers.6.norms.1.bias:weight_decay=0.0
2026/07/23 19:32:12 - mmengine - INFO - paramwise_options -- decode_head.transformer_decoder.layers.6.norms.2.weight:weight_decay=0.0
2026/07/23 19:32:12 - mmengine - INFO - paramwise_options -- decode_head.transformer_decoder.layers.6.norms.2.bias:weight_decay=0.0
2026/07/23 19:32:12 - mmengine - INFO - paramwise_options -- decode_head.transformer_decoder.layers.7.norms.0.weight:weight_decay=0.0
2026/07/23 19:32:12 - mmengine - INFO - paramwise_options -- decode_head.transformer_decoder.layers.7.norms.0.bias:weight_decay=0.0
2026/07/23 19:32:12 - mmengine - INFO - paramwise_options -- decode_head.transformer_decoder.layers.7.norms.1.weight:weight_decay=0.0
2026/07/23 19:32:12 - mmengine - INFO - paramwise_options -- decode_head.transformer_decoder.layers.7.norms.1.bias:weight_decay=0.0
2026/07/23 19:32:12 - mmengine - INFO - paramwise_options -- decode_head.transformer_decoder.layers.7.norms.2.weight:weight_decay=0.0
2026/07/23 19:32:12 - mmengine - INFO - paramwise_options -- decode_head.transformer_decoder.layers.7.norms.2.bias:weight_decay=0.0
2026/07/23 19:32:12 - mmengine - INFO - paramwise_options -- decode_head.transformer_decoder.layers.8.norms.0.weight:weight_decay=0.0
2026/07/23 19:32:12 - mmengine - INFO - paramwise_options -- decode_head.transformer_decoder.layers.8.norms.0.bias:weight_decay=0.0
2026/07/23 19:32:12 - mmengine - INFO - paramwise_options -- decode_head.transformer_decoder.layers.8.norms.1.weight:weight_decay=0.0
2026/07/23 19:32:12 - mmengine - INFO - paramwise_options -- decode_head.transformer_decoder.layers.8.norms.1.bias:weight_decay=0.0
2026/07/23 19:32:12 - mmengine - INFO - paramwise_options -- decode_head.transformer_decoder.layers.8.norms.2.weight:weight_decay=0.0
2026/07/23 19:32:12 - mmengine - INFO - paramwise_options -- decode_head.transformer_decoder.layers.8.norms.2.bias:weight_decay=0.0
2026/07/23 19:32:12 - mmengine - INFO - paramwise_options -- decode_head.transformer_decoder.post_norm.weight:weight_decay=0.0
2026/07/23 19:32:12 - mmengine - INFO - paramwise_options -- decode_head.transformer_decoder.post_norm.bias:weight_decay=0.0
2026/07/23 19:32:12 - mmengine - INFO - paramwise_options -- decode_head.query_embed.weight:lr=5e-05
2026/07/23 19:32:12 - mmengine - INFO - paramwise_options -- decode_head.query_embed.weight:weight_decay=0.0
2026/07/23 19:32:12 - mmengine - INFO - paramwise_options -- decode_head.query_embed.weight:lr_mult=1.0
2026/07/23 19:32:12 - mmengine - INFO - paramwise_options -- decode_head.query_embed.weight:decay_mult=0.0
2026/07/23 19:32:12 - mmengine - INFO - paramwise_options -- decode_head.query_feat.weight:lr=5e-05
2026/07/23 19:32:12 - mmengine - INFO - paramwise_options -- decode_head.query_feat.weight:weight_decay=0.0
2026/07/23 19:32:12 - mmengine - INFO - paramwise_options -- decode_head.query_feat.weight:lr_mult=1.0
2026/07/23 19:32:12 - mmengine - INFO - paramwise_options -- decode_head.query_feat.weight:decay_mult=0.0
2026/07/23 19:32:12 - mmengine - INFO - paramwise_options -- decode_head.level_embed.weight:lr=5e-05
2026/07/23 19:32:12 - mmengine - INFO - paramwise_options -- decode_head.level_embed.weight:weight_decay=0.0
2026/07/23 19:32:12 - mmengine - INFO - paramwise_options -- decode_head.level_embed.weight:lr_mult=1.0
2026/07/23 19:32:12 - mmengine - INFO - paramwise_options -- decode_head.level_embed.weight:decay_mult=0.0
2026/07/23 19:33:15 - mmengine - WARNING - The prefix is not set in metric class IoUMetric.
Name of parameter - Initialization information

backbone.wrapper.vit.cls_token - torch.Size([1, 1, 1024]): 
The value is the same before and after calling `init_weights` of EncoderDecoder  

backbone.wrapper.vit.storage_tokens - torch.Size([1, 4, 1024]): 
The value is the same before and after calling `init_weights` of EncoderDecoder  

backbone.wrapper.vit.mask_token - torch.Size([1, 1024]): 
The value is the same before and after calling `init_weights` of EncoderDecoder  

backbone.wrapper.vit.patch_embed.proj.weight - torch.Size([1024, 3, 16, 16]): 
The value is the same before and after calling `init_weights` of EncoderDecoder  

backbone.wrapper.vit.patch_embed.proj.bias - torch.Size([1024]): 
The value is the same before and after calling `init_weights` of EncoderDecoder  

backbone.wrapper.vit.blocks.0.norm1.weight - torch.Size([1024]): 
The value is the same before and after calling `init_weights` of EncoderDecoder  

backbone.wrapper.vit.blocks.0.norm1.bias - torch.Size([1024]): 
The value is the same before and after calling `init_weights` of EncoderDecoder  

backbone.wrapper.vit.blocks.0.attn.qkv.weight - torch.Size([3072, 1024]): 
The value is the same before and after calling `init_weights` of EncoderDecoder  

backbone.wrapper.vit.blocks.0.attn.qkv.bias - torch.Size([3072]): 
The value is the same before and after calling `init_weights` of EncoderDecoder  

backbone.wrapper.vit.blocks.0.attn.proj.weight - torch.Size([1024, 1024]): 
The value is the same before and after calling `init_weights` of EncoderDecoder  

backbone.wrapper.vit.blocks.0.attn.proj.bias - torch.Size([1024]): 
The value is the same before and after calling `init_weights` of EncoderDecoder  

backbone.wrapper.vit.blocks.0.ls1.gamma - torch.Size([1024]): 
The value is the same before and after calling `init_weights` of EncoderDecoder  

backbone.wrapper.vit.blocks.0.norm2.weight - torch.Size([1024]): 
The value is the same before and after calling `init_weights` of EncoderDecoder  

backbone.wrapper.vit.blocks.0.norm2.bias - torch.Size([1024]): 
The value is the same before and after calling `init_weights` of EncoderDecoder  

backbone.wrapper.vit.blocks.0.mlp.fc1.weight - torch.Size([4096, 1024]): 
The value is the same before and after calling `init_weights` of EncoderDecoder  

backbone.wrapper.vit.blocks.0.mlp.fc1.bias - torch.Size([4096]): 
The value is the same before and after calling `init_weights` of EncoderDecoder  

backbone.wrapper.vit.blocks.0.mlp.fc2.weight - torch.Size([1024, 4096]): 
The value is the same before and after calling `init_weights` of EncoderDecoder  

backbone.wrapper.vit.blocks.0.mlp.fc2.bias - torch.Size([1024]): 
The value is the same before and after calling `init_weights` of EncoderDecoder  

backbone.wrapper.vit.blocks.0.ls2.gamma - torch.Size([1024]): 
The value is the same before and after calling `init_weights` of EncoderDecoder  

backbone.wrapper.vit.blocks.1.norm1.weight - torch.Size([1024]): 
The value is the same before and after calling `init_weights` of EncoderDecoder  

backbone.wrapper.vit.blocks.1.norm1.bias - torch.Size([1024]): 
The value is the same before and after calling `init_weights` of EncoderDecoder  

backbone.wrapper.vit.blocks.1.attn.qkv.weight - torch.Size([3072, 1024]): 
The value is the same before and after calling `init_weights` of EncoderDecoder  

backbone.wrapper.vit.blocks.1.attn.qkv.bias - torch.Size([3072]): 
The value is the same before and after calling `init_weights` of EncoderDecoder  

backbone.wrapper.vit.blocks.1.attn.proj.weight - torch.Size([1024, 1024]): 
The value is the same before and after calling `init_weights` of EncoderDecoder  

backbone.wrapper.vit.blocks.1.attn.proj.bias - torch.Size([1024]): 
The value is the same before and after calling `init_weights` of EncoderDecoder  

backbone.wrapper.vit.blocks.1.ls1.gamma - torch.Size([1024]): 
The value is the same before and after calling `init_weights` of EncoderDecoder  

backbone.wrapper.vit.blocks.1.norm2.weight - torch.Size([1024]): 
The value is the same before and after calling `init_weights` of EncoderDecoder  

backbone.wrapper.vit.blocks.1.norm2.bias - torch.Size([1024]): 
The value is the same before and after calling `init_weights` of EncoderDecoder  

backbone.wrapper.vit.blocks.1.mlp.fc1.weight - torch.Size([4096, 1024]): 
The value is the same before and after calling `init_weights` of EncoderDecoder  

backbone.wrapper.vit.blocks.1.mlp.fc1.bias - torch.Size([4096]): 
The value is the same before and after calling `init_weights` of EncoderDecoder  

backbone.wrapper.vit.blocks.1.mlp.fc2.weight - torch.Size([1024, 4096]): 
The value is the same before and after calling `init_weights` of EncoderDecoder  

backbone.wrapper.vit.blocks.1.mlp.fc2.bias - torch.Size([1024]): 
The value is the same before and after calling `init_weights` of EncoderDecoder  

backbone.wrapper.vit.blocks.1.ls2.gamma - torch.Size([1024]): 
The value is the same before and after calling `init_weights` of EncoderDecoder  

backbone.wrapper.vit.blocks.2.norm1.weight - torch.Size([1024]): 
The value is the same before and after calling `init_weights` of EncoderDecoder  

backbone.wrapper.vit.blocks.2.norm1.bias - torch.Size([1024]): 
The value is the same before and after calling `init_weights` of EncoderDecoder  

backbone.wrapper.vit.blocks.2.attn.qkv.weight - torch.Size([3072, 1024]): 
The value is the same before and after calling `init_weights` of EncoderDecoder  

backbone.wrapper.vit.blocks.2.attn.qkv.bias - torch.Size([3072]): 
The value is the same before and after calling `init_weights` of EncoderDecoder  

backbone.wrapper.vit.blocks.2.attn.proj.weight - torch.Size([1024, 1024]): 
The value is the same before and after calling `init_weights` of EncoderDecoder  

backbone.wrapper.vit.blocks.2.attn.proj.bias - torch.Size([1024]): 
The value is the same before and after calling `init_weights` of EncoderDecoder  

backbone.wrapper.vit.blocks.2.ls1.gamma - torch.Size([1024]): 
The value is the same before and after calling `init_weights` of EncoderDecoder  

backbone.wrapper.vit.blocks.2.norm2.weight - torch.Size([1024]): 
The value is the same before and after calling `init_weights` of EncoderDecoder  

backbone.wrapper.vit.blocks.2.norm2.bias - torch.Size([1024]): 
The value is the same before and after calling `init_weights` of EncoderDecoder  

backbone.wrapper.vit.blocks.2.mlp.fc1.weight - torch.Size([4096, 1024]): 
The value is the same before and after calling `init_weights` of EncoderDecoder  

backbone.wrapper.vit.blocks.2.mlp.fc1.bias - torch.Size([4096]): 
The value is the same before and after calling `init_weights` of EncoderDecoder  

backbone.wrapper.vit.blocks.2.mlp.fc2.weight - torch.Size([1024, 4096]): 
The value is the same before and after calling `init_weights` of EncoderDecoder  

backbone.wrapper.vit.blocks.2.mlp.fc2.bias - torch.Size([1024]): 
The value is the same before and after calling `init_weights` of EncoderDecoder  

backbone.wrapper.vit.blocks.2.ls2.gamma - torch.Size([1024]): 
The value is the same before and after calling `init_weights` of EncoderDecoder  

backbone.wrapper.vit.blocks.3.norm1.weight - torch.Size([1024]): 
The value is the same before and after calling `init_weights` of EncoderDecoder  

backbone.wrapper.vit.blocks.3.norm1.bias - torch.Size([1024]): 
The value is the same before and after calling `init_weights` of EncoderDecoder  

backbone.wrapper.vit.blocks.3.attn.qkv.weight - torch.Size([3072, 1024]): 
The value is the same before and after calling `init_weights` of EncoderDecoder  

backbone.wrapper.vit.blocks.3.attn.qkv.bias - torch.Size([3072]): 
The value is the same before and after calling `init_weights` of EncoderDecoder  

backbone.wrapper.vit.blocks.3.attn.proj.weight - torch.Size([1024, 1024]): 
The value is the same before and after calling `init_weights` of EncoderDecoder  

backbone.wrapper.vit.blocks.3.attn.proj.bias - torch.Size([1024]): 
The value is the same before and after calling `init_weights` of EncoderDecoder  

backbone.wrapper.vit.blocks.3.ls1.gamma - torch.Size([1024]): 
The value is the same before and after calling `init_weights` of EncoderDecoder  

backbone.wrapper.vit.blocks.3.norm2.weight - torch.Size([1024]): 
The value is the same before and after calling `init_weights` of EncoderDecoder  

backbone.wrapper.vit.blocks.3.norm2.bias - torch.Size([1024]): 
The value is the same before and after calling `init_weights` of EncoderDecoder  

backbone.wrapper.vit.blocks.3.mlp.fc1.weight - torch.Size([4096, 1024]): 
The value is the same before and after calling `init_weights` of EncoderDecoder  

backbone.wrapper.vit.blocks.3.mlp.fc1.bias - torch.Size([4096]): 
The value is the same before and after calling `init_weights` of EncoderDecoder  

backbone.wrapper.vit.blocks.3.mlp.fc2.weight - torch.Size([1024, 4096]): 
The value is the same before and after calling `init_weights` of EncoderDecoder  

backbone.wrapper.vit.blocks.3.mlp.fc2.bias - torch.Size([1024]): 
The value is the same before and after calling `init_weights` of EncoderDecoder  

backbone.wrapper.vit.blocks.3.ls2.gamma - torch.Size([1024]): 
The value is the same before and after calling `init_weights` of EncoderDecoder  

backbone.wrapper.vit.blocks.4.norm1.weight - torch.Size([1024]): 
The value is the same before and after calling `init_weights` of EncoderDecoder  

backbone.wrapper.vit.blocks.4.norm1.bias - torch.Size([1024]): 
The value is the same before and after calling `init_weights` of EncoderDecoder  

backbone.wrapper.vit.blocks.4.attn.qkv.weight - torch.Size([3072, 1024]): 
The value is the same before and after calling `init_weights` of EncoderDecoder  

backbone.wrapper.vit.blocks.4.attn.qkv.bias - torch.Size([3072]): 
The value is the same before and after calling `init_weights` of EncoderDecoder  

backbone.wrapper.vit.blocks.4.attn.proj.weight - torch.Size([1024, 1024]): 
The value is the same before and after calling `init_weights` of EncoderDecoder  

backbone.wrapper.vit.blocks.4.attn.proj.bias - torch.Size([1024]): 
The value is the same before and after calling `init_weights` of EncoderDecoder  

backbone.wrapper.vit.blocks.4.ls1.gamma - torch.Size([1024]): 
The value is the same before and after calling `init_weights` of EncoderDecoder  

backbone.wrapper.vit.blocks.4.norm2.weight - torch.Size([1024]): 
The value is the same before and after calling `init_weights` of EncoderDecoder  

backbone.wrapper.vit.blocks.4.norm2.bias - torch.Size([1024]): 
The value is the same before and after calling `init_weights` of EncoderDecoder  

backbone.wrapper.vit.blocks.4.mlp.fc1.weight - torch.Size([4096, 1024]): 
The value is the same before and after calling `init_weights` of EncoderDecoder  

backbone.wrapper.vit.blocks.4.mlp.fc1.bias - torch.Size([4096]): 
The value is the same before and after calling `init_weights` of EncoderDecoder  

backbone.wrapper.vit.blocks.4.mlp.fc2.weight - torch.Size([1024, 4096]): 
The value is the same before and after calling `init_weights` of EncoderDecoder  

backbone.wrapper.vit.blocks.4.mlp.fc2.bias - torch.Size([1024]): 
The value is the same before and after calling `init_weights` of EncoderDecoder  

backbone.wrapper.vit.blocks.4.ls2.gamma - torch.Size([1024]): 
The value is the same before and after calling `init_weights` of EncoderDecoder  

backbone.wrapper.vit.blocks.5.norm1.weight - torch.Size([1024]): 
The value is the same before and after calling `init_weights` of EncoderDecoder  

backbone.wrapper.vit.blocks.5.norm1.bias - torch.Size([1024]): 
The value is the same before and after calling `init_weights` of EncoderDecoder  

backbone.wrapper.vit.blocks.5.attn.qkv.weight - torch.Size([3072, 1024]): 
The value is the same before and after calling `init_weights` of EncoderDecoder  

backbone.wrapper.vit.blocks.5.attn.qkv.bias - torch.Size([3072]): 
The value is the same before and after calling `init_weights` of EncoderDecoder  

backbone.wrapper.vit.blocks.5.attn.proj.weight - torch.Size([1024, 1024]): 
The value is the same before and after calling `init_weights` of EncoderDecoder  

backbone.wrapper.vit.blocks.5.attn.proj.bias - torch.Size([1024]): 
The value is the same before and after calling `init_weights` of EncoderDecoder  

backbone.wrapper.vit.blocks.5.ls1.gamma - torch.Size([1024]): 
The value is the same before and after calling `init_weights` of EncoderDecoder  

backbone.wrapper.vit.blocks.5.norm2.weight - torch.Size([1024]): 
The value is the same before and after calling `init_weights` of EncoderDecoder  

backbone.wrapper.vit.blocks.5.norm2.bias - torch.Size([1024]): 
The value is the same before and after calling `init_weights` of EncoderDecoder  

backbone.wrapper.vit.blocks.5.mlp.fc1.weight - torch.Size([4096, 1024]): 
The value is the same before and after calling `init_weights` of EncoderDecoder  

backbone.wrapper.vit.blocks.5.mlp.fc1.bias - torch.Size([4096]): 
The value is the same before and after calling `init_weights` of EncoderDecoder  

backbone.wrapper.vit.blocks.5.mlp.fc2.weight - torch.Size([1024, 4096]): 
The value is the same before and after calling `init_weights` of EncoderDecoder  

backbone.wrapper.vit.blocks.5.mlp.fc2.bias - torch.Size([1024]): 
The value is the same before and after calling `init_weights` of EncoderDecoder  

backbone.wrapper.vit.blocks.5.ls2.gamma - torch.Size([1024]): 
The value is the same before and after calling `init_weights` of EncoderDecoder  

backbone.wrapper.vit.blocks.6.norm1.weight - torch.Size([1024]): 
The value is the same before and after calling `init_weights` of EncoderDecoder  

backbone.wrapper.vit.blocks.6.norm1.bias - torch.Size([1024]): 
The value is the same before and after calling `init_weights` of EncoderDecoder  

backbone.wrapper.vit.blocks.6.attn.qkv.weight - torch.Size([3072, 1024]): 
The value is the same before and after calling `init_weights` of EncoderDecoder  

backbone.wrapper.vit.blocks.6.attn.qkv.bias - torch.Size([3072]): 
The value is the same before and after calling `init_weights` of EncoderDecoder  

backbone.wrapper.vit.blocks.6.attn.proj.weight - torch.Size([1024, 1024]): 
The value is the same before and after calling `init_weights` of EncoderDecoder  

backbone.wrapper.vit.blocks.6.attn.proj.bias - torch.Size([1024]): 
The value is the same before and after calling `init_weights` of EncoderDecoder  

backbone.wrapper.vit.blocks.6.ls1.gamma - torch.Size([1024]): 
The value is the same before and after calling `init_weights` of EncoderDecoder  

backbone.wrapper.vit.blocks.6.norm2.weight - torch.Size([1024]): 
The value is the same before and after calling `init_weights` of EncoderDecoder  

backbone.wrapper.vit.blocks.6.norm2.bias - torch.Size([1024]): 
The value is the same before and after calling `init_weights` of EncoderDecoder  

backbone.wrapper.vit.blocks.6.mlp.fc1.weight - torch.Size([4096, 1024]): 
The value is the same before and after calling `init_weights` of EncoderDecoder  

backbone.wrapper.vit.blocks.6.mlp.fc1.bias - torch.Size([4096]): 
The value is the same before and after calling `init_weights` of EncoderDecoder  

backbone.wrapper.vit.blocks.6.mlp.fc2.weight - torch.Size([1024, 4096]): 
The value is the same before and after calling `init_weights` of EncoderDecoder  

backbone.wrapper.vit.blocks.6.mlp.fc2.bias - torch.Size([1024]): 
The value is the same before and after calling `init_weights` of EncoderDecoder  

backbone.wrapper.vit.blocks.6.ls2.gamma - torch.Size([1024]): 
The value is the same before and after calling `init_weights` of EncoderDecoder  

backbone.wrapper.vit.blocks.7.norm1.weight - torch.Size([1024]): 
The value is the same before and after calling `init_weights` of EncoderDecoder  

backbone.wrapper.vit.blocks.7.norm1.bias - torch.Size([1024]): 
The value is the same before and after calling `init_weights` of EncoderDecoder  

backbone.wrapper.vit.blocks.7.attn.qkv.weight - torch.Size([3072, 1024]): 
The value is the same before and after calling `init_weights` of EncoderDecoder  

backbone.wrapper.vit.blocks.7.attn.qkv.bias - torch.Size([3072]): 
The value is the same before and after calling `init_weights` of EncoderDecoder  

backbone.wrapper.vit.blocks.7.attn.proj.weight - torch.Size([1024, 1024]): 
The value is the same before and after calling `init_weights` of EncoderDecoder  

backbone.wrapper.vit.blocks.7.attn.proj.bias - torch.Size([1024]): 
The value is the same before and after calling `init_weights` of EncoderDecoder  

backbone.wrapper.vit.blocks.7.ls1.gamma - torch.Size([1024]): 
The value is the same before and after calling `init_weights` of EncoderDecoder  

backbone.wrapper.vit.blocks.7.norm2.weight - torch.Size([1024]): 
The value is the same before and after calling `init_weights` of EncoderDecoder  

backbone.wrapper.vit.blocks.7.norm2.bias - torch.Size([1024]): 
The value is the same before and after calling `init_weights` of EncoderDecoder  

backbone.wrapper.vit.blocks.7.mlp.fc1.weight - torch.Size([4096, 1024]): 
The value is the same before and after calling `init_weights` of EncoderDecoder  

backbone.wrapper.vit.blocks.7.mlp.fc1.bias - torch.Size([4096]): 
The value is the same before and after calling `init_weights` of EncoderDecoder  

backbone.wrapper.vit.blocks.7.mlp.fc2.weight - torch.Size([1024, 4096]): 
The value is the same before and after calling `init_weights` of EncoderDecoder  

backbone.wrapper.vit.blocks.7.mlp.fc2.bias - torch.Size([1024]): 
The value is the same before and after calling `init_weights` of EncoderDecoder  

backbone.wrapper.vit.blocks.7.ls2.gamma - torch.Size([1024]): 
The value is the same before and after calling `init_weights` of EncoderDecoder  

backbone.wrapper.vit.blocks.8.norm1.weight - torch.Size([1024]): 
The value is the same before and after calling `init_weights` of EncoderDecoder  

backbone.wrapper.vit.blocks.8.norm1.bias - torch.Size([1024]): 
The value is the same before and after calling `init_weights` of EncoderDecoder  

backbone.wrapper.vit.blocks.8.attn.qkv.weight - torch.Size([3072, 1024]): 
The value is the same before and after calling `init_weights` of EncoderDecoder  

backbone.wrapper.vit.blocks.8.attn.qkv.bias - torch.Size([3072]): 
The value is the same before and after calling `init_weights` of EncoderDecoder  

backbone.wrapper.vit.blocks.8.attn.proj.weight - torch.Size([1024, 1024]): 
The value is the same before and after calling `init_weights` of EncoderDecoder  

backbone.wrapper.vit.blocks.8.attn.proj.bias - torch.Size([1024]): 
The value is the same before and after calling `init_weights` of EncoderDecoder  

backbone.wrapper.vit.blocks.8.ls1.gamma - torch.Size([1024]): 
The value is the same before and after calling `init_weights` of EncoderDecoder  

backbone.wrapper.vit.blocks.8.norm2.weight - torch.Size([1024]): 
The value is the same before and after calling `init_weights` of EncoderDecoder  

backbone.wrapper.vit.blocks.8.norm2.bias - torch.Size([1024]): 
The value is the same before and after calling `init_weights` of EncoderDecoder  

backbone.wrapper.vit.blocks.8.mlp.fc1.weight - torch.Size([4096, 1024]): 
The value is the same before and after calling `init_weights` of EncoderDecoder  

backbone.wrapper.vit.blocks.8.mlp.fc1.bias - torch.Size([4096]): 
The value is the same before and after calling `init_weights` of EncoderDecoder  

backbone.wrapper.vit.blocks.8.mlp.fc2.weight - torch.Size([1024, 4096]): 
The value is the same before and after calling `init_weights` of EncoderDecoder  

backbone.wrapper.vit.blocks.8.mlp.fc2.bias - torch.Size([1024]): 
The value is the same before and after calling `init_weights` of EncoderDecoder  

backbone.wrapper.vit.blocks.8.ls2.gamma - torch.Size([1024]): 
The value is the same before and after calling `init_weights` of EncoderDecoder  

backbone.wrapper.vit.blocks.9.norm1.weight - torch.Size([1024]): 
The value is the same before and after calling `init_weights` of EncoderDecoder  

backbone.wrapper.vit.blocks.9.norm1.bias - torch.Size([1024]): 
The value is the same before and after calling `init_weights` of EncoderDecoder  

backbone.wrapper.vit.blocks.9.attn.qkv.weight - torch.Size([3072, 1024]): 
The value is the same before and after calling `init_weights` of EncoderDecoder  

backbone.wrapper.vit.blocks.9.attn.qkv.bias - torch.Size([3072]): 
The value is the same before and after calling `init_weights` of EncoderDecoder  

backbone.wrapper.vit.blocks.9.attn.proj.weight - torch.Size([1024, 1024]): 
The value is the same before and after calling `init_weights` of EncoderDecoder  

backbone.wrapper.vit.blocks.9.attn.proj.bias - torch.Size([1024]): 
The value is the same before and after calling `init_weights` of EncoderDecoder  

backbone.wrapper.vit.blocks.9.ls1.gamma - torch.Size([1024]): 
The value is the same before and after calling `init_weights` of EncoderDecoder  

backbone.wrapper.vit.blocks.9.norm2.weight - torch.Size([1024]): 
The value is the same before and after calling `init_weights` of EncoderDecoder  

backbone.wrapper.vit.blocks.9.norm2.bias - torch.Size([1024]): 
The value is the same before and after calling `init_weights` of EncoderDecoder  

backbone.wrapper.vit.blocks.9.mlp.fc1.weight - torch.Size([4096, 1024]): 
The value is the same before and after calling `init_weights` of EncoderDecoder  

backbone.wrapper.vit.blocks.9.mlp.fc1.bias - torch.Size([4096]): 
The value is the same before and after calling `init_weights` of EncoderDecoder  

backbone.wrapper.vit.blocks.9.mlp.fc2.weight - torch.Size([1024, 4096]): 
The value is the same before and after calling `init_weights` of EncoderDecoder  

backbone.wrapper.vit.blocks.9.mlp.fc2.bias - torch.Size([1024]): 
The value is the same before and after calling `init_weights` of EncoderDecoder  

backbone.wrapper.vit.blocks.9.ls2.gamma - torch.Size([1024]): 
The value is the same before and after calling `init_weights` of EncoderDecoder  

backbone.wrapper.vit.blocks.10.norm1.weight - torch.Size([1024]): 
The value is the same before and after calling `init_weights` of EncoderDecoder  

backbone.wrapper.vit.blocks.10.norm1.bias - torch.Size([1024]): 
The value is the same before and after calling `init_weights` of EncoderDecoder  

backbone.wrapper.vit.blocks.10.attn.qkv.weight - torch.Size([3072, 1024]): 
The value is the same before and after calling `init_weights` of EncoderDecoder  

backbone.wrapper.vit.blocks.10.attn.qkv.bias - torch.Size([3072]): 
The value is the same before and after calling `init_weights` of EncoderDecoder  

backbone.wrapper.vit.blocks.10.attn.proj.weight - torch.Size([1024, 1024]): 
The value is the same before and after calling `init_weights` of EncoderDecoder  

backbone.wrapper.vit.blocks.10.attn.proj.bias - torch.Size([1024]): 
The value is the same before and after calling `init_weights` of EncoderDecoder  

backbone.wrapper.vit.blocks.10.ls1.gamma - torch.Size([1024]): 
The value is the same before and after calling `init_weights` of EncoderDecoder  

backbone.wrapper.vit.blocks.10.norm2.weight - torch.Size([1024]): 
The value is the same before and after calling `init_weights` of EncoderDecoder  

backbone.wrapper.vit.blocks.10.norm2.bias - torch.Size([1024]): 
The value is the same before and after calling `init_weights` of EncoderDecoder  

backbone.wrapper.vit.blocks.10.mlp.fc1.weight - torch.Size([4096, 1024]): 
The value is the same before and after calling `init_weights` of EncoderDecoder  

backbone.wrapper.vit.blocks.10.mlp.fc1.bias - torch.Size([4096]): 
The value is the same before and after calling `init_weights` of EncoderDecoder  

backbone.wrapper.vit.blocks.10.mlp.fc2.weight - torch.Size([1024, 4096]): 
The value is the same before and after calling `init_weights` of EncoderDecoder  

backbone.wrapper.vit.blocks.10.mlp.fc2.bias - torch.Size([1024]): 
The value is the same before and after calling `init_weights` of EncoderDecoder  

backbone.wrapper.vit.blocks.10.ls2.gamma - torch.Size([1024]): 
The value is the same before and after calling `init_weights` of EncoderDecoder  

backbone.wrapper.vit.blocks.11.norm1.weight - torch.Size([1024]): 
The value is the same before and after calling `init_weights` of EncoderDecoder  

backbone.wrapper.vit.blocks.11.norm1.bias - torch.Size([1024]): 
The value is the same before and after calling `init_weights` of EncoderDecoder  

backbone.wrapper.vit.blocks.11.attn.qkv.weight - torch.Size([3072, 1024]): 
The value is the same before and after calling `init_weights` of EncoderDecoder  

backbone.wrapper.vit.blocks.11.attn.qkv.bias - torch.Size([3072]): 
The value is the same before and after calling `init_weights` of EncoderDecoder  

backbone.wrapper.vit.blocks.11.attn.proj.weight - torch.Size([1024, 1024]): 
The value is the same before and after calling `init_weights` of EncoderDecoder  

backbone.wrapper.vit.blocks.11.attn.proj.bias - torch.Size([1024]): 
The value is the same before and after calling `init_weights` of EncoderDecoder  

backbone.wrapper.vit.blocks.11.ls1.gamma - torch.Size([1024]): 
The value is the same before and after calling `init_weights` of EncoderDecoder  

backbone.wrapper.vit.blocks.11.norm2.weight - torch.Size([1024]): 
The value is the same before and after calling `init_weights` of EncoderDecoder  

backbone.wrapper.vit.blocks.11.norm2.bias - torch.Size([1024]): 
The value is the same before and after calling `init_weights` of EncoderDecoder  

backbone.wrapper.vit.blocks.11.mlp.fc1.weight - torch.Size([4096, 1024]): 
The value is the same before and after calling `init_weights` of EncoderDecoder  

backbone.wrapper.vit.blocks.11.mlp.fc1.bias - torch.Size([4096]): 
The value is the same before and after calling `init_weights` of EncoderDecoder  

backbone.wrapper.vit.blocks.11.mlp.fc2.weight - torch.Size([1024, 4096]): 
The value is the same before and after calling `init_weights` of EncoderDecoder  

backbone.wrapper.vit.blocks.11.mlp.fc2.bias - torch.Size([1024]): 
The value is the same before and after calling `init_weights` of EncoderDecoder  

backbone.wrapper.vit.blocks.11.ls2.gamma - torch.Size([1024]): 
The value is the same before and after calling `init_weights` of EncoderDecoder  

backbone.wrapper.vit.blocks.12.norm1.weight - torch.Size([1024]): 
The value is the same before and after calling `init_weights` of EncoderDecoder  

backbone.wrapper.vit.blocks.12.norm1.bias - torch.Size([1024]): 
The value is the same before and after calling `init_weights` of EncoderDecoder  

backbone.wrapper.vit.blocks.12.attn.qkv.weight - torch.Size([3072, 1024]): 
The value is the same before and after calling `init_weights` of EncoderDecoder  

backbone.wrapper.vit.blocks.12.attn.qkv.bias - torch.Size([3072]): 
The value is the same before and after calling `init_weights` of EncoderDecoder  

backbone.wrapper.vit.blocks.12.attn.proj.weight - torch.Size([1024, 1024]): 
The value is the same before and after calling `init_weights` of EncoderDecoder  

backbone.wrapper.vit.blocks.12.attn.proj.bias - torch.Size([1024]): 
The value is the same before and after calling `init_weights` of EncoderDecoder  

backbone.wrapper.vit.blocks.12.ls1.gamma - torch.Size([1024]): 
The value is the same before and after calling `init_weights` of EncoderDecoder  

backbone.wrapper.vit.blocks.12.norm2.weight - torch.Size([1024]): 
The value is the same before and after calling `init_weights` of EncoderDecoder  

backbone.wrapper.vit.blocks.12.norm2.bias - torch.Size([1024]): 
The value is the same before and after calling `init_weights` of EncoderDecoder  

backbone.wrapper.vit.blocks.12.mlp.fc1.weight - torch.Size([4096, 1024]): 
The value is the same before and after calling `init_weights` of EncoderDecoder  

backbone.wrapper.vit.blocks.12.mlp.fc1.bias - torch.Size([4096]): 
The value is the same before and after calling `init_weights` of EncoderDecoder  

backbone.wrapper.vit.blocks.12.mlp.fc2.weight - torch.Size([1024, 4096]): 
The value is the same before and after calling `init_weights` of EncoderDecoder  

backbone.wrapper.vit.blocks.12.mlp.fc2.bias - torch.Size([1024]): 
The value is the same before and after calling `init_weights` of EncoderDecoder  

backbone.wrapper.vit.blocks.12.ls2.gamma - torch.Size([1024]): 
The value is the same before and after calling `init_weights` of EncoderDecoder  

backbone.wrapper.vit.blocks.13.norm1.weight - torch.Size([1024]): 
The value is the same before and after calling `init_weights` of EncoderDecoder  

backbone.wrapper.vit.blocks.13.norm1.bias - torch.Size([1024]): 
The value is the same before and after calling `init_weights` of EncoderDecoder  

backbone.wrapper.vit.blocks.13.attn.qkv.weight - torch.Size([3072, 1024]): 
The value is the same before and after calling `init_weights` of EncoderDecoder  

backbone.wrapper.vit.blocks.13.attn.qkv.bias - torch.Size([3072]): 
The value is the same before and after calling `init_weights` of EncoderDecoder  

backbone.wrapper.vit.blocks.13.attn.proj.weight - torch.Size([1024, 1024]): 
The value is the same before and after calling `init_weights` of EncoderDecoder  

backbone.wrapper.vit.blocks.13.attn.proj.bias - torch.Size([1024]): 
The value is the same before and after calling `init_weights` of EncoderDecoder  

backbone.wrapper.vit.blocks.13.ls1.gamma - torch.Size([1024]): 
The value is the same before and after calling `init_weights` of EncoderDecoder  

backbone.wrapper.vit.blocks.13.norm2.weight - torch.Size([1024]): 
The value is the same before and after calling `init_weights` of EncoderDecoder  

backbone.wrapper.vit.blocks.13.norm2.bias - torch.Size([1024]): 
The value is the same before and after calling `init_weights` of EncoderDecoder  

backbone.wrapper.vit.blocks.13.mlp.fc1.weight - torch.Size([4096, 1024]): 
The value is the same before and after calling `init_weights` of EncoderDecoder  

backbone.wrapper.vit.blocks.13.mlp.fc1.bias - torch.Size([4096]): 
The value is the same before and after calling `init_weights` of EncoderDecoder  

backbone.wrapper.vit.blocks.13.mlp.fc2.weight - torch.Size([1024, 4096]): 
The value is the same before and after calling `init_weights` of EncoderDecoder  

backbone.wrapper.vit.blocks.13.mlp.fc2.bias - torch.Size([1024]): 
The value is the same before and after calling `init_weights` of EncoderDecoder  

backbone.wrapper.vit.blocks.13.ls2.gamma - torch.Size([1024]): 
The value is the same before and after calling `init_weights` of EncoderDecoder  

backbone.wrapper.vit.blocks.14.norm1.weight - torch.Size([1024]): 
The value is the same before and after calling `init_weights` of EncoderDecoder  

backbone.wrapper.vit.blocks.14.norm1.bias - torch.Size([1024]): 
The value is the same before and after calling `init_weights` of EncoderDecoder  

backbone.wrapper.vit.blocks.14.attn.qkv.weight - torch.Size([3072, 1024]): 
The value is the same before and after calling `init_weights` of EncoderDecoder  

backbone.wrapper.vit.blocks.14.attn.qkv.bias - torch.Size([3072]): 
The value is the same before and after calling `init_weights` of EncoderDecoder  

backbone.wrapper.vit.blocks.14.attn.proj.weight - torch.Size([1024, 1024]): 
The value is the same before and after calling `init_weights` of EncoderDecoder  

backbone.wrapper.vit.blocks.14.attn.proj.bias - torch.Size([1024]): 
The value is the same before and after calling `init_weights` of EncoderDecoder  

backbone.wrapper.vit.blocks.14.ls1.gamma - torch.Size([1024]): 
The value is the same before and after calling `init_weights` of EncoderDecoder  

backbone.wrapper.vit.blocks.14.norm2.weight - torch.Size([1024]): 
The value is the same before and after calling `init_weights` of EncoderDecoder  

backbone.wrapper.vit.blocks.14.norm2.bias - torch.Size([1024]): 
The value is the same before and after calling `init_weights` of EncoderDecoder  

backbone.wrapper.vit.blocks.14.mlp.fc1.weight - torch.Size([4096, 1024]): 
The value is the same before and after calling `init_weights` of EncoderDecoder  

backbone.wrapper.vit.blocks.14.mlp.fc1.bias - torch.Size([4096]): 
The value is the same before and after calling `init_weights` of EncoderDecoder  

backbone.wrapper.vit.blocks.14.mlp.fc2.weight - torch.Size([1024, 4096]): 
The value is the same before and after calling `init_weights` of EncoderDecoder  

backbone.wrapper.vit.blocks.14.mlp.fc2.bias - torch.Size([1024]): 
The value is the same before and after calling `init_weights` of EncoderDecoder  

backbone.wrapper.vit.blocks.14.ls2.gamma - torch.Size([1024]): 
The value is the same before and after calling `init_weights` of EncoderDecoder  

backbone.wrapper.vit.blocks.15.norm1.weight - torch.Size([1024]): 
The value is the same before and after calling `init_weights` of EncoderDecoder  

backbone.wrapper.vit.blocks.15.norm1.bias - torch.Size([1024]): 
The value is the same before and after calling `init_weights` of EncoderDecoder  

backbone.wrapper.vit.blocks.15.attn.qkv.weight - torch.Size([3072, 1024]): 
The value is the same before and after calling `init_weights` of EncoderDecoder  

backbone.wrapper.vit.blocks.15.attn.qkv.bias - torch.Size([3072]): 
The value is the same before and after calling `init_weights` of EncoderDecoder  

backbone.wrapper.vit.blocks.15.attn.proj.weight - torch.Size([1024, 1024]): 
The value is the same before and after calling `init_weights` of EncoderDecoder  

backbone.wrapper.vit.blocks.15.attn.proj.bias - torch.Size([1024]): 
The value is the same before and after calling `init_weights` of EncoderDecoder  

backbone.wrapper.vit.blocks.15.ls1.gamma - torch.Size([1024]): 
The value is the same before and after calling `init_weights` of EncoderDecoder  

backbone.wrapper.vit.blocks.15.norm2.weight - torch.Size([1024]): 
The value is the same before and after calling `init_weights` of EncoderDecoder  

backbone.wrapper.vit.blocks.15.norm2.bias - torch.Size([1024]): 
The value is the same before and after calling `init_weights` of EncoderDecoder  

backbone.wrapper.vit.blocks.15.mlp.fc1.weight - torch.Size([4096, 1024]): 
The value is the same before and after calling `init_weights` of EncoderDecoder  

backbone.wrapper.vit.blocks.15.mlp.fc1.bias - torch.Size([4096]): 
The value is the same before and after calling `init_weights` of EncoderDecoder  

backbone.wrapper.vit.blocks.15.mlp.fc2.weight - torch.Size([1024, 4096]): 
The value is the same before and after calling `init_weights` of EncoderDecoder  

backbone.wrapper.vit.blocks.15.mlp.fc2.bias - torch.Size([1024]): 
The value is the same before and after calling `init_weights` of EncoderDecoder  

backbone.wrapper.vit.blocks.15.ls2.gamma - torch.Size([1024]): 
The value is the same before and after calling `init_weights` of EncoderDecoder  

backbone.wrapper.vit.blocks.16.norm1.weight - torch.Size([1024]): 
The value is the same before and after calling `init_weights` of EncoderDecoder  

backbone.wrapper.vit.blocks.16.norm1.bias - torch.Size([1024]): 
The value is the same before and after calling `init_weights` of EncoderDecoder  

backbone.wrapper.vit.blocks.16.attn.qkv.weight - torch.Size([3072, 1024]): 
The value is the same before and after calling `init_weights` of EncoderDecoder  

backbone.wrapper.vit.blocks.16.attn.qkv.bias - torch.Size([3072]): 
The value is the same before and after calling `init_weights` of EncoderDecoder  

backbone.wrapper.vit.blocks.16.attn.proj.weight - torch.Size([1024, 1024]): 
The value is the same before and after calling `init_weights` of EncoderDecoder  

backbone.wrapper.vit.blocks.16.attn.proj.bias - torch.Size([1024]): 
The value is the same before and after calling `init_weights` of EncoderDecoder  

backbone.wrapper.vit.blocks.16.ls1.gamma - torch.Size([1024]): 
The value is the same before and after calling `init_weights` of EncoderDecoder  

backbone.wrapper.vit.blocks.16.norm2.weight - torch.Size([1024]): 
The value is the same before and after calling `init_weights` of EncoderDecoder  

backbone.wrapper.vit.blocks.16.norm2.bias - torch.Size([1024]): 
The value is the same before and after calling `init_weights` of EncoderDecoder  

backbone.wrapper.vit.blocks.16.mlp.fc1.weight - torch.Size([4096, 1024]): 
The value is the same before and after calling `init_weights` of EncoderDecoder  

backbone.wrapper.vit.blocks.16.mlp.fc1.bias - torch.Size([4096]): 
The value is the same before and after calling `init_weights` of EncoderDecoder  

backbone.wrapper.vit.blocks.16.mlp.fc2.weight - torch.Size([1024, 4096]): 
The value is the same before and after calling `init_weights` of EncoderDecoder  

backbone.wrapper.vit.blocks.16.mlp.fc2.bias - torch.Size([1024]): 
The value is the same before and after calling `init_weights` of EncoderDecoder  

backbone.wrapper.vit.blocks.16.ls2.gamma - torch.Size([1024]): 
The value is the same before and after calling `init_weights` of EncoderDecoder  

backbone.wrapper.vit.blocks.17.norm1.weight - torch.Size([1024]): 
The value is the same before and after calling `init_weights` of EncoderDecoder  

backbone.wrapper.vit.blocks.17.norm1.bias - torch.Size([1024]): 
The value is the same before and after calling `init_weights` of EncoderDecoder  

backbone.wrapper.vit.blocks.17.attn.qkv.weight - torch.Size([3072, 1024]): 
The value is the same before and after calling `init_weights` of EncoderDecoder  

backbone.wrapper.vit.blocks.17.attn.qkv.bias - torch.Size([3072]): 
The value is the same before and after calling `init_weights` of EncoderDecoder  

backbone.wrapper.vit.blocks.17.attn.proj.weight - torch.Size([1024, 1024]): 
The value is the same before and after calling `init_weights` of EncoderDecoder  

backbone.wrapper.vit.blocks.17.attn.proj.bias - torch.Size([1024]): 
The value is the same before and after calling `init_weights` of EncoderDecoder  

backbone.wrapper.vit.blocks.17.ls1.gamma - torch.Size([1024]): 
The value is the same before and after calling `init_weights` of EncoderDecoder  

backbone.wrapper.vit.blocks.17.norm2.weight - torch.Size([1024]): 
The value is the same before and after calling `init_weights` of EncoderDecoder  

backbone.wrapper.vit.blocks.17.norm2.bias - torch.Size([1024]): 
The value is the same before and after calling `init_weights` of EncoderDecoder  

backbone.wrapper.vit.blocks.17.mlp.fc1.weight - torch.Size([4096, 1024]): 
The value is the same before and after calling `init_weights` of EncoderDecoder  

backbone.wrapper.vit.blocks.17.mlp.fc1.bias - torch.Size([4096]): 
The value is the same before and after calling `init_weights` of EncoderDecoder  

backbone.wrapper.vit.blocks.17.mlp.fc2.weight - torch.Size([1024, 4096]): 
The value is the same before and after calling `init_weights` of EncoderDecoder  

backbone.wrapper.vit.blocks.17.mlp.fc2.bias - torch.Size([1024]): 
The value is the same before and after calling `init_weights` of EncoderDecoder  

backbone.wrapper.vit.blocks.17.ls2.gamma - torch.Size([1024]): 
The value is the same before and after calling `init_weights` of EncoderDecoder  

backbone.wrapper.vit.blocks.18.norm1.weight - torch.Size([1024]): 
The value is the same before and after calling `init_weights` of EncoderDecoder  

backbone.wrapper.vit.blocks.18.norm1.bias - torch.Size([1024]): 
The value is the same before and after calling `init_weights` of EncoderDecoder  

backbone.wrapper.vit.blocks.18.attn.qkv.weight - torch.Size([3072, 1024]): 
The value is the same before and after calling `init_weights` of EncoderDecoder  

backbone.wrapper.vit.blocks.18.attn.qkv.bias - torch.Size([3072]): 
The value is the same before and after calling `init_weights` of EncoderDecoder  

backbone.wrapper.vit.blocks.18.attn.proj.weight - torch.Size([1024, 1024]): 
The value is the same before and after calling `init_weights` of EncoderDecoder  

backbone.wrapper.vit.blocks.18.attn.proj.bias - torch.Size([1024]): 
The value is the same before and after calling `init_weights` of EncoderDecoder  

backbone.wrapper.vit.blocks.18.ls1.gamma - torch.Size([1024]): 
The value is the same before and after calling `init_weights` of EncoderDecoder  

backbone.wrapper.vit.blocks.18.norm2.weight - torch.Size([1024]): 
The value is the same before and after calling `init_weights` of EncoderDecoder  

backbone.wrapper.vit.blocks.18.norm2.bias - torch.Size([1024]): 
The value is the same before and after calling `init_weights` of EncoderDecoder  

backbone.wrapper.vit.blocks.18.mlp.fc1.weight - torch.Size([4096, 1024]): 
The value is the same before and after calling `init_weights` of EncoderDecoder  

backbone.wrapper.vit.blocks.18.mlp.fc1.bias - torch.Size([4096]): 
The value is the same before and after calling `init_weights` of EncoderDecoder  

backbone.wrapper.vit.blocks.18.mlp.fc2.weight - torch.Size([1024, 4096]): 
The value is the same before and after calling `init_weights` of EncoderDecoder  

backbone.wrapper.vit.blocks.18.mlp.fc2.bias - torch.Size([1024]): 
The value is the same before and after calling `init_weights` of EncoderDecoder  

backbone.wrapper.vit.blocks.18.ls2.gamma - torch.Size([1024]): 
The value is the same before and after calling `init_weights` of EncoderDecoder  

backbone.wrapper.vit.blocks.19.norm1.weight - torch.Size([1024]): 
The value is the same before and after calling `init_weights` of EncoderDecoder  

backbone.wrapper.vit.blocks.19.norm1.bias - torch.Size([1024]): 
The value is the same before and after calling `init_weights` of EncoderDecoder  

backbone.wrapper.vit.blocks.19.attn.qkv.weight - torch.Size([3072, 1024]): 
The value is the same before and after calling `init_weights` of EncoderDecoder  

backbone.wrapper.vit.blocks.19.attn.qkv.bias - torch.Size([3072]): 
The value is the same before and after calling `init_weights` of EncoderDecoder  

backbone.wrapper.vit.blocks.19.attn.proj.weight - torch.Size([1024, 1024]): 
The value is the same before and after calling `init_weights` of EncoderDecoder  

backbone.wrapper.vit.blocks.19.attn.proj.bias - torch.Size([1024]): 
The value is the same before and after calling `init_weights` of EncoderDecoder  

backbone.wrapper.vit.blocks.19.ls1.gamma - torch.Size([1024]): 
The value is the same before and after calling `init_weights` of EncoderDecoder  

backbone.wrapper.vit.blocks.19.norm2.weight - torch.Size([1024]): 
The value is the same before and after calling `init_weights` of EncoderDecoder  

backbone.wrapper.vit.blocks.19.norm2.bias - torch.Size([1024]): 
The value is the same before and after calling `init_weights` of EncoderDecoder  

backbone.wrapper.vit.blocks.19.mlp.fc1.weight - torch.Size([4096, 1024]): 
The value is the same before and after calling `init_weights` of EncoderDecoder  

backbone.wrapper.vit.blocks.19.mlp.fc1.bias - torch.Size([4096]): 
The value is the same before and after calling `init_weights` of EncoderDecoder  

backbone.wrapper.vit.blocks.19.mlp.fc2.weight - torch.Size([1024, 4096]): 
The value is the same before and after calling `init_weights` of EncoderDecoder  

backbone.wrapper.vit.blocks.19.mlp.fc2.bias - torch.Size([1024]): 
The value is the same before and after calling `init_weights` of EncoderDecoder  

backbone.wrapper.vit.blocks.19.ls2.gamma - torch.Size([1024]): 
The value is the same before and after calling `init_weights` of EncoderDecoder  

backbone.wrapper.vit.blocks.20.norm1.weight - torch.Size([1024]): 
The value is the same before and after calling `init_weights` of EncoderDecoder  

backbone.wrapper.vit.blocks.20.norm1.bias - torch.Size([1024]): 
The value is the same before and after calling `init_weights` of EncoderDecoder  

backbone.wrapper.vit.blocks.20.attn.qkv.weight - torch.Size([3072, 1024]): 
The value is the same before and after calling `init_weights` of EncoderDecoder  

backbone.wrapper.vit.blocks.20.attn.qkv.bias - torch.Size([3072]): 
The value is the same before and after calling `init_weights` of EncoderDecoder  

backbone.wrapper.vit.blocks.20.attn.proj.weight - torch.Size([1024, 1024]): 
The value is the same before and after calling `init_weights` of EncoderDecoder  

backbone.wrapper.vit.blocks.20.attn.proj.bias - torch.Size([1024]): 
The value is the same before and after calling `init_weights` of EncoderDecoder  

backbone.wrapper.vit.blocks.20.ls1.gamma - torch.Size([1024]): 
The value is the same before and after calling `init_weights` of EncoderDecoder  

backbone.wrapper.vit.blocks.20.norm2.weight - torch.Size([1024]): 
The value is the same before and after calling `init_weights` of EncoderDecoder  

backbone.wrapper.vit.blocks.20.norm2.bias - torch.Size([1024]): 
The value is the same before and after calling `init_weights` of EncoderDecoder  

backbone.wrapper.vit.blocks.20.mlp.fc1.weight - torch.Size([4096, 1024]): 
The value is the same before and after calling `init_weights` of EncoderDecoder  

backbone.wrapper.vit.blocks.20.mlp.fc1.bias - torch.Size([4096]): 
The value is the same before and after calling `init_weights` of EncoderDecoder  

backbone.wrapper.vit.blocks.20.mlp.fc2.weight - torch.Size([1024, 4096]): 
The value is the same before and after calling `init_weights` of EncoderDecoder  

backbone.wrapper.vit.blocks.20.mlp.fc2.bias - torch.Size([1024]): 
The value is the same before and after calling `init_weights` of EncoderDecoder  

backbone.wrapper.vit.blocks.20.ls2.gamma - torch.Size([1024]): 
The value is the same before and after calling `init_weights` of EncoderDecoder  

backbone.wrapper.vit.blocks.21.norm1.weight - torch.Size([1024]): 
The value is the same before and after calling `init_weights` of EncoderDecoder  

backbone.wrapper.vit.blocks.21.norm1.bias - torch.Size([1024]): 
The value is the same before and after calling `init_weights` of EncoderDecoder  

backbone.wrapper.vit.blocks.21.attn.qkv.weight - torch.Size([3072, 1024]): 
The value is the same before and after calling `init_weights` of EncoderDecoder  

backbone.wrapper.vit.blocks.21.attn.qkv.bias - torch.Size([3072]): 
The value is the same before and after calling `init_weights` of EncoderDecoder  

backbone.wrapper.vit.blocks.21.attn.proj.weight - torch.Size([1024, 1024]): 
The value is the same before and after calling `init_weights` of EncoderDecoder  

backbone.wrapper.vit.blocks.21.attn.proj.bias - torch.Size([1024]): 
The value is the same before and after calling `init_weights` of EncoderDecoder  

backbone.wrapper.vit.blocks.21.ls1.gamma - torch.Size([1024]): 
The value is the same before and after calling `init_weights` of EncoderDecoder  

backbone.wrapper.vit.blocks.21.norm2.weight - torch.Size([1024]): 
The value is the same before and after calling `init_weights` of EncoderDecoder  

backbone.wrapper.vit.blocks.21.norm2.bias - torch.Size([1024]): 
The value is the same before and after calling `init_weights` of EncoderDecoder  

backbone.wrapper.vit.blocks.21.mlp.fc1.weight - torch.Size([4096, 1024]): 
The value is the same before and after calling `init_weights` of EncoderDecoder  

backbone.wrapper.vit.blocks.21.mlp.fc1.bias - torch.Size([4096]): 
The value is the same before and after calling `init_weights` of EncoderDecoder  

backbone.wrapper.vit.blocks.21.mlp.fc2.weight - torch.Size([1024, 4096]): 
The value is the same before and after calling `init_weights` of EncoderDecoder  

backbone.wrapper.vit.blocks.21.mlp.fc2.bias - torch.Size([1024]): 
The value is the same before and after calling `init_weights` of EncoderDecoder  

backbone.wrapper.vit.blocks.21.ls2.gamma - torch.Size([1024]): 
The value is the same before and after calling `init_weights` of EncoderDecoder  

backbone.wrapper.vit.blocks.22.norm1.weight - torch.Size([1024]): 
The value is the same before and after calling `init_weights` of EncoderDecoder  

backbone.wrapper.vit.blocks.22.norm1.bias - torch.Size([1024]): 
The value is the same before and after calling `init_weights` of EncoderDecoder  

backbone.wrapper.vit.blocks.22.attn.qkv.weight - torch.Size([3072, 1024]): 
The value is the same before and after calling `init_weights` of EncoderDecoder  

backbone.wrapper.vit.blocks.22.attn.qkv.bias - torch.Size([3072]): 
The value is the same before and after calling `init_weights` of EncoderDecoder  

backbone.wrapper.vit.blocks.22.attn.proj.weight - torch.Size([1024, 1024]): 
The value is the same before and after calling `init_weights` of EncoderDecoder  

backbone.wrapper.vit.blocks.22.attn.proj.bias - torch.Size([1024]): 
The value is the same before and after calling `init_weights` of EncoderDecoder  

backbone.wrapper.vit.blocks.22.ls1.gamma - torch.Size([1024]): 
The value is the same before and after calling `init_weights` of EncoderDecoder  

backbone.wrapper.vit.blocks.22.norm2.weight - torch.Size([1024]): 
The value is the same before and after calling `init_weights` of EncoderDecoder  

backbone.wrapper.vit.blocks.22.norm2.bias - torch.Size([1024]): 
The value is the same before and after calling `init_weights` of EncoderDecoder  

backbone.wrapper.vit.blocks.22.mlp.fc1.weight - torch.Size([4096, 1024]): 
The value is the same before and after calling `init_weights` of EncoderDecoder  

backbone.wrapper.vit.blocks.22.mlp.fc1.bias - torch.Size([4096]): 
The value is the same before and after calling `init_weights` of EncoderDecoder  

backbone.wrapper.vit.blocks.22.mlp.fc2.weight - torch.Size([1024, 4096]): 
The value is the same before and after calling `init_weights` of EncoderDecoder  

backbone.wrapper.vit.blocks.22.mlp.fc2.bias - torch.Size([1024]): 
The value is the same before and after calling `init_weights` of EncoderDecoder  

backbone.wrapper.vit.blocks.22.ls2.gamma - torch.Size([1024]): 
The value is the same before and after calling `init_weights` of EncoderDecoder  

backbone.wrapper.vit.blocks.23.norm1.weight - torch.Size([1024]): 
The value is the same before and after calling `init_weights` of EncoderDecoder  

backbone.wrapper.vit.blocks.23.norm1.bias - torch.Size([1024]): 
The value is the same before and after calling `init_weights` of EncoderDecoder  

backbone.wrapper.vit.blocks.23.attn.qkv.weight - torch.Size([3072, 1024]): 
The value is the same before and after calling `init_weights` of EncoderDecoder  

backbone.wrapper.vit.blocks.23.attn.qkv.bias - torch.Size([3072]): 
The value is the same before and after calling `init_weights` of EncoderDecoder  

backbone.wrapper.vit.blocks.23.attn.proj.weight - torch.Size([1024, 1024]): 
The value is the same before and after calling `init_weights` of EncoderDecoder  

backbone.wrapper.vit.blocks.23.attn.proj.bias - torch.Size([1024]): 
The value is the same before and after calling `init_weights` of EncoderDecoder  

backbone.wrapper.vit.blocks.23.ls1.gamma - torch.Size([1024]): 
The value is the same before and after calling `init_weights` of EncoderDecoder  

backbone.wrapper.vit.blocks.23.norm2.weight - torch.Size([1024]): 
The value is the same before and after calling `init_weights` of EncoderDecoder  

backbone.wrapper.vit.blocks.23.norm2.bias - torch.Size([1024]): 
The value is the same before and after calling `init_weights` of EncoderDecoder  

backbone.wrapper.vit.blocks.23.mlp.fc1.weight - torch.Size([4096, 1024]): 
The value is the same before and after calling `init_weights` of EncoderDecoder  

backbone.wrapper.vit.blocks.23.mlp.fc1.bias - torch.Size([4096]): 
The value is the same before and after calling `init_weights` of EncoderDecoder  

backbone.wrapper.vit.blocks.23.mlp.fc2.weight - torch.Size([1024, 4096]): 
The value is the same before and after calling `init_weights` of EncoderDecoder  

backbone.wrapper.vit.blocks.23.mlp.fc2.bias - torch.Size([1024]): 
The value is the same before and after calling `init_weights` of EncoderDecoder  

backbone.wrapper.vit.blocks.23.ls2.gamma - torch.Size([1024]): 
The value is the same before and after calling `init_weights` of EncoderDecoder  

backbone.wrapper.vit.norm.weight - torch.Size([1024]): 
The value is the same before and after calling `init_weights` of EncoderDecoder  

backbone.wrapper.vit.norm.bias - torch.Size([1024]): 
The value is the same before and after calling `init_weights` of EncoderDecoder  

backbone.wrapper.fusion.mask_token - torch.Size([1, 1024]): 
The value is the same before and after calling `init_weights` of EncoderDecoder  

backbone.wrapper.fusion.fusion_mask_token - torch.Size([1, 1, 1024]): 
The value is the same before and after calling `init_weights` of EncoderDecoder  

backbone.wrapper.fusion.cross_scale - torch.Size([1]): 
The value is the same before and after calling `init_weights` of EncoderDecoder  

backbone.wrapper.fusion.blocks.0.self_attn.create_qkv.weight - torch.Size([3072, 1024]): 
The value is the same before and after calling `init_weights` of EncoderDecoder  

backbone.wrapper.fusion.blocks.0.self_attn.out.weight - torch.Size([1024, 1024]): 
The value is the same before and after calling `init_weights` of EncoderDecoder  

backbone.wrapper.fusion.blocks.0.self_attn.out.bias - torch.Size([1024]): 
The value is the same before and after calling `init_weights` of EncoderDecoder  

backbone.wrapper.fusion.blocks.0.self_attn.norm.weight - torch.Size([1024]): 
The value is the same before and after calling `init_weights` of EncoderDecoder  

backbone.wrapper.fusion.blocks.0.self_attn.norm.bias - torch.Size([1024]): 
The value is the same before and after calling `init_weights` of EncoderDecoder  

backbone.wrapper.fusion.blocks.0.cross_attn.create_q.weight - torch.Size([1024, 1024]): 
The value is the same before and after calling `init_weights` of EncoderDecoder  

backbone.wrapper.fusion.blocks.0.cross_attn.create_k.weight - torch.Size([1024, 1024]): 
The value is the same before and after calling `init_weights` of EncoderDecoder  

backbone.wrapper.fusion.blocks.0.cross_attn.create_v.weight - torch.Size([1024, 1024]): 
The value is the same before and after calling `init_weights` of EncoderDecoder  

backbone.wrapper.fusion.blocks.0.cross_attn.to_out.weight - torch.Size([1024, 1024]): 
The value is the same before and after calling `init_weights` of EncoderDecoder  

backbone.wrapper.fusion.blocks.0.cross_attn.to_out.bias - torch.Size([1024]): 
The value is the same before and after calling `init_weights` of EncoderDecoder  

backbone.wrapper.fusion.blocks.0.cross_attn.norm_x.weight - torch.Size([1024]): 
The value is the same before and after calling `init_weights` of EncoderDecoder  

backbone.wrapper.fusion.blocks.0.cross_attn.norm_x.bias - torch.Size([1024]): 
The value is the same before and after calling `init_weights` of EncoderDecoder  

backbone.wrapper.fusion.blocks.0.cross_attn.norm_context.weight - torch.Size([1024]): 
The value is the same before and after calling `init_weights` of EncoderDecoder  

backbone.wrapper.fusion.blocks.0.cross_attn.norm_context.bias - torch.Size([1024]): 
The value is the same before and after calling `init_weights` of EncoderDecoder  

backbone.wrapper.fusion.blocks.0.ffn.net.0.weight - torch.Size([4096, 1024]): 
The value is the same before and after calling `init_weights` of EncoderDecoder  

backbone.wrapper.fusion.blocks.0.ffn.net.0.bias - torch.Size([4096]): 
The value is the same before and after calling `init_weights` of EncoderDecoder  

backbone.wrapper.fusion.blocks.0.ffn.net.3.weight - torch.Size([1024, 4096]): 
The value is the same before and after calling `init_weights` of EncoderDecoder  

backbone.wrapper.fusion.blocks.0.ffn.net.3.bias - torch.Size([1024]): 
The value is the same before and after calling `init_weights` of EncoderDecoder  

backbone.wrapper.fusion.blocks.0.ffn.input_norm.weight - torch.Size([1024]): 
The value is the same before and after calling `init_weights` of EncoderDecoder  

backbone.wrapper.fusion.blocks.0.ffn.input_norm.bias - torch.Size([1024]): 
The value is the same before and after calling `init_weights` of EncoderDecoder  

backbone.wrapper.fusion.blocks.1.self_attn.create_qkv.weight - torch.Size([3072, 1024]): 
The value is the same before and after calling `init_weights` of EncoderDecoder  

backbone.wrapper.fusion.blocks.1.self_attn.out.weight - torch.Size([1024, 1024]): 
The value is the same before and after calling `init_weights` of EncoderDecoder  

backbone.wrapper.fusion.blocks.1.self_attn.out.bias - torch.Size([1024]): 
The value is the same before and after calling `init_weights` of EncoderDecoder  

backbone.wrapper.fusion.blocks.1.self_attn.norm.weight - torch.Size([1024]): 
The value is the same before and after calling `init_weights` of EncoderDecoder  

backbone.wrapper.fusion.blocks.1.self_attn.norm.bias - torch.Size([1024]): 
The value is the same before and after calling `init_weights` of EncoderDecoder  

backbone.wrapper.fusion.blocks.1.cross_attn.create_q.weight - torch.Size([1024, 1024]): 
The value is the same before and after calling `init_weights` of EncoderDecoder  

backbone.wrapper.fusion.blocks.1.cross_attn.create_k.weight - torch.Size([1024, 1024]): 
The value is the same before and after calling `init_weights` of EncoderDecoder  

backbone.wrapper.fusion.blocks.1.cross_attn.create_v.weight - torch.Size([1024, 1024]): 
The value is the same before and after calling `init_weights` of EncoderDecoder  

backbone.wrapper.fusion.blocks.1.cross_attn.to_out.weight - torch.Size([1024, 1024]): 
The value is the same before and after calling `init_weights` of EncoderDecoder  

backbone.wrapper.fusion.blocks.1.cross_attn.to_out.bias - torch.Size([1024]): 
The value is the same before and after calling `init_weights` of EncoderDecoder  

backbone.wrapper.fusion.blocks.1.cross_attn.norm_x.weight - torch.Size([1024]): 
The value is the same before and after calling `init_weights` of EncoderDecoder  

backbone.wrapper.fusion.blocks.1.cross_attn.norm_x.bias - torch.Size([1024]): 
The value is the same before and after calling `init_weights` of EncoderDecoder  

backbone.wrapper.fusion.blocks.1.cross_attn.norm_context.weight - torch.Size([1024]): 
The value is the same before and after calling `init_weights` of EncoderDecoder  

backbone.wrapper.fusion.blocks.1.cross_attn.norm_context.bias - torch.Size([1024]): 
The value is the same before and after calling `init_weights` of EncoderDecoder  

backbone.wrapper.fusion.blocks.1.ffn.net.0.weight - torch.Size([4096, 1024]): 
The value is the same before and after calling `init_weights` of EncoderDecoder  

backbone.wrapper.fusion.blocks.1.ffn.net.0.bias - torch.Size([4096]): 
The value is the same before and after calling `init_weights` of EncoderDecoder  

backbone.wrapper.fusion.blocks.1.ffn.net.3.weight - torch.Size([1024, 4096]): 
The value is the same before and after calling `init_weights` of EncoderDecoder  

backbone.wrapper.fusion.blocks.1.ffn.net.3.bias - torch.Size([1024]): 
The value is the same before and after calling `init_weights` of EncoderDecoder  

backbone.wrapper.fusion.blocks.1.ffn.input_norm.weight - torch.Size([1024]): 
The value is the same before and after calling `init_weights` of EncoderDecoder  

backbone.wrapper.fusion.blocks.1.ffn.input_norm.bias - torch.Size([1024]): 
The value is the same before and after calling `init_weights` of EncoderDecoder  

backbone.wrapper.fusion.blocks.2.self_attn.create_qkv.weight - torch.Size([3072, 1024]): 
The value is the same before and after calling `init_weights` of EncoderDecoder  

backbone.wrapper.fusion.blocks.2.self_attn.out.weight - torch.Size([1024, 1024]): 
The value is the same before and after calling `init_weights` of EncoderDecoder  

backbone.wrapper.fusion.blocks.2.self_attn.out.bias - torch.Size([1024]): 
The value is the same before and after calling `init_weights` of EncoderDecoder  

backbone.wrapper.fusion.blocks.2.self_attn.norm.weight - torch.Size([1024]): 
The value is the same before and after calling `init_weights` of EncoderDecoder  

backbone.wrapper.fusion.blocks.2.self_attn.norm.bias - torch.Size([1024]): 
The value is the same before and after calling `init_weights` of EncoderDecoder  

backbone.wrapper.fusion.blocks.2.cross_attn.create_q.weight - torch.Size([1024, 1024]): 
The value is the same before and after calling `init_weights` of EncoderDecoder  

backbone.wrapper.fusion.blocks.2.cross_attn.create_k.weight - torch.Size([1024, 1024]): 
The value is the same before and after calling `init_weights` of EncoderDecoder  

backbone.wrapper.fusion.blocks.2.cross_attn.create_v.weight - torch.Size([1024, 1024]): 
The value is the same before and after calling `init_weights` of EncoderDecoder  

backbone.wrapper.fusion.blocks.2.cross_attn.to_out.weight - torch.Size([1024, 1024]): 
The value is the same before and after calling `init_weights` of EncoderDecoder  

backbone.wrapper.fusion.blocks.2.cross_attn.to_out.bias - torch.Size([1024]): 
The value is the same before and after calling `init_weights` of EncoderDecoder  

backbone.wrapper.fusion.blocks.2.cross_attn.norm_x.weight - torch.Size([1024]): 
The value is the same before and after calling `init_weights` of EncoderDecoder  

backbone.wrapper.fusion.blocks.2.cross_attn.norm_x.bias - torch.Size([1024]): 
The value is the same before and after calling `init_weights` of EncoderDecoder  

backbone.wrapper.fusion.blocks.2.cross_attn.norm_context.weight - torch.Size([1024]): 
The value is the same before and after calling `init_weights` of EncoderDecoder  

backbone.wrapper.fusion.blocks.2.cross_attn.norm_context.bias - torch.Size([1024]): 
The value is the same before and after calling `init_weights` of EncoderDecoder  

backbone.wrapper.fusion.blocks.2.ffn.net.0.weight - torch.Size([4096, 1024]): 
The value is the same before and after calling `init_weights` of EncoderDecoder  

backbone.wrapper.fusion.blocks.2.ffn.net.0.bias - torch.Size([4096]): 
The value is the same before and after calling `init_weights` of EncoderDecoder  

backbone.wrapper.fusion.blocks.2.ffn.net.3.weight - torch.Size([1024, 4096]): 
The value is the same before and after calling `init_weights` of EncoderDecoder  

backbone.wrapper.fusion.blocks.2.ffn.net.3.bias - torch.Size([1024]): 
The value is the same before and after calling `init_weights` of EncoderDecoder  

backbone.wrapper.fusion.blocks.2.ffn.input_norm.weight - torch.Size([1024]): 
The value is the same before and after calling `init_weights` of EncoderDecoder  

backbone.wrapper.fusion.blocks.2.ffn.input_norm.bias - torch.Size([1024]): 
The value is the same before and after calling `init_weights` of EncoderDecoder  

backbone.wrapper.fusion.norm_out.weight - torch.Size([1024]): 
The value is the same before and after calling `init_weights` of EncoderDecoder  

backbone.wrapper.fusion.norm_out.bias - torch.Size([1024]): 
The value is the same before and after calling `init_weights` of EncoderDecoder  

backbone.wrapper.embed_head.decoder.0.weight - torch.Size([1024, 768]): 
The value is the same before and after calling `init_weights` of EncoderDecoder  

backbone.wrapper.embed_head.decoder.0.bias - torch.Size([1024]): 
The value is the same before and after calling `init_weights` of EncoderDecoder  

backbone.wrapper.embed_head.decoder.1.weight - torch.Size([1024]): 
The value is the same before and after calling `init_weights` of EncoderDecoder  

backbone.wrapper.embed_head.decoder.1.bias - torch.Size([1024]): 
The value is the same before and after calling `init_weights` of EncoderDecoder  

backbone.adapter.level_embed - torch.Size([3, 1024]): 
The value is the same before and after calling `init_weights` of EncoderDecoder  

backbone.adapter.spm.stem.0.weight - torch.Size([64, 3, 3, 3]): 
The value is the same before and after calling `init_weights` of EncoderDecoder  

backbone.adapter.spm.stem.1.weight - torch.Size([64]): 
The value is the same before and after calling `init_weights` of EncoderDecoder  

backbone.adapter.spm.stem.1.bias - torch.Size([64]): 
The value is the same before and after calling `init_weights` of EncoderDecoder  

backbone.adapter.spm.stem.3.weight - torch.Size([64, 64, 3, 3]): 
The value is the same before and after calling `init_weights` of EncoderDecoder  

backbone.adapter.spm.stem.4.weight - torch.Size([64]): 
The value is the same before and after calling `init_weights` of EncoderDecoder  

backbone.adapter.spm.stem.4.bias - torch.Size([64]): 
The value is the same before and after calling `init_weights` of EncoderDecoder  

backbone.adapter.spm.stem.6.weight - torch.Size([64, 64, 3, 3]): 
The value is the same before and after calling `init_weights` of EncoderDecoder  

backbone.adapter.spm.stem.7.weight - torch.Size([64]): 
The value is the same before and after calling `init_weights` of EncoderDecoder  

backbone.adapter.spm.stem.7.bias - torch.Size([64]): 
The value is the same before and after calling `init_weights` of EncoderDecoder  

backbone.adapter.spm.conv2.0.weight - torch.Size([128, 64, 3, 3]): 
The value is the same before and after calling `init_weights` of EncoderDecoder  

backbone.adapter.spm.conv2.1.weight - torch.Size([128]): 
The value is the same before and after calling `init_weights` of EncoderDecoder  

backbone.adapter.spm.conv2.1.bias - torch.Size([128]): 
The value is the same before and after calling `init_weights` of EncoderDecoder  

backbone.adapter.spm.conv3.0.weight - torch.Size([256, 128, 3, 3]): 
The value is the same before and after calling `init_weights` of EncoderDecoder  

backbone.adapter.spm.conv3.1.weight - torch.Size([256]): 
The value is the same before and after calling `init_weights` of EncoderDecoder  

backbone.adapter.spm.conv3.1.bias - torch.Size([256]): 
The value is the same before and after calling `init_weights` of EncoderDecoder  

backbone.adapter.spm.conv4.0.weight - torch.Size([256, 256, 3, 3]): 
The value is the same before and after calling `init_weights` of EncoderDecoder  

backbone.adapter.spm.conv4.1.weight - torch.Size([256]): 
The value is the same before and after calling `init_weights` of EncoderDecoder  

backbone.adapter.spm.conv4.1.bias - torch.Size([256]): 
The value is the same before and after calling `init_weights` of EncoderDecoder  

backbone.adapter.spm.fc1.weight - torch.Size([1024, 64, 1, 1]): 
The value is the same before and after calling `init_weights` of EncoderDecoder  

backbone.adapter.spm.fc1.bias - torch.Size([1024]): 
The value is the same before and after calling `init_weights` of EncoderDecoder  

backbone.adapter.spm.fc2.weight - torch.Size([1024, 128, 1, 1]): 
The value is the same before and after calling `init_weights` of EncoderDecoder  

backbone.adapter.spm.fc2.bias - torch.Size([1024]): 
The value is the same before and after calling `init_weights` of EncoderDecoder  

backbone.adapter.spm.fc3.weight - torch.Size([1024, 256, 1, 1]): 
The value is the same before and after calling `init_weights` of EncoderDecoder  

backbone.adapter.spm.fc3.bias - torch.Size([1024]): 
The value is the same before and after calling `init_weights` of EncoderDecoder  

backbone.adapter.spm.fc4.weight - torch.Size([1024, 256, 1, 1]): 
The value is the same before and after calling `init_weights` of EncoderDecoder  

backbone.adapter.spm.fc4.bias - torch.Size([1024]): 
The value is the same before and after calling `init_weights` of EncoderDecoder  

backbone.adapter.interactions.0.extractor.query_norm.weight - torch.Size([1024]): 
The value is the same before and after calling `init_weights` of EncoderDecoder  

backbone.adapter.interactions.0.extractor.query_norm.bias - torch.Size([1024]): 
The value is the same before and after calling `init_weights` of EncoderDecoder  

backbone.adapter.interactions.0.extractor.feat_norm.weight - torch.Size([1024]): 
The value is the same before and after calling `init_weights` of EncoderDecoder  

backbone.adapter.interactions.0.extractor.feat_norm.bias - torch.Size([1024]): 
The value is the same before and after calling `init_weights` of EncoderDecoder  

backbone.adapter.interactions.0.extractor.attn.attn.sampling_offsets.weight - torch.Size([128, 1024]): 
The value is the same before and after calling `init_weights` of EncoderDecoder  

backbone.adapter.interactions.0.extractor.attn.attn.sampling_offsets.bias - torch.Size([128]): 
The value is the same before and after calling `init_weights` of EncoderDecoder  

backbone.adapter.interactions.0.extractor.attn.attn.attention_weights.weight - torch.Size([64, 1024]): 
The value is the same before and after calling `init_weights` of EncoderDecoder  

backbone.adapter.interactions.0.extractor.attn.attn.attention_weights.bias - torch.Size([64]): 
The value is the same before and after calling `init_weights` of EncoderDecoder  

backbone.adapter.interactions.0.extractor.attn.attn.value_proj.weight - torch.Size([1024, 1024]): 
The value is the same before and after calling `init_weights` of EncoderDecoder  

backbone.adapter.interactions.0.extractor.attn.attn.value_proj.bias - torch.Size([1024]): 
The value is the same before and after calling `init_weights` of EncoderDecoder  

backbone.adapter.interactions.0.extractor.attn.attn.output_proj.weight - torch.Size([1024, 1024]): 
The value is the same before and after calling `init_weights` of EncoderDecoder  

backbone.adapter.interactions.0.extractor.attn.attn.output_proj.bias - torch.Size([1024]): 
The value is the same before and after calling `init_weights` of EncoderDecoder  

backbone.adapter.interactions.0.extractor.ffn.fc1.weight - torch.Size([256, 1024]): 
The value is the same before and after calling `init_weights` of EncoderDecoder  

backbone.adapter.interactions.0.extractor.ffn.fc1.bias - torch.Size([256]): 
The value is the same before and after calling `init_weights` of EncoderDecoder  

backbone.adapter.interactions.0.extractor.ffn.dwconv.dwconv.weight - torch.Size([256, 1, 3, 3]): 
The value is the same before and after calling `init_weights` of EncoderDecoder  

backbone.adapter.interactions.0.extractor.ffn.dwconv.dwconv.bias - torch.Size([256]): 
The value is the same before and after calling `init_weights` of EncoderDecoder  

backbone.adapter.interactions.0.extractor.ffn.fc2.weight - torch.Size([1024, 256]): 
The value is the same before and after calling `init_weights` of EncoderDecoder  

backbone.adapter.interactions.0.extractor.ffn.fc2.bias - torch.Size([1024]): 
The value is the same before and after calling `init_weights` of EncoderDecoder  

backbone.adapter.interactions.0.extractor.ffn_norm.weight - torch.Size([1024]): 
The value is the same before and after calling `init_weights` of EncoderDecoder  

backbone.adapter.interactions.0.extractor.ffn_norm.bias - torch.Size([1024]): 
The value is the same before and after calling `init_weights` of EncoderDecoder  

backbone.adapter.interactions.1.extractor.query_norm.weight - torch.Size([1024]): 
The value is the same before and after calling `init_weights` of EncoderDecoder  

backbone.adapter.interactions.1.extractor.query_norm.bias - torch.Size([1024]): 
The value is the same before and after calling `init_weights` of EncoderDecoder  

backbone.adapter.interactions.1.extractor.feat_norm.weight - torch.Size([1024]): 
The value is the same before and after calling `init_weights` of EncoderDecoder  

backbone.adapter.interactions.1.extractor.feat_norm.bias - torch.Size([1024]): 
The value is the same before and after calling `init_weights` of EncoderDecoder  

backbone.adapter.interactions.1.extractor.attn.attn.sampling_offsets.weight - torch.Size([128, 1024]): 
The value is the same before and after calling `init_weights` of EncoderDecoder  

backbone.adapter.interactions.1.extractor.attn.attn.sampling_offsets.bias - torch.Size([128]): 
The value is the same before and after calling `init_weights` of EncoderDecoder  

backbone.adapter.interactions.1.extractor.attn.attn.attention_weights.weight - torch.Size([64, 1024]): 
The value is the same before and after calling `init_weights` of EncoderDecoder  

backbone.adapter.interactions.1.extractor.attn.attn.attention_weights.bias - torch.Size([64]): 
The value is the same before and after calling `init_weights` of EncoderDecoder  

backbone.adapter.interactions.1.extractor.attn.attn.value_proj.weight - torch.Size([1024, 1024]): 
The value is the same before and after calling `init_weights` of EncoderDecoder  

backbone.adapter.interactions.1.extractor.attn.attn.value_proj.bias - torch.Size([1024]): 
The value is the same before and after calling `init_weights` of EncoderDecoder  

backbone.adapter.interactions.1.extractor.attn.attn.output_proj.weight - torch.Size([1024, 1024]): 
The value is the same before and after calling `init_weights` of EncoderDecoder  

backbone.adapter.interactions.1.extractor.attn.attn.output_proj.bias - torch.Size([1024]): 
The value is the same before and after calling `init_weights` of EncoderDecoder  

backbone.adapter.interactions.1.extractor.ffn.fc1.weight - torch.Size([256, 1024]): 
The value is the same before and after calling `init_weights` of EncoderDecoder  

backbone.adapter.interactions.1.extractor.ffn.fc1.bias - torch.Size([256]): 
The value is the same before and after calling `init_weights` of EncoderDecoder  

backbone.adapter.interactions.1.extractor.ffn.dwconv.dwconv.weight - torch.Size([256, 1, 3, 3]): 
The value is the same before and after calling `init_weights` of EncoderDecoder  

backbone.adapter.interactions.1.extractor.ffn.dwconv.dwconv.bias - torch.Size([256]): 
The value is the same before and after calling `init_weights` of EncoderDecoder  

backbone.adapter.interactions.1.extractor.ffn.fc2.weight - torch.Size([1024, 256]): 
The value is the same before and after calling `init_weights` of EncoderDecoder  

backbone.adapter.interactions.1.extractor.ffn.fc2.bias - torch.Size([1024]): 
The value is the same before and after calling `init_weights` of EncoderDecoder  

backbone.adapter.interactions.1.extractor.ffn_norm.weight - torch.Size([1024]): 
The value is the same before and after calling `init_weights` of EncoderDecoder  

backbone.adapter.interactions.1.extractor.ffn_norm.bias - torch.Size([1024]): 
The value is the same before and after calling `init_weights` of EncoderDecoder  

backbone.adapter.interactions.2.extractor.query_norm.weight - torch.Size([1024]): 
The value is the same before and after calling `init_weights` of EncoderDecoder  

backbone.adapter.interactions.2.extractor.query_norm.bias - torch.Size([1024]): 
The value is the same before and after calling `init_weights` of EncoderDecoder  

backbone.adapter.interactions.2.extractor.feat_norm.weight - torch.Size([1024]): 
The value is the same before and after calling `init_weights` of EncoderDecoder  

backbone.adapter.interactions.2.extractor.feat_norm.bias - torch.Size([1024]): 
The value is the same before and after calling `init_weights` of EncoderDecoder  

backbone.adapter.interactions.2.extractor.attn.attn.sampling_offsets.weight - torch.Size([128, 1024]): 
The value is the same before and after calling `init_weights` of EncoderDecoder  

backbone.adapter.interactions.2.extractor.attn.attn.sampling_offsets.bias - torch.Size([128]): 
The value is the same before and after calling `init_weights` of EncoderDecoder  

backbone.adapter.interactions.2.extractor.attn.attn.attention_weights.weight - torch.Size([64, 1024]): 
The value is the same before and after calling `init_weights` of EncoderDecoder  

backbone.adapter.interactions.2.extractor.attn.attn.attention_weights.bias - torch.Size([64]): 
The value is the same before and after calling `init_weights` of EncoderDecoder  

backbone.adapter.interactions.2.extractor.attn.attn.value_proj.weight - torch.Size([1024, 1024]): 
The value is the same before and after calling `init_weights` of EncoderDecoder  

backbone.adapter.interactions.2.extractor.attn.attn.value_proj.bias - torch.Size([1024]): 
The value is the same before and after calling `init_weights` of EncoderDecoder  

backbone.adapter.interactions.2.extractor.attn.attn.output_proj.weight - torch.Size([1024, 1024]): 
The value is the same before and after calling `init_weights` of EncoderDecoder  

backbone.adapter.interactions.2.extractor.attn.attn.output_proj.bias - torch.Size([1024]): 
The value is the same before and after calling `init_weights` of EncoderDecoder  

backbone.adapter.interactions.2.extractor.ffn.fc1.weight - torch.Size([256, 1024]): 
The value is the same before and after calling `init_weights` of EncoderDecoder  

backbone.adapter.interactions.2.extractor.ffn.fc1.bias - torch.Size([256]): 
The value is the same before and after calling `init_weights` of EncoderDecoder  

backbone.adapter.interactions.2.extractor.ffn.dwconv.dwconv.weight - torch.Size([256, 1, 3, 3]): 
The value is the same before and after calling `init_weights` of EncoderDecoder  

backbone.adapter.interactions.2.extractor.ffn.dwconv.dwconv.bias - torch.Size([256]): 
The value is the same before and after calling `init_weights` of EncoderDecoder  

backbone.adapter.interactions.2.extractor.ffn.fc2.weight - torch.Size([1024, 256]): 
The value is the same before and after calling `init_weights` of EncoderDecoder  

backbone.adapter.interactions.2.extractor.ffn.fc2.bias - torch.Size([1024]): 
The value is the same before and after calling `init_weights` of EncoderDecoder  

backbone.adapter.interactions.2.extractor.ffn_norm.weight - torch.Size([1024]): 
The value is the same before and after calling `init_weights` of EncoderDecoder  

backbone.adapter.interactions.2.extractor.ffn_norm.bias - torch.Size([1024]): 
The value is the same before and after calling `init_weights` of EncoderDecoder  

backbone.adapter.interactions.3.extractor.query_norm.weight - torch.Size([1024]): 
The value is the same before and after calling `init_weights` of EncoderDecoder  

backbone.adapter.interactions.3.extractor.query_norm.bias - torch.Size([1024]): 
The value is the same before and after calling `init_weights` of EncoderDecoder  

backbone.adapter.interactions.3.extractor.feat_norm.weight - torch.Size([1024]): 
The value is the same before and after calling `init_weights` of EncoderDecoder  

backbone.adapter.interactions.3.extractor.feat_norm.bias - torch.Size([1024]): 
The value is the same before and after calling `init_weights` of EncoderDecoder  

backbone.adapter.interactions.3.extractor.attn.attn.sampling_offsets.weight - torch.Size([128, 1024]): 
The value is the same before and after calling `init_weights` of EncoderDecoder  

backbone.adapter.interactions.3.extractor.attn.attn.sampling_offsets.bias - torch.Size([128]): 
The value is the same before and after calling `init_weights` of EncoderDecoder  

backbone.adapter.interactions.3.extractor.attn.attn.attention_weights.weight - torch.Size([64, 1024]): 
The value is the same before and after calling `init_weights` of EncoderDecoder  

backbone.adapter.interactions.3.extractor.attn.attn.attention_weights.bias - torch.Size([64]): 
The value is the same before and after calling `init_weights` of EncoderDecoder  

backbone.adapter.interactions.3.extractor.attn.attn.value_proj.weight - torch.Size([1024, 1024]): 
The value is the same before and after calling `init_weights` of EncoderDecoder  

backbone.adapter.interactions.3.extractor.attn.attn.value_proj.bias - torch.Size([1024]): 
The value is the same before and after calling `init_weights` of EncoderDecoder  

backbone.adapter.interactions.3.extractor.attn.attn.output_proj.weight - torch.Size([1024, 1024]): 
The value is the same before and after calling `init_weights` of EncoderDecoder  

backbone.adapter.interactions.3.extractor.attn.attn.output_proj.bias - torch.Size([1024]): 
The value is the same before and after calling `init_weights` of EncoderDecoder  

backbone.adapter.interactions.3.extractor.ffn.fc1.weight - torch.Size([256, 1024]): 
The value is the same before and after calling `init_weights` of EncoderDecoder  

backbone.adapter.interactions.3.extractor.ffn.fc1.bias - torch.Size([256]): 
The value is the same before and after calling `init_weights` of EncoderDecoder  

backbone.adapter.interactions.3.extractor.ffn.dwconv.dwconv.weight - torch.Size([256, 1, 3, 3]): 
The value is the same before and after calling `init_weights` of EncoderDecoder  

backbone.adapter.interactions.3.extractor.ffn.dwconv.dwconv.bias - torch.Size([256]): 
The value is the same before and after calling `init_weights` of EncoderDecoder  

backbone.adapter.interactions.3.extractor.ffn.fc2.weight - torch.Size([1024, 256]): 
The value is the same before and after calling `init_weights` of EncoderDecoder  

backbone.adapter.interactions.3.extractor.ffn.fc2.bias - torch.Size([1024]): 
The value is the same before and after calling `init_weights` of EncoderDecoder  

backbone.adapter.interactions.3.extractor.ffn_norm.weight - torch.Size([1024]): 
The value is the same before and after calling `init_weights` of EncoderDecoder  

backbone.adapter.interactions.3.extractor.ffn_norm.bias - torch.Size([1024]): 
The value is the same before and after calling `init_weights` of EncoderDecoder  

backbone.adapter.interactions.3.extra_extractors.0.query_norm.weight - torch.Size([1024]): 
The value is the same before and after calling `init_weights` of EncoderDecoder  

backbone.adapter.interactions.3.extra_extractors.0.query_norm.bias - torch.Size([1024]): 
The value is the same before and after calling `init_weights` of EncoderDecoder  

backbone.adapter.interactions.3.extra_extractors.0.feat_norm.weight - torch.Size([1024]): 
The value is the same before and after calling `init_weights` of EncoderDecoder  

backbone.adapter.interactions.3.extra_extractors.0.feat_norm.bias - torch.Size([1024]): 
The value is the same before and after calling `init_weights` of EncoderDecoder  

backbone.adapter.interactions.3.extra_extractors.0.attn.attn.sampling_offsets.weight - torch.Size([128, 1024]): 
The value is the same before and after calling `init_weights` of EncoderDecoder  

backbone.adapter.interactions.3.extra_extractors.0.attn.attn.sampling_offsets.bias - torch.Size([128]): 
The value is the same before and after calling `init_weights` of EncoderDecoder  

backbone.adapter.interactions.3.extra_extractors.0.attn.attn.attention_weights.weight - torch.Size([64, 1024]): 
The value is the same before and after calling `init_weights` of EncoderDecoder  

backbone.adapter.interactions.3.extra_extractors.0.attn.attn.attention_weights.bias - torch.Size([64]): 
The value is the same before and after calling `init_weights` of EncoderDecoder  

backbone.adapter.interactions.3.extra_extractors.0.attn.attn.value_proj.weight - torch.Size([1024, 1024]): 
The value is the same before and after calling `init_weights` of EncoderDecoder  

backbone.adapter.interactions.3.extra_extractors.0.attn.attn.value_proj.bias - torch.Size([1024]): 
The value is the same before and after calling `init_weights` of EncoderDecoder  

backbone.adapter.interactions.3.extra_extractors.0.attn.attn.output_proj.weight - torch.Size([1024, 1024]): 
The value is the same before and after calling `init_weights` of EncoderDecoder  

backbone.adapter.interactions.3.extra_extractors.0.attn.attn.output_proj.bias - torch.Size([1024]): 
The value is the same before and after calling `init_weights` of EncoderDecoder  

backbone.adapter.interactions.3.extra_extractors.0.ffn.fc1.weight - torch.Size([256, 1024]): 
The value is the same before and after calling `init_weights` of EncoderDecoder  

backbone.adapter.interactions.3.extra_extractors.0.ffn.fc1.bias - torch.Size([256]): 
The value is the same before and after calling `init_weights` of EncoderDecoder  

backbone.adapter.interactions.3.extra_extractors.0.ffn.dwconv.dwconv.weight - torch.Size([256, 1, 3, 3]): 
The value is the same before and after calling `init_weights` of EncoderDecoder  

backbone.adapter.interactions.3.extra_extractors.0.ffn.dwconv.dwconv.bias - torch.Size([256]): 
The value is the same before and after calling `init_weights` of EncoderDecoder  

backbone.adapter.interactions.3.extra_extractors.0.ffn.fc2.weight - torch.Size([1024, 256]): 
The value is the same before and after calling `init_weights` of EncoderDecoder  

backbone.adapter.interactions.3.extra_extractors.0.ffn.fc2.bias - torch.Size([1024]): 
The value is the same before and after calling `init_weights` of EncoderDecoder  

backbone.adapter.interactions.3.extra_extractors.0.ffn_norm.weight - torch.Size([1024]): 
The value is the same before and after calling `init_weights` of EncoderDecoder  

backbone.adapter.interactions.3.extra_extractors.0.ffn_norm.bias - torch.Size([1024]): 
The value is the same before and after calling `init_weights` of EncoderDecoder  

backbone.adapter.interactions.3.extra_extractors.1.query_norm.weight - torch.Size([1024]): 
The value is the same before and after calling `init_weights` of EncoderDecoder  

backbone.adapter.interactions.3.extra_extractors.1.query_norm.bias - torch.Size([1024]): 
The value is the same before and after calling `init_weights` of EncoderDecoder  

backbone.adapter.interactions.3.extra_extractors.1.feat_norm.weight - torch.Size([1024]): 
The value is the same before and after calling `init_weights` of EncoderDecoder  

backbone.adapter.interactions.3.extra_extractors.1.feat_norm.bias - torch.Size([1024]): 
The value is the same before and after calling `init_weights` of EncoderDecoder  

backbone.adapter.interactions.3.extra_extractors.1.attn.attn.sampling_offsets.weight - torch.Size([128, 1024]): 
The value is the same before and after calling `init_weights` of EncoderDecoder  

backbone.adapter.interactions.3.extra_extractors.1.attn.attn.sampling_offsets.bias - torch.Size([128]): 
The value is the same before and after calling `init_weights` of EncoderDecoder  

backbone.adapter.interactions.3.extra_extractors.1.attn.attn.attention_weights.weight - torch.Size([64, 1024]): 
The value is the same before and after calling `init_weights` of EncoderDecoder  

backbone.adapter.interactions.3.extra_extractors.1.attn.attn.attention_weights.bias - torch.Size([64]): 
The value is the same before and after calling `init_weights` of EncoderDecoder  

backbone.adapter.interactions.3.extra_extractors.1.attn.attn.value_proj.weight - torch.Size([1024, 1024]): 
The value is the same before and after calling `init_weights` of EncoderDecoder  

backbone.adapter.interactions.3.extra_extractors.1.attn.attn.value_proj.bias - torch.Size([1024]): 
The value is the same before and after calling `init_weights` of EncoderDecoder  

backbone.adapter.interactions.3.extra_extractors.1.attn.attn.output_proj.weight - torch.Size([1024, 1024]): 
The value is the same before and after calling `init_weights` of EncoderDecoder  

backbone.adapter.interactions.3.extra_extractors.1.attn.attn.output_proj.bias - torch.Size([1024]): 
The value is the same before and after calling `init_weights` of EncoderDecoder  

backbone.adapter.interactions.3.extra_extractors.1.ffn.fc1.weight - torch.Size([256, 1024]): 
The value is the same before and after calling `init_weights` of EncoderDecoder  

backbone.adapter.interactions.3.extra_extractors.1.ffn.fc1.bias - torch.Size([256]): 
The value is the same before and after calling `init_weights` of EncoderDecoder  

backbone.adapter.interactions.3.extra_extractors.1.ffn.dwconv.dwconv.weight - torch.Size([256, 1, 3, 3]): 
The value is the same before and after calling `init_weights` of EncoderDecoder  

backbone.adapter.interactions.3.extra_extractors.1.ffn.dwconv.dwconv.bias - torch.Size([256]): 
The value is the same before and after calling `init_weights` of EncoderDecoder  

backbone.adapter.interactions.3.extra_extractors.1.ffn.fc2.weight - torch.Size([1024, 256]): 
The value is the same before and after calling `init_weights` of EncoderDecoder  

backbone.adapter.interactions.3.extra_extractors.1.ffn.fc2.bias - torch.Size([1024]): 
The value is the same before and after calling `init_weights` of EncoderDecoder  

backbone.adapter.interactions.3.extra_extractors.1.ffn_norm.weight - torch.Size([1024]): 
The value is the same before and after calling `init_weights` of EncoderDecoder  

backbone.adapter.interactions.3.extra_extractors.1.ffn_norm.bias - torch.Size([1024]): 
The value is the same before and after calling `init_weights` of EncoderDecoder  

backbone.adapter.up.weight - torch.Size([1024, 1024, 2, 2]): 
The value is the same before and after calling `init_weights` of EncoderDecoder  

backbone.adapter.up.bias - torch.Size([1024]): 
The value is the same before and after calling `init_weights` of EncoderDecoder  

backbone.adapter.norm1.weight - torch.Size([1024]): 
The value is the same before and after calling `init_weights` of EncoderDecoder  

backbone.adapter.norm1.bias - torch.Size([1024]): 
The value is the same before and after calling `init_weights` of EncoderDecoder  

backbone.adapter.norm2.weight - torch.Size([1024]): 
The value is the same before and after calling `init_weights` of EncoderDecoder  

backbone.adapter.norm2.bias - torch.Size([1024]): 
The value is the same before and after calling `init_weights` of EncoderDecoder  

backbone.adapter.norm3.weight - torch.Size([1024]): 
The value is the same before and after calling `init_weights` of EncoderDecoder  

backbone.adapter.norm3.bias - torch.Size([1024]): 
The value is the same before and after calling `init_weights` of EncoderDecoder  

backbone.adapter.norm4.weight - torch.Size([1024]): 
The value is the same before and after calling `init_weights` of EncoderDecoder  

backbone.adapter.norm4.bias - torch.Size([1024]): 
The value is the same before and after calling `init_weights` of EncoderDecoder  

decode_head.pixel_decoder.input_convs.0.conv.weight - torch.Size([256, 1024, 1, 1]): 
Initialized by user-defined `init_weights` in Mask2FormerHead  

decode_head.pixel_decoder.input_convs.0.conv.bias - torch.Size([256]): 
The value is the same before and after calling `init_weights` of EncoderDecoder  

decode_head.pixel_decoder.input_convs.0.gn.weight - torch.Size([256]): 
The value is the same before and after calling `init_weights` of EncoderDecoder  

decode_head.pixel_decoder.input_convs.0.gn.bias - torch.Size([256]): 
The value is the same before and after calling `init_weights` of EncoderDecoder  

decode_head.pixel_decoder.input_convs.1.conv.weight - torch.Size([256, 1024, 1, 1]): 
Initialized by user-defined `init_weights` in Mask2FormerHead  

decode_head.pixel_decoder.input_convs.1.conv.bias - torch.Size([256]): 
The value is the same before and after calling `init_weights` of EncoderDecoder  

decode_head.pixel_decoder.input_convs.1.gn.weight - torch.Size([256]): 
The value is the same before and after calling `init_weights` of EncoderDecoder  

decode_head.pixel_decoder.input_convs.1.gn.bias - torch.Size([256]): 
The value is the same before and after calling `init_weights` of EncoderDecoder  

decode_head.pixel_decoder.input_convs.2.conv.weight - torch.Size([256, 1024, 1, 1]): 
Initialized by user-defined `init_weights` in Mask2FormerHead  

decode_head.pixel_decoder.input_convs.2.conv.bias - torch.Size([256]): 
The value is the same before and after calling `init_weights` of EncoderDecoder  

decode_head.pixel_decoder.input_convs.2.gn.weight - torch.Size([256]): 
The value is the same before and after calling `init_weights` of EncoderDecoder  

decode_head.pixel_decoder.input_convs.2.gn.bias - torch.Size([256]): 
The value is the same before and after calling `init_weights` of EncoderDecoder  

decode_head.pixel_decoder.encoder.layers.0.self_attn.sampling_offsets.weight - torch.Size([192, 256]): 
The value is the same before and after calling `init_weights` of EncoderDecoder  

decode_head.pixel_decoder.encoder.layers.0.self_attn.sampling_offsets.bias - torch.Size([192]): 
Initialized by user-defined `init_weights` in Mask2FormerHead  

decode_head.pixel_decoder.encoder.layers.0.self_attn.attention_weights.weight - torch.Size([96, 256]): 
The value is the same before and after calling `init_weights` of EncoderDecoder  

decode_head.pixel_decoder.encoder.layers.0.self_attn.attention_weights.bias - torch.Size([96]): 
The value is the same before and after calling `init_weights` of EncoderDecoder  

decode_head.pixel_decoder.encoder.layers.0.self_attn.value_proj.weight - torch.Size([256, 256]): 
Initialized by user-defined `init_weights` in Mask2FormerHead  

decode_head.pixel_decoder.encoder.layers.0.self_attn.value_proj.bias - torch.Size([256]): 
The value is the same before and after calling `init_weights` of EncoderDecoder  

decode_head.pixel_decoder.encoder.layers.0.self_attn.output_proj.weight - torch.Size([256, 256]): 
Initialized by user-defined `init_weights` in Mask2FormerHead  

decode_head.pixel_decoder.encoder.layers.0.self_attn.output_proj.bias - torch.Size([256]): 
The value is the same before and after calling `init_weights` of EncoderDecoder  

decode_head.pixel_decoder.encoder.layers.0.ffn.layers.0.0.weight - torch.Size([1024, 256]): 
Initialized by user-defined `init_weights` in Mask2FormerHead  

decode_head.pixel_decoder.encoder.layers.0.ffn.layers.0.0.bias - torch.Size([1024]): 
The value is the same before and after calling `init_weights` of EncoderDecoder  

decode_head.pixel_decoder.encoder.layers.0.ffn.layers.1.weight - torch.Size([256, 1024]): 
Initialized by user-defined `init_weights` in Mask2FormerHead  

decode_head.pixel_decoder.encoder.layers.0.ffn.layers.1.bias - torch.Size([256]): 
The value is the same before and after calling `init_weights` of EncoderDecoder  

decode_head.pixel_decoder.encoder.layers.0.norms.0.weight - torch.Size([256]): 
The value is the same before and after calling `init_weights` of EncoderDecoder  

decode_head.pixel_decoder.encoder.layers.0.norms.0.bias - torch.Size([256]): 
The value is the same before and after calling `init_weights` of EncoderDecoder  

decode_head.pixel_decoder.encoder.layers.0.norms.1.weight - torch.Size([256]): 
The value is the same before and after calling `init_weights` of EncoderDecoder  

decode_head.pixel_decoder.encoder.layers.0.norms.1.bias - torch.Size([256]): 
The value is the same before and after calling `init_weights` of EncoderDecoder  

decode_head.pixel_decoder.encoder.layers.1.self_attn.sampling_offsets.weight - torch.Size([192, 256]): 
The value is the same before and after calling `init_weights` of EncoderDecoder  

decode_head.pixel_decoder.encoder.layers.1.self_attn.sampling_offsets.bias - torch.Size([192]): 
Initialized by user-defined `init_weights` in Mask2FormerHead  

decode_head.pixel_decoder.encoder.layers.1.self_attn.attention_weights.weight - torch.Size([96, 256]): 
The value is the same before and after calling `init_weights` of EncoderDecoder  

decode_head.pixel_decoder.encoder.layers.1.self_attn.attention_weights.bias - torch.Size([96]): 
The value is the same before and after calling `init_weights` of EncoderDecoder  

decode_head.pixel_decoder.encoder.layers.1.self_attn.value_proj.weight - torch.Size([256, 256]): 
Initialized by user-defined `init_weights` in Mask2FormerHead  

decode_head.pixel_decoder.encoder.layers.1.self_attn.value_proj.bias - torch.Size([256]): 
The value is the same before and after calling `init_weights` of EncoderDecoder  

decode_head.pixel_decoder.encoder.layers.1.self_attn.output_proj.weight - torch.Size([256, 256]): 
Initialized by user-defined `init_weights` in Mask2FormerHead  

decode_head.pixel_decoder.encoder.layers.1.self_attn.output_proj.bias - torch.Size([256]): 
The value is the same before and after calling `init_weights` of EncoderDecoder  

decode_head.pixel_decoder.encoder.layers.1.ffn.layers.0.0.weight - torch.Size([1024, 256]): 
Initialized by user-defined `init_weights` in Mask2FormerHead  

decode_head.pixel_decoder.encoder.layers.1.ffn.layers.0.0.bias - torch.Size([1024]): 
The value is the same before and after calling `init_weights` of EncoderDecoder  

decode_head.pixel_decoder.encoder.layers.1.ffn.layers.1.weight - torch.Size([256, 1024]): 
Initialized by user-defined `init_weights` in Mask2FormerHead  

decode_head.pixel_decoder.encoder.layers.1.ffn.layers.1.bias - torch.Size([256]): 
The value is the same before and after calling `init_weights` of EncoderDecoder  

decode_head.pixel_decoder.encoder.layers.1.norms.0.weight - torch.Size([256]): 
The value is the same before and after calling `init_weights` of EncoderDecoder  

decode_head.pixel_decoder.encoder.layers.1.norms.0.bias - torch.Size([256]): 
The value is the same before and after calling `init_weights` of EncoderDecoder  

decode_head.pixel_decoder.encoder.layers.1.norms.1.weight - torch.Size([256]): 
The value is the same before and after calling `init_weights` of EncoderDecoder  

decode_head.pixel_decoder.encoder.layers.1.norms.1.bias - torch.Size([256]): 
The value is the same before and after calling `init_weights` of EncoderDecoder  

decode_head.pixel_decoder.encoder.layers.2.self_attn.sampling_offsets.weight - torch.Size([192, 256]): 
The value is the same before and after calling `init_weights` of EncoderDecoder  

decode_head.pixel_decoder.encoder.layers.2.self_attn.sampling_offsets.bias - torch.Size([192]): 
Initialized by user-defined `init_weights` in Mask2FormerHead  

decode_head.pixel_decoder.encoder.layers.2.self_attn.attention_weights.weight - torch.Size([96, 256]): 
The value is the same before and after calling `init_weights` of EncoderDecoder  

decode_head.pixel_decoder.encoder.layers.2.self_attn.attention_weights.bias - torch.Size([96]): 
The value is the same before and after calling `init_weights` of EncoderDecoder  

decode_head.pixel_decoder.encoder.layers.2.self_attn.value_proj.weight - torch.Size([256, 256]): 
Initialized by user-defined `init_weights` in Mask2FormerHead  

decode_head.pixel_decoder.encoder.layers.2.self_attn.value_proj.bias - torch.Size([256]): 
The value is the same before and after calling `init_weights` of EncoderDecoder  

decode_head.pixel_decoder.encoder.layers.2.self_attn.output_proj.weight - torch.Size([256, 256]): 
Initialized by user-defined `init_weights` in Mask2FormerHead  

decode_head.pixel_decoder.encoder.layers.2.self_attn.output_proj.bias - torch.Size([256]): 
The value is the same before and after calling `init_weights` of EncoderDecoder  

decode_head.pixel_decoder.encoder.layers.2.ffn.layers.0.0.weight - torch.Size([1024, 256]): 
Initialized by user-defined `init_weights` in Mask2FormerHead  

decode_head.pixel_decoder.encoder.layers.2.ffn.layers.0.0.bias - torch.Size([1024]): 
The value is the same before and after calling `init_weights` of EncoderDecoder  

decode_head.pixel_decoder.encoder.layers.2.ffn.layers.1.weight - torch.Size([256, 1024]): 
Initialized by user-defined `init_weights` in Mask2FormerHead  

decode_head.pixel_decoder.encoder.layers.2.ffn.layers.1.bias - torch.Size([256]): 
The value is the same before and after calling `init_weights` of EncoderDecoder  

decode_head.pixel_decoder.encoder.layers.2.norms.0.weight - torch.Size([256]): 
The value is the same before and after calling `init_weights` of EncoderDecoder  

decode_head.pixel_decoder.encoder.layers.2.norms.0.bias - torch.Size([256]): 
The value is the same before and after calling `init_weights` of EncoderDecoder  

decode_head.pixel_decoder.encoder.layers.2.norms.1.weight - torch.Size([256]): 
The value is the same before and after calling `init_weights` of EncoderDecoder  

decode_head.pixel_decoder.encoder.layers.2.norms.1.bias - torch.Size([256]): 
The value is the same before and after calling `init_weights` of EncoderDecoder  

decode_head.pixel_decoder.encoder.layers.3.self_attn.sampling_offsets.weight - torch.Size([192, 256]): 
The value is the same before and after calling `init_weights` of EncoderDecoder  

decode_head.pixel_decoder.encoder.layers.3.self_attn.sampling_offsets.bias - torch.Size([192]): 
Initialized by user-defined `init_weights` in Mask2FormerHead  

decode_head.pixel_decoder.encoder.layers.3.self_attn.attention_weights.weight - torch.Size([96, 256]): 
The value is the same before and after calling `init_weights` of EncoderDecoder  

decode_head.pixel_decoder.encoder.layers.3.self_attn.attention_weights.bias - torch.Size([96]): 
The value is the same before and after calling `init_weights` of EncoderDecoder  

decode_head.pixel_decoder.encoder.layers.3.self_attn.value_proj.weight - torch.Size([256, 256]): 
Initialized by user-defined `init_weights` in Mask2FormerHead  

decode_head.pixel_decoder.encoder.layers.3.self_attn.value_proj.bias - torch.Size([256]): 
The value is the same before and after calling `init_weights` of EncoderDecoder  

decode_head.pixel_decoder.encoder.layers.3.self_attn.output_proj.weight - torch.Size([256, 256]): 
Initialized by user-defined `init_weights` in Mask2FormerHead  

decode_head.pixel_decoder.encoder.layers.3.self_attn.output_proj.bias - torch.Size([256]): 
The value is the same before and after calling `init_weights` of EncoderDecoder  

decode_head.pixel_decoder.encoder.layers.3.ffn.layers.0.0.weight - torch.Size([1024, 256]): 
Initialized by user-defined `init_weights` in Mask2FormerHead  

decode_head.pixel_decoder.encoder.layers.3.ffn.layers.0.0.bias - torch.Size([1024]): 
The value is the same before and after calling `init_weights` of EncoderDecoder  

decode_head.pixel_decoder.encoder.layers.3.ffn.layers.1.weight - torch.Size([256, 1024]): 
Initialized by user-defined `init_weights` in Mask2FormerHead  

decode_head.pixel_decoder.encoder.layers.3.ffn.layers.1.bias - torch.Size([256]): 
The value is the same before and after calling `init_weights` of EncoderDecoder  

decode_head.pixel_decoder.encoder.layers.3.norms.0.weight - torch.Size([256]): 
The value is the same before and after calling `init_weights` of EncoderDecoder  

decode_head.pixel_decoder.encoder.layers.3.norms.0.bias - torch.Size([256]): 
The value is the same before and after calling `init_weights` of EncoderDecoder  

decode_head.pixel_decoder.encoder.layers.3.norms.1.weight - torch.Size([256]): 
The value is the same before and after calling `init_weights` of EncoderDecoder  

decode_head.pixel_decoder.encoder.layers.3.norms.1.bias - torch.Size([256]): 
The value is the same before and after calling `init_weights` of EncoderDecoder  

decode_head.pixel_decoder.encoder.layers.4.self_attn.sampling_offsets.weight - torch.Size([192, 256]): 
The value is the same before and after calling `init_weights` of EncoderDecoder  

decode_head.pixel_decoder.encoder.layers.4.self_attn.sampling_offsets.bias - torch.Size([192]): 
Initialized by user-defined `init_weights` in Mask2FormerHead  

decode_head.pixel_decoder.encoder.layers.4.self_attn.attention_weights.weight - torch.Size([96, 256]): 
The value is the same before and after calling `init_weights` of EncoderDecoder  

decode_head.pixel_decoder.encoder.layers.4.self_attn.attention_weights.bias - torch.Size([96]): 
The value is the same before and after calling `init_weights` of EncoderDecoder  

decode_head.pixel_decoder.encoder.layers.4.self_attn.value_proj.weight - torch.Size([256, 256]): 
Initialized by user-defined `init_weights` in Mask2FormerHead  

decode_head.pixel_decoder.encoder.layers.4.self_attn.value_proj.bias - torch.Size([256]): 
The value is the same before and after calling `init_weights` of EncoderDecoder  

decode_head.pixel_decoder.encoder.layers.4.self_attn.output_proj.weight - torch.Size([256, 256]): 
Initialized by user-defined `init_weights` in Mask2FormerHead  

decode_head.pixel_decoder.encoder.layers.4.self_attn.output_proj.bias - torch.Size([256]): 
The value is the same before and after calling `init_weights` of EncoderDecoder  

decode_head.pixel_decoder.encoder.layers.4.ffn.layers.0.0.weight - torch.Size([1024, 256]): 
Initialized by user-defined `init_weights` in Mask2FormerHead  

decode_head.pixel_decoder.encoder.layers.4.ffn.layers.0.0.bias - torch.Size([1024]): 
The value is the same before and after calling `init_weights` of EncoderDecoder  

decode_head.pixel_decoder.encoder.layers.4.ffn.layers.1.weight - torch.Size([256, 1024]): 
Initialized by user-defined `init_weights` in Mask2FormerHead  

decode_head.pixel_decoder.encoder.layers.4.ffn.layers.1.bias - torch.Size([256]): 
The value is the same before and after calling `init_weights` of EncoderDecoder  

decode_head.pixel_decoder.encoder.layers.4.norms.0.weight - torch.Size([256]): 
The value is the same before and after calling `init_weights` of EncoderDecoder  

decode_head.pixel_decoder.encoder.layers.4.norms.0.bias - torch.Size([256]): 
The value is the same before and after calling `init_weights` of EncoderDecoder  

decode_head.pixel_decoder.encoder.layers.4.norms.1.weight - torch.Size([256]): 
The value is the same before and after calling `init_weights` of EncoderDecoder  

decode_head.pixel_decoder.encoder.layers.4.norms.1.bias - torch.Size([256]): 
The value is the same before and after calling `init_weights` of EncoderDecoder  

decode_head.pixel_decoder.encoder.layers.5.self_attn.sampling_offsets.weight - torch.Size([192, 256]): 
The value is the same before and after calling `init_weights` of EncoderDecoder  

decode_head.pixel_decoder.encoder.layers.5.self_attn.sampling_offsets.bias - torch.Size([192]): 
Initialized by user-defined `init_weights` in Mask2FormerHead  

decode_head.pixel_decoder.encoder.layers.5.self_attn.attention_weights.weight - torch.Size([96, 256]): 
The value is the same before and after calling `init_weights` of EncoderDecoder  

decode_head.pixel_decoder.encoder.layers.5.self_attn.attention_weights.bias - torch.Size([96]): 
The value is the same before and after calling `init_weights` of EncoderDecoder  

decode_head.pixel_decoder.encoder.layers.5.self_attn.value_proj.weight - torch.Size([256, 256]): 
Initialized by user-defined `init_weights` in Mask2FormerHead  

decode_head.pixel_decoder.encoder.layers.5.self_attn.value_proj.bias - torch.Size([256]): 
The value is the same before and after calling `init_weights` of EncoderDecoder  

decode_head.pixel_decoder.encoder.layers.5.self_attn.output_proj.weight - torch.Size([256, 256]): 
Initialized by user-defined `init_weights` in Mask2FormerHead  

decode_head.pixel_decoder.encoder.layers.5.self_attn.output_proj.bias - torch.Size([256]): 
The value is the same before and after calling `init_weights` of EncoderDecoder  

decode_head.pixel_decoder.encoder.layers.5.ffn.layers.0.0.weight - torch.Size([1024, 256]): 
Initialized by user-defined `init_weights` in Mask2FormerHead  

decode_head.pixel_decoder.encoder.layers.5.ffn.layers.0.0.bias - torch.Size([1024]): 
The value is the same before and after calling `init_weights` of EncoderDecoder  

decode_head.pixel_decoder.encoder.layers.5.ffn.layers.1.weight - torch.Size([256, 1024]): 
Initialized by user-defined `init_weights` in Mask2FormerHead  

decode_head.pixel_decoder.encoder.layers.5.ffn.layers.1.bias - torch.Size([256]): 
The value is the same before and after calling `init_weights` of EncoderDecoder  

decode_head.pixel_decoder.encoder.layers.5.norms.0.weight - torch.Size([256]): 
The value is the same before and after calling `init_weights` of EncoderDecoder  

decode_head.pixel_decoder.encoder.layers.5.norms.0.bias - torch.Size([256]): 
The value is the same before and after calling `init_weights` of EncoderDecoder  

decode_head.pixel_decoder.encoder.layers.5.norms.1.weight - torch.Size([256]): 
The value is the same before and after calling `init_weights` of EncoderDecoder  

decode_head.pixel_decoder.encoder.layers.5.norms.1.bias - torch.Size([256]): 
The value is the same before and after calling `init_weights` of EncoderDecoder  

decode_head.pixel_decoder.level_encoding.weight - torch.Size([3, 256]): 
Initialized by user-defined `init_weights` in Mask2FormerHead  

decode_head.pixel_decoder.lateral_convs.0.conv.weight - torch.Size([256, 1024, 1, 1]): 
Initialized by user-defined `init_weights` in Mask2FormerHead  

decode_head.pixel_decoder.lateral_convs.0.gn.weight - torch.Size([256]): 
The value is the same before and after calling `init_weights` of EncoderDecoder  

decode_head.pixel_decoder.lateral_convs.0.gn.bias - torch.Size([256]): 
The value is the same before and after calling `init_weights` of EncoderDecoder  

decode_head.pixel_decoder.output_convs.0.conv.weight - torch.Size([256, 256, 3, 3]): 
Initialized by user-defined `init_weights` in Mask2FormerHead  

decode_head.pixel_decoder.output_convs.0.gn.weight - torch.Size([256]): 
The value is the same before and after calling `init_weights` of EncoderDecoder  

decode_head.pixel_decoder.output_convs.0.gn.bias - torch.Size([256]): 
The value is the same before and after calling `init_weights` of EncoderDecoder  

decode_head.pixel_decoder.mask_feature.weight - torch.Size([256, 256, 1, 1]): 
Initialized by user-defined `init_weights` in Mask2FormerHead  

decode_head.pixel_decoder.mask_feature.bias - torch.Size([256]): 
Initialized by user-defined `init_weights` in Mask2FormerHead  

decode_head.transformer_decoder.layers.0.self_attn.attn.in_proj_weight - torch.Size([768, 256]): 
Initialized by user-defined `init_weights` in Mask2FormerHead  

decode_head.transformer_decoder.layers.0.self_attn.attn.in_proj_bias - torch.Size([768]): 
The value is the same before and after calling `init_weights` of EncoderDecoder  

decode_head.transformer_decoder.layers.0.self_attn.attn.out_proj.weight - torch.Size([256, 256]): 
Initialized by user-defined `init_weights` in Mask2FormerHead  

decode_head.transformer_decoder.layers.0.self_attn.attn.out_proj.bias - torch.Size([256]): 
The value is the same before and after calling `init_weights` of EncoderDecoder  

decode_head.transformer_decoder.layers.0.cross_attn.attn.in_proj_weight - torch.Size([768, 256]): 
Initialized by user-defined `init_weights` in Mask2FormerHead  

decode_head.transformer_decoder.layers.0.cross_attn.attn.in_proj_bias - torch.Size([768]): 
The value is the same before and after calling `init_weights` of EncoderDecoder  

decode_head.transformer_decoder.layers.0.cross_attn.attn.out_proj.weight - torch.Size([256, 256]): 
Initialized by user-defined `init_weights` in Mask2FormerHead  

decode_head.transformer_decoder.layers.0.cross_attn.attn.out_proj.bias - torch.Size([256]): 
The value is the same before and after calling `init_weights` of EncoderDecoder  

decode_head.transformer_decoder.layers.0.ffn.layers.0.0.weight - torch.Size([2048, 256]): 
Initialized by user-defined `init_weights` in Mask2FormerHead  

decode_head.transformer_decoder.layers.0.ffn.layers.0.0.bias - torch.Size([2048]): 
The value is the same before and after calling `init_weights` of EncoderDecoder  

decode_head.transformer_decoder.layers.0.ffn.layers.1.weight - torch.Size([256, 2048]): 
Initialized by user-defined `init_weights` in Mask2FormerHead  

decode_head.transformer_decoder.layers.0.ffn.layers.1.bias - torch.Size([256]): 
The value is the same before and after calling `init_weights` of EncoderDecoder  

decode_head.transformer_decoder.layers.0.norms.0.weight - torch.Size([256]): 
The value is the same before and after calling `init_weights` of EncoderDecoder  

decode_head.transformer_decoder.layers.0.norms.0.bias - torch.Size([256]): 
The value is the same before and after calling `init_weights` of EncoderDecoder  

decode_head.transformer_decoder.layers.0.norms.1.weight - torch.Size([256]): 
The value is the same before and after calling `init_weights` of EncoderDecoder  

decode_head.transformer_decoder.layers.0.norms.1.bias - torch.Size([256]): 
The value is the same before and after calling `init_weights` of EncoderDecoder  

decode_head.transformer_decoder.layers.0.norms.2.weight - torch.Size([256]): 
The value is the same before and after calling `init_weights` of EncoderDecoder  

decode_head.transformer_decoder.layers.0.norms.2.bias - torch.Size([256]): 
The value is the same before and after calling `init_weights` of EncoderDecoder  

decode_head.transformer_decoder.layers.1.self_attn.attn.in_proj_weight - torch.Size([768, 256]): 
Initialized by user-defined `init_weights` in Mask2FormerHead  

decode_head.transformer_decoder.layers.1.self_attn.attn.in_proj_bias - torch.Size([768]): 
The value is the same before and after calling `init_weights` of EncoderDecoder  

decode_head.transformer_decoder.layers.1.self_attn.attn.out_proj.weight - torch.Size([256, 256]): 
Initialized by user-defined `init_weights` in Mask2FormerHead  

decode_head.transformer_decoder.layers.1.self_attn.attn.out_proj.bias - torch.Size([256]): 
The value is the same before and after calling `init_weights` of EncoderDecoder  

decode_head.transformer_decoder.layers.1.cross_attn.attn.in_proj_weight - torch.Size([768, 256]): 
Initialized by user-defined `init_weights` in Mask2FormerHead  

decode_head.transformer_decoder.layers.1.cross_attn.attn.in_proj_bias - torch.Size([768]): 
The value is the same before and after calling `init_weights` of EncoderDecoder  

decode_head.transformer_decoder.layers.1.cross_attn.attn.out_proj.weight - torch.Size([256, 256]): 
Initialized by user-defined `init_weights` in Mask2FormerHead  

decode_head.transformer_decoder.layers.1.cross_attn.attn.out_proj.bias - torch.Size([256]): 
The value is the same before and after calling `init_weights` of EncoderDecoder  

decode_head.transformer_decoder.layers.1.ffn.layers.0.0.weight - torch.Size([2048, 256]): 
Initialized by user-defined `init_weights` in Mask2FormerHead  

decode_head.transformer_decoder.layers.1.ffn.layers.0.0.bias - torch.Size([2048]): 
The value is the same before and after calling `init_weights` of EncoderDecoder  

decode_head.transformer_decoder.layers.1.ffn.layers.1.weight - torch.Size([256, 2048]): 
Initialized by user-defined `init_weights` in Mask2FormerHead  

decode_head.transformer_decoder.layers.1.ffn.layers.1.bias - torch.Size([256]): 
The value is the same before and after calling `init_weights` of EncoderDecoder  

decode_head.transformer_decoder.layers.1.norms.0.weight - torch.Size([256]): 
The value is the same before and after calling `init_weights` of EncoderDecoder  

decode_head.transformer_decoder.layers.1.norms.0.bias - torch.Size([256]): 
The value is the same before and after calling `init_weights` of EncoderDecoder  

decode_head.transformer_decoder.layers.1.norms.1.weight - torch.Size([256]): 
The value is the same before and after calling `init_weights` of EncoderDecoder  

decode_head.transformer_decoder.layers.1.norms.1.bias - torch.Size([256]): 
The value is the same before and after calling `init_weights` of EncoderDecoder  

decode_head.transformer_decoder.layers.1.norms.2.weight - torch.Size([256]): 
The value is the same before and after calling `init_weights` of EncoderDecoder  

decode_head.transformer_decoder.layers.1.norms.2.bias - torch.Size([256]): 
The value is the same before and after calling `init_weights` of EncoderDecoder  

decode_head.transformer_decoder.layers.2.self_attn.attn.in_proj_weight - torch.Size([768, 256]): 
Initialized by user-defined `init_weights` in Mask2FormerHead  

decode_head.transformer_decoder.layers.2.self_attn.attn.in_proj_bias - torch.Size([768]): 
The value is the same before and after calling `init_weights` of EncoderDecoder  

decode_head.transformer_decoder.layers.2.self_attn.attn.out_proj.weight - torch.Size([256, 256]): 
Initialized by user-defined `init_weights` in Mask2FormerHead  

decode_head.transformer_decoder.layers.2.self_attn.attn.out_proj.bias - torch.Size([256]): 
The value is the same before and after calling `init_weights` of EncoderDecoder  

decode_head.transformer_decoder.layers.2.cross_attn.attn.in_proj_weight - torch.Size([768, 256]): 
Initialized by user-defined `init_weights` in Mask2FormerHead  

decode_head.transformer_decoder.layers.2.cross_attn.attn.in_proj_bias - torch.Size([768]): 
The value is the same before and after calling `init_weights` of EncoderDecoder  

decode_head.transformer_decoder.layers.2.cross_attn.attn.out_proj.weight - torch.Size([256, 256]): 
Initialized by user-defined `init_weights` in Mask2FormerHead  

decode_head.transformer_decoder.layers.2.cross_attn.attn.out_proj.bias - torch.Size([256]): 
The value is the same before and after calling `init_weights` of EncoderDecoder  

decode_head.transformer_decoder.layers.2.ffn.layers.0.0.weight - torch.Size([2048, 256]): 
Initialized by user-defined `init_weights` in Mask2FormerHead  

decode_head.transformer_decoder.layers.2.ffn.layers.0.0.bias - torch.Size([2048]): 
The value is the same before and after calling `init_weights` of EncoderDecoder  

decode_head.transformer_decoder.layers.2.ffn.layers.1.weight - torch.Size([256, 2048]): 
Initialized by user-defined `init_weights` in Mask2FormerHead  

decode_head.transformer_decoder.layers.2.ffn.layers.1.bias - torch.Size([256]): 
The value is the same before and after calling `init_weights` of EncoderDecoder  

decode_head.transformer_decoder.layers.2.norms.0.weight - torch.Size([256]): 
The value is the same before and after calling `init_weights` of EncoderDecoder  

decode_head.transformer_decoder.layers.2.norms.0.bias - torch.Size([256]): 
The value is the same before and after calling `init_weights` of EncoderDecoder  

decode_head.transformer_decoder.layers.2.norms.1.weight - torch.Size([256]): 
The value is the same before and after calling `init_weights` of EncoderDecoder  

decode_head.transformer_decoder.layers.2.norms.1.bias - torch.Size([256]): 
The value is the same before and after calling `init_weights` of EncoderDecoder  

decode_head.transformer_decoder.layers.2.norms.2.weight - torch.Size([256]): 
The value is the same before and after calling `init_weights` of EncoderDecoder  

decode_head.transformer_decoder.layers.2.norms.2.bias - torch.Size([256]): 
The value is the same before and after calling `init_weights` of EncoderDecoder  

decode_head.transformer_decoder.layers.3.self_attn.attn.in_proj_weight - torch.Size([768, 256]): 
Initialized by user-defined `init_weights` in Mask2FormerHead  

decode_head.transformer_decoder.layers.3.self_attn.attn.in_proj_bias - torch.Size([768]): 
The value is the same before and after calling `init_weights` of EncoderDecoder  

decode_head.transformer_decoder.layers.3.self_attn.attn.out_proj.weight - torch.Size([256, 256]): 
Initialized by user-defined `init_weights` in Mask2FormerHead  

decode_head.transformer_decoder.layers.3.self_attn.attn.out_proj.bias - torch.Size([256]): 
The value is the same before and after calling `init_weights` of EncoderDecoder  

decode_head.transformer_decoder.layers.3.cross_attn.attn.in_proj_weight - torch.Size([768, 256]): 
Initialized by user-defined `init_weights` in Mask2FormerHead  

decode_head.transformer_decoder.layers.3.cross_attn.attn.in_proj_bias - torch.Size([768]): 
The value is the same before and after calling `init_weights` of EncoderDecoder  

decode_head.transformer_decoder.layers.3.cross_attn.attn.out_proj.weight - torch.Size([256, 256]): 
Initialized by user-defined `init_weights` in Mask2FormerHead  

decode_head.transformer_decoder.layers.3.cross_attn.attn.out_proj.bias - torch.Size([256]): 
The value is the same before and after calling `init_weights` of EncoderDecoder  

decode_head.transformer_decoder.layers.3.ffn.layers.0.0.weight - torch.Size([2048, 256]): 
Initialized by user-defined `init_weights` in Mask2FormerHead  

decode_head.transformer_decoder.layers.3.ffn.layers.0.0.bias - torch.Size([2048]): 
The value is the same before and after calling `init_weights` of EncoderDecoder  

decode_head.transformer_decoder.layers.3.ffn.layers.1.weight - torch.Size([256, 2048]): 
Initialized by user-defined `init_weights` in Mask2FormerHead  

decode_head.transformer_decoder.layers.3.ffn.layers.1.bias - torch.Size([256]): 
The value is the same before and after calling `init_weights` of EncoderDecoder  

decode_head.transformer_decoder.layers.3.norms.0.weight - torch.Size([256]): 
The value is the same before and after calling `init_weights` of EncoderDecoder  

decode_head.transformer_decoder.layers.3.norms.0.bias - torch.Size([256]): 
The value is the same before and after calling `init_weights` of EncoderDecoder  

decode_head.transformer_decoder.layers.3.norms.1.weight - torch.Size([256]): 
The value is the same before and after calling `init_weights` of EncoderDecoder  

decode_head.transformer_decoder.layers.3.norms.1.bias - torch.Size([256]): 
The value is the same before and after calling `init_weights` of EncoderDecoder  

decode_head.transformer_decoder.layers.3.norms.2.weight - torch.Size([256]): 
The value is the same before and after calling `init_weights` of EncoderDecoder  

decode_head.transformer_decoder.layers.3.norms.2.bias - torch.Size([256]): 
The value is the same before and after calling `init_weights` of EncoderDecoder  

decode_head.transformer_decoder.layers.4.self_attn.attn.in_proj_weight - torch.Size([768, 256]): 
Initialized by user-defined `init_weights` in Mask2FormerHead  

decode_head.transformer_decoder.layers.4.self_attn.attn.in_proj_bias - torch.Size([768]): 
The value is the same before and after calling `init_weights` of EncoderDecoder  

decode_head.transformer_decoder.layers.4.self_attn.attn.out_proj.weight - torch.Size([256, 256]): 
Initialized by user-defined `init_weights` in Mask2FormerHead  

decode_head.transformer_decoder.layers.4.self_attn.attn.out_proj.bias - torch.Size([256]): 
The value is the same before and after calling `init_weights` of EncoderDecoder  

decode_head.transformer_decoder.layers.4.cross_attn.attn.in_proj_weight - torch.Size([768, 256]): 
Initialized by user-defined `init_weights` in Mask2FormerHead  

decode_head.transformer_decoder.layers.4.cross_attn.attn.in_proj_bias - torch.Size([768]): 
The value is the same before and after calling `init_weights` of EncoderDecoder  

decode_head.transformer_decoder.layers.4.cross_attn.attn.out_proj.weight - torch.Size([256, 256]): 
Initialized by user-defined `init_weights` in Mask2FormerHead  

decode_head.transformer_decoder.layers.4.cross_attn.attn.out_proj.bias - torch.Size([256]): 
The value is the same before and after calling `init_weights` of EncoderDecoder  

decode_head.transformer_decoder.layers.4.ffn.layers.0.0.weight - torch.Size([2048, 256]): 
Initialized by user-defined `init_weights` in Mask2FormerHead  

decode_head.transformer_decoder.layers.4.ffn.layers.0.0.bias - torch.Size([2048]): 
The value is the same before and after calling `init_weights` of EncoderDecoder  

decode_head.transformer_decoder.layers.4.ffn.layers.1.weight - torch.Size([256, 2048]): 
Initialized by user-defined `init_weights` in Mask2FormerHead  

decode_head.transformer_decoder.layers.4.ffn.layers.1.bias - torch.Size([256]): 
The value is the same before and after calling `init_weights` of EncoderDecoder  

decode_head.transformer_decoder.layers.4.norms.0.weight - torch.Size([256]): 
The value is the same before and after calling `init_weights` of EncoderDecoder  

decode_head.transformer_decoder.layers.4.norms.0.bias - torch.Size([256]): 
The value is the same before and after calling `init_weights` of EncoderDecoder  

decode_head.transformer_decoder.layers.4.norms.1.weight - torch.Size([256]): 
The value is the same before and after calling `init_weights` of EncoderDecoder  

decode_head.transformer_decoder.layers.4.norms.1.bias - torch.Size([256]): 
The value is the same before and after calling `init_weights` of EncoderDecoder  

decode_head.transformer_decoder.layers.4.norms.2.weight - torch.Size([256]): 
The value is the same before and after calling `init_weights` of EncoderDecoder  

decode_head.transformer_decoder.layers.4.norms.2.bias - torch.Size([256]): 
The value is the same before and after calling `init_weights` of EncoderDecoder  

decode_head.transformer_decoder.layers.5.self_attn.attn.in_proj_weight - torch.Size([768, 256]): 
Initialized by user-defined `init_weights` in Mask2FormerHead  

decode_head.transformer_decoder.layers.5.self_attn.attn.in_proj_bias - torch.Size([768]): 
The value is the same before and after calling `init_weights` of EncoderDecoder  

decode_head.transformer_decoder.layers.5.self_attn.attn.out_proj.weight - torch.Size([256, 256]): 
Initialized by user-defined `init_weights` in Mask2FormerHead  

decode_head.transformer_decoder.layers.5.self_attn.attn.out_proj.bias - torch.Size([256]): 
The value is the same before and after calling `init_weights` of EncoderDecoder  

decode_head.transformer_decoder.layers.5.cross_attn.attn.in_proj_weight - torch.Size([768, 256]): 
Initialized by user-defined `init_weights` in Mask2FormerHead  

decode_head.transformer_decoder.layers.5.cross_attn.attn.in_proj_bias - torch.Size([768]): 
The value is the same before and after calling `init_weights` of EncoderDecoder  

decode_head.transformer_decoder.layers.5.cross_attn.attn.out_proj.weight - torch.Size([256, 256]): 
Initialized by user-defined `init_weights` in Mask2FormerHead  

decode_head.transformer_decoder.layers.5.cross_attn.attn.out_proj.bias - torch.Size([256]): 
The value is the same before and after calling `init_weights` of EncoderDecoder  

decode_head.transformer_decoder.layers.5.ffn.layers.0.0.weight - torch.Size([2048, 256]): 
Initialized by user-defined `init_weights` in Mask2FormerHead  

decode_head.transformer_decoder.layers.5.ffn.layers.0.0.bias - torch.Size([2048]): 
The value is the same before and after calling `init_weights` of EncoderDecoder  

decode_head.transformer_decoder.layers.5.ffn.layers.1.weight - torch.Size([256, 2048]): 
Initialized by user-defined `init_weights` in Mask2FormerHead  

decode_head.transformer_decoder.layers.5.ffn.layers.1.bias - torch.Size([256]): 
The value is the same before and after calling `init_weights` of EncoderDecoder  

decode_head.transformer_decoder.layers.5.norms.0.weight - torch.Size([256]): 
The value is the same before and after calling `init_weights` of EncoderDecoder  

decode_head.transformer_decoder.layers.5.norms.0.bias - torch.Size([256]): 
The value is the same before and after calling `init_weights` of EncoderDecoder  

decode_head.transformer_decoder.layers.5.norms.1.weight - torch.Size([256]): 
The value is the same before and after calling `init_weights` of EncoderDecoder  

decode_head.transformer_decoder.layers.5.norms.1.bias - torch.Size([256]): 
The value is the same before and after calling `init_weights` of EncoderDecoder  

decode_head.transformer_decoder.layers.5.norms.2.weight - torch.Size([256]): 
The value is the same before and after calling `init_weights` of EncoderDecoder  

decode_head.transformer_decoder.layers.5.norms.2.bias - torch.Size([256]): 
The value is the same before and after calling `init_weights` of EncoderDecoder  

decode_head.transformer_decoder.layers.6.self_attn.attn.in_proj_weight - torch.Size([768, 256]): 
Initialized by user-defined `init_weights` in Mask2FormerHead  

decode_head.transformer_decoder.layers.6.self_attn.attn.in_proj_bias - torch.Size([768]): 
The value is the same before and after calling `init_weights` of EncoderDecoder  

decode_head.transformer_decoder.layers.6.self_attn.attn.out_proj.weight - torch.Size([256, 256]): 
Initialized by user-defined `init_weights` in Mask2FormerHead  

decode_head.transformer_decoder.layers.6.self_attn.attn.out_proj.bias - torch.Size([256]): 
The value is the same before and after calling `init_weights` of EncoderDecoder  

decode_head.transformer_decoder.layers.6.cross_attn.attn.in_proj_weight - torch.Size([768, 256]): 
Initialized by user-defined `init_weights` in Mask2FormerHead  

decode_head.transformer_decoder.layers.6.cross_attn.attn.in_proj_bias - torch.Size([768]): 
The value is the same before and after calling `init_weights` of EncoderDecoder  

decode_head.transformer_decoder.layers.6.cross_attn.attn.out_proj.weight - torch.Size([256, 256]): 
Initialized by user-defined `init_weights` in Mask2FormerHead  

decode_head.transformer_decoder.layers.6.cross_attn.attn.out_proj.bias - torch.Size([256]): 
The value is the same before and after calling `init_weights` of EncoderDecoder  

decode_head.transformer_decoder.layers.6.ffn.layers.0.0.weight - torch.Size([2048, 256]): 
Initialized by user-defined `init_weights` in Mask2FormerHead  

decode_head.transformer_decoder.layers.6.ffn.layers.0.0.bias - torch.Size([2048]): 
The value is the same before and after calling `init_weights` of EncoderDecoder  

decode_head.transformer_decoder.layers.6.ffn.layers.1.weight - torch.Size([256, 2048]): 
Initialized by user-defined `init_weights` in Mask2FormerHead  

decode_head.transformer_decoder.layers.6.ffn.layers.1.bias - torch.Size([256]): 
The value is the same before and after calling `init_weights` of EncoderDecoder  

decode_head.transformer_decoder.layers.6.norms.0.weight - torch.Size([256]): 
The value is the same before and after calling `init_weights` of EncoderDecoder  

decode_head.transformer_decoder.layers.6.norms.0.bias - torch.Size([256]): 
The value is the same before and after calling `init_weights` of EncoderDecoder  

decode_head.transformer_decoder.layers.6.norms.1.weight - torch.Size([256]): 
The value is the same before and after calling `init_weights` of EncoderDecoder  

decode_head.transformer_decoder.layers.6.norms.1.bias - torch.Size([256]): 
The value is the same before and after calling `init_weights` of EncoderDecoder  

decode_head.transformer_decoder.layers.6.norms.2.weight - torch.Size([256]): 
The value is the same before and after calling `init_weights` of EncoderDecoder  

decode_head.transformer_decoder.layers.6.norms.2.bias - torch.Size([256]): 
The value is the same before and after calling `init_weights` of EncoderDecoder  

decode_head.transformer_decoder.layers.7.self_attn.attn.in_proj_weight - torch.Size([768, 256]): 
Initialized by user-defined `init_weights` in Mask2FormerHead  

decode_head.transformer_decoder.layers.7.self_attn.attn.in_proj_bias - torch.Size([768]): 
The value is the same before and after calling `init_weights` of EncoderDecoder  

decode_head.transformer_decoder.layers.7.self_attn.attn.out_proj.weight - torch.Size([256, 256]): 
Initialized by user-defined `init_weights` in Mask2FormerHead  

decode_head.transformer_decoder.layers.7.self_attn.attn.out_proj.bias - torch.Size([256]): 
The value is the same before and after calling `init_weights` of EncoderDecoder  

decode_head.transformer_decoder.layers.7.cross_attn.attn.in_proj_weight - torch.Size([768, 256]): 
Initialized by user-defined `init_weights` in Mask2FormerHead  

decode_head.transformer_decoder.layers.7.cross_attn.attn.in_proj_bias - torch.Size([768]): 
The value is the same before and after calling `init_weights` of EncoderDecoder  

decode_head.transformer_decoder.layers.7.cross_attn.attn.out_proj.weight - torch.Size([256, 256]): 
Initialized by user-defined `init_weights` in Mask2FormerHead  

decode_head.transformer_decoder.layers.7.cross_attn.attn.out_proj.bias - torch.Size([256]): 
The value is the same before and after calling `init_weights` of EncoderDecoder  

decode_head.transformer_decoder.layers.7.ffn.layers.0.0.weight - torch.Size([2048, 256]): 
Initialized by user-defined `init_weights` in Mask2FormerHead  

decode_head.transformer_decoder.layers.7.ffn.layers.0.0.bias - torch.Size([2048]): 
The value is the same before and after calling `init_weights` of EncoderDecoder  

decode_head.transformer_decoder.layers.7.ffn.layers.1.weight - torch.Size([256, 2048]): 
Initialized by user-defined `init_weights` in Mask2FormerHead  

decode_head.transformer_decoder.layers.7.ffn.layers.1.bias - torch.Size([256]): 
The value is the same before and after calling `init_weights` of EncoderDecoder  

decode_head.transformer_decoder.layers.7.norms.0.weight - torch.Size([256]): 
The value is the same before and after calling `init_weights` of EncoderDecoder  

decode_head.transformer_decoder.layers.7.norms.0.bias - torch.Size([256]): 
The value is the same before and after calling `init_weights` of EncoderDecoder  

decode_head.transformer_decoder.layers.7.norms.1.weight - torch.Size([256]): 
The value is the same before and after calling `init_weights` of EncoderDecoder  

decode_head.transformer_decoder.layers.7.norms.1.bias - torch.Size([256]): 
The value is the same before and after calling `init_weights` of EncoderDecoder  

decode_head.transformer_decoder.layers.7.norms.2.weight - torch.Size([256]): 
The value is the same before and after calling `init_weights` of EncoderDecoder  

decode_head.transformer_decoder.layers.7.norms.2.bias - torch.Size([256]): 
The value is the same before and after calling `init_weights` of EncoderDecoder  

decode_head.transformer_decoder.layers.8.self_attn.attn.in_proj_weight - torch.Size([768, 256]): 
Initialized by user-defined `init_weights` in Mask2FormerHead  

decode_head.transformer_decoder.layers.8.self_attn.attn.in_proj_bias - torch.Size([768]): 
The value is the same before and after calling `init_weights` of EncoderDecoder  

decode_head.transformer_decoder.layers.8.self_attn.attn.out_proj.weight - torch.Size([256, 256]): 
Initialized by user-defined `init_weights` in Mask2FormerHead  

decode_head.transformer_decoder.layers.8.self_attn.attn.out_proj.bias - torch.Size([256]): 
The value is the same before and after calling `init_weights` of EncoderDecoder  

decode_head.transformer_decoder.layers.8.cross_attn.attn.in_proj_weight - torch.Size([768, 256]): 
Initialized by user-defined `init_weights` in Mask2FormerHead  

decode_head.transformer_decoder.layers.8.cross_attn.attn.in_proj_bias - torch.Size([768]): 
The value is the same before and after calling `init_weights` of EncoderDecoder  

decode_head.transformer_decoder.layers.8.cross_attn.attn.out_proj.weight - torch.Size([256, 256]): 
Initialized by user-defined `init_weights` in Mask2FormerHead  

decode_head.transformer_decoder.layers.8.cross_attn.attn.out_proj.bias - torch.Size([256]): 
The value is the same before and after calling `init_weights` of EncoderDecoder  

decode_head.transformer_decoder.layers.8.ffn.layers.0.0.weight - torch.Size([2048, 256]): 
Initialized by user-defined `init_weights` in Mask2FormerHead  

decode_head.transformer_decoder.layers.8.ffn.layers.0.0.bias - torch.Size([2048]): 
The value is the same before and after calling `init_weights` of EncoderDecoder  

decode_head.transformer_decoder.layers.8.ffn.layers.1.weight - torch.Size([256, 2048]): 
Initialized by user-defined `init_weights` in Mask2FormerHead  

decode_head.transformer_decoder.layers.8.ffn.layers.1.bias - torch.Size([256]): 
The value is the same before and after calling `init_weights` of EncoderDecoder  

decode_head.transformer_decoder.layers.8.norms.0.weight - torch.Size([256]): 
The value is the same before and after calling `init_weights` of EncoderDecoder  

decode_head.transformer_decoder.layers.8.norms.0.bias - torch.Size([256]): 
The value is the same before and after calling `init_weights` of EncoderDecoder  

decode_head.transformer_decoder.layers.8.norms.1.weight - torch.Size([256]): 
The value is the same before and after calling `init_weights` of EncoderDecoder  

decode_head.transformer_decoder.layers.8.norms.1.bias - torch.Size([256]): 
The value is the same before and after calling `init_weights` of EncoderDecoder  

decode_head.transformer_decoder.layers.8.norms.2.weight - torch.Size([256]): 
The value is the same before and after calling `init_weights` of EncoderDecoder  

decode_head.transformer_decoder.layers.8.norms.2.bias - torch.Size([256]): 
The value is the same before and after calling `init_weights` of EncoderDecoder  

decode_head.transformer_decoder.post_norm.weight - torch.Size([256]): 
The value is the same before and after calling `init_weights` of EncoderDecoder  

decode_head.transformer_decoder.post_norm.bias - torch.Size([256]): 
The value is the same before and after calling `init_weights` of EncoderDecoder  

decode_head.query_embed.weight - torch.Size([50, 256]): 
The value is the same before and after calling `init_weights` of EncoderDecoder  

decode_head.query_feat.weight - torch.Size([50, 256]): 
The value is the same before and after calling `init_weights` of EncoderDecoder  

decode_head.level_embed.weight - torch.Size([3, 256]): 
The value is the same before and after calling `init_weights` of EncoderDecoder  

decode_head.cls_embed.weight - torch.Size([6, 256]): 
The value is the same before and after calling `init_weights` of EncoderDecoder  

decode_head.cls_embed.bias - torch.Size([6]): 
The value is the same before and after calling `init_weights` of EncoderDecoder  

decode_head.mask_embed.0.weight - torch.Size([256, 256]): 
The value is the same before and after calling `init_weights` of EncoderDecoder  

decode_head.mask_embed.0.bias - torch.Size([256]): 
The value is the same before and after calling `init_weights` of EncoderDecoder  

decode_head.mask_embed.2.weight - torch.Size([256, 256]): 
The value is the same before and after calling `init_weights` of EncoderDecoder  

decode_head.mask_embed.2.bias - torch.Size([256]): 
The value is the same before and after calling `init_weights` of EncoderDecoder  

decode_head.mask_embed.4.weight - torch.Size([256, 256]): 
The value is the same before and after calling `init_weights` of EncoderDecoder  

decode_head.mask_embed.4.bias - torch.Size([256]): 
The value is the same before and after calling `init_weights` of EncoderDecoder  
2026/07/23 19:33:17 - mmengine - WARNING - "FileClient" will be deprecated in future. Please use io functions in https://mmengine.readthedocs.io/en/latest/api/fileio.html#file-io
2026/07/23 19:33:17 - mmengine - WARNING - "HardDiskBackend" is the alias of "LocalBackend" and the former will be deprecated in future.
2026/07/23 19:33:17 - mmengine - INFO - Checkpoints will be saved to /mnt/qh2-nas3/00-model/00-fb/fusion_potsdam/work_dirs/fusion_vits_m2f_nocont_23999.
2026/07/23 19:35:03 - mmengine - INFO - Iter(train) [  100/40000]  base_lr: 1.6989e-06 lr: 1.6989e-06  eta: 11:45:49  time: 0.7559  data_time: 0.0235  memory: 41120  grad_norm: 281.6177  loss: 79.3068  decode.loss_cls: 1.0517  decode.loss_mask: 3.2970  decode.loss_dice: 3.6380  decode.d0.loss_cls: 3.5188  decode.d0.loss_mask: 2.6213  decode.d0.loss_dice: 3.1695  decode.d1.loss_cls: 2.4527  decode.d1.loss_mask: 2.5912  decode.d1.loss_dice: 3.3276  decode.d2.loss_cls: 1.9838  decode.d2.loss_mask: 2.6968  decode.d2.loss_dice: 3.3289  decode.d3.loss_cls: 1.5321  decode.d3.loss_mask: 2.8292  decode.d3.loss_dice: 3.3466  decode.d4.loss_cls: 1.3791  decode.d4.loss_mask: 2.8895  decode.d4.loss_dice: 3.4575  decode.d5.loss_cls: 1.0488  decode.d5.loss_mask: 2.9738  decode.d5.loss_dice: 3.4261  decode.d6.loss_cls: 0.8328  decode.d6.loss_mask: 3.1354  decode.d6.loss_dice: 3.5499  decode.d7.loss_cls: 0.7928  decode.d7.loss_mask: 3.1257  decode.d7.loss_dice: 3.5610  decode.d8.loss_cls: 1.0874  decode.d8.loss_mask: 3.1270  decode.d8.loss_dice: 3.5348
2026/07/23 19:36:20 - mmengine - INFO - Iter(train) [  200/40000]  base_lr: 3.3645e-06 lr: 3.3645e-06  eta: 10:06:40  time: 0.7978  data_time: 0.0264  memory: 8424  grad_norm: 66.6178  loss: 71.8528  decode.loss_cls: 0.8641  decode.loss_mask: 2.5196  decode.loss_dice: 3.7162  decode.d0.loss_cls: 3.4067  decode.d0.loss_mask: 2.4473  decode.d0.loss_dice: 3.5546  decode.d1.loss_cls: 0.9876  decode.d1.loss_mask: 2.4502  decode.d1.loss_dice: 3.4524  decode.d2.loss_cls: 0.8500  decode.d2.loss_mask: 2.4362  decode.d2.loss_dice: 3.5437  decode.d3.loss_cls: 0.8560  decode.d3.loss_mask: 2.4330  decode.d3.loss_dice: 3.5295  decode.d4.loss_cls: 0.8526  decode.d4.loss_mask: 2.4009  decode.d4.loss_dice: 3.6729  decode.d5.loss_cls: 0.8624  decode.d5.loss_mask: 2.4066  decode.d5.loss_dice: 3.6742  decode.d6.loss_cls: 0.8480  decode.d6.loss_mask: 2.3497  decode.d6.loss_dice: 3.7390  decode.d7.loss_cls: 0.8583  decode.d7.loss_mask: 2.3625  decode.d7.loss_dice: 3.7587  decode.d8.loss_cls: 0.8608  decode.d8.loss_mask: 2.4261  decode.d8.loss_dice: 3.7331
2026/07/23 19:37:34 - mmengine - INFO - Iter(train) [  300/40000]  base_lr: 5.0300e-06 lr: 5.0300e-06  eta: 9:27:19  time: 0.7420  data_time: 0.0219  memory: 8434  grad_norm: 145.9971  loss: 65.2646  decode.loss_cls: 0.7558  decode.loss_mask: 2.4448  decode.loss_dice: 3.2434  decode.d0.loss_cls: 3.4567  decode.d0.loss_mask: 2.4178  decode.d0.loss_dice: 3.1691  decode.d1.loss_cls: 0.7982  decode.d1.loss_mask: 2.3466  decode.d1.loss_dice: 3.1219  decode.d2.loss_cls: 0.7388  decode.d2.loss_mask: 2.3130  decode.d2.loss_dice: 3.1005  decode.d3.loss_cls: 0.7466  decode.d3.loss_mask: 2.3259  decode.d3.loss_dice: 3.0811  decode.d4.loss_cls: 0.7357  decode.d4.loss_mask: 2.3350  decode.d4.loss_dice: 3.1513  decode.d5.loss_cls: 0.7346  decode.d5.loss_mask: 2.3147  decode.d5.loss_dice: 3.1371  decode.d6.loss_cls: 0.7548  decode.d6.loss_mask: 2.3432  decode.d6.loss_dice: 3.1089  decode.d7.loss_cls: 0.7627  decode.d7.loss_mask: 2.3783  decode.d7.loss_dice: 3.1195  decode.d8.loss_cls: 0.7646  decode.d8.loss_mask: 2.4155  decode.d8.loss_dice: 3.1486
2026/07/23 19:38:48 - mmengine - INFO - Iter(train) [  400/40000]  base_lr: 6.6956e-06 lr: 6.6956e-06  eta: 9:06:04  time: 0.7913  data_time: 0.0272  memory: 8434  grad_norm: 117.4360  loss: 61.1165  decode.loss_cls: 0.8116  decode.loss_mask: 2.2025  decode.loss_dice: 3.0307  decode.d0.loss_cls: 3.3492  decode.d0.loss_mask: 2.1867  decode.d0.loss_dice: 3.0393  decode.d1.loss_cls: 0.7744  decode.d1.loss_mask: 2.1642  decode.d1.loss_dice: 2.9879  decode.d2.loss_cls: 0.7595  decode.d2.loss_mask: 2.1132  decode.d2.loss_dice: 2.8869  decode.d3.loss_cls: 0.7557  decode.d3.loss_mask: 2.0896  decode.d3.loss_dice: 2.8501  decode.d4.loss_cls: 0.7823  decode.d4.loss_mask: 2.1073  decode.d4.loss_dice: 2.8705  decode.d5.loss_cls: 0.7786  decode.d5.loss_mask: 2.1241  decode.d5.loss_dice: 2.8732  decode.d6.loss_cls: 0.7910  decode.d6.loss_mask: 2.1465  decode.d6.loss_dice: 2.8684  decode.d7.loss_cls: 0.8121  decode.d7.loss_mask: 2.1551  decode.d7.loss_dice: 2.9244  decode.d8.loss_cls: 0.8178  decode.d8.loss_mask: 2.1375  decode.d8.loss_dice: 2.9263
2026/07/23 19:40:05 - mmengine - INFO - Iter(train) [  500/40000]  base_lr: 8.3611e-06 lr: 8.3611e-06  eta: 8:56:54  time: 0.7872  data_time: 0.0254  memory: 8424  grad_norm: 164.6471  loss: 48.1394  decode.loss_cls: 0.6776  decode.loss_mask: 1.6475  decode.loss_dice: 2.2546  decode.d0.loss_cls: 3.3633  decode.d0.loss_mask: 1.7896  decode.d0.loss_dice: 2.4948  decode.d1.loss_cls: 0.6832  decode.d1.loss_mask: 1.6946  decode.d1.loss_dice: 2.3442  decode.d2.loss_cls: 0.6249  decode.d2.loss_mask: 1.6571  decode.d2.loss_dice: 2.2398  decode.d3.loss_cls: 0.6093  decode.d3.loss_mask: 1.5909  decode.d3.loss_dice: 2.1529  decode.d4.loss_cls: 0.6359  decode.d4.loss_mask: 1.6175  decode.d4.loss_dice: 2.1612  decode.d5.loss_cls: 0.6412  decode.d5.loss_mask: 1.6218  decode.d5.loss_dice: 2.1811  decode.d6.loss_cls: 0.6523  decode.d6.loss_mask: 1.6413  decode.d6.loss_dice: 2.1960  decode.d7.loss_cls: 0.6661  decode.d7.loss_mask: 1.6340  decode.d7.loss_dice: 2.1842  decode.d8.loss_cls: 0.6780  decode.d8.loss_mask: 1.6209  decode.d8.loss_dice: 2.1833
2026/07/23 19:41:21 - mmengine - INFO - Iter(train) [  600/40000]  base_lr: 1.0027e-05 lr: 1.0027e-05  eta: 8:49:55  time: 0.7647  data_time: 0.0264  memory: 8434  grad_norm: 193.7051  loss: 50.2316  decode.loss_cls: 0.6763  decode.loss_mask: 1.9090  decode.loss_dice: 2.2874  decode.d0.loss_cls: 3.3262  decode.d0.loss_mask: 1.9539  decode.d0.loss_dice: 2.4199  decode.d1.loss_cls: 0.6625  decode.d1.loss_mask: 1.9289  decode.d1.loss_dice: 2.3257  decode.d2.loss_cls: 0.6319  decode.d2.loss_mask: 1.8409  decode.d2.loss_dice: 2.1444  decode.d3.loss_cls: 0.6073  decode.d3.loss_mask: 1.8590  decode.d3.loss_dice: 2.1554  decode.d4.loss_cls: 0.6100  decode.d4.loss_mask: 1.8544  decode.d4.loss_dice: 2.1612  decode.d5.loss_cls: 0.6215  decode.d5.loss_mask: 1.8713  decode.d5.loss_dice: 2.1270  decode.d6.loss_cls: 0.6388  decode.d6.loss_mask: 1.8849  decode.d6.loss_dice: 2.1653  decode.d7.loss_cls: 0.6221  decode.d7.loss_mask: 1.9081  decode.d7.loss_dice: 2.2221  decode.d8.loss_cls: 0.6445  decode.d8.loss_mask: 1.9313  decode.d8.loss_dice: 2.2403
2026/07/23 19:42:38 - mmengine - INFO - Iter(train) [  700/40000]  base_lr: 1.1692e-05 lr: 1.1692e-05  eta: 8:45:14  time: 0.7852  data_time: 0.0240  memory: 8434  grad_norm: 160.5298  loss: 42.3905  decode.loss_cls: 0.5716  decode.loss_mask: 1.4820  decode.loss_dice: 1.8356  decode.d0.loss_cls: 3.2878  decode.d0.loss_mask: 1.6288  decode.d0.loss_dice: 2.1600  decode.d1.loss_cls: 0.5984  decode.d1.loss_mask: 1.5964  decode.d1.loss_dice: 1.9837  decode.d2.loss_cls: 0.5286  decode.d2.loss_mask: 1.5769  decode.d2.loss_dice: 1.8499  decode.d3.loss_cls: 0.4902  decode.d3.loss_mask: 1.6103  decode.d3.loss_dice: 1.8512  decode.d4.loss_cls: 0.5022  decode.d4.loss_mask: 1.5620  decode.d4.loss_dice: 1.8302  decode.d5.loss_cls: 0.5031  decode.d5.loss_mask: 1.5946  decode.d5.loss_dice: 1.8363  decode.d6.loss_cls: 0.5118  decode.d6.loss_mask: 1.5491  decode.d6.loss_dice: 1.7649  decode.d7.loss_cls: 0.5274  decode.d7.loss_mask: 1.4974  decode.d7.loss_dice: 1.7888  decode.d8.loss_cls: 0.5408  decode.d8.loss_mask: 1.4938  decode.d8.loss_dice: 1.8366
2026/07/23 19:43:53 - mmengine - INFO - Iter(train) [  800/40000]  base_lr: 1.3358e-05 lr: 1.3358e-05  eta: 8:39:33  time: 0.7228  data_time: 0.0268  memory: 8434  grad_norm: 226.8648  loss: 48.1024  decode.loss_cls: 0.5287  decode.loss_mask: 1.9959  decode.loss_dice: 2.0630  decode.d0.loss_cls: 3.2385  decode.d0.loss_mask: 1.8946  decode.d0.loss_dice: 2.2515  decode.d1.loss_cls: 0.6069  decode.d1.loss_mask: 1.8928  decode.d1.loss_dice: 2.1561  decode.d2.loss_cls: 0.5137  decode.d2.loss_mask: 1.9189  decode.d2.loss_dice: 2.0190  decode.d3.loss_cls: 0.4851  decode.d3.loss_mask: 1.9279  decode.d3.loss_dice: 2.0413  decode.d4.loss_cls: 0.4719  decode.d4.loss_mask: 2.0196  decode.d4.loss_dice: 2.0126  decode.d5.loss_cls: 0.4612  decode.d5.loss_mask: 2.0110  decode.d5.loss_dice: 2.0430  decode.d6.loss_cls: 0.4779  decode.d6.loss_mask: 1.9762  decode.d6.loss_dice: 2.0469  decode.d7.loss_cls: 0.4964  decode.d7.loss_mask: 1.9594  decode.d7.loss_dice: 2.0238  decode.d8.loss_cls: 0.5100  decode.d8.loss_mask: 2.0259  decode.d8.loss_dice: 2.0327
2026/07/23 19:44:43 - mmengine - INFO - Exp name: fusion_vits_m2f_nocont_23999_20260723_192916
2026/07/23 19:44:43 - mmengine - WARNING - Reach the end of the dataloader, it will be restarted and continue to iterate. It is recommended to use `mmengine.dataset.InfiniteSampler` to enable the dataloader to iterate infinitely.
2026/07/23 19:45:14 - mmengine - INFO - Iter(train) [  900/40000]  base_lr: 1.5023e-05 lr: 1.5023e-05  eta: 8:39:05  time: 0.8126  data_time: 0.0300  memory: 8434  grad_norm: 227.7758  loss: 43.0230  decode.loss_cls: 0.4584  decode.loss_mask: 1.7241  decode.loss_dice: 1.9529  decode.d0.loss_cls: 3.2292  decode.d0.loss_mask: 1.6731  decode.d0.loss_dice: 2.0762  decode.d1.loss_cls: 0.5016  decode.d1.loss_mask: 1.6460  decode.d1.loss_dice: 1.8975  decode.d2.loss_cls: 0.4221  decode.d2.loss_mask: 1.6918  decode.d2.loss_dice: 1.8819  decode.d3.loss_cls: 0.4016  decode.d3.loss_mask: 1.7137  decode.d3.loss_dice: 1.8625  decode.d4.loss_cls: 0.3930  decode.d4.loss_mask: 1.7026  decode.d4.loss_dice: 1.8070  decode.d5.loss_cls: 0.3890  decode.d5.loss_mask: 1.6851  decode.d5.loss_dice: 1.8834  decode.d6.loss_cls: 0.4047  decode.d6.loss_mask: 1.6597  decode.d6.loss_dice: 1.8932  decode.d7.loss_cls: 0.4233  decode.d7.loss_mask: 1.6496  decode.d7.loss_dice: 1.9074  decode.d8.loss_cls: 0.4382  decode.d8.loss_mask: 1.7155  decode.d8.loss_dice: 1.9386
2026/07/23 19:46:30 - mmengine - INFO - Exp name: fusion_vits_m2f_nocont_23999_20260723_192916
2026/07/23 19:46:30 - mmengine - INFO - Iter(train) [ 1000/40000]  base_lr: 1.6689e-05 lr: 1.6689e-05  eta: 8:35:27  time: 0.7619  data_time: 0.0225  memory: 8424  grad_norm: 159.2290  loss: 40.6470  decode.loss_cls: 0.3892  decode.loss_mask: 1.7409  decode.loss_dice: 1.6359  decode.d0.loss_cls: 3.1277  decode.d0.loss_mask: 1.7998  decode.d0.loss_dice: 1.8458  decode.d1.loss_cls: 0.5075  decode.d1.loss_mask: 1.7473  decode.d1.loss_dice: 1.6849  decode.d2.loss_cls: 0.3827  decode.d2.loss_mask: 1.7736  decode.d2.loss_dice: 1.6272  decode.d3.loss_cls: 0.3451  decode.d3.loss_mask: 1.7912  decode.d3.loss_dice: 1.6427  decode.d4.loss_cls: 0.3289  decode.d4.loss_mask: 1.7840  decode.d4.loss_dice: 1.6185  decode.d5.loss_cls: 0.3240  decode.d5.loss_mask: 1.7971  decode.d5.loss_dice: 1.6233  decode.d6.loss_cls: 0.3444  decode.d6.loss_mask: 1.7850  decode.d6.loss_dice: 1.6126  decode.d7.loss_cls: 0.3678  decode.d7.loss_mask: 1.7503  decode.d7.loss_dice: 1.5650  decode.d8.loss_cls: 0.3830  decode.d8.loss_mask: 1.7481  decode.d8.loss_dice: 1.5735
2026/07/23 19:47:46 - mmengine - INFO - Iter(train) [ 1100/40000]  base_lr: 1.8354e-05 lr: 1.8354e-05  eta: 8:32:33  time: 0.7603  data_time: 0.0279  memory: 8434  grad_norm: 157.4514  loss: 39.2343  decode.loss_cls: 0.3005  decode.loss_mask: 1.7077  decode.loss_dice: 1.6472  decode.d0.loss_cls: 3.0572  decode.d0.loss_mask: 1.6531  decode.d0.loss_dice: 1.8207  decode.d1.loss_cls: 0.4279  decode.d1.loss_mask: 1.6636  decode.d1.loss_dice: 1.6042  decode.d2.loss_cls: 0.2516  decode.d2.loss_mask: 1.8077  decode.d2.loss_dice: 1.6433  decode.d3.loss_cls: 0.1980  decode.d3.loss_mask: 1.7876  decode.d3.loss_dice: 1.6212  decode.d4.loss_cls: 0.1943  decode.d4.loss_mask: 1.7695  decode.d4.loss_dice: 1.6079  decode.d5.loss_cls: 0.2099  decode.d5.loss_mask: 1.7548  decode.d5.loss_dice: 1.6288  decode.d6.loss_cls: 0.2268  decode.d6.loss_mask: 1.7468  decode.d6.loss_dice: 1.6288  decode.d7.loss_cls: 0.2578  decode.d7.loss_mask: 1.7394  decode.d7.loss_dice: 1.6284  decode.d8.loss_cls: 0.2887  decode.d8.loss_mask: 1.7109  decode.d8.loss_dice: 1.6500
2026/07/23 19:49:01 - mmengine - INFO - Iter(train) [ 1200/40000]  base_lr: 2.0020e-05 lr: 2.0020e-05  eta: 8:29:05  time: 0.8025  data_time: 0.0272  memory: 8434  grad_norm: 187.0553  loss: 42.6117  decode.loss_cls: 0.2423  decode.loss_mask: 1.7783  decode.loss_dice: 1.9908  decode.d0.loss_cls: 2.9789  decode.d0.loss_mask: 1.6820  decode.d0.loss_dice: 2.0902  decode.d1.loss_cls: 0.3873  decode.d1.loss_mask: 1.7469  decode.d1.loss_dice: 1.9506  decode.d2.loss_cls: 0.2294  decode.d2.loss_mask: 1.8033  decode.d2.loss_dice: 1.9183  decode.d3.loss_cls: 0.2099  decode.d3.loss_mask: 1.7918  decode.d3.loss_dice: 1.9427  decode.d4.loss_cls: 0.1753  decode.d4.loss_mask: 1.8163  decode.d4.loss_dice: 1.9644  decode.d5.loss_cls: 0.1787  decode.d5.loss_mask: 1.8155  decode.d5.loss_dice: 1.9922  decode.d6.loss_cls: 0.1874  decode.d6.loss_mask: 1.8046  decode.d6.loss_dice: 1.9702  decode.d7.loss_cls: 0.1895  decode.d7.loss_mask: 1.8235  decode.d7.loss_dice: 1.9852  decode.d8.loss_cls: 0.2356  decode.d8.loss_mask: 1.7832  decode.d8.loss_dice: 1.9473
2026/07/23 19:50:19 - mmengine - INFO - Iter(train) [ 1300/40000]  base_lr: 2.1686e-05 lr: 2.1686e-05  eta: 8:27:23  time: 0.7768  data_time: 0.0281  memory: 8424  grad_norm: 195.2529  loss: 34.0821  decode.loss_cls: 0.1792  decode.loss_mask: 1.4888  decode.loss_dice: 1.4288  decode.d0.loss_cls: 2.9072  decode.d0.loss_mask: 1.4114  decode.d0.loss_dice: 1.5954  decode.d1.loss_cls: 0.2959  decode.d1.loss_mask: 1.4597  decode.d1.loss_dice: 1.4802  decode.d2.loss_cls: 0.1972  decode.d2.loss_mask: 1.4907  decode.d2.loss_dice: 1.4459  decode.d3.loss_cls: 0.1532  decode.d3.loss_mask: 1.5135  decode.d3.loss_dice: 1.4483  decode.d4.loss_cls: 0.1498  decode.d4.loss_mask: 1.5148  decode.d4.loss_dice: 1.4475  decode.d5.loss_cls: 0.1608  decode.d5.loss_mask: 1.4985  decode.d5.loss_dice: 1.4309  decode.d6.loss_cls: 0.1538  decode.d6.loss_mask: 1.5224  decode.d6.loss_dice: 1.4731  decode.d7.loss_cls: 0.1565  decode.d7.loss_mask: 1.5237  decode.d7.loss_dice: 1.4681  decode.d8.loss_cls: 0.1651  decode.d8.loss_mask: 1.5240  decode.d8.loss_dice: 1.3976
2026/07/23 19:51:33 - mmengine - INFO - Iter(train) [ 1400/40000]  base_lr: 2.3351e-05 lr: 2.3351e-05  eta: 8:23:51  time: 0.7453  data_time: 0.0243  memory: 8434  grad_norm: 147.0235  loss: 32.9933  decode.loss_cls: 0.1505  decode.loss_mask: 1.4284  decode.loss_dice: 1.4682  decode.d0.loss_cls: 2.7925  decode.d0.loss_mask: 1.3340  decode.d0.loss_dice: 1.5265  decode.d1.loss_cls: 0.2570  decode.d1.loss_mask: 1.3710  decode.d1.loss_dice: 1.4478  decode.d2.loss_cls: 0.1495  decode.d2.loss_mask: 1.4068  decode.d2.loss_dice: 1.4656  decode.d3.loss_cls: 0.1115  decode.d3.loss_mask: 1.4185  decode.d3.loss_dice: 1.4532  decode.d4.loss_cls: 0.1046  decode.d4.loss_mask: 1.4389  decode.d4.loss_dice: 1.4536  decode.d5.loss_cls: 0.1144  decode.d5.loss_mask: 1.4131  decode.d5.loss_dice: 1.4704  decode.d6.loss_cls: 0.1276  decode.d6.loss_mask: 1.4555  decode.d6.loss_dice: 1.4865  decode.d7.loss_cls: 0.1282  decode.d7.loss_mask: 1.4525  decode.d7.loss_dice: 1.4865  decode.d8.loss_cls: 0.1290  decode.d8.loss_mask: 1.4654  decode.d8.loss_dice: 1.4860
2026/07/23 19:52:44 - mmengine - INFO - Iter(train) [ 1500/40000]  base_lr: 2.5017e-05 lr: 2.5017e-05  eta: 8:19:12  time: 0.6452  data_time: 0.0185  memory: 8434  grad_norm: 142.0864  loss: 33.8291  decode.loss_cls: 0.1738  decode.loss_mask: 1.4696  decode.loss_dice: 1.5478  decode.d0.loss_cls: 2.6920  decode.d0.loss_mask: 1.3639  decode.d0.loss_dice: 1.5923  decode.d1.loss_cls: 0.2529  decode.d1.loss_mask: 1.4390  decode.d1.loss_dice: 1.5083  decode.d2.loss_cls: 0.1349  decode.d2.loss_mask: 1.4699  decode.d2.loss_dice: 1.4647  decode.d3.loss_cls: 0.1201  decode.d3.loss_mask: 1.4772  decode.d3.loss_dice: 1.4693  decode.d4.loss_cls: 0.1197  decode.d4.loss_mask: 1.4899  decode.d4.loss_dice: 1.4917  decode.d5.loss_cls: 0.1141  decode.d5.loss_mask: 1.4947  decode.d5.loss_dice: 1.5356  decode.d6.loss_cls: 0.1348  decode.d6.loss_mask: 1.4865  decode.d6.loss_dice: 1.5184  decode.d7.loss_cls: 0.1508  decode.d7.loss_mask: 1.4734  decode.d7.loss_dice: 1.4946  decode.d8.loss_cls: 0.1561  decode.d8.loss_mask: 1.4730  decode.d8.loss_dice: 1.5201
2026/07/23 19:53:51 - mmengine - INFO - Iter(train) [ 1600/40000]  base_lr: 2.6682e-05 lr: 2.6682e-05  eta: 8:13:35  time: 0.6735  data_time: 0.0195  memory: 8434  grad_norm: 140.6335  loss: 31.5653  decode.loss_cls: 0.1781  decode.loss_mask: 1.3488  decode.loss_dice: 1.3944  decode.d0.loss_cls: 2.6238  decode.d0.loss_mask: 1.2927  decode.d0.loss_dice: 1.5128  decode.d1.loss_cls: 0.2358  decode.d1.loss_mask: 1.2854  decode.d1.loss_dice: 1.3771  decode.d2.loss_cls: 0.1642  decode.d2.loss_mask: 1.3375  decode.d2.loss_dice: 1.4043  decode.d3.loss_cls: 0.1391  decode.d3.loss_mask: 1.3468  decode.d3.loss_dice: 1.4270  decode.d4.loss_cls: 0.1471  decode.d4.loss_mask: 1.3506  decode.d4.loss_dice: 1.4150  decode.d5.loss_cls: 0.1570  decode.d5.loss_mask: 1.3458  decode.d5.loss_dice: 1.4166  decode.d6.loss_cls: 0.1609  decode.d6.loss_mask: 1.3247  decode.d6.loss_dice: 1.4113  decode.d7.loss_cls: 0.1421  decode.d7.loss_mask: 1.3210  decode.d7.loss_dice: 1.3939  decode.d8.loss_cls: 0.1418  decode.d8.loss_mask: 1.3626  decode.d8.loss_dice: 1.4069
2026/07/23 19:54:59 - mmengine - INFO - Iter(train) [ 1700/40000]  base_lr: 2.8348e-05 lr: 2.8348e-05  eta: 8:09:01  time: 0.6734  data_time: 0.0216  memory: 8434  grad_norm: 120.9598  loss: 33.5421  decode.loss_cls: 0.1351  decode.loss_mask: 1.4367  decode.loss_dice: 1.5385  decode.d0.loss_cls: 2.4542  decode.d0.loss_mask: 1.3487  decode.d0.loss_dice: 1.6225  decode.d1.loss_cls: 0.2205  decode.d1.loss_mask: 1.3967  decode.d1.loss_dice: 1.5383  decode.d2.loss_cls: 0.1226  decode.d2.loss_mask: 1.4498  decode.d2.loss_dice: 1.5548  decode.d3.loss_cls: 0.0996  decode.d3.loss_mask: 1.4832  decode.d3.loss_dice: 1.5629  decode.d4.loss_cls: 0.1064  decode.d4.loss_mask: 1.4632  decode.d4.loss_dice: 1.5456  decode.d5.loss_cls: 0.1061  decode.d5.loss_mask: 1.4505  decode.d5.loss_dice: 1.5410  decode.d6.loss_cls: 0.1082  decode.d6.loss_mask: 1.4501  decode.d6.loss_dice: 1.5632  decode.d7.loss_cls: 0.1118  decode.d7.loss_mask: 1.4620  decode.d7.loss_dice: 1.5534  decode.d8.loss_cls: 0.1392  decode.d8.loss_mask: 1.4423  decode.d8.loss_dice: 1.5349
2026/07/23 19:56:11 - mmengine - INFO - Iter(train) [ 1800/40000]  base_lr: 3.0013e-05 lr: 3.0013e-05  eta: 8:06:00  time: 0.6866  data_time: 0.0227  memory: 8434  grad_norm: 142.8125  loss: 36.4997  decode.loss_cls: 0.2302  decode.loss_mask: 1.6279  decode.loss_dice: 1.5641  decode.d0.loss_cls: 2.3464  decode.d0.loss_mask: 1.5813  decode.d0.loss_dice: 1.6884  decode.d1.loss_cls: 0.2213  decode.d1.loss_mask: 1.6280  decode.d1.loss_dice: 1.5907  decode.d2.loss_cls: 0.1529  decode.d2.loss_mask: 1.6731  decode.d2.loss_dice: 1.6041  decode.d3.loss_cls: 0.1595  decode.d3.loss_mask: 1.6731  decode.d3.loss_dice: 1.6062  decode.d4.loss_cls: 0.1648  decode.d4.loss_mask: 1.7076  decode.d4.loss_dice: 1.6121  decode.d5.loss_cls: 0.1879  decode.d5.loss_mask: 1.6742  decode.d5.loss_dice: 1.5737  decode.d6.loss_cls: 0.1906  decode.d6.loss_mask: 1.6559  decode.d6.loss_dice: 1.5409  decode.d7.loss_cls: 0.1850  decode.d7.loss_mask: 1.6775  decode.d7.loss_dice: 1.5778  decode.d8.loss_cls: 0.2155  decode.d8.loss_mask: 1.6228  decode.d8.loss_dice: 1.5666
2026/07/23 19:57:19 - mmengine - INFO - Iter(train) [ 1900/40000]  base_lr: 3.1679e-05 lr: 3.1679e-05  eta: 8:01:59  time: 0.7356  data_time: 0.0248  memory: 8424  grad_norm: 130.0333  loss: 33.2862  decode.loss_cls: 0.1314  decode.loss_mask: 1.5036  decode.loss_dice: 1.5175  decode.d0.loss_cls: 2.2112  decode.d0.loss_mask: 1.4182  decode.d0.loss_dice: 1.5877  decode.d1.loss_cls: 0.1801  decode.d1.loss_mask: 1.5003  decode.d1.loss_dice: 1.5283  decode.d2.loss_cls: 0.1334  decode.d2.loss_mask: 1.4919  decode.d2.loss_dice: 1.5045  decode.d3.loss_cls: 0.1214  decode.d3.loss_mask: 1.4947  decode.d3.loss_dice: 1.5025  decode.d4.loss_cls: 0.1258  decode.d4.loss_mask: 1.5028  decode.d4.loss_dice: 1.4860  decode.d5.loss_cls: 0.1265  decode.d5.loss_mask: 1.4822  decode.d5.loss_dice: 1.4774  decode.d6.loss_cls: 0.1348  decode.d6.loss_mask: 1.4721  decode.d6.loss_dice: 1.4623  decode.d7.loss_cls: 0.1175  decode.d7.loss_mask: 1.5084  decode.d7.loss_dice: 1.4723  decode.d8.loss_cls: 0.1276  decode.d8.loss_mask: 1.4990  decode.d8.loss_dice: 1.4646
2026/07/23 19:58:38 - mmengine - INFO - Exp name: fusion_vits_m2f_nocont_23999_20260723_192916
2026/07/23 19:58:38 - mmengine - INFO - Iter(train) [ 2000/40000]  base_lr: 3.3344e-05 lr: 3.3344e-05  eta: 8:01:35  time: 0.8036  data_time: 0.0287  memory: 8434  grad_norm: 99.3800  loss: 30.7007  decode.loss_cls: 0.0864  decode.loss_mask: 1.4493  decode.loss_dice: 1.3629  decode.d0.loss_cls: 1.9880  decode.d0.loss_mask: 1.3806  decode.d0.loss_dice: 1.3855  decode.d1.loss_cls: 0.1324  decode.d1.loss_mask: 1.4123  decode.d1.loss_dice: 1.3362  decode.d2.loss_cls: 0.0977  decode.d2.loss_mask: 1.4447  decode.d2.loss_dice: 1.3411  decode.d3.loss_cls: 0.0950  decode.d3.loss_mask: 1.4456  decode.d3.loss_dice: 1.3380  decode.d4.loss_cls: 0.0868  decode.d4.loss_mask: 1.4422  decode.d4.loss_dice: 1.3319  decode.d5.loss_cls: 0.0885  decode.d5.loss_mask: 1.4284  decode.d5.loss_dice: 1.3274  decode.d6.loss_cls: 0.0866  decode.d6.loss_mask: 1.4421  decode.d6.loss_dice: 1.3520  decode.d7.loss_cls: 0.0873  decode.d7.loss_mask: 1.4600  decode.d7.loss_dice: 1.3710  decode.d8.loss_cls: 0.0884  decode.d8.loss_mask: 1.4539  decode.d8.loss_dice: 1.3585
2026/07/23 19:58:38 - mmengine - INFO - Saving checkpoint at 2000 iterations
2026/07/23 19:59:30 - mmengine - INFO - Iter(val) [100/504]    eta: 0:01:36  time: 0.2106  data_time: 0.0092  memory: 3245  
2026/07/23 19:59:51 - mmengine - INFO - Iter(val) [200/504]    eta: 0:01:08  time: 0.2102  data_time: 0.0106  memory: 3245  
2026/07/23 20:00:12 - mmengine - INFO - Iter(val) [300/504]    eta: 0:00:44  time: 0.2113  data_time: 0.0104  memory: 3245  
2026/07/23 20:00:33 - mmengine - INFO - Iter(val) [400/504]    eta: 0:00:22  time: 0.2203  data_time: 0.0147  memory: 3245  
2026/07/23 20:00:56 - mmengine - INFO - Iter(val) [500/504]    eta: 0:00:00  time: 0.2274  data_time: 0.0261  memory: 3245  
2026/07/23 20:01:01 - mmengine - INFO - per class results:
2026/07/23 20:01:01 - mmengine - INFO - 
+--------------------+-------+-------+--------+-----------+--------+
|       Class        |  IoU  |  Acc  | Fscore | Precision | Recall |
+--------------------+-------+-------+--------+-----------+--------+
| impervious_surface |  84.3 |  94.5 | 91.48  |   88.65   |  94.5  |
|      building      | 91.72 |  95.5 | 95.68  |   95.86   |  95.5  |
|   low_vegetation   | 77.37 | 86.79 | 87.24  |   87.69   | 86.79  |
|        tree        | 79.94 | 86.36 | 88.85  |   91.48   | 86.36  |
|        car         | 89.92 | 92.58 | 94.69  |   96.91   | 92.58  |
+--------------------+-------+-------+--------+-----------+--------+
2026/07/23 20:01:01 - mmengine - INFO - Iter(val) [504/504]    aAcc: 90.8800  mIoU: 84.6500  mAcc: 91.1500  mFscore: 91.5900  mPrecision: 92.1200  mRecall: 91.1500  data_time: 0.0181  time: 0.2200
2026/07/23 20:01:20 - mmengine - INFO - The best checkpoint with 84.6500 mIoU at 2000 iter is saved to best_mIoU_iter_2000.pth.
2026/07/23 20:02:48 - mmengine - INFO - Iter(train) [ 2100/40000]  base_lr: 3.5010e-05 lr: 3.5010e-05  eta: 8:10:51  time: 0.6639  data_time: 0.0218  memory: 8434  grad_norm: 110.7103  loss: 35.1684  decode.loss_cls: 0.0567  decode.loss_mask: 1.6432  decode.loss_dice: 1.6804  decode.d0.loss_cls: 1.8421  decode.d0.loss_mask: 1.5701  decode.d0.loss_dice: 1.6193  decode.d1.loss_cls: 0.0952  decode.d1.loss_mask: 1.6734  decode.d1.loss_dice: 1.6061  decode.d2.loss_cls: 0.0558  decode.d2.loss_mask: 1.6639  decode.d2.loss_dice: 1.6181  decode.d3.loss_cls: 0.0570  decode.d3.loss_mask: 1.6682  decode.d3.loss_dice: 1.6319  decode.d4.loss_cls: 0.0585  decode.d4.loss_mask: 1.6533  decode.d4.loss_dice: 1.6012  decode.d5.loss_cls: 0.0574  decode.d5.loss_mask: 1.6544  decode.d5.loss_dice: 1.6239  decode.d6.loss_cls: 0.0609  decode.d6.loss_mask: 1.6502  decode.d6.loss_dice: 1.6345  decode.d7.loss_cls: 0.0566  decode.d7.loss_mask: 1.6464  decode.d7.loss_dice: 1.6378  decode.d8.loss_cls: 0.0533  decode.d8.loss_mask: 1.6405  decode.d8.loss_dice: 1.6579
2026/07/23 20:03:54 - mmengine - INFO - Iter(train) [ 2200/40000]  base_lr: 3.6676e-05 lr: 3.6676e-05  eta: 8:06:24  time: 0.6260  data_time: 0.0172  memory: 8424  grad_norm: 113.1230  loss: 34.2538  decode.loss_cls: 0.1472  decode.loss_mask: 1.4953  decode.loss_dice: 1.6288  decode.d0.loss_cls: 1.7222  decode.d0.loss_mask: 1.5005  decode.d0.loss_dice: 1.7326  decode.d1.loss_cls: 0.1638  decode.d1.loss_mask: 1.5276  decode.d1.loss_dice: 1.5825  decode.d2.loss_cls: 0.1583  decode.d2.loss_mask: 1.5410  decode.d2.loss_dice: 1.5761  decode.d3.loss_cls: 0.1445  decode.d3.loss_mask: 1.4901  decode.d3.loss_dice: 1.5643  decode.d4.loss_cls: 0.1419  decode.d4.loss_mask: 1.5030  decode.d4.loss_dice: 1.5638  decode.d5.loss_cls: 0.1306  decode.d5.loss_mask: 1.5270  decode.d5.loss_dice: 1.6015  decode.d6.loss_cls: 0.1249  decode.d6.loss_mask: 1.5234  decode.d6.loss_dice: 1.6140  decode.d7.loss_cls: 0.1247  decode.d7.loss_mask: 1.5165  decode.d7.loss_dice: 1.6519  decode.d8.loss_cls: 0.1288  decode.d8.loss_mask: 1.5127  decode.d8.loss_dice: 1.6141
2026/07/23 20:05:02 - mmengine - INFO - Iter(train) [ 2300/40000]  base_lr: 3.8341e-05 lr: 3.8341e-05  eta: 8:02:28  time: 0.6419  data_time: 0.0198  memory: 8434  grad_norm: 157.4720  loss: 36.7533  decode.loss_cls: 0.2903  decode.loss_mask: 1.7062  decode.loss_dice: 1.6062  decode.d0.loss_cls: 1.6587  decode.d0.loss_mask: 1.5667  decode.d0.loss_dice: 1.6525  decode.d1.loss_cls: 0.2766  decode.d1.loss_mask: 1.5606  decode.d1.loss_dice: 1.6131  decode.d2.loss_cls: 0.2385  decode.d2.loss_mask: 1.6516  decode.d2.loss_dice: 1.6141  decode.d3.loss_cls: 0.2088  decode.d3.loss_mask: 1.7059  decode.d3.loss_dice: 1.6732  decode.d4.loss_cls: 0.2179  decode.d4.loss_mask: 1.6511  decode.d4.loss_dice: 1.6561  decode.d5.loss_cls: 0.2807  decode.d5.loss_mask: 1.5850  decode.d5.loss_dice: 1.6253  decode.d6.loss_cls: 0.2602  decode.d6.loss_mask: 1.6360  decode.d6.loss_dice: 1.6259  decode.d7.loss_cls: 0.2907  decode.d7.loss_mask: 1.6528  decode.d7.loss_dice: 1.6227  decode.d8.loss_cls: 0.2950  decode.d8.loss_mask: 1.7058  decode.d8.loss_dice: 1.6253
2026/07/23 20:06:14 - mmengine - INFO - Iter(train) [ 2400/40000]  base_lr: 4.0007e-05 lr: 4.0007e-05  eta: 8:00:04  time: 0.9830  data_time: 0.3673  memory: 8434  grad_norm: 135.8637  loss: 33.5706  decode.loss_cls: 0.1674  decode.loss_mask: 1.5229  decode.loss_dice: 1.5367  decode.d0.loss_cls: 1.4124  decode.d0.loss_mask: 1.5321  decode.d0.loss_dice: 1.5780  decode.d1.loss_cls: 0.2199  decode.d1.loss_mask: 1.4926  decode.d1.loss_dice: 1.5346  decode.d2.loss_cls: 0.1664  decode.d2.loss_mask: 1.5067  decode.d2.loss_dice: 1.5371  decode.d3.loss_cls: 0.1654  decode.d3.loss_mask: 1.4737  decode.d3.loss_dice: 1.5177  decode.d4.loss_cls: 0.1852  decode.d4.loss_mask: 1.5184  decode.d4.loss_dice: 1.5080  decode.d5.loss_cls: 0.1690  decode.d5.loss_mask: 1.5535  decode.d5.loss_dice: 1.5289  decode.d6.loss_cls: 0.1715  decode.d6.loss_mask: 1.5376  decode.d6.loss_dice: 1.5179  decode.d7.loss_cls: 0.1756  decode.d7.loss_mask: 1.5172  decode.d7.loss_dice: 1.5511  decode.d8.loss_cls: 0.1620  decode.d8.loss_mask: 1.5519  decode.d8.loss_dice: 1.5592
2026/07/23 20:07:36 - mmengine - INFO - Iter(train) [ 2500/40000]  base_lr: 4.1672e-05 lr: 4.1672e-05  eta: 8:00:10  time: 0.7363  data_time: 0.0927  memory: 8434  grad_norm: 119.8065  loss: 35.2162  decode.loss_cls: 0.0798  decode.loss_mask: 1.5877  decode.loss_dice: 1.7864  decode.d0.loss_cls: 1.2309  decode.d0.loss_mask: 1.5478  decode.d0.loss_dice: 1.7674  decode.d1.loss_cls: 0.1149  decode.d1.loss_mask: 1.5649  decode.d1.loss_dice: 1.6778  decode.d2.loss_cls: 0.0723  decode.d2.loss_mask: 1.5966  decode.d2.loss_dice: 1.7068  decode.d3.loss_cls: 0.0855  decode.d3.loss_mask: 1.5635  decode.d3.loss_dice: 1.7066  decode.d4.loss_cls: 0.0625  decode.d4.loss_mask: 1.5908  decode.d4.loss_dice: 1.7241  decode.d5.loss_cls: 0.0742  decode.d5.loss_mask: 1.6145  decode.d5.loss_dice: 1.7422  decode.d6.loss_cls: 0.0668  decode.d6.loss_mask: 1.6031  decode.d6.loss_dice: 1.7626  decode.d7.loss_cls: 0.0736  decode.d7.loss_mask: 1.5956  decode.d7.loss_dice: 1.7712  decode.d8.loss_cls: 0.0676  decode.d8.loss_mask: 1.6062  decode.d8.loss_dice: 1.7724
2026/07/23 20:08:45 - mmengine - INFO - Iter(train) [ 2600/40000]  base_lr: 4.3338e-05 lr: 4.3338e-05  eta: 7:56:56  time: 1.0106  data_time: 0.3804  memory: 8434  grad_norm: 132.7190  loss: 30.4084  decode.loss_cls: 0.1767  decode.loss_mask: 1.5102  decode.loss_dice: 1.2451  decode.d0.loss_cls: 1.2076  decode.d0.loss_mask: 1.4619  decode.d0.loss_dice: 1.3586  decode.d1.loss_cls: 0.2052  decode.d1.loss_mask: 1.5071  decode.d1.loss_dice: 1.2563  decode.d2.loss_cls: 0.1928  decode.d2.loss_mask: 1.5046  decode.d2.loss_dice: 1.2470  decode.d3.loss_cls: 0.1949  decode.d3.loss_mask: 1.4948  decode.d3.loss_dice: 1.2293  decode.d4.loss_cls: 0.1878  decode.d4.loss_mask: 1.5082  decode.d4.loss_dice: 1.2454  decode.d5.loss_cls: 0.1907  decode.d5.loss_mask: 1.4944  decode.d5.loss_dice: 1.2225  decode.d6.loss_cls: 0.2045  decode.d6.loss_mask: 1.4503  decode.d6.loss_dice: 1.2350  decode.d7.loss_cls: 0.1825  decode.d7.loss_mask: 1.4841  decode.d7.loss_dice: 1.2585  decode.d8.loss_cls: 0.1931  decode.d8.loss_mask: 1.5120  decode.d8.loss_dice: 1.2474
2026/07/23 20:09:52 - mmengine - INFO - Iter(train) [ 2700/40000]  base_lr: 4.5003e-05 lr: 4.5003e-05  eta: 7:53:25  time: 0.6467  data_time: 0.0188  memory: 8424  grad_norm: 128.3438  loss: 35.7279  decode.loss_cls: 0.1424  decode.loss_mask: 1.7104  decode.loss_dice: 1.6354  decode.d0.loss_cls: 1.0478  decode.d0.loss_mask: 1.7028  decode.d0.loss_dice: 1.6887  decode.d1.loss_cls: 0.1699  decode.d1.loss_mask: 1.7107  decode.d1.loss_dice: 1.6079  decode.d2.loss_cls: 0.1686  decode.d2.loss_mask: 1.7135  decode.d2.loss_dice: 1.5974  decode.d3.loss_cls: 0.1763  decode.d3.loss_mask: 1.7004  decode.d3.loss_dice: 1.5973  decode.d4.loss_cls: 0.1682  decode.d4.loss_mask: 1.6722  decode.d4.loss_dice: 1.6313  decode.d5.loss_cls: 0.1636  decode.d5.loss_mask: 1.6711  decode.d5.loss_dice: 1.6010  decode.d6.loss_cls: 0.1507  decode.d6.loss_mask: 1.7056  decode.d6.loss_dice: 1.6225  decode.d7.loss_cls: 0.1516  decode.d7.loss_mask: 1.6905  decode.d7.loss_dice: 1.6555  decode.d8.loss_cls: 0.1377  decode.d8.loss_mask: 1.7120  decode.d8.loss_dice: 1.6248
2026/07/23 20:10:58 - mmengine - INFO - Iter(train) [ 2800/40000]  base_lr: 4.6669e-05 lr: 4.6669e-05  eta: 7:49:49  time: 0.6443  data_time: 0.0191  memory: 8434  grad_norm: 95.0925  loss: 31.0729  decode.loss_cls: 0.0848  decode.loss_mask: 1.5202  decode.loss_dice: 1.4231  decode.d0.loss_cls: 0.8545  decode.d0.loss_mask: 1.5274  decode.d0.loss_dice: 1.5192  decode.d1.loss_cls: 0.1258  decode.d1.loss_mask: 1.4981  decode.d1.loss_dice: 1.3945  decode.d2.loss_cls: 0.0938  decode.d2.loss_mask: 1.5104  decode.d2.loss_dice: 1.3729  decode.d3.loss_cls: 0.0834  decode.d3.loss_mask: 1.5247  decode.d3.loss_dice: 1.3988  decode.d4.loss_cls: 0.0893  decode.d4.loss_mask: 1.5353  decode.d4.loss_dice: 1.3915  decode.d5.loss_cls: 0.1003  decode.d5.loss_mask: 1.5296  decode.d5.loss_dice: 1.3937  decode.d6.loss_cls: 0.0954  decode.d6.loss_mask: 1.5150  decode.d6.loss_dice: 1.4402  decode.d7.loss_cls: 0.0942  decode.d7.loss_mask: 1.5115  decode.d7.loss_dice: 1.4217  decode.d8.loss_cls: 0.0800  decode.d8.loss_mask: 1.5142  decode.d8.loss_dice: 1.4297
2026/07/23 20:12:03 - mmengine - INFO - Iter(train) [ 2900/40000]  base_lr: 4.8334e-05 lr: 4.8334e-05  eta: 7:46:15  time: 0.6328  data_time: 0.0185  memory: 8434  grad_norm: 70.4334  loss: 18.7159  decode.loss_cls: 0.0662  decode.loss_mask: 0.8263  decode.loss_dice: 0.8937  decode.d0.loss_cls: 0.7487  decode.d0.loss_mask: 0.8449  decode.d0.loss_dice: 1.0219  decode.d1.loss_cls: 0.0855  decode.d1.loss_mask: 0.8186  decode.d1.loss_dice: 0.9351  decode.d2.loss_cls: 0.0569  decode.d2.loss_mask: 0.8265  decode.d2.loss_dice: 0.9213  decode.d3.loss_cls: 0.0617  decode.d3.loss_mask: 0.8252  decode.d3.loss_dice: 0.9116  decode.d4.loss_cls: 0.0707  decode.d4.loss_mask: 0.8181  decode.d4.loss_dice: 0.8838  decode.d5.loss_cls: 0.0589  decode.d5.loss_mask: 0.8279  decode.d5.loss_dice: 0.8956  decode.d6.loss_cls: 0.0636  decode.d6.loss_mask: 0.8151  decode.d6.loss_dice: 0.8984  decode.d7.loss_cls: 0.0662  decode.d7.loss_mask: 0.8120  decode.d7.loss_dice: 0.8845  decode.d8.loss_cls: 0.0672  decode.d8.loss_mask: 0.8217  decode.d8.loss_dice: 0.8883
2026/07/23 20:13:08 - mmengine - INFO - Exp name: fusion_vits_m2f_nocont_23999_20260723_192916
2026/07/23 20:13:08 - mmengine - INFO - Iter(train) [ 3000/40000]  base_lr: 5.0000e-05 lr: 5.0000e-05  eta: 7:42:59  time: 0.6534  data_time: 0.0183  memory: 8434  grad_norm: 130.3872  loss: 33.0949  decode.loss_cls: 0.1323  decode.loss_mask: 1.6860  decode.loss_dice: 1.4558  decode.d0.loss_cls: 0.7228  decode.d0.loss_mask: 1.6958  decode.d0.loss_dice: 1.4479  decode.d1.loss_cls: 0.1718  decode.d1.loss_mask: 1.6332  decode.d1.loss_dice: 1.4172  decode.d2.loss_cls: 0.1367  decode.d2.loss_mask: 1.6612  decode.d2.loss_dice: 1.4433  decode.d3.loss_cls: 0.1333  decode.d3.loss_mask: 1.6666  decode.d3.loss_dice: 1.4365  decode.d4.loss_cls: 0.1369  decode.d4.loss_mask: 1.6876  decode.d4.loss_dice: 1.4336  decode.d5.loss_cls: 0.1544  decode.d5.loss_mask: 1.6724  decode.d5.loss_dice: 1.4128  decode.d6.loss_cls: 0.1473  decode.d6.loss_mask: 1.6584  decode.d6.loss_dice: 1.4418  decode.d7.loss_cls: 0.1223  decode.d7.loss_mask: 1.6676  decode.d7.loss_dice: 1.4504  decode.d8.loss_cls: 0.1381  decode.d8.loss_mask: 1.6752  decode.d8.loss_dice: 1.4557
2026/07/23 20:14:13 - mmengine - INFO - Iter(train) [ 3100/40000]  base_lr: 4.9880e-05 lr: 4.9880e-05  eta: 7:39:42  time: 0.6703  data_time: 0.0177  memory: 8424  grad_norm: 84.7209  loss: 25.5910  decode.loss_cls: 0.0929  decode.loss_mask: 1.1749  decode.loss_dice: 1.2268  decode.d0.loss_cls: 0.5922  decode.d0.loss_mask: 1.1340  decode.d0.loss_dice: 1.3500  decode.d1.loss_cls: 0.1282  decode.d1.loss_mask: 1.1652  decode.d1.loss_dice: 1.2363  decode.d2.loss_cls: 0.1204  decode.d2.loss_mask: 1.1791  decode.d2.loss_dice: 1.1896  decode.d3.loss_cls: 0.0985  decode.d3.loss_mask: 1.1951  decode.d3.loss_dice: 1.1939  decode.d4.loss_cls: 0.1038  decode.d4.loss_mask: 1.1860  decode.d4.loss_dice: 1.1967  decode.d5.loss_cls: 0.1029  decode.d5.loss_mask: 1.1888  decode.d5.loss_dice: 1.1993  decode.d6.loss_cls: 0.1044  decode.d6.loss_mask: 1.1910  decode.d6.loss_dice: 1.2053  decode.d7.loss_cls: 0.1062  decode.d7.loss_mask: 1.1910  decode.d7.loss_dice: 1.2258  decode.d8.loss_cls: 0.0985  decode.d8.loss_mask: 1.1923  decode.d8.loss_dice: 1.2218
2026/07/23 20:15:19 - mmengine - INFO - Iter(train) [ 3200/40000]  base_lr: 4.9758e-05 lr: 4.9758e-05  eta: 7:36:43  time: 0.6501  data_time: 0.0178  memory: 8434  grad_norm: 98.9104  loss: 29.2046  decode.loss_cls: 0.0927  decode.loss_mask: 1.5301  decode.loss_dice: 1.2502  decode.d0.loss_cls: 0.5189  decode.d0.loss_mask: 1.5231  decode.d0.loss_dice: 1.2882  decode.d1.loss_cls: 0.0972  decode.d1.loss_mask: 1.5267  decode.d1.loss_dice: 1.2541  decode.d2.loss_cls: 0.0884  decode.d2.loss_mask: 1.5210  decode.d2.loss_dice: 1.2580  decode.d3.loss_cls: 0.0811  decode.d3.loss_mask: 1.5368  decode.d3.loss_dice: 1.2741  decode.d4.loss_cls: 0.0905  decode.d4.loss_mask: 1.5302  decode.d4.loss_dice: 1.2421  decode.d5.loss_cls: 0.0835  decode.d5.loss_mask: 1.5334  decode.d5.loss_dice: 1.2464  decode.d6.loss_cls: 0.0842  decode.d6.loss_mask: 1.5470  decode.d6.loss_dice: 1.2383  decode.d7.loss_cls: 0.0922  decode.d7.loss_mask: 1.5474  decode.d7.loss_dice: 1.2454  decode.d8.loss_cls: 0.0873  decode.d8.loss_mask: 1.5439  decode.d8.loss_dice: 1.2523
2026/07/23 20:16:24 - mmengine - INFO - Iter(train) [ 3300/40000]  base_lr: 4.9636e-05 lr: 4.9636e-05  eta: 7:33:45  time: 0.6425  data_time: 0.0180  memory: 8434  grad_norm: 85.4029  loss: 25.5146  decode.loss_cls: 0.0785  decode.loss_mask: 1.2098  decode.loss_dice: 1.2342  decode.d0.loss_cls: 0.5031  decode.d0.loss_mask: 1.2542  decode.d0.loss_dice: 1.2856  decode.d1.loss_cls: 0.0787  decode.d1.loss_mask: 1.2197  decode.d1.loss_dice: 1.1886  decode.d2.loss_cls: 0.0662  decode.d2.loss_mask: 1.2035  decode.d2.loss_dice: 1.2133  decode.d3.loss_cls: 0.0692  decode.d3.loss_mask: 1.1848  decode.d3.loss_dice: 1.2014  decode.d4.loss_cls: 0.0661  decode.d4.loss_mask: 1.2078  decode.d4.loss_dice: 1.2202  decode.d5.loss_cls: 0.0666  decode.d5.loss_mask: 1.1962  decode.d5.loss_dice: 1.2330  decode.d6.loss_cls: 0.0558  decode.d6.loss_mask: 1.2030  decode.d6.loss_dice: 1.2301  decode.d7.loss_cls: 0.0603  decode.d7.loss_mask: 1.2064  decode.d7.loss_dice: 1.2517  decode.d8.loss_cls: 0.0772  decode.d8.loss_mask: 1.2136  decode.d8.loss_dice: 1.2357
2026/07/23 20:17:30 - mmengine - INFO - Iter(train) [ 3400/40000]  base_lr: 4.9514e-05 lr: 4.9514e-05  eta: 7:31:02  time: 0.6564  data_time: 0.0192  memory: 8434  grad_norm: 63.6844  loss: 30.3062  decode.loss_cls: 0.0491  decode.loss_mask: 1.4776  decode.loss_dice: 1.4898  decode.d0.loss_cls: 0.3739  decode.d0.loss_mask: 1.5252  decode.d0.loss_dice: 1.4593  decode.d1.loss_cls: 0.0486  decode.d1.loss_mask: 1.5107  decode.d1.loss_dice: 1.4352  decode.d2.loss_cls: 0.0533  decode.d2.loss_mask: 1.4851  decode.d2.loss_dice: 1.4286  decode.d3.loss_cls: 0.0533  decode.d3.loss_mask: 1.4715  decode.d3.loss_dice: 1.4390  decode.d4.loss_cls: 0.0568  decode.d4.loss_mask: 1.4810  decode.d4.loss_dice: 1.4520  decode.d5.loss_cls: 0.0551  decode.d5.loss_mask: 1.4833  decode.d5.loss_dice: 1.4743  decode.d6.loss_cls: 0.0523  decode.d6.loss_mask: 1.4832  decode.d6.loss_dice: 1.4779  decode.d7.loss_cls: 0.0616  decode.d7.loss_mask: 1.4680  decode.d7.loss_dice: 1.4709  decode.d8.loss_cls: 0.0620  decode.d8.loss_mask: 1.4523  decode.d8.loss_dice: 1.4754
2026/07/23 20:18:39 - mmengine - INFO - Iter(train) [ 3500/40000]  base_lr: 4.9393e-05 lr: 4.9393e-05  eta: 7:28:58  time: 0.6268  data_time: 0.0167  memory: 8434  grad_norm: 117.0893  loss: 34.0391  decode.loss_cls: 0.1548  decode.loss_mask: 1.7345  decode.loss_dice: 1.4763  decode.d0.loss_cls: 0.4472  decode.d0.loss_mask: 1.8395  decode.d0.loss_dice: 1.5416  decode.d1.loss_cls: 0.1384  decode.d1.loss_mask: 1.7773  decode.d1.loss_dice: 1.4925  decode.d2.loss_cls: 0.1325  decode.d2.loss_mask: 1.7725  decode.d2.loss_dice: 1.4415  decode.d3.loss_cls: 0.1242  decode.d3.loss_mask: 1.7423  decode.d3.loss_dice: 1.4652  decode.d4.loss_cls: 0.1371  decode.d4.loss_mask: 1.7647  decode.d4.loss_dice: 1.4598  decode.d5.loss_cls: 0.1263  decode.d5.loss_mask: 1.7877  decode.d5.loss_dice: 1.4295  decode.d6.loss_cls: 0.1317  decode.d6.loss_mask: 1.7741  decode.d6.loss_dice: 1.4597  decode.d7.loss_cls: 0.1333  decode.d7.loss_mask: 1.7573  decode.d7.loss_dice: 1.4778  decode.d8.loss_cls: 0.1561  decode.d8.loss_mask: 1.7329  decode.d8.loss_dice: 1.4310
2026/07/23 20:19:44 - mmengine - INFO - Iter(train) [ 3600/40000]  base_lr: 4.9271e-05 lr: 4.9271e-05  eta: 7:26:17  time: 0.6532  data_time: 0.0176  memory: 8424  grad_norm: 80.7788  loss: 29.3762  decode.loss_cls: 0.0875  decode.loss_mask: 1.4812  decode.loss_dice: 1.3403  decode.d0.loss_cls: 0.3866  decode.d0.loss_mask: 1.4751  decode.d0.loss_dice: 1.4067  decode.d1.loss_cls: 0.0969  decode.d1.loss_mask: 1.4737  decode.d1.loss_dice: 1.3525  decode.d2.loss_cls: 0.0933  decode.d2.loss_mask: 1.4638  decode.d2.loss_dice: 1.3308  decode.d3.loss_cls: 0.0829  decode.d3.loss_mask: 1.4665  decode.d3.loss_dice: 1.3295  decode.d4.loss_cls: 0.0885  decode.d4.loss_mask: 1.4685  decode.d4.loss_dice: 1.3290  decode.d5.loss_cls: 0.0935  decode.d5.loss_mask: 1.4521  decode.d5.loss_dice: 1.3416  decode.d6.loss_cls: 0.0949  decode.d6.loss_mask: 1.4554  decode.d6.loss_dice: 1.3521  decode.d7.loss_cls: 0.0907  decode.d7.loss_mask: 1.4870  decode.d7.loss_dice: 1.3559  decode.d8.loss_cls: 0.0994  decode.d8.loss_mask: 1.4543  decode.d8.loss_dice: 1.3461
2026/07/23 20:20:51 - mmengine - INFO - Iter(train) [ 3700/40000]  base_lr: 4.9149e-05 lr: 4.9149e-05  eta: 7:23:54  time: 0.6889  data_time: 0.0578  memory: 8434  grad_norm: 66.1406  loss: 30.0436  decode.loss_cls: 0.0509  decode.loss_mask: 1.4817  decode.loss_dice: 1.4632  decode.d0.loss_cls: 0.2880  decode.d0.loss_mask: 1.5028  decode.d0.loss_dice: 1.4491  decode.d1.loss_cls: 0.0470  decode.d1.loss_mask: 1.4978  decode.d1.loss_dice: 1.4479  decode.d2.loss_cls: 0.0421  decode.d2.loss_mask: 1.4773  decode.d2.loss_dice: 1.4182  decode.d3.loss_cls: 0.0359  decode.d3.loss_mask: 1.4823  decode.d3.loss_dice: 1.4461  decode.d4.loss_cls: 0.0517  decode.d4.loss_mask: 1.4730  decode.d4.loss_dice: 1.4558  decode.d5.loss_cls: 0.0554  decode.d5.loss_mask: 1.4747  decode.d5.loss_dice: 1.4539  decode.d6.loss_cls: 0.0442  decode.d6.loss_mask: 1.4854  decode.d6.loss_dice: 1.4652  decode.d7.loss_cls: 0.0544  decode.d7.loss_mask: 1.4702  decode.d7.loss_dice: 1.4465  decode.d8.loss_cls: 0.0478  decode.d8.loss_mask: 1.4638  decode.d8.loss_dice: 1.4710
2026/07/23 20:21:57 - mmengine - INFO - Iter(train) [ 3800/40000]  base_lr: 4.9027e-05 lr: 4.9027e-05  eta: 7:21:36  time: 0.6570  data_time: 0.0172  memory: 8434  grad_norm: 100.6375  loss: 31.8668  decode.loss_cls: 0.1314  decode.loss_mask: 1.4811  decode.loss_dice: 1.5535  decode.d0.loss_cls: 0.3342  decode.d0.loss_mask: 1.5284  decode.d0.loss_dice: 1.6668  decode.d1.loss_cls: 0.1446  decode.d1.loss_mask: 1.4526  decode.d1.loss_dice: 1.5570  decode.d2.loss_cls: 0.1579  decode.d2.loss_mask: 1.4375  decode.d2.loss_dice: 1.5446  decode.d3.loss_cls: 0.1517  decode.d3.loss_mask: 1.4386  decode.d3.loss_dice: 1.5416  decode.d4.loss_cls: 0.1310  decode.d4.loss_mask: 1.4556  decode.d4.loss_dice: 1.5465  decode.d5.loss_cls: 0.1273  decode.d5.loss_mask: 1.4501  decode.d5.loss_dice: 1.5739  decode.d6.loss_cls: 0.1292  decode.d6.loss_mask: 1.4608  decode.d6.loss_dice: 1.5555  decode.d7.loss_cls: 0.1378  decode.d7.loss_mask: 1.4544  decode.d7.loss_dice: 1.5556  decode.d8.loss_cls: 0.1388  decode.d8.loss_mask: 1.4766  decode.d8.loss_dice: 1.5519
2026/07/23 20:23:02 - mmengine - INFO - Iter(train) [ 3900/40000]  base_lr: 4.8905e-05 lr: 4.8905e-05  eta: 7:19:05  time: 0.6579  data_time: 0.0188  memory: 8424  grad_norm: 74.9108  loss: 26.2589  decode.loss_cls: 0.0939  decode.loss_mask: 1.1977  decode.loss_dice: 1.2808  decode.d0.loss_cls: 0.2917  decode.d0.loss_mask: 1.2755  decode.d0.loss_dice: 1.4317  decode.d1.loss_cls: 0.1495  decode.d1.loss_mask: 1.1856  decode.d1.loss_dice: 1.3063  decode.d2.loss_cls: 0.1376  decode.d2.loss_mask: 1.1664  decode.d2.loss_dice: 1.2772  decode.d3.loss_cls: 0.1009  decode.d3.loss_mask: 1.1994  decode.d3.loss_dice: 1.2766  decode.d4.loss_cls: 0.1029  decode.d4.loss_mask: 1.2003  decode.d4.loss_dice: 1.2683  decode.d5.loss_cls: 0.1131  decode.d5.loss_mask: 1.2000  decode.d5.loss_dice: 1.2678  decode.d6.loss_cls: 0.0898  decode.d6.loss_mask: 1.1976  decode.d6.loss_dice: 1.2842  decode.d7.loss_cls: 0.0983  decode.d7.loss_mask: 1.2079  decode.d7.loss_dice: 1.2712  decode.d8.loss_cls: 0.1011  decode.d8.loss_mask: 1.1971  decode.d8.loss_dice: 1.2882
2026/07/23 20:24:09 - mmengine - INFO - Exp name: fusion_vits_m2f_nocont_23999_20260723_192916
2026/07/23 20:24:09 - mmengine - INFO - Iter(train) [ 4000/40000]  base_lr: 4.8783e-05 lr: 4.8783e-05  eta: 7:16:55  time: 0.6852  data_time: 0.0183  memory: 8434  grad_norm: 115.0533  loss: 30.1257  decode.loss_cls: 0.2413  decode.loss_mask: 1.4220  decode.loss_dice: 1.3602  decode.d0.loss_cls: 0.4504  decode.d0.loss_mask: 1.3615  decode.d0.loss_dice: 1.3924  decode.d1.loss_cls: 0.3089  decode.d1.loss_mask: 1.4021  decode.d1.loss_dice: 1.3625  decode.d2.loss_cls: 0.2822  decode.d2.loss_mask: 1.3922  decode.d2.loss_dice: 1.3197  decode.d3.loss_cls: 0.2748  decode.d3.loss_mask: 1.3736  decode.d3.loss_dice: 1.3047  decode.d4.loss_cls: 0.2598  decode.d4.loss_mask: 1.4060  decode.d4.loss_dice: 1.3339  decode.d5.loss_cls: 0.2530  decode.d5.loss_mask: 1.4010  decode.d5.loss_dice: 1.3195  decode.d6.loss_cls: 0.2536  decode.d6.loss_mask: 1.3986  decode.d6.loss_dice: 1.2823  decode.d7.loss_cls: 0.2603  decode.d7.loss_mask: 1.3973  decode.d7.loss_dice: 1.3097  decode.d8.loss_cls: 0.2620  decode.d8.loss_mask: 1.4131  decode.d8.loss_dice: 1.3272
2026/07/23 20:24:09 - mmengine - INFO - Saving checkpoint at 4000 iterations
2026/07/23 20:25:14 - mmengine - INFO - Iter(val) [100/504]    eta: 0:02:21  time: 0.2975  data_time: 0.0996  memory: 3245  
2026/07/23 20:25:41 - mmengine - INFO - Iter(val) [200/504]    eta: 0:01:34  time: 0.2887  data_time: 0.0892  memory: 3245  
2026/07/23 20:26:14 - mmengine - INFO - Iter(val) [300/504]    eta: 0:01:04  time: 0.4859  data_time: 0.2851  memory: 3245  
2026/07/23 20:27:03 - mmengine - INFO - Iter(val) [400/504]    eta: 0:00:37  time: 0.4673  data_time: 0.2699  memory: 3245  
2026/07/23 20:27:37 - mmengine - INFO - Iter(val) [500/504]    eta: 0:00:01  time: 0.3226  data_time: 0.1263  memory: 3245  
2026/07/23 20:27:42 - mmengine - INFO - per class results:
2026/07/23 20:27:42 - mmengine - INFO - 
+--------------------+-------+-------+--------+-----------+--------+
|       Class        |  IoU  |  Acc  | Fscore | Precision | Recall |
+--------------------+-------+-------+--------+-----------+--------+
| impervious_surface | 84.56 | 95.09 | 91.63  |   88.42   | 95.09  |
|      building      | 93.32 | 97.57 | 96.54  |   95.54   | 97.57  |
|   low_vegetation   | 75.31 | 88.84 | 85.92  |   83.18   | 88.84  |
|        tree        | 75.83 | 78.52 | 86.26  |   95.68   | 78.52  |
|        car         | 88.02 | 91.04 | 93.63  |   96.37   | 91.04  |
+--------------------+-------+-------+--------+-----------+--------+
2026/07/23 20:27:42 - mmengine - INFO - Iter(val) [504/504]    aAcc: 90.2300  mIoU: 83.4100  mAcc: 90.2100  mFscore: 90.8000  mPrecision: 91.8400  mRecall: 90.2100  data_time: 0.1561  time: 0.3544
2026/07/23 20:28:52 - mmengine - INFO - Iter(train) [ 4100/40000]  base_lr: 4.8661e-05 lr: 4.8661e-05  eta: 7:15:49  time: 0.9147  data_time: 0.2651  memory: 8434  grad_norm: 68.4739  loss: 25.5876  decode.loss_cls: 0.0760  decode.loss_mask: 1.2926  decode.loss_dice: 1.1947  decode.d0.loss_cls: 0.2545  decode.d0.loss_mask: 1.3009  decode.d0.loss_dice: 1.1825  decode.d1.loss_cls: 0.0853  decode.d1.loss_mask: 1.2807  decode.d1.loss_dice: 1.1639  decode.d2.loss_cls: 0.0934  decode.d2.loss_mask: 1.2734  decode.d2.loss_dice: 1.1535  decode.d3.loss_cls: 0.0889  decode.d3.loss_mask: 1.2705  decode.d3.loss_dice: 1.1589  decode.d4.loss_cls: 0.0809  decode.d4.loss_mask: 1.2775  decode.d4.loss_dice: 1.1607  decode.d5.loss_cls: 0.0824  decode.d5.loss_mask: 1.2828  decode.d5.loss_dice: 1.1649  decode.d6.loss_cls: 0.0742  decode.d6.loss_mask: 1.2826  decode.d6.loss_dice: 1.1927  decode.d7.loss_cls: 0.0855  decode.d7.loss_mask: 1.2916  decode.d7.loss_dice: 1.1847  decode.d8.loss_cls: 0.0915  decode.d8.loss_mask: 1.2894  decode.d8.loss_dice: 1.1764
2026/07/23 20:29:58 - mmengine - INFO - Iter(train) [ 4200/40000]  base_lr: 4.8539e-05 lr: 4.8539e-05  eta: 7:13:43  time: 0.6557  data_time: 0.0181  memory: 8434  grad_norm: 85.7794  loss: 22.1110  decode.loss_cls: 0.1743  decode.loss_mask: 0.8803  decode.loss_dice: 1.1073  decode.d0.loss_cls: 0.3085  decode.d0.loss_mask: 0.9652  decode.d0.loss_dice: 1.2955  decode.d1.loss_cls: 0.1987  decode.d1.loss_mask: 0.9021  decode.d1.loss_dice: 1.1508  decode.d2.loss_cls: 0.1777  decode.d2.loss_mask: 0.9026  decode.d2.loss_dice: 1.1181  decode.d3.loss_cls: 0.1709  decode.d3.loss_mask: 0.9076  decode.d3.loss_dice: 1.1095  decode.d4.loss_cls: 0.1821  decode.d4.loss_mask: 0.8699  decode.d4.loss_dice: 1.0995  decode.d5.loss_cls: 0.1723  decode.d5.loss_mask: 0.8726  decode.d5.loss_dice: 1.0928  decode.d6.loss_cls: 0.1677  decode.d6.loss_mask: 0.8784  decode.d6.loss_dice: 1.1158  decode.d7.loss_cls: 0.1677  decode.d7.loss_mask: 0.8833  decode.d7.loss_dice: 1.1076  decode.d8.loss_cls: 0.1692  decode.d8.loss_mask: 0.8707  decode.d8.loss_dice: 1.0921
2026/07/23 20:31:04 - mmengine - INFO - Iter(train) [ 4300/40000]  base_lr: 4.8417e-05 lr: 4.8417e-05  eta: 7:11:29  time: 0.6534  data_time: 0.0170  memory: 8434  grad_norm: 78.7575  loss: 25.8022  decode.loss_cls: 0.1185  decode.loss_mask: 1.2072  decode.loss_dice: 1.2638  decode.d0.loss_cls: 0.2620  decode.d0.loss_mask: 1.2284  decode.d0.loss_dice: 1.3260  decode.d1.loss_cls: 0.1513  decode.d1.loss_mask: 1.2089  decode.d1.loss_dice: 1.2576  decode.d2.loss_cls: 0.1378  decode.d2.loss_mask: 1.1982  decode.d2.loss_dice: 1.2312  decode.d3.loss_cls: 0.1099  decode.d3.loss_mask: 1.2141  decode.d3.loss_dice: 1.2344  decode.d4.loss_cls: 0.0997  decode.d4.loss_mask: 1.2065  decode.d4.loss_dice: 1.2178  decode.d5.loss_cls: 0.1083  decode.d5.loss_mask: 1.2161  decode.d5.loss_dice: 1.2071  decode.d6.loss_cls: 0.1184  decode.d6.loss_mask: 1.1956  decode.d6.loss_dice: 1.1986  decode.d7.loss_cls: 0.1352  decode.d7.loss_mask: 1.2084  decode.d7.loss_dice: 1.2002  decode.d8.loss_cls: 0.1315  decode.d8.loss_mask: 1.1980  decode.d8.loss_dice: 1.2117
2026/07/23 20:32:14 - mmengine - INFO - Iter(train) [ 4400/40000]  base_lr: 4.8295e-05 lr: 4.8295e-05  eta: 7:09:58  time: 0.6330  data_time: 0.0181  memory: 8424  grad_norm: 85.3522  loss: 32.5073  decode.loss_cls: 0.1893  decode.loss_mask: 1.5702  decode.loss_dice: 1.4887  decode.d0.loss_cls: 0.3181  decode.d0.loss_mask: 1.6222  decode.d0.loss_dice: 1.5626  decode.d1.loss_cls: 0.1951  decode.d1.loss_mask: 1.5679  decode.d1.loss_dice: 1.4891  decode.d2.loss_cls: 0.1978  decode.d2.loss_mask: 1.5241  decode.d2.loss_dice: 1.4761  decode.d3.loss_cls: 0.1826  decode.d3.loss_mask: 1.5153  decode.d3.loss_dice: 1.4837  decode.d4.loss_cls: 0.1872  decode.d4.loss_mask: 1.5129  decode.d4.loss_dice: 1.4724  decode.d5.loss_cls: 0.1912  decode.d5.loss_mask: 1.5466  decode.d5.loss_dice: 1.4865  decode.d6.loss_cls: 0.1945  decode.d6.loss_mask: 1.5426  decode.d6.loss_dice: 1.4908  decode.d7.loss_cls: 0.1866  decode.d7.loss_mask: 1.5592  decode.d7.loss_dice: 1.5141  decode.d8.loss_cls: 0.2000  decode.d8.loss_mask: 1.5515  decode.d8.loss_dice: 1.4886
2026/07/23 20:33:20 - mmengine - INFO - Iter(train) [ 4500/40000]  base_lr: 4.8173e-05 lr: 4.8173e-05  eta: 7:07:53  time: 0.6652  data_time: 0.0209  memory: 8424  grad_norm: 81.3002  loss: 26.1998  decode.loss_cls: 0.0434  decode.loss_mask: 1.3036  decode.loss_dice: 1.2457  decode.d0.loss_cls: 0.2253  decode.d0.loss_mask: 1.3485  decode.d0.loss_dice: 1.3055  decode.d1.loss_cls: 0.0733  decode.d1.loss_mask: 1.2995  decode.d1.loss_dice: 1.2116  decode.d2.loss_cls: 0.0427  decode.d2.loss_mask: 1.3187  decode.d2.loss_dice: 1.2196  decode.d3.loss_cls: 0.0551  decode.d3.loss_mask: 1.3001  decode.d3.loss_dice: 1.2023  decode.d4.loss_cls: 0.0511  decode.d4.loss_mask: 1.2877  decode.d4.loss_dice: 1.2294  decode.d5.loss_cls: 0.0510  decode.d5.loss_mask: 1.2935  decode.d5.loss_dice: 1.2469  decode.d6.loss_cls: 0.0415  decode.d6.loss_mask: 1.3116  decode.d6.loss_dice: 1.2659  decode.d7.loss_cls: 0.0342  decode.d7.loss_mask: 1.3240  decode.d7.loss_dice: 1.2565  decode.d8.loss_cls: 0.0434  decode.d8.loss_mask: 1.3004  decode.d8.loss_dice: 1.2680
2026/07/23 20:34:25 - mmengine - INFO - Iter(train) [ 4600/40000]  base_lr: 4.8051e-05 lr: 4.8051e-05  eta: 7:05:45  time: 0.6275  data_time: 0.0171  memory: 8434  grad_norm: 80.5486  loss: 29.2736  decode.loss_cls: 0.0593  decode.loss_mask: 1.5227  decode.loss_dice: 1.3473  decode.d0.loss_cls: 0.1844  decode.d0.loss_mask: 1.5415  decode.d0.loss_dice: 1.3699  decode.d1.loss_cls: 0.0913  decode.d1.loss_mask: 1.5263  decode.d1.loss_dice: 1.3471  decode.d2.loss_cls: 0.0909  decode.d2.loss_mask: 1.4946  decode.d2.loss_dice: 1.2906  decode.d3.loss_cls: 0.0820  decode.d3.loss_mask: 1.5074  decode.d3.loss_dice: 1.3190  decode.d4.loss_cls: 0.0794  decode.d4.loss_mask: 1.4968  decode.d4.loss_dice: 1.3149  decode.d5.loss_cls: 0.0715  decode.d5.loss_mask: 1.5196  decode.d5.loss_dice: 1.3152  decode.d6.loss_cls: 0.0851  decode.d6.loss_mask: 1.5190  decode.d6.loss_dice: 1.3043  decode.d7.loss_cls: 0.0815  decode.d7.loss_mask: 1.5112  decode.d7.loss_dice: 1.3000  decode.d8.loss_cls: 0.0809  decode.d8.loss_mask: 1.5083  decode.d8.loss_dice: 1.3116
2026/07/23 20:35:31 - mmengine - INFO - Iter(train) [ 4700/40000]  base_lr: 4.7929e-05 lr: 4.7929e-05  eta: 7:03:46  time: 0.6709  data_time: 0.0206  memory: 8434  grad_norm: 69.2638  loss: 27.3541  decode.loss_cls: 0.0409  decode.loss_mask: 1.3947  decode.loss_dice: 1.2993  decode.d0.loss_cls: 0.1728  decode.d0.loss_mask: 1.4227  decode.d0.loss_dice: 1.3117  decode.d1.loss_cls: 0.0564  decode.d1.loss_mask: 1.3894  decode.d1.loss_dice: 1.2801  decode.d2.loss_cls: 0.0451  decode.d2.loss_mask: 1.3974  decode.d2.loss_dice: 1.2640  decode.d3.loss_cls: 0.0525  decode.d3.loss_mask: 1.3824  decode.d3.loss_dice: 1.2671  decode.d4.loss_cls: 0.0478  decode.d4.loss_mask: 1.3799  decode.d4.loss_dice: 1.2707  decode.d5.loss_cls: 0.0516  decode.d5.loss_mask: 1.3798  decode.d5.loss_dice: 1.2814  decode.d6.loss_cls: 0.0502  decode.d6.loss_mask: 1.3813  decode.d6.loss_dice: 1.2861  decode.d7.loss_cls: 0.0498  decode.d7.loss_mask: 1.3782  decode.d7.loss_dice: 1.2842  decode.d8.loss_cls: 0.0417  decode.d8.loss_mask: 1.3899  decode.d8.loss_dice: 1.3050
2026/07/23 20:36:35 - mmengine - INFO - Iter(train) [ 4800/40000]  base_lr: 4.7807e-05 lr: 4.7807e-05  eta: 7:01:38  time: 0.6298  data_time: 0.0159  memory: 8424  grad_norm: 84.9324  loss: 25.8023  decode.loss_cls: 0.0924  decode.loss_mask: 1.1871  decode.loss_dice: 1.3112  decode.d0.loss_cls: 0.2109  decode.d0.loss_mask: 1.2212  decode.d0.loss_dice: 1.3794  decode.d1.loss_cls: 0.1156  decode.d1.loss_mask: 1.1568  decode.d1.loss_dice: 1.2895  decode.d2.loss_cls: 0.1128  decode.d2.loss_mask: 1.1637  decode.d2.loss_dice: 1.2748  decode.d3.loss_cls: 0.1089  decode.d3.loss_mask: 1.1697  decode.d3.loss_dice: 1.2616  decode.d4.loss_cls: 0.1223  decode.d4.loss_mask: 1.1550  decode.d4.loss_dice: 1.2685  decode.d5.loss_cls: 0.0969  decode.d5.loss_mask: 1.1576  decode.d5.loss_dice: 1.2814  decode.d6.loss_cls: 0.1014  decode.d6.loss_mask: 1.1583  decode.d6.loss_dice: 1.2885  decode.d7.loss_cls: 0.0922  decode.d7.loss_mask: 1.1778  decode.d7.loss_dice: 1.2869  decode.d8.loss_cls: 0.0930  decode.d8.loss_mask: 1.1776  decode.d8.loss_dice: 1.2891
2026/07/23 20:37:40 - mmengine - INFO - Iter(train) [ 4900/40000]  base_lr: 4.7684e-05 lr: 4.7684e-05  eta: 6:59:33  time: 0.6367  data_time: 0.0170  memory: 8434  grad_norm: 98.8751  loss: 30.1197  decode.loss_cls: 0.1355  decode.loss_mask: 1.4550  decode.loss_dice: 1.4129  decode.d0.loss_cls: 0.2590  decode.d0.loss_mask: 1.5398  decode.d0.loss_dice: 1.5090  decode.d1.loss_cls: 0.1175  decode.d1.loss_mask: 1.4668  decode.d1.loss_dice: 1.3963  decode.d2.loss_cls: 0.1304  decode.d2.loss_mask: 1.4526  decode.d2.loss_dice: 1.3833  decode.d3.loss_cls: 0.1496  decode.d3.loss_mask: 1.4545  decode.d3.loss_dice: 1.3719  decode.d4.loss_cls: 0.1430  decode.d4.loss_mask: 1.4338  decode.d4.loss_dice: 1.3746  decode.d5.loss_cls: 0.1373  decode.d5.loss_mask: 1.4412  decode.d5.loss_dice: 1.4000  decode.d6.loss_cls: 0.1165  decode.d6.loss_mask: 1.4442  decode.d6.loss_dice: 1.3857  decode.d7.loss_cls: 0.1226  decode.d7.loss_mask: 1.4584  decode.d7.loss_dice: 1.3992  decode.d8.loss_cls: 0.1504  decode.d8.loss_mask: 1.4453  decode.d8.loss_dice: 1.4333
2026/07/23 20:38:44 - mmengine - INFO - Exp name: fusion_vits_m2f_nocont_23999_20260723_192916
2026/07/23 20:38:44 - mmengine - INFO - Iter(train) [ 5000/40000]  base_lr: 4.7562e-05 lr: 4.7562e-05  eta: 6:57:30  time: 0.6511  data_time: 0.0191  memory: 8434  grad_norm: 87.4257  loss: 26.1275  decode.loss_cls: 0.0968  decode.loss_mask: 1.2076  decode.loss_dice: 1.2788  decode.d0.loss_cls: 0.2382  decode.d0.loss_mask: 1.2532  decode.d0.loss_dice: 1.3887  decode.d1.loss_cls: 0.1189  decode.d1.loss_mask: 1.2124  decode.d1.loss_dice: 1.2636  decode.d2.loss_cls: 0.1108  decode.d2.loss_mask: 1.2107  decode.d2.loss_dice: 1.2541  decode.d3.loss_cls: 0.0946  decode.d3.loss_mask: 1.2129  decode.d3.loss_dice: 1.2576  decode.d4.loss_cls: 0.1010  decode.d4.loss_mask: 1.2129  decode.d4.loss_dice: 1.2492  decode.d5.loss_cls: 0.0996  decode.d5.loss_mask: 1.2310  decode.d5.loss_dice: 1.2752  decode.d6.loss_cls: 0.0987  decode.d6.loss_mask: 1.2141  decode.d6.loss_dice: 1.2839  decode.d7.loss_cls: 0.0924  decode.d7.loss_mask: 1.2134  decode.d7.loss_dice: 1.2708  decode.d8.loss_cls: 0.0901  decode.d8.loss_mask: 1.2222  decode.d8.loss_dice: 1.2745
2026/07/23 20:39:49 - mmengine - INFO - Iter(train) [ 5100/40000]  base_lr: 4.7440e-05 lr: 4.7440e-05  eta: 6:55:35  time: 0.6540  data_time: 0.0184  memory: 8434  grad_norm: 83.2660  loss: 28.7341  decode.loss_cls: 0.0963  decode.loss_mask: 1.4114  decode.loss_dice: 1.3112  decode.d0.loss_cls: 0.1730  decode.d0.loss_mask: 1.5322  decode.d0.loss_dice: 1.3974  decode.d1.loss_cls: 0.1054  decode.d1.loss_mask: 1.4652  decode.d1.loss_dice: 1.3215  decode.d2.loss_cls: 0.0947  decode.d2.loss_mask: 1.4581  decode.d2.loss_dice: 1.3130  decode.d3.loss_cls: 0.1033  decode.d3.loss_mask: 1.4289  decode.d3.loss_dice: 1.3231  decode.d4.loss_cls: 0.1002  decode.d4.loss_mask: 1.4255  decode.d4.loss_dice: 1.3186  decode.d5.loss_cls: 0.0953  decode.d5.loss_mask: 1.4327  decode.d5.loss_dice: 1.3323  decode.d6.loss_cls: 0.0938  decode.d6.loss_mask: 1.4296  decode.d6.loss_dice: 1.3241  decode.d7.loss_cls: 0.0924  decode.d7.loss_mask: 1.4104  decode.d7.loss_dice: 1.3117  decode.d8.loss_cls: 0.0943  decode.d8.loss_mask: 1.4309  decode.d8.loss_dice: 1.3078
2026/07/23 20:40:58 - mmengine - INFO - Iter(train) [ 5200/40000]  base_lr: 4.7317e-05 lr: 4.7317e-05  eta: 6:54:05  time: 0.6355  data_time: 0.0149  memory: 8434  grad_norm: 113.7456  loss: 26.9123  decode.loss_cls: 0.1179  decode.loss_mask: 1.4239  decode.loss_dice: 1.1661  decode.d0.loss_cls: 0.2552  decode.d0.loss_mask: 1.4046  decode.d0.loss_dice: 1.2311  decode.d1.loss_cls: 0.0841  decode.d1.loss_mask: 1.3763  decode.d1.loss_dice: 1.1773  decode.d2.loss_cls: 0.1076  decode.d2.loss_mask: 1.3865  decode.d2.loss_dice: 1.1548  decode.d3.loss_cls: 0.1122  decode.d3.loss_mask: 1.3807  decode.d3.loss_dice: 1.1537  decode.d4.loss_cls: 0.1176  decode.d4.loss_mask: 1.3779  decode.d4.loss_dice: 1.1489  decode.d5.loss_cls: 0.1239  decode.d5.loss_mask: 1.3949  decode.d5.loss_dice: 1.1582  decode.d6.loss_cls: 0.1157  decode.d6.loss_mask: 1.3415  decode.d6.loss_dice: 1.1702  decode.d7.loss_cls: 0.1303  decode.d7.loss_mask: 1.3826  decode.d7.loss_dice: 1.1731  decode.d8.loss_cls: 0.1377  decode.d8.loss_mask: 1.4538  decode.d8.loss_dice: 1.1541
2026/07/23 20:42:04 - mmengine - INFO - Iter(train) [ 5300/40000]  base_lr: 4.7195e-05 lr: 4.7195e-05  eta: 6:52:19  time: 0.6532  data_time: 0.0180  memory: 8424  grad_norm: 94.4828  loss: 28.3039  decode.loss_cls: 0.0602  decode.loss_mask: 1.5386  decode.loss_dice: 1.1990  decode.d0.loss_cls: 0.1856  decode.d0.loss_mask: 1.5427  decode.d0.loss_dice: 1.2360  decode.d1.loss_cls: 0.0453  decode.d1.loss_mask: 1.5388  decode.d1.loss_dice: 1.2224  decode.d2.loss_cls: 0.0293  decode.d2.loss_mask: 1.5468  decode.d2.loss_dice: 1.2295  decode.d3.loss_cls: 0.0347  decode.d3.loss_mask: 1.5530  decode.d3.loss_dice: 1.2309  decode.d4.loss_cls: 0.0378  decode.d4.loss_mask: 1.5498  decode.d4.loss_dice: 1.2280  decode.d5.loss_cls: 0.0597  decode.d5.loss_mask: 1.5364  decode.d5.loss_dice: 1.2235  decode.d6.loss_cls: 0.0470  decode.d6.loss_mask: 1.5476  decode.d6.loss_dice: 1.2338  decode.d7.loss_cls: 0.0497  decode.d7.loss_mask: 1.5493  decode.d7.loss_dice: 1.2127  decode.d8.loss_cls: 0.0503  decode.d8.loss_mask: 1.5641  decode.d8.loss_dice: 1.2214
2026/07/23 20:43:11 - mmengine - INFO - Iter(train) [ 5400/40000]  base_lr: 4.7073e-05 lr: 4.7073e-05  eta: 6:50:40  time: 0.7362  data_time: 0.1226  memory: 8434  grad_norm: 69.5416  loss: 26.9121  decode.loss_cls: 0.0704  decode.loss_mask: 1.4299  decode.loss_dice: 1.1735  decode.d0.loss_cls: 0.1768  decode.d0.loss_mask: 1.4363  decode.d0.loss_dice: 1.2024  decode.d1.loss_cls: 0.0703  decode.d1.loss_mask: 1.4131  decode.d1.loss_dice: 1.1887  decode.d2.loss_cls: 0.0621  decode.d2.loss_mask: 1.4264  decode.d2.loss_dice: 1.2007  decode.d3.loss_cls: 0.0565  decode.d3.loss_mask: 1.4332  decode.d3.loss_dice: 1.1958  decode.d4.loss_cls: 0.0659  decode.d4.loss_mask: 1.4251  decode.d4.loss_dice: 1.1815  decode.d5.loss_cls: 0.0670  decode.d5.loss_mask: 1.4452  decode.d5.loss_dice: 1.1889  decode.d6.loss_cls: 0.0688  decode.d6.loss_mask: 1.4264  decode.d6.loss_dice: 1.1816  decode.d7.loss_cls: 0.0576  decode.d7.loss_mask: 1.4299  decode.d7.loss_dice: 1.1789  decode.d8.loss_cls: 0.0586  decode.d8.loss_mask: 1.4261  decode.d8.loss_dice: 1.1744
2026/07/23 20:44:18 - mmengine - INFO - Iter(train) [ 5500/40000]  base_lr: 4.6950e-05 lr: 4.6950e-05  eta: 6:49:01  time: 0.6274  data_time: 0.0160  memory: 8434  grad_norm: 66.2985  loss: 21.3149  decode.loss_cls: 0.0560  decode.loss_mask: 1.1384  decode.loss_dice: 0.9365  decode.d0.loss_cls: 0.1324  decode.d0.loss_mask: 1.1317  decode.d0.loss_dice: 1.0828  decode.d1.loss_cls: 0.0844  decode.d1.loss_mask: 1.0990  decode.d1.loss_dice: 0.9615  decode.d2.loss_cls: 0.0766  decode.d2.loss_mask: 1.1038  decode.d2.loss_dice: 0.9202  decode.d3.loss_cls: 0.0751  decode.d3.loss_mask: 1.0874  decode.d3.loss_dice: 0.9185  decode.d4.loss_cls: 0.0495  decode.d4.loss_mask: 1.1232  decode.d4.loss_dice: 0.9324  decode.d5.loss_cls: 0.0516  decode.d5.loss_mask: 1.1352  decode.d5.loss_dice: 0.9198  decode.d6.loss_cls: 0.0490  decode.d6.loss_mask: 1.1264  decode.d6.loss_dice: 0.9124  decode.d7.loss_cls: 0.0566  decode.d7.loss_mask: 1.1246  decode.d7.loss_dice: 0.9258  decode.d8.loss_cls: 0.0613  decode.d8.loss_mask: 1.1147  decode.d8.loss_dice: 0.9282
2026/07/23 20:45:23 - mmengine - INFO - Iter(train) [ 5600/40000]  base_lr: 4.6828e-05 lr: 4.6828e-05  eta: 6:47:11  time: 0.6747  data_time: 0.0210  memory: 8434  grad_norm: 70.3016  loss: 22.3799  decode.loss_cls: 0.0785  decode.loss_mask: 1.1549  decode.loss_dice: 0.9668  decode.d0.loss_cls: 0.2165  decode.d0.loss_mask: 1.2686  decode.d0.loss_dice: 1.0410  decode.d1.loss_cls: 0.0687  decode.d1.loss_mask: 1.1781  decode.d1.loss_dice: 0.9887  decode.d2.loss_cls: 0.0619  decode.d2.loss_mask: 1.1729  decode.d2.loss_dice: 0.9862  decode.d3.loss_cls: 0.0640  decode.d3.loss_mask: 1.1677  decode.d3.loss_dice: 0.9782  decode.d4.loss_cls: 0.0616  decode.d4.loss_mask: 1.1604  decode.d4.loss_dice: 0.9759  decode.d5.loss_cls: 0.0728  decode.d5.loss_mask: 1.1543  decode.d5.loss_dice: 0.9568  decode.d6.loss_cls: 0.0671  decode.d6.loss_mask: 1.1744  decode.d6.loss_dice: 0.9692  decode.d7.loss_cls: 0.0724  decode.d7.loss_mask: 1.1573  decode.d7.loss_dice: 0.9647  decode.d8.loss_cls: 0.0728  decode.d8.loss_mask: 1.1525  decode.d8.loss_dice: 0.9749
2026/07/23 20:46:29 - mmengine - INFO - Iter(train) [ 5700/40000]  base_lr: 4.6705e-05 lr: 4.6705e-05  eta: 6:45:29  time: 0.6556  data_time: 0.0191  memory: 8424  grad_norm: 72.2856  loss: 23.9878  decode.loss_cls: 0.0652  decode.loss_mask: 1.1677  decode.loss_dice: 1.1478  decode.d0.loss_cls: 0.1642  decode.d0.loss_mask: 1.2150  decode.d0.loss_dice: 1.2566  decode.d1.loss_cls: 0.0917  decode.d1.loss_mask: 1.1628  decode.d1.loss_dice: 1.1628  decode.d2.loss_cls: 0.0739  decode.d2.loss_mask: 1.1713  decode.d2.loss_dice: 1.1340  decode.d3.loss_cls: 0.0610  decode.d3.loss_mask: 1.1645  decode.d3.loss_dice: 1.1358  decode.d4.loss_cls: 0.0597  decode.d4.loss_mask: 1.1543  decode.d4.loss_dice: 1.1519  decode.d5.loss_cls: 0.0552  decode.d5.loss_mask: 1.1556  decode.d5.loss_dice: 1.1364  decode.d6.loss_cls: 0.0613  decode.d6.loss_mask: 1.1522  decode.d6.loss_dice: 1.1462  decode.d7.loss_cls: 0.0642  decode.d7.loss_mask: 1.1500  decode.d7.loss_dice: 1.1666  decode.d8.loss_cls: 0.0562  decode.d8.loss_mask: 1.1518  decode.d8.loss_dice: 1.1515
2026/07/23 20:47:32 - mmengine - INFO - Iter(train) [ 5800/40000]  base_lr: 4.6582e-05 lr: 4.6582e-05  eta: 6:43:37  time: 0.6355  data_time: 0.0171  memory: 8434  grad_norm: 67.4471  loss: 26.3661  decode.loss_cls: 0.0642  decode.loss_mask: 1.3778  decode.loss_dice: 1.2022  decode.d0.loss_cls: 0.1496  decode.d0.loss_mask: 1.3846  decode.d0.loss_dice: 1.2359  decode.d1.loss_cls: 0.0777  decode.d1.loss_mask: 1.3590  decode.d1.loss_dice: 1.1836  decode.d2.loss_cls: 0.0572  decode.d2.loss_mask: 1.3614  decode.d2.loss_dice: 1.1909  decode.d3.loss_cls: 0.0548  decode.d3.loss_mask: 1.3907  decode.d3.loss_dice: 1.1963  decode.d4.loss_cls: 0.0568  decode.d4.loss_mask: 1.3817  decode.d4.loss_dice: 1.1830  decode.d5.loss_cls: 0.0588  decode.d5.loss_mask: 1.3774  decode.d5.loss_dice: 1.1731  decode.d6.loss_cls: 0.0656  decode.d6.loss_mask: 1.3761  decode.d6.loss_dice: 1.1811  decode.d7.loss_cls: 0.0710  decode.d7.loss_mask: 1.3555  decode.d7.loss_dice: 1.1686  decode.d8.loss_cls: 0.0646  decode.d8.loss_mask: 1.3684  decode.d8.loss_dice: 1.1985
2026/07/23 20:48:37 - mmengine - INFO - Iter(train) [ 5900/40000]  base_lr: 4.6460e-05 lr: 4.6460e-05  eta: 6:41:49  time: 0.6476  data_time: 0.0198  memory: 8434  grad_norm: 59.0015  loss: 18.7236  decode.loss_cls: 0.0795  decode.loss_mask: 0.8940  decode.loss_dice: 0.8679  decode.d0.loss_cls: 0.1623  decode.d0.loss_mask: 0.9265  decode.d0.loss_dice: 0.9615  decode.d1.loss_cls: 0.0765  decode.d1.loss_mask: 0.9027  decode.d1.loss_dice: 0.9106  decode.d2.loss_cls: 0.0772  decode.d2.loss_mask: 0.9115  decode.d2.loss_dice: 0.8892  decode.d3.loss_cls: 0.0789  decode.d3.loss_mask: 0.9099  decode.d3.loss_dice: 0.8670  decode.d4.loss_cls: 0.0798  decode.d4.loss_mask: 0.9030  decode.d4.loss_dice: 0.8472  decode.d5.loss_cls: 0.0732  decode.d5.loss_mask: 0.9022  decode.d5.loss_dice: 0.8592  decode.d6.loss_cls: 0.0724  decode.d6.loss_mask: 0.8982  decode.d6.loss_dice: 0.8757  decode.d7.loss_cls: 0.0743  decode.d7.loss_mask: 0.8952  decode.d7.loss_dice: 0.8766  decode.d8.loss_cls: 0.0822  decode.d8.loss_mask: 0.8908  decode.d8.loss_dice: 0.8779
2026/07/23 20:50:02 - mmengine - INFO - Exp name: fusion_vits_m2f_nocont_23999_20260723_192916
2026/07/23 20:50:02 - mmengine - INFO - Iter(train) [ 6000/40000]  base_lr: 4.6337e-05 lr: 4.6337e-05  eta: 6:42:00  time: 0.6514  data_time: 0.0150  memory: 8434  grad_norm: 75.7549  loss: 28.6279  decode.loss_cls: 0.1092  decode.loss_mask: 1.4240  decode.loss_dice: 1.3387  decode.d0.loss_cls: 0.1589  decode.d0.loss_mask: 1.4250  decode.d0.loss_dice: 1.3521  decode.d1.loss_cls: 0.1389  decode.d1.loss_mask: 1.3982  decode.d1.loss_dice: 1.3155  decode.d2.loss_cls: 0.1068  decode.d2.loss_mask: 1.4290  decode.d2.loss_dice: 1.3333  decode.d3.loss_cls: 0.1229  decode.d3.loss_mask: 1.4206  decode.d3.loss_dice: 1.3288  decode.d4.loss_cls: 0.1494  decode.d4.loss_mask: 1.3659  decode.d4.loss_dice: 1.3033  decode.d5.loss_cls: 0.1268  decode.d5.loss_mask: 1.4039  decode.d5.loss_dice: 1.3157  decode.d6.loss_cls: 0.1288  decode.d6.loss_mask: 1.4009  decode.d6.loss_dice: 1.3193  decode.d7.loss_cls: 0.1341  decode.d7.loss_mask: 1.4013  decode.d7.loss_dice: 1.3081  decode.d8.loss_cls: 0.1133  decode.d8.loss_mask: 1.4329  decode.d8.loss_dice: 1.3222
2026/07/23 20:50:02 - mmengine - INFO - Saving checkpoint at 6000 iterations
2026/07/23 20:51:03 - mmengine - INFO - Iter(val) [100/504]    eta: 0:01:57  time: 0.3878  data_time: 0.1934  memory: 3245  
2026/07/23 20:51:46 - mmengine - INFO - Iter(val) [200/504]    eta: 0:01:49  time: 0.3552  data_time: 0.1595  memory: 3245  
2026/07/23 20:52:23 - mmengine - INFO - Iter(val) [300/504]    eta: 0:01:14  time: 0.2920  data_time: 0.0961  memory: 3245  
2026/07/23 20:52:56 - mmengine - INFO - Iter(val) [400/504]    eta: 0:00:36  time: 0.5774  data_time: 0.3749  memory: 3245  
2026/07/23 20:53:19 - mmengine - INFO - Iter(val) [500/504]    eta: 0:00:01  time: 0.2050  data_time: 0.0090  memory: 3245  
2026/07/23 20:53:25 - mmengine - INFO - per class results:
2026/07/23 20:53:25 - mmengine - INFO - 
+--------------------+-------+-------+--------+-----------+--------+
|       Class        |  IoU  |  Acc  | Fscore | Precision | Recall |
+--------------------+-------+-------+--------+-----------+--------+
| impervious_surface |  85.0 | 91.74 | 91.89  |   92.04   | 91.74  |
|      building      | 92.54 | 96.59 | 96.13  |   95.67   | 96.59  |
|   low_vegetation   | 79.31 | 89.44 | 88.46  |   87.51   | 89.44  |
|        tree        | 81.03 |  88.2 | 89.52  |   90.88   |  88.2  |
|        car         |  91.1 | 93.98 | 95.34  |   96.74   | 93.98  |
+--------------------+-------+-------+--------+-----------+--------+
2026/07/23 20:53:25 - mmengine - INFO - Iter(val) [504/504]    aAcc: 91.5500  mIoU: 85.8000  mAcc: 91.9900  mFscore: 92.2700  mPrecision: 92.5700  mRecall: 91.9900  data_time: 0.1312  time: 0.3293
2026/07/23 20:53:26 - mmengine - INFO - The previous best checkpoint /mnt/qh2-nas3/00-model/00-fb/fusion_potsdam/work_dirs/fusion_vits_m2f_nocont_23999/best_mIoU_iter_2000.pth is removed
2026/07/23 20:53:48 - mmengine - INFO - The best checkpoint with 85.8000 mIoU at 6000 iter is saved to best_mIoU_iter_6000.pth.
2026/07/23 20:55:25 - mmengine - INFO - Iter(train) [ 6100/40000]  base_lr: 4.6215e-05 lr: 4.6215e-05  eta: 6:45:51  time: 0.6332  data_time: 0.0176  memory: 8434  grad_norm: 73.9395  loss: 28.0117  decode.loss_cls: 0.0573  decode.loss_mask: 1.3719  decode.loss_dice: 1.3711  decode.d0.loss_cls: 0.1600  decode.d0.loss_mask: 1.4640  decode.d0.loss_dice: 1.3358  decode.d1.loss_cls: 0.0525  decode.d1.loss_mask: 1.4015  decode.d1.loss_dice: 1.3415  decode.d2.loss_cls: 0.0625  decode.d2.loss_mask: 1.3766  decode.d2.loss_dice: 1.3387  decode.d3.loss_cls: 0.0443  decode.d3.loss_mask: 1.3734  decode.d3.loss_dice: 1.3620  decode.d4.loss_cls: 0.0442  decode.d4.loss_mask: 1.3638  decode.d4.loss_dice: 1.3520  decode.d5.loss_cls: 0.0410  decode.d5.loss_mask: 1.3771  decode.d5.loss_dice: 1.3502  decode.d6.loss_cls: 0.0421  decode.d6.loss_mask: 1.3673  decode.d6.loss_dice: 1.3778  decode.d7.loss_cls: 0.0482  decode.d7.loss_mask: 1.3713  decode.d7.loss_dice: 1.3679  decode.d8.loss_cls: 0.0482  decode.d8.loss_mask: 1.3759  decode.d8.loss_dice: 1.3715
2026/07/23 20:56:30 - mmengine - INFO - Iter(train) [ 6200/40000]  base_lr: 4.6092e-05 lr: 4.6092e-05  eta: 6:44:00  time: 0.6447  data_time: 0.0176  memory: 8424  grad_norm: 55.5991  loss: 20.3864  decode.loss_cls: 0.0352  decode.loss_mask: 1.0496  decode.loss_dice: 0.9224  decode.d0.loss_cls: 0.1306  decode.d0.loss_mask: 1.0954  decode.d0.loss_dice: 1.0842  decode.d1.loss_cls: 0.0363  decode.d1.loss_mask: 1.0602  decode.d1.loss_dice: 0.9443  decode.d2.loss_cls: 0.0364  decode.d2.loss_mask: 1.0540  decode.d2.loss_dice: 0.9361  decode.d3.loss_cls: 0.0348  decode.d3.loss_mask: 1.0476  decode.d3.loss_dice: 0.9196  decode.d4.loss_cls: 0.0349  decode.d4.loss_mask: 1.0524  decode.d4.loss_dice: 0.9250  decode.d5.loss_cls: 0.0345  decode.d5.loss_mask: 1.0480  decode.d5.loss_dice: 0.9220  decode.d6.loss_cls: 0.0342  decode.d6.loss_mask: 1.0442  decode.d6.loss_dice: 0.9095  decode.d7.loss_cls: 0.0359  decode.d7.loss_mask: 1.0436  decode.d7.loss_dice: 0.9125  decode.d8.loss_cls: 0.0360  decode.d8.loss_mask: 1.0476  decode.d8.loss_dice: 0.9194
2026/07/23 20:57:37 - mmengine - INFO - Iter(train) [ 6300/40000]  base_lr: 4.5969e-05 lr: 4.5969e-05  eta: 6:42:23  time: 0.6766  data_time: 0.0190  memory: 8434  grad_norm: 61.8221  loss: 25.5230  decode.loss_cls: 0.0227  decode.loss_mask: 1.3184  decode.loss_dice: 1.2158  decode.d0.loss_cls: 0.1065  decode.d0.loss_mask: 1.3949  decode.d0.loss_dice: 1.2179  decode.d1.loss_cls: 0.0295  decode.d1.loss_mask: 1.3147  decode.d1.loss_dice: 1.1898  decode.d2.loss_cls: 0.0288  decode.d2.loss_mask: 1.3111  decode.d2.loss_dice: 1.1827  decode.d3.loss_cls: 0.0268  decode.d3.loss_mask: 1.3136  decode.d3.loss_dice: 1.1919  decode.d4.loss_cls: 0.0251  decode.d4.loss_mask: 1.3073  decode.d4.loss_dice: 1.1904  decode.d5.loss_cls: 0.0279  decode.d5.loss_mask: 1.2991  decode.d5.loss_dice: 1.1989  decode.d6.loss_cls: 0.0230  decode.d6.loss_mask: 1.2999  decode.d6.loss_dice: 1.2039  decode.d7.loss_cls: 0.0230  decode.d7.loss_mask: 1.3008  decode.d7.loss_dice: 1.2146  decode.d8.loss_cls: 0.0226  decode.d8.loss_mask: 1.3025  decode.d8.loss_dice: 1.2188
2026/07/23 20:58:41 - mmengine - INFO - Iter(train) [ 6400/40000]  base_lr: 4.5846e-05 lr: 4.5846e-05  eta: 6:40:32  time: 0.6253  data_time: 0.0186  memory: 8434  grad_norm: 67.6032  loss: 22.6168  decode.loss_cls: 0.0452  decode.loss_mask: 1.1402  decode.loss_dice: 1.0654  decode.d0.loss_cls: 0.1125  decode.d0.loss_mask: 1.2219  decode.d0.loss_dice: 1.1053  decode.d1.loss_cls: 0.0580  decode.d1.loss_mask: 1.1428  decode.d1.loss_dice: 1.0584  decode.d2.loss_cls: 0.0486  decode.d2.loss_mask: 1.1454  decode.d2.loss_dice: 1.0655  decode.d3.loss_cls: 0.0497  decode.d3.loss_mask: 1.1419  decode.d3.loss_dice: 1.0639  decode.d4.loss_cls: 0.0371  decode.d4.loss_mask: 1.1372  decode.d4.loss_dice: 1.0550  decode.d5.loss_cls: 0.0389  decode.d5.loss_mask: 1.1379  decode.d5.loss_dice: 1.0673  decode.d6.loss_cls: 0.0386  decode.d6.loss_mask: 1.1400  decode.d6.loss_dice: 1.0451  decode.d7.loss_cls: 0.0409  decode.d7.loss_mask: 1.1461  decode.d7.loss_dice: 1.0442  decode.d8.loss_cls: 0.0401  decode.d8.loss_mask: 1.1409  decode.d8.loss_dice: 1.0428
2026/07/23 20:59:46 - mmengine - INFO - Iter(train) [ 6500/40000]  base_lr: 4.5723e-05 lr: 4.5723e-05  eta: 6:38:46  time: 0.6497  data_time: 0.0194  memory: 8424  grad_norm: 70.4748  loss: 20.4801  decode.loss_cls: 0.1263  decode.loss_mask: 1.0142  decode.loss_dice: 0.8740  decode.d0.loss_cls: 0.2494  decode.d0.loss_mask: 1.0537  decode.d0.loss_dice: 1.0484  decode.d1.loss_cls: 0.1581  decode.d1.loss_mask: 0.9856  decode.d1.loss_dice: 0.8985  decode.d2.loss_cls: 0.1453  decode.d2.loss_mask: 0.9856  decode.d2.loss_dice: 0.8776  decode.d3.loss_cls: 0.1471  decode.d3.loss_mask: 1.0012  decode.d3.loss_dice: 0.8772  decode.d4.loss_cls: 0.1343  decode.d4.loss_mask: 1.0090  decode.d4.loss_dice: 0.8955  decode.d5.loss_cls: 0.1373  decode.d5.loss_mask: 1.0054  decode.d5.loss_dice: 0.8691  decode.d6.loss_cls: 0.1257  decode.d6.loss_mask: 1.0046  decode.d6.loss_dice: 0.8621  decode.d7.loss_cls: 0.1254  decode.d7.loss_mask: 1.0028  decode.d7.loss_dice: 0.8620  decode.d8.loss_cls: 0.1218  decode.d8.loss_mask: 1.0150  decode.d8.loss_dice: 0.8678
2026/07/23 21:00:51 - mmengine - INFO - Iter(train) [ 6600/40000]  base_lr: 4.5601e-05 lr: 4.5601e-05  eta: 6:37:00  time: 0.6247  data_time: 0.0176  memory: 8434  grad_norm: 109.0382  loss: 36.3328  decode.loss_cls: 0.2743  decode.loss_mask: 1.7599  decode.loss_dice: 1.5661  decode.d0.loss_cls: 0.4603  decode.d0.loss_mask: 1.7900  decode.d0.loss_dice: 1.7081  decode.d1.loss_cls: 0.2615  decode.d1.loss_mask: 1.7801  decode.d1.loss_dice: 1.5941  decode.d2.loss_cls: 0.2647  decode.d2.loss_mask: 1.7530  decode.d2.loss_dice: 1.5672  decode.d3.loss_cls: 0.2669  decode.d3.loss_mask: 1.7426  decode.d3.loss_dice: 1.5796  decode.d4.loss_cls: 0.2606  decode.d4.loss_mask: 1.7427  decode.d4.loss_dice: 1.5722  decode.d5.loss_cls: 0.2573  decode.d5.loss_mask: 1.7612  decode.d5.loss_dice: 1.5733  decode.d6.loss_cls: 0.2826  decode.d6.loss_mask: 1.7550  decode.d6.loss_dice: 1.5678  decode.d7.loss_cls: 0.2746  decode.d7.loss_mask: 1.7647  decode.d7.loss_dice: 1.5617  decode.d8.loss_cls: 0.2782  decode.d8.loss_mask: 1.7558  decode.d8.loss_dice: 1.5567
2026/07/23 21:01:56 - mmengine - INFO - Iter(train) [ 6700/40000]  base_lr: 4.5478e-05 lr: 4.5478e-05  eta: 6:35:21  time: 0.6264  data_time: 0.0179  memory: 8434  grad_norm: 74.8949  loss: 21.3655  decode.loss_cls: 0.0420  decode.loss_mask: 1.1122  decode.loss_dice: 0.9531  decode.d0.loss_cls: 0.1841  decode.d0.loss_mask: 1.1792  decode.d0.loss_dice: 0.9767  decode.d1.loss_cls: 0.0674  decode.d1.loss_mask: 1.1100  decode.d1.loss_dice: 0.9535  decode.d2.loss_cls: 0.0485  decode.d2.loss_mask: 1.1246  decode.d2.loss_dice: 0.9610  decode.d3.loss_cls: 0.0409  decode.d3.loss_mask: 1.1074  decode.d3.loss_dice: 0.9594  decode.d4.loss_cls: 0.0410  decode.d4.loss_mask: 1.1164  decode.d4.loss_dice: 0.9592  decode.d5.loss_cls: 0.0405  decode.d5.loss_mask: 1.1111  decode.d5.loss_dice: 0.9521  decode.d6.loss_cls: 0.0457  decode.d6.loss_mask: 1.1063  decode.d6.loss_dice: 0.9430  decode.d7.loss_cls: 0.0433  decode.d7.loss_mask: 1.1138  decode.d7.loss_dice: 0.9511  decode.d8.loss_cls: 0.0416  decode.d8.loss_mask: 1.1162  decode.d8.loss_dice: 0.9644
2026/07/23 21:03:01 - mmengine - INFO - Iter(train) [ 6800/40000]  base_lr: 4.5355e-05 lr: 4.5355e-05  eta: 6:33:39  time: 0.6372  data_time: 0.0165  memory: 8434  grad_norm: 67.4272  loss: 18.2931  decode.loss_cls: 0.1352  decode.loss_mask: 0.7319  decode.loss_dice: 0.9361  decode.d0.loss_cls: 0.1853  decode.d0.loss_mask: 0.7984  decode.d0.loss_dice: 1.0811  decode.d1.loss_cls: 0.1592  decode.d1.loss_mask: 0.7462  decode.d1.loss_dice: 0.9349  decode.d2.loss_cls: 0.1509  decode.d2.loss_mask: 0.7448  decode.d2.loss_dice: 0.9183  decode.d3.loss_cls: 0.1446  decode.d3.loss_mask: 0.7438  decode.d3.loss_dice: 0.9271  decode.d4.loss_cls: 0.1499  decode.d4.loss_mask: 0.7242  decode.d4.loss_dice: 0.9123  decode.d5.loss_cls: 0.1378  decode.d5.loss_mask: 0.7258  decode.d5.loss_dice: 0.9323  decode.d6.loss_cls: 0.1396  decode.d6.loss_mask: 0.7273  decode.d6.loss_dice: 0.9276  decode.d7.loss_cls: 0.1457  decode.d7.loss_mask: 0.7217  decode.d7.loss_dice: 0.9243  decode.d8.loss_cls: 0.1451  decode.d8.loss_mask: 0.7297  decode.d8.loss_dice: 0.9121
2026/07/23 21:04:06 - mmengine - INFO - Iter(train) [ 6900/40000]  base_lr: 4.5232e-05 lr: 4.5232e-05  eta: 6:31:55  time: 0.6538  data_time: 0.0176  memory: 8434  grad_norm: 81.7258  loss: 26.4558  decode.loss_cls: 0.0897  decode.loss_mask: 1.3123  decode.loss_dice: 1.1904  decode.d0.loss_cls: 0.2016  decode.d0.loss_mask: 1.3581  decode.d0.loss_dice: 1.3296  decode.d1.loss_cls: 0.0958  decode.d1.loss_mask: 1.3607  decode.d1.loss_dice: 1.2346  decode.d2.loss_cls: 0.0994  decode.d2.loss_mask: 1.3233  decode.d2.loss_dice: 1.2031  decode.d3.loss_cls: 0.0905  decode.d3.loss_mask: 1.3249  decode.d3.loss_dice: 1.1949  decode.d4.loss_cls: 0.0949  decode.d4.loss_mask: 1.3207  decode.d4.loss_dice: 1.1919  decode.d5.loss_cls: 0.1032  decode.d5.loss_mask: 1.3131  decode.d5.loss_dice: 1.1993  decode.d6.loss_cls: 0.1067  decode.d6.loss_mask: 1.2977  decode.d6.loss_dice: 1.1853  decode.d7.loss_cls: 0.0958  decode.d7.loss_mask: 1.3203  decode.d7.loss_dice: 1.1986  decode.d8.loss_cls: 0.0848  decode.d8.loss_mask: 1.3348  decode.d8.loss_dice: 1.1998
2026/07/23 21:05:15 - mmengine - INFO - Exp name: fusion_vits_m2f_nocont_23999_20260723_192916
2026/07/23 21:05:15 - mmengine - INFO - Iter(train) [ 7000/40000]  base_lr: 4.5109e-05 lr: 4.5109e-05  eta: 6:30:34  time: 0.6233  data_time: 0.0172  memory: 8424  grad_norm: 51.6098  loss: 24.0580  decode.loss_cls: 0.0265  decode.loss_mask: 1.3202  decode.loss_dice: 1.0563  decode.d0.loss_cls: 0.1329  decode.d0.loss_mask: 1.3623  decode.d0.loss_dice: 1.0412  decode.d1.loss_cls: 0.0450  decode.d1.loss_mask: 1.3181  decode.d1.loss_dice: 1.0325  decode.d2.loss_cls: 0.0342  decode.d2.loss_mask: 1.3240  decode.d2.loss_dice: 1.0491  decode.d3.loss_cls: 0.0288  decode.d3.loss_mask: 1.3179  decode.d3.loss_dice: 1.0414  decode.d4.loss_cls: 0.0280  decode.d4.loss_mask: 1.3145  decode.d4.loss_dice: 1.0392  decode.d5.loss_cls: 0.0255  decode.d5.loss_mask: 1.3265  decode.d5.loss_dice: 1.0324  decode.d6.loss_cls: 0.0245  decode.d6.loss_mask: 1.3183  decode.d6.loss_dice: 1.0364  decode.d7.loss_cls: 0.0264  decode.d7.loss_mask: 1.3169  decode.d7.loss_dice: 1.0457  decode.d8.loss_cls: 0.0265  decode.d8.loss_mask: 1.3231  decode.d8.loss_dice: 1.0438
2026/07/23 21:06:20 - mmengine - INFO - Iter(train) [ 7100/40000]  base_lr: 4.4986e-05 lr: 4.4986e-05  eta: 6:28:57  time: 0.6688  data_time: 0.0203  memory: 8424  grad_norm: 50.3462  loss: 20.6648  decode.loss_cls: 0.0242  decode.loss_mask: 1.0582  decode.loss_dice: 0.9713  decode.d0.loss_cls: 0.1075  decode.d0.loss_mask: 1.0951  decode.d0.loss_dice: 0.9972  decode.d1.loss_cls: 0.0416  decode.d1.loss_mask: 1.0594  decode.d1.loss_dice: 0.9534  decode.d2.loss_cls: 0.0418  decode.d2.loss_mask: 1.0566  decode.d2.loss_dice: 0.9667  decode.d3.loss_cls: 0.0397  decode.d3.loss_mask: 1.0532  decode.d3.loss_dice: 0.9484  decode.d4.loss_cls: 0.0294  decode.d4.loss_mask: 1.0719  decode.d4.loss_dice: 0.9528  decode.d5.loss_cls: 0.0316  decode.d5.loss_mask: 1.0649  decode.d5.loss_dice: 0.9764  decode.d6.loss_cls: 0.0249  decode.d6.loss_mask: 1.0589  decode.d6.loss_dice: 0.9589  decode.d7.loss_cls: 0.0313  decode.d7.loss_mask: 1.0507  decode.d7.loss_dice: 0.9448  decode.d8.loss_cls: 0.0277  decode.d8.loss_mask: 1.0630  decode.d8.loss_dice: 0.9633
2026/07/23 21:07:26 - mmengine - INFO - Iter(train) [ 7200/40000]  base_lr: 4.4863e-05 lr: 4.4863e-05  eta: 6:27:24  time: 0.6717  data_time: 0.0190  memory: 8434  grad_norm: 59.5254  loss: 21.8789  decode.loss_cls: 0.0504  decode.loss_mask: 1.0985  decode.loss_dice: 1.0188  decode.d0.loss_cls: 0.1096  decode.d0.loss_mask: 1.1495  decode.d0.loss_dice: 1.0666  decode.d1.loss_cls: 0.0536  decode.d1.loss_mask: 1.1006  decode.d1.loss_dice: 1.0230  decode.d2.loss_cls: 0.0502  decode.d2.loss_mask: 1.1064  decode.d2.loss_dice: 1.0070  decode.d3.loss_cls: 0.0491  decode.d3.loss_mask: 1.1062  decode.d3.loss_dice: 1.0121  decode.d4.loss_cls: 0.0478  decode.d4.loss_mask: 1.1120  decode.d4.loss_dice: 1.0179  decode.d5.loss_cls: 0.0346  decode.d5.loss_mask: 1.1241  decode.d5.loss_dice: 1.0285  decode.d6.loss_cls: 0.0463  decode.d6.loss_mask: 1.1090  decode.d6.loss_dice: 1.0018  decode.d7.loss_cls: 0.0322  decode.d7.loss_mask: 1.1279  decode.d7.loss_dice: 1.0165  decode.d8.loss_cls: 0.0325  decode.d8.loss_mask: 1.1268  decode.d8.loss_dice: 1.0193
2026/07/23 21:08:31 - mmengine - INFO - Iter(train) [ 7300/40000]  base_lr: 4.4740e-05 lr: 4.4740e-05  eta: 6:25:47  time: 0.6454  data_time: 0.0188  memory: 8434  grad_norm: 45.1565  loss: 19.9749  decode.loss_cls: 0.0605  decode.loss_mask: 0.9765  decode.loss_dice: 0.9642  decode.d0.loss_cls: 0.1352  decode.d0.loss_mask: 1.0210  decode.d0.loss_dice: 1.0183  decode.d1.loss_cls: 0.0491  decode.d1.loss_mask: 0.9704  decode.d1.loss_dice: 0.9710  decode.d2.loss_cls: 0.0459  decode.d2.loss_mask: 0.9635  decode.d2.loss_dice: 0.9605  decode.d3.loss_cls: 0.0451  decode.d3.loss_mask: 0.9633  decode.d3.loss_dice: 0.9676  decode.d4.loss_cls: 0.0436  decode.d4.loss_mask: 0.9618  decode.d4.loss_dice: 0.9636  decode.d5.loss_cls: 0.0410  decode.d5.loss_mask: 0.9661  decode.d5.loss_dice: 0.9679  decode.d6.loss_cls: 0.0429  decode.d6.loss_mask: 0.9636  decode.d6.loss_dice: 0.9616  decode.d7.loss_cls: 0.0409  decode.d7.loss_mask: 0.9632  decode.d7.loss_dice: 0.9596  decode.d8.loss_cls: 0.0460  decode.d8.loss_mask: 0.9767  decode.d8.loss_dice: 0.9645
2026/07/23 21:09:35 - mmengine - INFO - Iter(train) [ 7400/40000]  base_lr: 4.4616e-05 lr: 4.4616e-05  eta: 6:24:07  time: 0.6414  data_time: 0.0225  memory: 8424  grad_norm: 62.0531  loss: 19.4604  decode.loss_cls: 0.0754  decode.loss_mask: 0.9387  decode.loss_dice: 0.9226  decode.d0.loss_cls: 0.1296  decode.d0.loss_mask: 0.9515  decode.d0.loss_dice: 1.0026  decode.d1.loss_cls: 0.0906  decode.d1.loss_mask: 0.9345  decode.d1.loss_dice: 0.9221  decode.d2.loss_cls: 0.0879  decode.d2.loss_mask: 0.9449  decode.d2.loss_dice: 0.9060  decode.d3.loss_cls: 0.0887  decode.d3.loss_mask: 0.9349  decode.d3.loss_dice: 0.9026  decode.d4.loss_cls: 0.0869  decode.d4.loss_mask: 0.9451  decode.d4.loss_dice: 0.8985  decode.d5.loss_cls: 0.0881  decode.d5.loss_mask: 0.9392  decode.d5.loss_dice: 0.9071  decode.d6.loss_cls: 0.0873  decode.d6.loss_mask: 0.9326  decode.d6.loss_dice: 0.8961  decode.d7.loss_cls: 0.0779  decode.d7.loss_mask: 0.9301  decode.d7.loss_dice: 0.9054  decode.d8.loss_cls: 0.0811  decode.d8.loss_mask: 0.9426  decode.d8.loss_dice: 0.9100
2026/07/23 21:10:41 - mmengine - INFO - Iter(train) [ 7500/40000]  base_lr: 4.4493e-05 lr: 4.4493e-05  eta: 6:22:36  time: 0.6425  data_time: 0.0181  memory: 8434  grad_norm: 72.5361  loss: 23.2508  decode.loss_cls: 0.0772  decode.loss_mask: 1.0943  decode.loss_dice: 1.0980  decode.d0.loss_cls: 0.1779  decode.d0.loss_mask: 1.3045  decode.d0.loss_dice: 1.2376  decode.d1.loss_cls: 0.1004  decode.d1.loss_mask: 1.1170  decode.d1.loss_dice: 1.1097  decode.d2.loss_cls: 0.0817  decode.d2.loss_mask: 1.1109  decode.d2.loss_dice: 1.0856  decode.d3.loss_cls: 0.0703  decode.d3.loss_mask: 1.0950  decode.d3.loss_dice: 1.1069  decode.d4.loss_cls: 0.0744  decode.d4.loss_mask: 1.0941  decode.d4.loss_dice: 1.1020  decode.d5.loss_cls: 0.0739  decode.d5.loss_mask: 1.1022  decode.d5.loss_dice: 1.1118  decode.d6.loss_cls: 0.0725  decode.d6.loss_mask: 1.0955  decode.d6.loss_dice: 1.1188  decode.d7.loss_cls: 0.0933  decode.d7.loss_mask: 1.0751  decode.d7.loss_dice: 1.1031  decode.d8.loss_cls: 0.0970  decode.d8.loss_mask: 1.0834  decode.d8.loss_dice: 1.0867
2026/07/23 21:11:46 - mmengine - INFO - Iter(train) [ 7600/40000]  base_lr: 4.4370e-05 lr: 4.4370e-05  eta: 6:21:00  time: 0.6646  data_time: 0.0177  memory: 8434  grad_norm: 91.2557  loss: 23.7550  decode.loss_cls: 0.0770  decode.loss_mask: 1.1705  decode.loss_dice: 1.0939  decode.d0.loss_cls: 0.1743  decode.d0.loss_mask: 1.2267  decode.d0.loss_dice: 1.1726  decode.d1.loss_cls: 0.0833  decode.d1.loss_mask: 1.1994  decode.d1.loss_dice: 1.1088  decode.d2.loss_cls: 0.0959  decode.d2.loss_mask: 1.1725  decode.d2.loss_dice: 1.0838  decode.d3.loss_cls: 0.0918  decode.d3.loss_mask: 1.1874  decode.d3.loss_dice: 1.0776  decode.d4.loss_cls: 0.0947  decode.d4.loss_mask: 1.1703  decode.d4.loss_dice: 1.0725  decode.d5.loss_cls: 0.0827  decode.d5.loss_mask: 1.2022  decode.d5.loss_dice: 1.0880  decode.d6.loss_cls: 0.1037  decode.d6.loss_mask: 1.1700  decode.d6.loss_dice: 1.0873  decode.d7.loss_cls: 0.0892  decode.d7.loss_mask: 1.1596  decode.d7.loss_dice: 1.0877  decode.d8.loss_cls: 0.0852  decode.d8.loss_mask: 1.1473  decode.d8.loss_dice: 1.0991
2026/07/23 21:12:52 - mmengine - INFO - Iter(train) [ 7700/40000]  base_lr: 4.4247e-05 lr: 4.4247e-05  eta: 6:19:31  time: 0.6629  data_time: 0.0187  memory: 8434  grad_norm: 103.7766  loss: 27.6104  decode.loss_cls: 0.1033  decode.loss_mask: 1.4415  decode.loss_dice: 1.2189  decode.d0.loss_cls: 0.1707  decode.d0.loss_mask: 1.4622  decode.d0.loss_dice: 1.2679  decode.d1.loss_cls: 0.1251  decode.d1.loss_mask: 1.4147  decode.d1.loss_dice: 1.2360  decode.d2.loss_cls: 0.1006  decode.d2.loss_mask: 1.4224  decode.d2.loss_dice: 1.2327  decode.d3.loss_cls: 0.1060  decode.d3.loss_mask: 1.4023  decode.d3.loss_dice: 1.2337  decode.d4.loss_cls: 0.1057  decode.d4.loss_mask: 1.3903  decode.d4.loss_dice: 1.2077  decode.d5.loss_cls: 0.1030  decode.d5.loss_mask: 1.4045  decode.d5.loss_dice: 1.2211  decode.d6.loss_cls: 0.1095  decode.d6.loss_mask: 1.3858  decode.d6.loss_dice: 1.2275  decode.d7.loss_cls: 0.1117  decode.d7.loss_mask: 1.4140  decode.d7.loss_dice: 1.2303  decode.d8.loss_cls: 0.1026  decode.d8.loss_mask: 1.4320  decode.d8.loss_dice: 1.2267
2026/07/23 21:14:03 - mmengine - INFO - Iter(train) [ 7800/40000]  base_lr: 4.4123e-05 lr: 4.4123e-05  eta: 6:18:20  time: 0.7212  data_time: 0.0224  memory: 8434  grad_norm: 76.7156  loss: 19.8964  decode.loss_cls: 0.0855  decode.loss_mask: 0.8820  decode.loss_dice: 0.9640  decode.d0.loss_cls: 0.2209  decode.d0.loss_mask: 0.9221  decode.d0.loss_dice: 1.0339  decode.d1.loss_cls: 0.1256  decode.d1.loss_mask: 0.8870  decode.d1.loss_dice: 0.9645  decode.d2.loss_cls: 0.1235  decode.d2.loss_mask: 0.9048  decode.d2.loss_dice: 0.9738  decode.d3.loss_cls: 0.1068  decode.d3.loss_mask: 0.9096  decode.d3.loss_dice: 0.9802  decode.d4.loss_cls: 0.1057  decode.d4.loss_mask: 0.9172  decode.d4.loss_dice: 0.9822  decode.d5.loss_cls: 0.0993  decode.d5.loss_mask: 0.9060  decode.d5.loss_dice: 0.9684  decode.d6.loss_cls: 0.0958  decode.d6.loss_mask: 0.9088  decode.d6.loss_dice: 0.9466  decode.d7.loss_cls: 0.1199  decode.d7.loss_mask: 0.8653  decode.d7.loss_dice: 0.9401  decode.d8.loss_cls: 0.0884  decode.d8.loss_mask: 0.8904  decode.d8.loss_dice: 0.9780
2026/07/23 21:15:09 - mmengine - INFO - Iter(train) [ 7900/40000]  base_lr: 4.4000e-05 lr: 4.4000e-05  eta: 6:16:54  time: 0.6524  data_time: 0.0189  memory: 8424  grad_norm: 72.5186  loss: 21.8364  decode.loss_cls: 0.0280  decode.loss_mask: 1.1695  decode.loss_dice: 0.9485  decode.d0.loss_cls: 0.1303  decode.d0.loss_mask: 1.2336  decode.d0.loss_dice: 0.9885  decode.d1.loss_cls: 0.0599  decode.d1.loss_mask: 1.1900  decode.d1.loss_dice: 0.9387  decode.d2.loss_cls: 0.0469  decode.d2.loss_mask: 1.1894  decode.d2.loss_dice: 0.9378  decode.d3.loss_cls: 0.0385  decode.d3.loss_mask: 1.1898  decode.d3.loss_dice: 0.9296  decode.d4.loss_cls: 0.0288  decode.d4.loss_mask: 1.1924  decode.d4.loss_dice: 0.9511  decode.d5.loss_cls: 0.0451  decode.d5.loss_mask: 1.1762  decode.d5.loss_dice: 0.9320  decode.d6.loss_cls: 0.0442  decode.d6.loss_mask: 1.1716  decode.d6.loss_dice: 0.9555  decode.d7.loss_cls: 0.0427  decode.d7.loss_mask: 1.1853  decode.d7.loss_dice: 0.9450  decode.d8.loss_cls: 0.0446  decode.d8.loss_mask: 1.1742  decode.d8.loss_dice: 0.9288
2026/07/23 21:16:17 - mmengine - INFO - Exp name: fusion_vits_m2f_nocont_23999_20260723_192916
2026/07/23 21:16:17 - mmengine - INFO - Iter(train) [ 8000/40000]  base_lr: 4.3877e-05 lr: 4.3877e-05  eta: 6:15:31  time: 0.6986  data_time: 0.0189  memory: 8434  grad_norm: 104.4124  loss: 28.2419  decode.loss_cls: 0.0758  decode.loss_mask: 1.4842  decode.loss_dice: 1.2514  decode.d0.loss_cls: 0.1342  decode.d0.loss_mask: 1.5507  decode.d0.loss_dice: 1.3032  decode.d1.loss_cls: 0.1187  decode.d1.loss_mask: 1.4700  decode.d1.loss_dice: 1.2604  decode.d2.loss_cls: 0.1002  decode.d2.loss_mask: 1.4721  decode.d2.loss_dice: 1.2580  decode.d3.loss_cls: 0.0561  decode.d3.loss_mask: 1.4957  decode.d3.loss_dice: 1.2503  decode.d4.loss_cls: 0.0802  decode.d4.loss_mask: 1.4774  decode.d4.loss_dice: 1.2405  decode.d5.loss_cls: 0.0721  decode.d5.loss_mask: 1.4770  decode.d5.loss_dice: 1.2307  decode.d6.loss_cls: 0.0746  decode.d6.loss_mask: 1.4880  decode.d6.loss_dice: 1.2385  decode.d7.loss_cls: 0.0830  decode.d7.loss_mask: 1.4692  decode.d7.loss_dice: 1.2432  decode.d8.loss_cls: 0.0851  decode.d8.loss_mask: 1.4658  decode.d8.loss_dice: 1.2357
2026/07/23 21:16:17 - mmengine - INFO - Saving checkpoint at 8000 iterations
2026/07/23 21:17:07 - mmengine - INFO - Iter(val) [100/504]    eta: 0:01:43  time: 0.3478  data_time: 0.1472  memory: 3245  
2026/07/23 21:17:47 - mmengine - INFO - Iter(val) [200/504]    eta: 0:01:38  time: 0.2303  data_time: 0.0192  memory: 3245  
2026/07/23 21:18:09 - mmengine - INFO - Iter(val) [300/504]    eta: 0:00:59  time: 0.2119  data_time: 0.0105  memory: 3245  
2026/07/23 21:18:32 - mmengine - INFO - Iter(val) [400/504]    eta: 0:00:28  time: 0.2102  data_time: 0.0102  memory: 3245  
2026/07/23 21:19:04 - mmengine - INFO - Iter(val) [500/504]    eta: 0:00:01  time: 0.2417  data_time: 0.0404  memory: 3245  
2026/07/23 21:19:09 - mmengine - INFO - per class results:
2026/07/23 21:19:09 - mmengine - INFO - 
+--------------------+-------+-------+--------+-----------+--------+
|       Class        |  IoU  |  Acc  | Fscore | Precision | Recall |
+--------------------+-------+-------+--------+-----------+--------+
| impervious_surface | 86.08 | 89.92 | 92.52  |   95.27   | 89.92  |
|      building      | 95.42 |  97.9 | 97.66  |   97.41   |  97.9  |
|   low_vegetation   | 77.63 | 95.72 | 87.41  |   80.42   | 95.72  |
|        tree        | 77.79 | 80.69 |  87.5  |   95.58   | 80.69  |
|        car         | 92.95 | 98.13 | 96.35  |   94.63   | 98.13  |
+--------------------+-------+-------+--------+-----------+--------+
2026/07/23 21:19:09 - mmengine - INFO - Iter(val) [504/504]    aAcc: 91.3300  mIoU: 85.9700  mAcc: 92.4700  mFscore: 92.2900  mPrecision: 92.6600  mRecall: 92.4700  data_time: 0.0808  time: 0.2844
2026/07/23 21:19:09 - mmengine - INFO - The previous best checkpoint /mnt/qh2-nas3/00-model/00-fb/fusion_potsdam/work_dirs/fusion_vits_m2f_nocont_23999/best_mIoU_iter_6000.pth is removed
2026/07/23 21:19:33 - mmengine - INFO - The best checkpoint with 85.9700 mIoU at 8000 iter is saved to best_mIoU_iter_8000.pth.
2026/07/23 21:21:26 - mmengine - INFO - Iter(train) [ 8100/40000]  base_lr: 4.3753e-05 lr: 4.3753e-05  eta: 6:18:58  time: 0.6539  data_time: 0.0204  memory: 8434  grad_norm: 66.2045  loss: 19.7388  decode.loss_cls: 0.0631  decode.loss_mask: 0.9796  decode.loss_dice: 0.9481  decode.d0.loss_cls: 0.1512  decode.d0.loss_mask: 0.9978  decode.d0.loss_dice: 0.9886  decode.d1.loss_cls: 0.0635  decode.d1.loss_mask: 0.9765  decode.d1.loss_dice: 0.8994  decode.d2.loss_cls: 0.0527  decode.d2.loss_mask: 0.9818  decode.d2.loss_dice: 0.9045  decode.d3.loss_cls: 0.0513  decode.d3.loss_mask: 0.9712  decode.d3.loss_dice: 0.9225  decode.d4.loss_cls: 0.0523  decode.d4.loss_mask: 0.9790  decode.d4.loss_dice: 0.9322  decode.d5.loss_cls: 0.0529  decode.d5.loss_mask: 0.9752  decode.d5.loss_dice: 0.9145  decode.d6.loss_cls: 0.0550  decode.d6.loss_mask: 0.9788  decode.d6.loss_dice: 0.9057  decode.d7.loss_cls: 0.0552  decode.d7.loss_mask: 0.9816  decode.d7.loss_dice: 0.9285  decode.d8.loss_cls: 0.0594  decode.d8.loss_mask: 0.9770  decode.d8.loss_dice: 0.9394
2026/07/23 21:22:32 - mmengine - INFO - Iter(train) [ 8200/40000]  base_lr: 4.3630e-05 lr: 4.3630e-05  eta: 6:17:28  time: 0.6665  data_time: 0.0205  memory: 8434  grad_norm: 81.1815  loss: 24.9563  decode.loss_cls: 0.1158  decode.loss_mask: 1.2178  decode.loss_dice: 1.1412  decode.d0.loss_cls: 0.1338  decode.d0.loss_mask: 1.3289  decode.d0.loss_dice: 1.2599  decode.d1.loss_cls: 0.1187  decode.d1.loss_mask: 1.2414  decode.d1.loss_dice: 1.1471  decode.d2.loss_cls: 0.1202  decode.d2.loss_mask: 1.2206  decode.d2.loss_dice: 1.1187  decode.d3.loss_cls: 0.1307  decode.d3.loss_mask: 1.2218  decode.d3.loss_dice: 1.1216  decode.d4.loss_cls: 0.1262  decode.d4.loss_mask: 1.2121  decode.d4.loss_dice: 1.1343  decode.d5.loss_cls: 0.1191  decode.d5.loss_mask: 1.2023  decode.d5.loss_dice: 1.1273  decode.d6.loss_cls: 0.1276  decode.d6.loss_mask: 1.2082  decode.d6.loss_dice: 1.1305  decode.d7.loss_cls: 0.1104  decode.d7.loss_mask: 1.2225  decode.d7.loss_dice: 1.1324  decode.d8.loss_cls: 0.1183  decode.d8.loss_mask: 1.2125  decode.d8.loss_dice: 1.1343
2026/07/23 21:23:37 - mmengine - INFO - Iter(train) [ 8300/40000]  base_lr: 4.3506e-05 lr: 4.3506e-05  eta: 6:15:52  time: 0.6335  data_time: 0.0180  memory: 8434  grad_norm: 50.1218  loss: 16.2574  decode.loss_cls: 0.0741  decode.loss_mask: 0.7645  decode.loss_dice: 0.7847  decode.d0.loss_cls: 0.1477  decode.d0.loss_mask: 0.7952  decode.d0.loss_dice: 0.8604  decode.d1.loss_cls: 0.0749  decode.d1.loss_mask: 0.7590  decode.d1.loss_dice: 0.7945  decode.d2.loss_cls: 0.0623  decode.d2.loss_mask: 0.7570  decode.d2.loss_dice: 0.7785  decode.d3.loss_cls: 0.0673  decode.d3.loss_mask: 0.7579  decode.d3.loss_dice: 0.7549  decode.d4.loss_cls: 0.0679  decode.d4.loss_mask: 0.7556  decode.d4.loss_dice: 0.7793  decode.d5.loss_cls: 0.0655  decode.d5.loss_mask: 0.7587  decode.d5.loss_dice: 0.7723  decode.d6.loss_cls: 0.0694  decode.d6.loss_mask: 0.7595  decode.d6.loss_dice: 0.7854  decode.d7.loss_cls: 0.0714  decode.d7.loss_mask: 0.7666  decode.d7.loss_dice: 0.7700  decode.d8.loss_cls: 0.0701  decode.d8.loss_mask: 0.7567  decode.d8.loss_dice: 0.7760
2026/07/23 21:24:43 - mmengine - INFO - Iter(train) [ 8400/40000]  base_lr: 4.3383e-05 lr: 4.3383e-05  eta: 6:14:23  time: 0.6961  data_time: 0.0207  memory: 8434  grad_norm: 74.0678  loss: 23.5366  decode.loss_cls: 0.0591  decode.loss_mask: 1.2158  decode.loss_dice: 1.0439  decode.d0.loss_cls: 0.1092  decode.d0.loss_mask: 1.2852  decode.d0.loss_dice: 1.1697  decode.d1.loss_cls: 0.0546  decode.d1.loss_mask: 1.2181  decode.d1.loss_dice: 1.0733  decode.d2.loss_cls: 0.0397  decode.d2.loss_mask: 1.2164  decode.d2.loss_dice: 1.0730  decode.d3.loss_cls: 0.0501  decode.d3.loss_mask: 1.2064  decode.d3.loss_dice: 1.0546  decode.d4.loss_cls: 0.0498  decode.d4.loss_mask: 1.2280  decode.d4.loss_dice: 1.0630  decode.d5.loss_cls: 0.0492  decode.d5.loss_mask: 1.2221  decode.d5.loss_dice: 1.0577  decode.d6.loss_cls: 0.0490  decode.d6.loss_mask: 1.2214  decode.d6.loss_dice: 1.0620  decode.d7.loss_cls: 0.0615  decode.d7.loss_mask: 1.2146  decode.d7.loss_dice: 1.0609  decode.d8.loss_cls: 0.0642  decode.d8.loss_mask: 1.2139  decode.d8.loss_dice: 1.0504
2026/07/23 21:25:52 - mmengine - INFO - Iter(train) [ 8500/40000]  base_lr: 4.3259e-05 lr: 4.3259e-05  eta: 6:13:00  time: 0.6568  data_time: 0.0178  memory: 8434  grad_norm: 76.2317  loss: 19.1900  decode.loss_cls: 0.0699  decode.loss_mask: 0.9953  decode.loss_dice: 0.8120  decode.d0.loss_cls: 0.2188  decode.d0.loss_mask: 1.0216  decode.d0.loss_dice: 0.8944  decode.d1.loss_cls: 0.1149  decode.d1.loss_mask: 0.9713  decode.d1.loss_dice: 0.8118  decode.d2.loss_cls: 0.0978  decode.d2.loss_mask: 0.9843  decode.d2.loss_dice: 0.8007  decode.d3.loss_cls: 0.0839  decode.d3.loss_mask: 0.9945  decode.d3.loss_dice: 0.8122  decode.d4.loss_cls: 0.0941  decode.d4.loss_mask: 0.9839  decode.d4.loss_dice: 0.8120  decode.d5.loss_cls: 0.0903  decode.d5.loss_mask: 0.9842  decode.d5.loss_dice: 0.8064  decode.d6.loss_cls: 0.0860  decode.d6.loss_mask: 0.9852  decode.d6.loss_dice: 0.8092  decode.d7.loss_cls: 0.0743  decode.d7.loss_mask: 1.0217  decode.d7.loss_dice: 0.8305  decode.d8.loss_cls: 0.0672  decode.d8.loss_mask: 1.0241  decode.d8.loss_dice: 0.8373
2026/07/23 21:26:59 - mmengine - INFO - Iter(train) [ 8600/40000]  base_lr: 4.3136e-05 lr: 4.3136e-05  eta: 6:11:36  time: 0.7551  data_time: 0.0399  memory: 8434  grad_norm: 64.3308  loss: 21.6922  decode.loss_cls: 0.0735  decode.loss_mask: 1.0315  decode.loss_dice: 1.0517  decode.d0.loss_cls: 0.1249  decode.d0.loss_mask: 1.1154  decode.d0.loss_dice: 1.1019  decode.d1.loss_cls: 0.0786  decode.d1.loss_mask: 1.0384  decode.d1.loss_dice: 1.0542  decode.d2.loss_cls: 0.0721  decode.d2.loss_mask: 1.0379  decode.d2.loss_dice: 1.0396  decode.d3.loss_cls: 0.0693  decode.d3.loss_mask: 1.0404  decode.d3.loss_dice: 1.0339  decode.d4.loss_cls: 0.0715  decode.d4.loss_mask: 1.0367  decode.d4.loss_dice: 1.0452  decode.d5.loss_cls: 0.0598  decode.d5.loss_mask: 1.0441  decode.d5.loss_dice: 1.0397  decode.d6.loss_cls: 0.0625  decode.d6.loss_mask: 1.0420  decode.d6.loss_dice: 1.0431  decode.d7.loss_cls: 0.0681  decode.d7.loss_mask: 1.0418  decode.d7.loss_dice: 1.0325  decode.d8.loss_cls: 0.0644  decode.d8.loss_mask: 1.0324  decode.d8.loss_dice: 1.0451
2026/07/23 21:28:12 - mmengine - INFO - Iter(train) [ 8700/40000]  base_lr: 4.3012e-05 lr: 4.3012e-05  eta: 6:10:32  time: 0.6895  data_time: 0.0236  memory: 8434  grad_norm: 96.1470  loss: 28.2971  decode.loss_cls: 0.1516  decode.loss_mask: 1.3768  decode.loss_dice: 1.2696  decode.d0.loss_cls: 0.2701  decode.d0.loss_mask: 1.4490  decode.d0.loss_dice: 1.3375  decode.d1.loss_cls: 0.1532  decode.d1.loss_mask: 1.4071  decode.d1.loss_dice: 1.2836  decode.d2.loss_cls: 0.1515  decode.d2.loss_mask: 1.3801  decode.d2.loss_dice: 1.2681  decode.d3.loss_cls: 0.1535  decode.d3.loss_mask: 1.3956  decode.d3.loss_dice: 1.2733  decode.d4.loss_cls: 0.1448  decode.d4.loss_mask: 1.3981  decode.d4.loss_dice: 1.2921  decode.d5.loss_cls: 0.1680  decode.d5.loss_mask: 1.3737  decode.d5.loss_dice: 1.2471  decode.d6.loss_cls: 0.1486  decode.d6.loss_mask: 1.3630  decode.d6.loss_dice: 1.2599  decode.d7.loss_cls: 0.1368  decode.d7.loss_mask: 1.3715  decode.d7.loss_dice: 1.2639  decode.d8.loss_cls: 0.1505  decode.d8.loss_mask: 1.3972  decode.d8.loss_dice: 1.2615
2026/07/23 21:29:19 - mmengine - INFO - Iter(train) [ 8800/40000]  base_lr: 4.2888e-05 lr: 4.2888e-05  eta: 6:09:06  time: 0.6532  data_time: 0.0179  memory: 8424  grad_norm: 63.0171  loss: 18.8708  decode.loss_cls: 0.0295  decode.loss_mask: 0.9566  decode.loss_dice: 0.8881  decode.d0.loss_cls: 0.0969  decode.d0.loss_mask: 0.9975  decode.d0.loss_dice: 0.9662  decode.d1.loss_cls: 0.0395  decode.d1.loss_mask: 0.9529  decode.d1.loss_dice: 0.8734  decode.d2.loss_cls: 0.0325  decode.d2.loss_mask: 0.9579  decode.d2.loss_dice: 0.8922  decode.d3.loss_cls: 0.0268  decode.d3.loss_mask: 0.9545  decode.d3.loss_dice: 0.8945  decode.d4.loss_cls: 0.0241  decode.d4.loss_mask: 0.9590  decode.d4.loss_dice: 0.8814  decode.d5.loss_cls: 0.0215  decode.d5.loss_mask: 0.9581  decode.d5.loss_dice: 0.8736  decode.d6.loss_cls: 0.0229  decode.d6.loss_mask: 0.9664  decode.d6.loss_dice: 0.8705  decode.d7.loss_cls: 0.0293  decode.d7.loss_mask: 0.9586  decode.d7.loss_dice: 0.8788  decode.d8.loss_cls: 0.0323  decode.d8.loss_mask: 0.9551  decode.d8.loss_dice: 0.8801
2026/07/23 21:30:26 - mmengine - INFO - Iter(train) [ 8900/40000]  base_lr: 4.2764e-05 lr: 4.2764e-05  eta: 6:07:44  time: 0.6630  data_time: 0.0185  memory: 8434  grad_norm: 65.8509  loss: 22.0713  decode.loss_cls: 0.0191  decode.loss_mask: 1.1915  decode.loss_dice: 0.9884  decode.d0.loss_cls: 0.0962  decode.d0.loss_mask: 1.2423  decode.d0.loss_dice: 0.9921  decode.d1.loss_cls: 0.0302  decode.d1.loss_mask: 1.1744  decode.d1.loss_dice: 0.9915  decode.d2.loss_cls: 0.0224  decode.d2.loss_mask: 1.1773  decode.d2.loss_dice: 0.9835  decode.d3.loss_cls: 0.0208  decode.d3.loss_mask: 1.1838  decode.d3.loss_dice: 0.9844  decode.d4.loss_cls: 0.0189  decode.d4.loss_mask: 1.1864  decode.d4.loss_dice: 0.9804  decode.d5.loss_cls: 0.0209  decode.d5.loss_mask: 1.1926  decode.d5.loss_dice: 0.9875  decode.d6.loss_cls: 0.0192  decode.d6.loss_mask: 1.1934  decode.d6.loss_dice: 0.9816  decode.d7.loss_cls: 0.0193  decode.d7.loss_mask: 1.1893  decode.d7.loss_dice: 0.9872  decode.d8.loss_cls: 0.0192  decode.d8.loss_mask: 1.1934  decode.d8.loss_dice: 0.9840
2026/07/23 21:31:33 - mmengine - INFO - Exp name: fusion_vits_m2f_nocont_23999_20260723_192916
2026/07/23 21:31:33 - mmengine - INFO - Iter(train) [ 9000/40000]  base_lr: 4.2641e-05 lr: 4.2641e-05  eta: 6:06:18  time: 0.6979  data_time: 0.0227  memory: 8434  grad_norm: 73.2200  loss: 21.6562  decode.loss_cls: 0.0302  decode.loss_mask: 1.1680  decode.loss_dice: 0.9725  decode.d0.loss_cls: 0.1004  decode.d0.loss_mask: 1.2068  decode.d0.loss_dice: 0.9960  decode.d1.loss_cls: 0.0313  decode.d1.loss_mask: 1.1570  decode.d1.loss_dice: 0.9652  decode.d2.loss_cls: 0.0210  decode.d2.loss_mask: 1.1726  decode.d2.loss_dice: 0.9648  decode.d3.loss_cls: 0.0284  decode.d3.loss_mask: 1.1494  decode.d3.loss_dice: 0.9634  decode.d4.loss_cls: 0.0283  decode.d4.loss_mask: 1.1499  decode.d4.loss_dice: 0.9629  decode.d5.loss_cls: 0.0289  decode.d5.loss_mask: 1.1485  decode.d5.loss_dice: 0.9650  decode.d6.loss_cls: 0.0286  decode.d6.loss_mask: 1.1516  decode.d6.loss_dice: 0.9589  decode.d7.loss_cls: 0.0313  decode.d7.loss_mask: 1.1583  decode.d7.loss_dice: 0.9617  decode.d8.loss_cls: 0.0318  decode.d8.loss_mask: 1.1577  decode.d8.loss_dice: 0.9660
2026/07/23 21:32:41 - mmengine - INFO - Iter(train) [ 9100/40000]  base_lr: 4.2517e-05 lr: 4.2517e-05  eta: 6:04:57  time: 0.6728  data_time: 0.0171  memory: 8424  grad_norm: 62.4213  loss: 14.3222  decode.loss_cls: 0.0682  decode.loss_mask: 0.7000  decode.loss_dice: 0.6376  decode.d0.loss_cls: 0.1593  decode.d0.loss_mask: 0.7050  decode.d0.loss_dice: 0.7407  decode.d1.loss_cls: 0.0749  decode.d1.loss_mask: 0.6947  decode.d1.loss_dice: 0.6649  decode.d2.loss_cls: 0.0774  decode.d2.loss_mask: 0.7037  decode.d2.loss_dice: 0.6233  decode.d3.loss_cls: 0.0633  decode.d3.loss_mask: 0.7058  decode.d3.loss_dice: 0.6371  decode.d4.loss_cls: 0.0619  decode.d4.loss_mask: 0.7132  decode.d4.loss_dice: 0.6472  decode.d5.loss_cls: 0.0681  decode.d5.loss_mask: 0.7196  decode.d5.loss_dice: 0.6294  decode.d6.loss_cls: 0.0659  decode.d6.loss_mask: 0.7200  decode.d6.loss_dice: 0.6157  decode.d7.loss_cls: 0.0756  decode.d7.loss_mask: 0.7084  decode.d7.loss_dice: 0.6408  decode.d8.loss_cls: 0.0702  decode.d8.loss_mask: 0.7048  decode.d8.loss_dice: 0.6257
2026/07/23 21:33:48 - mmengine - INFO - Iter(train) [ 9200/40000]  base_lr: 4.2393e-05 lr: 4.2393e-05  eta: 6:03:33  time: 0.6607  data_time: 0.0190  memory: 8434  grad_norm: 97.4660  loss: 29.6138  decode.loss_cls: 0.1296  decode.loss_mask: 1.5095  decode.loss_dice: 1.2949  decode.d0.loss_cls: 0.2618  decode.d0.loss_mask: 1.6452  decode.d0.loss_dice: 1.4510  decode.d1.loss_cls: 0.1452  decode.d1.loss_mask: 1.5318  decode.d1.loss_dice: 1.3131  decode.d2.loss_cls: 0.1394  decode.d2.loss_mask: 1.4994  decode.d2.loss_dice: 1.2830  decode.d3.loss_cls: 0.1301  decode.d3.loss_mask: 1.4996  decode.d3.loss_dice: 1.2958  decode.d4.loss_cls: 0.1348  decode.d4.loss_mask: 1.4833  decode.d4.loss_dice: 1.2939  decode.d5.loss_cls: 0.1214  decode.d5.loss_mask: 1.4901  decode.d5.loss_dice: 1.2830  decode.d6.loss_cls: 0.1203  decode.d6.loss_mask: 1.5013  decode.d6.loss_dice: 1.2932  decode.d7.loss_cls: 0.1287  decode.d7.loss_mask: 1.4819  decode.d7.loss_dice: 1.2657  decode.d8.loss_cls: 0.1265  decode.d8.loss_mask: 1.4844  decode.d8.loss_dice: 1.2758
2026/07/23 21:34:52 - mmengine - INFO - Iter(train) [ 9300/40000]  base_lr: 4.2269e-05 lr: 4.2269e-05  eta: 6:02:01  time: 0.6179  data_time: 0.0157  memory: 8434  grad_norm: 67.5173  loss: 13.7349  decode.loss_cls: 0.1316  decode.loss_mask: 0.6251  decode.loss_dice: 0.5753  decode.d0.loss_cls: 0.3505  decode.d0.loss_mask: 0.6783  decode.d0.loss_dice: 0.7125  decode.d1.loss_cls: 0.1641  decode.d1.loss_mask: 0.6341  decode.d1.loss_dice: 0.5846  decode.d2.loss_cls: 0.1474  decode.d2.loss_mask: 0.6327  decode.d2.loss_dice: 0.5823  decode.d3.loss_cls: 0.1366  decode.d3.loss_mask: 0.6239  decode.d3.loss_dice: 0.5678  decode.d4.loss_cls: 0.1384  decode.d4.loss_mask: 0.6166  decode.d4.loss_dice: 0.5570  decode.d5.loss_cls: 0.1269  decode.d5.loss_mask: 0.6177  decode.d5.loss_dice: 0.5517  decode.d6.loss_cls: 0.1334  decode.d6.loss_mask: 0.6201  decode.d6.loss_dice: 0.5617  decode.d7.loss_cls: 0.1247  decode.d7.loss_mask: 0.6288  decode.d7.loss_dice: 0.5839  decode.d8.loss_cls: 0.1324  decode.d8.loss_mask: 0.6237  decode.d8.loss_dice: 0.5711
2026/07/23 21:35:59 - mmengine - INFO - Iter(train) [ 9400/40000]  base_lr: 4.2145e-05 lr: 4.2145e-05  eta: 6:00:37  time: 0.6551  data_time: 0.0213  memory: 8434  grad_norm: 78.9025  loss: 20.2364  decode.loss_cls: 0.0772  decode.loss_mask: 1.0192  decode.loss_dice: 0.8924  decode.d0.loss_cls: 0.1491  decode.d0.loss_mask: 1.0536  decode.d0.loss_dice: 1.0055  decode.d1.loss_cls: 0.0852  decode.d1.loss_mask: 1.0422  decode.d1.loss_dice: 0.8986  decode.d2.loss_cls: 0.0815  decode.d2.loss_mask: 1.0316  decode.d2.loss_dice: 0.8981  decode.d3.loss_cls: 0.0839  decode.d3.loss_mask: 1.0220  decode.d3.loss_dice: 0.8950  decode.d4.loss_cls: 0.0788  decode.d4.loss_mask: 1.0291  decode.d4.loss_dice: 0.8939  decode.d5.loss_cls: 0.0775  decode.d5.loss_mask: 1.0195  decode.d5.loss_dice: 0.9163  decode.d6.loss_cls: 0.0732  decode.d6.loss_mask: 1.0204  decode.d6.loss_dice: 0.9013  decode.d7.loss_cls: 0.0857  decode.d7.loss_mask: 1.0312  decode.d7.loss_dice: 0.8915  decode.d8.loss_cls: 0.0792  decode.d8.loss_mask: 1.0203  decode.d8.loss_dice: 0.8832
2026/07/23 21:37:05 - mmengine - INFO - Iter(train) [ 9500/40000]  base_lr: 4.2021e-05 lr: 4.2021e-05  eta: 5:59:11  time: 0.6865  data_time: 0.0219  memory: 8434  grad_norm: 72.4448  loss: 19.5351  decode.loss_cls: 0.0429  decode.loss_mask: 0.9882  decode.loss_dice: 0.8901  decode.d0.loss_cls: 0.1613  decode.d0.loss_mask: 1.0551  decode.d0.loss_dice: 0.9946  decode.d1.loss_cls: 0.0467  decode.d1.loss_mask: 1.0078  decode.d1.loss_dice: 0.8869  decode.d2.loss_cls: 0.0445  decode.d2.loss_mask: 0.9963  decode.d2.loss_dice: 0.8690  decode.d3.loss_cls: 0.0421  decode.d3.loss_mask: 0.9987  decode.d3.loss_dice: 0.8859  decode.d4.loss_cls: 0.0374  decode.d4.loss_mask: 0.9956  decode.d4.loss_dice: 0.8877  decode.d5.loss_cls: 0.0376  decode.d5.loss_mask: 0.9920  decode.d5.loss_dice: 0.8912  decode.d6.loss_cls: 0.0494  decode.d6.loss_mask: 0.9900  decode.d6.loss_dice: 0.8971  decode.d7.loss_cls: 0.0454  decode.d7.loss_mask: 0.9908  decode.d7.loss_dice: 0.8876  decode.d8.loss_cls: 0.0427  decode.d8.loss_mask: 0.9843  decode.d8.loss_dice: 0.8960
2026/07/23 21:38:15 - mmengine - INFO - Iter(train) [ 9600/40000]  base_lr: 4.1897e-05 lr: 4.1897e-05  eta: 5:57:59  time: 0.6463  data_time: 0.0171  memory: 8424  grad_norm: 82.2848  loss: 19.4139  decode.loss_cls: 0.0299  decode.loss_mask: 1.0807  decode.loss_dice: 0.8049  decode.d0.loss_cls: 0.1580  decode.d0.loss_mask: 1.1060  decode.d0.loss_dice: 0.8715  decode.d1.loss_cls: 0.0392  decode.d1.loss_mask: 1.0840  decode.d1.loss_dice: 0.8046  decode.d2.loss_cls: 0.0305  decode.d2.loss_mask: 1.0781  decode.d2.loss_dice: 0.7944  decode.d3.loss_cls: 0.0247  decode.d3.loss_mask: 1.0841  decode.d3.loss_dice: 0.8073  decode.d4.loss_cls: 0.0245  decode.d4.loss_mask: 1.0831  decode.d4.loss_dice: 0.8200  decode.d5.loss_cls: 0.0271  decode.d5.loss_mask: 1.0917  decode.d5.loss_dice: 0.8011  decode.d6.loss_cls: 0.0280  decode.d6.loss_mask: 1.0930  decode.d6.loss_dice: 0.7997  decode.d7.loss_cls: 0.0262  decode.d7.loss_mask: 1.0881  decode.d7.loss_dice: 0.8260  decode.d8.loss_cls: 0.0287  decode.d8.loss_mask: 1.0829  decode.d8.loss_dice: 0.7960
2026/07/23 21:39:22 - mmengine - INFO - Iter(train) [ 9700/40000]  base_lr: 4.1773e-05 lr: 4.1773e-05  eta: 5:56:36  time: 0.6891  data_time: 0.0237  memory: 8424  grad_norm: 55.1487  loss: 19.0871  decode.loss_cls: 0.0356  decode.loss_mask: 0.9517  decode.loss_dice: 0.9176  decode.d0.loss_cls: 0.0906  decode.d0.loss_mask: 0.9957  decode.d0.loss_dice: 0.9648  decode.d1.loss_cls: 0.0364  decode.d1.loss_mask: 0.9557  decode.d1.loss_dice: 0.9182  decode.d2.loss_cls: 0.0229  decode.d2.loss_mask: 0.9508  decode.d2.loss_dice: 0.9126  decode.d3.loss_cls: 0.0306  decode.d3.loss_mask: 0.9489  decode.d3.loss_dice: 0.9120  decode.d4.loss_cls: 0.0329  decode.d4.loss_mask: 0.9401  decode.d4.loss_dice: 0.8959  decode.d5.loss_cls: 0.0387  decode.d5.loss_mask: 0.9465  decode.d5.loss_dice: 0.9142  decode.d6.loss_cls: 0.0311  decode.d6.loss_mask: 0.9478  decode.d6.loss_dice: 0.9102  decode.d7.loss_cls: 0.0325  decode.d7.loss_mask: 0.9475  decode.d7.loss_dice: 0.9152  decode.d8.loss_cls: 0.0252  decode.d8.loss_mask: 0.9481  decode.d8.loss_dice: 0.9170
2026/07/23 21:40:28 - mmengine - INFO - Iter(train) [ 9800/40000]  base_lr: 4.1649e-05 lr: 4.1649e-05  eta: 5:55:12  time: 0.6264  data_time: 0.0169  memory: 8434  grad_norm: 49.7648  loss: 14.6933  decode.loss_cls: 0.0380  decode.loss_mask: 0.7685  decode.loss_dice: 0.6416  decode.d0.loss_cls: 0.1044  decode.d0.loss_mask: 0.8208  decode.d0.loss_dice: 0.7159  decode.d1.loss_cls: 0.0397  decode.d1.loss_mask: 0.7783  decode.d1.loss_dice: 0.6350  decode.d2.loss_cls: 0.0367  decode.d2.loss_mask: 0.7737  decode.d2.loss_dice: 0.6388  decode.d3.loss_cls: 0.0271  decode.d3.loss_mask: 0.7804  decode.d3.loss_dice: 0.6494  decode.d4.loss_cls: 0.0381  decode.d4.loss_mask: 0.7681  decode.d4.loss_dice: 0.6382  decode.d5.loss_cls: 0.0375  decode.d5.loss_mask: 0.7667  decode.d5.loss_dice: 0.6410  decode.d6.loss_cls: 0.0355  decode.d6.loss_mask: 0.7749  decode.d6.loss_dice: 0.6337  decode.d7.loss_cls: 0.0336  decode.d7.loss_mask: 0.7733  decode.d7.loss_dice: 0.6549  decode.d8.loss_cls: 0.0352  decode.d8.loss_mask: 0.7703  decode.d8.loss_dice: 0.6441
2026/07/23 21:41:34 - mmengine - INFO - Iter(train) [ 9900/40000]  base_lr: 4.1525e-05 lr: 4.1525e-05  eta: 5:53:45  time: 0.6990  data_time: 0.0211  memory: 8434  grad_norm: 61.2264  loss: 18.2539  decode.loss_cls: 0.0237  decode.loss_mask: 0.8802  decode.loss_dice: 0.8816  decode.d0.loss_cls: 0.0872  decode.d0.loss_mask: 0.9512  decode.d0.loss_dice: 0.9698  decode.d1.loss_cls: 0.0470  decode.d1.loss_mask: 0.8892  decode.d1.loss_dice: 0.9200  decode.d2.loss_cls: 0.0201  decode.d2.loss_mask: 0.8961  decode.d2.loss_dice: 0.9206  decode.d3.loss_cls: 0.0170  decode.d3.loss_mask: 0.8915  decode.d3.loss_dice: 0.9116  decode.d4.loss_cls: 0.0198  decode.d4.loss_mask: 0.8848  decode.d4.loss_dice: 0.9094  decode.d5.loss_cls: 0.0233  decode.d5.loss_mask: 0.8784  decode.d5.loss_dice: 0.8962  decode.d6.loss_cls: 0.0211  decode.d6.loss_mask: 0.8787  decode.d6.loss_dice: 0.8927  decode.d7.loss_cls: 0.0217  decode.d7.loss_mask: 0.8789  decode.d7.loss_dice: 0.8719  decode.d8.loss_cls: 0.0246  decode.d8.loss_mask: 0.8750  decode.d8.loss_dice: 0.8708
2026/07/23 21:42:40 - mmengine - INFO - Exp name: fusion_vits_m2f_nocont_23999_20260723_192916
2026/07/23 21:42:40 - mmengine - INFO - Iter(train) [10000/40000]  base_lr: 4.1401e-05 lr: 4.1401e-05  eta: 5:52:22  time: 0.6415  data_time: 0.0197  memory: 8424  grad_norm: 61.5551  loss: 16.1857  decode.loss_cls: 0.0358  decode.loss_mask: 0.8402  decode.loss_dice: 0.7196  decode.d0.loss_cls: 0.1097  decode.d0.loss_mask: 0.8808  decode.d0.loss_dice: 0.7917  decode.d1.loss_cls: 0.0418  decode.d1.loss_mask: 0.8503  decode.d1.loss_dice: 0.7391  decode.d2.loss_cls: 0.0305  decode.d2.loss_mask: 0.8459  decode.d2.loss_dice: 0.7273  decode.d3.loss_cls: 0.0303  decode.d3.loss_mask: 0.8413  decode.d3.loss_dice: 0.7274  decode.d4.loss_cls: 0.0277  decode.d4.loss_mask: 0.8520  decode.d4.loss_dice: 0.7231  decode.d5.loss_cls: 0.0364  decode.d5.loss_mask: 0.8364  decode.d5.loss_dice: 0.7177  decode.d6.loss_cls: 0.0359  decode.d6.loss_mask: 0.8436  decode.d6.loss_dice: 0.7175  decode.d7.loss_cls: 0.0373  decode.d7.loss_mask: 0.8395  decode.d7.loss_dice: 0.7192  decode.d8.loss_cls: 0.0355  decode.d8.loss_mask: 0.8378  decode.d8.loss_dice: 0.7146
2026/07/23 21:42:40 - mmengine - INFO - Saving checkpoint at 10000 iterations
2026/07/23 21:43:28 - mmengine - INFO - Iter(val) [100/504]    eta: 0:01:29  time: 0.2053  data_time: 0.0088  memory: 3245  
2026/07/23 21:43:52 - mmengine - INFO - Iter(val) [200/504]    eta: 0:01:11  time: 0.2392  data_time: 0.0390  memory: 3245  
2026/07/23 21:44:14 - mmengine - INFO - Iter(val) [300/504]    eta: 0:00:46  time: 0.2036  data_time: 0.0069  memory: 3245  
2026/07/23 21:44:40 - mmengine - INFO - Iter(val) [400/504]    eta: 0:00:24  time: 0.2803  data_time: 0.0812  memory: 3245  
2026/07/23 21:45:04 - mmengine - INFO - Iter(val) [500/504]    eta: 0:00:00  time: 0.2058  data_time: 0.0075  memory: 3245  
2026/07/23 21:45:09 - mmengine - INFO - per class results:
2026/07/23 21:45:09 - mmengine - INFO - 
+--------------------+-------+-------+--------+-----------+--------+
|       Class        |  IoU  |  Acc  | Fscore | Precision | Recall |
+--------------------+-------+-------+--------+-----------+--------+
| impervious_surface | 86.93 | 92.81 | 93.01  |    93.2   | 92.81  |
|      building      | 93.59 | 98.88 | 96.69  |    94.6   | 98.88  |
|   low_vegetation   | 79.45 | 90.31 | 88.55  |   86.85   | 90.31  |
|        tree        | 80.71 | 85.43 | 89.32  |   93.59   | 85.43  |
|        car         | 93.19 | 96.22 | 96.47  |   96.73   | 96.22  |
+--------------------+-------+-------+--------+-----------+--------+
2026/07/23 21:45:09 - mmengine - INFO - Iter(val) [504/504]    aAcc: 92.0000  mIoU: 86.7700  mAcc: 92.7300  mFscore: 92.8100  mPrecision: 92.9900  mRecall: 92.7300  data_time: 0.0390  time: 0.2377
2026/07/23 21:45:09 - mmengine - INFO - The previous best checkpoint /mnt/qh2-nas3/00-model/00-fb/fusion_potsdam/work_dirs/fusion_vits_m2f_nocont_23999/best_mIoU_iter_8000.pth is removed
2026/07/23 21:45:33 - mmengine - INFO - The best checkpoint with 86.7700 mIoU at 10000 iter is saved to best_mIoU_iter_10000.pth.
2026/07/23 21:47:06 - mmengine - INFO - Iter(train) [10100/40000]  base_lr: 4.1277e-05 lr: 4.1277e-05  eta: 5:53:41  time: 0.6434  data_time: 0.0193  memory: 8434  grad_norm: 72.1495  loss: 20.0866  decode.loss_cls: 0.0709  decode.loss_mask: 0.9652  decode.loss_dice: 0.9363  decode.d0.loss_cls: 0.1451  decode.d0.loss_mask: 1.0593  decode.d0.loss_dice: 1.0226  decode.d1.loss_cls: 0.0886  decode.d1.loss_mask: 0.9967  decode.d1.loss_dice: 0.9701  decode.d2.loss_cls: 0.0758  decode.d2.loss_mask: 0.9692  decode.d2.loss_dice: 0.9725  decode.d3.loss_cls: 0.0638  decode.d3.loss_mask: 0.9621  decode.d3.loss_dice: 0.9473  decode.d4.loss_cls: 0.0691  decode.d4.loss_mask: 0.9696  decode.d4.loss_dice: 0.9447  decode.d5.loss_cls: 0.0697  decode.d5.loss_mask: 0.9638  decode.d5.loss_dice: 0.9291  decode.d6.loss_cls: 0.0605  decode.d6.loss_mask: 0.9694  decode.d6.loss_dice: 0.9445  decode.d7.loss_cls: 0.0721  decode.d7.loss_mask: 0.9577  decode.d7.loss_dice: 0.9228  decode.d8.loss_cls: 0.0734  decode.d8.loss_mask: 0.9633  decode.d8.loss_dice: 0.9315
2026/07/23 21:48:13 - mmengine - INFO - Iter(train) [10200/40000]  base_lr: 4.1152e-05 lr: 4.1152e-05  eta: 5:52:18  time: 0.6436  data_time: 0.0190  memory: 8434  grad_norm: 78.4758  loss: 20.4543  decode.loss_cls: 0.0480  decode.loss_mask: 0.9834  decode.loss_dice: 1.0151  decode.d0.loss_cls: 0.1161  decode.d0.loss_mask: 1.0309  decode.d0.loss_dice: 1.0450  decode.d1.loss_cls: 0.0778  decode.d1.loss_mask: 0.9756  decode.d1.loss_dice: 1.0010  decode.d2.loss_cls: 0.0746  decode.d2.loss_mask: 0.9720  decode.d2.loss_dice: 0.9873  decode.d3.loss_cls: 0.0739  decode.d3.loss_mask: 0.9768  decode.d3.loss_dice: 0.9822  decode.d4.loss_cls: 0.0471  decode.d4.loss_mask: 0.9742  decode.d4.loss_dice: 1.0036  decode.d5.loss_cls: 0.0600  decode.d5.loss_mask: 0.9727  decode.d5.loss_dice: 0.9911  decode.d6.loss_cls: 0.0659  decode.d6.loss_mask: 0.9682  decode.d6.loss_dice: 0.9801  decode.d7.loss_cls: 0.0621  decode.d7.loss_mask: 0.9739  decode.d7.loss_dice: 0.9854  decode.d8.loss_cls: 0.0587  decode.d8.loss_mask: 0.9721  decode.d8.loss_dice: 0.9795
2026/07/23 21:49:18 - mmengine - INFO - Iter(train) [10300/40000]  base_lr: 4.1028e-05 lr: 4.1028e-05  eta: 5:50:50  time: 0.6424  data_time: 0.0186  memory: 8434  grad_norm: 67.5954  loss: 21.8964  decode.loss_cls: 0.0400  decode.loss_mask: 1.1540  decode.loss_dice: 0.9866  decode.d0.loss_cls: 0.0802  decode.d0.loss_mask: 1.2037  decode.d0.loss_dice: 1.0000  decode.d1.loss_cls: 0.0617  decode.d1.loss_mask: 1.1534  decode.d1.loss_dice: 0.9985  decode.d2.loss_cls: 0.0327  decode.d2.loss_mask: 1.1461  decode.d2.loss_dice: 0.9903  decode.d3.loss_cls: 0.0322  decode.d3.loss_mask: 1.1337  decode.d3.loss_dice: 0.9965  decode.d4.loss_cls: 0.0335  decode.d4.loss_mask: 1.1499  decode.d4.loss_dice: 0.9911  decode.d5.loss_cls: 0.0377  decode.d5.loss_mask: 1.1410  decode.d5.loss_dice: 1.0016  decode.d6.loss_cls: 0.0363  decode.d6.loss_mask: 1.1401  decode.d6.loss_dice: 0.9892  decode.d7.loss_cls: 0.0399  decode.d7.loss_mask: 1.1486  decode.d7.loss_dice: 0.9922  decode.d8.loss_cls: 0.0405  decode.d8.loss_mask: 1.1520  decode.d8.loss_dice: 0.9931
2026/07/23 21:50:31 - mmengine - INFO - Iter(train) [10400/40000]  base_lr: 4.0904e-05 lr: 4.0904e-05  eta: 5:49:45  time: 0.6314  data_time: 0.0176  memory: 8434  grad_norm: 94.7832  loss: 20.6854  decode.loss_cls: 0.0924  decode.loss_mask: 1.0466  decode.loss_dice: 0.8894  decode.d0.loss_cls: 0.2023  decode.d0.loss_mask: 1.0960  decode.d0.loss_dice: 1.0300  decode.d1.loss_cls: 0.0999  decode.d1.loss_mask: 1.0598  decode.d1.loss_dice: 0.9112  decode.d2.loss_cls: 0.0914  decode.d2.loss_mask: 1.0318  decode.d2.loss_dice: 0.8996  decode.d3.loss_cls: 0.0997  decode.d3.loss_mask: 1.0457  decode.d3.loss_dice: 0.9137  decode.d4.loss_cls: 0.0992  decode.d4.loss_mask: 1.0293  decode.d4.loss_dice: 0.8694  decode.d5.loss_cls: 0.0906  decode.d5.loss_mask: 1.0395  decode.d5.loss_dice: 0.9021  decode.d6.loss_cls: 0.0921  decode.d6.loss_mask: 1.0468  decode.d6.loss_dice: 0.8810  decode.d7.loss_cls: 0.0870  decode.d7.loss_mask: 1.0665  decode.d7.loss_dice: 0.9046  decode.d8.loss_cls: 0.0984  decode.d8.loss_mask: 1.0503  decode.d8.loss_dice: 0.9187
2026/07/23 21:51:37 - mmengine - INFO - Iter(train) [10500/40000]  base_lr: 4.0779e-05 lr: 4.0779e-05  eta: 5:48:22  time: 0.6554  data_time: 0.0199  memory: 8424  grad_norm: 77.3732  loss: 20.9668  decode.loss_cls: 0.0297  decode.loss_mask: 1.1594  decode.loss_dice: 0.8820  decode.d0.loss_cls: 0.0920  decode.d0.loss_mask: 1.2434  decode.d0.loss_dice: 0.9148  decode.d1.loss_cls: 0.0259  decode.d1.loss_mask: 1.1864  decode.d1.loss_dice: 0.9083  decode.d2.loss_cls: 0.0295  decode.d2.loss_mask: 1.1634  decode.d2.loss_dice: 0.8854  decode.d3.loss_cls: 0.0138  decode.d3.loss_mask: 1.1685  decode.d3.loss_dice: 0.8957  decode.d4.loss_cls: 0.0291  decode.d4.loss_mask: 1.1616  decode.d4.loss_dice: 0.8833  decode.d5.loss_cls: 0.0296  decode.d5.loss_mask: 1.1688  decode.d5.loss_dice: 0.8806  decode.d6.loss_cls: 0.0293  decode.d6.loss_mask: 1.1649  decode.d6.loss_dice: 0.8779  decode.d7.loss_cls: 0.0290  decode.d7.loss_mask: 1.1739  decode.d7.loss_dice: 0.8765  decode.d8.loss_cls: 0.0309  decode.d8.loss_mask: 1.1548  decode.d8.loss_dice: 0.8783
2026/07/23 21:52:43 - mmengine - INFO - Iter(train) [10600/40000]  base_lr: 4.0655e-05 lr: 4.0655e-05  eta: 5:46:56  time: 0.6436  data_time: 0.0197  memory: 8434  grad_norm: 79.9659  loss: 21.9620  decode.loss_cls: 0.0385  decode.loss_mask: 1.1498  decode.loss_dice: 0.9863  decode.d0.loss_cls: 0.1330  decode.d0.loss_mask: 1.2145  decode.d0.loss_dice: 1.0237  decode.d1.loss_cls: 0.0571  decode.d1.loss_mask: 1.1459  decode.d1.loss_dice: 0.9940  decode.d2.loss_cls: 0.0643  decode.d2.loss_mask: 1.1369  decode.d2.loss_dice: 0.9977  decode.d3.loss_cls: 0.0552  decode.d3.loss_mask: 1.1287  decode.d3.loss_dice: 0.9837  decode.d4.loss_cls: 0.0527  decode.d4.loss_mask: 1.1435  decode.d4.loss_dice: 0.9857  decode.d5.loss_cls: 0.0479  decode.d5.loss_mask: 1.1385  decode.d5.loss_dice: 0.9779  decode.d6.loss_cls: 0.0416  decode.d6.loss_mask: 1.1412  decode.d6.loss_dice: 0.9841  decode.d7.loss_cls: 0.0410  decode.d7.loss_mask: 1.1477  decode.d7.loss_dice: 0.9725  decode.d8.loss_cls: 0.0393  decode.d8.loss_mask: 1.1468  decode.d8.loss_dice: 0.9924
2026/07/23 21:53:50 - mmengine - INFO - Iter(train) [10700/40000]  base_lr: 4.0530e-05 lr: 4.0530e-05  eta: 5:45:35  time: 0.6809  data_time: 0.0229  memory: 8434  grad_norm: 92.9893  loss: 22.7532  decode.loss_cls: 0.0415  decode.loss_mask: 1.1858  decode.loss_dice: 1.0148  decode.d0.loss_cls: 0.1257  decode.d0.loss_mask: 1.2236  decode.d0.loss_dice: 1.1282  decode.d1.loss_cls: 0.0793  decode.d1.loss_mask: 1.1875  decode.d1.loss_dice: 1.0270  decode.d2.loss_cls: 0.0495  decode.d2.loss_mask: 1.1820  decode.d2.loss_dice: 1.0310  decode.d3.loss_cls: 0.0424  decode.d3.loss_mask: 1.1935  decode.d3.loss_dice: 1.0069  decode.d4.loss_cls: 0.0483  decode.d4.loss_mask: 1.1809  decode.d4.loss_dice: 1.0130  decode.d5.loss_cls: 0.0413  decode.d5.loss_mask: 1.1947  decode.d5.loss_dice: 1.0018  decode.d6.loss_cls: 0.0470  decode.d6.loss_mask: 1.1972  decode.d6.loss_dice: 0.9885  decode.d7.loss_cls: 0.0440  decode.d7.loss_mask: 1.1875  decode.d7.loss_dice: 1.0297  decode.d8.loss_cls: 0.0484  decode.d8.loss_mask: 1.1885  decode.d8.loss_dice: 1.0236
2026/07/23 21:54:56 - mmengine - INFO - Iter(train) [10800/40000]  base_lr: 4.0406e-05 lr: 4.0406e-05  eta: 5:44:11  time: 0.6461  data_time: 0.0195  memory: 8434  grad_norm: 63.6779  loss: 16.1076  decode.loss_cls: 0.0218  decode.loss_mask: 0.8467  decode.loss_dice: 0.7287  decode.d0.loss_cls: 0.1388  decode.d0.loss_mask: 0.9017  decode.d0.loss_dice: 0.7720  decode.d1.loss_cls: 0.0316  decode.d1.loss_mask: 0.8456  decode.d1.loss_dice: 0.7271  decode.d2.loss_cls: 0.0229  decode.d2.loss_mask: 0.8451  decode.d2.loss_dice: 0.7066  decode.d3.loss_cls: 0.0239  decode.d3.loss_mask: 0.8396  decode.d3.loss_dice: 0.7186  decode.d4.loss_cls: 0.0222  decode.d4.loss_mask: 0.8357  decode.d4.loss_dice: 0.7158  decode.d5.loss_cls: 0.0224  decode.d5.loss_mask: 0.8461  decode.d5.loss_dice: 0.7198  decode.d6.loss_cls: 0.0217  decode.d6.loss_mask: 0.8406  decode.d6.loss_dice: 0.7249  decode.d7.loss_cls: 0.0212  decode.d7.loss_mask: 0.8503  decode.d7.loss_dice: 0.7314  decode.d8.loss_cls: 0.0294  decode.d8.loss_mask: 0.8345  decode.d8.loss_dice: 0.7209
2026/07/23 21:56:02 - mmengine - INFO - Iter(train) [10900/40000]  base_lr: 4.0281e-05 lr: 4.0281e-05  eta: 5:42:47  time: 0.6834  data_time: 0.0206  memory: 8434  grad_norm: 56.7037  loss: 14.5369  decode.loss_cls: 0.0423  decode.loss_mask: 0.7001  decode.loss_dice: 0.6937  decode.d0.loss_cls: 0.1180  decode.d0.loss_mask: 0.7336  decode.d0.loss_dice: 0.7660  decode.d1.loss_cls: 0.0611  decode.d1.loss_mask: 0.6961  decode.d1.loss_dice: 0.6596  decode.d2.loss_cls: 0.0468  decode.d2.loss_mask: 0.7022  decode.d2.loss_dice: 0.6838  decode.d3.loss_cls: 0.0480  decode.d3.loss_mask: 0.7094  decode.d3.loss_dice: 0.7017  decode.d4.loss_cls: 0.0444  decode.d4.loss_mask: 0.7054  decode.d4.loss_dice: 0.7000  decode.d5.loss_cls: 0.0434  decode.d5.loss_mask: 0.7000  decode.d5.loss_dice: 0.6953  decode.d6.loss_cls: 0.0339  decode.d6.loss_mask: 0.6936  decode.d6.loss_dice: 0.6837  decode.d7.loss_cls: 0.0378  decode.d7.loss_mask: 0.7034  decode.d7.loss_dice: 0.7092  decode.d8.loss_cls: 0.0421  decode.d8.loss_mask: 0.7041  decode.d8.loss_dice: 0.6783
2026/07/23 21:57:09 - mmengine - INFO - Exp name: fusion_vits_m2f_nocont_23999_20260723_192916
2026/07/23 21:57:09 - mmengine - INFO - Iter(train) [11000/40000]  base_lr: 4.0157e-05 lr: 4.0157e-05  eta: 5:41:27  time: 0.6735  data_time: 0.0199  memory: 8434  grad_norm: 63.6261  loss: 18.8508  decode.loss_cls: 0.0408  decode.loss_mask: 0.9896  decode.loss_dice: 0.8376  decode.d0.loss_cls: 0.1239  decode.d0.loss_mask: 1.0480  decode.d0.loss_dice: 0.9007  decode.d1.loss_cls: 0.0592  decode.d1.loss_mask: 0.9968  decode.d1.loss_dice: 0.8618  decode.d2.loss_cls: 0.0487  decode.d2.loss_mask: 0.9866  decode.d2.loss_dice: 0.8376  decode.d3.loss_cls: 0.0425  decode.d3.loss_mask: 0.9808  decode.d3.loss_dice: 0.8232  decode.d4.loss_cls: 0.0438  decode.d4.loss_mask: 0.9870  decode.d4.loss_dice: 0.8347  decode.d5.loss_cls: 0.0449  decode.d5.loss_mask: 0.9795  decode.d5.loss_dice: 0.8279  decode.d6.loss_cls: 0.0416  decode.d6.loss_mask: 0.9767  decode.d6.loss_dice: 0.8304  decode.d7.loss_cls: 0.0443  decode.d7.loss_mask: 0.9800  decode.d7.loss_dice: 0.8256  decode.d8.loss_cls: 0.0429  decode.d8.loss_mask: 0.9790  decode.d8.loss_dice: 0.8350
2026/07/23 21:58:15 - mmengine - INFO - Iter(train) [11100/40000]  base_lr: 4.0032e-05 lr: 4.0032e-05  eta: 5:40:04  time: 0.6527  data_time: 0.0193  memory: 8434  grad_norm: 79.8150  loss: 17.3612  decode.loss_cls: 0.0454  decode.loss_mask: 0.9019  decode.loss_dice: 0.7605  decode.d0.loss_cls: 0.1517  decode.d0.loss_mask: 0.9513  decode.d0.loss_dice: 0.8151  decode.d1.loss_cls: 0.0632  decode.d1.loss_mask: 0.9302  decode.d1.loss_dice: 0.7653  decode.d2.loss_cls: 0.0513  decode.d2.loss_mask: 0.9196  decode.d2.loss_dice: 0.7577  decode.d3.loss_cls: 0.0484  decode.d3.loss_mask: 0.9087  decode.d3.loss_dice: 0.7596  decode.d4.loss_cls: 0.0528  decode.d4.loss_mask: 0.9091  decode.d4.loss_dice: 0.7578  decode.d5.loss_cls: 0.0462  decode.d5.loss_mask: 0.9001  decode.d5.loss_dice: 0.7482  decode.d6.loss_cls: 0.0450  decode.d6.loss_mask: 0.9055  decode.d6.loss_dice: 0.7576  decode.d7.loss_cls: 0.0484  decode.d7.loss_mask: 0.9003  decode.d7.loss_dice: 0.7542  decode.d8.loss_cls: 0.0463  decode.d8.loss_mask: 0.9020  decode.d8.loss_dice: 0.7578
2026/07/23 21:59:19 - mmengine - INFO - Iter(train) [11200/40000]  base_lr: 3.9907e-05 lr: 3.9907e-05  eta: 5:38:38  time: 0.6450  data_time: 0.0164  memory: 8434  grad_norm: 80.3182  loss: 18.4743  decode.loss_cls: 0.0139  decode.loss_mask: 0.9638  decode.loss_dice: 0.8646  decode.d0.loss_cls: 0.0808  decode.d0.loss_mask: 1.0109  decode.d0.loss_dice: 0.8788  decode.d1.loss_cls: 0.0231  decode.d1.loss_mask: 0.9536  decode.d1.loss_dice: 0.8630  decode.d2.loss_cls: 0.0131  decode.d2.loss_mask: 0.9631  decode.d2.loss_dice: 0.8630  decode.d3.loss_cls: 0.0137  decode.d3.loss_mask: 0.9542  decode.d3.loss_dice: 0.8558  decode.d4.loss_cls: 0.0133  decode.d4.loss_mask: 0.9503  decode.d4.loss_dice: 0.8537  decode.d5.loss_cls: 0.0131  decode.d5.loss_mask: 0.9568  decode.d5.loss_dice: 0.8575  decode.d6.loss_cls: 0.0131  decode.d6.loss_mask: 0.9574  decode.d6.loss_dice: 0.8651  decode.d7.loss_cls: 0.0136  decode.d7.loss_mask: 0.9617  decode.d7.loss_dice: 0.8593  decode.d8.loss_cls: 0.0145  decode.d8.loss_mask: 0.9624  decode.d8.loss_dice: 0.8669
2026/07/23 22:00:30 - mmengine - INFO - Iter(train) [11300/40000]  base_lr: 3.9783e-05 lr: 3.9783e-05  eta: 5:37:27  time: 0.6658  data_time: 0.0194  memory: 8434  grad_norm: 119.0774  loss: 21.0506  decode.loss_cls: 0.0986  decode.loss_mask: 1.0555  decode.loss_dice: 0.9189  decode.d0.loss_cls: 0.1961  decode.d0.loss_mask: 1.1290  decode.d0.loss_dice: 1.0029  decode.d1.loss_cls: 0.1128  decode.d1.loss_mask: 1.0635  decode.d1.loss_dice: 0.9834  decode.d2.loss_cls: 0.0933  decode.d2.loss_mask: 1.0345  decode.d2.loss_dice: 0.9560  decode.d3.loss_cls: 0.0984  decode.d3.loss_mask: 1.0365  decode.d3.loss_dice: 0.9371  decode.d4.loss_cls: 0.1148  decode.d4.loss_mask: 1.0556  decode.d4.loss_dice: 0.9126  decode.d5.loss_cls: 0.1057  decode.d5.loss_mask: 1.0629  decode.d5.loss_dice: 0.9181  decode.d6.loss_cls: 0.0965  decode.d6.loss_mask: 1.0560  decode.d6.loss_dice: 0.9133  decode.d7.loss_cls: 0.1046  decode.d7.loss_mask: 1.0473  decode.d7.loss_dice: 0.8879  decode.d8.loss_cls: 0.0962  decode.d8.loss_mask: 1.0462  decode.d8.loss_dice: 0.9163
2026/07/23 22:01:36 - mmengine - INFO - Iter(train) [11400/40000]  base_lr: 3.9658e-05 lr: 3.9658e-05  eta: 5:36:06  time: 0.6725  data_time: 0.0171  memory: 8424  grad_norm: 69.4096  loss: 16.4765  decode.loss_cls: 0.0196  decode.loss_mask: 0.8614  decode.loss_dice: 0.7498  decode.d0.loss_cls: 0.1116  decode.d0.loss_mask: 0.8897  decode.d0.loss_dice: 0.8042  decode.d1.loss_cls: 0.0269  decode.d1.loss_mask: 0.8710  decode.d1.loss_dice: 0.7482  decode.d2.loss_cls: 0.0230  decode.d2.loss_mask: 0.8690  decode.d2.loss_dice: 0.7353  decode.d3.loss_cls: 0.0228  decode.d3.loss_mask: 0.8622  decode.d3.loss_dice: 0.7396  decode.d4.loss_cls: 0.0227  decode.d4.loss_mask: 0.8637  decode.d4.loss_dice: 0.7389  decode.d5.loss_cls: 0.0228  decode.d5.loss_mask: 0.8645  decode.d5.loss_dice: 0.7488  decode.d6.loss_cls: 0.0186  decode.d6.loss_mask: 0.8598  decode.d6.loss_dice: 0.7558  decode.d7.loss_cls: 0.0191  decode.d7.loss_mask: 0.8586  decode.d7.loss_dice: 0.7390  decode.d8.loss_cls: 0.0180  decode.d8.loss_mask: 0.8628  decode.d8.loss_dice: 0.7493
2026/07/23 22:02:41 - mmengine - INFO - Iter(train) [11500/40000]  base_lr: 3.9533e-05 lr: 3.9533e-05  eta: 5:34:40  time: 0.6289  data_time: 0.0164  memory: 8434  grad_norm: 47.7873  loss: 16.7537  decode.loss_cls: 0.0222  decode.loss_mask: 0.8865  decode.loss_dice: 0.7626  decode.d0.loss_cls: 0.0790  decode.d0.loss_mask: 0.9183  decode.d0.loss_dice: 0.7899  decode.d1.loss_cls: 0.0253  decode.d1.loss_mask: 0.8743  decode.d1.loss_dice: 0.7696  decode.d2.loss_cls: 0.0258  decode.d2.loss_mask: 0.8789  decode.d2.loss_dice: 0.7613  decode.d3.loss_cls: 0.0218  decode.d3.loss_mask: 0.8796  decode.d3.loss_dice: 0.7556  decode.d4.loss_cls: 0.0191  decode.d4.loss_mask: 0.8771  decode.d4.loss_dice: 0.7577  decode.d5.loss_cls: 0.0206  decode.d5.loss_mask: 0.8839  decode.d5.loss_dice: 0.7574  decode.d6.loss_cls: 0.0214  decode.d6.loss_mask: 0.8890  decode.d6.loss_dice: 0.7526  decode.d7.loss_cls: 0.0211  decode.d7.loss_mask: 0.8834  decode.d7.loss_dice: 0.7579  decode.d8.loss_cls: 0.0227  decode.d8.loss_mask: 0.8862  decode.d8.loss_dice: 0.7528
2026/07/23 22:03:45 - mmengine - INFO - Iter(train) [11600/40000]  base_lr: 3.9408e-05 lr: 3.9408e-05  eta: 5:33:15  time: 0.6693  data_time: 0.0194  memory: 8434  grad_norm: 67.6438  loss: 19.2625  decode.loss_cls: 0.0189  decode.loss_mask: 1.0383  decode.loss_dice: 0.8633  decode.d0.loss_cls: 0.0815  decode.d0.loss_mask: 1.0600  decode.d0.loss_dice: 0.8866  decode.d1.loss_cls: 0.0257  decode.d1.loss_mask: 1.0418  decode.d1.loss_dice: 0.8622  decode.d2.loss_cls: 0.0165  decode.d2.loss_mask: 1.0337  decode.d2.loss_dice: 0.8582  decode.d3.loss_cls: 0.0167  decode.d3.loss_mask: 1.0361  decode.d3.loss_dice: 0.8615  decode.d4.loss_cls: 0.0187  decode.d4.loss_mask: 1.0344  decode.d4.loss_dice: 0.8575  decode.d5.loss_cls: 0.0183  decode.d5.loss_mask: 1.0340  decode.d5.loss_dice: 0.8548  decode.d6.loss_cls: 0.0176  decode.d6.loss_mask: 1.0373  decode.d6.loss_dice: 0.8596  decode.d7.loss_cls: 0.0185  decode.d7.loss_mask: 1.0337  decode.d7.loss_dice: 0.8655  decode.d8.loss_cls: 0.0182  decode.d8.loss_mask: 1.0339  decode.d8.loss_dice: 0.8597
2026/07/23 22:04:51 - mmengine - INFO - Iter(train) [11700/40000]  base_lr: 3.9283e-05 lr: 3.9283e-05  eta: 5:31:54  time: 0.6372  data_time: 0.0177  memory: 8424  grad_norm: 75.6296  loss: 18.8573  decode.loss_cls: 0.0761  decode.loss_mask: 0.9640  decode.loss_dice: 0.8266  decode.d0.loss_cls: 0.1418  decode.d0.loss_mask: 1.0006  decode.d0.loss_dice: 0.9455  decode.d1.loss_cls: 0.0840  decode.d1.loss_mask: 0.9463  decode.d1.loss_dice: 0.8522  decode.d2.loss_cls: 0.0879  decode.d2.loss_mask: 0.9427  decode.d2.loss_dice: 0.8267  decode.d3.loss_cls: 0.0777  decode.d3.loss_mask: 0.9524  decode.d3.loss_dice: 0.8284  decode.d4.loss_cls: 0.0739  decode.d4.loss_mask: 0.9596  decode.d4.loss_dice: 0.8217  decode.d5.loss_cls: 0.0797  decode.d5.loss_mask: 0.9685  decode.d5.loss_dice: 0.8148  decode.d6.loss_cls: 0.0775  decode.d6.loss_mask: 0.9624  decode.d6.loss_dice: 0.8139  decode.d7.loss_cls: 0.0785  decode.d7.loss_mask: 0.9593  decode.d7.loss_dice: 0.8215  decode.d8.loss_cls: 0.0807  decode.d8.loss_mask: 0.9602  decode.d8.loss_dice: 0.8324
2026/07/23 22:05:58 - mmengine - INFO - Iter(train) [11800/40000]  base_lr: 3.9158e-05 lr: 3.9158e-05  eta: 5:30:37  time: 0.6866  data_time: 0.0223  memory: 8434  grad_norm: 82.4521  loss: 18.9243  decode.loss_cls: 0.0583  decode.loss_mask: 0.9367  decode.loss_dice: 0.8626  decode.d0.loss_cls: 0.1892  decode.d0.loss_mask: 0.9952  decode.d0.loss_dice: 0.9343  decode.d1.loss_cls: 0.0719  decode.d1.loss_mask: 0.9835  decode.d1.loss_dice: 0.8756  decode.d2.loss_cls: 0.0710  decode.d2.loss_mask: 0.9455  decode.d2.loss_dice: 0.8521  decode.d3.loss_cls: 0.0640  decode.d3.loss_mask: 0.9386  decode.d3.loss_dice: 0.8586  decode.d4.loss_cls: 0.0714  decode.d4.loss_mask: 0.9408  decode.d4.loss_dice: 0.8527  decode.d5.loss_cls: 0.0624  decode.d5.loss_mask: 0.9361  decode.d5.loss_dice: 0.8599  decode.d6.loss_cls: 0.0584  decode.d6.loss_mask: 0.9318  decode.d6.loss_dice: 0.8681  decode.d7.loss_cls: 0.0646  decode.d7.loss_mask: 0.9389  decode.d7.loss_dice: 0.8541  decode.d8.loss_cls: 0.0585  decode.d8.loss_mask: 0.9310  decode.d8.loss_dice: 0.8588
2026/07/23 22:07:04 - mmengine - INFO - Iter(train) [11900/40000]  base_lr: 3.9033e-05 lr: 3.9033e-05  eta: 5:29:16  time: 0.6917  data_time: 0.0759  memory: 8434  grad_norm: 82.6240  loss: 17.2783  decode.loss_cls: 0.0765  decode.loss_mask: 0.8668  decode.loss_dice: 0.7396  decode.d0.loss_cls: 0.2032  decode.d0.loss_mask: 0.9510  decode.d0.loss_dice: 0.8733  decode.d1.loss_cls: 0.0914  decode.d1.loss_mask: 0.8531  decode.d1.loss_dice: 0.7686  decode.d2.loss_cls: 0.0859  decode.d2.loss_mask: 0.8631  decode.d2.loss_dice: 0.7609  decode.d3.loss_cls: 0.0763  decode.d3.loss_mask: 0.8594  decode.d3.loss_dice: 0.7741  decode.d4.loss_cls: 0.0768  decode.d4.loss_mask: 0.8551  decode.d4.loss_dice: 0.7513  decode.d5.loss_cls: 0.0768  decode.d5.loss_mask: 0.8587  decode.d5.loss_dice: 0.7401  decode.d6.loss_cls: 0.0882  decode.d6.loss_mask: 0.8596  decode.d6.loss_dice: 0.7381  decode.d7.loss_cls: 0.0735  decode.d7.loss_mask: 0.8607  decode.d7.loss_dice: 0.7506  decode.d8.loss_cls: 0.0747  decode.d8.loss_mask: 0.8690  decode.d8.loss_dice: 0.7617
2026/07/23 22:08:25 - mmengine - INFO - Exp name: fusion_vits_m2f_nocont_23999_20260723_192916
2026/07/23 22:08:25 - mmengine - INFO - Iter(train) [12000/40000]  base_lr: 3.8908e-05 lr: 3.8908e-05  eta: 5:28:30  time: 0.6443  data_time: 0.0185  memory: 8434  grad_norm: 74.7258  loss: 20.2138  decode.loss_cls: 0.0449  decode.loss_mask: 0.9982  decode.loss_dice: 0.9666  decode.d0.loss_cls: 0.1058  decode.d0.loss_mask: 1.0847  decode.d0.loss_dice: 1.0544  decode.d1.loss_cls: 0.0538  decode.d1.loss_mask: 1.0099  decode.d1.loss_dice: 0.9575  decode.d2.loss_cls: 0.0336  decode.d2.loss_mask: 1.0051  decode.d2.loss_dice: 0.9646  decode.d3.loss_cls: 0.0299  decode.d3.loss_mask: 0.9939  decode.d3.loss_dice: 0.9603  decode.d4.loss_cls: 0.0306  decode.d4.loss_mask: 0.9965  decode.d4.loss_dice: 0.9507  decode.d5.loss_cls: 0.0301  decode.d5.loss_mask: 0.9931  decode.d5.loss_dice: 0.9599  decode.d6.loss_cls: 0.0352  decode.d6.loss_mask: 0.9984  decode.d6.loss_dice: 0.9526  decode.d7.loss_cls: 0.0447  decode.d7.loss_mask: 0.9947  decode.d7.loss_dice: 0.9562  decode.d8.loss_cls: 0.0373  decode.d8.loss_mask: 0.9939  decode.d8.loss_dice: 0.9767
2026/07/23 22:08:25 - mmengine - INFO - Saving checkpoint at 12000 iterations
2026/07/23 22:09:26 - mmengine - INFO - Iter(val) [100/504]    eta: 0:02:13  time: 0.2704  data_time: 0.0721  memory: 3245  
2026/07/23 22:09:48 - mmengine - INFO - Iter(val) [200/504]    eta: 0:01:22  time: 0.2462  data_time: 0.0489  memory: 3245  
2026/07/23 22:10:16 - mmengine - INFO - Iter(val) [300/504]    eta: 0:00:56  time: 0.2125  data_time: 0.0088  memory: 3245  
2026/07/23 22:10:37 - mmengine - INFO - Iter(val) [400/504]    eta: 0:00:27  time: 0.2239  data_time: 0.0207  memory: 3245  
2026/07/23 22:11:23 - mmengine - INFO - Iter(val) [500/504]    eta: 0:00:01  time: 0.3350  data_time: 0.1371  memory: 3245  
2026/07/23 22:11:29 - mmengine - INFO - per class results:
2026/07/23 22:11:29 - mmengine - INFO - 
+--------------------+-------+-------+--------+-----------+--------+
|       Class        |  IoU  |  Acc  | Fscore | Precision | Recall |
+--------------------+-------+-------+--------+-----------+--------+
| impervious_surface | 83.58 | 90.55 | 91.05  |   91.56   | 90.55  |
|      building      |  91.7 | 93.67 | 95.67  |   97.76   | 93.67  |
|   low_vegetation   | 77.34 | 94.17 | 87.22  |   81.23   | 94.17  |
|        tree        | 78.31 | 82.62 | 87.84  |   93.75   | 82.62  |
|        car         | 92.48 | 94.95 | 96.09  |   97.26   | 94.95  |
+--------------------+-------+-------+--------+-----------+--------+
2026/07/23 22:11:29 - mmengine - INFO - Iter(val) [504/504]    aAcc: 90.4700  mIoU: 84.6800  mAcc: 91.1900  mFscore: 91.5800  mPrecision: 92.3100  mRecall: 91.1900  data_time: 0.1005  time: 0.2996
2026/07/23 22:12:40 - mmengine - INFO - Iter(train) [12100/40000]  base_lr: 3.8783e-05 lr: 3.8783e-05  eta: 5:27:31  time: 1.2130  data_time: 0.5912  memory: 8434  grad_norm: 63.7080  loss: 15.3985  decode.loss_cls: 0.0229  decode.loss_mask: 0.8546  decode.loss_dice: 0.6457  decode.d0.loss_cls: 0.1498  decode.d0.loss_mask: 0.8947  decode.d0.loss_dice: 0.6983  decode.d1.loss_cls: 0.0466  decode.d1.loss_mask: 0.8425  decode.d1.loss_dice: 0.6374  decode.d2.loss_cls: 0.0356  decode.d2.loss_mask: 0.8563  decode.d2.loss_dice: 0.6437  decode.d3.loss_cls: 0.0322  decode.d3.loss_mask: 0.8396  decode.d3.loss_dice: 0.6423  decode.d4.loss_cls: 0.0314  decode.d4.loss_mask: 0.8349  decode.d4.loss_dice: 0.6311  decode.d5.loss_cls: 0.0243  decode.d5.loss_mask: 0.8443  decode.d5.loss_dice: 0.6374  decode.d6.loss_cls: 0.0230  decode.d6.loss_mask: 0.8502  decode.d6.loss_dice: 0.6450  decode.d7.loss_cls: 0.0245  decode.d7.loss_mask: 0.8490  decode.d7.loss_dice: 0.6431  decode.d8.loss_cls: 0.0236  decode.d8.loss_mask: 0.8499  decode.d8.loss_dice: 0.6445
2026/07/23 22:13:53 - mmengine - INFO - Iter(train) [12200/40000]  base_lr: 3.8658e-05 lr: 3.8658e-05  eta: 5:26:28  time: 0.7492  data_time: 0.0218  memory: 8424  grad_norm: 134.2188  loss: 18.8453  decode.loss_cls: 0.0173  decode.loss_mask: 1.0639  decode.loss_dice: 0.8105  decode.d0.loss_cls: 0.1680  decode.d0.loss_mask: 1.0859  decode.d0.loss_dice: 0.8489  decode.d1.loss_cls: 0.0719  decode.d1.loss_mask: 1.0330  decode.d1.loss_dice: 0.7980  decode.d2.loss_cls: 0.0388  decode.d2.loss_mask: 1.0295  decode.d2.loss_dice: 0.8021  decode.d3.loss_cls: 0.0259  decode.d3.loss_mask: 1.0156  decode.d3.loss_dice: 0.8005  decode.d4.loss_cls: 0.0268  decode.d4.loss_mask: 1.0281  decode.d4.loss_dice: 0.7982  decode.d5.loss_cls: 0.0277  decode.d5.loss_mask: 1.0291  decode.d5.loss_dice: 0.7859  decode.d6.loss_cls: 0.0251  decode.d6.loss_mask: 1.0229  decode.d6.loss_dice: 0.7895  decode.d7.loss_cls: 0.0220  decode.d7.loss_mask: 1.0268  decode.d7.loss_dice: 0.7922  decode.d8.loss_cls: 0.0240  decode.d8.loss_mask: 1.0327  decode.d8.loss_dice: 0.8047
2026/07/23 22:15:03 - mmengine - INFO - Iter(train) [12300/40000]  base_lr: 3.8533e-05 lr: 3.8533e-05  eta: 5:25:15  time: 0.9229  data_time: 0.2776  memory: 8424  grad_norm: 62.9293  loss: 16.7605  decode.loss_cls: 0.0112  decode.loss_mask: 0.8548  decode.loss_dice: 0.7896  decode.d0.loss_cls: 0.0812  decode.d0.loss_mask: 0.8830  decode.d0.loss_dice: 0.7918  decode.d1.loss_cls: 0.0180  decode.d1.loss_mask: 0.8580  decode.d1.loss_dice: 0.7857  decode.d2.loss_cls: 0.0115  decode.d2.loss_mask: 0.8629  decode.d2.loss_dice: 0.7933  decode.d3.loss_cls: 0.0185  decode.d3.loss_mask: 0.8593  decode.d3.loss_dice: 0.7957  decode.d4.loss_cls: 0.0120  decode.d4.loss_mask: 0.8544  decode.d4.loss_dice: 0.7991  decode.d5.loss_cls: 0.0124  decode.d5.loss_mask: 0.8547  decode.d5.loss_dice: 0.7966  decode.d6.loss_cls: 0.0116  decode.d6.loss_mask: 0.8590  decode.d6.loss_dice: 0.8133  decode.d7.loss_cls: 0.0106  decode.d7.loss_mask: 0.8527  decode.d7.loss_dice: 0.8022  decode.d8.loss_cls: 0.0108  decode.d8.loss_mask: 0.8549  decode.d8.loss_dice: 0.8016
2026/07/23 22:16:16 - mmengine - INFO - Iter(train) [12400/40000]  base_lr: 3.8408e-05 lr: 3.8408e-05  eta: 5:24:10  time: 0.6892  data_time: 0.0215  memory: 8434  grad_norm: 36.5723  loss: 8.8407  decode.loss_cls: 0.0337  decode.loss_mask: 0.4257  decode.loss_dice: 0.4017  decode.d0.loss_cls: 0.1279  decode.d0.loss_mask: 0.4583  decode.d0.loss_dice: 0.5053  decode.d1.loss_cls: 0.0402  decode.d1.loss_mask: 0.4306  decode.d1.loss_dice: 0.4065  decode.d2.loss_cls: 0.0344  decode.d2.loss_mask: 0.4275  decode.d2.loss_dice: 0.4146  decode.d3.loss_cls: 0.0336  decode.d3.loss_mask: 0.4247  decode.d3.loss_dice: 0.4055  decode.d4.loss_cls: 0.0289  decode.d4.loss_mask: 0.4277  decode.d4.loss_dice: 0.3923  decode.d5.loss_cls: 0.0326  decode.d5.loss_mask: 0.4238  decode.d5.loss_dice: 0.3984  decode.d6.loss_cls: 0.0314  decode.d6.loss_mask: 0.4246  decode.d6.loss_dice: 0.3862  decode.d7.loss_cls: 0.0266  decode.d7.loss_mask: 0.4247  decode.d7.loss_dice: 0.4126  decode.d8.loss_cls: 0.0287  decode.d8.loss_mask: 0.4250  decode.d8.loss_dice: 0.4068
2026/07/23 22:17:22 - mmengine - INFO - Iter(train) [12500/40000]  base_lr: 3.8282e-05 lr: 3.8282e-05  eta: 5:22:50  time: 0.6400  data_time: 0.0171  memory: 8434  grad_norm: 83.6639  loss: 19.8074  decode.loss_cls: 0.0262  decode.loss_mask: 1.0749  decode.loss_dice: 0.8391  decode.d0.loss_cls: 0.1327  decode.d0.loss_mask: 1.1667  decode.d0.loss_dice: 0.8753  decode.d1.loss_cls: 0.0378  decode.d1.loss_mask: 1.1114  decode.d1.loss_dice: 0.8641  decode.d2.loss_cls: 0.0298  decode.d2.loss_mask: 1.0878  decode.d2.loss_dice: 0.8538  decode.d3.loss_cls: 0.0271  decode.d3.loss_mask: 1.0865  decode.d3.loss_dice: 0.8436  decode.d4.loss_cls: 0.0261  decode.d4.loss_mask: 1.0834  decode.d4.loss_dice: 0.8381  decode.d5.loss_cls: 0.0263  decode.d5.loss_mask: 1.0731  decode.d5.loss_dice: 0.8435  decode.d6.loss_cls: 0.0238  decode.d6.loss_mask: 1.0775  decode.d6.loss_dice: 0.8502  decode.d7.loss_cls: 0.0239  decode.d7.loss_mask: 1.0802  decode.d7.loss_dice: 0.8488  decode.d8.loss_cls: 0.0267  decode.d8.loss_mask: 1.0774  decode.d8.loss_dice: 0.8515
2026/07/23 22:18:28 - mmengine - INFO - Iter(train) [12600/40000]  base_lr: 3.8157e-05 lr: 3.8157e-05  eta: 5:21:31  time: 0.6570  data_time: 0.0228  memory: 8424  grad_norm: 52.8126  loss: 12.4460  decode.loss_cls: 0.0391  decode.loss_mask: 0.6091  decode.loss_dice: 0.5813  decode.d0.loss_cls: 0.1426  decode.d0.loss_mask: 0.6392  decode.d0.loss_dice: 0.6637  decode.d1.loss_cls: 0.0626  decode.d1.loss_mask: 0.6127  decode.d1.loss_dice: 0.5927  decode.d2.loss_cls: 0.0378  decode.d2.loss_mask: 0.6118  decode.d2.loss_dice: 0.5788  decode.d3.loss_cls: 0.0347  decode.d3.loss_mask: 0.6043  decode.d3.loss_dice: 0.5773  decode.d4.loss_cls: 0.0380  decode.d4.loss_mask: 0.6059  decode.d4.loss_dice: 0.5549  decode.d5.loss_cls: 0.0405  decode.d5.loss_mask: 0.6097  decode.d5.loss_dice: 0.5648  decode.d6.loss_cls: 0.0337  decode.d6.loss_mask: 0.6064  decode.d6.loss_dice: 0.5735  decode.d7.loss_cls: 0.0346  decode.d7.loss_mask: 0.6075  decode.d7.loss_dice: 0.5818  decode.d8.loss_cls: 0.0304  decode.d8.loss_mask: 0.6059  decode.d8.loss_dice: 0.5705
2026/07/23 22:19:32 - mmengine - INFO - Iter(train) [12700/40000]  base_lr: 3.8032e-05 lr: 3.8032e-05  eta: 5:20:06  time: 0.6591  data_time: 0.0176  memory: 8434  grad_norm: 73.8807  loss: 19.0147  decode.loss_cls: 0.0138  decode.loss_mask: 1.0333  decode.loss_dice: 0.8341  decode.d0.loss_cls: 0.1023  decode.d0.loss_mask: 1.0729  decode.d0.loss_dice: 0.8347  decode.d1.loss_cls: 0.0141  decode.d1.loss_mask: 1.0502  decode.d1.loss_dice: 0.8316  decode.d2.loss_cls: 0.0131  decode.d2.loss_mask: 1.0389  decode.d2.loss_dice: 0.8315  decode.d3.loss_cls: 0.0101  decode.d3.loss_mask: 1.0382  decode.d3.loss_dice: 0.8328  decode.d4.loss_cls: 0.0125  decode.d4.loss_mask: 1.0425  decode.d4.loss_dice: 0.8362  decode.d5.loss_cls: 0.0131  decode.d5.loss_mask: 1.0399  decode.d5.loss_dice: 0.8439  decode.d6.loss_cls: 0.0110  decode.d6.loss_mask: 1.0418  decode.d6.loss_dice: 0.8411  decode.d7.loss_cls: 0.0133  decode.d7.loss_mask: 1.0330  decode.d7.loss_dice: 0.8343  decode.d8.loss_cls: 0.0132  decode.d8.loss_mask: 1.0419  decode.d8.loss_dice: 0.8457
2026/07/23 22:20:36 - mmengine - INFO - Iter(train) [12800/40000]  base_lr: 3.7906e-05 lr: 3.7906e-05  eta: 5:18:43  time: 0.6413  data_time: 0.0165  memory: 8434  grad_norm: 73.0533  loss: 16.8983  decode.loss_cls: 0.0220  decode.loss_mask: 0.8595  decode.loss_dice: 0.7828  decode.d0.loss_cls: 0.1135  decode.d0.loss_mask: 0.9213  decode.d0.loss_dice: 0.8087  decode.d1.loss_cls: 0.0497  decode.d1.loss_mask: 0.8719  decode.d1.loss_dice: 0.7682  decode.d2.loss_cls: 0.0293  decode.d2.loss_mask: 0.8583  decode.d2.loss_dice: 0.7674  decode.d3.loss_cls: 0.0227  decode.d3.loss_mask: 0.8670  decode.d3.loss_dice: 0.7813  decode.d4.loss_cls: 0.0308  decode.d4.loss_mask: 0.8608  decode.d4.loss_dice: 0.7839  decode.d5.loss_cls: 0.0254  decode.d5.loss_mask: 0.8573  decode.d5.loss_dice: 0.7889  decode.d6.loss_cls: 0.0223  decode.d6.loss_mask: 0.8575  decode.d6.loss_dice: 0.7938  decode.d7.loss_cls: 0.0300  decode.d7.loss_mask: 0.8600  decode.d7.loss_dice: 0.7916  decode.d8.loss_cls: 0.0242  decode.d8.loss_mask: 0.8597  decode.d8.loss_dice: 0.7883
2026/07/23 22:21:40 - mmengine - INFO - Iter(train) [12900/40000]  base_lr: 3.7781e-05 lr: 3.7781e-05  eta: 5:17:18  time: 0.6735  data_time: 0.0576  memory: 8434  grad_norm: 75.3618  loss: 19.2428  decode.loss_cls: 0.0239  decode.loss_mask: 1.0038  decode.loss_dice: 0.8867  decode.d0.loss_cls: 0.0832  decode.d0.loss_mask: 1.0572  decode.d0.loss_dice: 0.9055  decode.d1.loss_cls: 0.0451  decode.d1.loss_mask: 1.0079  decode.d1.loss_dice: 0.8738  decode.d2.loss_cls: 0.0309  decode.d2.loss_mask: 0.9966  decode.d2.loss_dice: 0.8779  decode.d3.loss_cls: 0.0323  decode.d3.loss_mask: 0.9926  decode.d3.loss_dice: 0.8784  decode.d4.loss_cls: 0.0300  decode.d4.loss_mask: 1.0068  decode.d4.loss_dice: 0.8723  decode.d5.loss_cls: 0.0300  decode.d5.loss_mask: 0.9974  decode.d5.loss_dice: 0.8818  decode.d6.loss_cls: 0.0296  decode.d6.loss_mask: 1.0000  decode.d6.loss_dice: 0.8781  decode.d7.loss_cls: 0.0262  decode.d7.loss_mask: 0.9996  decode.d7.loss_dice: 0.8841  decode.d8.loss_cls: 0.0235  decode.d8.loss_mask: 1.0004  decode.d8.loss_dice: 0.8872
2026/07/23 22:22:47 - mmengine - INFO - Exp name: fusion_vits_m2f_nocont_23999_20260723_192916
2026/07/23 22:22:47 - mmengine - INFO - Iter(train) [13000/40000]  base_lr: 3.7655e-05 lr: 3.7655e-05  eta: 5:16:02  time: 0.6402  data_time: 0.0161  memory: 8434  grad_norm: 97.7337  loss: 20.9287  decode.loss_cls: 0.0583  decode.loss_mask: 1.1549  decode.loss_dice: 0.8341  decode.d0.loss_cls: 0.1605  decode.d0.loss_mask: 1.2096  decode.d0.loss_dice: 0.9139  decode.d1.loss_cls: 0.0550  decode.d1.loss_mask: 1.2032  decode.d1.loss_dice: 0.8574  decode.d2.loss_cls: 0.0608  decode.d2.loss_mask: 1.1801  decode.d2.loss_dice: 0.8391  decode.d3.loss_cls: 0.0601  decode.d3.loss_mask: 1.1728  decode.d3.loss_dice: 0.8255  decode.d4.loss_cls: 0.0580  decode.d4.loss_mask: 1.1638  decode.d4.loss_dice: 0.8315  decode.d5.loss_cls: 0.0551  decode.d5.loss_mask: 1.1604  decode.d5.loss_dice: 0.8385  decode.d6.loss_cls: 0.0634  decode.d6.loss_mask: 1.1616  decode.d6.loss_dice: 0.8447  decode.d7.loss_cls: 0.0599  decode.d7.loss_mask: 1.1596  decode.d7.loss_dice: 0.8669  decode.d8.loss_cls: 0.0582  decode.d8.loss_mask: 1.1549  decode.d8.loss_dice: 0.8669
2026/07/23 22:23:50 - mmengine - INFO - Iter(train) [13100/40000]  base_lr: 3.7530e-05 lr: 3.7530e-05  eta: 5:14:38  time: 0.6410  data_time: 0.0158  memory: 8424  grad_norm: 69.4956  loss: 17.8072  decode.loss_cls: 0.0096  decode.loss_mask: 0.9839  decode.loss_dice: 0.7714  decode.d0.loss_cls: 0.0845  decode.d0.loss_mask: 1.0402  decode.d0.loss_dice: 0.8329  decode.d1.loss_cls: 0.0385  decode.d1.loss_mask: 0.9767  decode.d1.loss_dice: 0.7691  decode.d2.loss_cls: 0.0157  decode.d2.loss_mask: 0.9754  decode.d2.loss_dice: 0.7633  decode.d3.loss_cls: 0.0063  decode.d3.loss_mask: 0.9792  decode.d3.loss_dice: 0.7640  decode.d4.loss_cls: 0.0053  decode.d4.loss_mask: 0.9782  decode.d4.loss_dice: 0.7682  decode.d5.loss_cls: 0.0107  decode.d5.loss_mask: 0.9774  decode.d5.loss_dice: 0.7758  decode.d6.loss_cls: 0.0115  decode.d6.loss_mask: 0.9798  decode.d6.loss_dice: 0.7731  decode.d7.loss_cls: 0.0109  decode.d7.loss_mask: 0.9782  decode.d7.loss_dice: 0.7774  decode.d8.loss_cls: 0.0108  decode.d8.loss_mask: 0.9762  decode.d8.loss_dice: 0.7628
2026/07/23 22:24:55 - mmengine - INFO - Iter(train) [13200/40000]  base_lr: 3.7404e-05 lr: 3.7404e-05  eta: 5:13:15  time: 0.6378  data_time: 0.0180  memory: 8434  grad_norm: 69.9910  loss: 19.7854  decode.loss_cls: 0.0225  decode.loss_mask: 1.0195  decode.loss_dice: 0.9169  decode.d0.loss_cls: 0.1013  decode.d0.loss_mask: 1.0902  decode.d0.loss_dice: 0.9474  decode.d1.loss_cls: 0.0279  decode.d1.loss_mask: 1.0404  decode.d1.loss_dice: 0.9316  decode.d2.loss_cls: 0.0201  decode.d2.loss_mask: 1.0267  decode.d2.loss_dice: 0.9238  decode.d3.loss_cls: 0.0150  decode.d3.loss_mask: 1.0195  decode.d3.loss_dice: 0.9150  decode.d4.loss_cls: 0.0169  decode.d4.loss_mask: 1.0235  decode.d4.loss_dice: 0.9094  decode.d5.loss_cls: 0.0192  decode.d5.loss_mask: 1.0253  decode.d5.loss_dice: 0.9084  decode.d6.loss_cls: 0.0163  decode.d6.loss_mask: 1.0252  decode.d6.loss_dice: 0.9112  decode.d7.loss_cls: 0.0216  decode.d7.loss_mask: 1.0209  decode.d7.loss_dice: 0.9076  decode.d8.loss_cls: 0.0190  decode.d8.loss_mask: 1.0210  decode.d8.loss_dice: 0.9222
2026/07/23 22:25:57 - mmengine - INFO - Iter(train) [13300/40000]  base_lr: 3.7279e-05 lr: 3.7279e-05  eta: 5:11:50  time: 0.6352  data_time: 0.0240  memory: 8434  grad_norm: 95.1888  loss: 21.0749  decode.loss_cls: 0.0733  decode.loss_mask: 1.0343  decode.loss_dice: 0.9644  decode.d0.loss_cls: 0.1183  decode.d0.loss_mask: 1.1182  decode.d0.loss_dice: 1.0575  decode.d1.loss_cls: 0.0893  decode.d1.loss_mask: 1.0598  decode.d1.loss_dice: 0.9824  decode.d2.loss_cls: 0.1021  decode.d2.loss_mask: 1.0408  decode.d2.loss_dice: 0.9881  decode.d3.loss_cls: 0.0712  decode.d3.loss_mask: 1.0351  decode.d3.loss_dice: 0.9604  decode.d4.loss_cls: 0.0691  decode.d4.loss_mask: 1.0378  decode.d4.loss_dice: 0.9746  decode.d5.loss_cls: 0.0651  decode.d5.loss_mask: 1.0398  decode.d5.loss_dice: 0.9543  decode.d6.loss_cls: 0.0708  decode.d6.loss_mask: 1.0341  decode.d6.loss_dice: 0.9703  decode.d7.loss_cls: 0.0652  decode.d7.loss_mask: 1.0341  decode.d7.loss_dice: 0.9885  decode.d8.loss_cls: 0.0783  decode.d8.loss_mask: 1.0420  decode.d8.loss_dice: 0.9554
2026/07/23 22:27:01 - mmengine - INFO - Iter(train) [13400/40000]  base_lr: 3.7153e-05 lr: 3.7153e-05  eta: 5:10:27  time: 0.6376  data_time: 0.0177  memory: 8424  grad_norm: 54.8255  loss: 13.8932  decode.loss_cls: 0.0111  decode.loss_mask: 0.6942  decode.loss_dice: 0.6635  decode.d0.loss_cls: 0.1150  decode.d0.loss_mask: 0.7384  decode.d0.loss_dice: 0.7050  decode.d1.loss_cls: 0.0328  decode.d1.loss_mask: 0.7009  decode.d1.loss_dice: 0.6648  decode.d2.loss_cls: 0.0146  decode.d2.loss_mask: 0.6919  decode.d2.loss_dice: 0.6557  decode.d3.loss_cls: 0.0116  decode.d3.loss_mask: 0.6918  decode.d3.loss_dice: 0.6588  decode.d4.loss_cls: 0.0150  decode.d4.loss_mask: 0.6914  decode.d4.loss_dice: 0.6620  decode.d5.loss_cls: 0.0117  decode.d5.loss_mask: 0.6943  decode.d5.loss_dice: 0.6569  decode.d6.loss_cls: 0.0102  decode.d6.loss_mask: 0.6932  decode.d6.loss_dice: 0.6693  decode.d7.loss_cls: 0.0111  decode.d7.loss_mask: 0.6958  decode.d7.loss_dice: 0.6669  decode.d8.loss_cls: 0.0100  decode.d8.loss_mask: 0.6927  decode.d8.loss_dice: 0.6627
2026/07/23 22:28:09 - mmengine - INFO - Iter(train) [13500/40000]  base_lr: 3.7027e-05 lr: 3.7027e-05  eta: 5:09:14  time: 0.6182  data_time: 0.0151  memory: 8434  grad_norm: 65.3831  loss: 11.3369  decode.loss_cls: 0.0329  decode.loss_mask: 0.5760  decode.loss_dice: 0.4980  decode.d0.loss_cls: 0.1223  decode.d0.loss_mask: 0.6178  decode.d0.loss_dice: 0.5531  decode.d1.loss_cls: 0.0290  decode.d1.loss_mask: 0.5921  decode.d1.loss_dice: 0.5252  decode.d2.loss_cls: 0.0265  decode.d2.loss_mask: 0.5807  decode.d2.loss_dice: 0.5234  decode.d3.loss_cls: 0.0201  decode.d3.loss_mask: 0.5802  decode.d3.loss_dice: 0.5139  decode.d4.loss_cls: 0.0338  decode.d4.loss_mask: 0.5780  decode.d4.loss_dice: 0.5103  decode.d5.loss_cls: 0.0265  decode.d5.loss_mask: 0.5799  decode.d5.loss_dice: 0.5040  decode.d6.loss_cls: 0.0312  decode.d6.loss_mask: 0.5752  decode.d6.loss_dice: 0.5025  decode.d7.loss_cls: 0.0460  decode.d7.loss_mask: 0.5614  decode.d7.loss_dice: 0.4859  decode.d8.loss_cls: 0.0275  decode.d8.loss_mask: 0.5800  decode.d8.loss_dice: 0.5035
2026/07/23 22:29:13 - mmengine - INFO - Iter(train) [13600/40000]  base_lr: 3.6901e-05 lr: 3.6901e-05  eta: 5:07:52  time: 0.6310  data_time: 0.0176  memory: 8434  grad_norm: 54.2316  loss: 13.6655  decode.loss_cls: 0.0192  decode.loss_mask: 0.6967  decode.loss_dice: 0.6292  decode.d0.loss_cls: 0.1006  decode.d0.loss_mask: 0.7228  decode.d0.loss_dice: 0.6722  decode.d1.loss_cls: 0.0490  decode.d1.loss_mask: 0.6962  decode.d1.loss_dice: 0.6491  decode.d2.loss_cls: 0.0398  decode.d2.loss_mask: 0.6927  decode.d2.loss_dice: 0.6376  decode.d3.loss_cls: 0.0219  decode.d3.loss_mask: 0.6922  decode.d3.loss_dice: 0.6345  decode.d4.loss_cls: 0.0182  decode.d4.loss_mask: 0.6908  decode.d4.loss_dice: 0.6306  decode.d5.loss_cls: 0.0175  decode.d5.loss_mask: 0.6963  decode.d5.loss_dice: 0.6253  decode.d6.loss_cls: 0.0159  decode.d6.loss_mask: 0.6932  decode.d6.loss_dice: 0.6290  decode.d7.loss_cls: 0.0175  decode.d7.loss_mask: 0.6937  decode.d7.loss_dice: 0.6337  decode.d8.loss_cls: 0.0192  decode.d8.loss_mask: 0.6980  decode.d8.loss_dice: 0.6327
2026/07/23 22:30:29 - mmengine - INFO - Iter(train) [13700/40000]  base_lr: 3.6776e-05 lr: 3.6776e-05  eta: 5:06:53  time: 0.6393  data_time: 0.0186  memory: 8434  grad_norm: 63.3208  loss: 11.3842  decode.loss_cls: 0.0674  decode.loss_mask: 0.5343  decode.loss_dice: 0.5303  decode.d0.loss_cls: 0.1575  decode.d0.loss_mask: 0.5512  decode.d0.loss_dice: 0.5833  decode.d1.loss_cls: 0.0856  decode.d1.loss_mask: 0.5171  decode.d1.loss_dice: 0.5227  decode.d2.loss_cls: 0.0753  decode.d2.loss_mask: 0.5260  decode.d2.loss_dice: 0.5262  decode.d3.loss_cls: 0.0727  decode.d3.loss_mask: 0.5281  decode.d3.loss_dice: 0.5243  decode.d4.loss_cls: 0.0738  decode.d4.loss_mask: 0.5248  decode.d4.loss_dice: 0.5311  decode.d5.loss_cls: 0.0687  decode.d5.loss_mask: 0.5249  decode.d5.loss_dice: 0.4941  decode.d6.loss_cls: 0.0632  decode.d6.loss_mask: 0.5302  decode.d6.loss_dice: 0.5215  decode.d7.loss_cls: 0.0603  decode.d7.loss_mask: 0.5313  decode.d7.loss_dice: 0.5226  decode.d8.loss_cls: 0.0641  decode.d8.loss_mask: 0.5340  decode.d8.loss_dice: 0.5376
2026/07/23 22:31:32 - mmengine - INFO - Iter(train) [13800/40000]  base_lr: 3.6650e-05 lr: 3.6650e-05  eta: 5:05:30  time: 0.6240  data_time: 0.0159  memory: 8434  grad_norm: 81.3007  loss: 15.3140  decode.loss_cls: 0.0249  decode.loss_mask: 0.7610  decode.loss_dice: 0.7197  decode.d0.loss_cls: 0.1182  decode.d0.loss_mask: 0.8134  decode.d0.loss_dice: 0.8050  decode.d1.loss_cls: 0.0424  decode.d1.loss_mask: 0.7470  decode.d1.loss_dice: 0.7378  decode.d2.loss_cls: 0.0333  decode.d2.loss_mask: 0.7508  decode.d2.loss_dice: 0.7021  decode.d3.loss_cls: 0.0334  decode.d3.loss_mask: 0.7526  decode.d3.loss_dice: 0.7087  decode.d4.loss_cls: 0.0383  decode.d4.loss_mask: 0.7529  decode.d4.loss_dice: 0.7190  decode.d5.loss_cls: 0.0391  decode.d5.loss_mask: 0.7510  decode.d5.loss_dice: 0.7169  decode.d6.loss_cls: 0.0289  decode.d6.loss_mask: 0.7525  decode.d6.loss_dice: 0.7337  decode.d7.loss_cls: 0.0284  decode.d7.loss_mask: 0.7510  decode.d7.loss_dice: 0.7319  decode.d8.loss_cls: 0.0234  decode.d8.loss_mask: 0.7550  decode.d8.loss_dice: 0.7417
2026/07/23 22:32:54 - mmengine - INFO - Iter(train) [13900/40000]  base_lr: 3.6524e-05 lr: 3.6524e-05  eta: 5:04:43  time: 0.7158  data_time: 0.0211  memory: 8434  grad_norm: 114.4417  loss: 20.1195  decode.loss_cls: 0.1000  decode.loss_mask: 1.0189  decode.loss_dice: 0.8948  decode.d0.loss_cls: 0.1685  decode.d0.loss_mask: 1.1070  decode.d0.loss_dice: 0.9617  decode.d1.loss_cls: 0.1315  decode.d1.loss_mask: 1.0311  decode.d1.loss_dice: 0.8943  decode.d2.loss_cls: 0.1018  decode.d2.loss_mask: 1.0155  decode.d2.loss_dice: 0.8745  decode.d3.loss_cls: 0.0918  decode.d3.loss_mask: 1.0070  decode.d3.loss_dice: 0.8512  decode.d4.loss_cls: 0.0916  decode.d4.loss_mask: 1.0035  decode.d4.loss_dice: 0.8629  decode.d5.loss_cls: 0.1009  decode.d5.loss_mask: 1.0099  decode.d5.loss_dice: 0.8558  decode.d6.loss_cls: 0.0919  decode.d6.loss_mask: 1.0126  decode.d6.loss_dice: 0.8791  decode.d7.loss_cls: 0.1071  decode.d7.loss_mask: 1.0015  decode.d7.loss_dice: 0.8702  decode.d8.loss_cls: 0.0950  decode.d8.loss_mask: 1.0051  decode.d8.loss_dice: 0.8828
2026/07/23 22:34:03 - mmengine - INFO - Exp name: fusion_vits_m2f_nocont_23999_20260723_192916
2026/07/23 22:34:03 - mmengine - INFO - Iter(train) [14000/40000]  base_lr: 3.6398e-05 lr: 3.6398e-05  eta: 5:03:30  time: 0.7235  data_time: 0.1144  memory: 8424  grad_norm: 87.4132  loss: 16.8168  decode.loss_cls: 0.0069  decode.loss_mask: 0.8760  decode.loss_dice: 0.7683  decode.d0.loss_cls: 0.1005  decode.d0.loss_mask: 0.9248  decode.d0.loss_dice: 0.8232  decode.d1.loss_cls: 0.0288  decode.d1.loss_mask: 0.8857  decode.d1.loss_dice: 0.7828  decode.d2.loss_cls: 0.0128  decode.d2.loss_mask: 0.8745  decode.d2.loss_dice: 0.7792  decode.d3.loss_cls: 0.0099  decode.d3.loss_mask: 0.8814  decode.d3.loss_dice: 0.7807  decode.d4.loss_cls: 0.0086  decode.d4.loss_mask: 0.8769  decode.d4.loss_dice: 0.7815  decode.d5.loss_cls: 0.0073  decode.d5.loss_mask: 0.8753  decode.d5.loss_dice: 0.7716  decode.d6.loss_cls: 0.0073  decode.d6.loss_mask: 0.8743  decode.d6.loss_dice: 0.7796  decode.d7.loss_cls: 0.0071  decode.d7.loss_mask: 0.8755  decode.d7.loss_dice: 0.7735  decode.d8.loss_cls: 0.0066  decode.d8.loss_mask: 0.8734  decode.d8.loss_dice: 0.7630
2026/07/23 22:34:03 - mmengine - INFO - Saving checkpoint at 14000 iterations
2026/07/23 22:34:57 - mmengine - INFO - Iter(val) [100/504]    eta: 0:01:41  time: 0.3197  data_time: 0.1235  memory: 3245  
2026/07/23 22:35:19 - mmengine - INFO - Iter(val) [200/504]    eta: 0:01:11  time: 0.2052  data_time: 0.0078  memory: 3245  
2026/07/23 22:35:40 - mmengine - INFO - Iter(val) [300/504]    eta: 0:00:46  time: 0.2055  data_time: 0.0084  memory: 3245  
2026/07/23 22:36:26 - mmengine - INFO - Iter(val) [400/504]    eta: 0:00:29  time: 0.4184  data_time: 0.2230  memory: 3245  
2026/07/23 22:37:10 - mmengine - INFO - Iter(val) [500/504]    eta: 0:00:01  time: 0.5353  data_time: 0.3414  memory: 3245  
2026/07/23 22:37:16 - mmengine - INFO - per class results:
2026/07/23 22:37:16 - mmengine - INFO - 
+--------------------+-------+-------+--------+-----------+--------+
|       Class        |  IoU  |  Acc  | Fscore | Precision | Recall |
+--------------------+-------+-------+--------+-----------+--------+
| impervious_surface | 87.14 | 91.32 | 93.13  |   95.01   | 91.32  |
|      building      | 95.61 | 96.72 | 97.75  |   98.81   | 96.72  |
|   low_vegetation   | 79.69 | 89.34 |  88.7  |   88.06   | 89.34  |
|        tree        | 81.79 | 92.26 | 89.99  |   87.82   | 92.26  |
|        car         | 94.08 | 96.43 | 96.95  |   97.48   | 96.43  |
+--------------------+-------+-------+--------+-----------+--------+
2026/07/23 22:37:16 - mmengine - INFO - Iter(val) [504/504]    aAcc: 92.4100  mIoU: 87.6600  mAcc: 93.2100  mFscore: 93.3000  mPrecision: 93.4400  mRecall: 93.2100  data_time: 0.1200  time: 0.3175
2026/07/23 22:37:16 - mmengine - INFO - The previous best checkpoint /mnt/qh2-nas3/00-model/00-fb/fusion_potsdam/work_dirs/fusion_vits_m2f_nocont_23999/best_mIoU_iter_10000.pth is removed
2026/07/23 22:37:36 - mmengine - INFO - The best checkpoint with 87.6600 mIoU at 14000 iter is saved to best_mIoU_iter_14000.pth.
2026/07/23 22:39:12 - mmengine - INFO - Iter(train) [14100/40000]  base_lr: 3.6272e-05 lr: 3.6272e-05  eta: 5:03:52  time: 0.6458  data_time: 0.0163  memory: 8434  grad_norm: 59.9114  loss: 17.6536  decode.loss_cls: 0.0340  decode.loss_mask: 0.9696  decode.loss_dice: 0.7408  decode.d0.loss_cls: 0.0827  decode.d0.loss_mask: 1.0097  decode.d0.loss_dice: 0.8095  decode.d1.loss_cls: 0.0508  decode.d1.loss_mask: 0.9643  decode.d1.loss_dice: 0.7495  decode.d2.loss_cls: 0.0351  decode.d2.loss_mask: 0.9697  decode.d2.loss_dice: 0.7376  decode.d3.loss_cls: 0.0342  decode.d3.loss_mask: 0.9706  decode.d3.loss_dice: 0.7468  decode.d4.loss_cls: 0.0376  decode.d4.loss_mask: 0.9688  decode.d4.loss_dice: 0.7497  decode.d5.loss_cls: 0.0357  decode.d5.loss_mask: 0.9681  decode.d5.loss_dice: 0.7447  decode.d6.loss_cls: 0.0371  decode.d6.loss_mask: 0.9646  decode.d6.loss_dice: 0.7401  decode.d7.loss_cls: 0.0365  decode.d7.loss_mask: 0.9693  decode.d7.loss_dice: 0.7453  decode.d8.loss_cls: 0.0341  decode.d8.loss_mask: 0.9728  decode.d8.loss_dice: 0.7444
2026/07/23 22:40:17 - mmengine - INFO - Iter(train) [14200/40000]  base_lr: 3.6146e-05 lr: 3.6146e-05  eta: 5:02:31  time: 0.6669  data_time: 0.0195  memory: 8434  grad_norm: 69.5928  loss: 18.3622  decode.loss_cls: 0.0126  decode.loss_mask: 0.9711  decode.loss_dice: 0.8481  decode.d0.loss_cls: 0.1013  decode.d0.loss_mask: 0.9993  decode.d0.loss_dice: 0.8499  decode.d1.loss_cls: 0.0243  decode.d1.loss_mask: 0.9690  decode.d1.loss_dice: 0.8447  decode.d2.loss_cls: 0.0117  decode.d2.loss_mask: 0.9640  decode.d2.loss_dice: 0.8435  decode.d3.loss_cls: 0.0068  decode.d3.loss_mask: 0.9602  decode.d3.loss_dice: 0.8467  decode.d4.loss_cls: 0.0072  decode.d4.loss_mask: 0.9566  decode.d4.loss_dice: 0.8524  decode.d5.loss_cls: 0.0068  decode.d5.loss_mask: 0.9629  decode.d5.loss_dice: 0.8481  decode.d6.loss_cls: 0.0078  decode.d6.loss_mask: 0.9699  decode.d6.loss_dice: 0.8463  decode.d7.loss_cls: 0.0079  decode.d7.loss_mask: 0.9661  decode.d7.loss_dice: 0.8472  decode.d8.loss_cls: 0.0077  decode.d8.loss_mask: 0.9717  decode.d8.loss_dice: 0.8502
2026/07/23 22:41:19 - mmengine - INFO - Iter(train) [14300/40000]  base_lr: 3.6020e-05 lr: 3.6020e-05  eta: 5:01:06  time: 0.6162  data_time: 0.0162  memory: 8424  grad_norm: 67.8781  loss: 15.3120  decode.loss_cls: 0.0276  decode.loss_mask: 0.7863  decode.loss_dice: 0.6822  decode.d0.loss_cls: 0.1247  decode.d0.loss_mask: 0.8514  decode.d0.loss_dice: 0.7884  decode.d1.loss_cls: 0.0605  decode.d1.loss_mask: 0.7934  decode.d1.loss_dice: 0.6835  decode.d2.loss_cls: 0.0367  decode.d2.loss_mask: 0.7937  decode.d2.loss_dice: 0.6777  decode.d3.loss_cls: 0.0414  decode.d3.loss_mask: 0.7946  decode.d3.loss_dice: 0.6741  decode.d4.loss_cls: 0.0373  decode.d4.loss_mask: 0.7853  decode.d4.loss_dice: 0.6760  decode.d5.loss_cls: 0.0414  decode.d5.loss_mask: 0.7871  decode.d5.loss_dice: 0.6750  decode.d6.loss_cls: 0.0309  decode.d6.loss_mask: 0.7838  decode.d6.loss_dice: 0.6829  decode.d7.loss_cls: 0.0357  decode.d7.loss_mask: 0.7909  decode.d7.loss_dice: 0.6817  decode.d8.loss_cls: 0.0265  decode.d8.loss_mask: 0.7908  decode.d8.loss_dice: 0.6703
2026/07/23 22:42:25 - mmengine - INFO - Iter(train) [14400/40000]  base_lr: 3.5893e-05 lr: 3.5893e-05  eta: 4:59:48  time: 0.6422  data_time: 0.0193  memory: 8434  grad_norm: 84.9709  loss: 17.2338  decode.loss_cls: 0.0531  decode.loss_mask: 0.9077  decode.loss_dice: 0.7355  decode.d0.loss_cls: 0.1490  decode.d0.loss_mask: 0.9467  decode.d0.loss_dice: 0.8588  decode.d1.loss_cls: 0.0766  decode.d1.loss_mask: 0.9046  decode.d1.loss_dice: 0.7726  decode.d2.loss_cls: 0.0640  decode.d2.loss_mask: 0.9002  decode.d2.loss_dice: 0.7460  decode.d3.loss_cls: 0.0539  decode.d3.loss_mask: 0.8852  decode.d3.loss_dice: 0.7428  decode.d4.loss_cls: 0.0503  decode.d4.loss_mask: 0.8906  decode.d4.loss_dice: 0.7316  decode.d5.loss_cls: 0.0450  decode.d5.loss_mask: 0.9005  decode.d5.loss_dice: 0.7417  decode.d6.loss_cls: 0.0452  decode.d6.loss_mask: 0.8974  decode.d6.loss_dice: 0.7503  decode.d7.loss_cls: 0.0492  decode.d7.loss_mask: 0.8968  decode.d7.loss_dice: 0.7466  decode.d8.loss_cls: 0.0502  decode.d8.loss_mask: 0.9034  decode.d8.loss_dice: 0.7382
2026/07/23 22:43:29 - mmengine - INFO - Iter(train) [14500/40000]  base_lr: 3.5767e-05 lr: 3.5767e-05  eta: 4:58:26  time: 0.6345  data_time: 0.0201  memory: 8434  grad_norm: 93.3499  loss: 17.3113  decode.loss_cls: 0.0486  decode.loss_mask: 0.8757  decode.loss_dice: 0.7667  decode.d0.loss_cls: 0.1781  decode.d0.loss_mask: 0.9488  decode.d0.loss_dice: 0.8765  decode.d1.loss_cls: 0.0802  decode.d1.loss_mask: 0.8973  decode.d1.loss_dice: 0.7851  decode.d2.loss_cls: 0.0577  decode.d2.loss_mask: 0.8905  decode.d2.loss_dice: 0.7880  decode.d3.loss_cls: 0.0550  decode.d3.loss_mask: 0.8664  decode.d3.loss_dice: 0.7808  decode.d4.loss_cls: 0.0507  decode.d4.loss_mask: 0.8702  decode.d4.loss_dice: 0.7652  decode.d5.loss_cls: 0.0520  decode.d5.loss_mask: 0.8675  decode.d5.loss_dice: 0.7700  decode.d6.loss_cls: 0.0474  decode.d6.loss_mask: 0.8759  decode.d6.loss_dice: 0.7456  decode.d7.loss_cls: 0.0438  decode.d7.loss_mask: 0.8684  decode.d7.loss_dice: 0.7639  decode.d8.loss_cls: 0.0449  decode.d8.loss_mask: 0.8829  decode.d8.loss_dice: 0.7673
2026/07/23 22:44:38 - mmengine - INFO - Iter(train) [14600/40000]  base_lr: 3.5641e-05 lr: 3.5641e-05  eta: 4:57:14  time: 0.6150  data_time: 0.0153  memory: 8434  grad_norm: 68.3643  loss: 17.4873  decode.loss_cls: 0.0668  decode.loss_mask: 0.8558  decode.loss_dice: 0.8055  decode.d0.loss_cls: 0.1379  decode.d0.loss_mask: 0.9250  decode.d0.loss_dice: 0.8770  decode.d1.loss_cls: 0.0848  decode.d1.loss_mask: 0.8772  decode.d1.loss_dice: 0.8176  decode.d2.loss_cls: 0.0785  decode.d2.loss_mask: 0.8700  decode.d2.loss_dice: 0.7925  decode.d3.loss_cls: 0.0832  decode.d3.loss_mask: 0.8523  decode.d3.loss_dice: 0.7837  decode.d4.loss_cls: 0.0729  decode.d4.loss_mask: 0.8496  decode.d4.loss_dice: 0.7869  decode.d5.loss_cls: 0.0628  decode.d5.loss_mask: 0.8628  decode.d5.loss_dice: 0.7984  decode.d6.loss_cls: 0.0606  decode.d6.loss_mask: 0.8540  decode.d6.loss_dice: 0.7939  decode.d7.loss_cls: 0.0624  decode.d7.loss_mask: 0.8551  decode.d7.loss_dice: 0.8072  decode.d8.loss_cls: 0.0609  decode.d8.loss_mask: 0.8508  decode.d8.loss_dice: 0.8009
2026/07/23 22:45:47 - mmengine - INFO - Iter(train) [14700/40000]  base_lr: 3.5515e-05 lr: 3.5515e-05  eta: 4:56:02  time: 0.6406  data_time: 0.0168  memory: 8434  grad_norm: 80.9942  loss: 15.3829  decode.loss_cls: 0.0311  decode.loss_mask: 0.8565  decode.loss_dice: 0.6272  decode.d0.loss_cls: 0.1235  decode.d0.loss_mask: 0.9367  decode.d0.loss_dice: 0.7013  decode.d1.loss_cls: 0.0374  decode.d1.loss_mask: 0.8785  decode.d1.loss_dice: 0.6429  decode.d2.loss_cls: 0.0297  decode.d2.loss_mask: 0.8573  decode.d2.loss_dice: 0.6294  decode.d3.loss_cls: 0.0238  decode.d3.loss_mask: 0.8553  decode.d3.loss_dice: 0.6289  decode.d4.loss_cls: 0.0255  decode.d4.loss_mask: 0.8536  decode.d4.loss_dice: 0.6351  decode.d5.loss_cls: 0.0290  decode.d5.loss_mask: 0.8484  decode.d5.loss_dice: 0.6263  decode.d6.loss_cls: 0.0273  decode.d6.loss_mask: 0.8549  decode.d6.loss_dice: 0.6206  decode.d7.loss_cls: 0.0294  decode.d7.loss_mask: 0.8498  decode.d7.loss_dice: 0.6177  decode.d8.loss_cls: 0.0290  decode.d8.loss_mask: 0.8567  decode.d8.loss_dice: 0.6202
2026/07/23 22:46:51 - mmengine - INFO - Iter(train) [14800/40000]  base_lr: 3.5388e-05 lr: 3.5388e-05  eta: 4:54:41  time: 0.6367  data_time: 0.0155  memory: 8424  grad_norm: 80.3589  loss: 19.3922  decode.loss_cls: 0.0312  decode.loss_mask: 1.0467  decode.loss_dice: 0.8313  decode.d0.loss_cls: 0.1394  decode.d0.loss_mask: 1.1065  decode.d0.loss_dice: 0.8884  decode.d1.loss_cls: 0.0577  decode.d1.loss_mask: 1.0548  decode.d1.loss_dice: 0.8196  decode.d2.loss_cls: 0.0456  decode.d2.loss_mask: 1.0522  decode.d2.loss_dice: 0.8172  decode.d3.loss_cls: 0.0371  decode.d3.loss_mask: 1.0602  decode.d3.loss_dice: 0.8144  decode.d4.loss_cls: 0.0289  decode.d4.loss_mask: 1.0572  decode.d4.loss_dice: 0.8267  decode.d5.loss_cls: 0.0305  decode.d5.loss_mask: 1.0510  decode.d5.loss_dice: 0.8375  decode.d6.loss_cls: 0.0366  decode.d6.loss_mask: 1.0475  decode.d6.loss_dice: 0.8356  decode.d7.loss_cls: 0.0368  decode.d7.loss_mask: 1.0484  decode.d7.loss_dice: 0.8300  decode.d8.loss_cls: 0.0373  decode.d8.loss_mask: 1.0465  decode.d8.loss_dice: 0.8396
2026/07/23 22:47:54 - mmengine - INFO - Iter(train) [14900/40000]  base_lr: 3.5262e-05 lr: 3.5262e-05  eta: 4:53:19  time: 0.6534  data_time: 0.0191  memory: 8434  grad_norm: 60.2930  loss: 15.1190  decode.loss_cls: 0.0317  decode.loss_mask: 0.7859  decode.loss_dice: 0.6762  decode.d0.loss_cls: 0.1105  decode.d0.loss_mask: 0.8123  decode.d0.loss_dice: 0.6982  decode.d1.loss_cls: 0.0598  decode.d1.loss_mask: 0.7766  decode.d1.loss_dice: 0.6729  decode.d2.loss_cls: 0.0572  decode.d2.loss_mask: 0.7795  decode.d2.loss_dice: 0.6711  decode.d3.loss_cls: 0.0478  decode.d3.loss_mask: 0.7751  decode.d3.loss_dice: 0.6754  decode.d4.loss_cls: 0.0521  decode.d4.loss_mask: 0.7789  decode.d4.loss_dice: 0.6649  decode.d5.loss_cls: 0.0477  decode.d5.loss_mask: 0.7717  decode.d5.loss_dice: 0.6696  decode.d6.loss_cls: 0.0477  decode.d6.loss_mask: 0.7785  decode.d6.loss_dice: 0.6714  decode.d7.loss_cls: 0.0351  decode.d7.loss_mask: 0.7906  decode.d7.loss_dice: 0.6820  decode.d8.loss_cls: 0.0335  decode.d8.loss_mask: 0.7895  decode.d8.loss_dice: 0.6756
2026/07/23 22:48:58 - mmengine - INFO - Exp name: fusion_vits_m2f_nocont_23999_20260723_192916
2026/07/23 22:48:58 - mmengine - INFO - Iter(train) [15000/40000]  base_lr: 3.5135e-05 lr: 3.5135e-05  eta: 4:51:58  time: 0.6341  data_time: 0.0175  memory: 8434  grad_norm: 51.0192  loss: 9.8095  decode.loss_cls: 0.0113  decode.loss_mask: 0.4969  decode.loss_dice: 0.4590  decode.d0.loss_cls: 0.0919  decode.d0.loss_mask: 0.5122  decode.d0.loss_dice: 0.5078  decode.d1.loss_cls: 0.0317  decode.d1.loss_mask: 0.4976  decode.d1.loss_dice: 0.4616  decode.d2.loss_cls: 0.0157  decode.d2.loss_mask: 0.4997  decode.d2.loss_dice: 0.4506  decode.d3.loss_cls: 0.0095  decode.d3.loss_mask: 0.4976  decode.d3.loss_dice: 0.4607  decode.d4.loss_cls: 0.0111  decode.d4.loss_mask: 0.4947  decode.d4.loss_dice: 0.4585  decode.d5.loss_cls: 0.0136  decode.d5.loss_mask: 0.4928  decode.d5.loss_dice: 0.4558  decode.d6.loss_cls: 0.0104  decode.d6.loss_mask: 0.4930  decode.d6.loss_dice: 0.4606  decode.d7.loss_cls: 0.0100  decode.d7.loss_mask: 0.4933  decode.d7.loss_dice: 0.4504  decode.d8.loss_cls: 0.0119  decode.d8.loss_mask: 0.4934  decode.d8.loss_dice: 0.4562
2026/07/23 22:50:01 - mmengine - INFO - Iter(train) [15100/40000]  base_lr: 3.5009e-05 lr: 3.5009e-05  eta: 4:50:36  time: 0.6459  data_time: 0.0190  memory: 8434  grad_norm: 69.8081  loss: 13.6622  decode.loss_cls: 0.0225  decode.loss_mask: 0.7466  decode.loss_dice: 0.5715  decode.d0.loss_cls: 0.1822  decode.d0.loss_mask: 0.8485  decode.d0.loss_dice: 0.6095  decode.d1.loss_cls: 0.0323  decode.d1.loss_mask: 0.7629  decode.d1.loss_dice: 0.5642  decode.d2.loss_cls: 0.0246  decode.d2.loss_mask: 0.7521  decode.d2.loss_dice: 0.5614  decode.d3.loss_cls: 0.0238  decode.d3.loss_mask: 0.7474  decode.d3.loss_dice: 0.5613  decode.d4.loss_cls: 0.0231  decode.d4.loss_mask: 0.7464  decode.d4.loss_dice: 0.5594  decode.d5.loss_cls: 0.0252  decode.d5.loss_mask: 0.7445  decode.d5.loss_dice: 0.5654  decode.d6.loss_cls: 0.0218  decode.d6.loss_mask: 0.7424  decode.d6.loss_dice: 0.5626  decode.d7.loss_cls: 0.0216  decode.d7.loss_mask: 0.7443  decode.d7.loss_dice: 0.5649  decode.d8.loss_cls: 0.0198  decode.d8.loss_mask: 0.7426  decode.d8.loss_dice: 0.5674
2026/07/23 22:51:04 - mmengine - INFO - Iter(train) [15200/40000]  base_lr: 3.4882e-05 lr: 3.4882e-05  eta: 4:49:15  time: 0.6229  data_time: 0.0176  memory: 8424  grad_norm: 69.6072  loss: 13.8801  decode.loss_cls: 0.0181  decode.loss_mask: 0.6952  decode.loss_dice: 0.6320  decode.d0.loss_cls: 0.1238  decode.d0.loss_mask: 0.7419  decode.d0.loss_dice: 0.7134  decode.d1.loss_cls: 0.0647  decode.d1.loss_mask: 0.6998  decode.d1.loss_dice: 0.6518  decode.d2.loss_cls: 0.0458  decode.d2.loss_mask: 0.6998  decode.d2.loss_dice: 0.6309  decode.d3.loss_cls: 0.0251  decode.d3.loss_mask: 0.7048  decode.d3.loss_dice: 0.6235  decode.d4.loss_cls: 0.0275  decode.d4.loss_mask: 0.6945  decode.d4.loss_dice: 0.6290  decode.d5.loss_cls: 0.0306  decode.d5.loss_mask: 0.6973  decode.d5.loss_dice: 0.6390  decode.d6.loss_cls: 0.0195  decode.d6.loss_mask: 0.7008  decode.d6.loss_dice: 0.6412  decode.d7.loss_cls: 0.0180  decode.d7.loss_mask: 0.7000  decode.d7.loss_dice: 0.6408  decode.d8.loss_cls: 0.0267  decode.d8.loss_mask: 0.7037  decode.d8.loss_dice: 0.6410
2026/07/23 22:52:10 - mmengine - INFO - Iter(train) [15300/40000]  base_lr: 3.4756e-05 lr: 3.4756e-05  eta: 4:47:58  time: 0.7378  data_time: 0.0213  memory: 8434  grad_norm: 61.8414  loss: 16.7536  decode.loss_cls: 0.0098  decode.loss_mask: 0.9377  decode.loss_dice: 0.7149  decode.d0.loss_cls: 0.0995  decode.d0.loss_mask: 0.9754  decode.d0.loss_dice: 0.7205  decode.d1.loss_cls: 0.0295  decode.d1.loss_mask: 0.9438  decode.d1.loss_dice: 0.7133  decode.d2.loss_cls: 0.0187  decode.d2.loss_mask: 0.9322  decode.d2.loss_dice: 0.7012  decode.d3.loss_cls: 0.0187  decode.d3.loss_mask: 0.9393  decode.d3.loss_dice: 0.7036  decode.d4.loss_cls: 0.0104  decode.d4.loss_mask: 0.9357  decode.d4.loss_dice: 0.7067  decode.d5.loss_cls: 0.0132  decode.d5.loss_mask: 0.9391  decode.d5.loss_dice: 0.7042  decode.d6.loss_cls: 0.0108  decode.d6.loss_mask: 0.9380  decode.d6.loss_dice: 0.7146  decode.d7.loss_cls: 0.0123  decode.d7.loss_mask: 0.9403  decode.d7.loss_dice: 0.7164  decode.d8.loss_cls: 0.0105  decode.d8.loss_mask: 0.9378  decode.d8.loss_dice: 0.7057
2026/07/23 22:53:20 - mmengine - INFO - Iter(train) [15400/40000]  base_lr: 3.4629e-05 lr: 3.4629e-05  eta: 4:46:49  time: 0.6203  data_time: 0.0183  memory: 8434  grad_norm: 58.9442  loss: 9.5757  decode.loss_cls: 0.0200  decode.loss_mask: 0.4925  decode.loss_dice: 0.4394  decode.d0.loss_cls: 0.1175  decode.d0.loss_mask: 0.5271  decode.d0.loss_dice: 0.4600  decode.d1.loss_cls: 0.0390  decode.d1.loss_mask: 0.4915  decode.d1.loss_dice: 0.4226  decode.d2.loss_cls: 0.0183  decode.d2.loss_mask: 0.4882  decode.d2.loss_dice: 0.4289  decode.d3.loss_cls: 0.0220  decode.d3.loss_mask: 0.4853  decode.d3.loss_dice: 0.4402  decode.d4.loss_cls: 0.0226  decode.d4.loss_mask: 0.4884  decode.d4.loss_dice: 0.4298  decode.d5.loss_cls: 0.0229  decode.d5.loss_mask: 0.4899  decode.d5.loss_dice: 0.4328  decode.d6.loss_cls: 0.0180  decode.d6.loss_mask: 0.4923  decode.d6.loss_dice: 0.4215  decode.d7.loss_cls: 0.0171  decode.d7.loss_mask: 0.4892  decode.d7.loss_dice: 0.4228  decode.d8.loss_cls: 0.0199  decode.d8.loss_mask: 0.4905  decode.d8.loss_dice: 0.4258
2026/07/23 22:54:24 - mmengine - INFO - Iter(train) [15500/40000]  base_lr: 3.4502e-05 lr: 3.4502e-05  eta: 4:45:30  time: 0.6338  data_time: 0.0151  memory: 8434  grad_norm: 81.2174  loss: 16.9024  decode.loss_cls: 0.0561  decode.loss_mask: 0.8766  decode.loss_dice: 0.7430  decode.d0.loss_cls: 0.1000  decode.d0.loss_mask: 0.9377  decode.d0.loss_dice: 0.7474  decode.d1.loss_cls: 0.0727  decode.d1.loss_mask: 0.8992  decode.d1.loss_dice: 0.7546  decode.d2.loss_cls: 0.0602  decode.d2.loss_mask: 0.9067  decode.d2.loss_dice: 0.7528  decode.d3.loss_cls: 0.0610  decode.d3.loss_mask: 0.8816  decode.d3.loss_dice: 0.7292  decode.d4.loss_cls: 0.0663  decode.d4.loss_mask: 0.8698  decode.d4.loss_dice: 0.7343  decode.d5.loss_cls: 0.0611  decode.d5.loss_mask: 0.8692  decode.d5.loss_dice: 0.7283  decode.d6.loss_cls: 0.0604  decode.d6.loss_mask: 0.8679  decode.d6.loss_dice: 0.7349  decode.d7.loss_cls: 0.0642  decode.d7.loss_mask: 0.8661  decode.d7.loss_dice: 0.7346  decode.d8.loss_cls: 0.0615  decode.d8.loss_mask: 0.8666  decode.d8.loss_dice: 0.7384
2026/07/23 22:55:57 - mmengine - INFO - Iter(train) [15600/40000]  base_lr: 3.4376e-05 lr: 3.4376e-05  eta: 4:44:55  time: 0.9707  data_time: 0.3651  memory: 8434  grad_norm: 99.3047  loss: 18.9165  decode.loss_cls: 0.0148  decode.loss_mask: 1.0427  decode.loss_dice: 0.8138  decode.d0.loss_cls: 0.1239  decode.d0.loss_mask: 1.0910  decode.d0.loss_dice: 0.8260  decode.d1.loss_cls: 0.0348  decode.d1.loss_mask: 1.0670  decode.d1.loss_dice: 0.8011  decode.d2.loss_cls: 0.0223  decode.d2.loss_mask: 1.0606  decode.d2.loss_dice: 0.7918  decode.d3.loss_cls: 0.0193  decode.d3.loss_mask: 1.0530  decode.d3.loss_dice: 0.8014  decode.d4.loss_cls: 0.0187  decode.d4.loss_mask: 1.0486  decode.d4.loss_dice: 0.7964  decode.d5.loss_cls: 0.0206  decode.d5.loss_mask: 1.0479  decode.d5.loss_dice: 0.8067  decode.d6.loss_cls: 0.0170  decode.d6.loss_mask: 1.0406  decode.d6.loss_dice: 0.7948  decode.d7.loss_cls: 0.0230  decode.d7.loss_mask: 1.0465  decode.d7.loss_dice: 0.8114  decode.d8.loss_cls: 0.0201  decode.d8.loss_mask: 1.0444  decode.d8.loss_dice: 0.8161
2026/07/23 22:57:00 - mmengine - INFO - Iter(train) [15700/40000]  base_lr: 3.4249e-05 lr: 3.4249e-05  eta: 4:43:36  time: 0.6392  data_time: 0.0180  memory: 8424  grad_norm: 75.2534  loss: 15.9902  decode.loss_cls: 0.0099  decode.loss_mask: 0.8730  decode.loss_dice: 0.6968  decode.d0.loss_cls: 0.1106  decode.d0.loss_mask: 0.8921  decode.d0.loss_dice: 0.7211  decode.d1.loss_cls: 0.0277  decode.d1.loss_mask: 0.8750  decode.d1.loss_dice: 0.7071  decode.d2.loss_cls: 0.0130  decode.d2.loss_mask: 0.8770  decode.d2.loss_dice: 0.7035  decode.d3.loss_cls: 0.0058  decode.d3.loss_mask: 0.8758  decode.d3.loss_dice: 0.6939  decode.d4.loss_cls: 0.0098  decode.d4.loss_mask: 0.8803  decode.d4.loss_dice: 0.6858  decode.d5.loss_cls: 0.0052  decode.d5.loss_mask: 0.8805  decode.d5.loss_dice: 0.6948  decode.d6.loss_cls: 0.0100  decode.d6.loss_mask: 0.8767  decode.d6.loss_dice: 0.6919  decode.d7.loss_cls: 0.0091  decode.d7.loss_mask: 0.8806  decode.d7.loss_dice: 0.6936  decode.d8.loss_cls: 0.0054  decode.d8.loss_mask: 0.8819  decode.d8.loss_dice: 0.7022
2026/07/23 22:58:04 - mmengine - INFO - Iter(train) [15800/40000]  base_lr: 3.4122e-05 lr: 3.4122e-05  eta: 4:42:16  time: 0.6477  data_time: 0.0199  memory: 8434  grad_norm: 79.2345  loss: 17.5898  decode.loss_cls: 0.0080  decode.loss_mask: 0.9202  decode.loss_dice: 0.8069  decode.d0.loss_cls: 0.0913  decode.d0.loss_mask: 0.9988  decode.d0.loss_dice: 0.8467  decode.d1.loss_cls: 0.0237  decode.d1.loss_mask: 0.9213  decode.d1.loss_dice: 0.8058  decode.d2.loss_cls: 0.0259  decode.d2.loss_mask: 0.9184  decode.d2.loss_dice: 0.8003  decode.d3.loss_cls: 0.0094  decode.d3.loss_mask: 0.9210  decode.d3.loss_dice: 0.8101  decode.d4.loss_cls: 0.0108  decode.d4.loss_mask: 0.9160  decode.d4.loss_dice: 0.8070  decode.d5.loss_cls: 0.0106  decode.d5.loss_mask: 0.9197  decode.d5.loss_dice: 0.8094  decode.d6.loss_cls: 0.0085  decode.d6.loss_mask: 0.9210  decode.d6.loss_dice: 0.8041  decode.d7.loss_cls: 0.0099  decode.d7.loss_mask: 0.9212  decode.d7.loss_dice: 0.8069  decode.d8.loss_cls: 0.0084  decode.d8.loss_mask: 0.9190  decode.d8.loss_dice: 0.8091
2026/07/23 22:59:08 - mmengine - INFO - Iter(train) [15900/40000]  base_lr: 3.3995e-05 lr: 3.3995e-05  eta: 4:40:57  time: 0.6409  data_time: 0.0413  memory: 8434  grad_norm: 73.5689  loss: 15.8720  decode.loss_cls: 0.0503  decode.loss_mask: 0.7944  decode.loss_dice: 0.7329  decode.d0.loss_cls: 0.1269  decode.d0.loss_mask: 0.8572  decode.d0.loss_dice: 0.7687  decode.d1.loss_cls: 0.0651  decode.d1.loss_mask: 0.8076  decode.d1.loss_dice: 0.7211  decode.d2.loss_cls: 0.0575  decode.d2.loss_mask: 0.7954  decode.d2.loss_dice: 0.7404  decode.d3.loss_cls: 0.0496  decode.d3.loss_mask: 0.7896  decode.d3.loss_dice: 0.7218  decode.d4.loss_cls: 0.0488  decode.d4.loss_mask: 0.7833  decode.d4.loss_dice: 0.7086  decode.d5.loss_cls: 0.0502  decode.d5.loss_mask: 0.7802  decode.d5.loss_dice: 0.7223  decode.d6.loss_cls: 0.0462  decode.d6.loss_mask: 0.7841  decode.d6.loss_dice: 0.7377  decode.d7.loss_cls: 0.0484  decode.d7.loss_mask: 0.7870  decode.d7.loss_dice: 0.7457  decode.d8.loss_cls: 0.0507  decode.d8.loss_mask: 0.7881  decode.d8.loss_dice: 0.7122
2026/07/23 23:00:13 - mmengine - INFO - Exp name: fusion_vits_m2f_nocont_23999_20260723_192916
2026/07/23 23:00:13 - mmengine - INFO - Iter(train) [16000/40000]  base_lr: 3.3868e-05 lr: 3.3868e-05  eta: 4:39:38  time: 0.6340  data_time: 0.0174  memory: 8424  grad_norm: 72.3662  loss: 13.0425  decode.loss_cls: 0.0457  decode.loss_mask: 0.6212  decode.loss_dice: 0.5951  decode.d0.loss_cls: 0.1429  decode.d0.loss_mask: 0.7138  decode.d0.loss_dice: 0.7141  decode.d1.loss_cls: 0.0739  decode.d1.loss_mask: 0.6347  decode.d1.loss_dice: 0.6133  decode.d2.loss_cls: 0.0441  decode.d2.loss_mask: 0.6227  decode.d2.loss_dice: 0.6031  decode.d3.loss_cls: 0.0408  decode.d3.loss_mask: 0.6208  decode.d3.loss_dice: 0.6100  decode.d4.loss_cls: 0.0320  decode.d4.loss_mask: 0.6233  decode.d4.loss_dice: 0.6066  decode.d5.loss_cls: 0.0342  decode.d5.loss_mask: 0.6233  decode.d5.loss_dice: 0.6086  decode.d6.loss_cls: 0.0453  decode.d6.loss_mask: 0.6239  decode.d6.loss_dice: 0.6012  decode.d7.loss_cls: 0.0424  decode.d7.loss_mask: 0.6252  decode.d7.loss_dice: 0.6111  decode.d8.loss_cls: 0.0413  decode.d8.loss_mask: 0.6236  decode.d8.loss_dice: 0.6045
2026/07/23 23:00:13 - mmengine - INFO - Saving checkpoint at 16000 iterations
2026/07/23 23:01:16 - mmengine - INFO - Iter(val) [100/504]    eta: 0:02:34  time: 0.3252  data_time: 0.1299  memory: 3245  
2026/07/23 23:01:36 - mmengine - INFO - Iter(val) [200/504]    eta: 0:01:29  time: 0.2331  data_time: 0.0368  memory: 3245  
2026/07/23 23:02:04 - mmengine - INFO - Iter(val) [300/504]    eta: 0:00:59  time: 0.2069  data_time: 0.0082  memory: 3245  
2026/07/23 23:03:00 - mmengine - INFO - Iter(val) [400/504]    eta: 0:00:37  time: 0.6456  data_time: 0.4072  memory: 3245  
2026/07/23 23:03:51 - mmengine - INFO - Iter(val) [500/504]    eta: 0:00:01  time: 0.6937  data_time: 0.5009  memory: 3245  
2026/07/23 23:03:59 - mmengine - INFO - per class results:
2026/07/23 23:03:59 - mmengine - INFO - 
+--------------------+-------+-------+--------+-----------+--------+
|       Class        |  IoU  |  Acc  | Fscore | Precision | Recall |
+--------------------+-------+-------+--------+-----------+--------+
| impervious_surface | 86.19 | 89.13 | 92.58  |   96.31   | 89.13  |
|      building      | 94.16 | 98.69 | 96.99  |   95.36   | 98.69  |
|   low_vegetation   | 77.97 | 92.86 | 87.62  |   82.95   | 92.86  |
|        tree        | 79.23 | 84.74 | 88.41  |   92.42   | 84.74  |
|        car         | 92.82 | 94.05 | 96.28  |   98.62   | 94.05  |
+--------------------+-------+-------+--------+-----------+--------+
2026/07/23 23:03:59 - mmengine - INFO - Iter(val) [504/504]    aAcc: 91.4600  mIoU: 86.0700  mAcc: 91.8900  mFscore: 92.3800  mPrecision: 93.1300  mRecall: 91.8900  data_time: 0.1919  time: 0.3886
2026/07/23 23:05:03 - mmengine - INFO - Iter(train) [16100/40000]  base_lr: 3.3741e-05 lr: 3.3741e-05  eta: 4:38:28  time: 0.6180  data_time: 0.0165  memory: 8434  grad_norm: 87.9031  loss: 19.4700  decode.loss_cls: 0.0568  decode.loss_mask: 0.9896  decode.loss_dice: 0.8478  decode.d0.loss_cls: 0.2547  decode.d0.loss_mask: 1.0715  decode.d0.loss_dice: 0.9642  decode.d1.loss_cls: 0.1165  decode.d1.loss_mask: 1.0257  decode.d1.loss_dice: 0.8321  decode.d2.loss_cls: 0.0835  decode.d2.loss_mask: 0.9968  decode.d2.loss_dice: 0.8362  decode.d3.loss_cls: 0.0852  decode.d3.loss_mask: 0.9904  decode.d3.loss_dice: 0.8217  decode.d4.loss_cls: 0.0625  decode.d4.loss_mask: 0.9916  decode.d4.loss_dice: 0.8528  decode.d5.loss_cls: 0.0599  decode.d5.loss_mask: 0.9875  decode.d5.loss_dice: 0.8513  decode.d6.loss_cls: 0.0793  decode.d6.loss_mask: 0.9823  decode.d6.loss_dice: 0.8409  decode.d7.loss_cls: 0.0770  decode.d7.loss_mask: 0.9799  decode.d7.loss_dice: 0.8339  decode.d8.loss_cls: 0.0746  decode.d8.loss_mask: 0.9831  decode.d8.loss_dice: 0.8406
2026/07/23 23:06:18 - mmengine - INFO - Iter(train) [16200/40000]  base_lr: 3.3614e-05 lr: 3.3614e-05  eta: 4:37:26  time: 0.6698  data_time: 0.0164  memory: 8434  grad_norm: 59.6536  loss: 13.3323  decode.loss_cls: 0.0051  decode.loss_mask: 0.7227  decode.loss_dice: 0.5968  decode.d0.loss_cls: 0.0874  decode.d0.loss_mask: 0.7637  decode.d0.loss_dice: 0.6162  decode.d1.loss_cls: 0.0145  decode.d1.loss_mask: 0.7211  decode.d1.loss_dice: 0.5943  decode.d2.loss_cls: 0.0042  decode.d2.loss_mask: 0.7210  decode.d2.loss_dice: 0.5978  decode.d3.loss_cls: 0.0029  decode.d3.loss_mask: 0.7221  decode.d3.loss_dice: 0.5951  decode.d4.loss_cls: 0.0028  decode.d4.loss_mask: 0.7196  decode.d4.loss_dice: 0.5881  decode.d5.loss_cls: 0.0028  decode.d5.loss_mask: 0.7170  decode.d5.loss_dice: 0.5936  decode.d6.loss_cls: 0.0030  decode.d6.loss_mask: 0.7195  decode.d6.loss_dice: 0.5916  decode.d7.loss_cls: 0.0034  decode.d7.loss_mask: 0.7169  decode.d7.loss_dice: 0.5889  decode.d8.loss_cls: 0.0051  decode.d8.loss_mask: 0.7235  decode.d8.loss_dice: 0.5916
2026/07/23 23:07:24 - mmengine - INFO - Iter(train) [16300/40000]  base_lr: 3.3487e-05 lr: 3.3487e-05  eta: 4:36:09  time: 0.6280  data_time: 0.0147  memory: 8434  grad_norm: 57.3614  loss: 10.7656  decode.loss_cls: 0.0758  decode.loss_mask: 0.4139  decode.loss_dice: 0.5726  decode.d0.loss_cls: 0.1602  decode.d0.loss_mask: 0.4266  decode.d0.loss_dice: 0.6561  decode.d1.loss_cls: 0.1094  decode.d1.loss_mask: 0.4173  decode.d1.loss_dice: 0.5637  decode.d2.loss_cls: 0.0835  decode.d2.loss_mask: 0.4153  decode.d2.loss_dice: 0.5778  decode.d3.loss_cls: 0.0650  decode.d3.loss_mask: 0.4123  decode.d3.loss_dice: 0.5831  decode.d4.loss_cls: 0.0654  decode.d4.loss_mask: 0.4110  decode.d4.loss_dice: 0.5530  decode.d5.loss_cls: 0.0619  decode.d5.loss_mask: 0.4071  decode.d5.loss_dice: 0.5589  decode.d6.loss_cls: 0.0675  decode.d6.loss_mask: 0.4111  decode.d6.loss_dice: 0.5852  decode.d7.loss_cls: 0.0734  decode.d7.loss_mask: 0.4105  decode.d7.loss_dice: 0.5587  decode.d8.loss_cls: 0.0685  decode.d8.loss_mask: 0.4086  decode.d8.loss_dice: 0.5921
2026/07/23 23:08:41 - mmengine - INFO - Iter(train) [16400/40000]  base_lr: 3.3360e-05 lr: 3.3360e-05  eta: 4:35:11  time: 0.6454  data_time: 0.0173  memory: 8434  grad_norm: 71.5363  loss: 14.1116  decode.loss_cls: 0.0173  decode.loss_mask: 0.7005  decode.loss_dice: 0.6613  decode.d0.loss_cls: 0.1342  decode.d0.loss_mask: 0.7633  decode.d0.loss_dice: 0.7366  decode.d1.loss_cls: 0.0519  decode.d1.loss_mask: 0.7043  decode.d1.loss_dice: 0.6632  decode.d2.loss_cls: 0.0326  decode.d2.loss_mask: 0.7037  decode.d2.loss_dice: 0.6621  decode.d3.loss_cls: 0.0232  decode.d3.loss_mask: 0.6996  decode.d3.loss_dice: 0.6595  decode.d4.loss_cls: 0.0251  decode.d4.loss_mask: 0.7081  decode.d4.loss_dice: 0.6663  decode.d5.loss_cls: 0.0189  decode.d5.loss_mask: 0.6998  decode.d5.loss_dice: 0.6572  decode.d6.loss_cls: 0.0188  decode.d6.loss_mask: 0.6978  decode.d6.loss_dice: 0.6596  decode.d7.loss_cls: 0.0163  decode.d7.loss_mask: 0.6967  decode.d7.loss_dice: 0.6607  decode.d8.loss_cls: 0.0147  decode.d8.loss_mask: 0.7031  decode.d8.loss_dice: 0.6554
2026/07/23 23:09:49 - mmengine - INFO - Iter(train) [16500/40000]  base_lr: 3.3232e-05 lr: 3.3232e-05  eta: 4:33:57  time: 0.6217  data_time: 0.0155  memory: 8424  grad_norm: 77.7219  loss: 16.9522  decode.loss_cls: 0.0230  decode.loss_mask: 0.9243  decode.loss_dice: 0.7240  decode.d0.loss_cls: 0.1208  decode.d0.loss_mask: 0.9589  decode.d0.loss_dice: 0.7431  decode.d1.loss_cls: 0.0563  decode.d1.loss_mask: 0.9235  decode.d1.loss_dice: 0.7350  decode.d2.loss_cls: 0.0300  decode.d2.loss_mask: 0.9218  decode.d2.loss_dice: 0.7387  decode.d3.loss_cls: 0.0339  decode.d3.loss_mask: 0.9104  decode.d3.loss_dice: 0.7384  decode.d4.loss_cls: 0.0265  decode.d4.loss_mask: 0.9168  decode.d4.loss_dice: 0.7305  decode.d5.loss_cls: 0.0231  decode.d5.loss_mask: 0.9204  decode.d5.loss_dice: 0.7242  decode.d6.loss_cls: 0.0280  decode.d6.loss_mask: 0.9215  decode.d6.loss_dice: 0.7171  decode.d7.loss_cls: 0.0286  decode.d7.loss_mask: 0.9185  decode.d7.loss_dice: 0.7364  decode.d8.loss_cls: 0.0235  decode.d8.loss_mask: 0.9251  decode.d8.loss_dice: 0.7299
2026/07/23 23:10:54 - mmengine - INFO - Iter(train) [16600/40000]  base_lr: 3.3105e-05 lr: 3.3105e-05  eta: 4:32:40  time: 0.6405  data_time: 0.0215  memory: 8424  grad_norm: 67.3183  loss: 14.2172  decode.loss_cls: 0.0132  decode.loss_mask: 0.7496  decode.loss_dice: 0.6500  decode.d0.loss_cls: 0.0986  decode.d0.loss_mask: 0.7821  decode.d0.loss_dice: 0.6522  decode.d1.loss_cls: 0.0385  decode.d1.loss_mask: 0.7490  decode.d1.loss_dice: 0.6618  decode.d2.loss_cls: 0.0186  decode.d2.loss_mask: 0.7502  decode.d2.loss_dice: 0.6341  decode.d3.loss_cls: 0.0139  decode.d3.loss_mask: 0.7513  decode.d3.loss_dice: 0.6403  decode.d4.loss_cls: 0.0136  decode.d4.loss_mask: 0.7480  decode.d4.loss_dice: 0.6367  decode.d5.loss_cls: 0.0141  decode.d5.loss_mask: 0.7526  decode.d5.loss_dice: 0.6427  decode.d6.loss_cls: 0.0080  decode.d6.loss_mask: 0.7491  decode.d6.loss_dice: 0.6370  decode.d7.loss_cls: 0.0070  decode.d7.loss_mask: 0.7507  decode.d7.loss_dice: 0.6378  decode.d8.loss_cls: 0.0204  decode.d8.loss_mask: 0.7528  decode.d8.loss_dice: 0.6434
2026/07/23 23:12:08 - mmengine - INFO - Iter(train) [16700/40000]  base_lr: 3.2978e-05 lr: 3.2978e-05  eta: 4:31:36  time: 0.6249  data_time: 0.0171  memory: 8434  grad_norm: 61.7630  loss: 14.1295  decode.loss_cls: 0.0229  decode.loss_mask: 0.7667  decode.loss_dice: 0.6084  decode.d0.loss_cls: 0.0789  decode.d0.loss_mask: 0.8005  decode.d0.loss_dice: 0.6399  decode.d1.loss_cls: 0.0338  decode.d1.loss_mask: 0.7686  decode.d1.loss_dice: 0.6265  decode.d2.loss_cls: 0.0253  decode.d2.loss_mask: 0.7711  decode.d2.loss_dice: 0.6086  decode.d3.loss_cls: 0.0225  decode.d3.loss_mask: 0.7688  decode.d3.loss_dice: 0.6085  decode.d4.loss_cls: 0.0205  decode.d4.loss_mask: 0.7672  decode.d4.loss_dice: 0.6110  decode.d5.loss_cls: 0.0207  decode.d5.loss_mask: 0.7663  decode.d5.loss_dice: 0.6052  decode.d6.loss_cls: 0.0239  decode.d6.loss_mask: 0.7679  decode.d6.loss_dice: 0.6063  decode.d7.loss_cls: 0.0229  decode.d7.loss_mask: 0.7636  decode.d7.loss_dice: 0.6033  decode.d8.loss_cls: 0.0236  decode.d8.loss_mask: 0.7667  decode.d8.loss_dice: 0.6094
2026/07/23 23:13:11 - mmengine - INFO - Iter(train) [16800/40000]  base_lr: 3.2850e-05 lr: 3.2850e-05  eta: 4:30:17  time: 0.6197  data_time: 0.0162  memory: 8434  grad_norm: 68.6145  loss: 15.1885  decode.loss_cls: 0.0087  decode.loss_mask: 0.7925  decode.loss_dice: 0.7078  decode.d0.loss_cls: 0.0858  decode.d0.loss_mask: 0.8225  decode.d0.loss_dice: 0.7118  decode.d1.loss_cls: 0.0206  decode.d1.loss_mask: 0.7958  decode.d1.loss_dice: 0.6988  decode.d2.loss_cls: 0.0108  decode.d2.loss_mask: 0.7849  decode.d2.loss_dice: 0.6981  decode.d3.loss_cls: 0.0040  decode.d3.loss_mask: 0.7953  decode.d3.loss_dice: 0.7141  decode.d4.loss_cls: 0.0039  decode.d4.loss_mask: 0.7929  decode.d4.loss_dice: 0.7051  decode.d5.loss_cls: 0.0033  decode.d5.loss_mask: 0.7960  decode.d5.loss_dice: 0.7133  decode.d6.loss_cls: 0.0080  decode.d6.loss_mask: 0.7919  decode.d6.loss_dice: 0.7074  decode.d7.loss_cls: 0.0084  decode.d7.loss_mask: 0.7932  decode.d7.loss_dice: 0.7087  decode.d8.loss_cls: 0.0084  decode.d8.loss_mask: 0.7893  decode.d8.loss_dice: 0.7071
2026/07/23 23:14:17 - mmengine - INFO - Iter(train) [16900/40000]  base_lr: 3.2723e-05 lr: 3.2723e-05  eta: 4:29:02  time: 0.6542  data_time: 0.0182  memory: 8424  grad_norm: 67.6656  loss: 13.9480  decode.loss_cls: 0.0255  decode.loss_mask: 0.7040  decode.loss_dice: 0.6445  decode.d0.loss_cls: 0.0997  decode.d0.loss_mask: 0.7438  decode.d0.loss_dice: 0.7266  decode.d1.loss_cls: 0.0462  decode.d1.loss_mask: 0.7139  decode.d1.loss_dice: 0.6355  decode.d2.loss_cls: 0.0239  decode.d2.loss_mask: 0.7078  decode.d2.loss_dice: 0.6538  decode.d3.loss_cls: 0.0176  decode.d3.loss_mask: 0.6989  decode.d3.loss_dice: 0.6537  decode.d4.loss_cls: 0.0172  decode.d4.loss_mask: 0.6978  decode.d4.loss_dice: 0.6465  decode.d5.loss_cls: 0.0180  decode.d5.loss_mask: 0.7009  decode.d5.loss_dice: 0.6481  decode.d6.loss_cls: 0.0289  decode.d6.loss_mask: 0.7021  decode.d6.loss_dice: 0.6462  decode.d7.loss_cls: 0.0191  decode.d7.loss_mask: 0.7029  decode.d7.loss_dice: 0.6509  decode.d8.loss_cls: 0.0248  decode.d8.loss_mask: 0.6997  decode.d8.loss_dice: 0.6494
2026/07/23 23:15:22 - mmengine - INFO - Exp name: fusion_vits_m2f_nocont_23999_20260723_192916
2026/07/23 23:15:22 - mmengine - INFO - Iter(train) [17000/40000]  base_lr: 3.2595e-05 lr: 3.2595e-05  eta: 4:27:44  time: 0.6250  data_time: 0.0167  memory: 8434  grad_norm: 93.7983  loss: 17.9385  decode.loss_cls: 0.0814  decode.loss_mask: 0.8833  decode.loss_dice: 0.8074  decode.d0.loss_cls: 0.1246  decode.d0.loss_mask: 1.0138  decode.d0.loss_dice: 0.9689  decode.d1.loss_cls: 0.0734  decode.d1.loss_mask: 0.8891  decode.d1.loss_dice: 0.8095  decode.d2.loss_cls: 0.0767  decode.d2.loss_mask: 0.8824  decode.d2.loss_dice: 0.7852  decode.d3.loss_cls: 0.0787  decode.d3.loss_mask: 0.8847  decode.d3.loss_dice: 0.7943  decode.d4.loss_cls: 0.0767  decode.d4.loss_mask: 0.8815  decode.d4.loss_dice: 0.7882  decode.d5.loss_cls: 0.0826  decode.d5.loss_mask: 0.8830  decode.d5.loss_dice: 0.7979  decode.d6.loss_cls: 0.0722  decode.d6.loss_mask: 0.8808  decode.d6.loss_dice: 0.7945  decode.d7.loss_cls: 0.0777  decode.d7.loss_mask: 0.8870  decode.d7.loss_dice: 0.8040  decode.d8.loss_cls: 0.0817  decode.d8.loss_mask: 0.8786  decode.d8.loss_dice: 0.7987
2026/07/23 23:16:26 - mmengine - INFO - Iter(train) [17100/40000]  base_lr: 3.2468e-05 lr: 3.2468e-05  eta: 4:26:27  time: 0.6245  data_time: 0.0171  memory: 8434  grad_norm: 95.4479  loss: 14.2408  decode.loss_cls: 0.0240  decode.loss_mask: 0.7284  decode.loss_dice: 0.6416  decode.d0.loss_cls: 0.1606  decode.d0.loss_mask: 0.7867  decode.d0.loss_dice: 0.7193  decode.d1.loss_cls: 0.0468  decode.d1.loss_mask: 0.7375  decode.d1.loss_dice: 0.6408  decode.d2.loss_cls: 0.0394  decode.d2.loss_mask: 0.7251  decode.d2.loss_dice: 0.6482  decode.d3.loss_cls: 0.0353  decode.d3.loss_mask: 0.7287  decode.d3.loss_dice: 0.6380  decode.d4.loss_cls: 0.0263  decode.d4.loss_mask: 0.7332  decode.d4.loss_dice: 0.6360  decode.d5.loss_cls: 0.0247  decode.d5.loss_mask: 0.7260  decode.d5.loss_dice: 0.6320  decode.d6.loss_cls: 0.0256  decode.d6.loss_mask: 0.7223  decode.d6.loss_dice: 0.6338  decode.d7.loss_cls: 0.0242  decode.d7.loss_mask: 0.7280  decode.d7.loss_dice: 0.6318  decode.d8.loss_cls: 0.0279  decode.d8.loss_mask: 0.7336  decode.d8.loss_dice: 0.6350
2026/07/23 23:17:31 - mmengine - INFO - Iter(train) [17200/40000]  base_lr: 3.2340e-05 lr: 3.2340e-05  eta: 4:25:10  time: 0.6388  data_time: 0.0179  memory: 8434  grad_norm: 97.4034  loss: 16.6424  decode.loss_cls: 0.0285  decode.loss_mask: 0.8919  decode.loss_dice: 0.6860  decode.d0.loss_cls: 0.1702  decode.d0.loss_mask: 0.9717  decode.d0.loss_dice: 0.7892  decode.d1.loss_cls: 0.0738  decode.d1.loss_mask: 0.9252  decode.d1.loss_dice: 0.7171  decode.d2.loss_cls: 0.0575  decode.d2.loss_mask: 0.8987  decode.d2.loss_dice: 0.6996  decode.d3.loss_cls: 0.0453  decode.d3.loss_mask: 0.8990  decode.d3.loss_dice: 0.6905  decode.d4.loss_cls: 0.0410  decode.d4.loss_mask: 0.8912  decode.d4.loss_dice: 0.6877  decode.d5.loss_cls: 0.0374  decode.d5.loss_mask: 0.8910  decode.d5.loss_dice: 0.6840  decode.d6.loss_cls: 0.0314  decode.d6.loss_mask: 0.9109  decode.d6.loss_dice: 0.6895  decode.d7.loss_cls: 0.0283  decode.d7.loss_mask: 0.8962  decode.d7.loss_dice: 0.6911  decode.d8.loss_cls: 0.0277  decode.d8.loss_mask: 0.9008  decode.d8.loss_dice: 0.6903
2026/07/23 23:18:39 - mmengine - INFO - Iter(train) [17300/40000]  base_lr: 3.2212e-05 lr: 3.2212e-05  eta: 4:23:59  time: 0.6572  data_time: 0.0162  memory: 8434  grad_norm: 74.2178  loss: 12.1126  decode.loss_cls: 0.0592  decode.loss_mask: 0.6288  decode.loss_dice: 0.4842  decode.d0.loss_cls: 0.1754  decode.d0.loss_mask: 0.6791  decode.d0.loss_dice: 0.5747  decode.d1.loss_cls: 0.0920  decode.d1.loss_mask: 0.6406  decode.d1.loss_dice: 0.5073  decode.d2.loss_cls: 0.0744  decode.d2.loss_mask: 0.6283  decode.d2.loss_dice: 0.4975  decode.d3.loss_cls: 0.0692  decode.d3.loss_mask: 0.6423  decode.d3.loss_dice: 0.5110  decode.d4.loss_cls: 0.0736  decode.d4.loss_mask: 0.6171  decode.d4.loss_dice: 0.4747  decode.d5.loss_cls: 0.0721  decode.d5.loss_mask: 0.6215  decode.d5.loss_dice: 0.4803  decode.d6.loss_cls: 0.0659  decode.d6.loss_mask: 0.6230  decode.d6.loss_dice: 0.4811  decode.d7.loss_cls: 0.0654  decode.d7.loss_mask: 0.6292  decode.d7.loss_dice: 0.4829  decode.d8.loss_cls: 0.0612  decode.d8.loss_mask: 0.6273  decode.d8.loss_dice: 0.4734
2026/07/23 23:19:43 - mmengine - INFO - Iter(train) [17400/40000]  base_lr: 3.2085e-05 lr: 3.2085e-05  eta: 4:22:41  time: 0.6381  data_time: 0.0181  memory: 8424  grad_norm: 75.3338  loss: 14.9254  decode.loss_cls: 0.0215  decode.loss_mask: 0.8372  decode.loss_dice: 0.6196  decode.d0.loss_cls: 0.1211  decode.d0.loss_mask: 0.8673  decode.d0.loss_dice: 0.6404  decode.d1.loss_cls: 0.0319  decode.d1.loss_mask: 0.8506  decode.d1.loss_dice: 0.6134  decode.d2.loss_cls: 0.0201  decode.d2.loss_mask: 0.8460  decode.d2.loss_dice: 0.6089  decode.d3.loss_cls: 0.0192  decode.d3.loss_mask: 0.8510  decode.d3.loss_dice: 0.6019  decode.d4.loss_cls: 0.0211  decode.d4.loss_mask: 0.8385  decode.d4.loss_dice: 0.6098  decode.d5.loss_cls: 0.0195  decode.d5.loss_mask: 0.8409  decode.d5.loss_dice: 0.6117  decode.d6.loss_cls: 0.0212  decode.d6.loss_mask: 0.8367  decode.d6.loss_dice: 0.6204  decode.d7.loss_cls: 0.0182  decode.d7.loss_mask: 0.8341  decode.d7.loss_dice: 0.6311  decode.d8.loss_cls: 0.0216  decode.d8.loss_mask: 0.8373  decode.d8.loss_dice: 0.6134
2026/07/23 23:20:48 - mmengine - INFO - Iter(train) [17500/40000]  base_lr: 3.1957e-05 lr: 3.1957e-05  eta: 4:21:25  time: 0.6292  data_time: 0.0180  memory: 8434  grad_norm: 106.9786  loss: 18.6070  decode.loss_cls: 0.0176  decode.loss_mask: 1.0355  decode.loss_dice: 0.7909  decode.d0.loss_cls: 0.1374  decode.d0.loss_mask: 1.0996  decode.d0.loss_dice: 0.8526  decode.d1.loss_cls: 0.0474  decode.d1.loss_mask: 1.0242  decode.d1.loss_dice: 0.7724  decode.d2.loss_cls: 0.0249  decode.d2.loss_mask: 1.0247  decode.d2.loss_dice: 0.7831  decode.d3.loss_cls: 0.0196  decode.d3.loss_mask: 1.0233  decode.d3.loss_dice: 0.7873  decode.d4.loss_cls: 0.0170  decode.d4.loss_mask: 1.0353  decode.d4.loss_dice: 0.7826  decode.d5.loss_cls: 0.0147  decode.d5.loss_mask: 1.0310  decode.d5.loss_dice: 0.7904  decode.d6.loss_cls: 0.0185  decode.d6.loss_mask: 1.0263  decode.d6.loss_dice: 0.7922  decode.d7.loss_cls: 0.0156  decode.d7.loss_mask: 1.0250  decode.d7.loss_dice: 0.7793  decode.d8.loss_cls: 0.0195  decode.d8.loss_mask: 1.0360  decode.d8.loss_dice: 0.7831
2026/07/23 23:21:51 - mmengine - INFO - Iter(train) [17600/40000]  base_lr: 3.1829e-05 lr: 3.1829e-05  eta: 4:20:07  time: 0.6203  data_time: 0.0158  memory: 8434  grad_norm: 56.9341  loss: 12.1556  decode.loss_cls: 0.0177  decode.loss_mask: 0.6725  decode.loss_dice: 0.5031  decode.d0.loss_cls: 0.1013  decode.d0.loss_mask: 0.6808  decode.d0.loss_dice: 0.5468  decode.d1.loss_cls: 0.0407  decode.d1.loss_mask: 0.6663  decode.d1.loss_dice: 0.5200  decode.d2.loss_cls: 0.0339  decode.d2.loss_mask: 0.6657  decode.d2.loss_dice: 0.5061  decode.d3.loss_cls: 0.0203  decode.d3.loss_mask: 0.6682  decode.d3.loss_dice: 0.5047  decode.d4.loss_cls: 0.0380  decode.d4.loss_mask: 0.6674  decode.d4.loss_dice: 0.5015  decode.d5.loss_cls: 0.0187  decode.d5.loss_mask: 0.6686  decode.d5.loss_dice: 0.5027  decode.d6.loss_cls: 0.0350  decode.d6.loss_mask: 0.6707  decode.d6.loss_dice: 0.5103  decode.d7.loss_cls: 0.0177  decode.d7.loss_mask: 0.6708  decode.d7.loss_dice: 0.5082  decode.d8.loss_cls: 0.0187  decode.d8.loss_mask: 0.6742  decode.d8.loss_dice: 0.5052
2026/07/23 23:22:56 - mmengine - INFO - Iter(train) [17700/40000]  base_lr: 3.1701e-05 lr: 3.1701e-05  eta: 4:18:52  time: 0.6381  data_time: 0.0178  memory: 8434  grad_norm: 97.2069  loss: 15.3304  decode.loss_cls: 0.0321  decode.loss_mask: 0.8164  decode.loss_dice: 0.6463  decode.d0.loss_cls: 0.1181  decode.d0.loss_mask: 0.9512  decode.d0.loss_dice: 0.7622  decode.d1.loss_cls: 0.0570  decode.d1.loss_mask: 0.8205  decode.d1.loss_dice: 0.6446  decode.d2.loss_cls: 0.0400  decode.d2.loss_mask: 0.8153  decode.d2.loss_dice: 0.6571  decode.d3.loss_cls: 0.0358  decode.d3.loss_mask: 0.8132  decode.d3.loss_dice: 0.6494  decode.d4.loss_cls: 0.0295  decode.d4.loss_mask: 0.8171  decode.d4.loss_dice: 0.6565  decode.d5.loss_cls: 0.0297  decode.d5.loss_mask: 0.8165  decode.d5.loss_dice: 0.6407  decode.d6.loss_cls: 0.0292  decode.d6.loss_mask: 0.8206  decode.d6.loss_dice: 0.6435  decode.d7.loss_cls: 0.0291  decode.d7.loss_mask: 0.8251  decode.d7.loss_dice: 0.6469  decode.d8.loss_cls: 0.0294  decode.d8.loss_mask: 0.8146  decode.d8.loss_dice: 0.6429
2026/07/23 23:24:00 - mmengine - INFO - Iter(train) [17800/40000]  base_lr: 3.1573e-05 lr: 3.1573e-05  eta: 4:17:35  time: 0.6372  data_time: 0.0166  memory: 8424  grad_norm: 56.0936  loss: 11.5344  decode.loss_cls: 0.0102  decode.loss_mask: 0.5831  decode.loss_dice: 0.5327  decode.d0.loss_cls: 0.1062  decode.d0.loss_mask: 0.6219  decode.d0.loss_dice: 0.5940  decode.d1.loss_cls: 0.0326  decode.d1.loss_mask: 0.5972  decode.d1.loss_dice: 0.5510  decode.d2.loss_cls: 0.0234  decode.d2.loss_mask: 0.5851  decode.d2.loss_dice: 0.5515  decode.d3.loss_cls: 0.0121  decode.d3.loss_mask: 0.5801  decode.d3.loss_dice: 0.5414  decode.d4.loss_cls: 0.0105  decode.d4.loss_mask: 0.5801  decode.d4.loss_dice: 0.5365  decode.d5.loss_cls: 0.0080  decode.d5.loss_mask: 0.5855  decode.d5.loss_dice: 0.5340  decode.d6.loss_cls: 0.0071  decode.d6.loss_mask: 0.5795  decode.d6.loss_dice: 0.5263  decode.d7.loss_cls: 0.0070  decode.d7.loss_mask: 0.5820  decode.d7.loss_dice: 0.5338  decode.d8.loss_cls: 0.0083  decode.d8.loss_mask: 0.5847  decode.d8.loss_dice: 0.5284
2026/07/23 23:25:03 - mmengine - INFO - Iter(train) [17900/40000]  base_lr: 3.1445e-05 lr: 3.1445e-05  eta: 4:16:17  time: 0.6429  data_time: 0.0177  memory: 8434  grad_norm: 79.1285  loss: 15.5719  decode.loss_cls: 0.0192  decode.loss_mask: 0.8466  decode.loss_dice: 0.6655  decode.d0.loss_cls: 0.0981  decode.d0.loss_mask: 0.8941  decode.d0.loss_dice: 0.7332  decode.d1.loss_cls: 0.0412  decode.d1.loss_mask: 0.8478  decode.d1.loss_dice: 0.6780  decode.d2.loss_cls: 0.0290  decode.d2.loss_mask: 0.8505  decode.d2.loss_dice: 0.6713  decode.d3.loss_cls: 0.0238  decode.d3.loss_mask: 0.8459  decode.d3.loss_dice: 0.6585  decode.d4.loss_cls: 0.0134  decode.d4.loss_mask: 0.8523  decode.d4.loss_dice: 0.6701  decode.d5.loss_cls: 0.0104  decode.d5.loss_mask: 0.8517  decode.d5.loss_dice: 0.6779  decode.d6.loss_cls: 0.0088  decode.d6.loss_mask: 0.8497  decode.d6.loss_dice: 0.6729  decode.d7.loss_cls: 0.0081  decode.d7.loss_mask: 0.8493  decode.d7.loss_dice: 0.6710  decode.d8.loss_cls: 0.0083  decode.d8.loss_mask: 0.8541  decode.d8.loss_dice: 0.6711
2026/07/23 23:26:09 - mmengine - INFO - Exp name: fusion_vits_m2f_nocont_23999_20260723_192916
2026/07/23 23:26:09 - mmengine - INFO - Iter(train) [18000/40000]  base_lr: 3.1317e-05 lr: 3.1317e-05  eta: 4:15:04  time: 0.6484  data_time: 0.0166  memory: 8434  grad_norm: 71.0726  loss: 10.7467  decode.loss_cls: 0.0126  decode.loss_mask: 0.5685  decode.loss_dice: 0.4613  decode.d0.loss_cls: 0.1130  decode.d0.loss_mask: 0.6260  decode.d0.loss_dice: 0.5030  decode.d1.loss_cls: 0.0196  decode.d1.loss_mask: 0.5804  decode.d1.loss_dice: 0.4720  decode.d2.loss_cls: 0.0250  decode.d2.loss_mask: 0.5728  decode.d2.loss_dice: 0.4744  decode.d3.loss_cls: 0.0144  decode.d3.loss_mask: 0.5710  decode.d3.loss_dice: 0.4722  decode.d4.loss_cls: 0.0180  decode.d4.loss_mask: 0.5670  decode.d4.loss_dice: 0.4717  decode.d5.loss_cls: 0.0118  decode.d5.loss_mask: 0.5778  decode.d5.loss_dice: 0.4590  decode.d6.loss_cls: 0.0154  decode.d6.loss_mask: 0.5731  decode.d6.loss_dice: 0.4589  decode.d7.loss_cls: 0.0158  decode.d7.loss_mask: 0.5697  decode.d7.loss_dice: 0.4677  decode.d8.loss_cls: 0.0190  decode.d8.loss_mask: 0.5733  decode.d8.loss_dice: 0.4623
2026/07/23 23:26:10 - mmengine - INFO - Saving checkpoint at 18000 iterations
2026/07/23 23:26:56 - mmengine - INFO - Iter(val) [100/504]    eta: 0:01:42  time: 0.2300  data_time: 0.0274  memory: 3245  
2026/07/23 23:27:17 - mmengine - INFO - Iter(val) [200/504]    eta: 0:01:10  time: 0.2104  data_time: 0.0091  memory: 3245  
2026/07/23 23:27:38 - mmengine - INFO - Iter(val) [300/504]    eta: 0:00:46  time: 0.2074  data_time: 0.0086  memory: 3245  
2026/07/23 23:27:59 - mmengine - INFO - Iter(val) [400/504]    eta: 0:00:23  time: 0.2089  data_time: 0.0093  memory: 3245  
2026/07/23 23:28:20 - mmengine - INFO - Iter(val) [500/504]    eta: 0:00:00  time: 0.2068  data_time: 0.0082  memory: 3245  
2026/07/23 23:28:25 - mmengine - INFO - per class results:
2026/07/23 23:28:25 - mmengine - INFO - 
+--------------------+-------+-------+--------+-----------+--------+
|       Class        |  IoU  |  Acc  | Fscore | Precision | Recall |
+--------------------+-------+-------+--------+-----------+--------+
| impervious_surface |  86.4 | 93.23 | 92.71  |   92.19   | 93.23  |
|      building      | 92.78 | 98.03 | 96.25  |   94.54   | 98.03  |
|   low_vegetation   | 76.73 | 88.91 | 86.83  |   84.85   | 88.91  |
|        tree        | 79.22 |  83.8 | 88.41  |   93.55   |  83.8  |
|        car         | 93.16 | 96.03 | 96.46  |   96.89   | 96.03  |
+--------------------+-------+-------+--------+-----------+--------+
2026/07/23 23:28:25 - mmengine - INFO - Iter(val) [504/504]    aAcc: 91.1600  mIoU: 85.6600  mAcc: 92.0000  mFscore: 92.1300  mPrecision: 92.4000  mRecall: 92.0000  data_time: 0.0216  time: 0.2214
2026/07/23 23:29:29 - mmengine - INFO - Iter(train) [18100/40000]  base_lr: 3.1189e-05 lr: 3.1189e-05  eta: 4:13:53  time: 0.6302  data_time: 0.0174  memory: 8434  grad_norm: 63.7650  loss: 13.9767  decode.loss_cls: 0.0415  decode.loss_mask: 0.6873  decode.loss_dice: 0.6365  decode.d0.loss_cls: 0.1314  decode.d0.loss_mask: 0.7677  decode.d0.loss_dice: 0.7202  decode.d1.loss_cls: 0.0682  decode.d1.loss_mask: 0.7092  decode.d1.loss_dice: 0.6490  decode.d2.loss_cls: 0.0592  decode.d2.loss_mask: 0.6942  decode.d2.loss_dice: 0.6400  decode.d3.loss_cls: 0.0503  decode.d3.loss_mask: 0.6897  decode.d3.loss_dice: 0.6400  decode.d4.loss_cls: 0.0442  decode.d4.loss_mask: 0.6914  decode.d4.loss_dice: 0.6418  decode.d5.loss_cls: 0.0426  decode.d5.loss_mask: 0.6912  decode.d5.loss_dice: 0.6171  decode.d6.loss_cls: 0.0375  decode.d6.loss_mask: 0.6914  decode.d6.loss_dice: 0.6223  decode.d7.loss_cls: 0.0403  decode.d7.loss_mask: 0.6905  decode.d7.loss_dice: 0.6248  decode.d8.loss_cls: 0.0452  decode.d8.loss_mask: 0.6899  decode.d8.loss_dice: 0.6223
2026/07/23 23:30:40 - mmengine - INFO - Iter(train) [18200/40000]  base_lr: 3.1061e-05 lr: 3.1061e-05  eta: 4:12:44  time: 0.6657  data_time: 0.0182  memory: 8434  grad_norm: 76.8792  loss: 17.1697  decode.loss_cls: 0.0294  decode.loss_mask: 0.9129  decode.loss_dice: 0.7415  decode.d0.loss_cls: 0.1236  decode.d0.loss_mask: 1.0004  decode.d0.loss_dice: 0.8124  decode.d1.loss_cls: 0.0398  decode.d1.loss_mask: 0.9212  decode.d1.loss_dice: 0.7563  decode.d2.loss_cls: 0.0363  decode.d2.loss_mask: 0.9234  decode.d2.loss_dice: 0.7436  decode.d3.loss_cls: 0.0316  decode.d3.loss_mask: 0.9065  decode.d3.loss_dice: 0.7417  decode.d4.loss_cls: 0.0314  decode.d4.loss_mask: 0.9123  decode.d4.loss_dice: 0.7425  decode.d5.loss_cls: 0.0299  decode.d5.loss_mask: 0.9060  decode.d5.loss_dice: 0.7530  decode.d6.loss_cls: 0.0336  decode.d6.loss_mask: 0.9017  decode.d6.loss_dice: 0.7543  decode.d7.loss_cls: 0.0296  decode.d7.loss_mask: 0.9048  decode.d7.loss_dice: 0.7313  decode.d8.loss_cls: 0.0333  decode.d8.loss_mask: 0.9088  decode.d8.loss_dice: 0.7767
2026/07/23 23:31:45 - mmengine - INFO - Iter(train) [18300/40000]  base_lr: 3.0932e-05 lr: 3.0932e-05  eta: 4:11:30  time: 0.6490  data_time: 0.0182  memory: 8424  grad_norm: 77.1413  loss: 12.4760  decode.loss_cls: 0.0024  decode.loss_mask: 0.7009  decode.loss_dice: 0.5298  decode.d0.loss_cls: 0.0880  decode.d0.loss_mask: 0.7246  decode.d0.loss_dice: 0.5346  decode.d1.loss_cls: 0.0106  decode.d1.loss_mask: 0.7011  decode.d1.loss_dice: 0.5431  decode.d2.loss_cls: 0.0053  decode.d2.loss_mask: 0.7022  decode.d2.loss_dice: 0.5292  decode.d3.loss_cls: 0.0027  decode.d3.loss_mask: 0.7048  decode.d3.loss_dice: 0.5279  decode.d4.loss_cls: 0.0029  decode.d4.loss_mask: 0.7010  decode.d4.loss_dice: 0.5259  decode.d5.loss_cls: 0.0031  decode.d5.loss_mask: 0.7023  decode.d5.loss_dice: 0.5295  decode.d6.loss_cls: 0.0035  decode.d6.loss_mask: 0.7034  decode.d6.loss_dice: 0.5305  decode.d7.loss_cls: 0.0026  decode.d7.loss_mask: 0.7033  decode.d7.loss_dice: 0.5272  decode.d8.loss_cls: 0.0021  decode.d8.loss_mask: 0.7040  decode.d8.loss_dice: 0.5277
2026/07/23 23:32:49 - mmengine - INFO - Iter(train) [18400/40000]  base_lr: 3.0804e-05 lr: 3.0804e-05  eta: 4:10:14  time: 0.6430  data_time: 0.0174  memory: 8434  grad_norm: 73.4718  loss: 15.0094  decode.loss_cls: 0.0160  decode.loss_mask: 0.7995  decode.loss_dice: 0.6684  decode.d0.loss_cls: 0.0842  decode.d0.loss_mask: 0.8685  decode.d0.loss_dice: 0.7063  decode.d1.loss_cls: 0.0260  decode.d1.loss_mask: 0.8008  decode.d1.loss_dice: 0.6814  decode.d2.loss_cls: 0.0217  decode.d2.loss_mask: 0.7975  decode.d2.loss_dice: 0.6774  decode.d3.loss_cls: 0.0147  decode.d3.loss_mask: 0.7906  decode.d3.loss_dice: 0.6663  decode.d4.loss_cls: 0.0155  decode.d4.loss_mask: 0.7942  decode.d4.loss_dice: 0.6618  decode.d5.loss_cls: 0.0156  decode.d5.loss_mask: 0.7907  decode.d5.loss_dice: 0.6659  decode.d6.loss_cls: 0.0132  decode.d6.loss_mask: 0.7927  decode.d6.loss_dice: 0.6750  decode.d7.loss_cls: 0.0157  decode.d7.loss_mask: 0.7967  decode.d7.loss_dice: 0.6753  decode.d8.loss_cls: 0.0149  decode.d8.loss_mask: 0.7953  decode.d8.loss_dice: 0.6674
2026/07/23 23:33:54 - mmengine - INFO - Iter(train) [18500/40000]  base_lr: 3.0676e-05 lr: 3.0676e-05  eta: 4:08:58  time: 0.6430  data_time: 0.0173  memory: 8434  grad_norm: 66.7243  loss: 13.0634  decode.loss_cls: 0.0134  decode.loss_mask: 0.6769  decode.loss_dice: 0.6014  decode.d0.loss_cls: 0.0940  decode.d0.loss_mask: 0.7093  decode.d0.loss_dice: 0.6209  decode.d1.loss_cls: 0.0354  decode.d1.loss_mask: 0.6839  decode.d1.loss_dice: 0.5944  decode.d2.loss_cls: 0.0262  decode.d2.loss_mask: 0.6828  decode.d2.loss_dice: 0.5963  decode.d3.loss_cls: 0.0172  decode.d3.loss_mask: 0.6801  decode.d3.loss_dice: 0.5944  decode.d4.loss_cls: 0.0167  decode.d4.loss_mask: 0.6785  decode.d4.loss_dice: 0.5928  decode.d5.loss_cls: 0.0140  decode.d5.loss_mask: 0.6757  decode.d5.loss_dice: 0.5966  decode.d6.loss_cls: 0.0135  decode.d6.loss_mask: 0.6763  decode.d6.loss_dice: 0.6001  decode.d7.loss_cls: 0.0142  decode.d7.loss_mask: 0.6761  decode.d7.loss_dice: 0.5922  decode.d8.loss_cls: 0.0141  decode.d8.loss_mask: 0.6779  decode.d8.loss_dice: 0.5984
2026/07/23 23:34:58 - mmengine - INFO - Iter(train) [18600/40000]  base_lr: 3.0547e-05 lr: 3.0547e-05  eta: 4:07:43  time: 0.6562  data_time: 0.0183  memory: 8424  grad_norm: 54.3709  loss: 10.6930  decode.loss_cls: 0.0536  decode.loss_mask: 0.5163  decode.loss_dice: 0.5208  decode.d0.loss_cls: 0.1554  decode.d0.loss_mask: 0.5417  decode.d0.loss_dice: 0.5323  decode.d1.loss_cls: 0.0489  decode.d1.loss_mask: 0.5385  decode.d1.loss_dice: 0.4982  decode.d2.loss_cls: 0.0333  decode.d2.loss_mask: 0.5221  decode.d2.loss_dice: 0.5152  decode.d3.loss_cls: 0.0194  decode.d3.loss_mask: 0.5049  decode.d3.loss_dice: 0.4975  decode.d4.loss_cls: 0.0208  decode.d4.loss_mask: 0.5046  decode.d4.loss_dice: 0.4963  decode.d5.loss_cls: 0.0185  decode.d5.loss_mask: 0.5115  decode.d5.loss_dice: 0.5054  decode.d6.loss_cls: 0.0194  decode.d6.loss_mask: 0.5099  decode.d6.loss_dice: 0.4975  decode.d7.loss_cls: 0.0380  decode.d7.loss_mask: 0.5080  decode.d7.loss_dice: 0.5103  decode.d8.loss_cls: 0.0194  decode.d8.loss_mask: 0.5262  decode.d8.loss_dice: 0.5092
2026/07/23 23:36:02 - mmengine - INFO - Iter(train) [18700/40000]  base_lr: 3.0419e-05 lr: 3.0419e-05  eta: 4:06:27  time: 0.6295  data_time: 0.0154  memory: 8434  grad_norm: 86.3444  loss: 20.2454  decode.loss_cls: 0.0831  decode.loss_mask: 1.0609  decode.loss_dice: 0.7978  decode.d0.loss_cls: 0.2302  decode.d0.loss_mask: 1.3118  decode.d0.loss_dice: 1.0495  decode.d1.loss_cls: 0.1080  decode.d1.loss_mask: 1.1106  decode.d1.loss_dice: 0.8474  decode.d2.loss_cls: 0.0920  decode.d2.loss_mask: 1.0773  decode.d2.loss_dice: 0.8016  decode.d3.loss_cls: 0.0990  decode.d3.loss_mask: 1.0608  decode.d3.loss_dice: 0.8005  decode.d4.loss_cls: 0.0869  decode.d4.loss_mask: 1.0590  decode.d4.loss_dice: 0.7945  decode.d5.loss_cls: 0.0866  decode.d5.loss_mask: 1.0554  decode.d5.loss_dice: 0.7955  decode.d6.loss_cls: 0.0919  decode.d6.loss_mask: 1.0530  decode.d6.loss_dice: 0.8062  decode.d7.loss_cls: 0.0820  decode.d7.loss_mask: 1.0595  decode.d7.loss_dice: 0.8053  decode.d8.loss_cls: 0.0783  decode.d8.loss_mask: 1.0585  decode.d8.loss_dice: 0.8024
2026/07/23 23:37:06 - mmengine - INFO - Iter(train) [18800/40000]  base_lr: 3.0290e-05 lr: 3.0290e-05  eta: 4:05:12  time: 0.6250  data_time: 0.0179  memory: 8434  grad_norm: 79.1711  loss: 9.3638  decode.loss_cls: 0.0236  decode.loss_mask: 0.4829  decode.loss_dice: 0.3976  decode.d0.loss_cls: 0.2065  decode.d0.loss_mask: 0.5173  decode.d0.loss_dice: 0.4486  decode.d1.loss_cls: 0.0478  decode.d1.loss_mask: 0.4764  decode.d1.loss_dice: 0.4141  decode.d2.loss_cls: 0.0370  decode.d2.loss_mask: 0.4810  decode.d2.loss_dice: 0.3920  decode.d3.loss_cls: 0.0298  decode.d3.loss_mask: 0.4845  decode.d3.loss_dice: 0.4008  decode.d4.loss_cls: 0.0243  decode.d4.loss_mask: 0.4818  decode.d4.loss_dice: 0.3906  decode.d5.loss_cls: 0.0222  decode.d5.loss_mask: 0.4793  decode.d5.loss_dice: 0.4011  decode.d6.loss_cls: 0.0208  decode.d6.loss_mask: 0.4833  decode.d6.loss_dice: 0.3967  decode.d7.loss_cls: 0.0215  decode.d7.loss_mask: 0.4827  decode.d7.loss_dice: 0.3951  decode.d8.loss_cls: 0.0198  decode.d8.loss_mask: 0.4865  decode.d8.loss_dice: 0.4181
2026/07/23 23:38:11 - mmengine - INFO - Iter(train) [18900/40000]  base_lr: 3.0162e-05 lr: 3.0162e-05  eta: 4:03:57  time: 0.6492  data_time: 0.0199  memory: 8434  grad_norm: 74.5378  loss: 12.2324  decode.loss_cls: 0.0335  decode.loss_mask: 0.5753  decode.loss_dice: 0.5735  decode.d0.loss_cls: 0.1381  decode.d0.loss_mask: 0.6481  decode.d0.loss_dice: 0.6770  decode.d1.loss_cls: 0.0480  decode.d1.loss_mask: 0.5903  decode.d1.loss_dice: 0.6037  decode.d2.loss_cls: 0.0443  decode.d2.loss_mask: 0.5800  decode.d2.loss_dice: 0.5824  decode.d3.loss_cls: 0.0301  decode.d3.loss_mask: 0.5839  decode.d3.loss_dice: 0.5832  decode.d4.loss_cls: 0.0339  decode.d4.loss_mask: 0.5850  decode.d4.loss_dice: 0.5867  decode.d5.loss_cls: 0.0282  decode.d5.loss_mask: 0.5789  decode.d5.loss_dice: 0.5699  decode.d6.loss_cls: 0.0333  decode.d6.loss_mask: 0.5798  decode.d6.loss_dice: 0.5702  decode.d7.loss_cls: 0.0456  decode.d7.loss_mask: 0.5782  decode.d7.loss_dice: 0.5724  decode.d8.loss_cls: 0.0342  decode.d8.loss_mask: 0.5777  decode.d8.loss_dice: 0.5671
2026/07/23 23:39:17 - mmengine - INFO - Exp name: fusion_vits_m2f_nocont_23999_20260723_192916
2026/07/23 23:39:17 - mmengine - INFO - Iter(train) [19000/40000]  base_lr: 3.0033e-05 lr: 3.0033e-05  eta: 4:02:45  time: 0.6787  data_time: 0.0208  memory: 8434  grad_norm: 81.7598  loss: 14.7837  decode.loss_cls: 0.0112  decode.loss_mask: 0.8059  decode.loss_dice: 0.6431  decode.d0.loss_cls: 0.1270  decode.d0.loss_mask: 0.8382  decode.d0.loss_dice: 0.6670  decode.d1.loss_cls: 0.0223  decode.d1.loss_mask: 0.8207  decode.d1.loss_dice: 0.6540  decode.d2.loss_cls: 0.0115  decode.d2.loss_mask: 0.8124  decode.d2.loss_dice: 0.6451  decode.d3.loss_cls: 0.0083  decode.d3.loss_mask: 0.8068  decode.d3.loss_dice: 0.6349  decode.d4.loss_cls: 0.0085  decode.d4.loss_mask: 0.8086  decode.d4.loss_dice: 0.6396  decode.d5.loss_cls: 0.0070  decode.d5.loss_mask: 0.8009  decode.d5.loss_dice: 0.6416  decode.d6.loss_cls: 0.0063  decode.d6.loss_mask: 0.8051  decode.d6.loss_dice: 0.6480  decode.d7.loss_cls: 0.0063  decode.d7.loss_mask: 0.8039  decode.d7.loss_dice: 0.6452  decode.d8.loss_cls: 0.0083  decode.d8.loss_mask: 0.8039  decode.d8.loss_dice: 0.6420
2026/07/23 23:40:27 - mmengine - INFO - Iter(train) [19100/40000]  base_lr: 2.9904e-05 lr: 2.9904e-05  eta: 4:01:36  time: 0.6782  data_time: 0.0199  memory: 8424  grad_norm: 77.0567  loss: 13.5168  decode.loss_cls: 0.0024  decode.loss_mask: 0.7681  decode.loss_dice: 0.5584  decode.d0.loss_cls: 0.1138  decode.d0.loss_mask: 0.8224  decode.d0.loss_dice: 0.5547  decode.d1.loss_cls: 0.0100  decode.d1.loss_mask: 0.7800  decode.d1.loss_dice: 0.5559  decode.d2.loss_cls: 0.0044  decode.d2.loss_mask: 0.7757  decode.d2.loss_dice: 0.5576  decode.d3.loss_cls: 0.0021  decode.d3.loss_mask: 0.7717  decode.d3.loss_dice: 0.5632  decode.d4.loss_cls: 0.0024  decode.d4.loss_mask: 0.7699  decode.d4.loss_dice: 0.5619  decode.d5.loss_cls: 0.0026  decode.d5.loss_mask: 0.7758  decode.d5.loss_dice: 0.5624  decode.d6.loss_cls: 0.0019  decode.d6.loss_mask: 0.7754  decode.d6.loss_dice: 0.5610  decode.d7.loss_cls: 0.0022  decode.d7.loss_mask: 0.7733  decode.d7.loss_dice: 0.5613  decode.d8.loss_cls: 0.0022  decode.d8.loss_mask: 0.7674  decode.d8.loss_dice: 0.5566
2026/07/23 23:41:34 - mmengine - INFO - Iter(train) [19200/40000]  base_lr: 2.9775e-05 lr: 2.9775e-05  eta: 4:00:24  time: 0.6506  data_time: 0.0191  memory: 8424  grad_norm: 73.2574  loss: 14.0568  decode.loss_cls: 0.0283  decode.loss_mask: 0.7092  decode.loss_dice: 0.6707  decode.d0.loss_cls: 0.0879  decode.d0.loss_mask: 0.7477  decode.d0.loss_dice: 0.6769  decode.d1.loss_cls: 0.0537  decode.d1.loss_mask: 0.7094  decode.d1.loss_dice: 0.6503  decode.d2.loss_cls: 0.0545  decode.d2.loss_mask: 0.7089  decode.d2.loss_dice: 0.6456  decode.d3.loss_cls: 0.0232  decode.d3.loss_mask: 0.7023  decode.d3.loss_dice: 0.6470  decode.d4.loss_cls: 0.0239  decode.d4.loss_mask: 0.7058  decode.d4.loss_dice: 0.6458  decode.d5.loss_cls: 0.0258  decode.d5.loss_mask: 0.7050  decode.d5.loss_dice: 0.6463  decode.d6.loss_cls: 0.0335  decode.d6.loss_mask: 0.7061  decode.d6.loss_dice: 0.6552  decode.d7.loss_cls: 0.0343  decode.d7.loss_mask: 0.7072  decode.d7.loss_dice: 0.6477  decode.d8.loss_cls: 0.0353  decode.d8.loss_mask: 0.7069  decode.d8.loss_dice: 0.6625
2026/07/23 23:42:39 - mmengine - INFO - Iter(train) [19300/40000]  base_lr: 2.9646e-05 lr: 2.9646e-05  eta: 3:59:10  time: 0.6571  data_time: 0.0173  memory: 8434  grad_norm: 46.3970  loss: 10.3144  decode.loss_cls: 0.0154  decode.loss_mask: 0.5752  decode.loss_dice: 0.4429  decode.d0.loss_cls: 0.0730  decode.d0.loss_mask: 0.5860  decode.d0.loss_dice: 0.4556  decode.d1.loss_cls: 0.0087  decode.d1.loss_mask: 0.5740  decode.d1.loss_dice: 0.4469  decode.d2.loss_cls: 0.0099  decode.d2.loss_mask: 0.5724  decode.d2.loss_dice: 0.4394  decode.d3.loss_cls: 0.0101  decode.d3.loss_mask: 0.5708  decode.d3.loss_dice: 0.4327  decode.d4.loss_cls: 0.0085  decode.d4.loss_mask: 0.5758  decode.d4.loss_dice: 0.4359  decode.d5.loss_cls: 0.0132  decode.d5.loss_mask: 0.5734  decode.d5.loss_dice: 0.4378  decode.d6.loss_cls: 0.0079  decode.d6.loss_mask: 0.5733  decode.d6.loss_dice: 0.4330  decode.d7.loss_cls: 0.0135  decode.d7.loss_mask: 0.5766  decode.d7.loss_dice: 0.4373  decode.d8.loss_cls: 0.0075  decode.d8.loss_mask: 0.5711  decode.d8.loss_dice: 0.4368
2026/07/23 23:43:43 - mmengine - INFO - Iter(train) [19400/40000]  base_lr: 2.9517e-05 lr: 2.9517e-05  eta: 3:57:55  time: 0.6418  data_time: 0.0169  memory: 8434  grad_norm: 66.8952  loss: 12.5197  decode.loss_cls: 0.0026  decode.loss_mask: 0.6204  decode.loss_dice: 0.6149  decode.d0.loss_cls: 0.0852  decode.d0.loss_mask: 0.6587  decode.d0.loss_dice: 0.6339  decode.d1.loss_cls: 0.0151  decode.d1.loss_mask: 0.6220  decode.d1.loss_dice: 0.6127  decode.d2.loss_cls: 0.0035  decode.d2.loss_mask: 0.6211  decode.d2.loss_dice: 0.6181  decode.d3.loss_cls: 0.0022  decode.d3.loss_mask: 0.6163  decode.d3.loss_dice: 0.6176  decode.d4.loss_cls: 0.0018  decode.d4.loss_mask: 0.6182  decode.d4.loss_dice: 0.6138  decode.d5.loss_cls: 0.0015  decode.d5.loss_mask: 0.6182  decode.d5.loss_dice: 0.6098  decode.d6.loss_cls: 0.0018  decode.d6.loss_mask: 0.6223  decode.d6.loss_dice: 0.6188  decode.d7.loss_cls: 0.0026  decode.d7.loss_mask: 0.6171  decode.d7.loss_dice: 0.6149  decode.d8.loss_cls: 0.0023  decode.d8.loss_mask: 0.6181  decode.d8.loss_dice: 0.6140
2026/07/23 23:44:49 - mmengine - INFO - Iter(train) [19500/40000]  base_lr: 2.9389e-05 lr: 2.9389e-05  eta: 3:56:42  time: 0.6590  data_time: 0.0206  memory: 8424  grad_norm: 49.7997  loss: 10.2856  decode.loss_cls: 0.0035  decode.loss_mask: 0.5345  decode.loss_dice: 0.4750  decode.d0.loss_cls: 0.1057  decode.d0.loss_mask: 0.5508  decode.d0.loss_dice: 0.5042  decode.d1.loss_cls: 0.0218  decode.d1.loss_mask: 0.5363  decode.d1.loss_dice: 0.4739  decode.d2.loss_cls: 0.0049  decode.d2.loss_mask: 0.5342  decode.d2.loss_dice: 0.4742  decode.d3.loss_cls: 0.0028  decode.d3.loss_mask: 0.5364  decode.d3.loss_dice: 0.4739  decode.d4.loss_cls: 0.0033  decode.d4.loss_mask: 0.5364  decode.d4.loss_dice: 0.4796  decode.d5.loss_cls: 0.0034  decode.d5.loss_mask: 0.5345  decode.d5.loss_dice: 0.4760  decode.d6.loss_cls: 0.0028  decode.d6.loss_mask: 0.5305  decode.d6.loss_dice: 0.4714  decode.d7.loss_cls: 0.0039  decode.d7.loss_mask: 0.5332  decode.d7.loss_dice: 0.4726  decode.d8.loss_cls: 0.0041  decode.d8.loss_mask: 0.5312  decode.d8.loss_dice: 0.4705
2026/07/23 23:45:53 - mmengine - INFO - Iter(train) [19600/40000]  base_lr: 2.9259e-05 lr: 2.9259e-05  eta: 3:55:27  time: 0.6266  data_time: 0.0152  memory: 8434  grad_norm: 65.0304  loss: 12.4360  decode.loss_cls: 0.0404  decode.loss_mask: 0.6206  decode.loss_dice: 0.5637  decode.d0.loss_cls: 0.1148  decode.d0.loss_mask: 0.7406  decode.d0.loss_dice: 0.6382  decode.d1.loss_cls: 0.0652  decode.d1.loss_mask: 0.6321  decode.d1.loss_dice: 0.5493  decode.d2.loss_cls: 0.0532  decode.d2.loss_mask: 0.6200  decode.d2.loss_dice: 0.5523  decode.d3.loss_cls: 0.0400  decode.d3.loss_mask: 0.6191  decode.d3.loss_dice: 0.5601  decode.d4.loss_cls: 0.0394  decode.d4.loss_mask: 0.6168  decode.d4.loss_dice: 0.5477  decode.d5.loss_cls: 0.0426  decode.d5.loss_mask: 0.6130  decode.d5.loss_dice: 0.5643  decode.d6.loss_cls: 0.0324  decode.d6.loss_mask: 0.6152  decode.d6.loss_dice: 0.5441  decode.d7.loss_cls: 0.0346  decode.d7.loss_mask: 0.6166  decode.d7.loss_dice: 0.5655  decode.d8.loss_cls: 0.0398  decode.d8.loss_mask: 0.6169  decode.d8.loss_dice: 0.5375
2026/07/23 23:46:58 - mmengine - INFO - Iter(train) [19700/40000]  base_lr: 2.9130e-05 lr: 2.9130e-05  eta: 3:54:13  time: 0.6402  data_time: 0.0182  memory: 8434  grad_norm: 82.2460  loss: 13.2252  decode.loss_cls: 0.0361  decode.loss_mask: 0.6420  decode.loss_dice: 0.6056  decode.d0.loss_cls: 0.1035  decode.d0.loss_mask: 0.7896  decode.d0.loss_dice: 0.7608  decode.d1.loss_cls: 0.0643  decode.d1.loss_mask: 0.6469  decode.d1.loss_dice: 0.6151  decode.d2.loss_cls: 0.0611  decode.d2.loss_mask: 0.6455  decode.d2.loss_dice: 0.6040  decode.d3.loss_cls: 0.0472  decode.d3.loss_mask: 0.6421  decode.d3.loss_dice: 0.6002  decode.d4.loss_cls: 0.0448  decode.d4.loss_mask: 0.6371  decode.d4.loss_dice: 0.5895  decode.d5.loss_cls: 0.0416  decode.d5.loss_mask: 0.6374  decode.d5.loss_dice: 0.5851  decode.d6.loss_cls: 0.0478  decode.d6.loss_mask: 0.6435  decode.d6.loss_dice: 0.6003  decode.d7.loss_cls: 0.0391  decode.d7.loss_mask: 0.6413  decode.d7.loss_dice: 0.5950  decode.d8.loss_cls: 0.0351  decode.d8.loss_mask: 0.6409  decode.d8.loss_dice: 0.5826
2026/07/23 23:48:03 - mmengine - INFO - Iter(train) [19800/40000]  base_lr: 2.9001e-05 lr: 2.9001e-05  eta: 3:53:00  time: 0.6681  data_time: 0.0184  memory: 8434  grad_norm: 54.1286  loss: 13.2252  decode.loss_cls: 0.0049  decode.loss_mask: 0.7109  decode.loss_dice: 0.5937  decode.d0.loss_cls: 0.0820  decode.d0.loss_mask: 0.7355  decode.d0.loss_dice: 0.6028  decode.d1.loss_cls: 0.0233  decode.d1.loss_mask: 0.7127  decode.d1.loss_dice: 0.5852  decode.d2.loss_cls: 0.0131  decode.d2.loss_mask: 0.7074  decode.d2.loss_dice: 0.5899  decode.d3.loss_cls: 0.0044  decode.d3.loss_mask: 0.7105  decode.d3.loss_dice: 0.5887  decode.d4.loss_cls: 0.0037  decode.d4.loss_mask: 0.7098  decode.d4.loss_dice: 0.5920  decode.d5.loss_cls: 0.0050  decode.d5.loss_mask: 0.7145  decode.d5.loss_dice: 0.5932  decode.d6.loss_cls: 0.0053  decode.d6.loss_mask: 0.7128  decode.d6.loss_dice: 0.5989  decode.d7.loss_cls: 0.0141  decode.d7.loss_mask: 0.7106  decode.d7.loss_dice: 0.5892  decode.d8.loss_cls: 0.0046  decode.d8.loss_mask: 0.7116  decode.d8.loss_dice: 0.5949
2026/07/23 23:49:12 - mmengine - INFO - Iter(train) [19900/40000]  base_lr: 2.8872e-05 lr: 2.8872e-05  eta: 3:51:50  time: 0.6447  data_time: 0.0212  memory: 8434  grad_norm: 71.8799  loss: 11.5062  decode.loss_cls: 0.0644  decode.loss_mask: 0.5107  decode.loss_dice: 0.5203  decode.d0.loss_cls: 0.1860  decode.d0.loss_mask: 0.5834  decode.d0.loss_dice: 0.6874  decode.d1.loss_cls: 0.0880  decode.d1.loss_mask: 0.5295  decode.d1.loss_dice: 0.5486  decode.d2.loss_cls: 0.0733  decode.d2.loss_mask: 0.5404  decode.d2.loss_dice: 0.5319  decode.d3.loss_cls: 0.0559  decode.d3.loss_mask: 0.5316  decode.d3.loss_dice: 0.5253  decode.d4.loss_cls: 0.0533  decode.d4.loss_mask: 0.5437  decode.d4.loss_dice: 0.5344  decode.d5.loss_cls: 0.0501  decode.d5.loss_mask: 0.5365  decode.d5.loss_dice: 0.5282  decode.d6.loss_cls: 0.0571  decode.d6.loss_mask: 0.5131  decode.d6.loss_dice: 0.5079  decode.d7.loss_cls: 0.0616  decode.d7.loss_mask: 0.5158  decode.d7.loss_dice: 0.5253  decode.d8.loss_cls: 0.0623  decode.d8.loss_mask: 0.5144  decode.d8.loss_dice: 0.5257
2026/07/23 23:50:16 - mmengine - INFO - Exp name: fusion_vits_m2f_nocont_23999_20260723_192916
2026/07/23 23:50:16 - mmengine - INFO - Iter(train) [20000/40000]  base_lr: 2.8743e-05 lr: 2.8743e-05  eta: 3:50:36  time: 0.6472  data_time: 0.0193  memory: 8424  grad_norm: 48.8330  loss: 12.6963  decode.loss_cls: 0.0124  decode.loss_mask: 0.7102  decode.loss_dice: 0.5353  decode.d0.loss_cls: 0.0986  decode.d0.loss_mask: 0.7347  decode.d0.loss_dice: 0.5353  decode.d1.loss_cls: 0.0282  decode.d1.loss_mask: 0.7170  decode.d1.loss_dice: 0.5211  decode.d2.loss_cls: 0.0198  decode.d2.loss_mask: 0.7130  decode.d2.loss_dice: 0.5321  decode.d3.loss_cls: 0.0119  decode.d3.loss_mask: 0.7094  decode.d3.loss_dice: 0.5260  decode.d4.loss_cls: 0.0119  decode.d4.loss_mask: 0.7131  decode.d4.loss_dice: 0.5426  decode.d5.loss_cls: 0.0104  decode.d5.loss_mask: 0.7125  decode.d5.loss_dice: 0.5380  decode.d6.loss_cls: 0.0108  decode.d6.loss_mask: 0.7120  decode.d6.loss_dice: 0.5314  decode.d7.loss_cls: 0.0104  decode.d7.loss_mask: 0.7153  decode.d7.loss_dice: 0.5459  decode.d8.loss_cls: 0.0097  decode.d8.loss_mask: 0.7106  decode.d8.loss_dice: 0.5168
2026/07/23 23:50:16 - mmengine - INFO - Saving checkpoint at 20000 iterations
2026/07/23 23:50:59 - mmengine - INFO - Iter(val) [100/504]    eta: 0:01:28  time: 0.2046  data_time: 0.0075  memory: 3245  
2026/07/23 23:51:22 - mmengine - INFO - Iter(val) [200/504]    eta: 0:01:08  time: 0.3106  data_time: 0.1154  memory: 3245  
2026/07/23 23:51:44 - mmengine - INFO - Iter(val) [300/504]    eta: 0:00:45  time: 0.2230  data_time: 0.0148  memory: 3245  
2026/07/23 23:52:05 - mmengine - INFO - Iter(val) [400/504]    eta: 0:00:22  time: 0.2119  data_time: 0.0094  memory: 3245  
2026/07/23 23:52:26 - mmengine - INFO - Iter(val) [500/504]    eta: 0:00:00  time: 0.2035  data_time: 0.0074  memory: 3245  
2026/07/23 23:52:31 - mmengine - INFO - per class results:
2026/07/23 23:52:31 - mmengine - INFO - 
+--------------------+-------+-------+--------+-----------+--------+
|       Class        |  IoU  |  Acc  | Fscore | Precision | Recall |
+--------------------+-------+-------+--------+-----------+--------+
| impervious_surface | 86.91 |  92.7 |  93.0  |    93.3   |  92.7  |
|      building      | 95.04 | 96.21 | 97.46  |   98.73   | 96.21  |
|   low_vegetation   | 79.55 | 92.05 | 88.61  |   85.42   | 92.05  |
|        tree        |  81.2 | 87.39 | 89.63  |   91.98   | 87.39  |
|        car         | 93.61 | 95.06 |  96.7  |    98.4   | 95.06  |
+--------------------+-------+-------+--------+-----------+--------+
2026/07/23 23:52:31 - mmengine - INFO - Iter(val) [504/504]    aAcc: 92.2000  mIoU: 87.2600  mAcc: 92.6800  mFscore: 93.0800  mPrecision: 93.5700  mRecall: 92.6800  data_time: 0.0191  time: 0.2184
2026/07/23 23:53:36 - mmengine - INFO - Iter(train) [20100/40000]  base_lr: 2.8613e-05 lr: 2.8613e-05  eta: 3:49:27  time: 0.6606  data_time: 0.0203  memory: 8434  grad_norm: 95.5721  loss: 17.1187  decode.loss_cls: 0.0333  decode.loss_mask: 0.9270  decode.loss_dice: 0.7278  decode.d0.loss_cls: 0.1201  decode.d0.loss_mask: 0.9950  decode.d0.loss_dice: 0.7938  decode.d1.loss_cls: 0.0607  decode.d1.loss_mask: 0.9389  decode.d1.loss_dice: 0.7451  decode.d2.loss_cls: 0.0501  decode.d2.loss_mask: 0.9234  decode.d2.loss_dice: 0.7255  decode.d3.loss_cls: 0.0358  decode.d3.loss_mask: 0.9178  decode.d3.loss_dice: 0.7207  decode.d4.loss_cls: 0.0390  decode.d4.loss_mask: 0.9188  decode.d4.loss_dice: 0.7148  decode.d5.loss_cls: 0.0333  decode.d5.loss_mask: 0.9231  decode.d5.loss_dice: 0.7250  decode.d6.loss_cls: 0.0398  decode.d6.loss_mask: 0.9240  decode.d6.loss_dice: 0.7258  decode.d7.loss_cls: 0.0360  decode.d7.loss_mask: 0.9252  decode.d7.loss_dice: 0.7178  decode.d8.loss_cls: 0.0329  decode.d8.loss_mask: 0.9178  decode.d8.loss_dice: 0.7305
2026/07/23 23:54:42 - mmengine - INFO - Iter(train) [20200/40000]  base_lr: 2.8484e-05 lr: 2.8484e-05  eta: 3:48:14  time: 0.6558  data_time: 0.0196  memory: 8434  grad_norm: 67.8564  loss: 11.1778  decode.loss_cls: 0.0222  decode.loss_mask: 0.5606  decode.loss_dice: 0.5007  decode.d0.loss_cls: 0.1065  decode.d0.loss_mask: 0.5794  decode.d0.loss_dice: 0.5802  decode.d1.loss_cls: 0.0337  decode.d1.loss_mask: 0.5679  decode.d1.loss_dice: 0.5478  decode.d2.loss_cls: 0.0216  decode.d2.loss_mask: 0.5647  decode.d2.loss_dice: 0.5149  decode.d3.loss_cls: 0.0232  decode.d3.loss_mask: 0.5637  decode.d3.loss_dice: 0.5130  decode.d4.loss_cls: 0.0250  decode.d4.loss_mask: 0.5625  decode.d4.loss_dice: 0.5172  decode.d5.loss_cls: 0.0192  decode.d5.loss_mask: 0.5628  decode.d5.loss_dice: 0.5230  decode.d6.loss_cls: 0.0165  decode.d6.loss_mask: 0.5595  decode.d6.loss_dice: 0.5121  decode.d7.loss_cls: 0.0190  decode.d7.loss_mask: 0.5597  decode.d7.loss_dice: 0.5086  decode.d8.loss_cls: 0.0179  decode.d8.loss_mask: 0.5606  decode.d8.loss_dice: 0.5141
2026/07/23 23:55:46 - mmengine - INFO - Iter(train) [20300/40000]  base_lr: 2.8354e-05 lr: 2.8354e-05  eta: 3:47:00  time: 0.6543  data_time: 0.0175  memory: 8434  grad_norm: 64.0665  loss: 12.7443  decode.loss_cls: 0.0065  decode.loss_mask: 0.6665  decode.loss_dice: 0.5753  decode.d0.loss_cls: 0.1063  decode.d0.loss_mask: 0.7506  decode.d0.loss_dice: 0.6333  decode.d1.loss_cls: 0.0350  decode.d1.loss_mask: 0.6690  decode.d1.loss_dice: 0.5751  decode.d2.loss_cls: 0.0226  decode.d2.loss_mask: 0.6647  decode.d2.loss_dice: 0.5748  decode.d3.loss_cls: 0.0144  decode.d3.loss_mask: 0.6643  decode.d3.loss_dice: 0.5770  decode.d4.loss_cls: 0.0097  decode.d4.loss_mask: 0.6598  decode.d4.loss_dice: 0.5715  decode.d5.loss_cls: 0.0068  decode.d5.loss_mask: 0.6630  decode.d5.loss_dice: 0.5714  decode.d6.loss_cls: 0.0063  decode.d6.loss_mask: 0.6698  decode.d6.loss_dice: 0.5740  decode.d7.loss_cls: 0.0057  decode.d7.loss_mask: 0.6650  decode.d7.loss_dice: 0.5634  decode.d8.loss_cls: 0.0060  decode.d8.loss_mask: 0.6690  decode.d8.loss_dice: 0.5675
2026/07/23 23:56:50 - mmengine - INFO - Iter(train) [20400/40000]  base_lr: 2.8225e-05 lr: 2.8225e-05  eta: 3:45:46  time: 0.6299  data_time: 0.0169  memory: 8434  grad_norm: 43.0461  loss: 9.3156  decode.loss_cls: 0.0167  decode.loss_mask: 0.4338  decode.loss_dice: 0.4811  decode.d0.loss_cls: 0.1064  decode.d0.loss_mask: 0.4467  decode.d0.loss_dice: 0.5037  decode.d1.loss_cls: 0.0322  decode.d1.loss_mask: 0.4298  decode.d1.loss_dice: 0.4558  decode.d2.loss_cls: 0.0233  decode.d2.loss_mask: 0.4333  decode.d2.loss_dice: 0.4671  decode.d3.loss_cls: 0.0181  decode.d3.loss_mask: 0.4303  decode.d3.loss_dice: 0.4493  decode.d4.loss_cls: 0.0243  decode.d4.loss_mask: 0.4289  decode.d4.loss_dice: 0.4760  decode.d5.loss_cls: 0.0163  decode.d5.loss_mask: 0.4331  decode.d5.loss_dice: 0.4628  decode.d6.loss_cls: 0.0175  decode.d6.loss_mask: 0.4282  decode.d6.loss_dice: 0.4596  decode.d7.loss_cls: 0.0167  decode.d7.loss_mask: 0.4322  decode.d7.loss_dice: 0.4673  decode.d8.loss_cls: 0.0158  decode.d8.loss_mask: 0.4327  decode.d8.loss_dice: 0.4765
2026/07/23 23:57:54 - mmengine - INFO - Iter(train) [20500/40000]  base_lr: 2.8095e-05 lr: 2.8095e-05  eta: 3:44:33  time: 0.6428  data_time: 0.0180  memory: 8434  grad_norm: 72.1999  loss: 13.3042  decode.loss_cls: 0.0105  decode.loss_mask: 0.7201  decode.loss_dice: 0.5776  decode.d0.loss_cls: 0.1085  decode.d0.loss_mask: 0.7544  decode.d0.loss_dice: 0.6192  decode.d1.loss_cls: 0.0512  decode.d1.loss_mask: 0.7156  decode.d1.loss_dice: 0.5710  decode.d2.loss_cls: 0.0308  decode.d2.loss_mask: 0.7163  decode.d2.loss_dice: 0.5749  decode.d3.loss_cls: 0.0162  decode.d3.loss_mask: 0.7169  decode.d3.loss_dice: 0.5688  decode.d4.loss_cls: 0.0130  decode.d4.loss_mask: 0.7217  decode.d4.loss_dice: 0.5753  decode.d5.loss_cls: 0.0117  decode.d5.loss_mask: 0.7243  decode.d5.loss_dice: 0.5825  decode.d6.loss_cls: 0.0115  decode.d6.loss_mask: 0.7196  decode.d6.loss_dice: 0.5745  decode.d7.loss_cls: 0.0119  decode.d7.loss_mask: 0.7201  decode.d7.loss_dice: 0.5767  decode.d8.loss_cls: 0.0128  decode.d8.loss_mask: 0.7202  decode.d8.loss_dice: 0.5766
2026/07/23 23:58:58 - mmengine - INFO - Iter(train) [20600/40000]  base_lr: 2.7965e-05 lr: 2.7965e-05  eta: 3:43:19  time: 0.6391  data_time: 0.0161  memory: 8434  grad_norm: 54.0810  loss: 11.1496  decode.loss_cls: 0.0084  decode.loss_mask: 0.6105  decode.loss_dice: 0.4724  decode.d0.loss_cls: 0.1475  decode.d0.loss_mask: 0.6456  decode.d0.loss_dice: 0.5025  decode.d1.loss_cls: 0.0403  decode.d1.loss_mask: 0.6131  decode.d1.loss_dice: 0.4861  decode.d2.loss_cls: 0.0110  decode.d2.loss_mask: 0.6079  decode.d2.loss_dice: 0.4809  decode.d3.loss_cls: 0.0083  decode.d3.loss_mask: 0.6110  decode.d3.loss_dice: 0.4728  decode.d4.loss_cls: 0.0098  decode.d4.loss_mask: 0.6058  decode.d4.loss_dice: 0.4752  decode.d5.loss_cls: 0.0071  decode.d5.loss_mask: 0.6106  decode.d5.loss_dice: 0.4685  decode.d6.loss_cls: 0.0065  decode.d6.loss_mask: 0.6063  decode.d6.loss_dice: 0.4744  decode.d7.loss_cls: 0.0065  decode.d7.loss_mask: 0.6048  decode.d7.loss_dice: 0.4759  decode.d8.loss_cls: 0.0066  decode.d8.loss_mask: 0.6047  decode.d8.loss_dice: 0.4686
2026/07/24 00:00:04 - mmengine - INFO - Iter(train) [20700/40000]  base_lr: 2.7836e-05 lr: 2.7836e-05  eta: 3:42:06  time: 0.6419  data_time: 0.0185  memory: 8434  grad_norm: 63.3985  loss: 12.6134  decode.loss_cls: 0.0029  decode.loss_mask: 0.6809  decode.loss_dice: 0.5561  decode.d0.loss_cls: 0.0838  decode.d0.loss_mask: 0.7087  decode.d0.loss_dice: 0.5829  decode.d1.loss_cls: 0.0287  decode.d1.loss_mask: 0.6845  decode.d1.loss_dice: 0.5745  decode.d2.loss_cls: 0.0047  decode.d2.loss_mask: 0.6823  decode.d2.loss_dice: 0.5690  decode.d3.loss_cls: 0.0034  decode.d3.loss_mask: 0.6785  decode.d3.loss_dice: 0.5581  decode.d4.loss_cls: 0.0036  decode.d4.loss_mask: 0.6830  decode.d4.loss_dice: 0.5643  decode.d5.loss_cls: 0.0026  decode.d5.loss_mask: 0.6837  decode.d5.loss_dice: 0.5558  decode.d6.loss_cls: 0.0025  decode.d6.loss_mask: 0.6796  decode.d6.loss_dice: 0.5561  decode.d7.loss_cls: 0.0025  decode.d7.loss_mask: 0.6851  decode.d7.loss_dice: 0.5571  decode.d8.loss_cls: 0.0026  decode.d8.loss_mask: 0.6820  decode.d8.loss_dice: 0.5538
2026/07/24 00:01:13 - mmengine - INFO - Iter(train) [20800/40000]  base_lr: 2.7706e-05 lr: 2.7706e-05  eta: 3:40:58  time: 0.6433  data_time: 0.0169  memory: 8434  grad_norm: 127.0998  loss: 15.9899  decode.loss_cls: 0.0724  decode.loss_mask: 0.7671  decode.loss_dice: 0.7130  decode.d0.loss_cls: 0.2514  decode.d0.loss_mask: 0.8806  decode.d0.loss_dice: 0.9040  decode.d1.loss_cls: 0.0812  decode.d1.loss_mask: 0.7711  decode.d1.loss_dice: 0.7633  decode.d2.loss_cls: 0.0859  decode.d2.loss_mask: 0.7522  decode.d2.loss_dice: 0.6988  decode.d3.loss_cls: 0.0747  decode.d3.loss_mask: 0.7564  decode.d3.loss_dice: 0.7304  decode.d4.loss_cls: 0.0805  decode.d4.loss_mask: 0.7547  decode.d4.loss_dice: 0.6930  decode.d5.loss_cls: 0.0797  decode.d5.loss_mask: 0.7511  decode.d5.loss_dice: 0.6945  decode.d6.loss_cls: 0.0719  decode.d6.loss_mask: 0.7610  decode.d6.loss_dice: 0.7114  decode.d7.loss_cls: 0.0752  decode.d7.loss_mask: 0.7620  decode.d7.loss_dice: 0.7098  decode.d8.loss_cls: 0.0746  decode.d8.loss_mask: 0.7588  decode.d8.loss_dice: 0.7093
2026/07/24 00:02:19 - mmengine - INFO - Iter(train) [20900/40000]  base_lr: 2.7576e-05 lr: 2.7576e-05  eta: 3:39:45  time: 0.6396  data_time: 0.0173  memory: 8424  grad_norm: 68.4510  loss: 11.6302  decode.loss_cls: 0.0178  decode.loss_mask: 0.5896  decode.loss_dice: 0.5429  decode.d0.loss_cls: 0.0904  decode.d0.loss_mask: 0.5989  decode.d0.loss_dice: 0.5808  decode.d1.loss_cls: 0.0309  decode.d1.loss_mask: 0.5871  decode.d1.loss_dice: 0.5434  decode.d2.loss_cls: 0.0221  decode.d2.loss_mask: 0.5876  decode.d2.loss_dice: 0.5498  decode.d3.loss_cls: 0.0147  decode.d3.loss_mask: 0.5913  decode.d3.loss_dice: 0.5306  decode.d4.loss_cls: 0.0324  decode.d4.loss_mask: 0.5902  decode.d4.loss_dice: 0.5318  decode.d5.loss_cls: 0.0272  decode.d5.loss_mask: 0.5918  decode.d5.loss_dice: 0.5409  decode.d6.loss_cls: 0.0200  decode.d6.loss_mask: 0.5860  decode.d6.loss_dice: 0.5399  decode.d7.loss_cls: 0.0206  decode.d7.loss_mask: 0.5864  decode.d7.loss_dice: 0.5423  decode.d8.loss_cls: 0.0175  decode.d8.loss_mask: 0.5905  decode.d8.loss_dice: 0.5350
2026/07/24 00:03:23 - mmengine - INFO - Exp name: fusion_vits_m2f_nocont_23999_20260723_192916
2026/07/24 00:03:23 - mmengine - INFO - Iter(train) [21000/40000]  base_lr: 2.7446e-05 lr: 2.7446e-05  eta: 3:38:32  time: 0.6597  data_time: 0.0179  memory: 8434  grad_norm: 59.5314  loss: 13.4870  decode.loss_cls: 0.0179  decode.loss_mask: 0.7361  decode.loss_dice: 0.5765  decode.d0.loss_cls: 0.0910  decode.d0.loss_mask: 0.7893  decode.d0.loss_dice: 0.6087  decode.d1.loss_cls: 0.0330  decode.d1.loss_mask: 0.7352  decode.d1.loss_dice: 0.5867  decode.d2.loss_cls: 0.0289  decode.d2.loss_mask: 0.7335  decode.d2.loss_dice: 0.5776  decode.d3.loss_cls: 0.0192  decode.d3.loss_mask: 0.7364  decode.d3.loss_dice: 0.5785  decode.d4.loss_cls: 0.0208  decode.d4.loss_mask: 0.7340  decode.d4.loss_dice: 0.5770  decode.d5.loss_cls: 0.0190  decode.d5.loss_mask: 0.7361  decode.d5.loss_dice: 0.5747  decode.d6.loss_cls: 0.0169  decode.d6.loss_mask: 0.7350  decode.d6.loss_dice: 0.5746  decode.d7.loss_cls: 0.0172  decode.d7.loss_mask: 0.7335  decode.d7.loss_dice: 0.5747  decode.d8.loss_cls: 0.0123  decode.d8.loss_mask: 0.7378  decode.d8.loss_dice: 0.5747
2026/07/24 00:04:28 - mmengine - INFO - Iter(train) [21100/40000]  base_lr: 2.7316e-05 lr: 2.7316e-05  eta: 3:37:20  time: 0.6488  data_time: 0.0183  memory: 8434  grad_norm: 76.4301  loss: 13.8753  decode.loss_cls: 0.0060  decode.loss_mask: 0.7527  decode.loss_dice: 0.6094  decode.d0.loss_cls: 0.0791  decode.d0.loss_mask: 0.8117  decode.d0.loss_dice: 0.6421  decode.d1.loss_cls: 0.0217  decode.d1.loss_mask: 0.7644  decode.d1.loss_dice: 0.6198  decode.d2.loss_cls: 0.0149  decode.d2.loss_mask: 0.7622  decode.d2.loss_dice: 0.6125  decode.d3.loss_cls: 0.0134  decode.d3.loss_mask: 0.7528  decode.d3.loss_dice: 0.6001  decode.d4.loss_cls: 0.0072  decode.d4.loss_mask: 0.7500  decode.d4.loss_dice: 0.6060  decode.d5.loss_cls: 0.0058  decode.d5.loss_mask: 0.7520  decode.d5.loss_dice: 0.6107  decode.d6.loss_cls: 0.0050  decode.d6.loss_mask: 0.7498  decode.d6.loss_dice: 0.6043  decode.d7.loss_cls: 0.0050  decode.d7.loss_mask: 0.7490  decode.d7.loss_dice: 0.6061  decode.d8.loss_cls: 0.0058  decode.d8.loss_mask: 0.7491  decode.d8.loss_dice: 0.6067
2026/07/24 00:05:34 - mmengine - INFO - Iter(train) [21200/40000]  base_lr: 2.7186e-05 lr: 2.7186e-05  eta: 3:36:08  time: 0.6556  data_time: 0.0185  memory: 8424  grad_norm: 67.4718  loss: 11.1526  decode.loss_cls: 0.0151  decode.loss_mask: 0.5762  decode.loss_dice: 0.5067  decode.d0.loss_cls: 0.1109  decode.d0.loss_mask: 0.5970  decode.d0.loss_dice: 0.5373  decode.d1.loss_cls: 0.0451  decode.d1.loss_mask: 0.5758  decode.d1.loss_dice: 0.5040  decode.d2.loss_cls: 0.0241  decode.d2.loss_mask: 0.5715  decode.d2.loss_dice: 0.5075  decode.d3.loss_cls: 0.0212  decode.d3.loss_mask: 0.5702  decode.d3.loss_dice: 0.5071  decode.d4.loss_cls: 0.0161  decode.d4.loss_mask: 0.5792  decode.d4.loss_dice: 0.5065  decode.d5.loss_cls: 0.0130  decode.d5.loss_mask: 0.5710  decode.d5.loss_dice: 0.5020  decode.d6.loss_cls: 0.0156  decode.d6.loss_mask: 0.5675  decode.d6.loss_dice: 0.5097  decode.d7.loss_cls: 0.0144  decode.d7.loss_mask: 0.5751  decode.d7.loss_dice: 0.5115  decode.d8.loss_cls: 0.0144  decode.d8.loss_mask: 0.5745  decode.d8.loss_dice: 0.5124
2026/07/24 00:06:39 - mmengine - INFO - Iter(train) [21300/40000]  base_lr: 2.7056e-05 lr: 2.7056e-05  eta: 3:34:55  time: 0.6540  data_time: 0.0199  memory: 8434  grad_norm: 78.6631  loss: 13.9347  decode.loss_cls: 0.0318  decode.loss_mask: 0.6964  decode.loss_dice: 0.6186  decode.d0.loss_cls: 0.1785  decode.d0.loss_mask: 0.7569  decode.d0.loss_dice: 0.7218  decode.d1.loss_cls: 0.0706  decode.d1.loss_mask: 0.7269  decode.d1.loss_dice: 0.6374  decode.d2.loss_cls: 0.0382  decode.d2.loss_mask: 0.7133  decode.d2.loss_dice: 0.6323  decode.d3.loss_cls: 0.0253  decode.d3.loss_mask: 0.7073  decode.d3.loss_dice: 0.6290  decode.d4.loss_cls: 0.0242  decode.d4.loss_mask: 0.7058  decode.d4.loss_dice: 0.6265  decode.d5.loss_cls: 0.0236  decode.d5.loss_mask: 0.7039  decode.d5.loss_dice: 0.6245  decode.d6.loss_cls: 0.0247  decode.d6.loss_mask: 0.7024  decode.d6.loss_dice: 0.6229  decode.d7.loss_cls: 0.0202  decode.d7.loss_mask: 0.7022  decode.d7.loss_dice: 0.6243  decode.d8.loss_cls: 0.0229  decode.d8.loss_mask: 0.6970  decode.d8.loss_dice: 0.6254
2026/07/24 00:07:45 - mmengine - INFO - Iter(train) [21400/40000]  base_lr: 2.6925e-05 lr: 2.6925e-05  eta: 3:33:43  time: 0.6669  data_time: 0.0390  memory: 8434  grad_norm: 49.0833  loss: 8.0864  decode.loss_cls: 0.0417  decode.loss_mask: 0.3678  decode.loss_dice: 0.3525  decode.d0.loss_cls: 0.2961  decode.d0.loss_mask: 0.3978  decode.d0.loss_dice: 0.4119  decode.d1.loss_cls: 0.1020  decode.d1.loss_mask: 0.3756  decode.d1.loss_dice: 0.3525  decode.d2.loss_cls: 0.0809  decode.d2.loss_mask: 0.3727  decode.d2.loss_dice: 0.3426  decode.d3.loss_cls: 0.0520  decode.d3.loss_mask: 0.3731  decode.d3.loss_dice: 0.3660  decode.d4.loss_cls: 0.0433  decode.d4.loss_mask: 0.3770  decode.d4.loss_dice: 0.3516  decode.d5.loss_cls: 0.0444  decode.d5.loss_mask: 0.3679  decode.d5.loss_dice: 0.3370  decode.d6.loss_cls: 0.0362  decode.d6.loss_mask: 0.3707  decode.d6.loss_dice: 0.3517  decode.d7.loss_cls: 0.0369  decode.d7.loss_mask: 0.3728  decode.d7.loss_dice: 0.3563  decode.d8.loss_cls: 0.0405  decode.d8.loss_mask: 0.3681  decode.d8.loss_dice: 0.3467
2026/07/24 00:08:49 - mmengine - INFO - Iter(train) [21500/40000]  base_lr: 2.6795e-05 lr: 2.6795e-05  eta: 3:32:30  time: 0.6328  data_time: 0.0178  memory: 8434  grad_norm: 70.2354  loss: 13.4473  decode.loss_cls: 0.0156  decode.loss_mask: 0.6870  decode.loss_dice: 0.6093  decode.d0.loss_cls: 0.1336  decode.d0.loss_mask: 0.8022  decode.d0.loss_dice: 0.6840  decode.d1.loss_cls: 0.0559  decode.d1.loss_mask: 0.7019  decode.d1.loss_dice: 0.6142  decode.d2.loss_cls: 0.0314  decode.d2.loss_mask: 0.6944  decode.d2.loss_dice: 0.5854  decode.d3.loss_cls: 0.0265  decode.d3.loss_mask: 0.6890  decode.d3.loss_dice: 0.6009  decode.d4.loss_cls: 0.0323  decode.d4.loss_mask: 0.6759  decode.d4.loss_dice: 0.5850  decode.d5.loss_cls: 0.0275  decode.d5.loss_mask: 0.6802  decode.d5.loss_dice: 0.5936  decode.d6.loss_cls: 0.0288  decode.d6.loss_mask: 0.6841  decode.d6.loss_dice: 0.5997  decode.d7.loss_cls: 0.0272  decode.d7.loss_mask: 0.6853  decode.d7.loss_dice: 0.6036  decode.d8.loss_cls: 0.0263  decode.d8.loss_mask: 0.6799  decode.d8.loss_dice: 0.5866
2026/07/24 00:09:54 - mmengine - INFO - Iter(train) [21600/40000]  base_lr: 2.6665e-05 lr: 2.6665e-05  eta: 3:31:18  time: 0.6375  data_time: 0.0175  memory: 8434  grad_norm: 54.6364  loss: 8.5696  decode.loss_cls: 0.0110  decode.loss_mask: 0.4335  decode.loss_dice: 0.4013  decode.d0.loss_cls: 0.1492  decode.d0.loss_mask: 0.4551  decode.d0.loss_dice: 0.4207  decode.d1.loss_cls: 0.0190  decode.d1.loss_mask: 0.4334  decode.d1.loss_dice: 0.3902  decode.d2.loss_cls: 0.0152  decode.d2.loss_mask: 0.4294  decode.d2.loss_dice: 0.3864  decode.d3.loss_cls: 0.0097  decode.d3.loss_mask: 0.4295  decode.d3.loss_dice: 0.3929  decode.d4.loss_cls: 0.0085  decode.d4.loss_mask: 0.4290  decode.d4.loss_dice: 0.3876  decode.d5.loss_cls: 0.0065  decode.d5.loss_mask: 0.4335  decode.d5.loss_dice: 0.3953  decode.d6.loss_cls: 0.0086  decode.d6.loss_mask: 0.4341  decode.d6.loss_dice: 0.3951  decode.d7.loss_cls: 0.0091  decode.d7.loss_mask: 0.4352  decode.d7.loss_dice: 0.4094  decode.d8.loss_cls: 0.0109  decode.d8.loss_mask: 0.4344  decode.d8.loss_dice: 0.3956
2026/07/24 00:11:01 - mmengine - INFO - Iter(train) [21700/40000]  base_lr: 2.6534e-05 lr: 2.6534e-05  eta: 3:30:08  time: 0.6352  data_time: 0.0161  memory: 8424  grad_norm: 110.2622  loss: 10.9081  decode.loss_cls: 0.0037  decode.loss_mask: 0.5956  decode.loss_dice: 0.4546  decode.d0.loss_cls: 0.1750  decode.d0.loss_mask: 0.6643  decode.d0.loss_dice: 0.5169  decode.d1.loss_cls: 0.0186  decode.d1.loss_mask: 0.5916  decode.d1.loss_dice: 0.4475  decode.d2.loss_cls: 0.0086  decode.d2.loss_mask: 0.5951  decode.d2.loss_dice: 0.4720  decode.d3.loss_cls: 0.0057  decode.d3.loss_mask: 0.6005  decode.d3.loss_dice: 0.4578  decode.d4.loss_cls: 0.0051  decode.d4.loss_mask: 0.5950  decode.d4.loss_dice: 0.4515  decode.d5.loss_cls: 0.0036  decode.d5.loss_mask: 0.5993  decode.d5.loss_dice: 0.4570  decode.d6.loss_cls: 0.0028  decode.d6.loss_mask: 0.5987  decode.d6.loss_dice: 0.4539  decode.d7.loss_cls: 0.0035  decode.d7.loss_mask: 0.5936  decode.d7.loss_dice: 0.4618  decode.d8.loss_cls: 0.0032  decode.d8.loss_mask: 0.5963  decode.d8.loss_dice: 0.4754
2026/07/24 00:12:06 - mmengine - INFO - Iter(train) [21800/40000]  base_lr: 2.6404e-05 lr: 2.6404e-05  eta: 3:28:55  time: 0.6249  data_time: 0.0165  memory: 8424  grad_norm: 73.2895  loss: 13.2782  decode.loss_cls: 0.0046  decode.loss_mask: 0.6886  decode.loss_dice: 0.6185  decode.d0.loss_cls: 0.0774  decode.d0.loss_mask: 0.7278  decode.d0.loss_dice: 0.6312  decode.d1.loss_cls: 0.0136  decode.d1.loss_mask: 0.6913  decode.d1.loss_dice: 0.6157  decode.d2.loss_cls: 0.0102  decode.d2.loss_mask: 0.6910  decode.d2.loss_dice: 0.6274  decode.d3.loss_cls: 0.0067  decode.d3.loss_mask: 0.6902  decode.d3.loss_dice: 0.6126  decode.d4.loss_cls: 0.0063  decode.d4.loss_mask: 0.6860  decode.d4.loss_dice: 0.6105  decode.d5.loss_cls: 0.0060  decode.d5.loss_mask: 0.6921  decode.d5.loss_dice: 0.6305  decode.d6.loss_cls: 0.0055  decode.d6.loss_mask: 0.6855  decode.d6.loss_dice: 0.6218  decode.d7.loss_cls: 0.0047  decode.d7.loss_mask: 0.6913  decode.d7.loss_dice: 0.6238  decode.d8.loss_cls: 0.0047  decode.d8.loss_mask: 0.6886  decode.d8.loss_dice: 0.6143
2026/07/24 00:13:09 - mmengine - INFO - Iter(train) [21900/40000]  base_lr: 2.6273e-05 lr: 2.6273e-05  eta: 3:27:42  time: 0.6360  data_time: 0.0168  memory: 8434  grad_norm: 46.7220  loss: 7.6982  decode.loss_cls: 0.0161  decode.loss_mask: 0.3841  decode.loss_dice: 0.3573  decode.d0.loss_cls: 0.1300  decode.d0.loss_mask: 0.4052  decode.d0.loss_dice: 0.4094  decode.d1.loss_cls: 0.0257  decode.d1.loss_mask: 0.3857  decode.d1.loss_dice: 0.3685  decode.d2.loss_cls: 0.0117  decode.d2.loss_mask: 0.3859  decode.d2.loss_dice: 0.3478  decode.d3.loss_cls: 0.0087  decode.d3.loss_mask: 0.3801  decode.d3.loss_dice: 0.3452  decode.d4.loss_cls: 0.0072  decode.d4.loss_mask: 0.3793  decode.d4.loss_dice: 0.3527  decode.d5.loss_cls: 0.0096  decode.d5.loss_mask: 0.3814  decode.d5.loss_dice: 0.3459  decode.d6.loss_cls: 0.0097  decode.d6.loss_mask: 0.3835  decode.d6.loss_dice: 0.3555  decode.d7.loss_cls: 0.0094  decode.d7.loss_mask: 0.3848  decode.d7.loss_dice: 0.3697  decode.d8.loss_cls: 0.0082  decode.d8.loss_mask: 0.3832  decode.d8.loss_dice: 0.3567
2026/07/24 00:14:14 - mmengine - INFO - Exp name: fusion_vits_m2f_nocont_23999_20260723_192916
2026/07/24 00:14:14 - mmengine - INFO - Iter(train) [22000/40000]  base_lr: 2.6142e-05 lr: 2.6142e-05  eta: 3:26:30  time: 0.6297  data_time: 0.0159  memory: 8434  grad_norm: 56.9787  loss: 13.3166  decode.loss_cls: 0.0034  decode.loss_mask: 0.7111  decode.loss_dice: 0.5996  decode.d0.loss_cls: 0.0910  decode.d0.loss_mask: 0.7597  decode.d0.loss_dice: 0.6064  decode.d1.loss_cls: 0.0194  decode.d1.loss_mask: 0.7164  decode.d1.loss_dice: 0.5979  decode.d2.loss_cls: 0.0049  decode.d2.loss_mask: 0.7131  decode.d2.loss_dice: 0.6042  decode.d3.loss_cls: 0.0036  decode.d3.loss_mask: 0.7166  decode.d3.loss_dice: 0.5966  decode.d4.loss_cls: 0.0038  decode.d4.loss_mask: 0.7113  decode.d4.loss_dice: 0.5990  decode.d5.loss_cls: 0.0063  decode.d5.loss_mask: 0.7154  decode.d5.loss_dice: 0.6025  decode.d6.loss_cls: 0.0033  decode.d6.loss_mask: 0.7105  decode.d6.loss_dice: 0.5923  decode.d7.loss_cls: 0.0035  decode.d7.loss_mask: 0.7119  decode.d7.loss_dice: 0.5982  decode.d8.loss_cls: 0.0032  decode.d8.loss_mask: 0.7137  decode.d8.loss_dice: 0.5978
2026/07/24 00:14:14 - mmengine - INFO - Saving checkpoint at 22000 iterations
2026/07/24 00:15:02 - mmengine - INFO - Iter(val) [100/504]    eta: 0:01:41  time: 0.2080  data_time: 0.0082  memory: 3245  
2026/07/24 00:15:23 - mmengine - INFO - Iter(val) [200/504]    eta: 0:01:10  time: 0.2050  data_time: 0.0079  memory: 3245  
2026/07/24 00:15:44 - mmengine - INFO - Iter(val) [300/504]    eta: 0:00:45  time: 0.2083  data_time: 0.0088  memory: 3245  
2026/07/24 00:16:05 - mmengine - INFO - Iter(val) [400/504]    eta: 0:00:22  time: 0.2120  data_time: 0.0088  memory: 3245  
2026/07/24 00:16:26 - mmengine - INFO - Iter(val) [500/504]    eta: 0:00:00  time: 0.2290  data_time: 0.0316  memory: 3245  
2026/07/24 00:16:31 - mmengine - INFO - per class results:
2026/07/24 00:16:31 - mmengine - INFO - 
+--------------------+-------+-------+--------+-----------+--------+
|       Class        |  IoU  |  Acc  | Fscore | Precision | Recall |
+--------------------+-------+-------+--------+-----------+--------+
| impervious_surface | 87.69 | 92.58 | 93.44  |   94.32   | 92.58  |
|      building      | 95.58 | 97.96 | 97.74  |   97.52   | 97.96  |
|   low_vegetation   | 79.59 | 92.62 | 88.63  |   84.97   | 92.62  |
|        tree        | 80.59 | 85.56 | 89.25  |   93.28   | 85.56  |
|        car         | 94.16 | 96.11 | 96.99  |   97.88   | 96.11  |
+--------------------+-------+-------+--------+-----------+--------+
2026/07/24 00:16:31 - mmengine - INFO - Iter(val) [504/504]    aAcc: 92.3300  mIoU: 87.5200  mAcc: 92.9700  mFscore: 93.2100  mPrecision: 93.6000  mRecall: 92.9700  data_time: 0.0189  time: 0.2185
2026/07/24 00:17:36 - mmengine - INFO - Iter(train) [22100/40000]  base_lr: 2.6012e-05 lr: 2.6012e-05  eta: 3:25:21  time: 0.6603  data_time: 0.0177  memory: 8424  grad_norm: 49.0182  loss: 9.2317  decode.loss_cls: 0.0068  decode.loss_mask: 0.4655  decode.loss_dice: 0.4421  decode.d0.loss_cls: 0.1020  decode.d0.loss_mask: 0.4885  decode.d0.loss_dice: 0.4764  decode.d1.loss_cls: 0.0263  decode.d1.loss_mask: 0.4678  decode.d1.loss_dice: 0.4284  decode.d2.loss_cls: 0.0080  decode.d2.loss_mask: 0.4611  decode.d2.loss_dice: 0.4277  decode.d3.loss_cls: 0.0083  decode.d3.loss_mask: 0.4637  decode.d3.loss_dice: 0.4345  decode.d4.loss_cls: 0.0074  decode.d4.loss_mask: 0.4638  decode.d4.loss_dice: 0.4245  decode.d5.loss_cls: 0.0130  decode.d5.loss_mask: 0.4667  decode.d5.loss_dice: 0.4225  decode.d6.loss_cls: 0.0118  decode.d6.loss_mask: 0.4669  decode.d6.loss_dice: 0.4383  decode.d7.loss_cls: 0.0098  decode.d7.loss_mask: 0.4650  decode.d7.loss_dice: 0.4277  decode.d8.loss_cls: 0.0093  decode.d8.loss_mask: 0.4655  decode.d8.loss_dice: 0.4323
2026/07/24 00:18:39 - mmengine - INFO - Iter(train) [22200/40000]  base_lr: 2.5881e-05 lr: 2.5881e-05  eta: 3:24:08  time: 0.6282  data_time: 0.0196  memory: 8434  grad_norm: 63.8109  loss: 11.8049  decode.loss_cls: 0.0077  decode.loss_mask: 0.6305  decode.loss_dice: 0.5132  decode.d0.loss_cls: 0.0852  decode.d0.loss_mask: 0.7244  decode.d0.loss_dice: 0.5786  decode.d1.loss_cls: 0.0174  decode.d1.loss_mask: 0.6511  decode.d1.loss_dice: 0.5179  decode.d2.loss_cls: 0.0130  decode.d2.loss_mask: 0.6361  decode.d2.loss_dice: 0.5080  decode.d3.loss_cls: 0.0093  decode.d3.loss_mask: 0.6369  decode.d3.loss_dice: 0.5160  decode.d4.loss_cls: 0.0082  decode.d4.loss_mask: 0.6395  decode.d4.loss_dice: 0.5098  decode.d5.loss_cls: 0.0080  decode.d5.loss_mask: 0.6363  decode.d5.loss_dice: 0.5047  decode.d6.loss_cls: 0.0060  decode.d6.loss_mask: 0.6354  decode.d6.loss_dice: 0.5071  decode.d7.loss_cls: 0.0071  decode.d7.loss_mask: 0.6324  decode.d7.loss_dice: 0.5127  decode.d8.loss_cls: 0.0076  decode.d8.loss_mask: 0.6282  decode.d8.loss_dice: 0.5167
2026/07/24 00:19:46 - mmengine - INFO - Iter(train) [22300/40000]  base_lr: 2.5750e-05 lr: 2.5750e-05  eta: 3:22:57  time: 0.6828  data_time: 0.0191  memory: 8434  grad_norm: 65.5185  loss: 11.5947  decode.loss_cls: 0.0140  decode.loss_mask: 0.6021  decode.loss_dice: 0.5095  decode.d0.loss_cls: 0.1027  decode.d0.loss_mask: 0.6726  decode.d0.loss_dice: 0.5660  decode.d1.loss_cls: 0.0379  decode.d1.loss_mask: 0.6269  decode.d1.loss_dice: 0.5233  decode.d2.loss_cls: 0.0281  decode.d2.loss_mask: 0.6162  decode.d2.loss_dice: 0.5075  decode.d3.loss_cls: 0.0181  decode.d3.loss_mask: 0.6072  decode.d3.loss_dice: 0.5131  decode.d4.loss_cls: 0.0137  decode.d4.loss_mask: 0.6058  decode.d4.loss_dice: 0.5110  decode.d5.loss_cls: 0.0115  decode.d5.loss_mask: 0.6031  decode.d5.loss_dice: 0.5117  decode.d6.loss_cls: 0.0148  decode.d6.loss_mask: 0.6039  decode.d6.loss_dice: 0.5127  decode.d7.loss_cls: 0.0169  decode.d7.loss_mask: 0.6041  decode.d7.loss_dice: 0.5072  decode.d8.loss_cls: 0.0169  decode.d8.loss_mask: 0.6069  decode.d8.loss_dice: 0.5093
2026/07/24 00:20:51 - mmengine - INFO - Iter(train) [22400/40000]  base_lr: 2.5619e-05 lr: 2.5619e-05  eta: 3:21:46  time: 0.6377  data_time: 0.0159  memory: 8434  grad_norm: 67.1040  loss: 12.9789  decode.loss_cls: 0.0023  decode.loss_mask: 0.7060  decode.loss_dice: 0.5666  decode.d0.loss_cls: 0.0670  decode.d0.loss_mask: 0.7415  decode.d0.loss_dice: 0.6010  decode.d1.loss_cls: 0.0280  decode.d1.loss_mask: 0.7186  decode.d1.loss_dice: 0.5764  decode.d2.loss_cls: 0.0105  decode.d2.loss_mask: 0.7158  decode.d2.loss_dice: 0.5706  decode.d3.loss_cls: 0.0032  decode.d3.loss_mask: 0.7136  decode.d3.loss_dice: 0.5697  decode.d4.loss_cls: 0.0029  decode.d4.loss_mask: 0.7090  decode.d4.loss_dice: 0.5684  decode.d5.loss_cls: 0.0041  decode.d5.loss_mask: 0.7051  decode.d5.loss_dice: 0.5684  decode.d6.loss_cls: 0.0024  decode.d6.loss_mask: 0.7063  decode.d6.loss_dice: 0.5687  decode.d7.loss_cls: 0.0018  decode.d7.loss_mask: 0.7073  decode.d7.loss_dice: 0.5683  decode.d8.loss_cls: 0.0087  decode.d8.loss_mask: 0.7019  decode.d8.loss_dice: 0.5646
2026/07/24 00:22:00 - mmengine - INFO - Iter(train) [22500/40000]  base_lr: 2.5488e-05 lr: 2.5488e-05  eta: 3:20:37  time: 0.6694  data_time: 0.0340  memory: 8434  grad_norm: 80.8563  loss: 14.4641  decode.loss_cls: 0.0429  decode.loss_mask: 0.7628  decode.loss_dice: 0.6159  decode.d0.loss_cls: 0.1695  decode.d0.loss_mask: 0.8083  decode.d0.loss_dice: 0.6705  decode.d1.loss_cls: 0.0700  decode.d1.loss_mask: 0.7713  decode.d1.loss_dice: 0.6278  decode.d2.loss_cls: 0.0567  decode.d2.loss_mask: 0.7649  decode.d2.loss_dice: 0.5856  decode.d3.loss_cls: 0.0431  decode.d3.loss_mask: 0.7662  decode.d3.loss_dice: 0.6204  decode.d4.loss_cls: 0.0441  decode.d4.loss_mask: 0.7650  decode.d4.loss_dice: 0.6325  decode.d5.loss_cls: 0.0425  decode.d5.loss_mask: 0.7602  decode.d5.loss_dice: 0.6269  decode.d6.loss_cls: 0.0464  decode.d6.loss_mask: 0.7557  decode.d6.loss_dice: 0.6148  decode.d7.loss_cls: 0.0419  decode.d7.loss_mask: 0.7527  decode.d7.loss_dice: 0.6039  decode.d8.loss_cls: 0.0379  decode.d8.loss_mask: 0.7595  decode.d8.loss_dice: 0.6042
2026/07/24 00:23:06 - mmengine - INFO - Iter(train) [22600/40000]  base_lr: 2.5357e-05 lr: 2.5357e-05  eta: 3:19:26  time: 0.6649  data_time: 0.0198  memory: 8424  grad_norm: 65.3138  loss: 13.0215  decode.loss_cls: 0.0005  decode.loss_mask: 0.7480  decode.loss_dice: 0.5404  decode.d0.loss_cls: 0.0775  decode.d0.loss_mask: 0.7643  decode.d0.loss_dice: 0.5479  decode.d1.loss_cls: 0.0123  decode.d1.loss_mask: 0.7529  decode.d1.loss_dice: 0.5483  decode.d2.loss_cls: 0.0015  decode.d2.loss_mask: 0.7457  decode.d2.loss_dice: 0.5348  decode.d3.loss_cls: 0.0007  decode.d3.loss_mask: 0.7510  decode.d3.loss_dice: 0.5377  decode.d4.loss_cls: 0.0007  decode.d4.loss_mask: 0.7512  decode.d4.loss_dice: 0.5395  decode.d5.loss_cls: 0.0009  decode.d5.loss_mask: 0.7500  decode.d5.loss_dice: 0.5388  decode.d6.loss_cls: 0.0007  decode.d6.loss_mask: 0.7507  decode.d6.loss_dice: 0.5397  decode.d7.loss_cls: 0.0006  decode.d7.loss_mask: 0.7543  decode.d7.loss_dice: 0.5379  decode.d8.loss_cls: 0.0007  decode.d8.loss_mask: 0.7518  decode.d8.loss_dice: 0.5404
2026/07/24 00:24:10 - mmengine - INFO - Iter(train) [22700/40000]  base_lr: 2.5226e-05 lr: 2.5226e-05  eta: 3:18:14  time: 0.6339  data_time: 0.0166  memory: 8434  grad_norm: 102.9690  loss: 16.2586  decode.loss_cls: 0.0079  decode.loss_mask: 0.8994  decode.loss_dice: 0.7056  decode.d0.loss_cls: 0.0751  decode.d0.loss_mask: 1.0008  decode.d0.loss_dice: 0.7343  decode.d1.loss_cls: 0.0217  decode.d1.loss_mask: 0.9147  decode.d1.loss_dice: 0.7083  decode.d2.loss_cls: 0.0095  decode.d2.loss_mask: 0.8955  decode.d2.loss_dice: 0.7063  decode.d3.loss_cls: 0.0102  decode.d3.loss_mask: 0.8871  decode.d3.loss_dice: 0.7010  decode.d4.loss_cls: 0.0100  decode.d4.loss_mask: 0.8826  decode.d4.loss_dice: 0.6965  decode.d5.loss_cls: 0.0094  decode.d5.loss_mask: 0.8847  decode.d5.loss_dice: 0.6950  decode.d6.loss_cls: 0.0084  decode.d6.loss_mask: 0.8920  decode.d6.loss_dice: 0.6998  decode.d7.loss_cls: 0.0128  decode.d7.loss_mask: 0.8851  decode.d7.loss_dice: 0.6988  decode.d8.loss_cls: 0.0066  decode.d8.loss_mask: 0.8910  decode.d8.loss_dice: 0.7084
2026/07/24 00:25:15 - mmengine - INFO - Iter(train) [22800/40000]  base_lr: 2.5094e-05 lr: 2.5094e-05  eta: 3:17:02  time: 0.6528  data_time: 0.0202  memory: 8434  grad_norm: 106.0073  loss: 15.3521  decode.loss_cls: 0.0261  decode.loss_mask: 0.8199  decode.loss_dice: 0.6390  decode.d0.loss_cls: 0.0700  decode.d0.loss_mask: 0.9197  decode.d0.loss_dice: 0.7455  decode.d1.loss_cls: 0.0415  decode.d1.loss_mask: 0.8488  decode.d1.loss_dice: 0.6487  decode.d2.loss_cls: 0.0191  decode.d2.loss_mask: 0.8424  decode.d2.loss_dice: 0.6739  decode.d3.loss_cls: 0.0088  decode.d3.loss_mask: 0.8476  decode.d3.loss_dice: 0.6569  decode.d4.loss_cls: 0.0094  decode.d4.loss_mask: 0.8391  decode.d4.loss_dice: 0.6796  decode.d5.loss_cls: 0.0329  decode.d5.loss_mask: 0.8297  decode.d5.loss_dice: 0.6507  decode.d6.loss_cls: 0.0141  decode.d6.loss_mask: 0.8284  decode.d6.loss_dice: 0.6509  decode.d7.loss_cls: 0.0303  decode.d7.loss_mask: 0.8280  decode.d7.loss_dice: 0.6613  decode.d8.loss_cls: 0.0155  decode.d8.loss_mask: 0.8274  decode.d8.loss_dice: 0.6471
2026/07/24 00:26:19 - mmengine - INFO - Iter(train) [22900/40000]  base_lr: 2.4963e-05 lr: 2.4963e-05  eta: 3:15:50  time: 0.6297  data_time: 0.0175  memory: 8424  grad_norm: 65.0816  loss: 10.6393  decode.loss_cls: 0.0047  decode.loss_mask: 0.5794  decode.loss_dice: 0.4554  decode.d0.loss_cls: 0.1152  decode.d0.loss_mask: 0.6377  decode.d0.loss_dice: 0.5017  decode.d1.loss_cls: 0.0154  decode.d1.loss_mask: 0.5872  decode.d1.loss_dice: 0.4658  decode.d2.loss_cls: 0.0126  decode.d2.loss_mask: 0.5785  decode.d2.loss_dice: 0.4582  decode.d3.loss_cls: 0.0052  decode.d3.loss_mask: 0.5825  decode.d3.loss_dice: 0.4583  decode.d4.loss_cls: 0.0049  decode.d4.loss_mask: 0.5777  decode.d4.loss_dice: 0.4515  decode.d5.loss_cls: 0.0035  decode.d5.loss_mask: 0.5826  decode.d5.loss_dice: 0.4544  decode.d6.loss_cls: 0.0035  decode.d6.loss_mask: 0.5770  decode.d6.loss_dice: 0.4513  decode.d7.loss_cls: 0.0047  decode.d7.loss_mask: 0.5755  decode.d7.loss_dice: 0.4528  decode.d8.loss_cls: 0.0044  decode.d8.loss_mask: 0.5830  decode.d8.loss_dice: 0.4549
2026/07/24 00:27:23 - mmengine - INFO - Exp name: fusion_vits_m2f_nocont_23999_20260723_192916
2026/07/24 00:27:23 - mmengine - INFO - Iter(train) [23000/40000]  base_lr: 2.4832e-05 lr: 2.4832e-05  eta: 3:14:37  time: 0.6488  data_time: 0.0186  memory: 8434  grad_norm: 59.4393  loss: 9.2771  decode.loss_cls: 0.0132  decode.loss_mask: 0.4715  decode.loss_dice: 0.4316  decode.d0.loss_cls: 0.0901  decode.d0.loss_mask: 0.4778  decode.d0.loss_dice: 0.4504  decode.d1.loss_cls: 0.0207  decode.d1.loss_mask: 0.4719  decode.d1.loss_dice: 0.4337  decode.d2.loss_cls: 0.0180  decode.d2.loss_mask: 0.4719  decode.d2.loss_dice: 0.4285  decode.d3.loss_cls: 0.0141  decode.d3.loss_mask: 0.4717  decode.d3.loss_dice: 0.4333  decode.d4.loss_cls: 0.0110  decode.d4.loss_mask: 0.4743  decode.d4.loss_dice: 0.4257  decode.d5.loss_cls: 0.0107  decode.d5.loss_mask: 0.4745  decode.d5.loss_dice: 0.4380  decode.d6.loss_cls: 0.0132  decode.d6.loss_mask: 0.4725  decode.d6.loss_dice: 0.4320  decode.d7.loss_cls: 0.0109  decode.d7.loss_mask: 0.4717  decode.d7.loss_dice: 0.4307  decode.d8.loss_cls: 0.0114  decode.d8.loss_mask: 0.4716  decode.d8.loss_dice: 0.4307
2026/07/24 00:28:27 - mmengine - INFO - Iter(train) [23100/40000]  base_lr: 2.4700e-05 lr: 2.4700e-05  eta: 3:13:25  time: 0.6585  data_time: 0.0205  memory: 8434  grad_norm: 53.6051  loss: 10.8981  decode.loss_cls: 0.0009  decode.loss_mask: 0.5898  decode.loss_dice: 0.4828  decode.d0.loss_cls: 0.0799  decode.d0.loss_mask: 0.6171  decode.d0.loss_dice: 0.5207  decode.d1.loss_cls: 0.0226  decode.d1.loss_mask: 0.5859  decode.d1.loss_dice: 0.4826  decode.d2.loss_cls: 0.0163  decode.d2.loss_mask: 0.5849  decode.d2.loss_dice: 0.4863  decode.d3.loss_cls: 0.0021  decode.d3.loss_mask: 0.5883  decode.d3.loss_dice: 0.4798  decode.d4.loss_cls: 0.0016  decode.d4.loss_mask: 0.5892  decode.d4.loss_dice: 0.4738  decode.d5.loss_cls: 0.0014  decode.d5.loss_mask: 0.5892  decode.d5.loss_dice: 0.4836  decode.d6.loss_cls: 0.0010  decode.d6.loss_mask: 0.5861  decode.d6.loss_dice: 0.4842  decode.d7.loss_cls: 0.0010  decode.d7.loss_mask: 0.5901  decode.d7.loss_dice: 0.4823  decode.d8.loss_cls: 0.0011  decode.d8.loss_mask: 0.5857  decode.d8.loss_dice: 0.4878
2026/07/24 00:29:32 - mmengine - INFO - Iter(train) [23200/40000]  base_lr: 2.4568e-05 lr: 2.4568e-05  eta: 3:12:14  time: 0.6437  data_time: 0.0177  memory: 8434  grad_norm: 57.2951  loss: 9.3272  decode.loss_cls: 0.0107  decode.loss_mask: 0.4622  decode.loss_dice: 0.4419  decode.d0.loss_cls: 0.1355  decode.d0.loss_mask: 0.4746  decode.d0.loss_dice: 0.4558  decode.d1.loss_cls: 0.0432  decode.d1.loss_mask: 0.4626  decode.d1.loss_dice: 0.4475  decode.d2.loss_cls: 0.0182  decode.d2.loss_mask: 0.4606  decode.d2.loss_dice: 0.4450  decode.d3.loss_cls: 0.0135  decode.d3.loss_mask: 0.4634  decode.d3.loss_dice: 0.4385  decode.d4.loss_cls: 0.0197  decode.d4.loss_mask: 0.4548  decode.d4.loss_dice: 0.4337  decode.d5.loss_cls: 0.0147  decode.d5.loss_mask: 0.4597  decode.d5.loss_dice: 0.4414  decode.d6.loss_cls: 0.0090  decode.d6.loss_mask: 0.4599  decode.d6.loss_dice: 0.4409  decode.d7.loss_cls: 0.0121  decode.d7.loss_mask: 0.4598  decode.d7.loss_dice: 0.4402  decode.d8.loss_cls: 0.0159  decode.d8.loss_mask: 0.4572  decode.d8.loss_dice: 0.4350
2026/07/24 00:30:37 - mmengine - INFO - Iter(train) [23300/40000]  base_lr: 2.4437e-05 lr: 2.4437e-05  eta: 3:11:02  time: 0.6450  data_time: 0.0194  memory: 8434  grad_norm: 50.0359  loss: 9.8476  decode.loss_cls: 0.0010  decode.loss_mask: 0.5108  decode.loss_dice: 0.4667  decode.d0.loss_cls: 0.0919  decode.d0.loss_mask: 0.5298  decode.d0.loss_dice: 0.4829  decode.d1.loss_cls: 0.0148  decode.d1.loss_mask: 0.5080  decode.d1.loss_dice: 0.4658  decode.d2.loss_cls: 0.0048  decode.d2.loss_mask: 0.5100  decode.d2.loss_dice: 0.4606  decode.d3.loss_cls: 0.0020  decode.d3.loss_mask: 0.5094  decode.d3.loss_dice: 0.4520  decode.d4.loss_cls: 0.0014  decode.d4.loss_mask: 0.5081  decode.d4.loss_dice: 0.4504  decode.d5.loss_cls: 0.0011  decode.d5.loss_mask: 0.5083  decode.d5.loss_dice: 0.4498  decode.d6.loss_cls: 0.0008  decode.d6.loss_mask: 0.5082  decode.d6.loss_dice: 0.4561  decode.d7.loss_cls: 0.0010  decode.d7.loss_mask: 0.5102  decode.d7.loss_dice: 0.4692  decode.d8.loss_cls: 0.0007  decode.d8.loss_mask: 0.5098  decode.d8.loss_dice: 0.4621
2026/07/24 00:31:45 - mmengine - INFO - Iter(train) [23400/40000]  base_lr: 2.4305e-05 lr: 2.4305e-05  eta: 3:09:53  time: 0.6624  data_time: 0.0157  memory: 8434  grad_norm: 112.6257  loss: 13.5298  decode.loss_cls: 0.0171  decode.loss_mask: 0.6986  decode.loss_dice: 0.6243  decode.d0.loss_cls: 0.0933  decode.d0.loss_mask: 0.7369  decode.d0.loss_dice: 0.6585  decode.d1.loss_cls: 0.0514  decode.d1.loss_mask: 0.7046  decode.d1.loss_dice: 0.6299  decode.d2.loss_cls: 0.0319  decode.d2.loss_mask: 0.7036  decode.d2.loss_dice: 0.6222  decode.d3.loss_cls: 0.0297  decode.d3.loss_mask: 0.6892  decode.d3.loss_dice: 0.6087  decode.d4.loss_cls: 0.0178  decode.d4.loss_mask: 0.6949  decode.d4.loss_dice: 0.6070  decode.d5.loss_cls: 0.0195  decode.d5.loss_mask: 0.6916  decode.d5.loss_dice: 0.6010  decode.d6.loss_cls: 0.0195  decode.d6.loss_mask: 0.6908  decode.d6.loss_dice: 0.6204  decode.d7.loss_cls: 0.0180  decode.d7.loss_mask: 0.6934  decode.d7.loss_dice: 0.6192  decode.d8.loss_cls: 0.0189  decode.d8.loss_mask: 0.6993  decode.d8.loss_dice: 0.6188
2026/07/24 00:32:49 - mmengine - INFO - Iter(train) [23500/40000]  base_lr: 2.4173e-05 lr: 2.4173e-05  eta: 3:08:42  time: 0.6329  data_time: 0.0155  memory: 8424  grad_norm: 90.8320  loss: 12.6306  decode.loss_cls: 0.0018  decode.loss_mask: 0.6991  decode.loss_dice: 0.5539  decode.d0.loss_cls: 0.0941  decode.d0.loss_mask: 0.6904  decode.d0.loss_dice: 0.5608  decode.d1.loss_cls: 0.0148  decode.d1.loss_mask: 0.6963  decode.d1.loss_dice: 0.5634  decode.d2.loss_cls: 0.0053  decode.d2.loss_mask: 0.6952  decode.d2.loss_dice: 0.5549  decode.d3.loss_cls: 0.0024  decode.d3.loss_mask: 0.6895  decode.d3.loss_dice: 0.5495  decode.d4.loss_cls: 0.0015  decode.d4.loss_mask: 0.6940  decode.d4.loss_dice: 0.5537  decode.d5.loss_cls: 0.0011  decode.d5.loss_mask: 0.6968  decode.d5.loss_dice: 0.5527  decode.d6.loss_cls: 0.0013  decode.d6.loss_mask: 0.6991  decode.d6.loss_dice: 0.5543  decode.d7.loss_cls: 0.0015  decode.d7.loss_mask: 0.6983  decode.d7.loss_dice: 0.5538  decode.d8.loss_cls: 0.0018  decode.d8.loss_mask: 0.6956  decode.d8.loss_dice: 0.5536
2026/07/24 00:33:53 - mmengine - INFO - Iter(train) [23600/40000]  base_lr: 2.4041e-05 lr: 2.4041e-05  eta: 3:07:29  time: 0.6150  data_time: 0.0144  memory: 8434  grad_norm: 58.0787  loss: 11.8361  decode.loss_cls: 0.0069  decode.loss_mask: 0.6328  decode.loss_dice: 0.5221  decode.d0.loss_cls: 0.0851  decode.d0.loss_mask: 0.6832  decode.d0.loss_dice: 0.5493  decode.d1.loss_cls: 0.0343  decode.d1.loss_mask: 0.6308  decode.d1.loss_dice: 0.5291  decode.d2.loss_cls: 0.0195  decode.d2.loss_mask: 0.6291  decode.d2.loss_dice: 0.5293  decode.d3.loss_cls: 0.0061  decode.d3.loss_mask: 0.6301  decode.d3.loss_dice: 0.5273  decode.d4.loss_cls: 0.0114  decode.d4.loss_mask: 0.6278  decode.d4.loss_dice: 0.5263  decode.d5.loss_cls: 0.0059  decode.d5.loss_mask: 0.6337  decode.d5.loss_dice: 0.5239  decode.d6.loss_cls: 0.0073  decode.d6.loss_mask: 0.6319  decode.d6.loss_dice: 0.5201  decode.d7.loss_cls: 0.0072  decode.d7.loss_mask: 0.6338  decode.d7.loss_dice: 0.5302  decode.d8.loss_cls: 0.0073  decode.d8.loss_mask: 0.6320  decode.d8.loss_dice: 0.5221
2026/07/24 00:34:57 - mmengine - INFO - Iter(train) [23700/40000]  base_lr: 2.3909e-05 lr: 2.3909e-05  eta: 3:06:18  time: 0.6431  data_time: 0.0191  memory: 8434  grad_norm: 69.3662  loss: 13.7008  decode.loss_cls: 0.0041  decode.loss_mask: 0.7532  decode.loss_dice: 0.5953  decode.d0.loss_cls: 0.0805  decode.d0.loss_mask: 0.7731  decode.d0.loss_dice: 0.6184  decode.d1.loss_cls: 0.0094  decode.d1.loss_mask: 0.7515  decode.d1.loss_dice: 0.6012  decode.d2.loss_cls: 0.0026  decode.d2.loss_mask: 0.7506  decode.d2.loss_dice: 0.6049  decode.d3.loss_cls: 0.0029  decode.d3.loss_mask: 0.7536  decode.d3.loss_dice: 0.5979  decode.d4.loss_cls: 0.0032  decode.d4.loss_mask: 0.7526  decode.d4.loss_dice: 0.6054  decode.d5.loss_cls: 0.0030  decode.d5.loss_mask: 0.7561  decode.d5.loss_dice: 0.5976  decode.d6.loss_cls: 0.0036  decode.d6.loss_mask: 0.7558  decode.d6.loss_dice: 0.6016  decode.d7.loss_cls: 0.0037  decode.d7.loss_mask: 0.7560  decode.d7.loss_dice: 0.5996  decode.d8.loss_cls: 0.0041  decode.d8.loss_mask: 0.7599  decode.d8.loss_dice: 0.5994
2026/07/24 00:36:02 - mmengine - INFO - Iter(train) [23800/40000]  base_lr: 2.3777e-05 lr: 2.3777e-05  eta: 3:05:07  time: 0.6161  data_time: 0.0162  memory: 8424  grad_norm: 73.6892  loss: 12.1945  decode.loss_cls: 0.0273  decode.loss_mask: 0.6285  decode.loss_dice: 0.5256  decode.d0.loss_cls: 0.1513  decode.d0.loss_mask: 0.6749  decode.d0.loss_dice: 0.5989  decode.d1.loss_cls: 0.0473  decode.d1.loss_mask: 0.6473  decode.d1.loss_dice: 0.5337  decode.d2.loss_cls: 0.0413  decode.d2.loss_mask: 0.6374  decode.d2.loss_dice: 0.5466  decode.d3.loss_cls: 0.0320  decode.d3.loss_mask: 0.6299  decode.d3.loss_dice: 0.5356  decode.d4.loss_cls: 0.0278  decode.d4.loss_mask: 0.6267  decode.d4.loss_dice: 0.5399  decode.d5.loss_cls: 0.0292  decode.d5.loss_mask: 0.6288  decode.d5.loss_dice: 0.5331  decode.d6.loss_cls: 0.0265  decode.d6.loss_mask: 0.6234  decode.d6.loss_dice: 0.5229  decode.d7.loss_cls: 0.0315  decode.d7.loss_mask: 0.6256  decode.d7.loss_dice: 0.5354  decode.d8.loss_cls: 0.0329  decode.d8.loss_mask: 0.6259  decode.d8.loss_dice: 0.5273
2026/07/24 00:37:06 - mmengine - INFO - Iter(train) [23900/40000]  base_lr: 2.3645e-05 lr: 2.3645e-05  eta: 3:03:55  time: 0.6307  data_time: 0.0154  memory: 8434  grad_norm: 76.4212  loss: 11.9066  decode.loss_cls: 0.0156  decode.loss_mask: 0.6265  decode.loss_dice: 0.5074  decode.d0.loss_cls: 0.1587  decode.d0.loss_mask: 0.7324  decode.d0.loss_dice: 0.6502  decode.d1.loss_cls: 0.0531  decode.d1.loss_mask: 0.6443  decode.d1.loss_dice: 0.5265  decode.d2.loss_cls: 0.0353  decode.d2.loss_mask: 0.6325  decode.d2.loss_dice: 0.5175  decode.d3.loss_cls: 0.0155  decode.d3.loss_mask: 0.6139  decode.d3.loss_dice: 0.4994  decode.d4.loss_cls: 0.0100  decode.d4.loss_mask: 0.6276  decode.d4.loss_dice: 0.5119  decode.d5.loss_cls: 0.0125  decode.d5.loss_mask: 0.6192  decode.d5.loss_dice: 0.5031  decode.d6.loss_cls: 0.0129  decode.d6.loss_mask: 0.6191  decode.d6.loss_dice: 0.4962  decode.d7.loss_cls: 0.0095  decode.d7.loss_mask: 0.6194  decode.d7.loss_dice: 0.5001  decode.d8.loss_cls: 0.0120  decode.d8.loss_mask: 0.6258  decode.d8.loss_dice: 0.4984
2026/07/24 00:38:10 - mmengine - INFO - Exp name: fusion_vits_m2f_nocont_23999_20260723_192916
2026/07/24 00:38:10 - mmengine - INFO - Iter(train) [24000/40000]  base_lr: 2.3513e-05 lr: 2.3513e-05  eta: 3:02:44  time: 0.6280  data_time: 0.0177  memory: 8434  grad_norm: 65.1160  loss: 11.3384  decode.loss_cls: 0.0044  decode.loss_mask: 0.6050  decode.loss_dice: 0.4988  decode.d0.loss_cls: 0.1317  decode.d0.loss_mask: 0.6350  decode.d0.loss_dice: 0.5174  decode.d1.loss_cls: 0.0393  decode.d1.loss_mask: 0.6075  decode.d1.loss_dice: 0.5011  decode.d2.loss_cls: 0.0152  decode.d2.loss_mask: 0.6020  decode.d2.loss_dice: 0.5015  decode.d3.loss_cls: 0.0134  decode.d3.loss_mask: 0.6034  decode.d3.loss_dice: 0.4953  decode.d4.loss_cls: 0.0111  decode.d4.loss_mask: 0.6007  decode.d4.loss_dice: 0.5019  decode.d5.loss_cls: 0.0113  decode.d5.loss_mask: 0.6033  decode.d5.loss_dice: 0.5029  decode.d6.loss_cls: 0.0055  decode.d6.loss_mask: 0.6049  decode.d6.loss_dice: 0.5027  decode.d7.loss_cls: 0.0045  decode.d7.loss_mask: 0.6043  decode.d7.loss_dice: 0.4953  decode.d8.loss_cls: 0.0108  decode.d8.loss_mask: 0.6079  decode.d8.loss_dice: 0.5001
2026/07/24 00:38:11 - mmengine - INFO - Saving checkpoint at 24000 iterations
2026/07/24 00:38:55 - mmengine - INFO - Iter(val) [100/504]    eta: 0:01:29  time: 0.2055  data_time: 0.0081  memory: 3245  
2026/07/24 00:39:16 - mmengine - INFO - Iter(val) [200/504]    eta: 0:01:05  time: 0.2039  data_time: 0.0074  memory: 3245  
2026/07/24 00:39:38 - mmengine - INFO - Iter(val) [300/504]    eta: 0:00:44  time: 0.2398  data_time: 0.0408  memory: 3245  
2026/07/24 00:39:59 - mmengine - INFO - Iter(val) [400/504]    eta: 0:00:22  time: 0.2062  data_time: 0.0085  memory: 3245  
2026/07/24 00:40:20 - mmengine - INFO - Iter(val) [500/504]    eta: 0:00:00  time: 0.2073  data_time: 0.0076  memory: 3245  
2026/07/24 00:40:24 - mmengine - INFO - per class results:
2026/07/24 00:40:24 - mmengine - INFO - 
+--------------------+-------+-------+--------+-----------+--------+
|       Class        |  IoU  |  Acc  | Fscore | Precision | Recall |
+--------------------+-------+-------+--------+-----------+--------+
| impervious_surface | 86.22 | 91.38 |  92.6  |   93.86   | 91.38  |
|      building      | 93.78 | 98.96 | 96.79  |   94.71   | 98.96  |
|   low_vegetation   | 77.56 | 88.93 | 87.36  |   85.85   | 88.93  |
|        tree        | 79.68 | 86.15 | 88.69  |   91.39   | 86.15  |
|        car         | 93.36 | 96.23 | 96.57  |   96.91   | 96.23  |
+--------------------+-------+-------+--------+-----------+--------+
2026/07/24 00:40:24 - mmengine - INFO - Iter(val) [504/504]    aAcc: 91.4600  mIoU: 86.1200  mAcc: 92.3300  mFscore: 92.4000  mPrecision: 92.5400  mRecall: 92.3300  data_time: 0.0146  time: 0.2137
2026/07/24 00:41:28 - mmengine - INFO - Iter(train) [24100/40000]  base_lr: 2.3381e-05 lr: 2.3381e-05  eta: 3:01:35  time: 0.6441  data_time: 0.0183  memory: 8434  grad_norm: 84.2149  loss: 13.0032  decode.loss_cls: 0.0156  decode.loss_mask: 0.6556  decode.loss_dice: 0.5795  decode.d0.loss_cls: 0.1160  decode.d0.loss_mask: 0.7849  decode.d0.loss_dice: 0.7110  decode.d1.loss_cls: 0.0289  decode.d1.loss_mask: 0.6798  decode.d1.loss_dice: 0.6224  decode.d2.loss_cls: 0.0145  decode.d2.loss_mask: 0.6880  decode.d2.loss_dice: 0.6032  decode.d3.loss_cls: 0.0069  decode.d3.loss_mask: 0.6654  decode.d3.loss_dice: 0.5958  decode.d4.loss_cls: 0.0061  decode.d4.loss_mask: 0.6595  decode.d4.loss_dice: 0.5945  decode.d5.loss_cls: 0.0056  decode.d5.loss_mask: 0.6516  decode.d5.loss_dice: 0.5874  decode.d6.loss_cls: 0.0077  decode.d6.loss_mask: 0.6553  decode.d6.loss_dice: 0.5821  decode.d7.loss_cls: 0.0093  decode.d7.loss_mask: 0.6488  decode.d7.loss_dice: 0.5805  decode.d8.loss_cls: 0.0158  decode.d8.loss_mask: 0.6491  decode.d8.loss_dice: 0.5826
2026/07/24 00:42:36 - mmengine - INFO - Iter(train) [24200/40000]  base_lr: 2.3248e-05 lr: 2.3248e-05  eta: 3:00:26  time: 1.0344  data_time: 0.3944  memory: 8434  grad_norm: 59.4591  loss: 10.0501  decode.loss_cls: 0.0112  decode.loss_mask: 0.5660  decode.loss_dice: 0.4071  decode.d0.loss_cls: 0.1571  decode.d0.loss_mask: 0.6420  decode.d0.loss_dice: 0.4495  decode.d1.loss_cls: 0.0274  decode.d1.loss_mask: 0.5883  decode.d1.loss_dice: 0.4039  decode.d2.loss_cls: 0.0155  decode.d2.loss_mask: 0.5695  decode.d2.loss_dice: 0.4012  decode.d3.loss_cls: 0.0126  decode.d3.loss_mask: 0.5588  decode.d3.loss_dice: 0.3915  decode.d4.loss_cls: 0.0124  decode.d4.loss_mask: 0.5663  decode.d4.loss_dice: 0.3949  decode.d5.loss_cls: 0.0109  decode.d5.loss_mask: 0.5599  decode.d5.loss_dice: 0.3972  decode.d6.loss_cls: 0.0098  decode.d6.loss_mask: 0.5579  decode.d6.loss_dice: 0.4019  decode.d7.loss_cls: 0.0100  decode.d7.loss_mask: 0.5585  decode.d7.loss_dice: 0.3992  decode.d8.loss_cls: 0.0089  decode.d8.loss_mask: 0.5600  decode.d8.loss_dice: 0.4009
2026/07/24 00:43:41 - mmengine - INFO - Iter(train) [24300/40000]  base_lr: 2.3116e-05 lr: 2.3116e-05  eta: 2:59:15  time: 0.6424  data_time: 0.0187  memory: 8424  grad_norm: 121.4435  loss: 13.8124  decode.loss_cls: 0.0064  decode.loss_mask: 0.7444  decode.loss_dice: 0.5966  decode.d0.loss_cls: 0.1529  decode.d0.loss_mask: 0.8275  decode.d0.loss_dice: 0.6197  decode.d1.loss_cls: 0.0310  decode.d1.loss_mask: 0.7685  decode.d1.loss_dice: 0.5837  decode.d2.loss_cls: 0.0183  decode.d2.loss_mask: 0.7672  decode.d2.loss_dice: 0.5850  decode.d3.loss_cls: 0.0130  decode.d3.loss_mask: 0.7550  decode.d3.loss_dice: 0.5969  decode.d4.loss_cls: 0.0081  decode.d4.loss_mask: 0.7503  decode.d4.loss_dice: 0.5889  decode.d5.loss_cls: 0.0160  decode.d5.loss_mask: 0.7482  decode.d5.loss_dice: 0.5780  decode.d6.loss_cls: 0.0070  decode.d6.loss_mask: 0.7445  decode.d6.loss_dice: 0.5866  decode.d7.loss_cls: 0.0058  decode.d7.loss_mask: 0.7533  decode.d7.loss_dice: 0.5985  decode.d8.loss_cls: 0.0047  decode.d8.loss_mask: 0.7481  decode.d8.loss_dice: 0.6084
2026/07/24 00:44:46 - mmengine - INFO - Iter(train) [24400/40000]  base_lr: 2.2983e-05 lr: 2.2983e-05  eta: 2:58:04  time: 0.6690  data_time: 0.0192  memory: 8434  grad_norm: 67.0119  loss: 12.6363  decode.loss_cls: 0.0051  decode.loss_mask: 0.6770  decode.loss_dice: 0.5670  decode.d0.loss_cls: 0.0720  decode.d0.loss_mask: 0.7023  decode.d0.loss_dice: 0.5641  decode.d1.loss_cls: 0.0137  decode.d1.loss_mask: 0.6779  decode.d1.loss_dice: 0.5666  decode.d2.loss_cls: 0.0129  decode.d2.loss_mask: 0.6802  decode.d2.loss_dice: 0.5734  decode.d3.loss_cls: 0.0097  decode.d3.loss_mask: 0.6755  decode.d3.loss_dice: 0.5639  decode.d4.loss_cls: 0.0088  decode.d4.loss_mask: 0.6813  decode.d4.loss_dice: 0.5660  decode.d5.loss_cls: 0.0083  decode.d5.loss_mask: 0.6790  decode.d5.loss_dice: 0.5703  decode.d6.loss_cls: 0.0077  decode.d6.loss_mask: 0.6774  decode.d6.loss_dice: 0.5663  decode.d7.loss_cls: 0.0084  decode.d7.loss_mask: 0.6751  decode.d7.loss_dice: 0.5697  decode.d8.loss_cls: 0.0051  decode.d8.loss_mask: 0.6781  decode.d8.loss_dice: 0.5733
2026/07/24 00:45:50 - mmengine - INFO - Iter(train) [24500/40000]  base_lr: 2.2851e-05 lr: 2.2851e-05  eta: 2:56:53  time: 0.6497  data_time: 0.0179  memory: 8434  grad_norm: 57.4832  loss: 6.5678  decode.loss_cls: 0.0047  decode.loss_mask: 0.3308  decode.loss_dice: 0.3027  decode.d0.loss_cls: 0.0767  decode.d0.loss_mask: 0.3432  decode.d0.loss_dice: 0.3486  decode.d1.loss_cls: 0.0191  decode.d1.loss_mask: 0.3335  decode.d1.loss_dice: 0.3184  decode.d2.loss_cls: 0.0054  decode.d2.loss_mask: 0.3320  decode.d2.loss_dice: 0.3106  decode.d3.loss_cls: 0.0050  decode.d3.loss_mask: 0.3307  decode.d3.loss_dice: 0.3114  decode.d4.loss_cls: 0.0052  decode.d4.loss_mask: 0.3279  decode.d4.loss_dice: 0.3067  decode.d5.loss_cls: 0.0048  decode.d5.loss_mask: 0.3276  decode.d5.loss_dice: 0.3059  decode.d6.loss_cls: 0.0048  decode.d6.loss_mask: 0.3312  decode.d6.loss_dice: 0.3073  decode.d7.loss_cls: 0.0037  decode.d7.loss_mask: 0.3282  decode.d7.loss_dice: 0.3059  decode.d8.loss_cls: 0.0041  decode.d8.loss_mask: 0.3296  decode.d8.loss_dice: 0.3022
2026/07/24 00:46:55 - mmengine - INFO - Iter(train) [24600/40000]  base_lr: 2.2718e-05 lr: 2.2718e-05  eta: 2:55:42  time: 0.6625  data_time: 0.0188  memory: 8434  grad_norm: 55.2435  loss: 11.6637  decode.loss_cls: 0.0027  decode.loss_mask: 0.6485  decode.loss_dice: 0.4891  decode.d0.loss_cls: 0.1535  decode.d0.loss_mask: 0.7168  decode.d0.loss_dice: 0.5102  decode.d1.loss_cls: 0.0216  decode.d1.loss_mask: 0.6583  decode.d1.loss_dice: 0.4891  decode.d2.loss_cls: 0.0102  decode.d2.loss_mask: 0.6504  decode.d2.loss_dice: 0.4834  decode.d3.loss_cls: 0.0081  decode.d3.loss_mask: 0.6496  decode.d3.loss_dice: 0.4851  decode.d4.loss_cls: 0.0069  decode.d4.loss_mask: 0.6436  decode.d4.loss_dice: 0.4836  decode.d5.loss_cls: 0.0048  decode.d5.loss_mask: 0.6451  decode.d5.loss_dice: 0.4867  decode.d6.loss_cls: 0.0037  decode.d6.loss_mask: 0.6484  decode.d6.loss_dice: 0.4884  decode.d7.loss_cls: 0.0025  decode.d7.loss_mask: 0.6510  decode.d7.loss_dice: 0.4911  decode.d8.loss_cls: 0.0024  decode.d8.loss_mask: 0.6437  decode.d8.loss_dice: 0.4852
2026/07/24 00:47:59 - mmengine - INFO - Iter(train) [24700/40000]  base_lr: 2.2585e-05 lr: 2.2585e-05  eta: 2:54:31  time: 0.6645  data_time: 0.0188  memory: 8424  grad_norm: 51.3171  loss: 9.2565  decode.loss_cls: 0.0133  decode.loss_mask: 0.4696  decode.loss_dice: 0.4130  decode.d0.loss_cls: 0.1267  decode.d0.loss_mask: 0.4948  decode.d0.loss_dice: 0.4755  decode.d1.loss_cls: 0.0475  decode.d1.loss_mask: 0.4740  decode.d1.loss_dice: 0.4217  decode.d2.loss_cls: 0.0317  decode.d2.loss_mask: 0.4673  decode.d2.loss_dice: 0.4195  decode.d3.loss_cls: 0.0137  decode.d3.loss_mask: 0.4745  decode.d3.loss_dice: 0.4163  decode.d4.loss_cls: 0.0056  decode.d4.loss_mask: 0.4697  decode.d4.loss_dice: 0.4224  decode.d5.loss_cls: 0.0049  decode.d5.loss_mask: 0.4685  decode.d5.loss_dice: 0.4317  decode.d6.loss_cls: 0.0041  decode.d6.loss_mask: 0.4760  decode.d6.loss_dice: 0.4180  decode.d7.loss_cls: 0.0049  decode.d7.loss_mask: 0.4731  decode.d7.loss_dice: 0.4113  decode.d8.loss_cls: 0.0048  decode.d8.loss_mask: 0.4766  decode.d8.loss_dice: 0.4257
2026/07/24 00:49:04 - mmengine - INFO - Iter(train) [24800/40000]  base_lr: 2.2452e-05 lr: 2.2452e-05  eta: 2:53:20  time: 0.6317  data_time: 0.0164  memory: 8434  grad_norm: 64.8899  loss: 12.2979  decode.loss_cls: 0.0044  decode.loss_mask: 0.6977  decode.loss_dice: 0.5000  decode.d0.loss_cls: 0.0935  decode.d0.loss_mask: 0.7906  decode.d0.loss_dice: 0.5612  decode.d1.loss_cls: 0.0088  decode.d1.loss_mask: 0.7009  decode.d1.loss_dice: 0.5210  decode.d2.loss_cls: 0.0083  decode.d2.loss_mask: 0.6914  decode.d2.loss_dice: 0.5148  decode.d3.loss_cls: 0.0048  decode.d3.loss_mask: 0.6911  decode.d3.loss_dice: 0.5115  decode.d4.loss_cls: 0.0044  decode.d4.loss_mask: 0.6903  decode.d4.loss_dice: 0.5027  decode.d5.loss_cls: 0.0045  decode.d5.loss_mask: 0.6945  decode.d5.loss_dice: 0.5053  decode.d6.loss_cls: 0.0051  decode.d6.loss_mask: 0.6950  decode.d6.loss_dice: 0.5018  decode.d7.loss_cls: 0.0039  decode.d7.loss_mask: 0.6944  decode.d7.loss_dice: 0.4982  decode.d8.loss_cls: 0.0039  decode.d8.loss_mask: 0.6921  decode.d8.loss_dice: 0.5017
2026/07/24 00:50:08 - mmengine - INFO - Iter(train) [24900/40000]  base_lr: 2.2319e-05 lr: 2.2319e-05  eta: 2:52:09  time: 0.6665  data_time: 0.0198  memory: 8434  grad_norm: 48.1100  loss: 7.7045  decode.loss_cls: 0.0029  decode.loss_mask: 0.3987  decode.loss_dice: 0.3454  decode.d0.loss_cls: 0.1124  decode.d0.loss_mask: 0.4385  decode.d0.loss_dice: 0.3728  decode.d1.loss_cls: 0.0291  decode.d1.loss_mask: 0.4063  decode.d1.loss_dice: 0.3358  decode.d2.loss_cls: 0.0049  decode.d2.loss_mask: 0.4031  decode.d2.loss_dice: 0.3425  decode.d3.loss_cls: 0.0102  decode.d3.loss_mask: 0.4015  decode.d3.loss_dice: 0.3393  decode.d4.loss_cls: 0.0050  decode.d4.loss_mask: 0.4022  decode.d4.loss_dice: 0.3471  decode.d5.loss_cls: 0.0046  decode.d5.loss_mask: 0.4010  decode.d5.loss_dice: 0.3482  decode.d6.loss_cls: 0.0041  decode.d6.loss_mask: 0.3997  decode.d6.loss_dice: 0.3451  decode.d7.loss_cls: 0.0039  decode.d7.loss_mask: 0.3980  decode.d7.loss_dice: 0.3551  decode.d8.loss_cls: 0.0029  decode.d8.loss_mask: 0.4000  decode.d8.loss_dice: 0.3442
2026/07/24 00:51:13 - mmengine - INFO - Exp name: fusion_vits_m2f_nocont_23999_20260723_192916
2026/07/24 00:51:13 - mmengine - INFO - Iter(train) [25000/40000]  base_lr: 2.2186e-05 lr: 2.2186e-05  eta: 2:50:59  time: 0.6535  data_time: 0.0182  memory: 8434  grad_norm: 61.2665  loss: 11.5496  decode.loss_cls: 0.0014  decode.loss_mask: 0.6365  decode.loss_dice: 0.5020  decode.d0.loss_cls: 0.0729  decode.d0.loss_mask: 0.6719  decode.d0.loss_dice: 0.5114  decode.d1.loss_cls: 0.0251  decode.d1.loss_mask: 0.6471  decode.d1.loss_dice: 0.4975  decode.d2.loss_cls: 0.0112  decode.d2.loss_mask: 0.6392  decode.d2.loss_dice: 0.5032  decode.d3.loss_cls: 0.0096  decode.d3.loss_mask: 0.6320  decode.d3.loss_dice: 0.4975  decode.d4.loss_cls: 0.0059  decode.d4.loss_mask: 0.6293  decode.d4.loss_dice: 0.5020  decode.d5.loss_cls: 0.0026  decode.d5.loss_mask: 0.6339  decode.d5.loss_dice: 0.5057  decode.d6.loss_cls: 0.0059  decode.d6.loss_mask: 0.6309  decode.d6.loss_dice: 0.4971  decode.d7.loss_cls: 0.0022  decode.d7.loss_mask: 0.6340  decode.d7.loss_dice: 0.4991  decode.d8.loss_cls: 0.0015  decode.d8.loss_mask: 0.6363  decode.d8.loss_dice: 0.5047
2026/07/24 00:52:21 - mmengine - INFO - Iter(train) [25100/40000]  base_lr: 2.2053e-05 lr: 2.2053e-05  eta: 2:49:50  time: 0.6428  data_time: 0.0198  memory: 8434  grad_norm: 89.6007  loss: 14.7654  decode.loss_cls: 0.0042  decode.loss_mask: 0.8618  decode.loss_dice: 0.5817  decode.d0.loss_cls: 0.1426  decode.d0.loss_mask: 0.9171  decode.d0.loss_dice: 0.5838  decode.d1.loss_cls: 0.0153  decode.d1.loss_mask: 0.8672  decode.d1.loss_dice: 0.5786  decode.d2.loss_cls: 0.0128  decode.d2.loss_mask: 0.8692  decode.d2.loss_dice: 0.5928  decode.d3.loss_cls: 0.0047  decode.d3.loss_mask: 0.8645  decode.d3.loss_dice: 0.5986  decode.d4.loss_cls: 0.0133  decode.d4.loss_mask: 0.8610  decode.d4.loss_dice: 0.5891  decode.d5.loss_cls: 0.0039  decode.d5.loss_mask: 0.8692  decode.d5.loss_dice: 0.5796  decode.d6.loss_cls: 0.0057  decode.d6.loss_mask: 0.8645  decode.d6.loss_dice: 0.5746  decode.d7.loss_cls: 0.0053  decode.d7.loss_mask: 0.8681  decode.d7.loss_dice: 0.5783  decode.d8.loss_cls: 0.0050  decode.d8.loss_mask: 0.8680  decode.d8.loss_dice: 0.5850
2026/07/24 00:53:25 - mmengine - INFO - Iter(train) [25200/40000]  base_lr: 2.1920e-05 lr: 2.1920e-05  eta: 2:48:39  time: 0.6452  data_time: 0.0159  memory: 8424  grad_norm: 62.1036  loss: 12.1779  decode.loss_cls: 0.0012  decode.loss_mask: 0.6790  decode.loss_dice: 0.5186  decode.d0.loss_cls: 0.0967  decode.d0.loss_mask: 0.6843  decode.d0.loss_dice: 0.5373  decode.d1.loss_cls: 0.0218  decode.d1.loss_mask: 0.6733  decode.d1.loss_dice: 0.5433  decode.d2.loss_cls: 0.0065  decode.d2.loss_mask: 0.6755  decode.d2.loss_dice: 0.5252  decode.d3.loss_cls: 0.0018  decode.d3.loss_mask: 0.6769  decode.d3.loss_dice: 0.5271  decode.d4.loss_cls: 0.0013  decode.d4.loss_mask: 0.6787  decode.d4.loss_dice: 0.5197  decode.d5.loss_cls: 0.0011  decode.d5.loss_mask: 0.6789  decode.d5.loss_dice: 0.5307  decode.d6.loss_cls: 0.0011  decode.d6.loss_mask: 0.6764  decode.d6.loss_dice: 0.5178  decode.d7.loss_cls: 0.0009  decode.d7.loss_mask: 0.6792  decode.d7.loss_dice: 0.5142  decode.d8.loss_cls: 0.0015  decode.d8.loss_mask: 0.6755  decode.d8.loss_dice: 0.5326
2026/07/24 00:54:30 - mmengine - INFO - Iter(train) [25300/40000]  base_lr: 2.1786e-05 lr: 2.1786e-05  eta: 2:47:29  time: 0.6490  data_time: 0.0195  memory: 8434  grad_norm: 61.7876  loss: 12.8637  decode.loss_cls: 0.0029  decode.loss_mask: 0.6986  decode.loss_dice: 0.5748  decode.d0.loss_cls: 0.0714  decode.d0.loss_mask: 0.7488  decode.d0.loss_dice: 0.5742  decode.d1.loss_cls: 0.0134  decode.d1.loss_mask: 0.7038  decode.d1.loss_dice: 0.5646  decode.d2.loss_cls: 0.0102  decode.d2.loss_mask: 0.7004  decode.d2.loss_dice: 0.5640  decode.d3.loss_cls: 0.0088  decode.d3.loss_mask: 0.7034  decode.d3.loss_dice: 0.5667  decode.d4.loss_cls: 0.0058  decode.d4.loss_mask: 0.7007  decode.d4.loss_dice: 0.5688  decode.d5.loss_cls: 0.0054  decode.d5.loss_mask: 0.6962  decode.d5.loss_dice: 0.5641  decode.d6.loss_cls: 0.0047  decode.d6.loss_mask: 0.6985  decode.d6.loss_dice: 0.5706  decode.d7.loss_cls: 0.0036  decode.d7.loss_mask: 0.7010  decode.d7.loss_dice: 0.5721  decode.d8.loss_cls: 0.0032  decode.d8.loss_mask: 0.6979  decode.d8.loss_dice: 0.5650
2026/07/24 00:55:34 - mmengine - INFO - Iter(train) [25400/40000]  base_lr: 2.1653e-05 lr: 2.1653e-05  eta: 2:46:18  time: 0.6653  data_time: 0.0315  memory: 8434  grad_norm: 78.9235  loss: 12.3783  decode.loss_cls: 0.0218  decode.loss_mask: 0.6230  decode.loss_dice: 0.5575  decode.d0.loss_cls: 0.1261  decode.d0.loss_mask: 0.7092  decode.d0.loss_dice: 0.6425  decode.d1.loss_cls: 0.0625  decode.d1.loss_mask: 0.6557  decode.d1.loss_dice: 0.5697  decode.d2.loss_cls: 0.0432  decode.d2.loss_mask: 0.6412  decode.d2.loss_dice: 0.5601  decode.d3.loss_cls: 0.0215  decode.d3.loss_mask: 0.6267  decode.d3.loss_dice: 0.5545  decode.d4.loss_cls: 0.0171  decode.d4.loss_mask: 0.6261  decode.d4.loss_dice: 0.5516  decode.d5.loss_cls: 0.0154  decode.d5.loss_mask: 0.6242  decode.d5.loss_dice: 0.5443  decode.d6.loss_cls: 0.0155  decode.d6.loss_mask: 0.6214  decode.d6.loss_dice: 0.5633  decode.d7.loss_cls: 0.0149  decode.d7.loss_mask: 0.6233  decode.d7.loss_dice: 0.5550  decode.d8.loss_cls: 0.0177  decode.d8.loss_mask: 0.6233  decode.d8.loss_dice: 0.5501
2026/07/24 00:56:38 - mmengine - INFO - Iter(train) [25500/40000]  base_lr: 2.1519e-05 lr: 2.1519e-05  eta: 2:45:07  time: 0.6370  data_time: 0.0173  memory: 8424  grad_norm: 58.9081  loss: 10.5403  decode.loss_cls: 0.0086  decode.loss_mask: 0.5255  decode.loss_dice: 0.5023  decode.d0.loss_cls: 0.0856  decode.d0.loss_mask: 0.5621  decode.d0.loss_dice: 0.5249  decode.d1.loss_cls: 0.0481  decode.d1.loss_mask: 0.5320  decode.d1.loss_dice: 0.4933  decode.d2.loss_cls: 0.0173  decode.d2.loss_mask: 0.5308  decode.d2.loss_dice: 0.5118  decode.d3.loss_cls: 0.0040  decode.d3.loss_mask: 0.5305  decode.d3.loss_dice: 0.4983  decode.d4.loss_cls: 0.0029  decode.d4.loss_mask: 0.5325  decode.d4.loss_dice: 0.5033  decode.d5.loss_cls: 0.0153  decode.d5.loss_mask: 0.5284  decode.d5.loss_dice: 0.4846  decode.d6.loss_cls: 0.0099  decode.d6.loss_mask: 0.5310  decode.d6.loss_dice: 0.4938  decode.d7.loss_cls: 0.0040  decode.d7.loss_mask: 0.5305  decode.d7.loss_dice: 0.4965  decode.d8.loss_cls: 0.0049  decode.d8.loss_mask: 0.5316  decode.d8.loss_dice: 0.4958
2026/07/24 00:57:42 - mmengine - INFO - Iter(train) [25600/40000]  base_lr: 2.1386e-05 lr: 2.1386e-05  eta: 2:43:56  time: 0.6357  data_time: 0.0170  memory: 8434  grad_norm: 77.3872  loss: 11.1440  decode.loss_cls: 0.0098  decode.loss_mask: 0.6017  decode.loss_dice: 0.4527  decode.d0.loss_cls: 0.1743  decode.d0.loss_mask: 0.6856  decode.d0.loss_dice: 0.5702  decode.d1.loss_cls: 0.0403  decode.d1.loss_mask: 0.6119  decode.d1.loss_dice: 0.4637  decode.d2.loss_cls: 0.0285  decode.d2.loss_mask: 0.6061  decode.d2.loss_dice: 0.4539  decode.d3.loss_cls: 0.0164  decode.d3.loss_mask: 0.6081  decode.d3.loss_dice: 0.4612  decode.d4.loss_cls: 0.0097  decode.d4.loss_mask: 0.6038  decode.d4.loss_dice: 0.4621  decode.d5.loss_cls: 0.0068  decode.d5.loss_mask: 0.6026  decode.d5.loss_dice: 0.4601  decode.d6.loss_cls: 0.0087  decode.d6.loss_mask: 0.6004  decode.d6.loss_dice: 0.4532  decode.d7.loss_cls: 0.0048  decode.d7.loss_mask: 0.6053  decode.d7.loss_dice: 0.4614  decode.d8.loss_cls: 0.0036  decode.d8.loss_mask: 0.6007  decode.d8.loss_dice: 0.4764
2026/07/24 00:58:46 - mmengine - INFO - Iter(train) [25700/40000]  base_lr: 2.1252e-05 lr: 2.1252e-05  eta: 2:42:46  time: 0.6491  data_time: 0.0167  memory: 8434  grad_norm: 54.1534  loss: 9.4046  decode.loss_cls: 0.0003  decode.loss_mask: 0.5017  decode.loss_dice: 0.4262  decode.d0.loss_cls: 0.0830  decode.d0.loss_mask: 0.5199  decode.d0.loss_dice: 0.4359  decode.d1.loss_cls: 0.0193  decode.d1.loss_mask: 0.5072  decode.d1.loss_dice: 0.4256  decode.d2.loss_cls: 0.0017  decode.d2.loss_mask: 0.5018  decode.d2.loss_dice: 0.4241  decode.d3.loss_cls: 0.0008  decode.d3.loss_mask: 0.4984  decode.d3.loss_dice: 0.4227  decode.d4.loss_cls: 0.0007  decode.d4.loss_mask: 0.5017  decode.d4.loss_dice: 0.4255  decode.d5.loss_cls: 0.0007  decode.d5.loss_mask: 0.5005  decode.d5.loss_dice: 0.4238  decode.d6.loss_cls: 0.0006  decode.d6.loss_mask: 0.5005  decode.d6.loss_dice: 0.4262  decode.d7.loss_cls: 0.0005  decode.d7.loss_mask: 0.5024  decode.d7.loss_dice: 0.4249  decode.d8.loss_cls: 0.0005  decode.d8.loss_mask: 0.5011  decode.d8.loss_dice: 0.4263
2026/07/24 00:59:51 - mmengine - INFO - Iter(train) [25800/40000]  base_lr: 2.1118e-05 lr: 2.1118e-05  eta: 2:41:36  time: 0.6884  data_time: 0.0179  memory: 8434  grad_norm: 62.6158  loss: 8.3274  decode.loss_cls: 0.0115  decode.loss_mask: 0.3249  decode.loss_dice: 0.4576  decode.d0.loss_cls: 0.1544  decode.d0.loss_mask: 0.3359  decode.d0.loss_dice: 0.5296  decode.d1.loss_cls: 0.0845  decode.d1.loss_mask: 0.3220  decode.d1.loss_dice: 0.4745  decode.d2.loss_cls: 0.0599  decode.d2.loss_mask: 0.3228  decode.d2.loss_dice: 0.4387  decode.d3.loss_cls: 0.0275  decode.d3.loss_mask: 0.3292  decode.d3.loss_dice: 0.4553  decode.d4.loss_cls: 0.0320  decode.d4.loss_mask: 0.3236  decode.d4.loss_dice: 0.4327  decode.d5.loss_cls: 0.0300  decode.d5.loss_mask: 0.3232  decode.d5.loss_dice: 0.4636  decode.d6.loss_cls: 0.0275  decode.d6.loss_mask: 0.3199  decode.d6.loss_dice: 0.4413  decode.d7.loss_cls: 0.0227  decode.d7.loss_mask: 0.3289  decode.d7.loss_dice: 0.4681  decode.d8.loss_cls: 0.0243  decode.d8.loss_mask: 0.3166  decode.d8.loss_dice: 0.4446
2026/07/24 01:00:56 - mmengine - INFO - Iter(train) [25900/40000]  base_lr: 2.0984e-05 lr: 2.0984e-05  eta: 2:40:25  time: 0.6891  data_time: 0.0220  memory: 8434  grad_norm: 57.3960  loss: 9.5579  decode.loss_cls: 0.0095  decode.loss_mask: 0.4747  decode.loss_dice: 0.4454  decode.d0.loss_cls: 0.0972  decode.d0.loss_mask: 0.4989  decode.d0.loss_dice: 0.4865  decode.d1.loss_cls: 0.0325  decode.d1.loss_mask: 0.4796  decode.d1.loss_dice: 0.4668  decode.d2.loss_cls: 0.0125  decode.d2.loss_mask: 0.4759  decode.d2.loss_dice: 0.4492  decode.d3.loss_cls: 0.0059  decode.d3.loss_mask: 0.4792  decode.d3.loss_dice: 0.4518  decode.d4.loss_cls: 0.0062  decode.d4.loss_mask: 0.4759  decode.d4.loss_dice: 0.4490  decode.d5.loss_cls: 0.0048  decode.d5.loss_mask: 0.4794  decode.d5.loss_dice: 0.4565  decode.d6.loss_cls: 0.0067  decode.d6.loss_mask: 0.4770  decode.d6.loss_dice: 0.4549  decode.d7.loss_cls: 0.0122  decode.d7.loss_mask: 0.4764  decode.d7.loss_dice: 0.4475  decode.d8.loss_cls: 0.0135  decode.d8.loss_mask: 0.4772  decode.d8.loss_dice: 0.4549
2026/07/24 01:02:04 - mmengine - INFO - Exp name: fusion_vits_m2f_nocont_23999_20260723_192916
2026/07/24 01:02:04 - mmengine - INFO - Iter(train) [26000/40000]  base_lr: 2.0850e-05 lr: 2.0850e-05  eta: 2:39:17  time: 0.6454  data_time: 0.0187  memory: 8424  grad_norm: 101.2517  loss: 14.7019  decode.loss_cls: 0.0296  decode.loss_mask: 0.7882  decode.loss_dice: 0.6391  decode.d0.loss_cls: 0.1543  decode.d0.loss_mask: 0.8609  decode.d0.loss_dice: 0.6755  decode.d1.loss_cls: 0.0803  decode.d1.loss_mask: 0.7942  decode.d1.loss_dice: 0.6224  decode.d2.loss_cls: 0.0427  decode.d2.loss_mask: 0.7839  decode.d2.loss_dice: 0.6400  decode.d3.loss_cls: 0.0486  decode.d3.loss_mask: 0.7608  decode.d3.loss_dice: 0.6247  decode.d4.loss_cls: 0.0325  decode.d4.loss_mask: 0.7709  decode.d4.loss_dice: 0.6099  decode.d5.loss_cls: 0.0223  decode.d5.loss_mask: 0.7766  decode.d5.loss_dice: 0.6234  decode.d6.loss_cls: 0.0253  decode.d6.loss_mask: 0.7767  decode.d6.loss_dice: 0.6285  decode.d7.loss_cls: 0.0495  decode.d7.loss_mask: 0.7726  decode.d7.loss_dice: 0.6193  decode.d8.loss_cls: 0.0256  decode.d8.loss_mask: 0.7812  decode.d8.loss_dice: 0.6425
2026/07/24 01:02:04 - mmengine - INFO - Saving checkpoint at 26000 iterations
2026/07/24 01:02:48 - mmengine - INFO - Iter(val) [100/504]    eta: 0:01:29  time: 0.2076  data_time: 0.0077  memory: 3245  
2026/07/24 01:03:09 - mmengine - INFO - Iter(val) [200/504]    eta: 0:01:05  time: 0.2058  data_time: 0.0079  memory: 3245  
2026/07/24 01:03:30 - mmengine - INFO - Iter(val) [300/504]    eta: 0:00:43  time: 0.2137  data_time: 0.0080  memory: 3245  
2026/07/24 01:03:50 - mmengine - INFO - Iter(val) [400/504]    eta: 0:00:21  time: 0.2057  data_time: 0.0082  memory: 3245  
2026/07/24 01:04:11 - mmengine - INFO - Iter(val) [500/504]    eta: 0:00:00  time: 0.2036  data_time: 0.0072  memory: 3245  
2026/07/24 01:04:15 - mmengine - INFO - per class results:
2026/07/24 01:04:15 - mmengine - INFO - 
+--------------------+-------+-------+--------+-----------+--------+
|       Class        |  IoU  |  Acc  | Fscore | Precision | Recall |
+--------------------+-------+-------+--------+-----------+--------+
| impervious_surface | 85.49 | 91.69 | 92.18  |   92.67   | 91.69  |
|      building      | 93.16 | 93.77 | 96.46  |   99.31   | 93.77  |
|   low_vegetation   | 79.42 | 91.77 | 88.53  |   85.51   | 91.77  |
|        tree        | 81.75 | 89.61 | 89.96  |    90.3   | 89.61  |
|        car         |  92.7 | 93.95 | 96.21  |   98.58   | 93.95  |
+--------------------+-------+-------+--------+-----------+--------+
2026/07/24 01:04:15 - mmengine - INFO - Iter(val) [504/504]    aAcc: 91.7700  mIoU: 86.5000  mAcc: 92.1600  mFscore: 92.6700  mPrecision: 93.2800  mRecall: 92.1600  data_time: 0.0108  time: 0.2102
2026/07/24 01:05:21 - mmengine - INFO - Iter(train) [26100/40000]  base_lr: 2.0716e-05 lr: 2.0716e-05  eta: 2:38:09  time: 0.6731  data_time: 0.0379  memory: 8424  grad_norm: 67.8454  loss: 10.9825  decode.loss_cls: 0.0007  decode.loss_mask: 0.5904  decode.loss_dice: 0.4898  decode.d0.loss_cls: 0.0945  decode.d0.loss_mask: 0.6093  decode.d0.loss_dice: 0.5040  decode.d1.loss_cls: 0.0246  decode.d1.loss_mask: 0.5963  decode.d1.loss_dice: 0.4957  decode.d2.loss_cls: 0.0051  decode.d2.loss_mask: 0.5912  decode.d2.loss_dice: 0.4851  decode.d3.loss_cls: 0.0027  decode.d3.loss_mask: 0.5885  decode.d3.loss_dice: 0.4861  decode.d4.loss_cls: 0.0018  decode.d4.loss_mask: 0.5898  decode.d4.loss_dice: 0.4897  decode.d5.loss_cls: 0.0016  decode.d5.loss_mask: 0.5909  decode.d5.loss_dice: 0.4953  decode.d6.loss_cls: 0.0014  decode.d6.loss_mask: 0.5910  decode.d6.loss_dice: 0.4956  decode.d7.loss_cls: 0.0012  decode.d7.loss_mask: 0.5881  decode.d7.loss_dice: 0.4966  decode.d8.loss_cls: 0.0010  decode.d8.loss_mask: 0.5854  decode.d8.loss_dice: 0.4890
2026/07/24 01:06:27 - mmengine - INFO - Iter(train) [26200/40000]  base_lr: 2.0582e-05 lr: 2.0582e-05  eta: 2:36:59  time: 0.6793  data_time: 0.0205  memory: 8434  grad_norm: 69.3733  loss: 12.6477  decode.loss_cls: 0.0034  decode.loss_mask: 0.7007  decode.loss_dice: 0.5354  decode.d0.loss_cls: 0.0978  decode.d0.loss_mask: 0.7727  decode.d0.loss_dice: 0.5926  decode.d1.loss_cls: 0.0365  decode.d1.loss_mask: 0.7046  decode.d1.loss_dice: 0.5482  decode.d2.loss_cls: 0.0141  decode.d2.loss_mask: 0.6949  decode.d2.loss_dice: 0.5434  decode.d3.loss_cls: 0.0049  decode.d3.loss_mask: 0.6937  decode.d3.loss_dice: 0.5399  decode.d4.loss_cls: 0.0084  decode.d4.loss_mask: 0.6938  decode.d4.loss_dice: 0.5353  decode.d5.loss_cls: 0.0066  decode.d5.loss_mask: 0.6923  decode.d5.loss_dice: 0.5383  decode.d6.loss_cls: 0.0053  decode.d6.loss_mask: 0.6853  decode.d6.loss_dice: 0.5306  decode.d7.loss_cls: 0.0050  decode.d7.loss_mask: 0.6915  decode.d7.loss_dice: 0.5344  decode.d8.loss_cls: 0.0033  decode.d8.loss_mask: 0.6957  decode.d8.loss_dice: 0.5390
2026/07/24 01:07:32 - mmengine - INFO - Iter(train) [26300/40000]  base_lr: 2.0448e-05 lr: 2.0448e-05  eta: 2:35:50  time: 0.6513  data_time: 0.0173  memory: 8434  grad_norm: 61.6671  loss: 11.8743  decode.loss_cls: 0.0007  decode.loss_mask: 0.6483  decode.loss_dice: 0.5235  decode.d0.loss_cls: 0.0769  decode.d0.loss_mask: 0.6872  decode.d0.loss_dice: 0.5603  decode.d1.loss_cls: 0.0119  decode.d1.loss_mask: 0.6455  decode.d1.loss_dice: 0.5301  decode.d2.loss_cls: 0.0047  decode.d2.loss_mask: 0.6395  decode.d2.loss_dice: 0.5220  decode.d3.loss_cls: 0.0021  decode.d3.loss_mask: 0.6442  decode.d3.loss_dice: 0.5294  decode.d4.loss_cls: 0.0012  decode.d4.loss_mask: 0.6415  decode.d4.loss_dice: 0.5276  decode.d5.loss_cls: 0.0012  decode.d5.loss_mask: 0.6450  decode.d5.loss_dice: 0.5225  decode.d6.loss_cls: 0.0009  decode.d6.loss_mask: 0.6420  decode.d6.loss_dice: 0.5208  decode.d7.loss_cls: 0.0008  decode.d7.loss_mask: 0.6459  decode.d7.loss_dice: 0.5254  decode.d8.loss_cls: 0.0009  decode.d8.loss_mask: 0.6483  decode.d8.loss_dice: 0.5240
2026/07/24 01:08:38 - mmengine - INFO - Iter(train) [26400/40000]  base_lr: 2.0313e-05 lr: 2.0313e-05  eta: 2:34:40  time: 0.6484  data_time: 0.0196  memory: 8424  grad_norm: 72.1834  loss: 10.6552  decode.loss_cls: 0.0039  decode.loss_mask: 0.5721  decode.loss_dice: 0.4657  decode.d0.loss_cls: 0.1135  decode.d0.loss_mask: 0.6150  decode.d0.loss_dice: 0.5318  decode.d1.loss_cls: 0.0447  decode.d1.loss_mask: 0.5722  decode.d1.loss_dice: 0.4608  decode.d2.loss_cls: 0.0214  decode.d2.loss_mask: 0.5693  decode.d2.loss_dice: 0.4658  decode.d3.loss_cls: 0.0083  decode.d3.loss_mask: 0.5699  decode.d3.loss_dice: 0.4582  decode.d4.loss_cls: 0.0059  decode.d4.loss_mask: 0.5701  decode.d4.loss_dice: 0.4648  decode.d5.loss_cls: 0.0106  decode.d5.loss_mask: 0.5696  decode.d5.loss_dice: 0.4610  decode.d6.loss_cls: 0.0061  decode.d6.loss_mask: 0.5701  decode.d6.loss_dice: 0.4579  decode.d7.loss_cls: 0.0058  decode.d7.loss_mask: 0.5672  decode.d7.loss_dice: 0.4586  decode.d8.loss_cls: 0.0094  decode.d8.loss_mask: 0.5668  decode.d8.loss_dice: 0.4586
2026/07/24 01:09:43 - mmengine - INFO - Iter(train) [26500/40000]  base_lr: 2.0179e-05 lr: 2.0179e-05  eta: 2:33:30  time: 0.6647  data_time: 0.0176  memory: 8434  grad_norm: 83.7171  loss: 14.3762  decode.loss_cls: 0.0397  decode.loss_mask: 0.7192  decode.loss_dice: 0.6407  decode.d0.loss_cls: 0.1253  decode.d0.loss_mask: 0.7593  decode.d0.loss_dice: 0.7280  decode.d1.loss_cls: 0.0610  decode.d1.loss_mask: 0.7413  decode.d1.loss_dice: 0.6862  decode.d2.loss_cls: 0.0435  decode.d2.loss_mask: 0.7236  decode.d2.loss_dice: 0.6750  decode.d3.loss_cls: 0.0429  decode.d3.loss_mask: 0.7180  decode.d3.loss_dice: 0.6623  decode.d4.loss_cls: 0.0365  decode.d4.loss_mask: 0.7152  decode.d4.loss_dice: 0.6583  decode.d5.loss_cls: 0.0371  decode.d5.loss_mask: 0.7147  decode.d5.loss_dice: 0.6526  decode.d6.loss_cls: 0.0393  decode.d6.loss_mask: 0.7109  decode.d6.loss_dice: 0.6490  decode.d7.loss_cls: 0.0390  decode.d7.loss_mask: 0.7140  decode.d7.loss_dice: 0.6468  decode.d8.loss_cls: 0.0326  decode.d8.loss_mask: 0.7171  decode.d8.loss_dice: 0.6472
2026/07/24 01:10:47 - mmengine - INFO - Iter(train) [26600/40000]  base_lr: 2.0044e-05 lr: 2.0044e-05  eta: 2:32:20  time: 0.6404  data_time: 0.0163  memory: 8434  grad_norm: 67.2292  loss: 9.2364  decode.loss_cls: 0.0029  decode.loss_mask: 0.4921  decode.loss_dice: 0.4071  decode.d0.loss_cls: 0.1092  decode.d0.loss_mask: 0.5191  decode.d0.loss_dice: 0.4481  decode.d1.loss_cls: 0.0402  decode.d1.loss_mask: 0.4958  decode.d1.loss_dice: 0.4110  decode.d2.loss_cls: 0.0061  decode.d2.loss_mask: 0.4968  decode.d2.loss_dice: 0.4052  decode.d3.loss_cls: 0.0030  decode.d3.loss_mask: 0.4938  decode.d3.loss_dice: 0.4041  decode.d4.loss_cls: 0.0031  decode.d4.loss_mask: 0.4948  decode.d4.loss_dice: 0.4087  decode.d5.loss_cls: 0.0038  decode.d5.loss_mask: 0.4936  decode.d5.loss_dice: 0.4014  decode.d6.loss_cls: 0.0025  decode.d6.loss_mask: 0.4923  decode.d6.loss_dice: 0.4032  decode.d7.loss_cls: 0.0030  decode.d7.loss_mask: 0.4916  decode.d7.loss_dice: 0.4040  decode.d8.loss_cls: 0.0038  decode.d8.loss_mask: 0.4885  decode.d8.loss_dice: 0.4076
2026/07/24 01:11:52 - mmengine - INFO - Iter(train) [26700/40000]  base_lr: 1.9910e-05 lr: 1.9910e-05  eta: 2:31:10  time: 0.6440  data_time: 0.0172  memory: 8434  grad_norm: 71.1064  loss: 10.7221  decode.loss_cls: 0.0128  decode.loss_mask: 0.5627  decode.loss_dice: 0.4701  decode.d0.loss_cls: 0.0995  decode.d0.loss_mask: 0.6257  decode.d0.loss_dice: 0.5272  decode.d1.loss_cls: 0.0271  decode.d1.loss_mask: 0.5791  decode.d1.loss_dice: 0.4829  decode.d2.loss_cls: 0.0196  decode.d2.loss_mask: 0.5693  decode.d2.loss_dice: 0.4708  decode.d3.loss_cls: 0.0066  decode.d3.loss_mask: 0.5709  decode.d3.loss_dice: 0.4745  decode.d4.loss_cls: 0.0053  decode.d4.loss_mask: 0.5672  decode.d4.loss_dice: 0.4766  decode.d5.loss_cls: 0.0030  decode.d5.loss_mask: 0.5674  decode.d5.loss_dice: 0.4756  decode.d6.loss_cls: 0.0038  decode.d6.loss_mask: 0.5694  decode.d6.loss_dice: 0.4754  decode.d7.loss_cls: 0.0027  decode.d7.loss_mask: 0.5637  decode.d7.loss_dice: 0.4748  decode.d8.loss_cls: 0.0069  decode.d8.loss_mask: 0.5617  decode.d8.loss_dice: 0.4696
2026/07/24 01:13:01 - mmengine - INFO - Iter(train) [26800/40000]  base_lr: 1.9775e-05 lr: 1.9775e-05  eta: 2:30:03  time: 0.6382  data_time: 0.0172  memory: 8434  grad_norm: 100.6397  loss: 9.8775  decode.loss_cls: 0.0324  decode.loss_mask: 0.5251  decode.loss_dice: 0.3782  decode.d0.loss_cls: 0.1539  decode.d0.loss_mask: 0.6752  decode.d0.loss_dice: 0.4966  decode.d1.loss_cls: 0.0596  decode.d1.loss_mask: 0.5506  decode.d1.loss_dice: 0.4034  decode.d2.loss_cls: 0.0395  decode.d2.loss_mask: 0.5290  decode.d2.loss_dice: 0.3907  decode.d3.loss_cls: 0.0380  decode.d3.loss_mask: 0.5312  decode.d3.loss_dice: 0.3801  decode.d4.loss_cls: 0.0332  decode.d4.loss_mask: 0.5263  decode.d4.loss_dice: 0.3753  decode.d5.loss_cls: 0.0339  decode.d5.loss_mask: 0.5284  decode.d5.loss_dice: 0.3673  decode.d6.loss_cls: 0.0358  decode.d6.loss_mask: 0.5385  decode.d6.loss_dice: 0.3786  decode.d7.loss_cls: 0.0277  decode.d7.loss_mask: 0.5250  decode.d7.loss_dice: 0.3772  decode.d8.loss_cls: 0.0333  decode.d8.loss_mask: 0.5342  decode.d8.loss_dice: 0.3794
2026/07/24 01:14:07 - mmengine - INFO - Iter(train) [26900/40000]  base_lr: 1.9640e-05 lr: 1.9640e-05  eta: 2:28:53  time: 0.6556  data_time: 0.0185  memory: 8424  grad_norm: 68.0710  loss: 12.8594  decode.loss_cls: 0.0011  decode.loss_mask: 0.7358  decode.loss_dice: 0.5404  decode.d0.loss_cls: 0.1120  decode.d0.loss_mask: 0.7634  decode.d0.loss_dice: 0.5222  decode.d1.loss_cls: 0.0233  decode.d1.loss_mask: 0.7430  decode.d1.loss_dice: 0.5234  decode.d2.loss_cls: 0.0118  decode.d2.loss_mask: 0.7442  decode.d2.loss_dice: 0.5252  decode.d3.loss_cls: 0.0014  decode.d3.loss_mask: 0.7404  decode.d3.loss_dice: 0.5287  decode.d4.loss_cls: 0.0013  decode.d4.loss_mask: 0.7333  decode.d4.loss_dice: 0.5282  decode.d5.loss_cls: 0.0012  decode.d5.loss_mask: 0.7374  decode.d5.loss_dice: 0.5337  decode.d6.loss_cls: 0.0016  decode.d6.loss_mask: 0.7347  decode.d6.loss_dice: 0.5319  decode.d7.loss_cls: 0.0017  decode.d7.loss_mask: 0.7385  decode.d7.loss_dice: 0.5317  decode.d8.loss_cls: 0.0021  decode.d8.loss_mask: 0.7344  decode.d8.loss_dice: 0.5312
2026/07/24 01:15:12 - mmengine - INFO - Exp name: fusion_vits_m2f_nocont_23999_20260723_192916
2026/07/24 01:15:12 - mmengine - INFO - Iter(train) [27000/40000]  base_lr: 1.9505e-05 lr: 1.9505e-05  eta: 2:27:44  time: 0.6696  data_time: 0.0211  memory: 8434  grad_norm: 60.3435  loss: 11.4790  decode.loss_cls: 0.0027  decode.loss_mask: 0.6369  decode.loss_dice: 0.4924  decode.d0.loss_cls: 0.1020  decode.d0.loss_mask: 0.6682  decode.d0.loss_dice: 0.5027  decode.d1.loss_cls: 0.0128  decode.d1.loss_mask: 0.6399  decode.d1.loss_dice: 0.4964  decode.d2.loss_cls: 0.0058  decode.d2.loss_mask: 0.6357  decode.d2.loss_dice: 0.4946  decode.d3.loss_cls: 0.0014  decode.d3.loss_mask: 0.6315  decode.d3.loss_dice: 0.4919  decode.d4.loss_cls: 0.0010  decode.d4.loss_mask: 0.6352  decode.d4.loss_dice: 0.4959  decode.d5.loss_cls: 0.0015  decode.d5.loss_mask: 0.6329  decode.d5.loss_dice: 0.4964  decode.d6.loss_cls: 0.0019  decode.d6.loss_mask: 0.6347  decode.d6.loss_dice: 0.4967  decode.d7.loss_cls: 0.0030  decode.d7.loss_mask: 0.6366  decode.d7.loss_dice: 0.4968  decode.d8.loss_cls: 0.0019  decode.d8.loss_mask: 0.6337  decode.d8.loss_dice: 0.4960
2026/07/24 01:16:18 - mmengine - INFO - Iter(train) [27100/40000]  base_lr: 1.9370e-05 lr: 1.9370e-05  eta: 2:26:34  time: 0.6375  data_time: 0.0169  memory: 8434  grad_norm: 48.0953  loss: 8.4102  decode.loss_cls: 0.0046  decode.loss_mask: 0.4445  decode.loss_dice: 0.3730  decode.d0.loss_cls: 0.0891  decode.d0.loss_mask: 0.4626  decode.d0.loss_dice: 0.4011  decode.d1.loss_cls: 0.0215  decode.d1.loss_mask: 0.4484  decode.d1.loss_dice: 0.3824  decode.d2.loss_cls: 0.0042  decode.d2.loss_mask: 0.4466  decode.d2.loss_dice: 0.3826  decode.d3.loss_cls: 0.0063  decode.d3.loss_mask: 0.4453  decode.d3.loss_dice: 0.3759  decode.d4.loss_cls: 0.0063  decode.d4.loss_mask: 0.4417  decode.d4.loss_dice: 0.3687  decode.d5.loss_cls: 0.0048  decode.d5.loss_mask: 0.4455  decode.d5.loss_dice: 0.3757  decode.d6.loss_cls: 0.0045  decode.d6.loss_mask: 0.4467  decode.d6.loss_dice: 0.3793  decode.d7.loss_cls: 0.0049  decode.d7.loss_mask: 0.4435  decode.d7.loss_dice: 0.3752  decode.d8.loss_cls: 0.0050  decode.d8.loss_mask: 0.4437  decode.d8.loss_dice: 0.3761
2026/07/24 01:17:24 - mmengine - INFO - Iter(train) [27200/40000]  base_lr: 1.9235e-05 lr: 1.9235e-05  eta: 2:25:25  time: 0.6481  data_time: 0.0166  memory: 8434  grad_norm: 53.7871  loss: 9.3085  decode.loss_cls: 0.0021  decode.loss_mask: 0.5219  decode.loss_dice: 0.3765  decode.d0.loss_cls: 0.1498  decode.d0.loss_mask: 0.5931  decode.d0.loss_dice: 0.4150  decode.d1.loss_cls: 0.0176  decode.d1.loss_mask: 0.5330  decode.d1.loss_dice: 0.3752  decode.d2.loss_cls: 0.0079  decode.d2.loss_mask: 0.5252  decode.d2.loss_dice: 0.3775  decode.d3.loss_cls: 0.0045  decode.d3.loss_mask: 0.5215  decode.d3.loss_dice: 0.3784  decode.d4.loss_cls: 0.0032  decode.d4.loss_mask: 0.5225  decode.d4.loss_dice: 0.3770  decode.d5.loss_cls: 0.0029  decode.d5.loss_mask: 0.5183  decode.d5.loss_dice: 0.3751  decode.d6.loss_cls: 0.0022  decode.d6.loss_mask: 0.5220  decode.d6.loss_dice: 0.3762  decode.d7.loss_cls: 0.0019  decode.d7.loss_mask: 0.5225  decode.d7.loss_dice: 0.3725  decode.d8.loss_cls: 0.0020  decode.d8.loss_mask: 0.5257  decode.d8.loss_dice: 0.3855
2026/07/24 01:18:29 - mmengine - INFO - Iter(train) [27300/40000]  base_lr: 1.9100e-05 lr: 1.9100e-05  eta: 2:24:15  time: 0.6597  data_time: 0.0206  memory: 8424  grad_norm: 67.5684  loss: 9.8262  decode.loss_cls: 0.0016  decode.loss_mask: 0.5290  decode.loss_dice: 0.4114  decode.d0.loss_cls: 0.0965  decode.d0.loss_mask: 0.6315  decode.d0.loss_dice: 0.5088  decode.d1.loss_cls: 0.0160  decode.d1.loss_mask: 0.5416  decode.d1.loss_dice: 0.4351  decode.d2.loss_cls: 0.0069  decode.d2.loss_mask: 0.5287  decode.d2.loss_dice: 0.4229  decode.d3.loss_cls: 0.0016  decode.d3.loss_mask: 0.5279  decode.d3.loss_dice: 0.4218  decode.d4.loss_cls: 0.0020  decode.d4.loss_mask: 0.5262  decode.d4.loss_dice: 0.4252  decode.d5.loss_cls: 0.0017  decode.d5.loss_mask: 0.5266  decode.d5.loss_dice: 0.4221  decode.d6.loss_cls: 0.0013  decode.d6.loss_mask: 0.5264  decode.d6.loss_dice: 0.4209  decode.d7.loss_cls: 0.0013  decode.d7.loss_mask: 0.5264  decode.d7.loss_dice: 0.4181  decode.d8.loss_cls: 0.0010  decode.d8.loss_mask: 0.5310  decode.d8.loss_dice: 0.4149
2026/07/24 01:19:35 - mmengine - INFO - Iter(train) [27400/40000]  base_lr: 1.8964e-05 lr: 1.8964e-05  eta: 2:23:06  time: 0.7069  data_time: 0.0207  memory: 8434  grad_norm: 68.2509  loss: 12.0360  decode.loss_cls: 0.0021  decode.loss_mask: 0.6620  decode.loss_dice: 0.5266  decode.d0.loss_cls: 0.0986  decode.d0.loss_mask: 0.6906  decode.d0.loss_dice: 0.5543  decode.d1.loss_cls: 0.0274  decode.d1.loss_mask: 0.6630  decode.d1.loss_dice: 0.5371  decode.d2.loss_cls: 0.0130  decode.d2.loss_mask: 0.6609  decode.d2.loss_dice: 0.5204  decode.d3.loss_cls: 0.0029  decode.d3.loss_mask: 0.6524  decode.d3.loss_dice: 0.5201  decode.d4.loss_cls: 0.0028  decode.d4.loss_mask: 0.6591  decode.d4.loss_dice: 0.5159  decode.d5.loss_cls: 0.0018  decode.d5.loss_mask: 0.6581  decode.d5.loss_dice: 0.5114  decode.d6.loss_cls: 0.0013  decode.d6.loss_mask: 0.6617  decode.d6.loss_dice: 0.5264  decode.d7.loss_cls: 0.0017  decode.d7.loss_mask: 0.6599  decode.d7.loss_dice: 0.5201  decode.d8.loss_cls: 0.0019  decode.d8.loss_mask: 0.6620  decode.d8.loss_dice: 0.5204
2026/07/24 01:20:42 - mmengine - INFO - Iter(train) [27500/40000]  base_lr: 1.8829e-05 lr: 1.8829e-05  eta: 2:21:58  time: 0.6601  data_time: 0.0180  memory: 8434  grad_norm: 60.5426  loss: 7.3597  decode.loss_cls: 0.0037  decode.loss_mask: 0.3658  decode.loss_dice: 0.3361  decode.d0.loss_cls: 0.0976  decode.d0.loss_mask: 0.4102  decode.d0.loss_dice: 0.3668  decode.d1.loss_cls: 0.0181  decode.d1.loss_mask: 0.3775  decode.d1.loss_dice: 0.3447  decode.d2.loss_cls: 0.0155  decode.d2.loss_mask: 0.3747  decode.d2.loss_dice: 0.3448  decode.d3.loss_cls: 0.0067  decode.d3.loss_mask: 0.3758  decode.d3.loss_dice: 0.3367  decode.d4.loss_cls: 0.0051  decode.d4.loss_mask: 0.3721  decode.d4.loss_dice: 0.3404  decode.d5.loss_cls: 0.0041  decode.d5.loss_mask: 0.3698  decode.d5.loss_dice: 0.3390  decode.d6.loss_cls: 0.0029  decode.d6.loss_mask: 0.3711  decode.d6.loss_dice: 0.3383  decode.d7.loss_cls: 0.0029  decode.d7.loss_mask: 0.3693  decode.d7.loss_dice: 0.3438  decode.d8.loss_cls: 0.0103  decode.d8.loss_mask: 0.3688  decode.d8.loss_dice: 0.3471
2026/07/24 01:21:48 - mmengine - INFO - Iter(train) [27600/40000]  base_lr: 1.8693e-05 lr: 1.8693e-05  eta: 2:20:48  time: 0.6614  data_time: 0.0233  memory: 8434  grad_norm: 46.8420  loss: 9.9257  decode.loss_cls: 0.0095  decode.loss_mask: 0.5369  decode.loss_dice: 0.4443  decode.d0.loss_cls: 0.1162  decode.d0.loss_mask: 0.5667  decode.d0.loss_dice: 0.4763  decode.d1.loss_cls: 0.0414  decode.d1.loss_mask: 0.5251  decode.d1.loss_dice: 0.4310  decode.d2.loss_cls: 0.0297  decode.d2.loss_mask: 0.5208  decode.d2.loss_dice: 0.4231  decode.d3.loss_cls: 0.0186  decode.d3.loss_mask: 0.5192  decode.d3.loss_dice: 0.4220  decode.d4.loss_cls: 0.0172  decode.d4.loss_mask: 0.5196  decode.d4.loss_dice: 0.4334  decode.d5.loss_cls: 0.0136  decode.d5.loss_mask: 0.5173  decode.d5.loss_dice: 0.4339  decode.d6.loss_cls: 0.0138  decode.d6.loss_mask: 0.5200  decode.d6.loss_dice: 0.4452  decode.d7.loss_cls: 0.0127  decode.d7.loss_mask: 0.5148  decode.d7.loss_dice: 0.4319  decode.d8.loss_cls: 0.0148  decode.d8.loss_mask: 0.5175  decode.d8.loss_dice: 0.4390
2026/07/24 01:22:57 - mmengine - INFO - Iter(train) [27700/40000]  base_lr: 1.8557e-05 lr: 1.8557e-05  eta: 2:19:41  time: 0.6560  data_time: 0.0176  memory: 8434  grad_norm: 108.0445  loss: 13.7191  decode.loss_cls: 0.0064  decode.loss_mask: 0.7708  decode.loss_dice: 0.5649  decode.d0.loss_cls: 0.1069  decode.d0.loss_mask: 0.8730  decode.d0.loss_dice: 0.6151  decode.d1.loss_cls: 0.0247  decode.d1.loss_mask: 0.7996  decode.d1.loss_dice: 0.5780  decode.d2.loss_cls: 0.0152  decode.d2.loss_mask: 0.7776  decode.d2.loss_dice: 0.5778  decode.d3.loss_cls: 0.0085  decode.d3.loss_mask: 0.7706  decode.d3.loss_dice: 0.5579  decode.d4.loss_cls: 0.0078  decode.d4.loss_mask: 0.7674  decode.d4.loss_dice: 0.5591  decode.d5.loss_cls: 0.0127  decode.d5.loss_mask: 0.7609  decode.d5.loss_dice: 0.5659  decode.d6.loss_cls: 0.0055  decode.d6.loss_mask: 0.7664  decode.d6.loss_dice: 0.5633  decode.d7.loss_cls: 0.0048  decode.d7.loss_mask: 0.7676  decode.d7.loss_dice: 0.5530  decode.d8.loss_cls: 0.0043  decode.d8.loss_mask: 0.7696  decode.d8.loss_dice: 0.5637
2026/07/24 01:24:02 - mmengine - INFO - Iter(train) [27800/40000]  base_lr: 1.8421e-05 lr: 1.8421e-05  eta: 2:18:31  time: 0.6598  data_time: 0.0174  memory: 8424  grad_norm: 63.6422  loss: 9.0281  decode.loss_cls: 0.0007  decode.loss_mask: 0.5014  decode.loss_dice: 0.3841  decode.d0.loss_cls: 0.0876  decode.d0.loss_mask: 0.5214  decode.d0.loss_dice: 0.4045  decode.d1.loss_cls: 0.0145  decode.d1.loss_mask: 0.5081  decode.d1.loss_dice: 0.3931  decode.d2.loss_cls: 0.0025  decode.d2.loss_mask: 0.4998  decode.d2.loss_dice: 0.3859  decode.d3.loss_cls: 0.0011  decode.d3.loss_mask: 0.5064  decode.d3.loss_dice: 0.3865  decode.d4.loss_cls: 0.0006  decode.d4.loss_mask: 0.5085  decode.d4.loss_dice: 0.3726  decode.d5.loss_cls: 0.0005  decode.d5.loss_mask: 0.5081  decode.d5.loss_dice: 0.3809  decode.d6.loss_cls: 0.0006  decode.d6.loss_mask: 0.5029  decode.d6.loss_dice: 0.3822  decode.d7.loss_cls: 0.0006  decode.d7.loss_mask: 0.5090  decode.d7.loss_dice: 0.3786  decode.d8.loss_cls: 0.0008  decode.d8.loss_mask: 0.5067  decode.d8.loss_dice: 0.3780
2026/07/24 01:25:08 - mmengine - INFO - Iter(train) [27900/40000]  base_lr: 1.8285e-05 lr: 1.8285e-05  eta: 2:17:22  time: 0.6417  data_time: 0.0178  memory: 8434  grad_norm: 45.0346  loss: 10.4906  decode.loss_cls: 0.0008  decode.loss_mask: 0.5760  decode.loss_dice: 0.4496  decode.d0.loss_cls: 0.0671  decode.d0.loss_mask: 0.6073  decode.d0.loss_dice: 0.4656  decode.d1.loss_cls: 0.0134  decode.d1.loss_mask: 0.5845  decode.d1.loss_dice: 0.4613  decode.d2.loss_cls: 0.0126  decode.d2.loss_mask: 0.5818  decode.d2.loss_dice: 0.4568  decode.d3.loss_cls: 0.0012  decode.d3.loss_mask: 0.5812  decode.d3.loss_dice: 0.4583  decode.d4.loss_cls: 0.0009  decode.d4.loss_mask: 0.5762  decode.d4.loss_dice: 0.4522  decode.d5.loss_cls: 0.0009  decode.d5.loss_mask: 0.5790  decode.d5.loss_dice: 0.4585  decode.d6.loss_cls: 0.0008  decode.d6.loss_mask: 0.5797  decode.d6.loss_dice: 0.4567  decode.d7.loss_cls: 0.0008  decode.d7.loss_mask: 0.5776  decode.d7.loss_dice: 0.4525  decode.d8.loss_cls: 0.0007  decode.d8.loss_mask: 0.5781  decode.d8.loss_dice: 0.4585
2026/07/24 01:26:14 - mmengine - INFO - Exp name: fusion_vits_m2f_nocont_23999_20260723_192916
2026/07/24 01:26:14 - mmengine - INFO - Iter(train) [28000/40000]  base_lr: 1.8149e-05 lr: 1.8149e-05  eta: 2:16:13  time: 0.6500  data_time: 0.0179  memory: 8434  grad_norm: 61.5210  loss: 10.1658  decode.loss_cls: 0.0024  decode.loss_mask: 0.5601  decode.loss_dice: 0.4364  decode.d0.loss_cls: 0.0808  decode.d0.loss_mask: 0.5909  decode.d0.loss_dice: 0.4518  decode.d1.loss_cls: 0.0093  decode.d1.loss_mask: 0.5724  decode.d1.loss_dice: 0.4477  decode.d2.loss_cls: 0.0094  decode.d2.loss_mask: 0.5690  decode.d2.loss_dice: 0.4351  decode.d3.loss_cls: 0.0037  decode.d3.loss_mask: 0.5663  decode.d3.loss_dice: 0.4390  decode.d4.loss_cls: 0.0031  decode.d4.loss_mask: 0.5631  decode.d4.loss_dice: 0.4348  decode.d5.loss_cls: 0.0029  decode.d5.loss_mask: 0.5589  decode.d5.loss_dice: 0.4309  decode.d6.loss_cls: 0.0032  decode.d6.loss_mask: 0.5600  decode.d6.loss_dice: 0.4353  decode.d7.loss_cls: 0.0029  decode.d7.loss_mask: 0.5600  decode.d7.loss_dice: 0.4381  decode.d8.loss_cls: 0.0028  decode.d8.loss_mask: 0.5594  decode.d8.loss_dice: 0.4360
2026/07/24 01:26:14 - mmengine - INFO - Saving checkpoint at 28000 iterations
2026/07/24 01:26:58 - mmengine - INFO - Iter(val) [100/504]    eta: 0:01:29  time: 0.2047  data_time: 0.0071  memory: 3245  
2026/07/24 01:27:19 - mmengine - INFO - Iter(val) [200/504]    eta: 0:01:05  time: 0.2397  data_time: 0.0382  memory: 3245  
2026/07/24 01:27:40 - mmengine - INFO - Iter(val) [300/504]    eta: 0:00:43  time: 0.2073  data_time: 0.0085  memory: 3245  
2026/07/24 01:28:01 - mmengine - INFO - Iter(val) [400/504]    eta: 0:00:22  time: 0.2061  data_time: 0.0074  memory: 3245  
2026/07/24 01:28:22 - mmengine - INFO - Iter(val) [500/504]    eta: 0:00:00  time: 0.2134  data_time: 0.0093  memory: 3245  
2026/07/24 01:28:27 - mmengine - INFO - per class results:
2026/07/24 01:28:27 - mmengine - INFO - 
+--------------------+-------+-------+--------+-----------+--------+
|       Class        |  IoU  |  Acc  | Fscore | Precision | Recall |
+--------------------+-------+-------+--------+-----------+--------+
| impervious_surface |  87.2 | 91.89 | 93.16  |   94.47   | 91.89  |
|      building      | 95.41 | 96.96 | 97.65  |   98.34   | 96.96  |
|   low_vegetation   | 79.44 | 90.29 | 88.54  |   86.86   | 90.29  |
|        tree        | 80.56 | 89.49 | 89.23  |   88.98   | 89.49  |
|        car         | 91.85 |  92.6 | 95.75  |   99.12   |  92.6  |
+--------------------+-------+-------+--------+-----------+--------+
2026/07/24 01:28:27 - mmengine - INFO - Iter(val) [504/504]    aAcc: 92.1700  mIoU: 86.8900  mAcc: 92.2500  mFscore: 92.8700  mPrecision: 93.5600  mRecall: 92.2500  data_time: 0.0129  time: 0.2130
2026/07/24 01:29:33 - mmengine - INFO - Iter(train) [28100/40000]  base_lr: 1.8013e-05 lr: 1.8013e-05  eta: 2:15:06  time: 0.6626  data_time: 0.0186  memory: 8424  grad_norm: 51.8773  loss: 8.3535  decode.loss_cls: 0.0130  decode.loss_mask: 0.4177  decode.loss_dice: 0.3967  decode.d0.loss_cls: 0.1546  decode.d0.loss_mask: 0.4457  decode.d0.loss_dice: 0.4248  decode.d1.loss_cls: 0.0366  decode.d1.loss_mask: 0.4166  decode.d1.loss_dice: 0.3870  decode.d2.loss_cls: 0.0243  decode.d2.loss_mask: 0.4131  decode.d2.loss_dice: 0.3871  decode.d3.loss_cls: 0.0149  decode.d3.loss_mask: 0.4099  decode.d3.loss_dice: 0.3834  decode.d4.loss_cls: 0.0102  decode.d4.loss_mask: 0.4085  decode.d4.loss_dice: 0.3835  decode.d5.loss_cls: 0.0075  decode.d5.loss_mask: 0.4098  decode.d5.loss_dice: 0.3767  decode.d6.loss_cls: 0.0132  decode.d6.loss_mask: 0.4082  decode.d6.loss_dice: 0.3811  decode.d7.loss_cls: 0.0154  decode.d7.loss_mask: 0.4082  decode.d7.loss_dice: 0.3879  decode.d8.loss_cls: 0.0166  decode.d8.loss_mask: 0.4097  decode.d8.loss_dice: 0.3917
2026/07/24 01:30:39 - mmengine - INFO - Iter(train) [28200/40000]  base_lr: 1.7877e-05 lr: 1.7877e-05  eta: 2:13:57  time: 0.6435  data_time: 0.0176  memory: 8434  grad_norm: 92.0645  loss: 15.4559  decode.loss_cls: 0.0144  decode.loss_mask: 0.8399  decode.loss_dice: 0.6381  decode.d0.loss_cls: 0.1857  decode.d0.loss_mask: 0.9822  decode.d0.loss_dice: 0.7899  decode.d1.loss_cls: 0.0496  decode.d1.loss_mask: 0.8801  decode.d1.loss_dice: 0.6449  decode.d2.loss_cls: 0.0387  decode.d2.loss_mask: 0.8488  decode.d2.loss_dice: 0.6308  decode.d3.loss_cls: 0.0300  decode.d3.loss_mask: 0.8297  decode.d3.loss_dice: 0.6320  decode.d4.loss_cls: 0.0211  decode.d4.loss_mask: 0.8314  decode.d4.loss_dice: 0.6187  decode.d5.loss_cls: 0.0183  decode.d5.loss_mask: 0.8338  decode.d5.loss_dice: 0.6295  decode.d6.loss_cls: 0.0179  decode.d6.loss_mask: 0.8425  decode.d6.loss_dice: 0.6354  decode.d7.loss_cls: 0.0143  decode.d7.loss_mask: 0.8415  decode.d7.loss_dice: 0.6340  decode.d8.loss_cls: 0.0134  decode.d8.loss_mask: 0.8426  decode.d8.loss_dice: 0.6268
2026/07/24 01:31:45 - mmengine - INFO - Iter(train) [28300/40000]  base_lr: 1.7741e-05 lr: 1.7741e-05  eta: 2:12:48  time: 0.6426  data_time: 0.0172  memory: 8434  grad_norm: 46.7113  loss: 8.7193  decode.loss_cls: 0.0004  decode.loss_mask: 0.4922  decode.loss_dice: 0.3617  decode.d0.loss_cls: 0.1240  decode.d0.loss_mask: 0.5075  decode.d0.loss_dice: 0.3731  decode.d1.loss_cls: 0.0072  decode.d1.loss_mask: 0.4934  decode.d1.loss_dice: 0.3674  decode.d2.loss_cls: 0.0023  decode.d2.loss_mask: 0.4931  decode.d2.loss_dice: 0.3620  decode.d3.loss_cls: 0.0007  decode.d3.loss_mask: 0.4934  decode.d3.loss_dice: 0.3676  decode.d4.loss_cls: 0.0006  decode.d4.loss_mask: 0.4913  decode.d4.loss_dice: 0.3606  decode.d5.loss_cls: 0.0006  decode.d5.loss_mask: 0.4907  decode.d5.loss_dice: 0.3616  decode.d6.loss_cls: 0.0005  decode.d6.loss_mask: 0.4922  decode.d6.loss_dice: 0.3630  decode.d7.loss_cls: 0.0004  decode.d7.loss_mask: 0.4935  decode.d7.loss_dice: 0.3653  decode.d8.loss_cls: 0.0005  decode.d8.loss_mask: 0.4918  decode.d8.loss_dice: 0.3607
2026/07/24 01:32:50 - mmengine - INFO - Iter(train) [28400/40000]  base_lr: 1.7604e-05 lr: 1.7604e-05  eta: 2:11:38  time: 0.6466  data_time: 0.0180  memory: 8434  grad_norm: 47.3262  loss: 8.1046  decode.loss_cls: 0.0017  decode.loss_mask: 0.3709  decode.loss_dice: 0.4044  decode.d0.loss_cls: 0.1033  decode.d0.loss_mask: 0.3963  decode.d0.loss_dice: 0.4674  decode.d1.loss_cls: 0.0327  decode.d1.loss_mask: 0.3813  decode.d1.loss_dice: 0.4198  decode.d2.loss_cls: 0.0122  decode.d2.loss_mask: 0.3772  decode.d2.loss_dice: 0.4162  decode.d3.loss_cls: 0.0034  decode.d3.loss_mask: 0.3747  decode.d3.loss_dice: 0.4167  decode.d4.loss_cls: 0.0033  decode.d4.loss_mask: 0.3727  decode.d4.loss_dice: 0.4113  decode.d5.loss_cls: 0.0035  decode.d5.loss_mask: 0.3770  decode.d5.loss_dice: 0.4099  decode.d6.loss_cls: 0.0020  decode.d6.loss_mask: 0.3717  decode.d6.loss_dice: 0.4088  decode.d7.loss_cls: 0.0023  decode.d7.loss_mask: 0.3725  decode.d7.loss_dice: 0.4073  decode.d8.loss_cls: 0.0017  decode.d8.loss_mask: 0.3724  decode.d8.loss_dice: 0.4098
2026/07/24 01:34:02 - mmengine - INFO - Iter(train) [28500/40000]  base_lr: 1.7467e-05 lr: 1.7467e-05  eta: 2:10:32  time: 0.6905  data_time: 0.0233  memory: 8434  grad_norm: 63.6301  loss: 11.3248  decode.loss_cls: 0.0014  decode.loss_mask: 0.6158  decode.loss_dice: 0.4957  decode.d0.loss_cls: 0.1109  decode.d0.loss_mask: 0.6435  decode.d0.loss_dice: 0.5481  decode.d1.loss_cls: 0.0309  decode.d1.loss_mask: 0.6180  decode.d1.loss_dice: 0.4957  decode.d2.loss_cls: 0.0067  decode.d2.loss_mask: 0.6169  decode.d2.loss_dice: 0.4970  decode.d3.loss_cls: 0.0065  decode.d3.loss_mask: 0.6159  decode.d3.loss_dice: 0.4896  decode.d4.loss_cls: 0.0084  decode.d4.loss_mask: 0.6126  decode.d4.loss_dice: 0.4808  decode.d5.loss_cls: 0.0090  decode.d5.loss_mask: 0.6156  decode.d5.loss_dice: 0.4955  decode.d6.loss_cls: 0.0097  decode.d6.loss_mask: 0.6102  decode.d6.loss_dice: 0.4863  decode.d7.loss_cls: 0.0085  decode.d7.loss_mask: 0.6070  decode.d7.loss_dice: 0.4854  decode.d8.loss_cls: 0.0066  decode.d8.loss_mask: 0.6097  decode.d8.loss_dice: 0.4870
2026/07/24 01:35:14 - mmengine - INFO - Iter(train) [28600/40000]  base_lr: 1.7331e-05 lr: 1.7331e-05  eta: 2:09:25  time: 0.6744  data_time: 0.0230  memory: 8424  grad_norm: 88.7867  loss: 13.2076  decode.loss_cls: 0.0081  decode.loss_mask: 0.7459  decode.loss_dice: 0.5421  decode.d0.loss_cls: 0.1121  decode.d0.loss_mask: 0.7997  decode.d0.loss_dice: 0.5355  decode.d1.loss_cls: 0.0223  decode.d1.loss_mask: 0.7581  decode.d1.loss_dice: 0.5682  decode.d2.loss_cls: 0.0215  decode.d2.loss_mask: 0.7558  decode.d2.loss_dice: 0.5579  decode.d3.loss_cls: 0.0123  decode.d3.loss_mask: 0.7416  decode.d3.loss_dice: 0.5517  decode.d4.loss_cls: 0.0115  decode.d4.loss_mask: 0.7384  decode.d4.loss_dice: 0.5453  decode.d5.loss_cls: 0.0087  decode.d5.loss_mask: 0.7406  decode.d5.loss_dice: 0.5464  decode.d6.loss_cls: 0.0093  decode.d6.loss_mask: 0.7343  decode.d6.loss_dice: 0.5540  decode.d7.loss_cls: 0.0088  decode.d7.loss_mask: 0.7384  decode.d7.loss_dice: 0.5446  decode.d8.loss_cls: 0.0076  decode.d8.loss_mask: 0.7431  decode.d8.loss_dice: 0.5440
2026/07/24 01:36:20 - mmengine - INFO - Iter(train) [28700/40000]  base_lr: 1.7194e-05 lr: 1.7194e-05  eta: 2:08:16  time: 0.6710  data_time: 0.0184  memory: 8424  grad_norm: 49.0934  loss: 9.5686  decode.loss_cls: 0.0098  decode.loss_mask: 0.5130  decode.loss_dice: 0.4294  decode.d0.loss_cls: 0.0886  decode.d0.loss_mask: 0.5321  decode.d0.loss_dice: 0.4233  decode.d1.loss_cls: 0.0231  decode.d1.loss_mask: 0.5161  decode.d1.loss_dice: 0.4201  decode.d2.loss_cls: 0.0292  decode.d2.loss_mask: 0.5141  decode.d2.loss_dice: 0.4223  decode.d3.loss_cls: 0.0060  decode.d3.loss_mask: 0.5133  decode.d3.loss_dice: 0.4219  decode.d4.loss_cls: 0.0103  decode.d4.loss_mask: 0.5105  decode.d4.loss_dice: 0.4129  decode.d5.loss_cls: 0.0092  decode.d5.loss_mask: 0.5146  decode.d5.loss_dice: 0.4162  decode.d6.loss_cls: 0.0090  decode.d6.loss_mask: 0.5105  decode.d6.loss_dice: 0.4209  decode.d7.loss_cls: 0.0127  decode.d7.loss_mask: 0.5143  decode.d7.loss_dice: 0.4168  decode.d8.loss_cls: 0.0116  decode.d8.loss_mask: 0.5130  decode.d8.loss_dice: 0.4238
2026/07/24 01:37:27 - mmengine - INFO - Iter(train) [28800/40000]  base_lr: 1.7057e-05 lr: 1.7057e-05  eta: 2:07:08  time: 0.6807  data_time: 0.0187  memory: 8434  grad_norm: 41.2834  loss: 8.8238  decode.loss_cls: 0.0004  decode.loss_mask: 0.4862  decode.loss_dice: 0.3787  decode.d0.loss_cls: 0.0653  decode.d0.loss_mask: 0.4993  decode.d0.loss_dice: 0.3927  decode.d1.loss_cls: 0.0071  decode.d1.loss_mask: 0.4909  decode.d1.loss_dice: 0.3903  decode.d2.loss_cls: 0.0050  decode.d2.loss_mask: 0.4899  decode.d2.loss_dice: 0.3902  decode.d3.loss_cls: 0.0015  decode.d3.loss_mask: 0.4868  decode.d3.loss_dice: 0.3848  decode.d4.loss_cls: 0.0009  decode.d4.loss_mask: 0.4882  decode.d4.loss_dice: 0.3830  decode.d5.loss_cls: 0.0008  decode.d5.loss_mask: 0.4865  decode.d5.loss_dice: 0.3829  decode.d6.loss_cls: 0.0005  decode.d6.loss_mask: 0.4862  decode.d6.loss_dice: 0.3799  decode.d7.loss_cls: 0.0003  decode.d7.loss_mask: 0.4880  decode.d7.loss_dice: 0.3828  decode.d8.loss_cls: 0.0004  decode.d8.loss_mask: 0.4908  decode.d8.loss_dice: 0.3836
2026/07/24 01:38:34 - mmengine - INFO - Iter(train) [28900/40000]  base_lr: 1.6920e-05 lr: 1.6920e-05  eta: 2:05:59  time: 0.6516  data_time: 0.0194  memory: 8434  grad_norm: 53.3539  loss: 9.3775  decode.loss_cls: 0.0005  decode.loss_mask: 0.4874  decode.loss_dice: 0.4311  decode.d0.loss_cls: 0.0891  decode.d0.loss_mask: 0.5175  decode.d0.loss_dice: 0.4600  decode.d1.loss_cls: 0.0084  decode.d1.loss_mask: 0.4895  decode.d1.loss_dice: 0.4406  decode.d2.loss_cls: 0.0021  decode.d2.loss_mask: 0.4874  decode.d2.loss_dice: 0.4317  decode.d3.loss_cls: 0.0010  decode.d3.loss_mask: 0.4912  decode.d3.loss_dice: 0.4306  decode.d4.loss_cls: 0.0010  decode.d4.loss_mask: 0.4873  decode.d4.loss_dice: 0.4330  decode.d5.loss_cls: 0.0008  decode.d5.loss_mask: 0.4884  decode.d5.loss_dice: 0.4349  decode.d6.loss_cls: 0.0006  decode.d6.loss_mask: 0.4871  decode.d6.loss_dice: 0.4325  decode.d7.loss_cls: 0.0006  decode.d7.loss_mask: 0.4860  decode.d7.loss_dice: 0.4343  decode.d8.loss_cls: 0.0005  decode.d8.loss_mask: 0.4908  decode.d8.loss_dice: 0.4317
2026/07/24 01:39:40 - mmengine - INFO - Exp name: fusion_vits_m2f_nocont_23999_20260723_192916
2026/07/24 01:39:40 - mmengine - INFO - Iter(train) [29000/40000]  base_lr: 1.6782e-05 lr: 1.6782e-05  eta: 2:04:50  time: 0.6494  data_time: 0.0191  memory: 8424  grad_norm: 54.4184  loss: 8.3227  decode.loss_cls: 0.0008  decode.loss_mask: 0.4287  decode.loss_dice: 0.3800  decode.d0.loss_cls: 0.0995  decode.d0.loss_mask: 0.4762  decode.d0.loss_dice: 0.4179  decode.d1.loss_cls: 0.0382  decode.d1.loss_mask: 0.4315  decode.d1.loss_dice: 0.3762  decode.d2.loss_cls: 0.0254  decode.d2.loss_mask: 0.4302  decode.d2.loss_dice: 0.3727  decode.d3.loss_cls: 0.0039  decode.d3.loss_mask: 0.4306  decode.d3.loss_dice: 0.3776  decode.d4.loss_cls: 0.0031  decode.d4.loss_mask: 0.4296  decode.d4.loss_dice: 0.3754  decode.d5.loss_cls: 0.0022  decode.d5.loss_mask: 0.4321  decode.d5.loss_dice: 0.3752  decode.d6.loss_cls: 0.0015  decode.d6.loss_mask: 0.4302  decode.d6.loss_dice: 0.3738  decode.d7.loss_cls: 0.0014  decode.d7.loss_mask: 0.4278  decode.d7.loss_dice: 0.3799  decode.d8.loss_cls: 0.0011  decode.d8.loss_mask: 0.4271  decode.d8.loss_dice: 0.3732
2026/07/24 01:40:46 - mmengine - INFO - Iter(train) [29100/40000]  base_lr: 1.6645e-05 lr: 1.6645e-05  eta: 2:03:41  time: 0.6569  data_time: 0.0180  memory: 8434  grad_norm: 67.1511  loss: 11.1496  decode.loss_cls: 0.0254  decode.loss_mask: 0.5669  decode.loss_dice: 0.4677  decode.d0.loss_cls: 0.0922  decode.d0.loss_mask: 0.7417  decode.d0.loss_dice: 0.6625  decode.d1.loss_cls: 0.0478  decode.d1.loss_mask: 0.5802  decode.d1.loss_dice: 0.5002  decode.d2.loss_cls: 0.0324  decode.d2.loss_mask: 0.5692  decode.d2.loss_dice: 0.4852  decode.d3.loss_cls: 0.0257  decode.d3.loss_mask: 0.5686  decode.d3.loss_dice: 0.4701  decode.d4.loss_cls: 0.0268  decode.d4.loss_mask: 0.5614  decode.d4.loss_dice: 0.4716  decode.d5.loss_cls: 0.0259  decode.d5.loss_mask: 0.5646  decode.d5.loss_dice: 0.4800  decode.d6.loss_cls: 0.0208  decode.d6.loss_mask: 0.5685  decode.d6.loss_dice: 0.4694  decode.d7.loss_cls: 0.0253  decode.d7.loss_mask: 0.5677  decode.d7.loss_dice: 0.4768  decode.d8.loss_cls: 0.0230  decode.d8.loss_mask: 0.5624  decode.d8.loss_dice: 0.4696
2026/07/24 01:41:51 - mmengine - INFO - Iter(train) [29200/40000]  base_lr: 1.6507e-05 lr: 1.6507e-05  eta: 2:02:32  time: 0.6396  data_time: 0.0178  memory: 8434  grad_norm: 56.3456  loss: 9.0159  decode.loss_cls: 0.0029  decode.loss_mask: 0.4784  decode.loss_dice: 0.3908  decode.d0.loss_cls: 0.1228  decode.d0.loss_mask: 0.5046  decode.d0.loss_dice: 0.4103  decode.d1.loss_cls: 0.0189  decode.d1.loss_mask: 0.4884  decode.d1.loss_dice: 0.4034  decode.d2.loss_cls: 0.0259  decode.d2.loss_mask: 0.4834  decode.d2.loss_dice: 0.3997  decode.d3.loss_cls: 0.0082  decode.d3.loss_mask: 0.4794  decode.d3.loss_dice: 0.3959  decode.d4.loss_cls: 0.0046  decode.d4.loss_mask: 0.4804  decode.d4.loss_dice: 0.3959  decode.d5.loss_cls: 0.0039  decode.d5.loss_mask: 0.4772  decode.d5.loss_dice: 0.3939  decode.d6.loss_cls: 0.0091  decode.d6.loss_mask: 0.4790  decode.d6.loss_dice: 0.3886  decode.d7.loss_cls: 0.0144  decode.d7.loss_mask: 0.4776  decode.d7.loss_dice: 0.3907  decode.d8.loss_cls: 0.0138  decode.d8.loss_mask: 0.4798  decode.d8.loss_dice: 0.3942
2026/07/24 01:42:57 - mmengine - INFO - Iter(train) [29300/40000]  base_lr: 1.6370e-05 lr: 1.6370e-05  eta: 2:01:23  time: 0.6380  data_time: 0.0165  memory: 8434  grad_norm: 81.7046  loss: 11.2595  decode.loss_cls: 0.0061  decode.loss_mask: 0.6251  decode.loss_dice: 0.4758  decode.d0.loss_cls: 0.1060  decode.d0.loss_mask: 0.6721  decode.d0.loss_dice: 0.5126  decode.d1.loss_cls: 0.0358  decode.d1.loss_mask: 0.6183  decode.d1.loss_dice: 0.4836  decode.d2.loss_cls: 0.0077  decode.d2.loss_mask: 0.6152  decode.d2.loss_dice: 0.4756  decode.d3.loss_cls: 0.0044  decode.d3.loss_mask: 0.6161  decode.d3.loss_dice: 0.4824  decode.d4.loss_cls: 0.0035  decode.d4.loss_mask: 0.6131  decode.d4.loss_dice: 0.4750  decode.d5.loss_cls: 0.0031  decode.d5.loss_mask: 0.6232  decode.d5.loss_dice: 0.4825  decode.d6.loss_cls: 0.0210  decode.d6.loss_mask: 0.6158  decode.d6.loss_dice: 0.4686  decode.d7.loss_cls: 0.0040  decode.d7.loss_mask: 0.6255  decode.d7.loss_dice: 0.4797  decode.d8.loss_cls: 0.0064  decode.d8.loss_mask: 0.6231  decode.d8.loss_dice: 0.4781
2026/07/24 01:44:06 - mmengine - INFO - Iter(train) [29400/40000]  base_lr: 1.6232e-05 lr: 1.6232e-05  eta: 2:00:15  time: 0.6597  data_time: 0.0187  memory: 8434  grad_norm: 78.1332  loss: 9.0190  decode.loss_cls: 0.0175  decode.loss_mask: 0.4477  decode.loss_dice: 0.3765  decode.d0.loss_cls: 0.1489  decode.d0.loss_mask: 0.5470  decode.d0.loss_dice: 0.5076  decode.d1.loss_cls: 0.0439  decode.d1.loss_mask: 0.4874  decode.d1.loss_dice: 0.4193  decode.d2.loss_cls: 0.0356  decode.d2.loss_mask: 0.4661  decode.d2.loss_dice: 0.3959  decode.d3.loss_cls: 0.0218  decode.d3.loss_mask: 0.4550  decode.d3.loss_dice: 0.3938  decode.d4.loss_cls: 0.0195  decode.d4.loss_mask: 0.4580  decode.d4.loss_dice: 0.3886  decode.d5.loss_cls: 0.0138  decode.d5.loss_mask: 0.4506  decode.d5.loss_dice: 0.3821  decode.d6.loss_cls: 0.0140  decode.d6.loss_mask: 0.4500  decode.d6.loss_dice: 0.3804  decode.d7.loss_cls: 0.0141  decode.d7.loss_mask: 0.4523  decode.d7.loss_dice: 0.3871  decode.d8.loss_cls: 0.0168  decode.d8.loss_mask: 0.4496  decode.d8.loss_dice: 0.3780
2026/07/24 01:45:12 - mmengine - INFO - Iter(train) [29500/40000]  base_lr: 1.6094e-05 lr: 1.6094e-05  eta: 1:59:07  time: 0.6568  data_time: 0.0186  memory: 8424  grad_norm: 48.8878  loss: 8.9350  decode.loss_cls: 0.0024  decode.loss_mask: 0.4940  decode.loss_dice: 0.3782  decode.d0.loss_cls: 0.1073  decode.d0.loss_mask: 0.5181  decode.d0.loss_dice: 0.3741  decode.d1.loss_cls: 0.0188  decode.d1.loss_mask: 0.4978  decode.d1.loss_dice: 0.3849  decode.d2.loss_cls: 0.0069  decode.d2.loss_mask: 0.4961  decode.d2.loss_dice: 0.3811  decode.d3.loss_cls: 0.0146  decode.d3.loss_mask: 0.4962  decode.d3.loss_dice: 0.3733  decode.d4.loss_cls: 0.0042  decode.d4.loss_mask: 0.4934  decode.d4.loss_dice: 0.3790  decode.d5.loss_cls: 0.0119  decode.d5.loss_mask: 0.4945  decode.d5.loss_dice: 0.3738  decode.d6.loss_cls: 0.0116  decode.d6.loss_mask: 0.4944  decode.d6.loss_dice: 0.3761  decode.d7.loss_cls: 0.0026  decode.d7.loss_mask: 0.4933  decode.d7.loss_dice: 0.3798  decode.d8.loss_cls: 0.0018  decode.d8.loss_mask: 0.4914  decode.d8.loss_dice: 0.3830
2026/07/24 01:46:17 - mmengine - INFO - Iter(train) [29600/40000]  base_lr: 1.5956e-05 lr: 1.5956e-05  eta: 1:57:58  time: 0.6590  data_time: 0.0165  memory: 8434  grad_norm: 83.7028  loss: 12.5480  decode.loss_cls: 0.0010  decode.loss_mask: 0.6946  decode.loss_dice: 0.5335  decode.d0.loss_cls: 0.1055  decode.d0.loss_mask: 0.7530  decode.d0.loss_dice: 0.5667  decode.d1.loss_cls: 0.0255  decode.d1.loss_mask: 0.7022  decode.d1.loss_dice: 0.5277  decode.d2.loss_cls: 0.0179  decode.d2.loss_mask: 0.6935  decode.d2.loss_dice: 0.5431  decode.d3.loss_cls: 0.0168  decode.d3.loss_mask: 0.6874  decode.d3.loss_dice: 0.5344  decode.d4.loss_cls: 0.0027  decode.d4.loss_mask: 0.6864  decode.d4.loss_dice: 0.5288  decode.d5.loss_cls: 0.0024  decode.d5.loss_mask: 0.6912  decode.d5.loss_dice: 0.5360  decode.d6.loss_cls: 0.0014  decode.d6.loss_mask: 0.6925  decode.d6.loss_dice: 0.5305  decode.d7.loss_cls: 0.0011  decode.d7.loss_mask: 0.6947  decode.d7.loss_dice: 0.5431  decode.d8.loss_cls: 0.0015  decode.d8.loss_mask: 0.6916  decode.d8.loss_dice: 0.5411
2026/07/24 01:47:22 - mmengine - INFO - Iter(train) [29700/40000]  base_lr: 1.5818e-05 lr: 1.5818e-05  eta: 1:56:48  time: 0.6438  data_time: 0.0173  memory: 8434  grad_norm: 44.5896  loss: 7.8923  decode.loss_cls: 0.0070  decode.loss_mask: 0.4012  decode.loss_dice: 0.3738  decode.d0.loss_cls: 0.1095  decode.d0.loss_mask: 0.4235  decode.d0.loss_dice: 0.4038  decode.d1.loss_cls: 0.0233  decode.d1.loss_mask: 0.4008  decode.d1.loss_dice: 0.3830  decode.d2.loss_cls: 0.0239  decode.d2.loss_mask: 0.3991  decode.d2.loss_dice: 0.3493  decode.d3.loss_cls: 0.0144  decode.d3.loss_mask: 0.3996  decode.d3.loss_dice: 0.3738  decode.d4.loss_cls: 0.0082  decode.d4.loss_mask: 0.4012  decode.d4.loss_dice: 0.3581  decode.d5.loss_cls: 0.0143  decode.d5.loss_mask: 0.3981  decode.d5.loss_dice: 0.3672  decode.d6.loss_cls: 0.0113  decode.d6.loss_mask: 0.4019  decode.d6.loss_dice: 0.3414  decode.d7.loss_cls: 0.0079  decode.d7.loss_mask: 0.3989  decode.d7.loss_dice: 0.3456  decode.d8.loss_cls: 0.0148  decode.d8.loss_mask: 0.3988  decode.d8.loss_dice: 0.3388
2026/07/24 01:48:29 - mmengine - INFO - Iter(train) [29800/40000]  base_lr: 1.5680e-05 lr: 1.5680e-05  eta: 1:55:40  time: 0.6702  data_time: 0.0189  memory: 8434  grad_norm: 58.5433  loss: 10.1284  decode.loss_cls: 0.0007  decode.loss_mask: 0.5393  decode.loss_dice: 0.4442  decode.d0.loss_cls: 0.0923  decode.d0.loss_mask: 0.5979  decode.d0.loss_dice: 0.4838  decode.d1.loss_cls: 0.0445  decode.d1.loss_mask: 0.5546  decode.d1.loss_dice: 0.4473  decode.d2.loss_cls: 0.0142  decode.d2.loss_mask: 0.5507  decode.d2.loss_dice: 0.4560  decode.d3.loss_cls: 0.0015  decode.d3.loss_mask: 0.5463  decode.d3.loss_dice: 0.4503  decode.d4.loss_cls: 0.0010  decode.d4.loss_mask: 0.5381  decode.d4.loss_dice: 0.4400  decode.d5.loss_cls: 0.0007  decode.d5.loss_mask: 0.5400  decode.d5.loss_dice: 0.4371  decode.d6.loss_cls: 0.0006  decode.d6.loss_mask: 0.5375  decode.d6.loss_dice: 0.4460  decode.d7.loss_cls: 0.0007  decode.d7.loss_mask: 0.5383  decode.d7.loss_dice: 0.4398  decode.d8.loss_cls: 0.0008  decode.d8.loss_mask: 0.5417  decode.d8.loss_dice: 0.4428
2026/07/24 01:49:36 - mmengine - INFO - Iter(train) [29900/40000]  base_lr: 1.5541e-05 lr: 1.5541e-05  eta: 1:54:32  time: 0.6542  data_time: 0.0184  memory: 8434  grad_norm: 44.8848  loss: 7.9197  decode.loss_cls: 0.0078  decode.loss_mask: 0.3928  decode.loss_dice: 0.3613  decode.d0.loss_cls: 0.1035  decode.d0.loss_mask: 0.4195  decode.d0.loss_dice: 0.4123  decode.d1.loss_cls: 0.0242  decode.d1.loss_mask: 0.3952  decode.d1.loss_dice: 0.3736  decode.d2.loss_cls: 0.0204  decode.d2.loss_mask: 0.3926  decode.d2.loss_dice: 0.3581  decode.d3.loss_cls: 0.0166  decode.d3.loss_mask: 0.3901  decode.d3.loss_dice: 0.3757  decode.d4.loss_cls: 0.0081  decode.d4.loss_mask: 0.3936  decode.d4.loss_dice: 0.3776  decode.d5.loss_cls: 0.0170  decode.d5.loss_mask: 0.3919  decode.d5.loss_dice: 0.3765  decode.d6.loss_cls: 0.0077  decode.d6.loss_mask: 0.3942  decode.d6.loss_dice: 0.3594  decode.d7.loss_cls: 0.0174  decode.d7.loss_mask: 0.3928  decode.d7.loss_dice: 0.3650  decode.d8.loss_cls: 0.0075  decode.d8.loss_mask: 0.3940  decode.d8.loss_dice: 0.3732
2026/07/24 01:50:41 - mmengine - INFO - Exp name: fusion_vits_m2f_nocont_23999_20260723_192916
2026/07/24 01:50:41 - mmengine - INFO - Iter(train) [30000/40000]  base_lr: 1.5403e-05 lr: 1.5403e-05  eta: 1:53:23  time: 0.6443  data_time: 0.0203  memory: 8434  grad_norm: 57.9534  loss: 10.4070  decode.loss_cls: 0.0021  decode.loss_mask: 0.5605  decode.loss_dice: 0.4575  decode.d0.loss_cls: 0.0940  decode.d0.loss_mask: 0.5681  decode.d0.loss_dice: 0.4991  decode.d1.loss_cls: 0.0248  decode.d1.loss_mask: 0.5658  decode.d1.loss_dice: 0.4759  decode.d2.loss_cls: 0.0085  decode.d2.loss_mask: 0.5550  decode.d2.loss_dice: 0.4657  decode.d3.loss_cls: 0.0045  decode.d3.loss_mask: 0.5574  decode.d3.loss_dice: 0.4685  decode.d4.loss_cls: 0.0033  decode.d4.loss_mask: 0.5573  decode.d4.loss_dice: 0.4614  decode.d5.loss_cls: 0.0023  decode.d5.loss_mask: 0.5587  decode.d5.loss_dice: 0.4589  decode.d6.loss_cls: 0.0020  decode.d6.loss_mask: 0.5590  decode.d6.loss_dice: 0.4601  decode.d7.loss_cls: 0.0023  decode.d7.loss_mask: 0.5606  decode.d7.loss_dice: 0.4551  decode.d8.loss_cls: 0.0023  decode.d8.loss_mask: 0.5597  decode.d8.loss_dice: 0.4564
2026/07/24 01:50:41 - mmengine - INFO - Saving checkpoint at 30000 iterations
2026/07/24 01:51:25 - mmengine - INFO - Iter(val) [100/504]    eta: 0:01:28  time: 0.2097  data_time: 0.0081  memory: 3245  
2026/07/24 01:51:46 - mmengine - INFO - Iter(val) [200/504]    eta: 0:01:05  time: 0.2399  data_time: 0.0343  memory: 3245  
2026/07/24 01:52:07 - mmengine - INFO - Iter(val) [300/504]    eta: 0:00:43  time: 0.2065  data_time: 0.0085  memory: 3245  
2026/07/24 01:52:29 - mmengine - INFO - Iter(val) [400/504]    eta: 0:00:22  time: 0.2156  data_time: 0.0097  memory: 3245  
2026/07/24 01:52:50 - mmengine - INFO - Iter(val) [500/504]    eta: 0:00:00  time: 0.2071  data_time: 0.0089  memory: 3245  
2026/07/24 01:52:54 - mmengine - INFO - per class results:
2026/07/24 01:52:54 - mmengine - INFO - 
+--------------------+-------+-------+--------+-----------+--------+
|       Class        |  IoU  |  Acc  | Fscore | Precision | Recall |
+--------------------+-------+-------+--------+-----------+--------+
| impervious_surface | 87.03 | 93.06 | 93.07  |   93.08   | 93.06  |
|      building      | 94.97 | 97.12 | 97.42  |   97.72   | 97.12  |
|   low_vegetation   | 78.93 | 90.98 | 88.23  |   85.63   | 90.98  |
|        tree        | 79.56 |  85.9 | 88.62  |   91.52   |  85.9  |
|        car         | 93.05 |  95.5 |  96.4  |   97.32   |  95.5  |
+--------------------+-------+-------+--------+-----------+--------+
2026/07/24 01:52:54 - mmengine - INFO - Iter(val) [504/504]    aAcc: 91.9000  mIoU: 86.7100  mAcc: 92.5100  mFscore: 92.7500  mPrecision: 93.0500  mRecall: 92.5100  data_time: 0.0125  time: 0.2140
2026/07/24 01:53:59 - mmengine - INFO - Iter(train) [30100/40000]  base_lr: 1.5264e-05 lr: 1.5264e-05  eta: 1:52:15  time: 0.6564  data_time: 0.0175  memory: 8434  grad_norm: 55.5672  loss: 8.2626  decode.loss_cls: 0.0006  decode.loss_mask: 0.4421  decode.loss_dice: 0.3594  decode.d0.loss_cls: 0.1203  decode.d0.loss_mask: 0.4964  decode.d0.loss_dice: 0.3878  decode.d1.loss_cls: 0.0184  decode.d1.loss_mask: 0.4530  decode.d1.loss_dice: 0.3624  decode.d2.loss_cls: 0.0121  decode.d2.loss_mask: 0.4471  decode.d2.loss_dice: 0.3595  decode.d3.loss_cls: 0.0016  decode.d3.loss_mask: 0.4422  decode.d3.loss_dice: 0.3584  decode.d4.loss_cls: 0.0010  decode.d4.loss_mask: 0.4407  decode.d4.loss_dice: 0.3534  decode.d5.loss_cls: 0.0008  decode.d5.loss_mask: 0.4452  decode.d5.loss_dice: 0.3561  decode.d6.loss_cls: 0.0006  decode.d6.loss_mask: 0.4401  decode.d6.loss_dice: 0.3600  decode.d7.loss_cls: 0.0005  decode.d7.loss_mask: 0.4407  decode.d7.loss_dice: 0.3620  decode.d8.loss_cls: 0.0005  decode.d8.loss_mask: 0.4398  decode.d8.loss_dice: 0.3598
2026/07/24 01:55:04 - mmengine - INFO - Iter(train) [30200/40000]  base_lr: 1.5125e-05 lr: 1.5125e-05  eta: 1:51:06  time: 0.6393  data_time: 0.0179  memory: 8434  grad_norm: 45.8749  loss: 9.2105  decode.loss_cls: 0.0009  decode.loss_mask: 0.4783  decode.loss_dice: 0.4297  decode.d0.loss_cls: 0.0723  decode.d0.loss_mask: 0.5042  decode.d0.loss_dice: 0.4560  decode.d1.loss_cls: 0.0114  decode.d1.loss_mask: 0.4769  decode.d1.loss_dice: 0.4315  decode.d2.loss_cls: 0.0034  decode.d2.loss_mask: 0.4797  decode.d2.loss_dice: 0.4325  decode.d3.loss_cls: 0.0021  decode.d3.loss_mask: 0.4761  decode.d3.loss_dice: 0.4326  decode.d4.loss_cls: 0.0015  decode.d4.loss_mask: 0.4743  decode.d4.loss_dice: 0.4257  decode.d5.loss_cls: 0.0016  decode.d5.loss_mask: 0.4764  decode.d5.loss_dice: 0.4276  decode.d6.loss_cls: 0.0008  decode.d6.loss_mask: 0.4752  decode.d6.loss_dice: 0.4291  decode.d7.loss_cls: 0.0008  decode.d7.loss_mask: 0.4768  decode.d7.loss_dice: 0.4281  decode.d8.loss_cls: 0.0007  decode.d8.loss_mask: 0.4795  decode.d8.loss_dice: 0.4247
2026/07/24 01:56:13 - mmengine - INFO - Iter(train) [30300/40000]  base_lr: 1.4986e-05 lr: 1.4986e-05  eta: 1:49:58  time: 0.6757  data_time: 0.0439  memory: 8434  grad_norm: 120.3877  loss: 12.4621  decode.loss_cls: 0.0647  decode.loss_mask: 0.6300  decode.loss_dice: 0.4900  decode.d0.loss_cls: 0.2446  decode.d0.loss_mask: 0.8115  decode.d0.loss_dice: 0.6281  decode.d1.loss_cls: 0.1089  decode.d1.loss_mask: 0.6832  decode.d1.loss_dice: 0.5306  decode.d2.loss_cls: 0.0917  decode.d2.loss_mask: 0.6520  decode.d2.loss_dice: 0.5004  decode.d3.loss_cls: 0.0692  decode.d3.loss_mask: 0.6230  decode.d3.loss_dice: 0.4711  decode.d4.loss_cls: 0.0728  decode.d4.loss_mask: 0.6164  decode.d4.loss_dice: 0.4870  decode.d5.loss_cls: 0.0685  decode.d5.loss_mask: 0.6114  decode.d5.loss_dice: 0.4859  decode.d6.loss_cls: 0.0579  decode.d6.loss_mask: 0.6159  decode.d6.loss_dice: 0.4850  decode.d7.loss_cls: 0.0569  decode.d7.loss_mask: 0.6289  decode.d7.loss_dice: 0.4950  decode.d8.loss_cls: 0.0657  decode.d8.loss_mask: 0.6390  decode.d8.loss_dice: 0.4768
2026/07/24 01:57:18 - mmengine - INFO - Iter(train) [30400/40000]  base_lr: 1.4847e-05 lr: 1.4847e-05  eta: 1:48:49  time: 0.6514  data_time: 0.0195  memory: 8424  grad_norm: 49.7803  loss: 8.5440  decode.loss_cls: 0.0056  decode.loss_mask: 0.4444  decode.loss_dice: 0.3838  decode.d0.loss_cls: 0.0952  decode.d0.loss_mask: 0.4528  decode.d0.loss_dice: 0.4151  decode.d1.loss_cls: 0.0322  decode.d1.loss_mask: 0.4441  decode.d1.loss_dice: 0.3967  decode.d2.loss_cls: 0.0179  decode.d2.loss_mask: 0.4440  decode.d2.loss_dice: 0.3973  decode.d3.loss_cls: 0.0063  decode.d3.loss_mask: 0.4454  decode.d3.loss_dice: 0.3973  decode.d4.loss_cls: 0.0109  decode.d4.loss_mask: 0.4450  decode.d4.loss_dice: 0.3813  decode.d5.loss_cls: 0.0036  decode.d5.loss_mask: 0.4444  decode.d5.loss_dice: 0.3861  decode.d6.loss_cls: 0.0026  decode.d6.loss_mask: 0.4420  decode.d6.loss_dice: 0.3861  decode.d7.loss_cls: 0.0045  decode.d7.loss_mask: 0.4437  decode.d7.loss_dice: 0.3907  decode.d8.loss_cls: 0.0061  decode.d8.loss_mask: 0.4441  decode.d8.loss_dice: 0.3750
2026/07/24 01:58:23 - mmengine - INFO - Iter(train) [30500/40000]  base_lr: 1.4708e-05 lr: 1.4708e-05  eta: 1:47:40  time: 0.6425  data_time: 0.0197  memory: 8434  grad_norm: 50.7678  loss: 10.0113  decode.loss_cls: 0.0003  decode.loss_mask: 0.5622  decode.loss_dice: 0.4262  decode.d0.loss_cls: 0.0757  decode.d0.loss_mask: 0.6035  decode.d0.loss_dice: 0.4334  decode.d1.loss_cls: 0.0156  decode.d1.loss_mask: 0.5645  decode.d1.loss_dice: 0.4297  decode.d2.loss_cls: 0.0017  decode.d2.loss_mask: 0.5583  decode.d2.loss_dice: 0.4294  decode.d3.loss_cls: 0.0005  decode.d3.loss_mask: 0.5562  decode.d3.loss_dice: 0.4291  decode.d4.loss_cls: 0.0004  decode.d4.loss_mask: 0.5593  decode.d4.loss_dice: 0.4278  decode.d5.loss_cls: 0.0005  decode.d5.loss_mask: 0.5585  decode.d5.loss_dice: 0.4233  decode.d6.loss_cls: 0.0006  decode.d6.loss_mask: 0.5561  decode.d6.loss_dice: 0.4261  decode.d7.loss_cls: 0.0004  decode.d7.loss_mask: 0.5596  decode.d7.loss_dice: 0.4259  decode.d8.loss_cls: 0.0005  decode.d8.loss_mask: 0.5602  decode.d8.loss_dice: 0.4260
2026/07/24 01:59:28 - mmengine - INFO - Iter(train) [30600/40000]  base_lr: 1.4568e-05 lr: 1.4568e-05  eta: 1:46:31  time: 0.6479  data_time: 0.0242  memory: 8434  grad_norm: 63.2505  loss: 10.2700  decode.loss_cls: 0.0087  decode.loss_mask: 0.5470  decode.loss_dice: 0.4453  decode.d0.loss_cls: 0.0794  decode.d0.loss_mask: 0.5905  decode.d0.loss_dice: 0.4829  decode.d1.loss_cls: 0.0193  decode.d1.loss_mask: 0.5619  decode.d1.loss_dice: 0.4610  decode.d2.loss_cls: 0.0096  decode.d2.loss_mask: 0.5531  decode.d2.loss_dice: 0.4478  decode.d3.loss_cls: 0.0014  decode.d3.loss_mask: 0.5512  decode.d3.loss_dice: 0.4660  decode.d4.loss_cls: 0.0012  decode.d4.loss_mask: 0.5486  decode.d4.loss_dice: 0.4659  decode.d5.loss_cls: 0.0014  decode.d5.loss_mask: 0.5480  decode.d5.loss_dice: 0.4631  decode.d6.loss_cls: 0.0102  decode.d6.loss_mask: 0.5465  decode.d6.loss_dice: 0.4475  decode.d7.loss_cls: 0.0013  decode.d7.loss_mask: 0.5442  decode.d7.loss_dice: 0.4687  decode.d8.loss_cls: 0.0106  decode.d8.loss_mask: 0.5444  decode.d8.loss_dice: 0.4433
2026/07/24 02:00:32 - mmengine - INFO - Iter(train) [30700/40000]  base_lr: 1.4429e-05 lr: 1.4429e-05  eta: 1:45:22  time: 0.6379  data_time: 0.0168  memory: 8424  grad_norm: 49.3533  loss: 7.3431  decode.loss_cls: 0.0016  decode.loss_mask: 0.3752  decode.loss_dice: 0.3450  decode.d0.loss_cls: 0.1153  decode.d0.loss_mask: 0.3907  decode.d0.loss_dice: 0.3554  decode.d1.loss_cls: 0.0175  decode.d1.loss_mask: 0.3777  decode.d1.loss_dice: 0.3527  decode.d2.loss_cls: 0.0052  decode.d2.loss_mask: 0.3753  decode.d2.loss_dice: 0.3481  decode.d3.loss_cls: 0.0029  decode.d3.loss_mask: 0.3736  decode.d3.loss_dice: 0.3427  decode.d4.loss_cls: 0.0014  decode.d4.loss_mask: 0.3758  decode.d4.loss_dice: 0.3397  decode.d5.loss_cls: 0.0011  decode.d5.loss_mask: 0.3729  decode.d5.loss_dice: 0.3356  decode.d6.loss_cls: 0.0012  decode.d6.loss_mask: 0.3717  decode.d6.loss_dice: 0.3325  decode.d7.loss_cls: 0.0007  decode.d7.loss_mask: 0.3729  decode.d7.loss_dice: 0.3451  decode.d8.loss_cls: 0.0006  decode.d8.loss_mask: 0.3744  decode.d8.loss_dice: 0.3386
2026/07/24 02:01:39 - mmengine - INFO - Iter(train) [30800/40000]  base_lr: 1.4289e-05 lr: 1.4289e-05  eta: 1:44:13  time: 0.6521  data_time: 0.0196  memory: 8434  grad_norm: 99.1671  loss: 14.8641  decode.loss_cls: 0.0250  decode.loss_mask: 0.8014  decode.loss_dice: 0.5748  decode.d0.loss_cls: 0.1649  decode.d0.loss_mask: 1.0711  decode.d0.loss_dice: 0.7894  decode.d1.loss_cls: 0.0811  decode.d1.loss_mask: 0.8697  decode.d1.loss_dice: 0.6013  decode.d2.loss_cls: 0.0473  decode.d2.loss_mask: 0.8334  decode.d2.loss_dice: 0.5870  decode.d3.loss_cls: 0.0358  decode.d3.loss_mask: 0.8119  decode.d3.loss_dice: 0.5710  decode.d4.loss_cls: 0.0264  decode.d4.loss_mask: 0.8079  decode.d4.loss_dice: 0.5700  decode.d5.loss_cls: 0.0249  decode.d5.loss_mask: 0.8022  decode.d5.loss_dice: 0.5737  decode.d6.loss_cls: 0.0283  decode.d6.loss_mask: 0.8035  decode.d6.loss_dice: 0.5707  decode.d7.loss_cls: 0.0250  decode.d7.loss_mask: 0.7998  decode.d7.loss_dice: 0.5724  decode.d8.loss_cls: 0.0250  decode.d8.loss_mask: 0.7967  decode.d8.loss_dice: 0.5725
2026/07/24 02:02:44 - mmengine - INFO - Iter(train) [30900/40000]  base_lr: 1.4149e-05 lr: 1.4149e-05  eta: 1:43:05  time: 0.6397  data_time: 0.0179  memory: 8434  grad_norm: 38.3587  loss: 5.1311  decode.loss_cls: 0.0048  decode.loss_mask: 0.2496  decode.loss_dice: 0.2029  decode.d0.loss_cls: 0.3034  decode.d0.loss_mask: 0.2685  decode.d0.loss_dice: 0.2829  decode.d1.loss_cls: 0.0386  decode.d1.loss_mask: 0.2520  decode.d1.loss_dice: 0.2236  decode.d2.loss_cls: 0.0284  decode.d2.loss_mask: 0.2509  decode.d2.loss_dice: 0.2111  decode.d3.loss_cls: 0.0110  decode.d3.loss_mask: 0.2513  decode.d3.loss_dice: 0.2036  decode.d4.loss_cls: 0.0081  decode.d4.loss_mask: 0.2483  decode.d4.loss_dice: 0.2154  decode.d5.loss_cls: 0.0139  decode.d5.loss_mask: 0.2471  decode.d5.loss_dice: 0.2025  decode.d6.loss_cls: 0.0055  decode.d6.loss_mask: 0.2483  decode.d6.loss_dice: 0.2041  decode.d7.loss_cls: 0.0048  decode.d7.loss_mask: 0.2487  decode.d7.loss_dice: 0.2247  decode.d8.loss_cls: 0.0045  decode.d8.loss_mask: 0.2496  decode.d8.loss_dice: 0.2231
2026/07/24 02:03:49 - mmengine - INFO - Exp name: fusion_vits_m2f_nocont_23999_20260723_192916
2026/07/24 02:03:49 - mmengine - INFO - Iter(train) [31000/40000]  base_lr: 1.4009e-05 lr: 1.4009e-05  eta: 1:41:56  time: 0.6499  data_time: 0.0187  memory: 8434  grad_norm: 56.7690  loss: 9.4419  decode.loss_cls: 0.0162  decode.loss_mask: 0.5109  decode.loss_dice: 0.3958  decode.d0.loss_cls: 0.1065  decode.d0.loss_mask: 0.5481  decode.d0.loss_dice: 0.4310  decode.d1.loss_cls: 0.0186  decode.d1.loss_mask: 0.5137  decode.d1.loss_dice: 0.4131  decode.d2.loss_cls: 0.0242  decode.d2.loss_mask: 0.5091  decode.d2.loss_dice: 0.4033  decode.d3.loss_cls: 0.0185  decode.d3.loss_mask: 0.5117  decode.d3.loss_dice: 0.4010  decode.d4.loss_cls: 0.0112  decode.d4.loss_mask: 0.5114  decode.d4.loss_dice: 0.3995  decode.d5.loss_cls: 0.0159  decode.d5.loss_mask: 0.5094  decode.d5.loss_dice: 0.3936  decode.d6.loss_cls: 0.0132  decode.d6.loss_mask: 0.5103  decode.d6.loss_dice: 0.3951  decode.d7.loss_cls: 0.0114  decode.d7.loss_mask: 0.5132  decode.d7.loss_dice: 0.3996  decode.d8.loss_cls: 0.0111  decode.d8.loss_mask: 0.5139  decode.d8.loss_dice: 0.4112
2026/07/24 02:04:54 - mmengine - INFO - Iter(train) [31100/40000]  base_lr: 1.3869e-05 lr: 1.3869e-05  eta: 1:40:47  time: 0.6129  data_time: 0.0155  memory: 8434  grad_norm: 49.9858  loss: 9.0290  decode.loss_cls: 0.0017  decode.loss_mask: 0.4771  decode.loss_dice: 0.3985  decode.d0.loss_cls: 0.1260  decode.d0.loss_mask: 0.4932  decode.d0.loss_dice: 0.4178  decode.d1.loss_cls: 0.0179  decode.d1.loss_mask: 0.4877  decode.d1.loss_dice: 0.4088  decode.d2.loss_cls: 0.0046  decode.d2.loss_mask: 0.4849  decode.d2.loss_dice: 0.4098  decode.d3.loss_cls: 0.0014  decode.d3.loss_mask: 0.4850  decode.d3.loss_dice: 0.4016  decode.d4.loss_cls: 0.0011  decode.d4.loss_mask: 0.4853  decode.d4.loss_dice: 0.3990  decode.d5.loss_cls: 0.0010  decode.d5.loss_mask: 0.4815  decode.d5.loss_dice: 0.4004  decode.d6.loss_cls: 0.0012  decode.d6.loss_mask: 0.4767  decode.d6.loss_dice: 0.3975  decode.d7.loss_cls: 0.0015  decode.d7.loss_mask: 0.4826  decode.d7.loss_dice: 0.4002  decode.d8.loss_cls: 0.0018  decode.d8.loss_mask: 0.4818  decode.d8.loss_dice: 0.4012
2026/07/24 02:06:01 - mmengine - INFO - Iter(train) [31200/40000]  base_lr: 1.3729e-05 lr: 1.3729e-05  eta: 1:39:39  time: 0.6415  data_time: 0.0187  memory: 8424  grad_norm: 95.9998  loss: 10.2510  decode.loss_cls: 0.0048  decode.loss_mask: 0.5869  decode.loss_dice: 0.4155  decode.d0.loss_cls: 0.1562  decode.d0.loss_mask: 0.5924  decode.d0.loss_dice: 0.4522  decode.d1.loss_cls: 0.0263  decode.d1.loss_mask: 0.5667  decode.d1.loss_dice: 0.4213  decode.d2.loss_cls: 0.0039  decode.d2.loss_mask: 0.5775  decode.d2.loss_dice: 0.4235  decode.d3.loss_cls: 0.0035  decode.d3.loss_mask: 0.5726  decode.d3.loss_dice: 0.4151  decode.d4.loss_cls: 0.0031  decode.d4.loss_mask: 0.5809  decode.d4.loss_dice: 0.4259  decode.d5.loss_cls: 0.0031  decode.d5.loss_mask: 0.5872  decode.d5.loss_dice: 0.4177  decode.d6.loss_cls: 0.0035  decode.d6.loss_mask: 0.5867  decode.d6.loss_dice: 0.4171  decode.d7.loss_cls: 0.0050  decode.d7.loss_mask: 0.5798  decode.d7.loss_dice: 0.4161  decode.d8.loss_cls: 0.0049  decode.d8.loss_mask: 0.5830  decode.d8.loss_dice: 0.4185
2026/07/24 02:07:05 - mmengine - INFO - Iter(train) [31300/40000]  base_lr: 1.3588e-05 lr: 1.3588e-05  eta: 1:38:30  time: 0.6242  data_time: 0.0172  memory: 8424  grad_norm: 54.6857  loss: 9.0705  decode.loss_cls: 0.0008  decode.loss_mask: 0.4787  decode.loss_dice: 0.4104  decode.d0.loss_cls: 0.0763  decode.d0.loss_mask: 0.5169  decode.d0.loss_dice: 0.4520  decode.d1.loss_cls: 0.0182  decode.d1.loss_mask: 0.4824  decode.d1.loss_dice: 0.3994  decode.d2.loss_cls: 0.0165  decode.d2.loss_mask: 0.4765  decode.d2.loss_dice: 0.4051  decode.d3.loss_cls: 0.0056  decode.d3.loss_mask: 0.4804  decode.d3.loss_dice: 0.3921  decode.d4.loss_cls: 0.0015  decode.d4.loss_mask: 0.4784  decode.d4.loss_dice: 0.4207  decode.d5.loss_cls: 0.0012  decode.d5.loss_mask: 0.4799  decode.d5.loss_dice: 0.4114  decode.d6.loss_cls: 0.0009  decode.d6.loss_mask: 0.4801  decode.d6.loss_dice: 0.4061  decode.d7.loss_cls: 0.0007  decode.d7.loss_mask: 0.4779  decode.d7.loss_dice: 0.4097  decode.d8.loss_cls: 0.0006  decode.d8.loss_mask: 0.4792  decode.d8.loss_dice: 0.4106
2026/07/24 02:08:09 - mmengine - INFO - Iter(train) [31400/40000]  base_lr: 1.3448e-05 lr: 1.3448e-05  eta: 1:37:21  time: 0.6560  data_time: 0.0158  memory: 8434  grad_norm: 36.7039  loss: 6.7058  decode.loss_cls: 0.0007  decode.loss_mask: 0.3498  decode.loss_dice: 0.3061  decode.d0.loss_cls: 0.0905  decode.d0.loss_mask: 0.3604  decode.d0.loss_dice: 0.3201  decode.d1.loss_cls: 0.0078  decode.d1.loss_mask: 0.3525  decode.d1.loss_dice: 0.3089  decode.d2.loss_cls: 0.0033  decode.d2.loss_mask: 0.3500  decode.d2.loss_dice: 0.3061  decode.d3.loss_cls: 0.0024  decode.d3.loss_mask: 0.3492  decode.d3.loss_dice: 0.3071  decode.d4.loss_cls: 0.0015  decode.d4.loss_mask: 0.3501  decode.d4.loss_dice: 0.3075  decode.d5.loss_cls: 0.0014  decode.d5.loss_mask: 0.3511  decode.d5.loss_dice: 0.3095  decode.d6.loss_cls: 0.0009  decode.d6.loss_mask: 0.3519  decode.d6.loss_dice: 0.3048  decode.d7.loss_cls: 0.0008  decode.d7.loss_mask: 0.3505  decode.d7.loss_dice: 0.3058  decode.d8.loss_cls: 0.0006  decode.d8.loss_mask: 0.3496  decode.d8.loss_dice: 0.3048
2026/07/24 02:09:12 - mmengine - INFO - Iter(train) [31500/40000]  base_lr: 1.3307e-05 lr: 1.3307e-05  eta: 1:36:11  time: 0.6331  data_time: 0.0156  memory: 8434  grad_norm: 61.8026  loss: 9.6207  decode.loss_cls: 0.0009  decode.loss_mask: 0.4921  decode.loss_dice: 0.4449  decode.d0.loss_cls: 0.0847  decode.d0.loss_mask: 0.5261  decode.d0.loss_dice: 0.4854  decode.d1.loss_cls: 0.0160  decode.d1.loss_mask: 0.4984  decode.d1.loss_dice: 0.4557  decode.d2.loss_cls: 0.0083  decode.d2.loss_mask: 0.4964  decode.d2.loss_dice: 0.4422  decode.d3.loss_cls: 0.0018  decode.d3.loss_mask: 0.4971  decode.d3.loss_dice: 0.4400  decode.d4.loss_cls: 0.0017  decode.d4.loss_mask: 0.4961  decode.d4.loss_dice: 0.4444  decode.d5.loss_cls: 0.0013  decode.d5.loss_mask: 0.4990  decode.d5.loss_dice: 0.4543  decode.d6.loss_cls: 0.0009  decode.d6.loss_mask: 0.4940  decode.d6.loss_dice: 0.4531  decode.d7.loss_cls: 0.0010  decode.d7.loss_mask: 0.4928  decode.d7.loss_dice: 0.4493  decode.d8.loss_cls: 0.0010  decode.d8.loss_mask: 0.4930  decode.d8.loss_dice: 0.4488
2026/07/24 02:10:15 - mmengine - INFO - Iter(train) [31600/40000]  base_lr: 1.3166e-05 lr: 1.3166e-05  eta: 1:35:02  time: 0.6295  data_time: 0.0170  memory: 8424  grad_norm: 50.6578  loss: 7.8891  decode.loss_cls: 0.0004  decode.loss_mask: 0.4282  decode.loss_dice: 0.3444  decode.d0.loss_cls: 0.0910  decode.d0.loss_mask: 0.4558  decode.d0.loss_dice: 0.3678  decode.d1.loss_cls: 0.0187  decode.d1.loss_mask: 0.4316  decode.d1.loss_dice: 0.3447  decode.d2.loss_cls: 0.0019  decode.d2.loss_mask: 0.4308  decode.d2.loss_dice: 0.3529  decode.d3.loss_cls: 0.0009  decode.d3.loss_mask: 0.4257  decode.d3.loss_dice: 0.3383  decode.d4.loss_cls: 0.0007  decode.d4.loss_mask: 0.4268  decode.d4.loss_dice: 0.3438  decode.d5.loss_cls: 0.0008  decode.d5.loss_mask: 0.4290  decode.d5.loss_dice: 0.3452  decode.d6.loss_cls: 0.0007  decode.d6.loss_mask: 0.4254  decode.d6.loss_dice: 0.3458  decode.d7.loss_cls: 0.0006  decode.d7.loss_mask: 0.4267  decode.d7.loss_dice: 0.3433  decode.d8.loss_cls: 0.0005  decode.d8.loss_mask: 0.4256  decode.d8.loss_dice: 0.3413
2026/07/24 02:11:20 - mmengine - INFO - Iter(train) [31700/40000]  base_lr: 1.3025e-05 lr: 1.3025e-05  eta: 1:33:54  time: 0.6504  data_time: 0.0164  memory: 8434  grad_norm: 68.2727  loss: 9.8104  decode.loss_cls: 0.0176  decode.loss_mask: 0.5016  decode.loss_dice: 0.4015  decode.d0.loss_cls: 0.0988  decode.d0.loss_mask: 0.6985  decode.d0.loss_dice: 0.5947  decode.d1.loss_cls: 0.0521  decode.d1.loss_mask: 0.5163  decode.d1.loss_dice: 0.4197  decode.d2.loss_cls: 0.0281  decode.d2.loss_mask: 0.5018  decode.d2.loss_dice: 0.4191  decode.d3.loss_cls: 0.0212  decode.d3.loss_mask: 0.5033  decode.d3.loss_dice: 0.4215  decode.d4.loss_cls: 0.0194  decode.d4.loss_mask: 0.5005  decode.d4.loss_dice: 0.3967  decode.d5.loss_cls: 0.0183  decode.d5.loss_mask: 0.4978  decode.d5.loss_dice: 0.3975  decode.d6.loss_cls: 0.0170  decode.d6.loss_mask: 0.5008  decode.d6.loss_dice: 0.4111  decode.d7.loss_cls: 0.0187  decode.d7.loss_mask: 0.5003  decode.d7.loss_dice: 0.3961  decode.d8.loss_cls: 0.0193  decode.d8.loss_mask: 0.5020  decode.d8.loss_dice: 0.4190
2026/07/24 02:12:23 - mmengine - INFO - Iter(train) [31800/40000]  base_lr: 1.2883e-05 lr: 1.2883e-05  eta: 1:32:44  time: 0.6275  data_time: 0.0165  memory: 8434  grad_norm: 53.0672  loss: 9.3177  decode.loss_cls: 0.0028  decode.loss_mask: 0.4805  decode.loss_dice: 0.4271  decode.d0.loss_cls: 0.0949  decode.d0.loss_mask: 0.5197  decode.d0.loss_dice: 0.4583  decode.d1.loss_cls: 0.0302  decode.d1.loss_mask: 0.4823  decode.d1.loss_dice: 0.4344  decode.d2.loss_cls: 0.0320  decode.d2.loss_mask: 0.4825  decode.d2.loss_dice: 0.4284  decode.d3.loss_cls: 0.0031  decode.d3.loss_mask: 0.4826  decode.d3.loss_dice: 0.4212  decode.d4.loss_cls: 0.0031  decode.d4.loss_mask: 0.4819  decode.d4.loss_dice: 0.4218  decode.d5.loss_cls: 0.0035  decode.d5.loss_mask: 0.4813  decode.d5.loss_dice: 0.4217  decode.d6.loss_cls: 0.0030  decode.d6.loss_mask: 0.4799  decode.d6.loss_dice: 0.4240  decode.d7.loss_cls: 0.0025  decode.d7.loss_mask: 0.4799  decode.d7.loss_dice: 0.4280  decode.d8.loss_cls: 0.0021  decode.d8.loss_mask: 0.4812  decode.d8.loss_dice: 0.4239
2026/07/24 02:13:26 - mmengine - INFO - Iter(train) [31900/40000]  base_lr: 1.2742e-05 lr: 1.2742e-05  eta: 1:31:35  time: 0.6328  data_time: 0.0157  memory: 8434  grad_norm: 58.2739  loss: 9.8816  decode.loss_cls: 0.0007  decode.loss_mask: 0.5383  decode.loss_dice: 0.4294  decode.d0.loss_cls: 0.0619  decode.d0.loss_mask: 0.5818  decode.d0.loss_dice: 0.4626  decode.d1.loss_cls: 0.0166  decode.d1.loss_mask: 0.5451  decode.d1.loss_dice: 0.4405  decode.d2.loss_cls: 0.0157  decode.d2.loss_mask: 0.5391  decode.d2.loss_dice: 0.4353  decode.d3.loss_cls: 0.0009  decode.d3.loss_mask: 0.5379  decode.d3.loss_dice: 0.4299  decode.d4.loss_cls: 0.0009  decode.d4.loss_mask: 0.5373  decode.d4.loss_dice: 0.4356  decode.d5.loss_cls: 0.0010  decode.d5.loss_mask: 0.5377  decode.d5.loss_dice: 0.4356  decode.d6.loss_cls: 0.0006  decode.d6.loss_mask: 0.5363  decode.d6.loss_dice: 0.4297  decode.d7.loss_cls: 0.0007  decode.d7.loss_mask: 0.5354  decode.d7.loss_dice: 0.4279  decode.d8.loss_cls: 0.0007  decode.d8.loss_mask: 0.5352  decode.d8.loss_dice: 0.4315
2026/07/24 02:14:33 - mmengine - INFO - Exp name: fusion_vits_m2f_nocont_23999_20260723_192916
2026/07/24 02:14:33 - mmengine - INFO - Iter(train) [32000/40000]  base_lr: 1.2600e-05 lr: 1.2600e-05  eta: 1:30:27  time: 0.6336  data_time: 0.0170  memory: 8434  grad_norm: 68.7735  loss: 10.0532  decode.loss_cls: 0.0078  decode.loss_mask: 0.5056  decode.loss_dice: 0.4458  decode.d0.loss_cls: 0.1556  decode.d0.loss_mask: 0.5783  decode.d0.loss_dice: 0.5173  decode.d1.loss_cls: 0.0382  decode.d1.loss_mask: 0.5220  decode.d1.loss_dice: 0.4599  decode.d2.loss_cls: 0.0231  decode.d2.loss_mask: 0.5155  decode.d2.loss_dice: 0.4600  decode.d3.loss_cls: 0.0169  decode.d3.loss_mask: 0.5113  decode.d3.loss_dice: 0.4555  decode.d4.loss_cls: 0.0192  decode.d4.loss_mask: 0.5022  decode.d4.loss_dice: 0.4670  decode.d5.loss_cls: 0.0172  decode.d5.loss_mask: 0.4994  decode.d5.loss_dice: 0.4409  decode.d6.loss_cls: 0.0090  decode.d6.loss_mask: 0.5036  decode.d6.loss_dice: 0.4478  decode.d7.loss_cls: 0.0076  decode.d7.loss_mask: 0.5048  decode.d7.loss_dice: 0.4505  decode.d8.loss_cls: 0.0069  decode.d8.loss_mask: 0.5070  decode.d8.loss_dice: 0.4576
2026/07/24 02:14:33 - mmengine - INFO - Saving checkpoint at 32000 iterations
2026/07/24 02:15:18 - mmengine - INFO - Iter(val) [100/504]    eta: 0:01:29  time: 0.2067  data_time: 0.0080  memory: 3245  
2026/07/24 02:15:38 - mmengine - INFO - Iter(val) [200/504]    eta: 0:01:05  time: 0.2044  data_time: 0.0078  memory: 3245  
2026/07/24 02:15:59 - mmengine - INFO - Iter(val) [300/504]    eta: 0:00:43  time: 0.2059  data_time: 0.0082  memory: 3245  
2026/07/24 02:16:20 - mmengine - INFO - Iter(val) [400/504]    eta: 0:00:21  time: 0.2043  data_time: 0.0074  memory: 3245  
2026/07/24 02:16:41 - mmengine - INFO - Iter(val) [500/504]    eta: 0:00:00  time: 0.2051  data_time: 0.0080  memory: 3245  
2026/07/24 02:16:45 - mmengine - INFO - per class results:
2026/07/24 02:16:45 - mmengine - INFO - 
+--------------------+-------+-------+--------+-----------+--------+
|       Class        |  IoU  |  Acc  | Fscore | Precision | Recall |
+--------------------+-------+-------+--------+-----------+--------+
| impervious_surface | 85.99 | 90.63 | 92.47  |   94.38   | 90.63  |
|      building      | 95.54 |  97.1 | 97.72  |   98.34   |  97.1  |
|   low_vegetation   | 77.12 | 94.77 | 87.08  |   80.55   | 94.77  |
|        tree        | 77.63 | 81.42 | 87.41  |   94.35   | 81.42  |
|        car         | 92.72 | 95.36 | 96.22  |    97.1   | 95.36  |
+--------------------+-------+-------+--------+-----------+--------+
2026/07/24 02:16:45 - mmengine - INFO - Iter(val) [504/504]    aAcc: 91.2100  mIoU: 85.8000  mAcc: 91.8600  mFscore: 92.1800  mPrecision: 92.9400  mRecall: 91.8600  data_time: 0.0120  time: 0.2106
2026/07/24 02:17:50 - mmengine - INFO - Iter(train) [32100/40000]  base_lr: 1.2458e-05 lr: 1.2458e-05  eta: 1:29:19  time: 0.6291  data_time: 0.0178  memory: 8424  grad_norm: 51.7399  loss: 9.2276  decode.loss_cls: 0.0003  decode.loss_mask: 0.5299  decode.loss_dice: 0.3904  decode.d0.loss_cls: 0.0743  decode.d0.loss_mask: 0.5474  decode.d0.loss_dice: 0.3830  decode.d1.loss_cls: 0.0182  decode.d1.loss_mask: 0.5220  decode.d1.loss_dice: 0.3827  decode.d2.loss_cls: 0.0016  decode.d2.loss_mask: 0.5257  decode.d2.loss_dice: 0.3819  decode.d3.loss_cls: 0.0007  decode.d3.loss_mask: 0.5278  decode.d3.loss_dice: 0.3807  decode.d4.loss_cls: 0.0005  decode.d4.loss_mask: 0.5259  decode.d4.loss_dice: 0.3849  decode.d5.loss_cls: 0.0006  decode.d5.loss_mask: 0.5259  decode.d5.loss_dice: 0.3863  decode.d6.loss_cls: 0.0005  decode.d6.loss_mask: 0.5262  decode.d6.loss_dice: 0.3857  decode.d7.loss_cls: 0.0003  decode.d7.loss_mask: 0.5244  decode.d7.loss_dice: 0.3849  decode.d8.loss_cls: 0.0004  decode.d8.loss_mask: 0.5261  decode.d8.loss_dice: 0.3883
2026/07/24 02:18:53 - mmengine - INFO - Iter(train) [32200/40000]  base_lr: 1.2316e-05 lr: 1.2316e-05  eta: 1:28:11  time: 0.6546  data_time: 0.0189  memory: 8434  grad_norm: 60.6604  loss: 10.8531  decode.loss_cls: 0.0005  decode.loss_mask: 0.5996  decode.loss_dice: 0.4511  decode.d0.loss_cls: 0.0922  decode.d0.loss_mask: 0.6824  decode.d0.loss_dice: 0.4998  decode.d1.loss_cls: 0.0211  decode.d1.loss_mask: 0.6156  decode.d1.loss_dice: 0.4595  decode.d2.loss_cls: 0.0183  decode.d2.loss_mask: 0.6091  decode.d2.loss_dice: 0.4692  decode.d3.loss_cls: 0.0029  decode.d3.loss_mask: 0.6026  decode.d3.loss_dice: 0.4583  decode.d4.loss_cls: 0.0020  decode.d4.loss_mask: 0.6000  decode.d4.loss_dice: 0.4519  decode.d5.loss_cls: 0.0014  decode.d5.loss_mask: 0.5993  decode.d5.loss_dice: 0.4528  decode.d6.loss_cls: 0.0007  decode.d6.loss_mask: 0.5994  decode.d6.loss_dice: 0.4523  decode.d7.loss_cls: 0.0008  decode.d7.loss_mask: 0.5993  decode.d7.loss_dice: 0.4564  decode.d8.loss_cls: 0.0008  decode.d8.loss_mask: 0.5977  decode.d8.loss_dice: 0.4559
2026/07/24 02:19:58 - mmengine - INFO - Iter(train) [32300/40000]  base_lr: 1.2174e-05 lr: 1.2174e-05  eta: 1:27:02  time: 0.6212  data_time: 0.0167  memory: 8434  grad_norm: 63.3844  loss: 9.3825  decode.loss_cls: 0.0028  decode.loss_mask: 0.5040  decode.loss_dice: 0.3940  decode.d0.loss_cls: 0.0945  decode.d0.loss_mask: 0.5246  decode.d0.loss_dice: 0.4744  decode.d1.loss_cls: 0.0217  decode.d1.loss_mask: 0.5030  decode.d1.loss_dice: 0.4146  decode.d2.loss_cls: 0.0080  decode.d2.loss_mask: 0.5035  decode.d2.loss_dice: 0.4151  decode.d3.loss_cls: 0.0068  decode.d3.loss_mask: 0.5036  decode.d3.loss_dice: 0.4140  decode.d4.loss_cls: 0.0089  decode.d4.loss_mask: 0.5071  decode.d4.loss_dice: 0.4012  decode.d5.loss_cls: 0.0033  decode.d5.loss_mask: 0.5015  decode.d5.loss_dice: 0.4088  decode.d6.loss_cls: 0.0029  decode.d6.loss_mask: 0.5046  decode.d6.loss_dice: 0.4156  decode.d7.loss_cls: 0.0020  decode.d7.loss_mask: 0.5033  decode.d7.loss_dice: 0.4143  decode.d8.loss_cls: 0.0023  decode.d8.loss_mask: 0.5043  decode.d8.loss_dice: 0.4180
2026/07/24 02:21:02 - mmengine - INFO - Iter(train) [32400/40000]  base_lr: 1.2032e-05 lr: 1.2032e-05  eta: 1:25:53  time: 0.6418  data_time: 0.0167  memory: 8434  grad_norm: 47.3608  loss: 7.9308  decode.loss_cls: 0.0003  decode.loss_mask: 0.4198  decode.loss_dice: 0.3577  decode.d0.loss_cls: 0.1267  decode.d0.loss_mask: 0.4581  decode.d0.loss_dice: 0.3692  decode.d1.loss_cls: 0.0210  decode.d1.loss_mask: 0.4245  decode.d1.loss_dice: 0.3513  decode.d2.loss_cls: 0.0080  decode.d2.loss_mask: 0.4179  decode.d2.loss_dice: 0.3474  decode.d3.loss_cls: 0.0010  decode.d3.loss_mask: 0.4148  decode.d3.loss_dice: 0.3542  decode.d4.loss_cls: 0.0009  decode.d4.loss_mask: 0.4120  decode.d4.loss_dice: 0.3484  decode.d5.loss_cls: 0.0006  decode.d5.loss_mask: 0.4192  decode.d5.loss_dice: 0.3536  decode.d6.loss_cls: 0.0004  decode.d6.loss_mask: 0.4181  decode.d6.loss_dice: 0.3579  decode.d7.loss_cls: 0.0003  decode.d7.loss_mask: 0.4166  decode.d7.loss_dice: 0.3586  decode.d8.loss_cls: 0.0002  decode.d8.loss_mask: 0.4182  decode.d8.loss_dice: 0.3537
2026/07/24 02:22:06 - mmengine - INFO - Iter(train) [32500/40000]  base_lr: 1.1889e-05 lr: 1.1889e-05  eta: 1:24:45  time: 0.6725  data_time: 0.0309  memory: 8434  grad_norm: 37.4534  loss: 7.5283  decode.loss_cls: 0.0029  decode.loss_mask: 0.3692  decode.loss_dice: 0.3507  decode.d0.loss_cls: 0.0892  decode.d0.loss_mask: 0.3929  decode.d0.loss_dice: 0.3863  decode.d1.loss_cls: 0.0208  decode.d1.loss_mask: 0.3672  decode.d1.loss_dice: 0.3775  decode.d2.loss_cls: 0.0061  decode.d2.loss_mask: 0.3718  decode.d2.loss_dice: 0.3682  decode.d3.loss_cls: 0.0052  decode.d3.loss_mask: 0.3666  decode.d3.loss_dice: 0.3692  decode.d4.loss_cls: 0.0068  decode.d4.loss_mask: 0.3675  decode.d4.loss_dice: 0.3620  decode.d5.loss_cls: 0.0039  decode.d5.loss_mask: 0.3714  decode.d5.loss_dice: 0.3656  decode.d6.loss_cls: 0.0035  decode.d6.loss_mask: 0.3678  decode.d6.loss_dice: 0.3535  decode.d7.loss_cls: 0.0108  decode.d7.loss_mask: 0.3716  decode.d7.loss_dice: 0.3689  decode.d8.loss_cls: 0.0025  decode.d8.loss_mask: 0.3700  decode.d8.loss_dice: 0.3586
2026/07/24 02:23:10 - mmengine - INFO - Iter(train) [32600/40000]  base_lr: 1.1746e-05 lr: 1.1746e-05  eta: 1:23:36  time: 0.6488  data_time: 0.0176  memory: 8434  grad_norm: 52.1609  loss: 9.6074  decode.loss_cls: 0.0013  decode.loss_mask: 0.5151  decode.loss_dice: 0.4269  decode.d0.loss_cls: 0.0951  decode.d0.loss_mask: 0.5348  decode.d0.loss_dice: 0.4656  decode.d1.loss_cls: 0.0264  decode.d1.loss_mask: 0.5150  decode.d1.loss_dice: 0.4368  decode.d2.loss_cls: 0.0090  decode.d2.loss_mask: 0.5144  decode.d2.loss_dice: 0.4348  decode.d3.loss_cls: 0.0024  decode.d3.loss_mask: 0.5130  decode.d3.loss_dice: 0.4224  decode.d4.loss_cls: 0.0013  decode.d4.loss_mask: 0.5086  decode.d4.loss_dice: 0.4239  decode.d5.loss_cls: 0.0013  decode.d5.loss_mask: 0.5123  decode.d5.loss_dice: 0.4215  decode.d6.loss_cls: 0.0015  decode.d6.loss_mask: 0.5151  decode.d6.loss_dice: 0.4227  decode.d7.loss_cls: 0.0021  decode.d7.loss_mask: 0.5191  decode.d7.loss_dice: 0.4243  decode.d8.loss_cls: 0.0016  decode.d8.loss_mask: 0.5131  decode.d8.loss_dice: 0.4258
2026/07/24 02:24:14 - mmengine - INFO - Iter(train) [32700/40000]  base_lr: 1.1604e-05 lr: 1.1604e-05  eta: 1:22:27  time: 0.6338  data_time: 0.0169  memory: 8434  grad_norm: 55.4530  loss: 9.2838  decode.loss_cls: 0.0010  decode.loss_mask: 0.4835  decode.loss_dice: 0.4073  decode.d0.loss_cls: 0.1477  decode.d0.loss_mask: 0.5503  decode.d0.loss_dice: 0.4357  decode.d1.loss_cls: 0.0270  decode.d1.loss_mask: 0.5025  decode.d1.loss_dice: 0.4165  decode.d2.loss_cls: 0.0059  decode.d2.loss_mask: 0.4964  decode.d2.loss_dice: 0.4148  decode.d3.loss_cls: 0.0055  decode.d3.loss_mask: 0.4867  decode.d3.loss_dice: 0.4120  decode.d4.loss_cls: 0.0029  decode.d4.loss_mask: 0.4847  decode.d4.loss_dice: 0.4112  decode.d5.loss_cls: 0.0017  decode.d5.loss_mask: 0.4853  decode.d5.loss_dice: 0.4099  decode.d6.loss_cls: 0.0013  decode.d6.loss_mask: 0.4852  decode.d6.loss_dice: 0.4166  decode.d7.loss_cls: 0.0008  decode.d7.loss_mask: 0.4867  decode.d7.loss_dice: 0.4103  decode.d8.loss_cls: 0.0010  decode.d8.loss_mask: 0.4811  decode.d8.loss_dice: 0.4123
2026/07/24 02:25:17 - mmengine - INFO - Iter(train) [32800/40000]  base_lr: 1.1460e-05 lr: 1.1460e-05  eta: 1:21:18  time: 0.6308  data_time: 0.0173  memory: 8434  grad_norm: 48.8025  loss: 8.6264  decode.loss_cls: 0.0002  decode.loss_mask: 0.4713  decode.loss_dice: 0.3758  decode.d0.loss_cls: 0.0809  decode.d0.loss_mask: 0.4834  decode.d0.loss_dice: 0.3916  decode.d1.loss_cls: 0.0075  decode.d1.loss_mask: 0.4704  decode.d1.loss_dice: 0.3906  decode.d2.loss_cls: 0.0015  decode.d2.loss_mask: 0.4711  decode.d2.loss_dice: 0.3853  decode.d3.loss_cls: 0.0005  decode.d3.loss_mask: 0.4710  decode.d3.loss_dice: 0.3801  decode.d4.loss_cls: 0.0004  decode.d4.loss_mask: 0.4712  decode.d4.loss_dice: 0.3801  decode.d5.loss_cls: 0.0003  decode.d5.loss_mask: 0.4700  decode.d5.loss_dice: 0.3748  decode.d6.loss_cls: 0.0003  decode.d6.loss_mask: 0.4699  decode.d6.loss_dice: 0.3807  decode.d7.loss_cls: 0.0002  decode.d7.loss_mask: 0.4718  decode.d7.loss_dice: 0.3755  decode.d8.loss_cls: 0.0002  decode.d8.loss_mask: 0.4724  decode.d8.loss_dice: 0.3773
2026/07/24 02:26:23 - mmengine - INFO - Iter(train) [32900/40000]  base_lr: 1.1317e-05 lr: 1.1317e-05  eta: 1:20:10  time: 0.6132  data_time: 0.0158  memory: 8434  grad_norm: 127.0743  loss: 11.6056  decode.loss_cls: 0.0223  decode.loss_mask: 0.6300  decode.loss_dice: 0.4562  decode.d0.loss_cls: 0.1593  decode.d0.loss_mask: 0.7323  decode.d0.loss_dice: 0.5295  decode.d1.loss_cls: 0.0687  decode.d1.loss_mask: 0.6894  decode.d1.loss_dice: 0.4841  decode.d2.loss_cls: 0.0560  decode.d2.loss_mask: 0.6462  decode.d2.loss_dice: 0.4573  decode.d3.loss_cls: 0.0421  decode.d3.loss_mask: 0.6267  decode.d3.loss_dice: 0.4493  decode.d4.loss_cls: 0.0358  decode.d4.loss_mask: 0.6271  decode.d4.loss_dice: 0.4589  decode.d5.loss_cls: 0.0270  decode.d5.loss_mask: 0.6279  decode.d5.loss_dice: 0.4563  decode.d6.loss_cls: 0.0248  decode.d6.loss_mask: 0.6285  decode.d6.loss_dice: 0.4518  decode.d7.loss_cls: 0.0237  decode.d7.loss_mask: 0.6278  decode.d7.loss_dice: 0.4486  decode.d8.loss_cls: 0.0237  decode.d8.loss_mask: 0.6348  decode.d8.loss_dice: 0.4594
2026/07/24 02:27:25 - mmengine - INFO - Exp name: fusion_vits_m2f_nocont_23999_20260723_192916
2026/07/24 02:27:25 - mmengine - INFO - Iter(train) [33000/40000]  base_lr: 1.1173e-05 lr: 1.1173e-05  eta: 1:19:01  time: 0.6185  data_time: 0.0153  memory: 8424  grad_norm: 57.1947  loss: 8.9361  decode.loss_cls: 0.0070  decode.loss_mask: 0.4849  decode.loss_dice: 0.3917  decode.d0.loss_cls: 0.1007  decode.d0.loss_mask: 0.4863  decode.d0.loss_dice: 0.4153  decode.d1.loss_cls: 0.0145  decode.d1.loss_mask: 0.4842  decode.d1.loss_dice: 0.3926  decode.d2.loss_cls: 0.0117  decode.d2.loss_mask: 0.4779  decode.d2.loss_dice: 0.3894  decode.d3.loss_cls: 0.0214  decode.d3.loss_mask: 0.4791  decode.d3.loss_dice: 0.3914  decode.d4.loss_cls: 0.0068  decode.d4.loss_mask: 0.4808  decode.d4.loss_dice: 0.3897  decode.d5.loss_cls: 0.0054  decode.d5.loss_mask: 0.4800  decode.d5.loss_dice: 0.3987  decode.d6.loss_cls: 0.0036  decode.d6.loss_mask: 0.4854  decode.d6.loss_dice: 0.3941  decode.d7.loss_cls: 0.0027  decode.d7.loss_mask: 0.4829  decode.d7.loss_dice: 0.3900  decode.d8.loss_cls: 0.0022  decode.d8.loss_mask: 0.4841  decode.d8.loss_dice: 0.3816
2026/07/24 02:28:28 - mmengine - INFO - Iter(train) [33100/40000]  base_lr: 1.1030e-05 lr: 1.1030e-05  eta: 1:17:53  time: 0.6274  data_time: 0.0174  memory: 8434  grad_norm: 43.3758  loss: 8.5971  decode.loss_cls: 0.0018  decode.loss_mask: 0.4649  decode.loss_dice: 0.3785  decode.d0.loss_cls: 0.0727  decode.d0.loss_mask: 0.4847  decode.d0.loss_dice: 0.3930  decode.d1.loss_cls: 0.0121  decode.d1.loss_mask: 0.4695  decode.d1.loss_dice: 0.3837  decode.d2.loss_cls: 0.0081  decode.d2.loss_mask: 0.4686  decode.d2.loss_dice: 0.3832  decode.d3.loss_cls: 0.0015  decode.d3.loss_mask: 0.4665  decode.d3.loss_dice: 0.3797  decode.d4.loss_cls: 0.0014  decode.d4.loss_mask: 0.4661  decode.d4.loss_dice: 0.3795  decode.d5.loss_cls: 0.0015  decode.d5.loss_mask: 0.4655  decode.d5.loss_dice: 0.3782  decode.d6.loss_cls: 0.0022  decode.d6.loss_mask: 0.4640  decode.d6.loss_dice: 0.3790  decode.d7.loss_cls: 0.0019  decode.d7.loss_mask: 0.4672  decode.d7.loss_dice: 0.3783  decode.d8.loss_cls: 0.0016  decode.d8.loss_mask: 0.4644  decode.d8.loss_dice: 0.3780
2026/07/24 02:29:30 - mmengine - INFO - Iter(train) [33200/40000]  base_lr: 1.0886e-05 lr: 1.0886e-05  eta: 1:16:44  time: 0.6278  data_time: 0.0155  memory: 8434  grad_norm: 62.8795  loss: 10.8608  decode.loss_cls: 0.0030  decode.loss_mask: 0.5873  decode.loss_dice: 0.4815  decode.d0.loss_cls: 0.0738  decode.d0.loss_mask: 0.6315  decode.d0.loss_dice: 0.4961  decode.d1.loss_cls: 0.0110  decode.d1.loss_mask: 0.6019  decode.d1.loss_dice: 0.4820  decode.d2.loss_cls: 0.0111  decode.d2.loss_mask: 0.5923  decode.d2.loss_dice: 0.4786  decode.d3.loss_cls: 0.0047  decode.d3.loss_mask: 0.5884  decode.d3.loss_dice: 0.4792  decode.d4.loss_cls: 0.0036  decode.d4.loss_mask: 0.5873  decode.d4.loss_dice: 0.4773  decode.d5.loss_cls: 0.0040  decode.d5.loss_mask: 0.5883  decode.d5.loss_dice: 0.4806  decode.d6.loss_cls: 0.0029  decode.d6.loss_mask: 0.5852  decode.d6.loss_dice: 0.4793  decode.d7.loss_cls: 0.0021  decode.d7.loss_mask: 0.5859  decode.d7.loss_dice: 0.4768  decode.d8.loss_cls: 0.0029  decode.d8.loss_mask: 0.5868  decode.d8.loss_dice: 0.4756
2026/07/24 02:30:34 - mmengine - INFO - Iter(train) [33300/40000]  base_lr: 1.0742e-05 lr: 1.0742e-05  eta: 1:15:35  time: 0.6415  data_time: 0.0167  memory: 8424  grad_norm: 64.4656  loss: 9.6362  decode.loss_cls: 0.0109  decode.loss_mask: 0.5015  decode.loss_dice: 0.4232  decode.d0.loss_cls: 0.0939  decode.d0.loss_mask: 0.5277  decode.d0.loss_dice: 0.4815  decode.d1.loss_cls: 0.0225  decode.d1.loss_mask: 0.5021  decode.d1.loss_dice: 0.4376  decode.d2.loss_cls: 0.0234  decode.d2.loss_mask: 0.5029  decode.d2.loss_dice: 0.4297  decode.d3.loss_cls: 0.0165  decode.d3.loss_mask: 0.4988  decode.d3.loss_dice: 0.4220  decode.d4.loss_cls: 0.0155  decode.d4.loss_mask: 0.5033  decode.d4.loss_dice: 0.4274  decode.d5.loss_cls: 0.0170  decode.d5.loss_mask: 0.5070  decode.d5.loss_dice: 0.4300  decode.d6.loss_cls: 0.0134  decode.d6.loss_mask: 0.5046  decode.d6.loss_dice: 0.4239  decode.d7.loss_cls: 0.0247  decode.d7.loss_mask: 0.5031  decode.d7.loss_dice: 0.4283  decode.d8.loss_cls: 0.0133  decode.d8.loss_mask: 0.5050  decode.d8.loss_dice: 0.4256
2026/07/24 02:31:36 - mmengine - INFO - Iter(train) [33400/40000]  base_lr: 1.0597e-05 lr: 1.0597e-05  eta: 1:14:26  time: 0.6120  data_time: 0.0158  memory: 8434  grad_norm: 80.0426  loss: 10.1753  decode.loss_cls: 0.0064  decode.loss_mask: 0.5126  decode.loss_dice: 0.4233  decode.d0.loss_cls: 0.1572  decode.d0.loss_mask: 0.7404  decode.d0.loss_dice: 0.6373  decode.d1.loss_cls: 0.0552  decode.d1.loss_mask: 0.5540  decode.d1.loss_dice: 0.4426  decode.d2.loss_cls: 0.0244  decode.d2.loss_mask: 0.5358  decode.d2.loss_dice: 0.4371  decode.d3.loss_cls: 0.0115  decode.d3.loss_mask: 0.5166  decode.d3.loss_dice: 0.4183  decode.d4.loss_cls: 0.0049  decode.d4.loss_mask: 0.5142  decode.d4.loss_dice: 0.4212  decode.d5.loss_cls: 0.0054  decode.d5.loss_mask: 0.5169  decode.d5.loss_dice: 0.4236  decode.d6.loss_cls: 0.0052  decode.d6.loss_mask: 0.5149  decode.d6.loss_dice: 0.4176  decode.d7.loss_cls: 0.0041  decode.d7.loss_mask: 0.5147  decode.d7.loss_dice: 0.4206  decode.d8.loss_cls: 0.0057  decode.d8.loss_mask: 0.5146  decode.d8.loss_dice: 0.4187
2026/07/24 02:32:39 - mmengine - INFO - Iter(train) [33500/40000]  base_lr: 1.0453e-05 lr: 1.0453e-05  eta: 1:13:18  time: 0.6107  data_time: 0.0155  memory: 8434  grad_norm: 48.7302  loss: 7.8016  decode.loss_cls: 0.0025  decode.loss_mask: 0.4130  decode.loss_dice: 0.3200  decode.d0.loss_cls: 0.1742  decode.d0.loss_mask: 0.4436  decode.d0.loss_dice: 0.3891  decode.d1.loss_cls: 0.0417  decode.d1.loss_mask: 0.4141  decode.d1.loss_dice: 0.3495  decode.d2.loss_cls: 0.0177  decode.d2.loss_mask: 0.4075  decode.d2.loss_dice: 0.3211  decode.d3.loss_cls: 0.0080  decode.d3.loss_mask: 0.4116  decode.d3.loss_dice: 0.3427  decode.d4.loss_cls: 0.0060  decode.d4.loss_mask: 0.4124  decode.d4.loss_dice: 0.3282  decode.d5.loss_cls: 0.0044  decode.d5.loss_mask: 0.4097  decode.d5.loss_dice: 0.3226  decode.d6.loss_cls: 0.0038  decode.d6.loss_mask: 0.4144  decode.d6.loss_dice: 0.3348  decode.d7.loss_cls: 0.0039  decode.d7.loss_mask: 0.4128  decode.d7.loss_dice: 0.3378  decode.d8.loss_cls: 0.0033  decode.d8.loss_mask: 0.4127  decode.d8.loss_dice: 0.3383
2026/07/24 02:33:41 - mmengine - INFO - Iter(train) [33600/40000]  base_lr: 1.0308e-05 lr: 1.0308e-05  eta: 1:12:09  time: 0.6239  data_time: 0.0158  memory: 8434  grad_norm: 51.8741  loss: 9.8151  decode.loss_cls: 0.0082  decode.loss_mask: 0.5223  decode.loss_dice: 0.4316  decode.d0.loss_cls: 0.0743  decode.d0.loss_mask: 0.5631  decode.d0.loss_dice: 0.4950  decode.d1.loss_cls: 0.0134  decode.d1.loss_mask: 0.5305  decode.d1.loss_dice: 0.4449  decode.d2.loss_cls: 0.0094  decode.d2.loss_mask: 0.5240  decode.d2.loss_dice: 0.4343  decode.d3.loss_cls: 0.0074  decode.d3.loss_mask: 0.5255  decode.d3.loss_dice: 0.4259  decode.d4.loss_cls: 0.0104  decode.d4.loss_mask: 0.5237  decode.d4.loss_dice: 0.4336  decode.d5.loss_cls: 0.0098  decode.d5.loss_mask: 0.5225  decode.d5.loss_dice: 0.4284  decode.d6.loss_cls: 0.0061  decode.d6.loss_mask: 0.5219  decode.d6.loss_dice: 0.4265  decode.d7.loss_cls: 0.0055  decode.d7.loss_mask: 0.5237  decode.d7.loss_dice: 0.4283  decode.d8.loss_cls: 0.0080  decode.d8.loss_mask: 0.5256  decode.d8.loss_dice: 0.4316
2026/07/24 02:34:47 - mmengine - INFO - Iter(train) [33700/40000]  base_lr: 1.0163e-05 lr: 1.0163e-05  eta: 1:11:01  time: 0.9511  data_time: 0.3438  memory: 8434  grad_norm: 50.8817  loss: 7.2679  decode.loss_cls: 0.0022  decode.loss_mask: 0.3970  decode.loss_dice: 0.3094  decode.d0.loss_cls: 0.1354  decode.d0.loss_mask: 0.4237  decode.d0.loss_dice: 0.3248  decode.d1.loss_cls: 0.0170  decode.d1.loss_mask: 0.3997  decode.d1.loss_dice: 0.3044  decode.d2.loss_cls: 0.0073  decode.d2.loss_mask: 0.3983  decode.d2.loss_dice: 0.3078  decode.d3.loss_cls: 0.0058  decode.d3.loss_mask: 0.3955  decode.d3.loss_dice: 0.3034  decode.d4.loss_cls: 0.0045  decode.d4.loss_mask: 0.3984  decode.d4.loss_dice: 0.3079  decode.d5.loss_cls: 0.0043  decode.d5.loss_mask: 0.3949  decode.d5.loss_dice: 0.3063  decode.d6.loss_cls: 0.0026  decode.d6.loss_mask: 0.3982  decode.d6.loss_dice: 0.3087  decode.d7.loss_cls: 0.0024  decode.d7.loss_mask: 0.3965  decode.d7.loss_dice: 0.3063  decode.d8.loss_cls: 0.0021  decode.d8.loss_mask: 0.3967  decode.d8.loss_dice: 0.3065
2026/07/24 02:35:50 - mmengine - INFO - Iter(train) [33800/40000]  base_lr: 1.0017e-05 lr: 1.0017e-05  eta: 1:09:53  time: 0.6193  data_time: 0.0161  memory: 8424  grad_norm: 125.8856  loss: 9.8081  decode.loss_cls: 0.0007  decode.loss_mask: 0.5421  decode.loss_dice: 0.4103  decode.d0.loss_cls: 0.1709  decode.d0.loss_mask: 0.5572  decode.d0.loss_dice: 0.4266  decode.d1.loss_cls: 0.0132  decode.d1.loss_mask: 0.5361  decode.d1.loss_dice: 0.4127  decode.d2.loss_cls: 0.0032  decode.d2.loss_mask: 0.5321  decode.d2.loss_dice: 0.4283  decode.d3.loss_cls: 0.0025  decode.d3.loss_mask: 0.5367  decode.d3.loss_dice: 0.4326  decode.d4.loss_cls: 0.0019  decode.d4.loss_mask: 0.5397  decode.d4.loss_dice: 0.4191  decode.d5.loss_cls: 0.0009  decode.d5.loss_mask: 0.5368  decode.d5.loss_dice: 0.4135  decode.d6.loss_cls: 0.0009  decode.d6.loss_mask: 0.5430  decode.d6.loss_dice: 0.4220  decode.d7.loss_cls: 0.0007  decode.d7.loss_mask: 0.5417  decode.d7.loss_dice: 0.4174  decode.d8.loss_cls: 0.0006  decode.d8.loss_mask: 0.5485  decode.d8.loss_dice: 0.4163
2026/07/24 02:36:53 - mmengine - INFO - Iter(train) [33900/40000]  base_lr: 9.8718e-06 lr: 9.8718e-06  eta: 1:08:44  time: 0.6133  data_time: 0.0157  memory: 8424  grad_norm: 49.2065  loss: 9.0701  decode.loss_cls: 0.0005  decode.loss_mask: 0.4819  decode.loss_dice: 0.4271  decode.d0.loss_cls: 0.0719  decode.d0.loss_mask: 0.4914  decode.d0.loss_dice: 0.4180  decode.d1.loss_cls: 0.0172  decode.d1.loss_mask: 0.4821  decode.d1.loss_dice: 0.4197  decode.d2.loss_cls: 0.0054  decode.d2.loss_mask: 0.4822  decode.d2.loss_dice: 0.4102  decode.d3.loss_cls: 0.0015  decode.d3.loss_mask: 0.4844  decode.d3.loss_dice: 0.4093  decode.d4.loss_cls: 0.0006  decode.d4.loss_mask: 0.4804  decode.d4.loss_dice: 0.4073  decode.d5.loss_cls: 0.0008  decode.d5.loss_mask: 0.4810  decode.d5.loss_dice: 0.4166  decode.d6.loss_cls: 0.0006  decode.d6.loss_mask: 0.4789  decode.d6.loss_dice: 0.4252  decode.d7.loss_cls: 0.0004  decode.d7.loss_mask: 0.4787  decode.d7.loss_dice: 0.4057  decode.d8.loss_cls: 0.0005  decode.d8.loss_mask: 0.4822  decode.d8.loss_dice: 0.4086
2026/07/24 02:37:55 - mmengine - INFO - Exp name: fusion_vits_m2f_nocont_23999_20260723_192916
2026/07/24 02:37:55 - mmengine - INFO - Iter(train) [34000/40000]  base_lr: 9.7260e-06 lr: 9.7260e-06  eta: 1:07:35  time: 0.6085  data_time: 0.0153  memory: 8434  grad_norm: 30.2128  loss: 5.1141  decode.loss_cls: 0.0009  decode.loss_mask: 0.2610  decode.loss_dice: 0.2423  decode.d0.loss_cls: 0.1050  decode.d0.loss_mask: 0.2640  decode.d0.loss_dice: 0.2604  decode.d1.loss_cls: 0.0091  decode.d1.loss_mask: 0.2606  decode.d1.loss_dice: 0.2461  decode.d2.loss_cls: 0.0094  decode.d2.loss_mask: 0.2619  decode.d2.loss_dice: 0.2266  decode.d3.loss_cls: 0.0014  decode.d3.loss_mask: 0.2592  decode.d3.loss_dice: 0.2404  decode.d4.loss_cls: 0.0007  decode.d4.loss_mask: 0.2598  decode.d4.loss_dice: 0.2473  decode.d5.loss_cls: 0.0008  decode.d5.loss_mask: 0.2598  decode.d5.loss_dice: 0.2202  decode.d6.loss_cls: 0.0010  decode.d6.loss_mask: 0.2598  decode.d6.loss_dice: 0.2236  decode.d7.loss_cls: 0.0007  decode.d7.loss_mask: 0.2591  decode.d7.loss_dice: 0.2375  decode.d8.loss_cls: 0.0007  decode.d8.loss_mask: 0.2609  decode.d8.loss_dice: 0.2339
2026/07/24 02:37:55 - mmengine - INFO - Saving checkpoint at 34000 iterations
2026/07/24 02:38:38 - mmengine - INFO - Iter(val) [100/504]    eta: 0:01:28  time: 0.2035  data_time: 0.0079  memory: 3245  
2026/07/24 02:38:58 - mmengine - INFO - Iter(val) [200/504]    eta: 0:01:04  time: 0.2039  data_time: 0.0071  memory: 3245  
2026/07/24 02:39:18 - mmengine - INFO - Iter(val) [300/504]    eta: 0:00:42  time: 0.2045  data_time: 0.0072  memory: 3245  
2026/07/24 02:39:39 - mmengine - INFO - Iter(val) [400/504]    eta: 0:00:21  time: 0.2012  data_time: 0.0068  memory: 3245  
2026/07/24 02:39:59 - mmengine - INFO - Iter(val) [500/504]    eta: 0:00:00  time: 0.2026  data_time: 0.0064  memory: 3245  
2026/07/24 02:40:03 - mmengine - INFO - per class results:
2026/07/24 02:40:03 - mmengine - INFO - 
+--------------------+-------+-------+--------+-----------+--------+
|       Class        |  IoU  |  Acc  | Fscore | Precision | Recall |
+--------------------+-------+-------+--------+-----------+--------+
| impervious_surface | 87.46 | 93.52 | 93.31  |    93.1   | 93.52  |
|      building      | 95.29 | 97.63 | 97.59  |   97.55   | 97.63  |
|   low_vegetation   | 79.37 | 90.73 |  88.5  |   86.37   | 90.73  |
|        tree        | 80.47 | 86.44 | 89.18  |   92.09   | 86.44  |
|        car         | 93.91 | 96.41 | 96.86  |   97.31   | 96.41  |
+--------------------+-------+-------+--------+-----------+--------+
2026/07/24 02:40:03 - mmengine - INFO - Iter(val) [504/504]    aAcc: 92.2200  mIoU: 87.3000  mAcc: 92.9500  mFscore: 93.0900  mPrecision: 93.2900  mRecall: 92.9500  data_time: 0.0104  time: 0.2063
2026/07/24 02:41:06 - mmengine - INFO - Iter(train) [34100/40000]  base_lr: 9.5800e-06 lr: 9.5800e-06  eta: 1:06:28  time: 0.6275  data_time: 0.0227  memory: 8434  grad_norm: 60.6415  loss: 10.8060  decode.loss_cls: 0.0007  decode.loss_mask: 0.6131  decode.loss_dice: 0.4461  decode.d0.loss_cls: 0.0982  decode.d0.loss_mask: 0.6786  decode.d0.loss_dice: 0.4837  decode.d1.loss_cls: 0.0159  decode.d1.loss_mask: 0.6171  decode.d1.loss_dice: 0.4486  decode.d2.loss_cls: 0.0133  decode.d2.loss_mask: 0.6171  decode.d2.loss_dice: 0.4523  decode.d3.loss_cls: 0.0017  decode.d3.loss_mask: 0.6100  decode.d3.loss_dice: 0.4472  decode.d4.loss_cls: 0.0009  decode.d4.loss_mask: 0.6094  decode.d4.loss_dice: 0.4471  decode.d5.loss_cls: 0.0012  decode.d5.loss_mask: 0.6088  decode.d5.loss_dice: 0.4409  decode.d6.loss_cls: 0.0009  decode.d6.loss_mask: 0.6070  decode.d6.loss_dice: 0.4417  decode.d7.loss_cls: 0.0007  decode.d7.loss_mask: 0.6058  decode.d7.loss_dice: 0.4432  decode.d8.loss_cls: 0.0007  decode.d8.loss_mask: 0.6089  decode.d8.loss_dice: 0.4454
2026/07/24 02:42:08 - mmengine - INFO - Iter(train) [34200/40000]  base_lr: 9.4337e-06 lr: 9.4337e-06  eta: 1:05:19  time: 0.6218  data_time: 0.0167  memory: 8424  grad_norm: 35.1639  loss: 7.0138  decode.loss_cls: 0.0071  decode.loss_mask: 0.3396  decode.loss_dice: 0.3270  decode.d0.loss_cls: 0.1234  decode.d0.loss_mask: 0.3511  decode.d0.loss_dice: 0.3766  decode.d1.loss_cls: 0.0330  decode.d1.loss_mask: 0.3435  decode.d1.loss_dice: 0.3336  decode.d2.loss_cls: 0.0175  decode.d2.loss_mask: 0.3422  decode.d2.loss_dice: 0.3357  decode.d3.loss_cls: 0.0063  decode.d3.loss_mask: 0.3424  decode.d3.loss_dice: 0.3342  decode.d4.loss_cls: 0.0070  decode.d4.loss_mask: 0.3411  decode.d4.loss_dice: 0.3330  decode.d5.loss_cls: 0.0183  decode.d5.loss_mask: 0.3401  decode.d5.loss_dice: 0.3248  decode.d6.loss_cls: 0.0066  decode.d6.loss_mask: 0.3425  decode.d6.loss_dice: 0.3401  decode.d7.loss_cls: 0.0064  decode.d7.loss_mask: 0.3391  decode.d7.loss_dice: 0.3389  decode.d8.loss_cls: 0.0060  decode.d8.loss_mask: 0.3397  decode.d8.loss_dice: 0.3170
2026/07/24 02:43:11 - mmengine - INFO - Iter(train) [34300/40000]  base_lr: 9.2872e-06 lr: 9.2872e-06  eta: 1:04:11  time: 0.6237  data_time: 0.0166  memory: 8434  grad_norm: 78.7565  loss: 11.3337  decode.loss_cls: 0.0022  decode.loss_mask: 0.6127  decode.loss_dice: 0.4300  decode.d0.loss_cls: 0.1106  decode.d0.loss_mask: 0.9570  decode.d0.loss_dice: 0.6725  decode.d1.loss_cls: 0.0224  decode.d1.loss_mask: 0.6540  decode.d1.loss_dice: 0.4710  decode.d2.loss_cls: 0.0194  decode.d2.loss_mask: 0.6289  decode.d2.loss_dice: 0.4486  decode.d3.loss_cls: 0.0066  decode.d3.loss_mask: 0.6193  decode.d3.loss_dice: 0.4433  decode.d4.loss_cls: 0.0047  decode.d4.loss_mask: 0.6126  decode.d4.loss_dice: 0.4336  decode.d5.loss_cls: 0.0039  decode.d5.loss_mask: 0.6108  decode.d5.loss_dice: 0.4310  decode.d6.loss_cls: 0.0028  decode.d6.loss_mask: 0.6093  decode.d6.loss_dice: 0.4286  decode.d7.loss_cls: 0.0023  decode.d7.loss_mask: 0.6126  decode.d7.loss_dice: 0.4344  decode.d8.loss_cls: 0.0026  decode.d8.loss_mask: 0.6126  decode.d8.loss_dice: 0.4336
2026/07/24 02:44:13 - mmengine - INFO - Iter(train) [34400/40000]  base_lr: 9.1405e-06 lr: 9.1405e-06  eta: 1:03:02  time: 0.6244  data_time: 0.0160  memory: 8434  grad_norm: 41.3636  loss: 7.6334  decode.loss_cls: 0.0006  decode.loss_mask: 0.4061  decode.loss_dice: 0.3350  decode.d0.loss_cls: 0.0991  decode.d0.loss_mask: 0.4436  decode.d0.loss_dice: 0.3527  decode.d1.loss_cls: 0.0160  decode.d1.loss_mask: 0.4136  decode.d1.loss_dice: 0.3390  decode.d2.loss_cls: 0.0049  decode.d2.loss_mask: 0.4121  decode.d2.loss_dice: 0.3389  decode.d3.loss_cls: 0.0011  decode.d3.loss_mask: 0.4096  decode.d3.loss_dice: 0.3393  decode.d4.loss_cls: 0.0013  decode.d4.loss_mask: 0.4092  decode.d4.loss_dice: 0.3360  decode.d5.loss_cls: 0.0007  decode.d5.loss_mask: 0.4081  decode.d5.loss_dice: 0.3352  decode.d6.loss_cls: 0.0006  decode.d6.loss_mask: 0.4077  decode.d6.loss_dice: 0.3363  decode.d7.loss_cls: 0.0007  decode.d7.loss_mask: 0.4055  decode.d7.loss_dice: 0.3357  decode.d8.loss_cls: 0.0005  decode.d8.loss_mask: 0.4052  decode.d8.loss_dice: 0.3390
2026/07/24 02:45:14 - mmengine - INFO - Iter(train) [34500/40000]  base_lr: 8.9934e-06 lr: 8.9934e-06  eta: 1:01:54  time: 0.6212  data_time: 0.0164  memory: 8434  grad_norm: 51.6538  loss: 9.0004  decode.loss_cls: 0.0038  decode.loss_mask: 0.4954  decode.loss_dice: 0.3855  decode.d0.loss_cls: 0.0724  decode.d0.loss_mask: 0.5330  decode.d0.loss_dice: 0.3993  decode.d1.loss_cls: 0.0250  decode.d1.loss_mask: 0.5052  decode.d1.loss_dice: 0.3958  decode.d2.loss_cls: 0.0109  decode.d2.loss_mask: 0.4984  decode.d2.loss_dice: 0.3896  decode.d3.loss_cls: 0.0021  decode.d3.loss_mask: 0.4989  decode.d3.loss_dice: 0.3857  decode.d4.loss_cls: 0.0012  decode.d4.loss_mask: 0.4942  decode.d4.loss_dice: 0.3871  decode.d5.loss_cls: 0.0013  decode.d5.loss_mask: 0.4949  decode.d5.loss_dice: 0.3825  decode.d6.loss_cls: 0.0020  decode.d6.loss_mask: 0.4928  decode.d6.loss_dice: 0.3815  decode.d7.loss_cls: 0.0019  decode.d7.loss_mask: 0.4924  decode.d7.loss_dice: 0.3818  decode.d8.loss_cls: 0.0032  decode.d8.loss_mask: 0.4962  decode.d8.loss_dice: 0.3867
2026/07/24 02:46:20 - mmengine - INFO - Iter(train) [34600/40000]  base_lr: 8.8461e-06 lr: 8.8461e-06  eta: 1:00:46  time: 0.6124  data_time: 0.0153  memory: 8434  grad_norm: 80.2716  loss: 10.5738  decode.loss_cls: 0.0014  decode.loss_mask: 0.5993  decode.loss_dice: 0.4290  decode.d0.loss_cls: 0.1405  decode.d0.loss_mask: 0.7001  decode.d0.loss_dice: 0.4575  decode.d1.loss_cls: 0.0250  decode.d1.loss_mask: 0.6179  decode.d1.loss_dice: 0.4290  decode.d2.loss_cls: 0.0102  decode.d2.loss_mask: 0.6112  decode.d2.loss_dice: 0.4334  decode.d3.loss_cls: 0.0051  decode.d3.loss_mask: 0.6024  decode.d3.loss_dice: 0.4159  decode.d4.loss_cls: 0.0018  decode.d4.loss_mask: 0.5983  decode.d4.loss_dice: 0.4100  decode.d5.loss_cls: 0.0014  decode.d5.loss_mask: 0.6050  decode.d5.loss_dice: 0.4365  decode.d6.loss_cls: 0.0018  decode.d6.loss_mask: 0.5968  decode.d6.loss_dice: 0.4157  decode.d7.loss_cls: 0.0021  decode.d7.loss_mask: 0.5983  decode.d7.loss_dice: 0.4050  decode.d8.loss_cls: 0.0013  decode.d8.loss_mask: 0.6012  decode.d8.loss_dice: 0.4209
2026/07/24 02:47:22 - mmengine - INFO - Iter(train) [34700/40000]  base_lr: 8.6986e-06 lr: 8.6986e-06  eta: 0:59:37  time: 0.6116  data_time: 0.0158  memory: 8424  grad_norm: 68.1432  loss: 9.9350  decode.loss_cls: 0.0005  decode.loss_mask: 0.5662  decode.loss_dice: 0.4181  decode.d0.loss_cls: 0.0776  decode.d0.loss_mask: 0.5958  decode.d0.loss_dice: 0.4194  decode.d1.loss_cls: 0.0102  decode.d1.loss_mask: 0.5685  decode.d1.loss_dice: 0.4196  decode.d2.loss_cls: 0.0040  decode.d2.loss_mask: 0.5671  decode.d2.loss_dice: 0.4190  decode.d3.loss_cls: 0.0007  decode.d3.loss_mask: 0.5693  decode.d3.loss_dice: 0.4048  decode.d4.loss_cls: 0.0006  decode.d4.loss_mask: 0.5678  decode.d4.loss_dice: 0.4182  decode.d5.loss_cls: 0.0008  decode.d5.loss_mask: 0.5664  decode.d5.loss_dice: 0.4042  decode.d6.loss_cls: 0.0007  decode.d6.loss_mask: 0.5697  decode.d6.loss_dice: 0.4069  decode.d7.loss_cls: 0.0005  decode.d7.loss_mask: 0.5652  decode.d7.loss_dice: 0.4066  decode.d8.loss_cls: 0.0007  decode.d8.loss_mask: 0.5659  decode.d8.loss_dice: 0.4201
2026/07/24 02:48:24 - mmengine - INFO - Iter(train) [34800/40000]  base_lr: 8.5507e-06 lr: 8.5507e-06  eta: 0:58:29  time: 0.6217  data_time: 0.0144  memory: 8434  grad_norm: 62.0506  loss: 11.2351  decode.loss_cls: 0.0007  decode.loss_mask: 0.6241  decode.loss_dice: 0.4774  decode.d0.loss_cls: 0.0705  decode.d0.loss_mask: 0.6718  decode.d0.loss_dice: 0.4948  decode.d1.loss_cls: 0.0137  decode.d1.loss_mask: 0.6256  decode.d1.loss_dice: 0.4873  decode.d2.loss_cls: 0.0102  decode.d2.loss_mask: 0.6258  decode.d2.loss_dice: 0.4886  decode.d3.loss_cls: 0.0017  decode.d3.loss_mask: 0.6260  decode.d3.loss_dice: 0.4798  decode.d4.loss_cls: 0.0019  decode.d4.loss_mask: 0.6226  decode.d4.loss_dice: 0.4800  decode.d5.loss_cls: 0.0014  decode.d5.loss_mask: 0.6260  decode.d5.loss_dice: 0.4768  decode.d6.loss_cls: 0.0009  decode.d6.loss_mask: 0.6250  decode.d6.loss_dice: 0.4833  decode.d7.loss_cls: 0.0012  decode.d7.loss_mask: 0.6220  decode.d7.loss_dice: 0.4856  decode.d8.loss_cls: 0.0009  decode.d8.loss_mask: 0.6266  decode.d8.loss_dice: 0.4830
2026/07/24 02:49:26 - mmengine - INFO - Iter(train) [34900/40000]  base_lr: 8.4026e-06 lr: 8.4026e-06  eta: 0:57:21  time: 0.6215  data_time: 0.0164  memory: 8434  grad_norm: 69.4673  loss: 9.8183  decode.loss_cls: 0.0094  decode.loss_mask: 0.5063  decode.loss_dice: 0.4318  decode.d0.loss_cls: 0.0947  decode.d0.loss_mask: 0.5504  decode.d0.loss_dice: 0.5198  decode.d1.loss_cls: 0.0595  decode.d1.loss_mask: 0.5097  decode.d1.loss_dice: 0.4631  decode.d2.loss_cls: 0.0257  decode.d2.loss_mask: 0.5058  decode.d2.loss_dice: 0.4577  decode.d3.loss_cls: 0.0175  decode.d3.loss_mask: 0.4990  decode.d3.loss_dice: 0.4306  decode.d4.loss_cls: 0.0139  decode.d4.loss_mask: 0.5017  decode.d4.loss_dice: 0.4286  decode.d5.loss_cls: 0.0122  decode.d5.loss_mask: 0.5003  decode.d5.loss_dice: 0.4203  decode.d6.loss_cls: 0.0148  decode.d6.loss_mask: 0.5041  decode.d6.loss_dice: 0.4382  decode.d7.loss_cls: 0.0117  decode.d7.loss_mask: 0.5045  decode.d7.loss_dice: 0.4301  decode.d8.loss_cls: 0.0120  decode.d8.loss_mask: 0.5032  decode.d8.loss_dice: 0.4417
2026/07/24 02:50:28 - mmengine - INFO - Exp name: fusion_vits_m2f_nocont_23999_20260723_192916
2026/07/24 02:50:28 - mmengine - INFO - Iter(train) [35000/40000]  base_lr: 8.2541e-06 lr: 8.2541e-06  eta: 0:56:13  time: 0.6122  data_time: 0.0153  memory: 8424  grad_norm: 50.9849  loss: 8.2499  decode.loss_cls: 0.0002  decode.loss_mask: 0.4216  decode.loss_dice: 0.3855  decode.d0.loss_cls: 0.0940  decode.d0.loss_mask: 0.4517  decode.d0.loss_dice: 0.4012  decode.d1.loss_cls: 0.0302  decode.d1.loss_mask: 0.4228  decode.d1.loss_dice: 0.3873  decode.d2.loss_cls: 0.0174  decode.d2.loss_mask: 0.4226  decode.d2.loss_dice: 0.3838  decode.d3.loss_cls: 0.0007  decode.d3.loss_mask: 0.4211  decode.d3.loss_dice: 0.3870  decode.d4.loss_cls: 0.0004  decode.d4.loss_mask: 0.4211  decode.d4.loss_dice: 0.3820  decode.d5.loss_cls: 0.0002  decode.d5.loss_mask: 0.4214  decode.d5.loss_dice: 0.3781  decode.d6.loss_cls: 0.0002  decode.d6.loss_mask: 0.4208  decode.d6.loss_dice: 0.3821  decode.d7.loss_cls: 0.0001  decode.d7.loss_mask: 0.4232  decode.d7.loss_dice: 0.3907  decode.d8.loss_cls: 0.0002  decode.d8.loss_mask: 0.4196  decode.d8.loss_dice: 0.3827
2026/07/24 02:51:30 - mmengine - INFO - Iter(train) [35100/40000]  base_lr: 8.1054e-06 lr: 8.1054e-06  eta: 0:55:04  time: 0.6138  data_time: 0.0154  memory: 8434  grad_norm: 34.0688  loss: 5.5239  decode.loss_cls: 0.0002  decode.loss_mask: 0.2895  decode.loss_dice: 0.2492  decode.d0.loss_cls: 0.1110  decode.d0.loss_mask: 0.2984  decode.d0.loss_dice: 0.2646  decode.d1.loss_cls: 0.0116  decode.d1.loss_mask: 0.2917  decode.d1.loss_dice: 0.2508  decode.d2.loss_cls: 0.0034  decode.d2.loss_mask: 0.2912  decode.d2.loss_dice: 0.2464  decode.d3.loss_cls: 0.0007  decode.d3.loss_mask: 0.2911  decode.d3.loss_dice: 0.2428  decode.d4.loss_cls: 0.0004  decode.d4.loss_mask: 0.2878  decode.d4.loss_dice: 0.2440  decode.d5.loss_cls: 0.0002  decode.d5.loss_mask: 0.2900  decode.d5.loss_dice: 0.2512  decode.d6.loss_cls: 0.0003  decode.d6.loss_mask: 0.2914  decode.d6.loss_dice: 0.2538  decode.d7.loss_cls: 0.0002  decode.d7.loss_mask: 0.2868  decode.d7.loss_dice: 0.2420  decode.d8.loss_cls: 0.0002  decode.d8.loss_mask: 0.2904  decode.d8.loss_dice: 0.2426
2026/07/24 02:52:32 - mmengine - INFO - Iter(train) [35200/40000]  base_lr: 7.9564e-06 lr: 7.9564e-06  eta: 0:53:56  time: 0.6148  data_time: 0.0161  memory: 8434  grad_norm: 41.8420  loss: 7.4037  decode.loss_cls: 0.0051  decode.loss_mask: 0.3796  decode.loss_dice: 0.3387  decode.d0.loss_cls: 0.0776  decode.d0.loss_mask: 0.3883  decode.d0.loss_dice: 0.3601  decode.d1.loss_cls: 0.0226  decode.d1.loss_mask: 0.3804  decode.d1.loss_dice: 0.3519  decode.d2.loss_cls: 0.0083  decode.d2.loss_mask: 0.3770  decode.d2.loss_dice: 0.3489  decode.d3.loss_cls: 0.0075  decode.d3.loss_mask: 0.3753  decode.d3.loss_dice: 0.3435  decode.d4.loss_cls: 0.0051  decode.d4.loss_mask: 0.3764  decode.d4.loss_dice: 0.3447  decode.d5.loss_cls: 0.0054  decode.d5.loss_mask: 0.3787  decode.d5.loss_dice: 0.3425  decode.d6.loss_cls: 0.0045  decode.d6.loss_mask: 0.3799  decode.d6.loss_dice: 0.3477  decode.d7.loss_cls: 0.0040  decode.d7.loss_mask: 0.3792  decode.d7.loss_dice: 0.3420  decode.d8.loss_cls: 0.0050  decode.d8.loss_mask: 0.3798  decode.d8.loss_dice: 0.3440
2026/07/24 02:53:33 - mmengine - INFO - Iter(train) [35300/40000]  base_lr: 7.8071e-06 lr: 7.8071e-06  eta: 0:52:48  time: 0.6160  data_time: 0.0154  memory: 8434  grad_norm: 34.6203  loss: 6.0915  decode.loss_cls: 0.0007  decode.loss_mask: 0.2820  decode.loss_dice: 0.3104  decode.d0.loss_cls: 0.1402  decode.d0.loss_mask: 0.2993  decode.d0.loss_dice: 0.3333  decode.d1.loss_cls: 0.0342  decode.d1.loss_mask: 0.2840  decode.d1.loss_dice: 0.3192  decode.d2.loss_cls: 0.0145  decode.d2.loss_mask: 0.2833  decode.d2.loss_dice: 0.2972  decode.d3.loss_cls: 0.0029  decode.d3.loss_mask: 0.2811  decode.d3.loss_dice: 0.3036  decode.d4.loss_cls: 0.0020  decode.d4.loss_mask: 0.2835  decode.d4.loss_dice: 0.2877  decode.d5.loss_cls: 0.0016  decode.d5.loss_mask: 0.2836  decode.d5.loss_dice: 0.3092  decode.d6.loss_cls: 0.0012  decode.d6.loss_mask: 0.2806  decode.d6.loss_dice: 0.3050  decode.d7.loss_cls: 0.0008  decode.d7.loss_mask: 0.2815  decode.d7.loss_dice: 0.2851  decode.d8.loss_cls: 0.0007  decode.d8.loss_mask: 0.2811  decode.d8.loss_dice: 0.3015
2026/07/24 02:54:36 - mmengine - INFO - Iter(train) [35400/40000]  base_lr: 7.6574e-06 lr: 7.6574e-06  eta: 0:51:40  time: 0.6188  data_time: 0.0153  memory: 8434  grad_norm: 42.9063  loss: 7.2128  decode.loss_cls: 0.0015  decode.loss_mask: 0.3636  decode.loss_dice: 0.3314  decode.d0.loss_cls: 0.1016  decode.d0.loss_mask: 0.3932  decode.d0.loss_dice: 0.3795  decode.d1.loss_cls: 0.0174  decode.d1.loss_mask: 0.3605  decode.d1.loss_dice: 0.3411  decode.d2.loss_cls: 0.0103  decode.d2.loss_mask: 0.3616  decode.d2.loss_dice: 0.3415  decode.d3.loss_cls: 0.0035  decode.d3.loss_mask: 0.3625  decode.d3.loss_dice: 0.3346  decode.d4.loss_cls: 0.0027  decode.d4.loss_mask: 0.3647  decode.d4.loss_dice: 0.3315  decode.d5.loss_cls: 0.0014  decode.d5.loss_mask: 0.3634  decode.d5.loss_dice: 0.3416  decode.d6.loss_cls: 0.0081  decode.d6.loss_mask: 0.3626  decode.d6.loss_dice: 0.3363  decode.d7.loss_cls: 0.0017  decode.d7.loss_mask: 0.3618  decode.d7.loss_dice: 0.3304  decode.d8.loss_cls: 0.0023  decode.d8.loss_mask: 0.3621  decode.d8.loss_dice: 0.3382
2026/07/24 02:55:41 - mmengine - INFO - Iter(train) [35500/40000]  base_lr: 7.5074e-06 lr: 7.5074e-06  eta: 0:50:32  time: 0.6141  data_time: 0.0167  memory: 8434  grad_norm: 114.4727  loss: 12.2352  decode.loss_cls: 0.0297  decode.loss_mask: 0.6830  decode.loss_dice: 0.4834  decode.d0.loss_cls: 0.1275  decode.d0.loss_mask: 0.7630  decode.d0.loss_dice: 0.5527  decode.d1.loss_cls: 0.0661  decode.d1.loss_mask: 0.7197  decode.d1.loss_dice: 0.4953  decode.d2.loss_cls: 0.0396  decode.d2.loss_mask: 0.6947  decode.d2.loss_dice: 0.4929  decode.d3.loss_cls: 0.0183  decode.d3.loss_mask: 0.6819  decode.d3.loss_dice: 0.4775  decode.d4.loss_cls: 0.0169  decode.d4.loss_mask: 0.6825  decode.d4.loss_dice: 0.4815  decode.d5.loss_cls: 0.0175  decode.d5.loss_mask: 0.6774  decode.d5.loss_dice: 0.4825  decode.d6.loss_cls: 0.0234  decode.d6.loss_mask: 0.6850  decode.d6.loss_dice: 0.4822  decode.d7.loss_cls: 0.0217  decode.d7.loss_mask: 0.6789  decode.d7.loss_dice: 0.4813  decode.d8.loss_cls: 0.0175  decode.d8.loss_mask: 0.6822  decode.d8.loss_dice: 0.4792
2026/07/24 02:56:43 - mmengine - INFO - Iter(train) [35600/40000]  base_lr: 7.3571e-06 lr: 7.3571e-06  eta: 0:49:24  time: 0.6076  data_time: 0.0161  memory: 8424  grad_norm: 62.4076  loss: 9.0240  decode.loss_cls: 0.0005  decode.loss_mask: 0.4841  decode.loss_dice: 0.4030  decode.d0.loss_cls: 0.0995  decode.d0.loss_mask: 0.4983  decode.d0.loss_dice: 0.4194  decode.d1.loss_cls: 0.0069  decode.d1.loss_mask: 0.4816  decode.d1.loss_dice: 0.4072  decode.d2.loss_cls: 0.0016  decode.d2.loss_mask: 0.4860  decode.d2.loss_dice: 0.4071  decode.d3.loss_cls: 0.0007  decode.d3.loss_mask: 0.4849  decode.d3.loss_dice: 0.4065  decode.d4.loss_cls: 0.0008  decode.d4.loss_mask: 0.4813  decode.d4.loss_dice: 0.4074  decode.d5.loss_cls: 0.0005  decode.d5.loss_mask: 0.4806  decode.d5.loss_dice: 0.4015  decode.d6.loss_cls: 0.0004  decode.d6.loss_mask: 0.4848  decode.d6.loss_dice: 0.4043  decode.d7.loss_cls: 0.0003  decode.d7.loss_mask: 0.4833  decode.d7.loss_dice: 0.4023  decode.d8.loss_cls: 0.0004  decode.d8.loss_mask: 0.4852  decode.d8.loss_dice: 0.4035
2026/07/24 02:57:45 - mmengine - INFO - Iter(train) [35700/40000]  base_lr: 7.2064e-06 lr: 7.2064e-06  eta: 0:48:16  time: 0.6111  data_time: 0.0153  memory: 8434  grad_norm: 51.5869  loss: 9.7708  decode.loss_cls: 0.0002  decode.loss_mask: 0.5432  decode.loss_dice: 0.4215  decode.d0.loss_cls: 0.0809  decode.d0.loss_mask: 0.5704  decode.d0.loss_dice: 0.4358  decode.d1.loss_cls: 0.0142  decode.d1.loss_mask: 0.5495  decode.d1.loss_dice: 0.4227  decode.d2.loss_cls: 0.0030  decode.d2.loss_mask: 0.5412  decode.d2.loss_dice: 0.4224  decode.d3.loss_cls: 0.0006  decode.d3.loss_mask: 0.5400  decode.d3.loss_dice: 0.4211  decode.d4.loss_cls: 0.0004  decode.d4.loss_mask: 0.5393  decode.d4.loss_dice: 0.4218  decode.d5.loss_cls: 0.0004  decode.d5.loss_mask: 0.5380  decode.d5.loss_dice: 0.4179  decode.d6.loss_cls: 0.0003  decode.d6.loss_mask: 0.5389  decode.d6.loss_dice: 0.4243  decode.d7.loss_cls: 0.0003  decode.d7.loss_mask: 0.5404  decode.d7.loss_dice: 0.4209  decode.d8.loss_cls: 0.0002  decode.d8.loss_mask: 0.5399  decode.d8.loss_dice: 0.4210
2026/07/24 02:58:46 - mmengine - INFO - Iter(train) [35800/40000]  base_lr: 7.0554e-06 lr: 7.0554e-06  eta: 0:47:08  time: 0.6340  data_time: 0.0264  memory: 8434  grad_norm: 61.1814  loss: 10.2539  decode.loss_cls: 0.0018  decode.loss_mask: 0.5514  decode.loss_dice: 0.4626  decode.d0.loss_cls: 0.0754  decode.d0.loss_mask: 0.5900  decode.d0.loss_dice: 0.4695  decode.d1.loss_cls: 0.0146  decode.d1.loss_mask: 0.5608  decode.d1.loss_dice: 0.4558  decode.d2.loss_cls: 0.0056  decode.d2.loss_mask: 0.5561  decode.d2.loss_dice: 0.4521  decode.d3.loss_cls: 0.0039  decode.d3.loss_mask: 0.5538  decode.d3.loss_dice: 0.4625  decode.d4.loss_cls: 0.0063  decode.d4.loss_mask: 0.5501  decode.d4.loss_dice: 0.4477  decode.d5.loss_cls: 0.0048  decode.d5.loss_mask: 0.5552  decode.d5.loss_dice: 0.4521  decode.d6.loss_cls: 0.0025  decode.d6.loss_mask: 0.5520  decode.d6.loss_dice: 0.4521  decode.d7.loss_cls: 0.0013  decode.d7.loss_mask: 0.5548  decode.d7.loss_dice: 0.4553  decode.d8.loss_cls: 0.0014  decode.d8.loss_mask: 0.5501  decode.d8.loss_dice: 0.4524
2026/07/24 02:59:48 - mmengine - INFO - Iter(train) [35900/40000]  base_lr: 6.9041e-06 lr: 6.9041e-06  eta: 0:46:00  time: 0.6052  data_time: 0.0146  memory: 8424  grad_norm: 51.9017  loss: 8.1626  decode.loss_cls: 0.0009  decode.loss_mask: 0.4286  decode.loss_dice: 0.3501  decode.d0.loss_cls: 0.1102  decode.d0.loss_mask: 0.4495  decode.d0.loss_dice: 0.4041  decode.d1.loss_cls: 0.0302  decode.d1.loss_mask: 0.4285  decode.d1.loss_dice: 0.3774  decode.d2.loss_cls: 0.0142  decode.d2.loss_mask: 0.4297  decode.d2.loss_dice: 0.3696  decode.d3.loss_cls: 0.0057  decode.d3.loss_mask: 0.4278  decode.d3.loss_dice: 0.3670  decode.d4.loss_cls: 0.0023  decode.d4.loss_mask: 0.4291  decode.d4.loss_dice: 0.3671  decode.d5.loss_cls: 0.0017  decode.d5.loss_mask: 0.4272  decode.d5.loss_dice: 0.3573  decode.d6.loss_cls: 0.0012  decode.d6.loss_mask: 0.4318  decode.d6.loss_dice: 0.3644  decode.d7.loss_cls: 0.0008  decode.d7.loss_mask: 0.4314  decode.d7.loss_dice: 0.3659  decode.d8.loss_cls: 0.0008  decode.d8.loss_mask: 0.4301  decode.d8.loss_dice: 0.3580
2026/07/24 03:00:50 - mmengine - INFO - Exp name: fusion_vits_m2f_nocont_23999_20260723_192916
2026/07/24 03:00:50 - mmengine - INFO - Iter(train) [36000/40000]  base_lr: 6.7523e-06 lr: 6.7523e-06  eta: 0:44:52  time: 0.6138  data_time: 0.0162  memory: 8434  grad_norm: 86.5000  loss: 11.1395  decode.loss_cls: 0.0206  decode.loss_mask: 0.5533  decode.loss_dice: 0.4463  decode.d0.loss_cls: 0.1208  decode.d0.loss_mask: 0.8713  decode.d0.loss_dice: 0.6616  decode.d1.loss_cls: 0.0706  decode.d1.loss_mask: 0.6284  decode.d1.loss_dice: 0.4863  decode.d2.loss_cls: 0.0398  decode.d2.loss_mask: 0.5860  decode.d2.loss_dice: 0.4556  decode.d3.loss_cls: 0.0322  decode.d3.loss_mask: 0.5686  decode.d3.loss_dice: 0.4438  decode.d4.loss_cls: 0.0259  decode.d4.loss_mask: 0.5595  decode.d4.loss_dice: 0.4548  decode.d5.loss_cls: 0.0224  decode.d5.loss_mask: 0.5574  decode.d5.loss_dice: 0.4525  decode.d6.loss_cls: 0.0219  decode.d6.loss_mask: 0.5564  decode.d6.loss_dice: 0.4541  decode.d7.loss_cls: 0.0185  decode.d7.loss_mask: 0.5530  decode.d7.loss_dice: 0.4529  decode.d8.loss_cls: 0.0194  decode.d8.loss_mask: 0.5568  decode.d8.loss_dice: 0.4490
2026/07/24 03:00:50 - mmengine - INFO - Saving checkpoint at 36000 iterations
2026/07/24 03:01:33 - mmengine - INFO - Iter(val) [100/504]    eta: 0:01:28  time: 0.2016  data_time: 0.0074  memory: 3245  
2026/07/24 03:01:54 - mmengine - INFO - Iter(val) [200/504]    eta: 0:01:04  time: 0.2007  data_time: 0.0065  memory: 3245  
2026/07/24 03:02:14 - mmengine - INFO - Iter(val) [300/504]    eta: 0:00:42  time: 0.2051  data_time: 0.0086  memory: 3245  
2026/07/24 03:02:35 - mmengine - INFO - Iter(val) [400/504]    eta: 0:00:21  time: 0.2046  data_time: 0.0074  memory: 3245  
2026/07/24 03:02:55 - mmengine - INFO - Iter(val) [500/504]    eta: 0:00:00  time: 0.2061  data_time: 0.0072  memory: 3245  
2026/07/24 03:02:59 - mmengine - INFO - per class results:
2026/07/24 03:02:59 - mmengine - INFO - 
+--------------------+-------+-------+--------+-----------+--------+
|       Class        |  IoU  |  Acc  | Fscore | Precision | Recall |
+--------------------+-------+-------+--------+-----------+--------+
| impervious_surface | 86.13 | 91.65 | 92.55  |   93.46   | 91.65  |
|      building      | 94.69 | 98.62 | 97.27  |   95.96   | 98.62  |
|   low_vegetation   | 73.27 |  94.1 | 84.57  |    76.8   |  94.1  |
|        tree        | 68.94 | 71.26 | 81.61  |   95.48   | 71.26  |
|        car         | 89.29 | 91.33 | 94.34  |   97.56   | 91.33  |
+--------------------+-------+-------+--------+-----------+--------+
2026/07/24 03:02:59 - mmengine - INFO - Iter(val) [504/504]    aAcc: 89.2800  mIoU: 82.4600  mAcc: 89.3900  mFscore: 90.0700  mPrecision: 91.8500  mRecall: 89.3900  data_time: 0.0113  time: 0.2080
2026/07/24 03:04:01 - mmengine - INFO - Iter(train) [36100/40000]  base_lr: 6.6002e-06 lr: 6.6002e-06  eta: 0:43:44  time: 0.6194  data_time: 0.0156  memory: 8434  grad_norm: 55.7550  loss: 8.9047  decode.loss_cls: 0.0105  decode.loss_mask: 0.4800  decode.loss_dice: 0.3844  decode.d0.loss_cls: 0.1033  decode.d0.loss_mask: 0.5004  decode.d0.loss_dice: 0.4164  decode.d1.loss_cls: 0.0233  decode.d1.loss_mask: 0.4793  decode.d1.loss_dice: 0.3904  decode.d2.loss_cls: 0.0078  decode.d2.loss_mask: 0.4836  decode.d2.loss_dice: 0.3915  decode.d3.loss_cls: 0.0117  decode.d3.loss_mask: 0.4812  decode.d3.loss_dice: 0.3845  decode.d4.loss_cls: 0.0054  decode.d4.loss_mask: 0.4802  decode.d4.loss_dice: 0.3832  decode.d5.loss_cls: 0.0103  decode.d5.loss_mask: 0.4771  decode.d5.loss_dice: 0.3768  decode.d6.loss_cls: 0.0048  decode.d6.loss_mask: 0.4836  decode.d6.loss_dice: 0.3848  decode.d7.loss_cls: 0.0101  decode.d7.loss_mask: 0.4843  decode.d7.loss_dice: 0.3840  decode.d8.loss_cls: 0.0066  decode.d8.loss_mask: 0.4812  decode.d8.loss_dice: 0.3839
2026/07/24 03:05:03 - mmengine - INFO - Iter(train) [36200/40000]  base_lr: 6.4477e-06 lr: 6.4477e-06  eta: 0:42:37  time: 0.6287  data_time: 0.0171  memory: 8434  grad_norm: 50.9911  loss: 9.0014  decode.loss_cls: 0.0099  decode.loss_mask: 0.4614  decode.loss_dice: 0.4009  decode.d0.loss_cls: 0.0781  decode.d0.loss_mask: 0.5147  decode.d0.loss_dice: 0.4799  decode.d1.loss_cls: 0.0219  decode.d1.loss_mask: 0.4710  decode.d1.loss_dice: 0.4135  decode.d2.loss_cls: 0.0116  decode.d2.loss_mask: 0.4663  decode.d2.loss_dice: 0.4117  decode.d3.loss_cls: 0.0108  decode.d3.loss_mask: 0.4636  decode.d3.loss_dice: 0.4060  decode.d4.loss_cls: 0.0108  decode.d4.loss_mask: 0.4610  decode.d4.loss_dice: 0.4062  decode.d5.loss_cls: 0.0110  decode.d5.loss_mask: 0.4628  decode.d5.loss_dice: 0.4053  decode.d6.loss_cls: 0.0127  decode.d6.loss_mask: 0.4593  decode.d6.loss_dice: 0.4047  decode.d7.loss_cls: 0.0088  decode.d7.loss_mask: 0.4616  decode.d7.loss_dice: 0.4039  decode.d8.loss_cls: 0.0099  decode.d8.loss_mask: 0.4590  decode.d8.loss_dice: 0.4031
2026/07/24 03:06:09 - mmengine - INFO - Iter(train) [36300/40000]  base_lr: 6.2948e-06 lr: 6.2948e-06  eta: 0:41:29  time: 0.6196  data_time: 0.0157  memory: 8434  grad_norm: 48.7617  loss: 7.4089  decode.loss_cls: 0.0027  decode.loss_mask: 0.4168  decode.loss_dice: 0.2933  decode.d0.loss_cls: 0.1155  decode.d0.loss_mask: 0.4561  decode.d0.loss_dice: 0.3505  decode.d1.loss_cls: 0.0216  decode.d1.loss_mask: 0.4282  decode.d1.loss_dice: 0.3058  decode.d2.loss_cls: 0.0065  decode.d2.loss_mask: 0.4239  decode.d2.loss_dice: 0.3055  decode.d3.loss_cls: 0.0025  decode.d3.loss_mask: 0.4160  decode.d3.loss_dice: 0.2917  decode.d4.loss_cls: 0.0022  decode.d4.loss_mask: 0.4181  decode.d4.loss_dice: 0.2955  decode.d5.loss_cls: 0.0021  decode.d5.loss_mask: 0.4194  decode.d5.loss_dice: 0.2917  decode.d6.loss_cls: 0.0015  decode.d6.loss_mask: 0.4181  decode.d6.loss_dice: 0.2947  decode.d7.loss_cls: 0.0013  decode.d7.loss_mask: 0.4172  decode.d7.loss_dice: 0.2893  decode.d8.loss_cls: 0.0021  decode.d8.loss_mask: 0.4223  decode.d8.loss_dice: 0.2968
2026/07/24 03:07:11 - mmengine - INFO - Iter(train) [36400/40000]  base_lr: 6.1415e-06 lr: 6.1415e-06  eta: 0:40:21  time: 0.6224  data_time: 0.0162  memory: 8424  grad_norm: 126.1910  loss: 13.6015  decode.loss_cls: 0.0014  decode.loss_mask: 0.7731  decode.loss_dice: 0.5883  decode.d0.loss_cls: 0.1133  decode.d0.loss_mask: 0.8240  decode.d0.loss_dice: 0.5760  decode.d1.loss_cls: 0.0280  decode.d1.loss_mask: 0.7776  decode.d1.loss_dice: 0.5857  decode.d2.loss_cls: 0.0127  decode.d2.loss_mask: 0.7663  decode.d2.loss_dice: 0.5744  decode.d3.loss_cls: 0.0108  decode.d3.loss_mask: 0.7524  decode.d3.loss_dice: 0.5657  decode.d4.loss_cls: 0.0123  decode.d4.loss_mask: 0.7507  decode.d4.loss_dice: 0.5642  decode.d5.loss_cls: 0.0024  decode.d5.loss_mask: 0.7545  decode.d5.loss_dice: 0.5696  decode.d6.loss_cls: 0.0017  decode.d6.loss_mask: 0.7588  decode.d6.loss_dice: 0.5611  decode.d7.loss_cls: 0.0017  decode.d7.loss_mask: 0.7606  decode.d7.loss_dice: 0.5769  decode.d8.loss_cls: 0.0013  decode.d8.loss_mask: 0.7625  decode.d8.loss_dice: 0.5735
2026/07/24 03:08:13 - mmengine - INFO - Iter(train) [36500/40000]  base_lr: 5.9877e-06 lr: 5.9877e-06  eta: 0:39:14  time: 0.6143  data_time: 0.0154  memory: 8434  grad_norm: 45.8285  loss: 8.4979  decode.loss_cls: 0.0013  decode.loss_mask: 0.4608  decode.loss_dice: 0.3681  decode.d0.loss_cls: 0.0877  decode.d0.loss_mask: 0.4835  decode.d0.loss_dice: 0.3879  decode.d1.loss_cls: 0.0105  decode.d1.loss_mask: 0.4633  decode.d1.loss_dice: 0.3831  decode.d2.loss_cls: 0.0043  decode.d2.loss_mask: 0.4631  decode.d2.loss_dice: 0.3787  decode.d3.loss_cls: 0.0032  decode.d3.loss_mask: 0.4621  decode.d3.loss_dice: 0.3714  decode.d4.loss_cls: 0.0028  decode.d4.loss_mask: 0.4611  decode.d4.loss_dice: 0.3718  decode.d5.loss_cls: 0.0021  decode.d5.loss_mask: 0.4563  decode.d5.loss_dice: 0.3691  decode.d6.loss_cls: 0.0012  decode.d6.loss_mask: 0.4603  decode.d6.loss_dice: 0.3802  decode.d7.loss_cls: 0.0010  decode.d7.loss_mask: 0.4603  decode.d7.loss_dice: 0.3697  decode.d8.loss_cls: 0.0009  decode.d8.loss_mask: 0.4593  decode.d8.loss_dice: 0.3728
2026/07/24 03:09:15 - mmengine - INFO - Iter(train) [36600/40000]  base_lr: 5.8335e-06 lr: 5.8335e-06  eta: 0:38:06  time: 0.6207  data_time: 0.0150  memory: 8434  grad_norm: 38.4505  loss: 6.2037  decode.loss_cls: 0.0011  decode.loss_mask: 0.3039  decode.loss_dice: 0.3012  decode.d0.loss_cls: 0.0694  decode.d0.loss_mask: 0.3198  decode.d0.loss_dice: 0.3242  decode.d1.loss_cls: 0.0144  decode.d1.loss_mask: 0.3063  decode.d1.loss_dice: 0.3059  decode.d2.loss_cls: 0.0089  decode.d2.loss_mask: 0.3039  decode.d2.loss_dice: 0.2995  decode.d3.loss_cls: 0.0018  decode.d3.loss_mask: 0.3037  decode.d3.loss_dice: 0.3038  decode.d4.loss_cls: 0.0016  decode.d4.loss_mask: 0.3051  decode.d4.loss_dice: 0.3007  decode.d5.loss_cls: 0.0013  decode.d5.loss_mask: 0.3035  decode.d5.loss_dice: 0.2901  decode.d6.loss_cls: 0.0012  decode.d6.loss_mask: 0.3040  decode.d6.loss_dice: 0.3049  decode.d7.loss_cls: 0.0009  decode.d7.loss_mask: 0.3044  decode.d7.loss_dice: 0.3031  decode.d8.loss_cls: 0.0011  decode.d8.loss_mask: 0.3044  decode.d8.loss_dice: 0.3097
2026/07/24 03:10:17 - mmengine - INFO - Iter(train) [36700/40000]  base_lr: 5.6789e-06 lr: 5.6789e-06  eta: 0:36:58  time: 0.6233  data_time: 0.0149  memory: 8434  grad_norm: 51.5701  loss: 7.5369  decode.loss_cls: 0.0005  decode.loss_mask: 0.4317  decode.loss_dice: 0.2907  decode.d0.loss_cls: 0.1665  decode.d0.loss_mask: 0.4829  decode.d0.loss_dice: 0.3155  decode.d1.loss_cls: 0.0133  decode.d1.loss_mask: 0.4437  decode.d1.loss_dice: 0.2916  decode.d2.loss_cls: 0.0051  decode.d2.loss_mask: 0.4379  decode.d2.loss_dice: 0.2884  decode.d3.loss_cls: 0.0023  decode.d3.loss_mask: 0.4396  decode.d3.loss_dice: 0.2898  decode.d4.loss_cls: 0.0019  decode.d4.loss_mask: 0.4383  decode.d4.loss_dice: 0.2915  decode.d5.loss_cls: 0.0012  decode.d5.loss_mask: 0.4352  decode.d5.loss_dice: 0.2909  decode.d6.loss_cls: 0.0009  decode.d6.loss_mask: 0.4335  decode.d6.loss_dice: 0.2915  decode.d7.loss_cls: 0.0006  decode.d7.loss_mask: 0.4324  decode.d7.loss_dice: 0.2916  decode.d8.loss_cls: 0.0005  decode.d8.loss_mask: 0.4347  decode.d8.loss_dice: 0.2926
2026/07/24 03:11:19 - mmengine - INFO - Iter(train) [36800/40000]  base_lr: 5.5237e-06 lr: 5.5237e-06  eta: 0:35:50  time: 0.6515  data_time: 0.0352  memory: 8424  grad_norm: 45.7890  loss: 7.6278  decode.loss_cls: 0.0002  decode.loss_mask: 0.3906  decode.loss_dice: 0.3512  decode.d0.loss_cls: 0.0877  decode.d0.loss_mask: 0.4034  decode.d0.loss_dice: 0.3835  decode.d1.loss_cls: 0.0260  decode.d1.loss_mask: 0.3922  decode.d1.loss_dice: 0.3511  decode.d2.loss_cls: 0.0162  decode.d2.loss_mask: 0.3911  decode.d2.loss_dice: 0.3604  decode.d3.loss_cls: 0.0008  decode.d3.loss_mask: 0.3918  decode.d3.loss_dice: 0.3610  decode.d4.loss_cls: 0.0008  decode.d4.loss_mask: 0.3908  decode.d4.loss_dice: 0.3514  decode.d5.loss_cls: 0.0005  decode.d5.loss_mask: 0.3901  decode.d5.loss_dice: 0.3502  decode.d6.loss_cls: 0.0002  decode.d6.loss_mask: 0.3914  decode.d6.loss_dice: 0.3599  decode.d7.loss_cls: 0.0002  decode.d7.loss_mask: 0.3902  decode.d7.loss_dice: 0.3590  decode.d8.loss_cls: 0.0002  decode.d8.loss_mask: 0.3902  decode.d8.loss_dice: 0.3457
2026/07/24 03:12:22 - mmengine - INFO - Iter(train) [36900/40000]  base_lr: 5.3681e-06 lr: 5.3681e-06  eta: 0:34:43  time: 0.6166  data_time: 0.0170  memory: 8434  grad_norm: 95.3564  loss: 11.6964  decode.loss_cls: 0.0008  decode.loss_mask: 0.6430  decode.loss_dice: 0.4444  decode.d0.loss_cls: 0.1311  decode.d0.loss_mask: 0.8882  decode.d0.loss_dice: 0.6015  decode.d1.loss_cls: 0.0213  decode.d1.loss_mask: 0.6939  decode.d1.loss_dice: 0.4883  decode.d2.loss_cls: 0.0187  decode.d2.loss_mask: 0.6631  decode.d2.loss_dice: 0.4678  decode.d3.loss_cls: 0.0140  decode.d3.loss_mask: 0.6432  decode.d3.loss_dice: 0.4595  decode.d4.loss_cls: 0.0019  decode.d4.loss_mask: 0.6503  decode.d4.loss_dice: 0.4598  decode.d5.loss_cls: 0.0014  decode.d5.loss_mask: 0.6462  decode.d5.loss_dice: 0.4555  decode.d6.loss_cls: 0.0014  decode.d6.loss_mask: 0.6470  decode.d6.loss_dice: 0.4495  decode.d7.loss_cls: 0.0011  decode.d7.loss_mask: 0.6462  decode.d7.loss_dice: 0.4568  decode.d8.loss_cls: 0.0009  decode.d8.loss_mask: 0.6448  decode.d8.loss_dice: 0.4547
2026/07/24 03:13:24 - mmengine - INFO - Exp name: fusion_vits_m2f_nocont_23999_20260723_192916
2026/07/24 03:13:24 - mmengine - INFO - Iter(train) [37000/40000]  base_lr: 5.2120e-06 lr: 5.2120e-06  eta: 0:33:35  time: 0.6247  data_time: 0.0169  memory: 8434  grad_norm: 32.5286  loss: 5.8340  decode.loss_cls: 0.0006  decode.loss_mask: 0.3002  decode.loss_dice: 0.2529  decode.d0.loss_cls: 0.1213  decode.d0.loss_mask: 0.3188  decode.d0.loss_dice: 0.2841  decode.d1.loss_cls: 0.0151  decode.d1.loss_mask: 0.3015  decode.d1.loss_dice: 0.2747  decode.d2.loss_cls: 0.0244  decode.d2.loss_mask: 0.2983  decode.d2.loss_dice: 0.2688  decode.d3.loss_cls: 0.0019  decode.d3.loss_mask: 0.3000  decode.d3.loss_dice: 0.2623  decode.d4.loss_cls: 0.0014  decode.d4.loss_mask: 0.3008  decode.d4.loss_dice: 0.2594  decode.d5.loss_cls: 0.0007  decode.d5.loss_mask: 0.2981  decode.d5.loss_dice: 0.2618  decode.d6.loss_cls: 0.0007  decode.d6.loss_mask: 0.2989  decode.d6.loss_dice: 0.2636  decode.d7.loss_cls: 0.0007  decode.d7.loss_mask: 0.3013  decode.d7.loss_dice: 0.2581  decode.d8.loss_cls: 0.0006  decode.d8.loss_mask: 0.3024  decode.d8.loss_dice: 0.2603
2026/07/24 03:14:27 - mmengine - INFO - Iter(train) [37100/40000]  base_lr: 5.0554e-06 lr: 5.0554e-06  eta: 0:32:28  time: 0.6132  data_time: 0.0152  memory: 8434  grad_norm: 47.6598  loss: 8.5228  decode.loss_cls: 0.0021  decode.loss_mask: 0.4634  decode.loss_dice: 0.3751  decode.d0.loss_cls: 0.1012  decode.d0.loss_mask: 0.5029  decode.d0.loss_dice: 0.3984  decode.d1.loss_cls: 0.0357  decode.d1.loss_mask: 0.4694  decode.d1.loss_dice: 0.3649  decode.d2.loss_cls: 0.0192  decode.d2.loss_mask: 0.4627  decode.d2.loss_dice: 0.3695  decode.d3.loss_cls: 0.0079  decode.d3.loss_mask: 0.4628  decode.d3.loss_dice: 0.3690  decode.d4.loss_cls: 0.0053  decode.d4.loss_mask: 0.4579  decode.d4.loss_dice: 0.3635  decode.d5.loss_cls: 0.0028  decode.d5.loss_mask: 0.4616  decode.d5.loss_dice: 0.3667  decode.d6.loss_cls: 0.0016  decode.d6.loss_mask: 0.4605  decode.d6.loss_dice: 0.3538  decode.d7.loss_cls: 0.0016  decode.d7.loss_mask: 0.4612  decode.d7.loss_dice: 0.3618  decode.d8.loss_cls: 0.0021  decode.d8.loss_mask: 0.4627  decode.d8.loss_dice: 0.3556
2026/07/24 03:15:31 - mmengine - INFO - Iter(train) [37200/40000]  base_lr: 4.8983e-06 lr: 4.8983e-06  eta: 0:31:20  time: 0.6240  data_time: 0.0163  memory: 8434  grad_norm: 80.4658  loss: 11.0644  decode.loss_cls: 0.0010  decode.loss_mask: 0.6447  decode.loss_dice: 0.4360  decode.d0.loss_cls: 0.1130  decode.d0.loss_mask: 0.6770  decode.d0.loss_dice: 0.4659  decode.d1.loss_cls: 0.0208  decode.d1.loss_mask: 0.6562  decode.d1.loss_dice: 0.4435  decode.d2.loss_cls: 0.0049  decode.d2.loss_mask: 0.6533  decode.d2.loss_dice: 0.4426  decode.d3.loss_cls: 0.0018  decode.d3.loss_mask: 0.6470  decode.d3.loss_dice: 0.4325  decode.d4.loss_cls: 0.0026  decode.d4.loss_mask: 0.6473  decode.d4.loss_dice: 0.4378  decode.d5.loss_cls: 0.0016  decode.d5.loss_mask: 0.6502  decode.d5.loss_dice: 0.4360  decode.d6.loss_cls: 0.0016  decode.d6.loss_mask: 0.6424  decode.d6.loss_dice: 0.4334  decode.d7.loss_cls: 0.0012  decode.d7.loss_mask: 0.6454  decode.d7.loss_dice: 0.4386  decode.d8.loss_cls: 0.0009  decode.d8.loss_mask: 0.6476  decode.d8.loss_dice: 0.4376
2026/07/24 03:16:33 - mmengine - INFO - Iter(train) [37300/40000]  base_lr: 4.7405e-06 lr: 4.7405e-06  eta: 0:30:13  time: 0.6102  data_time: 0.0177  memory: 8424  grad_norm: 67.7671  loss: 9.6748  decode.loss_cls: 0.0012  decode.loss_mask: 0.5377  decode.loss_dice: 0.4085  decode.d0.loss_cls: 0.1090  decode.d0.loss_mask: 0.5597  decode.d0.loss_dice: 0.4244  decode.d1.loss_cls: 0.0112  decode.d1.loss_mask: 0.5341  decode.d1.loss_dice: 0.4160  decode.d2.loss_cls: 0.0031  decode.d2.loss_mask: 0.5342  decode.d2.loss_dice: 0.4160  decode.d3.loss_cls: 0.0006  decode.d3.loss_mask: 0.5372  decode.d3.loss_dice: 0.4117  decode.d4.loss_cls: 0.0004  decode.d4.loss_mask: 0.5345  decode.d4.loss_dice: 0.4144  decode.d5.loss_cls: 0.0005  decode.d5.loss_mask: 0.5389  decode.d5.loss_dice: 0.4204  decode.d6.loss_cls: 0.0006  decode.d6.loss_mask: 0.5344  decode.d6.loss_dice: 0.4093  decode.d7.loss_cls: 0.0004  decode.d7.loss_mask: 0.5374  decode.d7.loss_dice: 0.4190  decode.d8.loss_cls: 0.0006  decode.d8.loss_mask: 0.5384  decode.d8.loss_dice: 0.4211
2026/07/24 03:17:35 - mmengine - INFO - Iter(train) [37400/40000]  base_lr: 4.5822e-06 lr: 4.5822e-06  eta: 0:29:05  time: 0.6187  data_time: 0.0163  memory: 8434  grad_norm: 66.6394  loss: 10.5804  decode.loss_cls: 0.0006  decode.loss_mask: 0.5991  decode.loss_dice: 0.4386  decode.d0.loss_cls: 0.0713  decode.d0.loss_mask: 0.6483  decode.d0.loss_dice: 0.4645  decode.d1.loss_cls: 0.0136  decode.d1.loss_mask: 0.6049  decode.d1.loss_dice: 0.4483  decode.d2.loss_cls: 0.0160  decode.d2.loss_mask: 0.6007  decode.d2.loss_dice: 0.4425  decode.d3.loss_cls: 0.0008  decode.d3.loss_mask: 0.5955  decode.d3.loss_dice: 0.4461  decode.d4.loss_cls: 0.0006  decode.d4.loss_mask: 0.5931  decode.d4.loss_dice: 0.4430  decode.d5.loss_cls: 0.0007  decode.d5.loss_mask: 0.5904  decode.d5.loss_dice: 0.4438  decode.d6.loss_cls: 0.0009  decode.d6.loss_mask: 0.5975  decode.d6.loss_dice: 0.4439  decode.d7.loss_cls: 0.0009  decode.d7.loss_mask: 0.5966  decode.d7.loss_dice: 0.4463  decode.d8.loss_cls: 0.0008  decode.d8.loss_mask: 0.5928  decode.d8.loss_dice: 0.4381
2026/07/24 03:18:37 - mmengine - INFO - Iter(train) [37500/40000]  base_lr: 4.4233e-06 lr: 4.4233e-06  eta: 0:27:58  time: 0.6159  data_time: 0.0157  memory: 8434  grad_norm: 51.7405  loss: 8.1726  decode.loss_cls: 0.0020  decode.loss_mask: 0.4404  decode.loss_dice: 0.3540  decode.d0.loss_cls: 0.1113  decode.d0.loss_mask: 0.4750  decode.d0.loss_dice: 0.4167  decode.d1.loss_cls: 0.0333  decode.d1.loss_mask: 0.4403  decode.d1.loss_dice: 0.3574  decode.d2.loss_cls: 0.0272  decode.d2.loss_mask: 0.4407  decode.d2.loss_dice: 0.3422  decode.d3.loss_cls: 0.0046  decode.d3.loss_mask: 0.4380  decode.d3.loss_dice: 0.3403  decode.d4.loss_cls: 0.0023  decode.d4.loss_mask: 0.4407  decode.d4.loss_dice: 0.3625  decode.d5.loss_cls: 0.0020  decode.d5.loss_mask: 0.4432  decode.d5.loss_dice: 0.3449  decode.d6.loss_cls: 0.0021  decode.d6.loss_mask: 0.4421  decode.d6.loss_dice: 0.3434  decode.d7.loss_cls: 0.0018  decode.d7.loss_mask: 0.4395  decode.d7.loss_dice: 0.3400  decode.d8.loss_cls: 0.0030  decode.d8.loss_mask: 0.4412  decode.d8.loss_dice: 0.3404
2026/07/24 03:19:39 - mmengine - INFO - Iter(train) [37600/40000]  base_lr: 4.2637e-06 lr: 4.2637e-06  eta: 0:26:50  time: 0.6078  data_time: 0.0152  memory: 8424  grad_norm: 40.8160  loss: 7.2124  decode.loss_cls: 0.0012  decode.loss_mask: 0.3628  decode.loss_dice: 0.3413  decode.d0.loss_cls: 0.1055  decode.d0.loss_mask: 0.3898  decode.d0.loss_dice: 0.3631  decode.d1.loss_cls: 0.0283  decode.d1.loss_mask: 0.3627  decode.d1.loss_dice: 0.3462  decode.d2.loss_cls: 0.0117  decode.d2.loss_mask: 0.3617  decode.d2.loss_dice: 0.3379  decode.d3.loss_cls: 0.0015  decode.d3.loss_mask: 0.3591  decode.d3.loss_dice: 0.3440  decode.d4.loss_cls: 0.0007  decode.d4.loss_mask: 0.3626  decode.d4.loss_dice: 0.3409  decode.d5.loss_cls: 0.0012  decode.d5.loss_mask: 0.3587  decode.d5.loss_dice: 0.3338  decode.d6.loss_cls: 0.0009  decode.d6.loss_mask: 0.3604  decode.d6.loss_dice: 0.3391  decode.d7.loss_cls: 0.0008  decode.d7.loss_mask: 0.3576  decode.d7.loss_dice: 0.3365  decode.d8.loss_cls: 0.0009  decode.d8.loss_mask: 0.3582  decode.d8.loss_dice: 0.3433
2026/07/24 03:20:41 - mmengine - INFO - Iter(train) [37700/40000]  base_lr: 4.1035e-06 lr: 4.1035e-06  eta: 0:25:43  time: 0.6261  data_time: 0.0157  memory: 8434  grad_norm: 57.7775  loss: 10.0804  decode.loss_cls: 0.0030  decode.loss_mask: 0.5457  decode.loss_dice: 0.4078  decode.d0.loss_cls: 0.1725  decode.d0.loss_mask: 0.6430  decode.d0.loss_dice: 0.5208  decode.d1.loss_cls: 0.0255  decode.d1.loss_mask: 0.5698  decode.d1.loss_dice: 0.4291  decode.d2.loss_cls: 0.0221  decode.d2.loss_mask: 0.5500  decode.d2.loss_dice: 0.4172  decode.d3.loss_cls: 0.0081  decode.d3.loss_mask: 0.5502  decode.d3.loss_dice: 0.4164  decode.d4.loss_cls: 0.0044  decode.d4.loss_mask: 0.5485  decode.d4.loss_dice: 0.4175  decode.d5.loss_cls: 0.0024  decode.d5.loss_mask: 0.5427  decode.d5.loss_dice: 0.4049  decode.d6.loss_cls: 0.0017  decode.d6.loss_mask: 0.5469  decode.d6.loss_dice: 0.4080  decode.d7.loss_cls: 0.0021  decode.d7.loss_mask: 0.5476  decode.d7.loss_dice: 0.4128  decode.d8.loss_cls: 0.0029  decode.d8.loss_mask: 0.5486  decode.d8.loss_dice: 0.4082
2026/07/24 03:21:43 - mmengine - INFO - Iter(train) [37800/40000]  base_lr: 3.9426e-06 lr: 3.9426e-06  eta: 0:24:35  time: 0.6277  data_time: 0.0179  memory: 8434  grad_norm: 63.9429  loss: 8.2853  decode.loss_cls: 0.0003  decode.loss_mask: 0.4561  decode.loss_dice: 0.3627  decode.d0.loss_cls: 0.0830  decode.d0.loss_mask: 0.4568  decode.d0.loss_dice: 0.3656  decode.d1.loss_cls: 0.0081  decode.d1.loss_mask: 0.4482  decode.d1.loss_dice: 0.3653  decode.d2.loss_cls: 0.0018  decode.d2.loss_mask: 0.4506  decode.d2.loss_dice: 0.3622  decode.d3.loss_cls: 0.0007  decode.d3.loss_mask: 0.4524  decode.d3.loss_dice: 0.3628  decode.d4.loss_cls: 0.0006  decode.d4.loss_mask: 0.4572  decode.d4.loss_dice: 0.3640  decode.d5.loss_cls: 0.0005  decode.d5.loss_mask: 0.4577  decode.d5.loss_dice: 0.3630  decode.d6.loss_cls: 0.0004  decode.d6.loss_mask: 0.4582  decode.d6.loss_dice: 0.3627  decode.d7.loss_cls: 0.0003  decode.d7.loss_mask: 0.4587  decode.d7.loss_dice: 0.3634  decode.d8.loss_cls: 0.0003  decode.d8.loss_mask: 0.4590  decode.d8.loss_dice: 0.3628
2026/07/24 03:22:45 - mmengine - INFO - Iter(train) [37900/40000]  base_lr: 3.7809e-06 lr: 3.7809e-06  eta: 0:23:28  time: 0.6132  data_time: 0.0151  memory: 8434  grad_norm: 35.7200  loss: 6.9842  decode.loss_cls: 0.0140  decode.loss_mask: 0.2708  decode.loss_dice: 0.3894  decode.d0.loss_cls: 0.1231  decode.d0.loss_mask: 0.2896  decode.d0.loss_dice: 0.4455  decode.d1.loss_cls: 0.0488  decode.d1.loss_mask: 0.2741  decode.d1.loss_dice: 0.4038  decode.d2.loss_cls: 0.0228  decode.d2.loss_mask: 0.2736  decode.d2.loss_dice: 0.4011  decode.d3.loss_cls: 0.0113  decode.d3.loss_mask: 0.2719  decode.d3.loss_dice: 0.3936  decode.d4.loss_cls: 0.0113  decode.d4.loss_mask: 0.2708  decode.d4.loss_dice: 0.3812  decode.d5.loss_cls: 0.0040  decode.d5.loss_mask: 0.2697  decode.d5.loss_dice: 0.3864  decode.d6.loss_cls: 0.0040  decode.d6.loss_mask: 0.2715  decode.d6.loss_dice: 0.4046  decode.d7.loss_cls: 0.0036  decode.d7.loss_mask: 0.2723  decode.d7.loss_dice: 0.4173  decode.d8.loss_cls: 0.0037  decode.d8.loss_mask: 0.2701  decode.d8.loss_dice: 0.3805
2026/07/24 03:23:48 - mmengine - INFO - Exp name: fusion_vits_m2f_nocont_23999_20260723_192916
2026/07/24 03:23:48 - mmengine - INFO - Iter(train) [38000/40000]  base_lr: 3.6185e-06 lr: 3.6185e-06  eta: 0:22:21  time: 0.6150  data_time: 0.0155  memory: 8434  grad_norm: 43.3393  loss: 8.3108  decode.loss_cls: 0.0011  decode.loss_mask: 0.4194  decode.loss_dice: 0.3979  decode.d0.loss_cls: 0.0995  decode.d0.loss_mask: 0.4425  decode.d0.loss_dice: 0.4474  decode.d1.loss_cls: 0.0146  decode.d1.loss_mask: 0.4150  decode.d1.loss_dice: 0.3976  decode.d2.loss_cls: 0.0038  decode.d2.loss_mask: 0.4145  decode.d2.loss_dice: 0.4047  decode.d3.loss_cls: 0.0022  decode.d3.loss_mask: 0.4167  decode.d3.loss_dice: 0.3922  decode.d4.loss_cls: 0.0018  decode.d4.loss_mask: 0.4184  decode.d4.loss_dice: 0.3923  decode.d5.loss_cls: 0.0021  decode.d5.loss_mask: 0.4179  decode.d5.loss_dice: 0.3919  decode.d6.loss_cls: 0.0022  decode.d6.loss_mask: 0.4155  decode.d6.loss_dice: 0.3927  decode.d7.loss_cls: 0.0015  decode.d7.loss_mask: 0.4157  decode.d7.loss_dice: 0.3848  decode.d8.loss_cls: 0.0012  decode.d8.loss_mask: 0.4192  decode.d8.loss_dice: 0.3845
2026/07/24 03:23:48 - mmengine - INFO - Saving checkpoint at 38000 iterations
2026/07/24 03:24:30 - mmengine - INFO - Iter(val) [100/504]    eta: 0:01:28  time: 0.2032  data_time: 0.0081  memory: 3245  
2026/07/24 03:24:50 - mmengine - INFO - Iter(val) [200/504]    eta: 0:01:04  time: 0.2050  data_time: 0.0079  memory: 3245  
2026/07/24 03:25:11 - mmengine - INFO - Iter(val) [300/504]    eta: 0:00:42  time: 0.2052  data_time: 0.0079  memory: 3245  
2026/07/24 03:25:32 - mmengine - INFO - Iter(val) [400/504]    eta: 0:00:21  time: 0.2031  data_time: 0.0072  memory: 3245  
2026/07/24 03:25:52 - mmengine - INFO - Iter(val) [500/504]    eta: 0:00:00  time: 0.2041  data_time: 0.0075  memory: 3245  
2026/07/24 03:25:56 - mmengine - INFO - per class results:
2026/07/24 03:25:56 - mmengine - INFO - 
+--------------------+-------+-------+--------+-----------+--------+
|       Class        |  IoU  |  Acc  | Fscore | Precision | Recall |
+--------------------+-------+-------+--------+-----------+--------+
| impervious_surface |  87.3 | 93.55 | 93.22  |   92.89   | 93.55  |
|      building      | 95.56 |  98.6 | 97.73  |   96.88   |  98.6  |
|   low_vegetation   | 79.16 |  91.4 | 88.36  |   85.52   |  91.4  |
|        tree        | 79.03 | 83.79 | 88.29  |   93.29   | 83.79  |
|        car         | 92.72 | 95.16 | 96.22  |   97.32   | 95.16  |
+--------------------+-------+-------+--------+-----------+--------+
2026/07/24 03:25:56 - mmengine - INFO - Iter(val) [504/504]    aAcc: 92.0100  mIoU: 86.7500  mAcc: 92.5000  mFscore: 92.7700  mPrecision: 93.1800  mRecall: 92.5000  data_time: 0.0115  time: 0.2083
2026/07/24 03:27:01 - mmengine - INFO - Iter(train) [38100/40000]  base_lr: 3.4552e-06 lr: 3.4552e-06  eta: 0:21:14  time: 0.6184  data_time: 0.0159  memory: 8424  grad_norm: 127.2661  loss: 13.5427  decode.loss_cls: 0.0043  decode.loss_mask: 0.8089  decode.loss_dice: 0.5245  decode.d0.loss_cls: 0.1189  decode.d0.loss_mask: 0.8370  decode.d0.loss_dice: 0.5195  decode.d1.loss_cls: 0.0316  decode.d1.loss_mask: 0.8320  decode.d1.loss_dice: 0.5261  decode.d2.loss_cls: 0.0160  decode.d2.loss_mask: 0.8137  decode.d2.loss_dice: 0.5166  decode.d3.loss_cls: 0.0087  decode.d3.loss_mask: 0.8061  decode.d3.loss_dice: 0.5089  decode.d4.loss_cls: 0.0071  decode.d4.loss_mask: 0.8132  decode.d4.loss_dice: 0.5192  decode.d5.loss_cls: 0.0067  decode.d5.loss_mask: 0.8063  decode.d5.loss_dice: 0.5109  decode.d6.loss_cls: 0.0035  decode.d6.loss_mask: 0.8095  decode.d6.loss_dice: 0.5188  decode.d7.loss_cls: 0.0039  decode.d7.loss_mask: 0.8102  decode.d7.loss_dice: 0.5095  decode.d8.loss_cls: 0.0034  decode.d8.loss_mask: 0.8106  decode.d8.loss_dice: 0.5371
2026/07/24 03:28:03 - mmengine - INFO - Iter(train) [38200/40000]  base_lr: 3.2911e-06 lr: 3.2911e-06  eta: 0:20:06  time: 0.6213  data_time: 0.0153  memory: 8424  grad_norm: 46.9397  loss: 8.2828  decode.loss_cls: 0.0018  decode.loss_mask: 0.4537  decode.loss_dice: 0.3699  decode.d0.loss_cls: 0.0902  decode.d0.loss_mask: 0.4605  decode.d0.loss_dice: 0.3809  decode.d1.loss_cls: 0.0232  decode.d1.loss_mask: 0.4503  decode.d1.loss_dice: 0.3666  decode.d2.loss_cls: 0.0058  decode.d2.loss_mask: 0.4480  decode.d2.loss_dice: 0.3602  decode.d3.loss_cls: 0.0098  decode.d3.loss_mask: 0.4501  decode.d3.loss_dice: 0.3565  decode.d4.loss_cls: 0.0034  decode.d4.loss_mask: 0.4494  decode.d4.loss_dice: 0.3588  decode.d5.loss_cls: 0.0025  decode.d5.loss_mask: 0.4471  decode.d5.loss_dice: 0.3585  decode.d6.loss_cls: 0.0013  decode.d6.loss_mask: 0.4491  decode.d6.loss_dice: 0.3645  decode.d7.loss_cls: 0.0011  decode.d7.loss_mask: 0.4491  decode.d7.loss_dice: 0.3613  decode.d8.loss_cls: 0.0014  decode.d8.loss_mask: 0.4509  decode.d8.loss_dice: 0.3570
2026/07/24 03:29:04 - mmengine - INFO - Iter(train) [38300/40000]  base_lr: 3.1261e-06 lr: 3.1261e-06  eta: 0:18:59  time: 0.6176  data_time: 0.0158  memory: 8434  grad_norm: 49.1409  loss: 8.3984  decode.loss_cls: 0.0001  decode.loss_mask: 0.4640  decode.loss_dice: 0.3659  decode.d0.loss_cls: 0.0649  decode.d0.loss_mask: 0.4802  decode.d0.loss_dice: 0.3732  decode.d1.loss_cls: 0.0076  decode.d1.loss_mask: 0.4689  decode.d1.loss_dice: 0.3676  decode.d2.loss_cls: 0.0024  decode.d2.loss_mask: 0.4642  decode.d2.loss_dice: 0.3659  decode.d3.loss_cls: 0.0004  decode.d3.loss_mask: 0.4639  decode.d3.loss_dice: 0.3692  decode.d4.loss_cls: 0.0003  decode.d4.loss_mask: 0.4637  decode.d4.loss_dice: 0.3691  decode.d5.loss_cls: 0.0002  decode.d5.loss_mask: 0.4596  decode.d5.loss_dice: 0.3655  decode.d6.loss_cls: 0.0002  decode.d6.loss_mask: 0.4605  decode.d6.loss_dice: 0.3655  decode.d7.loss_cls: 0.0002  decode.d7.loss_mask: 0.4631  decode.d7.loss_dice: 0.3668  decode.d8.loss_cls: 0.0001  decode.d8.loss_mask: 0.4610  decode.d8.loss_dice: 0.3644
2026/07/24 03:30:07 - mmengine - INFO - Iter(train) [38400/40000]  base_lr: 2.9601e-06 lr: 2.9601e-06  eta: 0:17:52  time: 0.6172  data_time: 0.0167  memory: 8434  grad_norm: 78.7105  loss: 10.1060  decode.loss_cls: 0.0008  decode.loss_mask: 0.5508  decode.loss_dice: 0.4412  decode.d0.loss_cls: 0.0834  decode.d0.loss_mask: 0.5818  decode.d0.loss_dice: 0.4564  decode.d1.loss_cls: 0.0099  decode.d1.loss_mask: 0.5635  decode.d1.loss_dice: 0.4446  decode.d2.loss_cls: 0.0036  decode.d2.loss_mask: 0.5636  decode.d2.loss_dice: 0.4411  decode.d3.loss_cls: 0.0019  decode.d3.loss_mask: 0.5584  decode.d3.loss_dice: 0.4438  decode.d4.loss_cls: 0.0013  decode.d4.loss_mask: 0.5551  decode.d4.loss_dice: 0.4431  decode.d5.loss_cls: 0.0010  decode.d5.loss_mask: 0.5524  decode.d5.loss_dice: 0.4403  decode.d6.loss_cls: 0.0008  decode.d6.loss_mask: 0.5491  decode.d6.loss_dice: 0.4380  decode.d7.loss_cls: 0.0005  decode.d7.loss_mask: 0.5509  decode.d7.loss_dice: 0.4404  decode.d8.loss_cls: 0.0007  decode.d8.loss_mask: 0.5482  decode.d8.loss_dice: 0.4394
2026/07/24 03:31:10 - mmengine - INFO - Iter(train) [38500/40000]  base_lr: 2.7931e-06 lr: 2.7931e-06  eta: 0:16:45  time: 0.6362  data_time: 0.0158  memory: 8424  grad_norm: 55.3051  loss: 8.7126  decode.loss_cls: 0.0003  decode.loss_mask: 0.4602  decode.loss_dice: 0.3986  decode.d0.loss_cls: 0.0876  decode.d0.loss_mask: 0.4787  decode.d0.loss_dice: 0.4136  decode.d1.loss_cls: 0.0353  decode.d1.loss_mask: 0.4636  decode.d1.loss_dice: 0.3981  decode.d2.loss_cls: 0.0047  decode.d2.loss_mask: 0.4599  decode.d2.loss_dice: 0.3983  decode.d3.loss_cls: 0.0011  decode.d3.loss_mask: 0.4557  decode.d3.loss_dice: 0.3920  decode.d4.loss_cls: 0.0008  decode.d4.loss_mask: 0.4573  decode.d4.loss_dice: 0.3939  decode.d5.loss_cls: 0.0005  decode.d5.loss_mask: 0.4552  decode.d5.loss_dice: 0.3977  decode.d6.loss_cls: 0.0003  decode.d6.loss_mask: 0.4560  decode.d6.loss_dice: 0.3961  decode.d7.loss_cls: 0.0004  decode.d7.loss_mask: 0.4574  decode.d7.loss_dice: 0.3957  decode.d8.loss_cls: 0.0002  decode.d8.loss_mask: 0.4572  decode.d8.loss_dice: 0.3963
2026/07/24 03:32:12 - mmengine - INFO - Iter(train) [38600/40000]  base_lr: 2.6249e-06 lr: 2.6249e-06  eta: 0:15:38  time: 0.6490  data_time: 0.0163  memory: 8434  grad_norm: 86.4854  loss: 12.0956  decode.loss_cls: 0.0457  decode.loss_mask: 0.6096  decode.loss_dice: 0.5238  decode.d0.loss_cls: 0.0820  decode.d0.loss_mask: 0.7164  decode.d0.loss_dice: 0.5967  decode.d1.loss_cls: 0.0703  decode.d1.loss_mask: 0.6357  decode.d1.loss_dice: 0.5434  decode.d2.loss_cls: 0.0573  decode.d2.loss_mask: 0.6231  decode.d2.loss_dice: 0.5400  decode.d3.loss_cls: 0.0540  decode.d3.loss_mask: 0.6064  decode.d3.loss_dice: 0.5241  decode.d4.loss_cls: 0.0404  decode.d4.loss_mask: 0.6082  decode.d4.loss_dice: 0.5254  decode.d5.loss_cls: 0.0402  decode.d5.loss_mask: 0.6101  decode.d5.loss_dice: 0.5260  decode.d6.loss_cls: 0.0437  decode.d6.loss_mask: 0.6103  decode.d6.loss_dice: 0.5187  decode.d7.loss_cls: 0.0488  decode.d7.loss_mask: 0.6077  decode.d7.loss_dice: 0.5166  decode.d8.loss_cls: 0.0456  decode.d8.loss_mask: 0.6050  decode.d8.loss_dice: 0.5204
2026/07/24 03:33:14 - mmengine - INFO - Iter(train) [38700/40000]  base_lr: 2.4555e-06 lr: 2.4555e-06  eta: 0:14:30  time: 0.6114  data_time: 0.0168  memory: 8434  grad_norm: 52.7775  loss: 7.3614  decode.loss_cls: 0.0007  decode.loss_mask: 0.3831  decode.loss_dice: 0.3285  decode.d0.loss_cls: 0.1265  decode.d0.loss_mask: 0.4071  decode.d0.loss_dice: 0.3610  decode.d1.loss_cls: 0.0193  decode.d1.loss_mask: 0.3877  decode.d1.loss_dice: 0.3411  decode.d2.loss_cls: 0.0181  decode.d2.loss_mask: 0.3841  decode.d2.loss_dice: 0.3348  decode.d3.loss_cls: 0.0022  decode.d3.loss_mask: 0.3827  decode.d3.loss_dice: 0.3327  decode.d4.loss_cls: 0.0014  decode.d4.loss_mask: 0.3821  decode.d4.loss_dice: 0.3278  decode.d5.loss_cls: 0.0016  decode.d5.loss_mask: 0.3823  decode.d5.loss_dice: 0.3238  decode.d6.loss_cls: 0.0010  decode.d6.loss_mask: 0.3823  decode.d6.loss_dice: 0.3267  decode.d7.loss_cls: 0.0010  decode.d7.loss_mask: 0.3849  decode.d7.loss_dice: 0.3233  decode.d8.loss_cls: 0.0008  decode.d8.loss_mask: 0.3856  decode.d8.loss_dice: 0.3272
2026/07/24 03:34:17 - mmengine - INFO - Iter(train) [38800/40000]  base_lr: 2.2849e-06 lr: 2.2849e-06  eta: 0:13:23  time: 0.6116  data_time: 0.0159  memory: 8434  grad_norm: 58.4959  loss: 9.2291  decode.loss_cls: 0.0042  decode.loss_mask: 0.4963  decode.loss_dice: 0.3906  decode.d0.loss_cls: 0.1320  decode.d0.loss_mask: 0.5557  decode.d0.loss_dice: 0.4446  decode.d1.loss_cls: 0.0251  decode.d1.loss_mask: 0.5071  decode.d1.loss_dice: 0.4089  decode.d2.loss_cls: 0.0060  decode.d2.loss_mask: 0.5021  decode.d2.loss_dice: 0.3940  decode.d3.loss_cls: 0.0048  decode.d3.loss_mask: 0.4997  decode.d3.loss_dice: 0.3879  decode.d4.loss_cls: 0.0039  decode.d4.loss_mask: 0.4979  decode.d4.loss_dice: 0.3907  decode.d5.loss_cls: 0.0027  decode.d5.loss_mask: 0.4997  decode.d5.loss_dice: 0.3910  decode.d6.loss_cls: 0.0033  decode.d6.loss_mask: 0.5002  decode.d6.loss_dice: 0.3888  decode.d7.loss_cls: 0.0025  decode.d7.loss_mask: 0.4997  decode.d7.loss_dice: 0.3930  decode.d8.loss_cls: 0.0031  decode.d8.loss_mask: 0.4996  decode.d8.loss_dice: 0.3940
2026/07/24 03:35:23 - mmengine - INFO - Iter(train) [38900/40000]  base_lr: 2.1128e-06 lr: 2.1128e-06  eta: 0:12:16  time: 0.6214  data_time: 0.0162  memory: 8434  grad_norm: 65.8589  loss: 7.1751  decode.loss_cls: 0.0132  decode.loss_mask: 0.3814  decode.loss_dice: 0.2816  decode.d0.loss_cls: 0.1484  decode.d0.loss_mask: 0.4248  decode.d0.loss_dice: 0.3539  decode.d1.loss_cls: 0.0336  decode.d1.loss_mask: 0.4065  decode.d1.loss_dice: 0.3022  decode.d2.loss_cls: 0.0270  decode.d2.loss_mask: 0.3923  decode.d2.loss_dice: 0.2883  decode.d3.loss_cls: 0.0226  decode.d3.loss_mask: 0.3855  decode.d3.loss_dice: 0.2925  decode.d4.loss_cls: 0.0169  decode.d4.loss_mask: 0.3855  decode.d4.loss_dice: 0.2859  decode.d5.loss_cls: 0.0126  decode.d5.loss_mask: 0.3827  decode.d5.loss_dice: 0.2893  decode.d6.loss_cls: 0.0134  decode.d6.loss_mask: 0.3841  decode.d6.loss_dice: 0.2828  decode.d7.loss_cls: 0.0128  decode.d7.loss_mask: 0.3801  decode.d7.loss_dice: 0.2826  decode.d8.loss_cls: 0.0127  decode.d8.loss_mask: 0.3866  decode.d8.loss_dice: 0.2932
2026/07/24 03:36:24 - mmengine - INFO - Exp name: fusion_vits_m2f_nocont_23999_20260723_192916
2026/07/24 03:36:24 - mmengine - INFO - Iter(train) [39000/40000]  base_lr: 1.9391e-06 lr: 1.9391e-06  eta: 0:11:09  time: 0.6139  data_time: 0.0150  memory: 8424  grad_norm: 70.4623  loss: 8.9550  decode.loss_cls: 0.0019  decode.loss_mask: 0.4985  decode.loss_dice: 0.3731  decode.d0.loss_cls: 0.1119  decode.d0.loss_mask: 0.5230  decode.d0.loss_dice: 0.3871  decode.d1.loss_cls: 0.0143  decode.d1.loss_mask: 0.5017  decode.d1.loss_dice: 0.3771  decode.d2.loss_cls: 0.0062  decode.d2.loss_mask: 0.5007  decode.d2.loss_dice: 0.3771  decode.d3.loss_cls: 0.0089  decode.d3.loss_mask: 0.5008  decode.d3.loss_dice: 0.3803  decode.d4.loss_cls: 0.0082  decode.d4.loss_mask: 0.5006  decode.d4.loss_dice: 0.3818  decode.d5.loss_cls: 0.0089  decode.d5.loss_mask: 0.4989  decode.d5.loss_dice: 0.3607  decode.d6.loss_cls: 0.0028  decode.d6.loss_mask: 0.5020  decode.d6.loss_dice: 0.3782  decode.d7.loss_cls: 0.0019  decode.d7.loss_mask: 0.4993  decode.d7.loss_dice: 0.3659  decode.d8.loss_cls: 0.0026  decode.d8.loss_mask: 0.4973  decode.d8.loss_dice: 0.3832
2026/07/24 03:37:27 - mmengine - INFO - Iter(train) [39100/40000]  base_lr: 1.7637e-06 lr: 1.7637e-06  eta: 0:10:02  time: 0.6214  data_time: 0.0182  memory: 8434  grad_norm: 72.1039  loss: 10.5006  decode.loss_cls: 0.0006  decode.loss_mask: 0.5809  decode.loss_dice: 0.4340  decode.d0.loss_cls: 0.1072  decode.d0.loss_mask: 0.6514  decode.d0.loss_dice: 0.4840  decode.d1.loss_cls: 0.0187  decode.d1.loss_mask: 0.5926  decode.d1.loss_dice: 0.4473  decode.d2.loss_cls: 0.0090  decode.d2.loss_mask: 0.5853  decode.d2.loss_dice: 0.4512  decode.d3.loss_cls: 0.0012  decode.d3.loss_mask: 0.5842  decode.d3.loss_dice: 0.4368  decode.d4.loss_cls: 0.0008  decode.d4.loss_mask: 0.5836  decode.d4.loss_dice: 0.4373  decode.d5.loss_cls: 0.0007  decode.d5.loss_mask: 0.5892  decode.d5.loss_dice: 0.4450  decode.d6.loss_cls: 0.0005  decode.d6.loss_mask: 0.5844  decode.d6.loss_dice: 0.4350  decode.d7.loss_cls: 0.0004  decode.d7.loss_mask: 0.5833  decode.d7.loss_dice: 0.4368  decode.d8.loss_cls: 0.0005  decode.d8.loss_mask: 0.5829  decode.d8.loss_dice: 0.4359
2026/07/24 03:38:29 - mmengine - INFO - Iter(train) [39200/40000]  base_lr: 1.5863e-06 lr: 1.5863e-06  eta: 0:08:55  time: 0.6365  data_time: 0.0150  memory: 8434  grad_norm: 42.5670  loss: 7.3864  decode.loss_cls: 0.0002  decode.loss_mask: 0.3974  decode.loss_dice: 0.3235  decode.d0.loss_cls: 0.0828  decode.d0.loss_mask: 0.4224  decode.d0.loss_dice: 0.3435  decode.d1.loss_cls: 0.0149  decode.d1.loss_mask: 0.4010  decode.d1.loss_dice: 0.3313  decode.d2.loss_cls: 0.0017  decode.d2.loss_mask: 0.3998  decode.d2.loss_dice: 0.3311  decode.d3.loss_cls: 0.0009  decode.d3.loss_mask: 0.3967  decode.d3.loss_dice: 0.3251  decode.d4.loss_cls: 0.0011  decode.d4.loss_mask: 0.3978  decode.d4.loss_dice: 0.3227  decode.d5.loss_cls: 0.0009  decode.d5.loss_mask: 0.3957  decode.d5.loss_dice: 0.3233  decode.d6.loss_cls: 0.0003  decode.d6.loss_mask: 0.3974  decode.d6.loss_dice: 0.3185  decode.d7.loss_cls: 0.0004  decode.d7.loss_mask: 0.3980  decode.d7.loss_dice: 0.3292  decode.d8.loss_cls: 0.0003  decode.d8.loss_mask: 0.3998  decode.d8.loss_dice: 0.3287
2026/07/24 03:39:31 - mmengine - INFO - Iter(train) [39300/40000]  base_lr: 1.4067e-06 lr: 1.4067e-06  eta: 0:07:48  time: 0.6490  data_time: 0.0252  memory: 8434  grad_norm: 52.1076  loss: 8.7031  decode.loss_cls: 0.0010  decode.loss_mask: 0.4979  decode.loss_dice: 0.3395  decode.d0.loss_cls: 0.1159  decode.d0.loss_mask: 0.5578  decode.d0.loss_dice: 0.3857  decode.d1.loss_cls: 0.0395  decode.d1.loss_mask: 0.5103  decode.d1.loss_dice: 0.3406  decode.d2.loss_cls: 0.0064  decode.d2.loss_mask: 0.5060  decode.d2.loss_dice: 0.3450  decode.d3.loss_cls: 0.0025  decode.d3.loss_mask: 0.5046  decode.d3.loss_dice: 0.3409  decode.d4.loss_cls: 0.0013  decode.d4.loss_mask: 0.5031  decode.d4.loss_dice: 0.3437  decode.d5.loss_cls: 0.0013  decode.d5.loss_mask: 0.5018  decode.d5.loss_dice: 0.3437  decode.d6.loss_cls: 0.0011  decode.d6.loss_mask: 0.4983  decode.d6.loss_dice: 0.3369  decode.d7.loss_cls: 0.0011  decode.d7.loss_mask: 0.5004  decode.d7.loss_dice: 0.3424  decode.d8.loss_cls: 0.0010  decode.d8.loss_mask: 0.4996  decode.d8.loss_dice: 0.3340
2026/07/24 03:40:34 - mmengine - INFO - Iter(train) [39400/40000]  base_lr: 1.2244e-06 lr: 1.2244e-06  eta: 0:06:41  time: 0.6376  data_time: 0.0233  memory: 8424  grad_norm: 48.3467  loss: 7.6280  decode.loss_cls: 0.0154  decode.loss_mask: 0.3871  decode.loss_dice: 0.3572  decode.d0.loss_cls: 0.0936  decode.d0.loss_mask: 0.4045  decode.d0.loss_dice: 0.3765  decode.d1.loss_cls: 0.0225  decode.d1.loss_mask: 0.3922  decode.d1.loss_dice: 0.3504  decode.d2.loss_cls: 0.0080  decode.d2.loss_mask: 0.3888  decode.d2.loss_dice: 0.3534  decode.d3.loss_cls: 0.0103  decode.d3.loss_mask: 0.3904  decode.d3.loss_dice: 0.3460  decode.d4.loss_cls: 0.0056  decode.d4.loss_mask: 0.3935  decode.d4.loss_dice: 0.3591  decode.d5.loss_cls: 0.0064  decode.d5.loss_mask: 0.3878  decode.d5.loss_dice: 0.3517  decode.d6.loss_cls: 0.0046  decode.d6.loss_mask: 0.3887  decode.d6.loss_dice: 0.3534  decode.d7.loss_cls: 0.0049  decode.d7.loss_mask: 0.3878  decode.d7.loss_dice: 0.3462  decode.d8.loss_cls: 0.0066  decode.d8.loss_mask: 0.3875  decode.d8.loss_dice: 0.3478
2026/07/24 03:41:36 - mmengine - INFO - Iter(train) [39500/40000]  base_lr: 1.0391e-06 lr: 1.0391e-06  eta: 0:05:34  time: 0.6180  data_time: 0.0151  memory: 8434  grad_norm: 75.2517  loss: 10.8374  decode.loss_cls: 0.0025  decode.loss_mask: 0.5970  decode.loss_dice: 0.4655  decode.d0.loss_cls: 0.0954  decode.d0.loss_mask: 0.6323  decode.d0.loss_dice: 0.4843  decode.d1.loss_cls: 0.0175  decode.d1.loss_mask: 0.6134  decode.d1.loss_dice: 0.4781  decode.d2.loss_cls: 0.0044  decode.d2.loss_mask: 0.6063  decode.d2.loss_dice: 0.4693  decode.d3.loss_cls: 0.0031  decode.d3.loss_mask: 0.5974  decode.d3.loss_dice: 0.4618  decode.d4.loss_cls: 0.0023  decode.d4.loss_mask: 0.6004  decode.d4.loss_dice: 0.4633  decode.d5.loss_cls: 0.0022  decode.d5.loss_mask: 0.5959  decode.d5.loss_dice: 0.4598  decode.d6.loss_cls: 0.0017  decode.d6.loss_mask: 0.5953  decode.d6.loss_dice: 0.4635  decode.d7.loss_cls: 0.0024  decode.d7.loss_mask: 0.5994  decode.d7.loss_dice: 0.4628  decode.d8.loss_cls: 0.0029  decode.d8.loss_mask: 0.5988  decode.d8.loss_dice: 0.4584
2026/07/24 03:42:37 - mmengine - INFO - Iter(train) [39600/40000]  base_lr: 8.5007e-07 lr: 8.5007e-07  eta: 0:04:27  time: 0.6144  data_time: 0.0150  memory: 8434  grad_norm: 48.1577  loss: 6.4099  decode.loss_cls: 0.0004  decode.loss_mask: 0.3555  decode.loss_dice: 0.2611  decode.d0.loss_cls: 0.1130  decode.d0.loss_mask: 0.3749  decode.d0.loss_dice: 0.2963  decode.d1.loss_cls: 0.0087  decode.d1.loss_mask: 0.3544  decode.d1.loss_dice: 0.2685  decode.d2.loss_cls: 0.0056  decode.d2.loss_mask: 0.3560  decode.d2.loss_dice: 0.2623  decode.d3.loss_cls: 0.0016  decode.d3.loss_mask: 0.3608  decode.d3.loss_dice: 0.2645  decode.d4.loss_cls: 0.0008  decode.d4.loss_mask: 0.3566  decode.d4.loss_dice: 0.2782  decode.d5.loss_cls: 0.0004  decode.d5.loss_mask: 0.3594  decode.d5.loss_dice: 0.2595  decode.d6.loss_cls: 0.0004  decode.d6.loss_mask: 0.3592  decode.d6.loss_dice: 0.2715  decode.d7.loss_cls: 0.0005  decode.d7.loss_mask: 0.3552  decode.d7.loss_dice: 0.2610  decode.d8.loss_cls: 0.0004  decode.d8.loss_mask: 0.3568  decode.d8.loss_dice: 0.2662
2026/07/24 03:43:40 - mmengine - INFO - Iter(train) [39700/40000]  base_lr: 6.5616e-07 lr: 6.5616e-07  eta: 0:03:20  time: 0.6147  data_time: 0.0162  memory: 8434  grad_norm: 64.2493  loss: 8.4114  decode.loss_cls: 0.0013  decode.loss_mask: 0.4213  decode.loss_dice: 0.3924  decode.d0.loss_cls: 0.1141  decode.d0.loss_mask: 0.4634  decode.d0.loss_dice: 0.4327  decode.d1.loss_cls: 0.0363  decode.d1.loss_mask: 0.4312  decode.d1.loss_dice: 0.4010  decode.d2.loss_cls: 0.0175  decode.d2.loss_mask: 0.4245  decode.d2.loss_dice: 0.3777  decode.d3.loss_cls: 0.0167  decode.d3.loss_mask: 0.4186  decode.d3.loss_dice: 0.3839  decode.d4.loss_cls: 0.0038  decode.d4.loss_mask: 0.4218  decode.d4.loss_dice: 0.3970  decode.d5.loss_cls: 0.0029  decode.d5.loss_mask: 0.4218  decode.d5.loss_dice: 0.3932  decode.d6.loss_cls: 0.0017  decode.d6.loss_mask: 0.4222  decode.d6.loss_dice: 0.4019  decode.d7.loss_cls: 0.0015  decode.d7.loss_mask: 0.4201  decode.d7.loss_dice: 0.3907  decode.d8.loss_cls: 0.0014  decode.d8.loss_mask: 0.4202  decode.d8.loss_dice: 0.3785
2026/07/24 03:44:45 - mmengine - INFO - Iter(train) [39800/40000]  base_lr: 4.5554e-07 lr: 4.5554e-07  eta: 0:02:13  time: 0.6220  data_time: 0.0171  memory: 8434  grad_norm: 128.8505  loss: 12.4190  decode.loss_cls: 0.0044  decode.loss_mask: 0.7081  decode.loss_dice: 0.4981  decode.d0.loss_cls: 0.1399  decode.d0.loss_mask: 0.7406  decode.d0.loss_dice: 0.5384  decode.d1.loss_cls: 0.0360  decode.d1.loss_mask: 0.7312  decode.d1.loss_dice: 0.4840  decode.d2.loss_cls: 0.0435  decode.d2.loss_mask: 0.7211  decode.d2.loss_dice: 0.4914  decode.d3.loss_cls: 0.0105  decode.d3.loss_mask: 0.7180  decode.d3.loss_dice: 0.4832  decode.d4.loss_cls: 0.0093  decode.d4.loss_mask: 0.7207  decode.d4.loss_dice: 0.4745  decode.d5.loss_cls: 0.0078  decode.d5.loss_mask: 0.7155  decode.d5.loss_dice: 0.4856  decode.d6.loss_cls: 0.0037  decode.d6.loss_mask: 0.7094  decode.d6.loss_dice: 0.4791  decode.d7.loss_cls: 0.0234  decode.d7.loss_mask: 0.7124  decode.d7.loss_dice: 0.5093  decode.d8.loss_cls: 0.0038  decode.d8.loss_mask: 0.7153  decode.d8.loss_dice: 0.5006
2026/07/24 03:45:51 - mmengine - INFO - Iter(train) [39900/40000]  base_lr: 2.4412e-07 lr: 2.4412e-07  eta: 0:01:06  time: 0.6134  data_time: 0.0161  memory: 8424  grad_norm: 81.0121  loss: 8.5856  decode.loss_cls: 0.0002  decode.loss_mask: 0.4895  decode.loss_dice: 0.3497  decode.d0.loss_cls: 0.0852  decode.d0.loss_mask: 0.5239  decode.d0.loss_dice: 0.3606  decode.d1.loss_cls: 0.0039  decode.d1.loss_mask: 0.4980  decode.d1.loss_dice: 0.3587  decode.d2.loss_cls: 0.0011  decode.d2.loss_mask: 0.4946  decode.d2.loss_dice: 0.3578  decode.d3.loss_cls: 0.0004  decode.d3.loss_mask: 0.4901  decode.d3.loss_dice: 0.3532  decode.d4.loss_cls: 0.0003  decode.d4.loss_mask: 0.4914  decode.d4.loss_dice: 0.3503  decode.d5.loss_cls: 0.0002  decode.d5.loss_mask: 0.4908  decode.d5.loss_dice: 0.3502  decode.d6.loss_cls: 0.0003  decode.d6.loss_mask: 0.4928  decode.d6.loss_dice: 0.3505  decode.d7.loss_cls: 0.0002  decode.d7.loss_mask: 0.4911  decode.d7.loss_dice: 0.3545  decode.d8.loss_cls: 0.0002  decode.d8.loss_mask: 0.4926  decode.d8.loss_dice: 0.3534
2026/07/24 03:46:58 - mmengine - INFO - Exp name: fusion_vits_m2f_nocont_23999_20260723_192916
2026/07/24 03:46:58 - mmengine - INFO - Iter(train) [40000/40000]  base_lr: 0.0000e+00 lr: 0.0000e+00  eta: 0:00:00  time: 0.6724  data_time: 0.0229  memory: 8434  grad_norm: 61.3498  loss: 9.5947  decode.loss_cls: 0.0005  decode.loss_mask: 0.5255  decode.loss_dice: 0.4218  decode.d0.loss_cls: 0.0669  decode.d0.loss_mask: 0.5525  decode.d0.loss_dice: 0.4303  decode.d1.loss_cls: 0.0102  decode.d1.loss_mask: 0.5364  decode.d1.loss_dice: 0.4242  decode.d2.loss_cls: 0.0051  decode.d2.loss_mask: 0.5285  decode.d2.loss_dice: 0.4160  decode.d3.loss_cls: 0.0008  decode.d3.loss_mask: 0.5275  decode.d3.loss_dice: 0.4230  decode.d4.loss_cls: 0.0006  decode.d4.loss_mask: 0.5259  decode.d4.loss_dice: 0.4207  decode.d5.loss_cls: 0.0005  decode.d5.loss_mask: 0.5266  decode.d5.loss_dice: 0.4186  decode.d6.loss_cls: 0.0006  decode.d6.loss_mask: 0.5207  decode.d6.loss_dice: 0.4169  decode.d7.loss_cls: 0.0005  decode.d7.loss_mask: 0.5234  decode.d7.loss_dice: 0.4232  decode.d8.loss_cls: 0.0005  decode.d8.loss_mask: 0.5251  decode.d8.loss_dice: 0.4218
2026/07/24 03:46:58 - mmengine - INFO - Saving checkpoint at 40000 iterations
2026/07/24 03:48:29 - mmengine - INFO - Iter(val) [100/504]    eta: 0:01:28  time: 0.2033  data_time: 0.0076  memory: 3245  
2026/07/24 03:48:50 - mmengine - INFO - Iter(val) [200/504]    eta: 0:01:04  time: 0.2031  data_time: 0.0074  memory: 3245  
2026/07/24 03:49:10 - mmengine - INFO - Iter(val) [300/504]    eta: 0:00:42  time: 0.2021  data_time: 0.0073  memory: 3245  
2026/07/24 03:49:30 - mmengine - INFO - Iter(val) [400/504]    eta: 0:00:21  time: 0.2042  data_time: 0.0073  memory: 3245  
2026/07/24 03:49:51 - mmengine - INFO - Iter(val) [500/504]    eta: 0:00:00  time: 0.2030  data_time: 0.0071  memory: 3245  
2026/07/24 03:49:55 - mmengine - INFO - per class results:
2026/07/24 03:49:55 - mmengine - INFO - 
+--------------------+-------+-------+--------+-----------+--------+
|       Class        |  IoU  |  Acc  | Fscore | Precision | Recall |
+--------------------+-------+-------+--------+-----------+--------+
| impervious_surface | 87.52 |  92.8 | 93.34  |    93.9   |  92.8  |
|      building      | 95.69 | 98.16 |  97.8  |   97.44   | 98.16  |
|   low_vegetation   | 79.52 | 92.31 | 88.59  |   85.16   | 92.31  |
|        tree        | 79.82 | 84.96 | 88.78  |   92.96   | 84.96  |
|        car         | 92.66 |  94.8 | 96.19  |   97.63   |  94.8  |
+--------------------+-------+-------+--------+-----------+--------+
2026/07/24 03:49:55 - mmengine - INFO - Iter(val) [504/504]    aAcc: 92.2000  mIoU: 87.0400  mAcc: 92.6000  mFscore: 92.9400  mPrecision: 93.4200  mRecall: 92.6000  data_time: 0.0106  time: 0.2067
