2026/08/03 14:29:29 - mmengine - INFO - 
------------------------------------------------------------
System environment:
    sys.platform: linux
    Python: 3.12.13 | packaged by Anaconda, Inc. | (main, Mar 19 2026, 20:20:58) [GCC 14.3.0]
    CUDA available: True
    MUSA available: False
    numpy_random_seed: 413525100
    GPU 0,1,2,3: NVIDIA A40
    CUDA_HOME: /home/users_model/miniconda3/envs/mmseg_dino
    NVCC: Cuda compilation tools, release 12.9, V12.9.86
    GCC: gcc (Ubuntu 9.4.0-1ubuntu1~20.04.2) 9.4.0
    PyTorch: 2.7.1
    PyTorch compiling details: PyTorch built with:
  - GCC 14.3
  - C++ Version: 201703
  - Intel(R) oneAPI Math Kernel Library Version 2024.2.2-Product Build 20240823 for Intel(R) 64 architecture applications
  - Intel(R) MKL-DNN v3.7.1 (Git Hash d21fc6dbb4db827872fc8cf05e70f6771bd4937b)
  - OpenMP 201511 (a.k.a. OpenMP 4.5)
  - LAPACK is enabled (usually provided by MKL)
  - NNPACK is enabled
  - CPU capability usage: AVX512
  - CUDA Runtime 12.9
  - NVCC architecture flags: -gencode;arch=compute_50,code=sm_50;-gencode;arch=compute_60,code=sm_60;-gencode;arch=compute_70,code=sm_70;-gencode;arch=compute_75,code=sm_75;-gencode;arch=compute_80,code=sm_80;-gencode;arch=compute_86,code=sm_86;-gencode;arch=compute_90,code=sm_90;-gencode;arch=compute_100,code=sm_100;-gencode;arch=compute_120,code=sm_120;-gencode;arch=compute_120,code=compute_120
  - CuDNN 91.0.2
    - Built with CuDNN 91.0.1
  - Magma 2.9.0
  - Build settings: BLAS_INFO=mkl, BUILD_TYPE=Release, COMMIT_SHA=Unknown, CUDA_VERSION=12.9, CUDNN_VERSION=9.10.1, CXX_COMPILER=/home/conda/feedstock_root/build_artifacts/libtorch_1753846581042/_build_env/bin/x86_64-conda-linux-gnu-c++, CXX_FLAGS=-fmessage-length=0 -march=nocona -mtune=haswell -ftree-vectorize -fPIC -fstack-protector-strong -fno-plt -O2 -ffunction-sections -pipe -isystem /home/conda/feedstock_root/build_artifacts/libtorch_1753846581042/_h_env_placehold_placehold_placehold_placehold_placehold_placehold_placehold_placehold_placehold_placehold_placehold_placehold_placehold_placehold_placehold_placehold_placehold_placehold_pl/include -fdebug-prefix-map=/home/conda/feedstock_root/build_artifacts/libtorch_1753846581042/work=/usr/local/src/conda/libtorch-2.7.1 -fdebug-prefix-map=/home/conda/feedstock_root/build_artifacts/libtorch_1753846581042/_h_env_placehold_placehold_placehold_placehold_placehold_placehold_placehold_placehold_placehold_placehold_placehold_placehold_placehold_placehold_placehold_placehold_placehold_placehold_pl=/usr/local/src/conda-prefix -I/home/conda/feedstock_root/build_artifacts/libtorch_1753846581042/_h_env_placehold_placehold_placehold_placehold_placehold_placehold_placehold_placehold_placehold_placehold_placehold_placehold_placehold_placehold_placehold_placehold_placehold_placehold_pl/targets/x86_64-linux/include -I/home/conda/feedstock_root/build_artifacts/libtorch_1753846581042/_build_env/targets/x86_64-linux/include -w -Wno-deprecated-declarations -Wno-error=maybe-uninitialized -D_GLIBCXX_USE_CXX11_ABI=1 -fvisibility-inlines-hidden -DUSE_PTHREADPOOL -DNDEBUG -DUSE_KINETO -DLIBKINETO_NOROCTRACER -DLIBKINETO_NOXPUPTI=ON -DUSE_FBGEMM -DUSE_PYTORCH_QNNPACK -DUSE_XNNPACK -DSYMBOLICATE_MOBILE_DEBUG_HANDLE -O2 -fPIC -Wall -Wextra -Werror=return-type -Werror=non-virtual-dtor -Werror=range-loop-construct -Werror=bool-operation -Wnarrowing -Wno-missing-field-initializers -Wno-unknown-pragmas -Wno-unused-parameter -Wno-strict-overflow -Wno-strict-aliasing -Wno-stringop-overflow -Wsuggest-override -Wno-psabi -Wno-error=old-style-cast -fdiagnostics-color=always -faligned-new -Wno-maybe-uninitialized -fno-math-errno -fno-trapping-math -Werror=format -Wno-dangling-reference -Wno-error=dangling-reference -Wno-error=redundant-move -Wno-stringop-overflow, LAPACK_INFO=mkl, PERF_WITH_AVX=1, PERF_WITH_AVX2=1, TORCH_VERSION=2.7.1, USE_CUDA=1, USE_CUDNN=ON, USE_CUSPARSELT=OFF, USE_GFLAGS=OFF, USE_GLOG=OFF, USE_GLOO=ON, USE_MKL=ON, USE_MKLDNN=1, USE_MPI=OFF, USE_NCCL=ON, USE_NNPACK=ON, USE_OPENMP=ON, USE_ROCM=OFF, USE_ROCM_KERNEL_ASSERT=OFF, 

    TorchVision: 0.22.1
    OpenCV: 4.13.0
    MMEngine: 0.10.7

Runtime environment:
    cudnn_benchmark: True
    mp_cfg: {'mp_start_method': 'fork', 'opencv_num_threads': 0}
    dist_cfg: {'backend': 'nccl'}
    seed: 413525100
    Distributed launcher: pytorch
    Distributed training: True
    GPU number: 4
------------------------------------------------------------

2026/08/03 14:29:29 - mmengine - INFO - Config:
DATA_ROOT = '/mnt/qh2-nas3/00-model/00-limx/datasets/potsdam/'
DINO_CKPT = '/mnt/qh2-nas3/00-model/00-wrs/zhejiang_earth_results/zhejiang_DinoViT_large_Olmoearth10m_128gpu_stage2_stage3_no_cl_gram_nofusion/4999_new.pt'
auto_scale_lr = dict(base_batch_size=16, enable=False)
crop_size = (
    512,
    512,
)
custom_imports = dict(
    allow_failed_imports=False,
    imports=[
        'custom_datasets.customPotsdam',
        'custom_models.dinov3_backbone',
    ])
data_preprocessor = dict(
    bgr_to_rgb=False,
    mean=None,
    pad_val=0,
    seg_pad_val=255,
    size=(
        512,
        512,
    ),
    std=None,
    test_cfg=dict(size_divisor=32),
    type='SegDataPreProcessor')
data_root = 'data/ade/ADEChallengeData2016'
dataset_type = 'ADE20KDataset'
default_hooks = dict(
    checkpoint=dict(
        by_epoch=False,
        interval=2000,
        max_keep_ckpts=3,
        save_best='mIoU',
        type='CheckpointHook'),
    logger=dict(interval=100, log_metric_by_epoch=False, type='LoggerHook'),
    param_scheduler=dict(type='ParamSchedulerHook'),
    sampler_seed=dict(type='DistSamplerSeedHook'),
    timer=dict(type='IterTimerHook'),
    visualization=dict(type='SegVisualizationHook'))
default_scope = 'mmseg'
embed_multi = dict(decay_mult=0.0, lr_mult=1.0)
env_cfg = dict(
    cudnn_benchmark=True,
    dist_cfg=dict(backend='nccl'),
    mp_cfg=dict(mp_start_method='fork', opencv_num_threads=0))
find_unused_parameters = True
img_ratios = [
    0.5,
    0.75,
    1.0,
    1.25,
    1.5,
    1.75,
]
img_size = 512
launcher = 'pytorch'
load_from = None
log_level = 'INFO'
log_processor = dict(by_epoch=False)
max_iters = 40000
model = dict(
    backbone=dict(
        arch='vit_large',
        checkpoint=
        '/mnt/qh2-nas3/00-model/00-wrs/zhejiang_earth_results/zhejiang_DinoViT_large_Olmoearth10m_128gpu_stage2_stage3_no_cl_gram_nofusion/4999_new.pt',
        finetune_vit=False,
        freeze_backbone=True,
        img_size=512,
        interaction_indexes=[
            5,
            11,
            17,
            23,
        ],
        layerscale_init=1e-05,
        mask_k_bias=True,
        n_storage_tokens=4,
        patch_size=16,
        type='DINOv3BackboneMmseg'),
    data_preprocessor=dict(
        bgr_to_rgb=False,
        mean=None,
        pad_val=0,
        seg_pad_val=255,
        size=(
            512,
            512,
        ),
        std=None,
        test_cfg=dict(size_divisor=32),
        type='SegDataPreProcessor'),
    decode_head=dict(
        align_corners=False,
        enforce_decoder_input_project=False,
        feat_channels=256,
        in_channels=[
            1024,
            1024,
            1024,
            1024,
        ],
        loss_cls=dict(
            class_weight=[
                1.0,
                1.0,
                1.0,
                1.0,
                1.0,
                1.0,
            ],
            loss_weight=1.0,
            reduction='mean',
            type='mmdet.CrossEntropyLoss',
            use_sigmoid=False),
        loss_dice=dict(
            activate=True,
            eps=1.0,
            loss_weight=5.0,
            naive_dice=True,
            reduction='mean',
            type='mmdet.DiceLoss',
            use_sigmoid=True),
        loss_mask=dict(
            loss_weight=5.0,
            reduction='mean',
            type='mmdet.CrossEntropyLoss',
            use_sigmoid=True),
        num_classes=5,
        num_queries=100,
        num_transformer_feat_level=3,
        out_channels=256,
        pixel_decoder=dict(
            act_cfg=dict(type='ReLU'),
            encoder=dict(
                init_cfg=None,
                layer_cfg=dict(
                    ffn_cfg=dict(
                        act_cfg=dict(inplace=True, type='ReLU'),
                        embed_dims=256,
                        feedforward_channels=1024,
                        ffn_drop=0.0,
                        num_fcs=2),
                    self_attn_cfg=dict(
                        batch_first=True,
                        dropout=0.0,
                        embed_dims=256,
                        im2col_step=64,
                        init_cfg=None,
                        norm_cfg=None,
                        num_heads=8,
                        num_levels=3,
                        num_points=4)),
                num_layers=6),
            init_cfg=None,
            norm_cfg=dict(num_groups=32, type='GN'),
            num_outs=3,
            positional_encoding=dict(normalize=True, num_feats=128),
            type='mmdet.MSDeformAttnPixelDecoder'),
        positional_encoding=dict(normalize=True, num_feats=128),
        strides=[
            4,
            8,
            16,
            32,
        ],
        train_cfg=dict(
            assigner=dict(
                match_costs=[
                    dict(type='mmdet.ClassificationCost', weight=2.0),
                    dict(
                        type='mmdet.CrossEntropyLossCost',
                        use_sigmoid=True,
                        weight=5.0),
                    dict(
                        eps=1.0,
                        pred_act=True,
                        type='mmdet.DiceCost',
                        weight=5.0),
                ],
                type='mmdet.HungarianAssigner'),
            importance_sample_ratio=0.75,
            num_points=12544,
            oversample_ratio=3.0,
            sampler=dict(type='mmdet.MaskPseudoSampler')),
        transformer_decoder=dict(
            init_cfg=None,
            layer_cfg=dict(
                cross_attn_cfg=dict(
                    attn_drop=0.0,
                    batch_first=True,
                    dropout_layer=None,
                    embed_dims=256,
                    num_heads=8,
                    proj_drop=0.0),
                ffn_cfg=dict(
                    act_cfg=dict(inplace=True, type='ReLU'),
                    add_identity=True,
                    dropout_layer=None,
                    embed_dims=256,
                    feedforward_channels=2048,
                    ffn_drop=0.0,
                    num_fcs=2),
                self_attn_cfg=dict(
                    attn_drop=0.0,
                    batch_first=True,
                    dropout_layer=None,
                    embed_dims=256,
                    num_heads=8,
                    proj_drop=0.0)),
            num_layers=9,
            return_intermediate=True),
        type='Mask2FormerHead'),
    test_cfg=dict(mode='whole'),
    train_cfg=dict(),
    type='EncoderDecoder')
num_classes = 5
optim_wrapper = dict(
    clip_grad=dict(max_norm=0.01, norm_type=2),
    optimizer=dict(
        betas=(
            0.9,
            0.999,
        ),
        eps=1e-08,
        lr=2e-05,
        type='AdamW',
        weight_decay=0.05),
    paramwise_cfg=dict(
        custom_keys=dict({'backbone.backbone': dict(lr_mult=0.0)}),
        norm_decay_mult=0.0),
    type='OptimWrapper')
optimizer = dict(
    betas=(
        0.9,
        0.999,
    ),
    eps=1e-08,
    lr=0.0001,
    type='AdamW',
    weight_decay=0.05)
param_scheduler = [
    dict(
        begin=0, by_epoch=False, end=3000, start_factor=0.001,
        type='LinearLR'),
    dict(
        T_max=37000,
        begin=3000,
        by_epoch=False,
        end=40000,
        eta_min=1e-06,
        type='CosineAnnealingLR'),
]
resume = False
test_cfg = dict(type='TestLoop')
test_dataloader = dict(
    batch_size=8,
    dataset=dict(
        data_root='/mnt/qh2-nas3/00-model/00-limx/datasets/potsdam/',
        pipeline=[
            dict(img_size=512, type='LoadCustomRaster'),
            dict(type='CustomNormalize'),
            dict(type='PackSegInputs'),
        ],
        split='val',
        type='CustomPotsdamDataset'),
    num_workers=8)
test_evaluator = dict(
    iou_metrics=[
        'mIoU',
        'mFscore',
    ], type='IoUMetric')
test_pipeline = [
    dict(type='LoadImageFromFile'),
    dict(keep_ratio=True, scale=(
        2048,
        512,
    ), type='Resize'),
    dict(reduce_zero_label=True, type='LoadAnnotations'),
    dict(type='PackSegInputs'),
]
train_cfg = dict(max_iters=40000, type='IterBasedTrainLoop', val_interval=2000)
train_dataloader = dict(
    batch_size=8,
    dataset=dict(
        data_root='/mnt/qh2-nas3/00-model/00-limx/datasets/potsdam/',
        pipeline=[
            dict(img_size=512, type='LoadCustomRaster'),
            dict(prob=0.5, type='CustomRandomRotate90'),
            dict(direction='horizontal', prob=0.5, type='RandomFlip'),
            dict(direction='vertical', prob=0.5, type='RandomFlip'),
            dict(
                brightness=0.2,
                contrast=0.2,
                prob=0.5,
                saturation=0.1,
                type='RandomColorJitter'),
            dict(type='CustomNormalize'),
            dict(type='PackSegInputs'),
        ],
        split='train',
        type='CustomPotsdamDataset'),
    num_workers=8)
train_pipeline = [
    dict(img_size=512, type='LoadCustomRaster'),
    dict(prob=0.5, type='CustomRandomRotate90'),
    dict(direction='horizontal', prob=0.5, type='RandomFlip'),
    dict(direction='vertical', prob=0.5, type='RandomFlip'),
    dict(
        brightness=0.2,
        contrast=0.2,
        prob=0.5,
        saturation=0.1,
        type='RandomColorJitter'),
    dict(type='CustomNormalize'),
    dict(type='PackSegInputs'),
]
tta_model = dict(type='SegTTAModel')
tta_pipeline = [
    dict(backend_args=None, type='LoadImageFromFile'),
    dict(
        transforms=[
            [
                dict(keep_ratio=True, scale_factor=0.5, type='Resize'),
                dict(keep_ratio=True, scale_factor=0.75, type='Resize'),
                dict(keep_ratio=True, scale_factor=1.0, type='Resize'),
                dict(keep_ratio=True, scale_factor=1.25, type='Resize'),
                dict(keep_ratio=True, scale_factor=1.5, type='Resize'),
                dict(keep_ratio=True, scale_factor=1.75, type='Resize'),
            ],
            [
                dict(direction='horizontal', prob=0.0, type='RandomFlip'),
                dict(direction='horizontal', prob=1.0, type='RandomFlip'),
            ],
            [
                dict(type='LoadAnnotations'),
            ],
            [
                dict(type='PackSegInputs'),
            ],
        ],
        type='TestTimeAug'),
]
val_cfg = dict(type='ValLoop')
val_dataloader = dict(
    batch_size=8,
    dataset=dict(
        data_root='/mnt/qh2-nas3/00-model/00-limx/datasets/potsdam/',
        pipeline=[
            dict(img_size=512, type='LoadCustomRaster'),
            dict(type='CustomNormalize'),
            dict(type='PackSegInputs'),
        ],
        split='val',
        type='CustomPotsdamDataset'),
    num_workers=8)
val_evaluator = dict(
    iou_metrics=[
        'mIoU',
        'mFscore',
    ], type='IoUMetric')
val_pipeline = [
    dict(img_size=512, type='LoadCustomRaster'),
    dict(type='CustomNormalize'),
    dict(type='PackSegInputs'),
]
vis_backends = [
    dict(type='LocalVisBackend'),
]
visualizer = dict(
    name='visualizer',
    type='SegLocalVisualizer',
    vis_backends=[
        dict(type='LocalVisBackend'),
    ])
work_dir = 'work_dirs/dinov3_m2f_gram_4999_v2'

2026/08/03 14:30:05 - mmengine - INFO - Hooks will be executed in the following order:
before_run:
(VERY_HIGH   ) RuntimeInfoHook                    
(BELOW_NORMAL) LoggerHook                         
 -------------------- 
before_train:
(VERY_HIGH   ) RuntimeInfoHook                    
(NORMAL      ) IterTimerHook                      
(VERY_LOW    ) CheckpointHook                     
 -------------------- 
before_train_epoch:
(VERY_HIGH   ) RuntimeInfoHook                    
(NORMAL      ) IterTimerHook                      
(NORMAL      ) DistSamplerSeedHook                
 -------------------- 
before_train_iter:
(VERY_HIGH   ) RuntimeInfoHook                    
(NORMAL      ) IterTimerHook                      
 -------------------- 
after_train_iter:
(VERY_HIGH   ) RuntimeInfoHook                    
(NORMAL      ) IterTimerHook                      
(BELOW_NORMAL) LoggerHook                         
(LOW         ) ParamSchedulerHook                 
(VERY_LOW    ) CheckpointHook                     
 -------------------- 
after_train_epoch:
(NORMAL      ) IterTimerHook                      
(LOW         ) ParamSchedulerHook                 
(VERY_LOW    ) CheckpointHook                     
 -------------------- 
before_val:
(VERY_HIGH   ) RuntimeInfoHook                    
 -------------------- 
before_val_epoch:
(NORMAL      ) IterTimerHook                      
 -------------------- 
before_val_iter:
(NORMAL      ) IterTimerHook                      
 -------------------- 
after_val_iter:
(NORMAL      ) IterTimerHook                      
(NORMAL      ) SegVisualizationHook               
(BELOW_NORMAL) LoggerHook                         
 -------------------- 
after_val_epoch:
(VERY_HIGH   ) RuntimeInfoHook                    
(NORMAL      ) IterTimerHook                      
(BELOW_NORMAL) LoggerHook                         
(LOW         ) ParamSchedulerHook                 
(VERY_LOW    ) CheckpointHook                     
 -------------------- 
after_val:
(VERY_HIGH   ) RuntimeInfoHook                    
 -------------------- 
after_train:
(VERY_HIGH   ) RuntimeInfoHook                    
(VERY_LOW    ) CheckpointHook                     
 -------------------- 
before_test:
(VERY_HIGH   ) RuntimeInfoHook                    
 -------------------- 
before_test_epoch:
(NORMAL      ) IterTimerHook                      
 -------------------- 
before_test_iter:
(NORMAL      ) IterTimerHook                      
 -------------------- 
after_test_iter:
(NORMAL      ) IterTimerHook                      
(NORMAL      ) SegVisualizationHook               
(BELOW_NORMAL) LoggerHook                         
 -------------------- 
after_test_epoch:
(VERY_HIGH   ) RuntimeInfoHook                    
(NORMAL      ) IterTimerHook                      
(BELOW_NORMAL) LoggerHook                         
 -------------------- 
after_test:
(VERY_HIGH   ) RuntimeInfoHook                    
 -------------------- 
after_run:
(BELOW_NORMAL) LoggerHook                         
 -------------------- 
2026/08/03 14:30:13 - mmengine - WARNING - backbone.backbone.cls_token is skipped since its requires_grad=False
2026/08/03 14:30:13 - mmengine - WARNING - backbone.backbone.storage_tokens is skipped since its requires_grad=False
2026/08/03 14:30:13 - mmengine - WARNING - backbone.backbone.mask_token is skipped since its requires_grad=False
2026/08/03 14:30:13 - mmengine - WARNING - backbone.backbone.patch_embed.proj.weight is skipped since its requires_grad=False
2026/08/03 14:30:13 - mmengine - WARNING - backbone.backbone.patch_embed.proj.bias is skipped since its requires_grad=False
2026/08/03 14:30:13 - mmengine - WARNING - backbone.backbone.blocks.0.norm1.weight is skipped since its requires_grad=False
2026/08/03 14:30:13 - mmengine - WARNING - backbone.backbone.blocks.0.norm1.bias is skipped since its requires_grad=False
2026/08/03 14:30:13 - mmengine - WARNING - backbone.backbone.blocks.0.attn.qkv.weight is skipped since its requires_grad=False
2026/08/03 14:30:13 - mmengine - WARNING - backbone.backbone.blocks.0.attn.qkv.bias is skipped since its requires_grad=False
2026/08/03 14:30:13 - mmengine - WARNING - backbone.backbone.blocks.0.attn.proj.weight is skipped since its requires_grad=False
2026/08/03 14:30:13 - mmengine - WARNING - backbone.backbone.blocks.0.attn.proj.bias is skipped since its requires_grad=False
2026/08/03 14:30:13 - mmengine - WARNING - backbone.backbone.blocks.0.ls1.gamma is skipped since its requires_grad=False
2026/08/03 14:30:13 - mmengine - WARNING - backbone.backbone.blocks.0.norm2.weight is skipped since its requires_grad=False
2026/08/03 14:30:13 - mmengine - WARNING - backbone.backbone.blocks.0.norm2.bias is skipped since its requires_grad=False
2026/08/03 14:30:13 - mmengine - WARNING - backbone.backbone.blocks.0.mlp.fc1.weight is skipped since its requires_grad=False
2026/08/03 14:30:13 - mmengine - WARNING - backbone.backbone.blocks.0.mlp.fc1.bias is skipped since its requires_grad=False
2026/08/03 14:30:13 - mmengine - WARNING - backbone.backbone.blocks.0.mlp.fc2.weight is skipped since its requires_grad=False
2026/08/03 14:30:13 - mmengine - WARNING - backbone.backbone.blocks.0.mlp.fc2.bias is skipped since its requires_grad=False
2026/08/03 14:30:13 - mmengine - WARNING - backbone.backbone.blocks.0.ls2.gamma is skipped since its requires_grad=False
2026/08/03 14:30:13 - mmengine - WARNING - backbone.backbone.blocks.1.norm1.weight is skipped since its requires_grad=False
2026/08/03 14:30:13 - mmengine - WARNING - backbone.backbone.blocks.1.norm1.bias is skipped since its requires_grad=False
2026/08/03 14:30:13 - mmengine - WARNING - backbone.backbone.blocks.1.attn.qkv.weight is skipped since its requires_grad=False
2026/08/03 14:30:13 - mmengine - WARNING - backbone.backbone.blocks.1.attn.qkv.bias is skipped since its requires_grad=False
2026/08/03 14:30:13 - mmengine - WARNING - backbone.backbone.blocks.1.attn.proj.weight is skipped since its requires_grad=False
2026/08/03 14:30:13 - mmengine - WARNING - backbone.backbone.blocks.1.attn.proj.bias is skipped since its requires_grad=False
2026/08/03 14:30:13 - mmengine - WARNING - backbone.backbone.blocks.1.ls1.gamma is skipped since its requires_grad=False
2026/08/03 14:30:13 - mmengine - WARNING - backbone.backbone.blocks.1.norm2.weight is skipped since its requires_grad=False
2026/08/03 14:30:13 - mmengine - WARNING - backbone.backbone.blocks.1.norm2.bias is skipped since its requires_grad=False
2026/08/03 14:30:13 - mmengine - WARNING - backbone.backbone.blocks.1.mlp.fc1.weight is skipped since its requires_grad=False
2026/08/03 14:30:13 - mmengine - WARNING - backbone.backbone.blocks.1.mlp.fc1.bias is skipped since its requires_grad=False
2026/08/03 14:30:13 - mmengine - WARNING - backbone.backbone.blocks.1.mlp.fc2.weight is skipped since its requires_grad=False
2026/08/03 14:30:13 - mmengine - WARNING - backbone.backbone.blocks.1.mlp.fc2.bias is skipped since its requires_grad=False
2026/08/03 14:30:13 - mmengine - WARNING - backbone.backbone.blocks.1.ls2.gamma is skipped since its requires_grad=False
2026/08/03 14:30:13 - mmengine - WARNING - backbone.backbone.blocks.2.norm1.weight is skipped since its requires_grad=False
2026/08/03 14:30:13 - mmengine - WARNING - backbone.backbone.blocks.2.norm1.bias is skipped since its requires_grad=False
2026/08/03 14:30:13 - mmengine - WARNING - backbone.backbone.blocks.2.attn.qkv.weight is skipped since its requires_grad=False
2026/08/03 14:30:13 - mmengine - WARNING - backbone.backbone.blocks.2.attn.qkv.bias is skipped since its requires_grad=False
2026/08/03 14:30:13 - mmengine - WARNING - backbone.backbone.blocks.2.attn.proj.weight is skipped since its requires_grad=False
2026/08/03 14:30:13 - mmengine - WARNING - backbone.backbone.blocks.2.attn.proj.bias is skipped since its requires_grad=False
2026/08/03 14:30:13 - mmengine - WARNING - backbone.backbone.blocks.2.ls1.gamma is skipped since its requires_grad=False
2026/08/03 14:30:13 - mmengine - WARNING - backbone.backbone.blocks.2.norm2.weight is skipped since its requires_grad=False
2026/08/03 14:30:13 - mmengine - WARNING - backbone.backbone.blocks.2.norm2.bias is skipped since its requires_grad=False
2026/08/03 14:30:13 - mmengine - WARNING - backbone.backbone.blocks.2.mlp.fc1.weight is skipped since its requires_grad=False
2026/08/03 14:30:13 - mmengine - WARNING - backbone.backbone.blocks.2.mlp.fc1.bias is skipped since its requires_grad=False
2026/08/03 14:30:13 - mmengine - WARNING - backbone.backbone.blocks.2.mlp.fc2.weight is skipped since its requires_grad=False
2026/08/03 14:30:13 - mmengine - WARNING - backbone.backbone.blocks.2.mlp.fc2.bias is skipped since its requires_grad=False
2026/08/03 14:30:13 - mmengine - WARNING - backbone.backbone.blocks.2.ls2.gamma is skipped since its requires_grad=False
2026/08/03 14:30:13 - mmengine - WARNING - backbone.backbone.blocks.3.norm1.weight is skipped since its requires_grad=False
2026/08/03 14:30:13 - mmengine - WARNING - backbone.backbone.blocks.3.norm1.bias is skipped since its requires_grad=False
2026/08/03 14:30:13 - mmengine - WARNING - backbone.backbone.blocks.3.attn.qkv.weight is skipped since its requires_grad=False
2026/08/03 14:30:13 - mmengine - WARNING - backbone.backbone.blocks.3.attn.qkv.bias is skipped since its requires_grad=False
2026/08/03 14:30:13 - mmengine - WARNING - backbone.backbone.blocks.3.attn.proj.weight is skipped since its requires_grad=False
2026/08/03 14:30:13 - mmengine - WARNING - backbone.backbone.blocks.3.attn.proj.bias is skipped since its requires_grad=False
2026/08/03 14:30:13 - mmengine - WARNING - backbone.backbone.blocks.3.ls1.gamma is skipped since its requires_grad=False
2026/08/03 14:30:13 - mmengine - WARNING - backbone.backbone.blocks.3.norm2.weight is skipped since its requires_grad=False
2026/08/03 14:30:13 - mmengine - WARNING - backbone.backbone.blocks.3.norm2.bias is skipped since its requires_grad=False
2026/08/03 14:30:13 - mmengine - WARNING - backbone.backbone.blocks.3.mlp.fc1.weight is skipped since its requires_grad=False
2026/08/03 14:30:13 - mmengine - WARNING - backbone.backbone.blocks.3.mlp.fc1.bias is skipped since its requires_grad=False
2026/08/03 14:30:13 - mmengine - WARNING - backbone.backbone.blocks.3.mlp.fc2.weight is skipped since its requires_grad=False
2026/08/03 14:30:13 - mmengine - WARNING - backbone.backbone.blocks.3.mlp.fc2.bias is skipped since its requires_grad=False
2026/08/03 14:30:13 - mmengine - WARNING - backbone.backbone.blocks.3.ls2.gamma is skipped since its requires_grad=False
2026/08/03 14:30:13 - mmengine - WARNING - backbone.backbone.blocks.4.norm1.weight is skipped since its requires_grad=False
2026/08/03 14:30:13 - mmengine - WARNING - backbone.backbone.blocks.4.norm1.bias is skipped since its requires_grad=False
2026/08/03 14:30:13 - mmengine - WARNING - backbone.backbone.blocks.4.attn.qkv.weight is skipped since its requires_grad=False
2026/08/03 14:30:13 - mmengine - WARNING - backbone.backbone.blocks.4.attn.qkv.bias is skipped since its requires_grad=False
2026/08/03 14:30:13 - mmengine - WARNING - backbone.backbone.blocks.4.attn.proj.weight is skipped since its requires_grad=False
2026/08/03 14:30:13 - mmengine - WARNING - backbone.backbone.blocks.4.attn.proj.bias is skipped since its requires_grad=False
2026/08/03 14:30:13 - mmengine - WARNING - backbone.backbone.blocks.4.ls1.gamma is skipped since its requires_grad=False
2026/08/03 14:30:13 - mmengine - WARNING - backbone.backbone.blocks.4.norm2.weight is skipped since its requires_grad=False
2026/08/03 14:30:13 - mmengine - WARNING - backbone.backbone.blocks.4.norm2.bias is skipped since its requires_grad=False
2026/08/03 14:30:13 - mmengine - WARNING - backbone.backbone.blocks.4.mlp.fc1.weight is skipped since its requires_grad=False
2026/08/03 14:30:13 - mmengine - WARNING - backbone.backbone.blocks.4.mlp.fc1.bias is skipped since its requires_grad=False
2026/08/03 14:30:13 - mmengine - WARNING - backbone.backbone.blocks.4.mlp.fc2.weight is skipped since its requires_grad=False
2026/08/03 14:30:13 - mmengine - WARNING - backbone.backbone.blocks.4.mlp.fc2.bias is skipped since its requires_grad=False
2026/08/03 14:30:13 - mmengine - WARNING - backbone.backbone.blocks.4.ls2.gamma is skipped since its requires_grad=False
2026/08/03 14:30:13 - mmengine - WARNING - backbone.backbone.blocks.5.norm1.weight is skipped since its requires_grad=False
2026/08/03 14:30:13 - mmengine - WARNING - backbone.backbone.blocks.5.norm1.bias is skipped since its requires_grad=False
2026/08/03 14:30:13 - mmengine - WARNING - backbone.backbone.blocks.5.attn.qkv.weight is skipped since its requires_grad=False
2026/08/03 14:30:13 - mmengine - WARNING - backbone.backbone.blocks.5.attn.qkv.bias is skipped since its requires_grad=False
2026/08/03 14:30:13 - mmengine - WARNING - backbone.backbone.blocks.5.attn.proj.weight is skipped since its requires_grad=False
2026/08/03 14:30:13 - mmengine - WARNING - backbone.backbone.blocks.5.attn.proj.bias is skipped since its requires_grad=False
2026/08/03 14:30:13 - mmengine - WARNING - backbone.backbone.blocks.5.ls1.gamma is skipped since its requires_grad=False
2026/08/03 14:30:13 - mmengine - WARNING - backbone.backbone.blocks.5.norm2.weight is skipped since its requires_grad=False
2026/08/03 14:30:13 - mmengine - WARNING - backbone.backbone.blocks.5.norm2.bias is skipped since its requires_grad=False
2026/08/03 14:30:13 - mmengine - WARNING - backbone.backbone.blocks.5.mlp.fc1.weight is skipped since its requires_grad=False
2026/08/03 14:30:13 - mmengine - WARNING - backbone.backbone.blocks.5.mlp.fc1.bias is skipped since its requires_grad=False
2026/08/03 14:30:13 - mmengine - WARNING - backbone.backbone.blocks.5.mlp.fc2.weight is skipped since its requires_grad=False
2026/08/03 14:30:13 - mmengine - WARNING - backbone.backbone.blocks.5.mlp.fc2.bias is skipped since its requires_grad=False
2026/08/03 14:30:13 - mmengine - WARNING - backbone.backbone.blocks.5.ls2.gamma is skipped since its requires_grad=False
2026/08/03 14:30:13 - mmengine - WARNING - backbone.backbone.blocks.6.norm1.weight is skipped since its requires_grad=False
2026/08/03 14:30:13 - mmengine - WARNING - backbone.backbone.blocks.6.norm1.bias is skipped since its requires_grad=False
2026/08/03 14:30:13 - mmengine - WARNING - backbone.backbone.blocks.6.attn.qkv.weight is skipped since its requires_grad=False
2026/08/03 14:30:13 - mmengine - WARNING - backbone.backbone.blocks.6.attn.qkv.bias is skipped since its requires_grad=False
2026/08/03 14:30:13 - mmengine - WARNING - backbone.backbone.blocks.6.attn.proj.weight is skipped since its requires_grad=False
2026/08/03 14:30:13 - mmengine - WARNING - backbone.backbone.blocks.6.attn.proj.bias is skipped since its requires_grad=False
2026/08/03 14:30:13 - mmengine - WARNING - backbone.backbone.blocks.6.ls1.gamma is skipped since its requires_grad=False
2026/08/03 14:30:13 - mmengine - WARNING - backbone.backbone.blocks.6.norm2.weight is skipped since its requires_grad=False
2026/08/03 14:30:13 - mmengine - WARNING - backbone.backbone.blocks.6.norm2.bias is skipped since its requires_grad=False
2026/08/03 14:30:13 - mmengine - WARNING - backbone.backbone.blocks.6.mlp.fc1.weight is skipped since its requires_grad=False
2026/08/03 14:30:13 - mmengine - WARNING - backbone.backbone.blocks.6.mlp.fc1.bias is skipped since its requires_grad=False
2026/08/03 14:30:13 - mmengine - WARNING - backbone.backbone.blocks.6.mlp.fc2.weight is skipped since its requires_grad=False
2026/08/03 14:30:13 - mmengine - WARNING - backbone.backbone.blocks.6.mlp.fc2.bias is skipped since its requires_grad=False
2026/08/03 14:30:13 - mmengine - WARNING - backbone.backbone.blocks.6.ls2.gamma is skipped since its requires_grad=False
2026/08/03 14:30:13 - mmengine - WARNING - backbone.backbone.blocks.7.norm1.weight is skipped since its requires_grad=False
2026/08/03 14:30:13 - mmengine - WARNING - backbone.backbone.blocks.7.norm1.bias is skipped since its requires_grad=False
2026/08/03 14:30:13 - mmengine - WARNING - backbone.backbone.blocks.7.attn.qkv.weight is skipped since its requires_grad=False
2026/08/03 14:30:13 - mmengine - WARNING - backbone.backbone.blocks.7.attn.qkv.bias is skipped since its requires_grad=False
2026/08/03 14:30:13 - mmengine - WARNING - backbone.backbone.blocks.7.attn.proj.weight is skipped since its requires_grad=False
2026/08/03 14:30:13 - mmengine - WARNING - backbone.backbone.blocks.7.attn.proj.bias is skipped since its requires_grad=False
2026/08/03 14:30:13 - mmengine - WARNING - backbone.backbone.blocks.7.ls1.gamma is skipped since its requires_grad=False
2026/08/03 14:30:13 - mmengine - WARNING - backbone.backbone.blocks.7.norm2.weight is skipped since its requires_grad=False
2026/08/03 14:30:13 - mmengine - WARNING - backbone.backbone.blocks.7.norm2.bias is skipped since its requires_grad=False
2026/08/03 14:30:13 - mmengine - WARNING - backbone.backbone.blocks.7.mlp.fc1.weight is skipped since its requires_grad=False
2026/08/03 14:30:13 - mmengine - WARNING - backbone.backbone.blocks.7.mlp.fc1.bias is skipped since its requires_grad=False
2026/08/03 14:30:13 - mmengine - WARNING - backbone.backbone.blocks.7.mlp.fc2.weight is skipped since its requires_grad=False
2026/08/03 14:30:13 - mmengine - WARNING - backbone.backbone.blocks.7.mlp.fc2.bias is skipped since its requires_grad=False
2026/08/03 14:30:13 - mmengine - WARNING - backbone.backbone.blocks.7.ls2.gamma is skipped since its requires_grad=False
2026/08/03 14:30:13 - mmengine - WARNING - backbone.backbone.blocks.8.norm1.weight is skipped since its requires_grad=False
2026/08/03 14:30:13 - mmengine - WARNING - backbone.backbone.blocks.8.norm1.bias is skipped since its requires_grad=False
2026/08/03 14:30:13 - mmengine - WARNING - backbone.backbone.blocks.8.attn.qkv.weight is skipped since its requires_grad=False
2026/08/03 14:30:13 - mmengine - WARNING - backbone.backbone.blocks.8.attn.qkv.bias is skipped since its requires_grad=False
2026/08/03 14:30:13 - mmengine - WARNING - backbone.backbone.blocks.8.attn.proj.weight is skipped since its requires_grad=False
2026/08/03 14:30:13 - mmengine - WARNING - backbone.backbone.blocks.8.attn.proj.bias is skipped since its requires_grad=False
2026/08/03 14:30:13 - mmengine - WARNING - backbone.backbone.blocks.8.ls1.gamma is skipped since its requires_grad=False
2026/08/03 14:30:13 - mmengine - WARNING - backbone.backbone.blocks.8.norm2.weight is skipped since its requires_grad=False
2026/08/03 14:30:13 - mmengine - WARNING - backbone.backbone.blocks.8.norm2.bias is skipped since its requires_grad=False
2026/08/03 14:30:13 - mmengine - WARNING - backbone.backbone.blocks.8.mlp.fc1.weight is skipped since its requires_grad=False
2026/08/03 14:30:13 - mmengine - WARNING - backbone.backbone.blocks.8.mlp.fc1.bias is skipped since its requires_grad=False
2026/08/03 14:30:13 - mmengine - WARNING - backbone.backbone.blocks.8.mlp.fc2.weight is skipped since its requires_grad=False
2026/08/03 14:30:13 - mmengine - WARNING - backbone.backbone.blocks.8.mlp.fc2.bias is skipped since its requires_grad=False
2026/08/03 14:30:13 - mmengine - WARNING - backbone.backbone.blocks.8.ls2.gamma is skipped since its requires_grad=False
2026/08/03 14:30:13 - mmengine - WARNING - backbone.backbone.blocks.9.norm1.weight is skipped since its requires_grad=False
2026/08/03 14:30:13 - mmengine - WARNING - backbone.backbone.blocks.9.norm1.bias is skipped since its requires_grad=False
2026/08/03 14:30:13 - mmengine - WARNING - backbone.backbone.blocks.9.attn.qkv.weight is skipped since its requires_grad=False
2026/08/03 14:30:13 - mmengine - WARNING - backbone.backbone.blocks.9.attn.qkv.bias is skipped since its requires_grad=False
2026/08/03 14:30:13 - mmengine - WARNING - backbone.backbone.blocks.9.attn.proj.weight is skipped since its requires_grad=False
2026/08/03 14:30:13 - mmengine - WARNING - backbone.backbone.blocks.9.attn.proj.bias is skipped since its requires_grad=False
2026/08/03 14:30:13 - mmengine - WARNING - backbone.backbone.blocks.9.ls1.gamma is skipped since its requires_grad=False
2026/08/03 14:30:13 - mmengine - WARNING - backbone.backbone.blocks.9.norm2.weight is skipped since its requires_grad=False
2026/08/03 14:30:13 - mmengine - WARNING - backbone.backbone.blocks.9.norm2.bias is skipped since its requires_grad=False
2026/08/03 14:30:13 - mmengine - WARNING - backbone.backbone.blocks.9.mlp.fc1.weight is skipped since its requires_grad=False
2026/08/03 14:30:13 - mmengine - WARNING - backbone.backbone.blocks.9.mlp.fc1.bias is skipped since its requires_grad=False
2026/08/03 14:30:13 - mmengine - WARNING - backbone.backbone.blocks.9.mlp.fc2.weight is skipped since its requires_grad=False
2026/08/03 14:30:13 - mmengine - WARNING - backbone.backbone.blocks.9.mlp.fc2.bias is skipped since its requires_grad=False
2026/08/03 14:30:13 - mmengine - WARNING - backbone.backbone.blocks.9.ls2.gamma is skipped since its requires_grad=False
2026/08/03 14:30:13 - mmengine - WARNING - backbone.backbone.blocks.10.norm1.weight is skipped since its requires_grad=False
2026/08/03 14:30:13 - mmengine - WARNING - backbone.backbone.blocks.10.norm1.bias is skipped since its requires_grad=False
2026/08/03 14:30:13 - mmengine - WARNING - backbone.backbone.blocks.10.attn.qkv.weight is skipped since its requires_grad=False
2026/08/03 14:30:13 - mmengine - WARNING - backbone.backbone.blocks.10.attn.qkv.bias is skipped since its requires_grad=False
2026/08/03 14:30:13 - mmengine - WARNING - backbone.backbone.blocks.10.attn.proj.weight is skipped since its requires_grad=False
2026/08/03 14:30:13 - mmengine - WARNING - backbone.backbone.blocks.10.attn.proj.bias is skipped since its requires_grad=False
2026/08/03 14:30:13 - mmengine - WARNING - backbone.backbone.blocks.10.ls1.gamma is skipped since its requires_grad=False
2026/08/03 14:30:13 - mmengine - WARNING - backbone.backbone.blocks.10.norm2.weight is skipped since its requires_grad=False
2026/08/03 14:30:13 - mmengine - WARNING - backbone.backbone.blocks.10.norm2.bias is skipped since its requires_grad=False
2026/08/03 14:30:13 - mmengine - WARNING - backbone.backbone.blocks.10.mlp.fc1.weight is skipped since its requires_grad=False
2026/08/03 14:30:13 - mmengine - WARNING - backbone.backbone.blocks.10.mlp.fc1.bias is skipped since its requires_grad=False
2026/08/03 14:30:13 - mmengine - WARNING - backbone.backbone.blocks.10.mlp.fc2.weight is skipped since its requires_grad=False
2026/08/03 14:30:13 - mmengine - WARNING - backbone.backbone.blocks.10.mlp.fc2.bias is skipped since its requires_grad=False
2026/08/03 14:30:13 - mmengine - WARNING - backbone.backbone.blocks.10.ls2.gamma is skipped since its requires_grad=False
2026/08/03 14:30:13 - mmengine - WARNING - backbone.backbone.blocks.11.norm1.weight is skipped since its requires_grad=False
2026/08/03 14:30:13 - mmengine - WARNING - backbone.backbone.blocks.11.norm1.bias is skipped since its requires_grad=False
2026/08/03 14:30:13 - mmengine - WARNING - backbone.backbone.blocks.11.attn.qkv.weight is skipped since its requires_grad=False
2026/08/03 14:30:13 - mmengine - WARNING - backbone.backbone.blocks.11.attn.qkv.bias is skipped since its requires_grad=False
2026/08/03 14:30:13 - mmengine - WARNING - backbone.backbone.blocks.11.attn.proj.weight is skipped since its requires_grad=False
2026/08/03 14:30:13 - mmengine - WARNING - backbone.backbone.blocks.11.attn.proj.bias is skipped since its requires_grad=False
2026/08/03 14:30:13 - mmengine - WARNING - backbone.backbone.blocks.11.ls1.gamma is skipped since its requires_grad=False
2026/08/03 14:30:13 - mmengine - WARNING - backbone.backbone.blocks.11.norm2.weight is skipped since its requires_grad=False
2026/08/03 14:30:13 - mmengine - WARNING - backbone.backbone.blocks.11.norm2.bias is skipped since its requires_grad=False
2026/08/03 14:30:13 - mmengine - WARNING - backbone.backbone.blocks.11.mlp.fc1.weight is skipped since its requires_grad=False
2026/08/03 14:30:13 - mmengine - WARNING - backbone.backbone.blocks.11.mlp.fc1.bias is skipped since its requires_grad=False
2026/08/03 14:30:13 - mmengine - WARNING - backbone.backbone.blocks.11.mlp.fc2.weight is skipped since its requires_grad=False
2026/08/03 14:30:13 - mmengine - WARNING - backbone.backbone.blocks.11.mlp.fc2.bias is skipped since its requires_grad=False
2026/08/03 14:30:13 - mmengine - WARNING - backbone.backbone.blocks.11.ls2.gamma is skipped since its requires_grad=False
2026/08/03 14:30:13 - mmengine - WARNING - backbone.backbone.blocks.12.norm1.weight is skipped since its requires_grad=False
2026/08/03 14:30:13 - mmengine - WARNING - backbone.backbone.blocks.12.norm1.bias is skipped since its requires_grad=False
2026/08/03 14:30:13 - mmengine - WARNING - backbone.backbone.blocks.12.attn.qkv.weight is skipped since its requires_grad=False
2026/08/03 14:30:13 - mmengine - WARNING - backbone.backbone.blocks.12.attn.qkv.bias is skipped since its requires_grad=False
2026/08/03 14:30:13 - mmengine - WARNING - backbone.backbone.blocks.12.attn.proj.weight is skipped since its requires_grad=False
2026/08/03 14:30:13 - mmengine - WARNING - backbone.backbone.blocks.12.attn.proj.bias is skipped since its requires_grad=False
2026/08/03 14:30:13 - mmengine - WARNING - backbone.backbone.blocks.12.ls1.gamma is skipped since its requires_grad=False
2026/08/03 14:30:13 - mmengine - WARNING - backbone.backbone.blocks.12.norm2.weight is skipped since its requires_grad=False
2026/08/03 14:30:13 - mmengine - WARNING - backbone.backbone.blocks.12.norm2.bias is skipped since its requires_grad=False
2026/08/03 14:30:13 - mmengine - WARNING - backbone.backbone.blocks.12.mlp.fc1.weight is skipped since its requires_grad=False
2026/08/03 14:30:13 - mmengine - WARNING - backbone.backbone.blocks.12.mlp.fc1.bias is skipped since its requires_grad=False
2026/08/03 14:30:13 - mmengine - WARNING - backbone.backbone.blocks.12.mlp.fc2.weight is skipped since its requires_grad=False
2026/08/03 14:30:13 - mmengine - WARNING - backbone.backbone.blocks.12.mlp.fc2.bias is skipped since its requires_grad=False
2026/08/03 14:30:13 - mmengine - WARNING - backbone.backbone.blocks.12.ls2.gamma is skipped since its requires_grad=False
2026/08/03 14:30:13 - mmengine - WARNING - backbone.backbone.blocks.13.norm1.weight is skipped since its requires_grad=False
2026/08/03 14:30:13 - mmengine - WARNING - backbone.backbone.blocks.13.norm1.bias is skipped since its requires_grad=False
2026/08/03 14:30:13 - mmengine - WARNING - backbone.backbone.blocks.13.attn.qkv.weight is skipped since its requires_grad=False
2026/08/03 14:30:13 - mmengine - WARNING - backbone.backbone.blocks.13.attn.qkv.bias is skipped since its requires_grad=False
2026/08/03 14:30:13 - mmengine - WARNING - backbone.backbone.blocks.13.attn.proj.weight is skipped since its requires_grad=False
2026/08/03 14:30:13 - mmengine - WARNING - backbone.backbone.blocks.13.attn.proj.bias is skipped since its requires_grad=False
2026/08/03 14:30:13 - mmengine - WARNING - backbone.backbone.blocks.13.ls1.gamma is skipped since its requires_grad=False
2026/08/03 14:30:13 - mmengine - WARNING - backbone.backbone.blocks.13.norm2.weight is skipped since its requires_grad=False
2026/08/03 14:30:13 - mmengine - WARNING - backbone.backbone.blocks.13.norm2.bias is skipped since its requires_grad=False
2026/08/03 14:30:13 - mmengine - WARNING - backbone.backbone.blocks.13.mlp.fc1.weight is skipped since its requires_grad=False
2026/08/03 14:30:13 - mmengine - WARNING - backbone.backbone.blocks.13.mlp.fc1.bias is skipped since its requires_grad=False
2026/08/03 14:30:13 - mmengine - WARNING - backbone.backbone.blocks.13.mlp.fc2.weight is skipped since its requires_grad=False
2026/08/03 14:30:13 - mmengine - WARNING - backbone.backbone.blocks.13.mlp.fc2.bias is skipped since its requires_grad=False
2026/08/03 14:30:13 - mmengine - WARNING - backbone.backbone.blocks.13.ls2.gamma is skipped since its requires_grad=False
2026/08/03 14:30:13 - mmengine - WARNING - backbone.backbone.blocks.14.norm1.weight is skipped since its requires_grad=False
2026/08/03 14:30:13 - mmengine - WARNING - backbone.backbone.blocks.14.norm1.bias is skipped since its requires_grad=False
2026/08/03 14:30:13 - mmengine - WARNING - backbone.backbone.blocks.14.attn.qkv.weight is skipped since its requires_grad=False
2026/08/03 14:30:13 - mmengine - WARNING - backbone.backbone.blocks.14.attn.qkv.bias is skipped since its requires_grad=False
2026/08/03 14:30:13 - mmengine - WARNING - backbone.backbone.blocks.14.attn.proj.weight is skipped since its requires_grad=False
2026/08/03 14:30:13 - mmengine - WARNING - backbone.backbone.blocks.14.attn.proj.bias is skipped since its requires_grad=False
2026/08/03 14:30:13 - mmengine - WARNING - backbone.backbone.blocks.14.ls1.gamma is skipped since its requires_grad=False
2026/08/03 14:30:13 - mmengine - WARNING - backbone.backbone.blocks.14.norm2.weight is skipped since its requires_grad=False
2026/08/03 14:30:13 - mmengine - WARNING - backbone.backbone.blocks.14.norm2.bias is skipped since its requires_grad=False
2026/08/03 14:30:13 - mmengine - WARNING - backbone.backbone.blocks.14.mlp.fc1.weight is skipped since its requires_grad=False
2026/08/03 14:30:13 - mmengine - WARNING - backbone.backbone.blocks.14.mlp.fc1.bias is skipped since its requires_grad=False
2026/08/03 14:30:13 - mmengine - WARNING - backbone.backbone.blocks.14.mlp.fc2.weight is skipped since its requires_grad=False
2026/08/03 14:30:13 - mmengine - WARNING - backbone.backbone.blocks.14.mlp.fc2.bias is skipped since its requires_grad=False
2026/08/03 14:30:13 - mmengine - WARNING - backbone.backbone.blocks.14.ls2.gamma is skipped since its requires_grad=False
2026/08/03 14:30:13 - mmengine - WARNING - backbone.backbone.blocks.15.norm1.weight is skipped since its requires_grad=False
2026/08/03 14:30:13 - mmengine - WARNING - backbone.backbone.blocks.15.norm1.bias is skipped since its requires_grad=False
2026/08/03 14:30:13 - mmengine - WARNING - backbone.backbone.blocks.15.attn.qkv.weight is skipped since its requires_grad=False
2026/08/03 14:30:13 - mmengine - WARNING - backbone.backbone.blocks.15.attn.qkv.bias is skipped since its requires_grad=False
2026/08/03 14:30:13 - mmengine - WARNING - backbone.backbone.blocks.15.attn.proj.weight is skipped since its requires_grad=False
2026/08/03 14:30:13 - mmengine - WARNING - backbone.backbone.blocks.15.attn.proj.bias is skipped since its requires_grad=False
2026/08/03 14:30:13 - mmengine - WARNING - backbone.backbone.blocks.15.ls1.gamma is skipped since its requires_grad=False
2026/08/03 14:30:13 - mmengine - WARNING - backbone.backbone.blocks.15.norm2.weight is skipped since its requires_grad=False
2026/08/03 14:30:13 - mmengine - WARNING - backbone.backbone.blocks.15.norm2.bias is skipped since its requires_grad=False
2026/08/03 14:30:13 - mmengine - WARNING - backbone.backbone.blocks.15.mlp.fc1.weight is skipped since its requires_grad=False
2026/08/03 14:30:13 - mmengine - WARNING - backbone.backbone.blocks.15.mlp.fc1.bias is skipped since its requires_grad=False
2026/08/03 14:30:13 - mmengine - WARNING - backbone.backbone.blocks.15.mlp.fc2.weight is skipped since its requires_grad=False
2026/08/03 14:30:13 - mmengine - WARNING - backbone.backbone.blocks.15.mlp.fc2.bias is skipped since its requires_grad=False
2026/08/03 14:30:13 - mmengine - WARNING - backbone.backbone.blocks.15.ls2.gamma is skipped since its requires_grad=False
2026/08/03 14:30:13 - mmengine - WARNING - backbone.backbone.blocks.16.norm1.weight is skipped since its requires_grad=False
2026/08/03 14:30:13 - mmengine - WARNING - backbone.backbone.blocks.16.norm1.bias is skipped since its requires_grad=False
2026/08/03 14:30:13 - mmengine - WARNING - backbone.backbone.blocks.16.attn.qkv.weight is skipped since its requires_grad=False
2026/08/03 14:30:13 - mmengine - WARNING - backbone.backbone.blocks.16.attn.qkv.bias is skipped since its requires_grad=False
2026/08/03 14:30:13 - mmengine - WARNING - backbone.backbone.blocks.16.attn.proj.weight is skipped since its requires_grad=False
2026/08/03 14:30:13 - mmengine - WARNING - backbone.backbone.blocks.16.attn.proj.bias is skipped since its requires_grad=False
2026/08/03 14:30:13 - mmengine - WARNING - backbone.backbone.blocks.16.ls1.gamma is skipped since its requires_grad=False
2026/08/03 14:30:13 - mmengine - WARNING - backbone.backbone.blocks.16.norm2.weight is skipped since its requires_grad=False
2026/08/03 14:30:13 - mmengine - WARNING - backbone.backbone.blocks.16.norm2.bias is skipped since its requires_grad=False
2026/08/03 14:30:13 - mmengine - WARNING - backbone.backbone.blocks.16.mlp.fc1.weight is skipped since its requires_grad=False
2026/08/03 14:30:13 - mmengine - WARNING - backbone.backbone.blocks.16.mlp.fc1.bias is skipped since its requires_grad=False
2026/08/03 14:30:13 - mmengine - WARNING - backbone.backbone.blocks.16.mlp.fc2.weight is skipped since its requires_grad=False
2026/08/03 14:30:13 - mmengine - WARNING - backbone.backbone.blocks.16.mlp.fc2.bias is skipped since its requires_grad=False
2026/08/03 14:30:13 - mmengine - WARNING - backbone.backbone.blocks.16.ls2.gamma is skipped since its requires_grad=False
2026/08/03 14:30:13 - mmengine - WARNING - backbone.backbone.blocks.17.norm1.weight is skipped since its requires_grad=False
2026/08/03 14:30:13 - mmengine - WARNING - backbone.backbone.blocks.17.norm1.bias is skipped since its requires_grad=False
2026/08/03 14:30:13 - mmengine - WARNING - backbone.backbone.blocks.17.attn.qkv.weight is skipped since its requires_grad=False
2026/08/03 14:30:13 - mmengine - WARNING - backbone.backbone.blocks.17.attn.qkv.bias is skipped since its requires_grad=False
2026/08/03 14:30:13 - mmengine - WARNING - backbone.backbone.blocks.17.attn.proj.weight is skipped since its requires_grad=False
2026/08/03 14:30:13 - mmengine - WARNING - backbone.backbone.blocks.17.attn.proj.bias is skipped since its requires_grad=False
2026/08/03 14:30:13 - mmengine - WARNING - backbone.backbone.blocks.17.ls1.gamma is skipped since its requires_grad=False
2026/08/03 14:30:13 - mmengine - WARNING - backbone.backbone.blocks.17.norm2.weight is skipped since its requires_grad=False
2026/08/03 14:30:13 - mmengine - WARNING - backbone.backbone.blocks.17.norm2.bias is skipped since its requires_grad=False
2026/08/03 14:30:13 - mmengine - WARNING - backbone.backbone.blocks.17.mlp.fc1.weight is skipped since its requires_grad=False
2026/08/03 14:30:13 - mmengine - WARNING - backbone.backbone.blocks.17.mlp.fc1.bias is skipped since its requires_grad=False
2026/08/03 14:30:13 - mmengine - WARNING - backbone.backbone.blocks.17.mlp.fc2.weight is skipped since its requires_grad=False
2026/08/03 14:30:13 - mmengine - WARNING - backbone.backbone.blocks.17.mlp.fc2.bias is skipped since its requires_grad=False
2026/08/03 14:30:13 - mmengine - WARNING - backbone.backbone.blocks.17.ls2.gamma is skipped since its requires_grad=False
2026/08/03 14:30:13 - mmengine - WARNING - backbone.backbone.blocks.18.norm1.weight is skipped since its requires_grad=False
2026/08/03 14:30:13 - mmengine - WARNING - backbone.backbone.blocks.18.norm1.bias is skipped since its requires_grad=False
2026/08/03 14:30:13 - mmengine - WARNING - backbone.backbone.blocks.18.attn.qkv.weight is skipped since its requires_grad=False
2026/08/03 14:30:13 - mmengine - WARNING - backbone.backbone.blocks.18.attn.qkv.bias is skipped since its requires_grad=False
2026/08/03 14:30:13 - mmengine - WARNING - backbone.backbone.blocks.18.attn.proj.weight is skipped since its requires_grad=False
2026/08/03 14:30:13 - mmengine - WARNING - backbone.backbone.blocks.18.attn.proj.bias is skipped since its requires_grad=False
2026/08/03 14:30:13 - mmengine - WARNING - backbone.backbone.blocks.18.ls1.gamma is skipped since its requires_grad=False
2026/08/03 14:30:13 - mmengine - WARNING - backbone.backbone.blocks.18.norm2.weight is skipped since its requires_grad=False
2026/08/03 14:30:13 - mmengine - WARNING - backbone.backbone.blocks.18.norm2.bias is skipped since its requires_grad=False
2026/08/03 14:30:13 - mmengine - WARNING - backbone.backbone.blocks.18.mlp.fc1.weight is skipped since its requires_grad=False
2026/08/03 14:30:13 - mmengine - WARNING - backbone.backbone.blocks.18.mlp.fc1.bias is skipped since its requires_grad=False
2026/08/03 14:30:13 - mmengine - WARNING - backbone.backbone.blocks.18.mlp.fc2.weight is skipped since its requires_grad=False
2026/08/03 14:30:13 - mmengine - WARNING - backbone.backbone.blocks.18.mlp.fc2.bias is skipped since its requires_grad=False
2026/08/03 14:30:13 - mmengine - WARNING - backbone.backbone.blocks.18.ls2.gamma is skipped since its requires_grad=False
2026/08/03 14:30:13 - mmengine - WARNING - backbone.backbone.blocks.19.norm1.weight is skipped since its requires_grad=False
2026/08/03 14:30:13 - mmengine - WARNING - backbone.backbone.blocks.19.norm1.bias is skipped since its requires_grad=False
2026/08/03 14:30:13 - mmengine - WARNING - backbone.backbone.blocks.19.attn.qkv.weight is skipped since its requires_grad=False
2026/08/03 14:30:13 - mmengine - WARNING - backbone.backbone.blocks.19.attn.qkv.bias is skipped since its requires_grad=False
2026/08/03 14:30:13 - mmengine - WARNING - backbone.backbone.blocks.19.attn.proj.weight is skipped since its requires_grad=False
2026/08/03 14:30:13 - mmengine - WARNING - backbone.backbone.blocks.19.attn.proj.bias is skipped since its requires_grad=False
2026/08/03 14:30:13 - mmengine - WARNING - backbone.backbone.blocks.19.ls1.gamma is skipped since its requires_grad=False
2026/08/03 14:30:13 - mmengine - WARNING - backbone.backbone.blocks.19.norm2.weight is skipped since its requires_grad=False
2026/08/03 14:30:13 - mmengine - WARNING - backbone.backbone.blocks.19.norm2.bias is skipped since its requires_grad=False
2026/08/03 14:30:13 - mmengine - WARNING - backbone.backbone.blocks.19.mlp.fc1.weight is skipped since its requires_grad=False
2026/08/03 14:30:13 - mmengine - WARNING - backbone.backbone.blocks.19.mlp.fc1.bias is skipped since its requires_grad=False
2026/08/03 14:30:13 - mmengine - WARNING - backbone.backbone.blocks.19.mlp.fc2.weight is skipped since its requires_grad=False
2026/08/03 14:30:13 - mmengine - WARNING - backbone.backbone.blocks.19.mlp.fc2.bias is skipped since its requires_grad=False
2026/08/03 14:30:13 - mmengine - WARNING - backbone.backbone.blocks.19.ls2.gamma is skipped since its requires_grad=False
2026/08/03 14:30:13 - mmengine - WARNING - backbone.backbone.blocks.20.norm1.weight is skipped since its requires_grad=False
2026/08/03 14:30:13 - mmengine - WARNING - backbone.backbone.blocks.20.norm1.bias is skipped since its requires_grad=False
2026/08/03 14:30:13 - mmengine - WARNING - backbone.backbone.blocks.20.attn.qkv.weight is skipped since its requires_grad=False
2026/08/03 14:30:13 - mmengine - WARNING - backbone.backbone.blocks.20.attn.qkv.bias is skipped since its requires_grad=False
2026/08/03 14:30:13 - mmengine - WARNING - backbone.backbone.blocks.20.attn.proj.weight is skipped since its requires_grad=False
2026/08/03 14:30:13 - mmengine - WARNING - backbone.backbone.blocks.20.attn.proj.bias is skipped since its requires_grad=False
2026/08/03 14:30:13 - mmengine - WARNING - backbone.backbone.blocks.20.ls1.gamma is skipped since its requires_grad=False
2026/08/03 14:30:13 - mmengine - WARNING - backbone.backbone.blocks.20.norm2.weight is skipped since its requires_grad=False
2026/08/03 14:30:13 - mmengine - WARNING - backbone.backbone.blocks.20.norm2.bias is skipped since its requires_grad=False
2026/08/03 14:30:13 - mmengine - WARNING - backbone.backbone.blocks.20.mlp.fc1.weight is skipped since its requires_grad=False
2026/08/03 14:30:13 - mmengine - WARNING - backbone.backbone.blocks.20.mlp.fc1.bias is skipped since its requires_grad=False
2026/08/03 14:30:13 - mmengine - WARNING - backbone.backbone.blocks.20.mlp.fc2.weight is skipped since its requires_grad=False
2026/08/03 14:30:13 - mmengine - WARNING - backbone.backbone.blocks.20.mlp.fc2.bias is skipped since its requires_grad=False
2026/08/03 14:30:13 - mmengine - WARNING - backbone.backbone.blocks.20.ls2.gamma is skipped since its requires_grad=False
2026/08/03 14:30:13 - mmengine - WARNING - backbone.backbone.blocks.21.norm1.weight is skipped since its requires_grad=False
2026/08/03 14:30:13 - mmengine - WARNING - backbone.backbone.blocks.21.norm1.bias is skipped since its requires_grad=False
2026/08/03 14:30:13 - mmengine - WARNING - backbone.backbone.blocks.21.attn.qkv.weight is skipped since its requires_grad=False
2026/08/03 14:30:13 - mmengine - WARNING - backbone.backbone.blocks.21.attn.qkv.bias is skipped since its requires_grad=False
2026/08/03 14:30:13 - mmengine - WARNING - backbone.backbone.blocks.21.attn.proj.weight is skipped since its requires_grad=False
2026/08/03 14:30:13 - mmengine - WARNING - backbone.backbone.blocks.21.attn.proj.bias is skipped since its requires_grad=False
2026/08/03 14:30:13 - mmengine - WARNING - backbone.backbone.blocks.21.ls1.gamma is skipped since its requires_grad=False
2026/08/03 14:30:13 - mmengine - WARNING - backbone.backbone.blocks.21.norm2.weight is skipped since its requires_grad=False
2026/08/03 14:30:13 - mmengine - WARNING - backbone.backbone.blocks.21.norm2.bias is skipped since its requires_grad=False
2026/08/03 14:30:13 - mmengine - WARNING - backbone.backbone.blocks.21.mlp.fc1.weight is skipped since its requires_grad=False
2026/08/03 14:30:13 - mmengine - WARNING - backbone.backbone.blocks.21.mlp.fc1.bias is skipped since its requires_grad=False
2026/08/03 14:30:13 - mmengine - WARNING - backbone.backbone.blocks.21.mlp.fc2.weight is skipped since its requires_grad=False
2026/08/03 14:30:13 - mmengine - WARNING - backbone.backbone.blocks.21.mlp.fc2.bias is skipped since its requires_grad=False
2026/08/03 14:30:13 - mmengine - WARNING - backbone.backbone.blocks.21.ls2.gamma is skipped since its requires_grad=False
2026/08/03 14:30:13 - mmengine - WARNING - backbone.backbone.blocks.22.norm1.weight is skipped since its requires_grad=False
2026/08/03 14:30:13 - mmengine - WARNING - backbone.backbone.blocks.22.norm1.bias is skipped since its requires_grad=False
2026/08/03 14:30:13 - mmengine - WARNING - backbone.backbone.blocks.22.attn.qkv.weight is skipped since its requires_grad=False
2026/08/03 14:30:13 - mmengine - WARNING - backbone.backbone.blocks.22.attn.qkv.bias is skipped since its requires_grad=False
2026/08/03 14:30:13 - mmengine - WARNING - backbone.backbone.blocks.22.attn.proj.weight is skipped since its requires_grad=False
2026/08/03 14:30:13 - mmengine - WARNING - backbone.backbone.blocks.22.attn.proj.bias is skipped since its requires_grad=False
2026/08/03 14:30:13 - mmengine - WARNING - backbone.backbone.blocks.22.ls1.gamma is skipped since its requires_grad=False
2026/08/03 14:30:13 - mmengine - WARNING - backbone.backbone.blocks.22.norm2.weight is skipped since its requires_grad=False
2026/08/03 14:30:13 - mmengine - WARNING - backbone.backbone.blocks.22.norm2.bias is skipped since its requires_grad=False
2026/08/03 14:30:13 - mmengine - WARNING - backbone.backbone.blocks.22.mlp.fc1.weight is skipped since its requires_grad=False
2026/08/03 14:30:13 - mmengine - WARNING - backbone.backbone.blocks.22.mlp.fc1.bias is skipped since its requires_grad=False
2026/08/03 14:30:13 - mmengine - WARNING - backbone.backbone.blocks.22.mlp.fc2.weight is skipped since its requires_grad=False
2026/08/03 14:30:13 - mmengine - WARNING - backbone.backbone.blocks.22.mlp.fc2.bias is skipped since its requires_grad=False
2026/08/03 14:30:13 - mmengine - WARNING - backbone.backbone.blocks.22.ls2.gamma is skipped since its requires_grad=False
2026/08/03 14:30:13 - mmengine - WARNING - backbone.backbone.blocks.23.norm1.weight is skipped since its requires_grad=False
2026/08/03 14:30:13 - mmengine - WARNING - backbone.backbone.blocks.23.norm1.bias is skipped since its requires_grad=False
2026/08/03 14:30:13 - mmengine - WARNING - backbone.backbone.blocks.23.attn.qkv.weight is skipped since its requires_grad=False
2026/08/03 14:30:13 - mmengine - WARNING - backbone.backbone.blocks.23.attn.qkv.bias is skipped since its requires_grad=False
2026/08/03 14:30:13 - mmengine - WARNING - backbone.backbone.blocks.23.attn.proj.weight is skipped since its requires_grad=False
2026/08/03 14:30:13 - mmengine - WARNING - backbone.backbone.blocks.23.attn.proj.bias is skipped since its requires_grad=False
2026/08/03 14:30:13 - mmengine - WARNING - backbone.backbone.blocks.23.ls1.gamma is skipped since its requires_grad=False
2026/08/03 14:30:13 - mmengine - WARNING - backbone.backbone.blocks.23.norm2.weight is skipped since its requires_grad=False
2026/08/03 14:30:13 - mmengine - WARNING - backbone.backbone.blocks.23.norm2.bias is skipped since its requires_grad=False
2026/08/03 14:30:13 - mmengine - WARNING - backbone.backbone.blocks.23.mlp.fc1.weight is skipped since its requires_grad=False
2026/08/03 14:30:13 - mmengine - WARNING - backbone.backbone.blocks.23.mlp.fc1.bias is skipped since its requires_grad=False
2026/08/03 14:30:13 - mmengine - WARNING - backbone.backbone.blocks.23.mlp.fc2.weight is skipped since its requires_grad=False
2026/08/03 14:30:13 - mmengine - WARNING - backbone.backbone.blocks.23.mlp.fc2.bias is skipped since its requires_grad=False
2026/08/03 14:30:13 - mmengine - WARNING - backbone.backbone.blocks.23.ls2.gamma is skipped since its requires_grad=False
2026/08/03 14:30:13 - mmengine - WARNING - backbone.backbone.norm.weight is skipped since its requires_grad=False
2026/08/03 14:30:13 - mmengine - WARNING - backbone.backbone.norm.bias is skipped since its requires_grad=False
2026/08/03 14:30:13 - mmengine - WARNING - backbone.adapter.backbone.cls_token is skipped since its requires_grad=False
2026/08/03 14:30:13 - mmengine - WARNING - backbone.adapter.backbone.storage_tokens is skipped since its requires_grad=False
2026/08/03 14:30:13 - mmengine - WARNING - backbone.adapter.backbone.mask_token is skipped since its requires_grad=False
2026/08/03 14:30:13 - mmengine - WARNING - backbone.adapter.backbone.patch_embed.proj.weight is skipped since its requires_grad=False
2026/08/03 14:30:13 - mmengine - WARNING - backbone.adapter.backbone.patch_embed.proj.bias is skipped since its requires_grad=False
2026/08/03 14:30:13 - mmengine - WARNING - backbone.adapter.backbone.blocks.0.norm1.weight is skipped since its requires_grad=False
2026/08/03 14:30:13 - mmengine - WARNING - backbone.adapter.backbone.blocks.0.norm1.bias is skipped since its requires_grad=False
2026/08/03 14:30:13 - mmengine - WARNING - backbone.adapter.backbone.blocks.0.attn.qkv.weight is skipped since its requires_grad=False
2026/08/03 14:30:13 - mmengine - WARNING - backbone.adapter.backbone.blocks.0.attn.qkv.bias is skipped since its requires_grad=False
2026/08/03 14:30:13 - mmengine - WARNING - backbone.adapter.backbone.blocks.0.attn.proj.weight is skipped since its requires_grad=False
2026/08/03 14:30:13 - mmengine - WARNING - backbone.adapter.backbone.blocks.0.attn.proj.bias is skipped since its requires_grad=False
2026/08/03 14:30:13 - mmengine - WARNING - backbone.adapter.backbone.blocks.0.ls1.gamma is skipped since its requires_grad=False
2026/08/03 14:30:13 - mmengine - WARNING - backbone.adapter.backbone.blocks.0.norm2.weight is skipped since its requires_grad=False
2026/08/03 14:30:13 - mmengine - WARNING - backbone.adapter.backbone.blocks.0.norm2.bias is skipped since its requires_grad=False
2026/08/03 14:30:13 - mmengine - WARNING - backbone.adapter.backbone.blocks.0.mlp.fc1.weight is skipped since its requires_grad=False
2026/08/03 14:30:13 - mmengine - WARNING - backbone.adapter.backbone.blocks.0.mlp.fc1.bias is skipped since its requires_grad=False
2026/08/03 14:30:13 - mmengine - WARNING - backbone.adapter.backbone.blocks.0.mlp.fc2.weight is skipped since its requires_grad=False
2026/08/03 14:30:13 - mmengine - WARNING - backbone.adapter.backbone.blocks.0.mlp.fc2.bias is skipped since its requires_grad=False
2026/08/03 14:30:13 - mmengine - WARNING - backbone.adapter.backbone.blocks.0.ls2.gamma is skipped since its requires_grad=False
2026/08/03 14:30:13 - mmengine - WARNING - backbone.adapter.backbone.blocks.1.norm1.weight is skipped since its requires_grad=False
2026/08/03 14:30:13 - mmengine - WARNING - backbone.adapter.backbone.blocks.1.norm1.bias is skipped since its requires_grad=False
2026/08/03 14:30:13 - mmengine - WARNING - backbone.adapter.backbone.blocks.1.attn.qkv.weight is skipped since its requires_grad=False
2026/08/03 14:30:13 - mmengine - WARNING - backbone.adapter.backbone.blocks.1.attn.qkv.bias is skipped since its requires_grad=False
2026/08/03 14:30:13 - mmengine - WARNING - backbone.adapter.backbone.blocks.1.attn.proj.weight is skipped since its requires_grad=False
2026/08/03 14:30:13 - mmengine - WARNING - backbone.adapter.backbone.blocks.1.attn.proj.bias is skipped since its requires_grad=False
2026/08/03 14:30:13 - mmengine - WARNING - backbone.adapter.backbone.blocks.1.ls1.gamma is skipped since its requires_grad=False
2026/08/03 14:30:13 - mmengine - WARNING - backbone.adapter.backbone.blocks.1.norm2.weight is skipped since its requires_grad=False
2026/08/03 14:30:13 - mmengine - WARNING - backbone.adapter.backbone.blocks.1.norm2.bias is skipped since its requires_grad=False
2026/08/03 14:30:13 - mmengine - WARNING - backbone.adapter.backbone.blocks.1.mlp.fc1.weight is skipped since its requires_grad=False
2026/08/03 14:30:13 - mmengine - WARNING - backbone.adapter.backbone.blocks.1.mlp.fc1.bias is skipped since its requires_grad=False
2026/08/03 14:30:13 - mmengine - WARNING - backbone.adapter.backbone.blocks.1.mlp.fc2.weight is skipped since its requires_grad=False
2026/08/03 14:30:13 - mmengine - WARNING - backbone.adapter.backbone.blocks.1.mlp.fc2.bias is skipped since its requires_grad=False
2026/08/03 14:30:13 - mmengine - WARNING - backbone.adapter.backbone.blocks.1.ls2.gamma is skipped since its requires_grad=False
2026/08/03 14:30:13 - mmengine - WARNING - backbone.adapter.backbone.blocks.2.norm1.weight is skipped since its requires_grad=False
2026/08/03 14:30:13 - mmengine - WARNING - backbone.adapter.backbone.blocks.2.norm1.bias is skipped since its requires_grad=False
2026/08/03 14:30:13 - mmengine - WARNING - backbone.adapter.backbone.blocks.2.attn.qkv.weight is skipped since its requires_grad=False
2026/08/03 14:30:13 - mmengine - WARNING - backbone.adapter.backbone.blocks.2.attn.qkv.bias is skipped since its requires_grad=False
2026/08/03 14:30:13 - mmengine - WARNING - backbone.adapter.backbone.blocks.2.attn.proj.weight is skipped since its requires_grad=False
2026/08/03 14:30:13 - mmengine - WARNING - backbone.adapter.backbone.blocks.2.attn.proj.bias is skipped since its requires_grad=False
2026/08/03 14:30:13 - mmengine - WARNING - backbone.adapter.backbone.blocks.2.ls1.gamma is skipped since its requires_grad=False
2026/08/03 14:30:13 - mmengine - WARNING - backbone.adapter.backbone.blocks.2.norm2.weight is skipped since its requires_grad=False
2026/08/03 14:30:13 - mmengine - WARNING - backbone.adapter.backbone.blocks.2.norm2.bias is skipped since its requires_grad=False
2026/08/03 14:30:13 - mmengine - WARNING - backbone.adapter.backbone.blocks.2.mlp.fc1.weight is skipped since its requires_grad=False
2026/08/03 14:30:13 - mmengine - WARNING - backbone.adapter.backbone.blocks.2.mlp.fc1.bias is skipped since its requires_grad=False
2026/08/03 14:30:13 - mmengine - WARNING - backbone.adapter.backbone.blocks.2.mlp.fc2.weight is skipped since its requires_grad=False
2026/08/03 14:30:13 - mmengine - WARNING - backbone.adapter.backbone.blocks.2.mlp.fc2.bias is skipped since its requires_grad=False
2026/08/03 14:30:13 - mmengine - WARNING - backbone.adapter.backbone.blocks.2.ls2.gamma is skipped since its requires_grad=False
2026/08/03 14:30:13 - mmengine - WARNING - backbone.adapter.backbone.blocks.3.norm1.weight is skipped since its requires_grad=False
2026/08/03 14:30:13 - mmengine - WARNING - backbone.adapter.backbone.blocks.3.norm1.bias is skipped since its requires_grad=False
2026/08/03 14:30:13 - mmengine - WARNING - backbone.adapter.backbone.blocks.3.attn.qkv.weight is skipped since its requires_grad=False
2026/08/03 14:30:13 - mmengine - WARNING - backbone.adapter.backbone.blocks.3.attn.qkv.bias is skipped since its requires_grad=False
2026/08/03 14:30:13 - mmengine - WARNING - backbone.adapter.backbone.blocks.3.attn.proj.weight is skipped since its requires_grad=False
2026/08/03 14:30:13 - mmengine - WARNING - backbone.adapter.backbone.blocks.3.attn.proj.bias is skipped since its requires_grad=False
2026/08/03 14:30:13 - mmengine - WARNING - backbone.adapter.backbone.blocks.3.ls1.gamma is skipped since its requires_grad=False
2026/08/03 14:30:13 - mmengine - WARNING - backbone.adapter.backbone.blocks.3.norm2.weight is skipped since its requires_grad=False
2026/08/03 14:30:13 - mmengine - WARNING - backbone.adapter.backbone.blocks.3.norm2.bias is skipped since its requires_grad=False
2026/08/03 14:30:13 - mmengine - WARNING - backbone.adapter.backbone.blocks.3.mlp.fc1.weight is skipped since its requires_grad=False
2026/08/03 14:30:13 - mmengine - WARNING - backbone.adapter.backbone.blocks.3.mlp.fc1.bias is skipped since its requires_grad=False
2026/08/03 14:30:13 - mmengine - WARNING - backbone.adapter.backbone.blocks.3.mlp.fc2.weight is skipped since its requires_grad=False
2026/08/03 14:30:13 - mmengine - WARNING - backbone.adapter.backbone.blocks.3.mlp.fc2.bias is skipped since its requires_grad=False
2026/08/03 14:30:13 - mmengine - WARNING - backbone.adapter.backbone.blocks.3.ls2.gamma is skipped since its requires_grad=False
2026/08/03 14:30:13 - mmengine - WARNING - backbone.adapter.backbone.blocks.4.norm1.weight is skipped since its requires_grad=False
2026/08/03 14:30:13 - mmengine - WARNING - backbone.adapter.backbone.blocks.4.norm1.bias is skipped since its requires_grad=False
2026/08/03 14:30:13 - mmengine - WARNING - backbone.adapter.backbone.blocks.4.attn.qkv.weight is skipped since its requires_grad=False
2026/08/03 14:30:13 - mmengine - WARNING - backbone.adapter.backbone.blocks.4.attn.qkv.bias is skipped since its requires_grad=False
2026/08/03 14:30:13 - mmengine - WARNING - backbone.adapter.backbone.blocks.4.attn.proj.weight is skipped since its requires_grad=False
2026/08/03 14:30:13 - mmengine - WARNING - backbone.adapter.backbone.blocks.4.attn.proj.bias is skipped since its requires_grad=False
2026/08/03 14:30:13 - mmengine - WARNING - backbone.adapter.backbone.blocks.4.ls1.gamma is skipped since its requires_grad=False
2026/08/03 14:30:13 - mmengine - WARNING - backbone.adapter.backbone.blocks.4.norm2.weight is skipped since its requires_grad=False
2026/08/03 14:30:13 - mmengine - WARNING - backbone.adapter.backbone.blocks.4.norm2.bias is skipped since its requires_grad=False
2026/08/03 14:30:13 - mmengine - WARNING - backbone.adapter.backbone.blocks.4.mlp.fc1.weight is skipped since its requires_grad=False
2026/08/03 14:30:13 - mmengine - WARNING - backbone.adapter.backbone.blocks.4.mlp.fc1.bias is skipped since its requires_grad=False
2026/08/03 14:30:13 - mmengine - WARNING - backbone.adapter.backbone.blocks.4.mlp.fc2.weight is skipped since its requires_grad=False
2026/08/03 14:30:13 - mmengine - WARNING - backbone.adapter.backbone.blocks.4.mlp.fc2.bias is skipped since its requires_grad=False
2026/08/03 14:30:13 - mmengine - WARNING - backbone.adapter.backbone.blocks.4.ls2.gamma is skipped since its requires_grad=False
2026/08/03 14:30:13 - mmengine - WARNING - backbone.adapter.backbone.blocks.5.norm1.weight is skipped since its requires_grad=False
2026/08/03 14:30:13 - mmengine - WARNING - backbone.adapter.backbone.blocks.5.norm1.bias is skipped since its requires_grad=False
2026/08/03 14:30:13 - mmengine - WARNING - backbone.adapter.backbone.blocks.5.attn.qkv.weight is skipped since its requires_grad=False
2026/08/03 14:30:13 - mmengine - WARNING - backbone.adapter.backbone.blocks.5.attn.qkv.bias is skipped since its requires_grad=False
2026/08/03 14:30:13 - mmengine - WARNING - backbone.adapter.backbone.blocks.5.attn.proj.weight is skipped since its requires_grad=False
2026/08/03 14:30:13 - mmengine - WARNING - backbone.adapter.backbone.blocks.5.attn.proj.bias is skipped since its requires_grad=False
2026/08/03 14:30:13 - mmengine - WARNING - backbone.adapter.backbone.blocks.5.ls1.gamma is skipped since its requires_grad=False
2026/08/03 14:30:13 - mmengine - WARNING - backbone.adapter.backbone.blocks.5.norm2.weight is skipped since its requires_grad=False
2026/08/03 14:30:13 - mmengine - WARNING - backbone.adapter.backbone.blocks.5.norm2.bias is skipped since its requires_grad=False
2026/08/03 14:30:13 - mmengine - WARNING - backbone.adapter.backbone.blocks.5.mlp.fc1.weight is skipped since its requires_grad=False
2026/08/03 14:30:13 - mmengine - WARNING - backbone.adapter.backbone.blocks.5.mlp.fc1.bias is skipped since its requires_grad=False
2026/08/03 14:30:13 - mmengine - WARNING - backbone.adapter.backbone.blocks.5.mlp.fc2.weight is skipped since its requires_grad=False
2026/08/03 14:30:13 - mmengine - WARNING - backbone.adapter.backbone.blocks.5.mlp.fc2.bias is skipped since its requires_grad=False
2026/08/03 14:30:13 - mmengine - WARNING - backbone.adapter.backbone.blocks.5.ls2.gamma is skipped since its requires_grad=False
2026/08/03 14:30:13 - mmengine - WARNING - backbone.adapter.backbone.blocks.6.norm1.weight is skipped since its requires_grad=False
2026/08/03 14:30:13 - mmengine - WARNING - backbone.adapter.backbone.blocks.6.norm1.bias is skipped since its requires_grad=False
2026/08/03 14:30:13 - mmengine - WARNING - backbone.adapter.backbone.blocks.6.attn.qkv.weight is skipped since its requires_grad=False
2026/08/03 14:30:13 - mmengine - WARNING - backbone.adapter.backbone.blocks.6.attn.qkv.bias is skipped since its requires_grad=False
2026/08/03 14:30:13 - mmengine - WARNING - backbone.adapter.backbone.blocks.6.attn.proj.weight is skipped since its requires_grad=False
2026/08/03 14:30:13 - mmengine - WARNING - backbone.adapter.backbone.blocks.6.attn.proj.bias is skipped since its requires_grad=False
2026/08/03 14:30:13 - mmengine - WARNING - backbone.adapter.backbone.blocks.6.ls1.gamma is skipped since its requires_grad=False
2026/08/03 14:30:13 - mmengine - WARNING - backbone.adapter.backbone.blocks.6.norm2.weight is skipped since its requires_grad=False
2026/08/03 14:30:13 - mmengine - WARNING - backbone.adapter.backbone.blocks.6.norm2.bias is skipped since its requires_grad=False
2026/08/03 14:30:13 - mmengine - WARNING - backbone.adapter.backbone.blocks.6.mlp.fc1.weight is skipped since its requires_grad=False
2026/08/03 14:30:13 - mmengine - WARNING - backbone.adapter.backbone.blocks.6.mlp.fc1.bias is skipped since its requires_grad=False
2026/08/03 14:30:13 - mmengine - WARNING - backbone.adapter.backbone.blocks.6.mlp.fc2.weight is skipped since its requires_grad=False
2026/08/03 14:30:13 - mmengine - WARNING - backbone.adapter.backbone.blocks.6.mlp.fc2.bias is skipped since its requires_grad=False
2026/08/03 14:30:13 - mmengine - WARNING - backbone.adapter.backbone.blocks.6.ls2.gamma is skipped since its requires_grad=False
2026/08/03 14:30:13 - mmengine - WARNING - backbone.adapter.backbone.blocks.7.norm1.weight is skipped since its requires_grad=False
2026/08/03 14:30:13 - mmengine - WARNING - backbone.adapter.backbone.blocks.7.norm1.bias is skipped since its requires_grad=False
2026/08/03 14:30:13 - mmengine - WARNING - backbone.adapter.backbone.blocks.7.attn.qkv.weight is skipped since its requires_grad=False
2026/08/03 14:30:13 - mmengine - WARNING - backbone.adapter.backbone.blocks.7.attn.qkv.bias is skipped since its requires_grad=False
2026/08/03 14:30:13 - mmengine - WARNING - backbone.adapter.backbone.blocks.7.attn.proj.weight is skipped since its requires_grad=False
2026/08/03 14:30:13 - mmengine - WARNING - backbone.adapter.backbone.blocks.7.attn.proj.bias is skipped since its requires_grad=False
2026/08/03 14:30:13 - mmengine - WARNING - backbone.adapter.backbone.blocks.7.ls1.gamma is skipped since its requires_grad=False
2026/08/03 14:30:13 - mmengine - WARNING - backbone.adapter.backbone.blocks.7.norm2.weight is skipped since its requires_grad=False
2026/08/03 14:30:13 - mmengine - WARNING - backbone.adapter.backbone.blocks.7.norm2.bias is skipped since its requires_grad=False
2026/08/03 14:30:13 - mmengine - WARNING - backbone.adapter.backbone.blocks.7.mlp.fc1.weight is skipped since its requires_grad=False
2026/08/03 14:30:13 - mmengine - WARNING - backbone.adapter.backbone.blocks.7.mlp.fc1.bias is skipped since its requires_grad=False
2026/08/03 14:30:13 - mmengine - WARNING - backbone.adapter.backbone.blocks.7.mlp.fc2.weight is skipped since its requires_grad=False
2026/08/03 14:30:13 - mmengine - WARNING - backbone.adapter.backbone.blocks.7.mlp.fc2.bias is skipped since its requires_grad=False
2026/08/03 14:30:13 - mmengine - WARNING - backbone.adapter.backbone.blocks.7.ls2.gamma is skipped since its requires_grad=False
2026/08/03 14:30:13 - mmengine - WARNING - backbone.adapter.backbone.blocks.8.norm1.weight is skipped since its requires_grad=False
2026/08/03 14:30:13 - mmengine - WARNING - backbone.adapter.backbone.blocks.8.norm1.bias is skipped since its requires_grad=False
2026/08/03 14:30:13 - mmengine - WARNING - backbone.adapter.backbone.blocks.8.attn.qkv.weight is skipped since its requires_grad=False
2026/08/03 14:30:13 - mmengine - WARNING - backbone.adapter.backbone.blocks.8.attn.qkv.bias is skipped since its requires_grad=False
2026/08/03 14:30:13 - mmengine - WARNING - backbone.adapter.backbone.blocks.8.attn.proj.weight is skipped since its requires_grad=False
2026/08/03 14:30:13 - mmengine - WARNING - backbone.adapter.backbone.blocks.8.attn.proj.bias is skipped since its requires_grad=False
2026/08/03 14:30:13 - mmengine - WARNING - backbone.adapter.backbone.blocks.8.ls1.gamma is skipped since its requires_grad=False
2026/08/03 14:30:13 - mmengine - WARNING - backbone.adapter.backbone.blocks.8.norm2.weight is skipped since its requires_grad=False
2026/08/03 14:30:13 - mmengine - WARNING - backbone.adapter.backbone.blocks.8.norm2.bias is skipped since its requires_grad=False
2026/08/03 14:30:13 - mmengine - WARNING - backbone.adapter.backbone.blocks.8.mlp.fc1.weight is skipped since its requires_grad=False
2026/08/03 14:30:13 - mmengine - WARNING - backbone.adapter.backbone.blocks.8.mlp.fc1.bias is skipped since its requires_grad=False
2026/08/03 14:30:13 - mmengine - WARNING - backbone.adapter.backbone.blocks.8.mlp.fc2.weight is skipped since its requires_grad=False
2026/08/03 14:30:13 - mmengine - WARNING - backbone.adapter.backbone.blocks.8.mlp.fc2.bias is skipped since its requires_grad=False
2026/08/03 14:30:13 - mmengine - WARNING - backbone.adapter.backbone.blocks.8.ls2.gamma is skipped since its requires_grad=False
2026/08/03 14:30:13 - mmengine - WARNING - backbone.adapter.backbone.blocks.9.norm1.weight is skipped since its requires_grad=False
2026/08/03 14:30:13 - mmengine - WARNING - backbone.adapter.backbone.blocks.9.norm1.bias is skipped since its requires_grad=False
2026/08/03 14:30:13 - mmengine - WARNING - backbone.adapter.backbone.blocks.9.attn.qkv.weight is skipped since its requires_grad=False
2026/08/03 14:30:13 - mmengine - WARNING - backbone.adapter.backbone.blocks.9.attn.qkv.bias is skipped since its requires_grad=False
2026/08/03 14:30:13 - mmengine - WARNING - backbone.adapter.backbone.blocks.9.attn.proj.weight is skipped since its requires_grad=False
2026/08/03 14:30:13 - mmengine - WARNING - backbone.adapter.backbone.blocks.9.attn.proj.bias is skipped since its requires_grad=False
2026/08/03 14:30:13 - mmengine - WARNING - backbone.adapter.backbone.blocks.9.ls1.gamma is skipped since its requires_grad=False
2026/08/03 14:30:13 - mmengine - WARNING - backbone.adapter.backbone.blocks.9.norm2.weight is skipped since its requires_grad=False
2026/08/03 14:30:13 - mmengine - WARNING - backbone.adapter.backbone.blocks.9.norm2.bias is skipped since its requires_grad=False
2026/08/03 14:30:13 - mmengine - WARNING - backbone.adapter.backbone.blocks.9.mlp.fc1.weight is skipped since its requires_grad=False
2026/08/03 14:30:13 - mmengine - WARNING - backbone.adapter.backbone.blocks.9.mlp.fc1.bias is skipped since its requires_grad=False
2026/08/03 14:30:13 - mmengine - WARNING - backbone.adapter.backbone.blocks.9.mlp.fc2.weight is skipped since its requires_grad=False
2026/08/03 14:30:13 - mmengine - WARNING - backbone.adapter.backbone.blocks.9.mlp.fc2.bias is skipped since its requires_grad=False
2026/08/03 14:30:13 - mmengine - WARNING - backbone.adapter.backbone.blocks.9.ls2.gamma is skipped since its requires_grad=False
2026/08/03 14:30:13 - mmengine - WARNING - backbone.adapter.backbone.blocks.10.norm1.weight is skipped since its requires_grad=False
2026/08/03 14:30:13 - mmengine - WARNING - backbone.adapter.backbone.blocks.10.norm1.bias is skipped since its requires_grad=False
2026/08/03 14:30:13 - mmengine - WARNING - backbone.adapter.backbone.blocks.10.attn.qkv.weight is skipped since its requires_grad=False
2026/08/03 14:30:13 - mmengine - WARNING - backbone.adapter.backbone.blocks.10.attn.qkv.bias is skipped since its requires_grad=False
2026/08/03 14:30:13 - mmengine - WARNING - backbone.adapter.backbone.blocks.10.attn.proj.weight is skipped since its requires_grad=False
2026/08/03 14:30:13 - mmengine - WARNING - backbone.adapter.backbone.blocks.10.attn.proj.bias is skipped since its requires_grad=False
2026/08/03 14:30:13 - mmengine - WARNING - backbone.adapter.backbone.blocks.10.ls1.gamma is skipped since its requires_grad=False
2026/08/03 14:30:13 - mmengine - WARNING - backbone.adapter.backbone.blocks.10.norm2.weight is skipped since its requires_grad=False
2026/08/03 14:30:13 - mmengine - WARNING - backbone.adapter.backbone.blocks.10.norm2.bias is skipped since its requires_grad=False
2026/08/03 14:30:13 - mmengine - WARNING - backbone.adapter.backbone.blocks.10.mlp.fc1.weight is skipped since its requires_grad=False
2026/08/03 14:30:13 - mmengine - WARNING - backbone.adapter.backbone.blocks.10.mlp.fc1.bias is skipped since its requires_grad=False
2026/08/03 14:30:13 - mmengine - WARNING - backbone.adapter.backbone.blocks.10.mlp.fc2.weight is skipped since its requires_grad=False
2026/08/03 14:30:13 - mmengine - WARNING - backbone.adapter.backbone.blocks.10.mlp.fc2.bias is skipped since its requires_grad=False
2026/08/03 14:30:13 - mmengine - WARNING - backbone.adapter.backbone.blocks.10.ls2.gamma is skipped since its requires_grad=False
2026/08/03 14:30:13 - mmengine - WARNING - backbone.adapter.backbone.blocks.11.norm1.weight is skipped since its requires_grad=False
2026/08/03 14:30:13 - mmengine - WARNING - backbone.adapter.backbone.blocks.11.norm1.bias is skipped since its requires_grad=False
2026/08/03 14:30:13 - mmengine - WARNING - backbone.adapter.backbone.blocks.11.attn.qkv.weight is skipped since its requires_grad=False
2026/08/03 14:30:13 - mmengine - WARNING - backbone.adapter.backbone.blocks.11.attn.qkv.bias is skipped since its requires_grad=False
2026/08/03 14:30:13 - mmengine - WARNING - backbone.adapter.backbone.blocks.11.attn.proj.weight is skipped since its requires_grad=False
2026/08/03 14:30:13 - mmengine - WARNING - backbone.adapter.backbone.blocks.11.attn.proj.bias is skipped since its requires_grad=False
2026/08/03 14:30:13 - mmengine - WARNING - backbone.adapter.backbone.blocks.11.ls1.gamma is skipped since its requires_grad=False
2026/08/03 14:30:13 - mmengine - WARNING - backbone.adapter.backbone.blocks.11.norm2.weight is skipped since its requires_grad=False
2026/08/03 14:30:13 - mmengine - WARNING - backbone.adapter.backbone.blocks.11.norm2.bias is skipped since its requires_grad=False
2026/08/03 14:30:13 - mmengine - WARNING - backbone.adapter.backbone.blocks.11.mlp.fc1.weight is skipped since its requires_grad=False
2026/08/03 14:30:13 - mmengine - WARNING - backbone.adapter.backbone.blocks.11.mlp.fc1.bias is skipped since its requires_grad=False
2026/08/03 14:30:13 - mmengine - WARNING - backbone.adapter.backbone.blocks.11.mlp.fc2.weight is skipped since its requires_grad=False
2026/08/03 14:30:13 - mmengine - WARNING - backbone.adapter.backbone.blocks.11.mlp.fc2.bias is skipped since its requires_grad=False
2026/08/03 14:30:13 - mmengine - WARNING - backbone.adapter.backbone.blocks.11.ls2.gamma is skipped since its requires_grad=False
2026/08/03 14:30:13 - mmengine - WARNING - backbone.adapter.backbone.blocks.12.norm1.weight is skipped since its requires_grad=False
2026/08/03 14:30:13 - mmengine - WARNING - backbone.adapter.backbone.blocks.12.norm1.bias is skipped since its requires_grad=False
2026/08/03 14:30:13 - mmengine - WARNING - backbone.adapter.backbone.blocks.12.attn.qkv.weight is skipped since its requires_grad=False
2026/08/03 14:30:13 - mmengine - WARNING - backbone.adapter.backbone.blocks.12.attn.qkv.bias is skipped since its requires_grad=False
2026/08/03 14:30:13 - mmengine - WARNING - backbone.adapter.backbone.blocks.12.attn.proj.weight is skipped since its requires_grad=False
2026/08/03 14:30:13 - mmengine - WARNING - backbone.adapter.backbone.blocks.12.attn.proj.bias is skipped since its requires_grad=False
2026/08/03 14:30:13 - mmengine - WARNING - backbone.adapter.backbone.blocks.12.ls1.gamma is skipped since its requires_grad=False
2026/08/03 14:30:13 - mmengine - WARNING - backbone.adapter.backbone.blocks.12.norm2.weight is skipped since its requires_grad=False
2026/08/03 14:30:13 - mmengine - WARNING - backbone.adapter.backbone.blocks.12.norm2.bias is skipped since its requires_grad=False
2026/08/03 14:30:13 - mmengine - WARNING - backbone.adapter.backbone.blocks.12.mlp.fc1.weight is skipped since its requires_grad=False
2026/08/03 14:30:13 - mmengine - WARNING - backbone.adapter.backbone.blocks.12.mlp.fc1.bias is skipped since its requires_grad=False
2026/08/03 14:30:13 - mmengine - WARNING - backbone.adapter.backbone.blocks.12.mlp.fc2.weight is skipped since its requires_grad=False
2026/08/03 14:30:13 - mmengine - WARNING - backbone.adapter.backbone.blocks.12.mlp.fc2.bias is skipped since its requires_grad=False
2026/08/03 14:30:13 - mmengine - WARNING - backbone.adapter.backbone.blocks.12.ls2.gamma is skipped since its requires_grad=False
2026/08/03 14:30:13 - mmengine - WARNING - backbone.adapter.backbone.blocks.13.norm1.weight is skipped since its requires_grad=False
2026/08/03 14:30:13 - mmengine - WARNING - backbone.adapter.backbone.blocks.13.norm1.bias is skipped since its requires_grad=False
2026/08/03 14:30:13 - mmengine - WARNING - backbone.adapter.backbone.blocks.13.attn.qkv.weight is skipped since its requires_grad=False
2026/08/03 14:30:13 - mmengine - WARNING - backbone.adapter.backbone.blocks.13.attn.qkv.bias is skipped since its requires_grad=False
2026/08/03 14:30:13 - mmengine - WARNING - backbone.adapter.backbone.blocks.13.attn.proj.weight is skipped since its requires_grad=False
2026/08/03 14:30:13 - mmengine - WARNING - backbone.adapter.backbone.blocks.13.attn.proj.bias is skipped since its requires_grad=False
2026/08/03 14:30:13 - mmengine - WARNING - backbone.adapter.backbone.blocks.13.ls1.gamma is skipped since its requires_grad=False
2026/08/03 14:30:13 - mmengine - WARNING - backbone.adapter.backbone.blocks.13.norm2.weight is skipped since its requires_grad=False
2026/08/03 14:30:13 - mmengine - WARNING - backbone.adapter.backbone.blocks.13.norm2.bias is skipped since its requires_grad=False
2026/08/03 14:30:13 - mmengine - WARNING - backbone.adapter.backbone.blocks.13.mlp.fc1.weight is skipped since its requires_grad=False
2026/08/03 14:30:13 - mmengine - WARNING - backbone.adapter.backbone.blocks.13.mlp.fc1.bias is skipped since its requires_grad=False
2026/08/03 14:30:13 - mmengine - WARNING - backbone.adapter.backbone.blocks.13.mlp.fc2.weight is skipped since its requires_grad=False
2026/08/03 14:30:13 - mmengine - WARNING - backbone.adapter.backbone.blocks.13.mlp.fc2.bias is skipped since its requires_grad=False
2026/08/03 14:30:13 - mmengine - WARNING - backbone.adapter.backbone.blocks.13.ls2.gamma is skipped since its requires_grad=False
2026/08/03 14:30:13 - mmengine - WARNING - backbone.adapter.backbone.blocks.14.norm1.weight is skipped since its requires_grad=False
2026/08/03 14:30:13 - mmengine - WARNING - backbone.adapter.backbone.blocks.14.norm1.bias is skipped since its requires_grad=False
2026/08/03 14:30:13 - mmengine - WARNING - backbone.adapter.backbone.blocks.14.attn.qkv.weight is skipped since its requires_grad=False
2026/08/03 14:30:13 - mmengine - WARNING - backbone.adapter.backbone.blocks.14.attn.qkv.bias is skipped since its requires_grad=False
2026/08/03 14:30:13 - mmengine - WARNING - backbone.adapter.backbone.blocks.14.attn.proj.weight is skipped since its requires_grad=False
2026/08/03 14:30:13 - mmengine - WARNING - backbone.adapter.backbone.blocks.14.attn.proj.bias is skipped since its requires_grad=False
2026/08/03 14:30:13 - mmengine - WARNING - backbone.adapter.backbone.blocks.14.ls1.gamma is skipped since its requires_grad=False
2026/08/03 14:30:13 - mmengine - WARNING - backbone.adapter.backbone.blocks.14.norm2.weight is skipped since its requires_grad=False
2026/08/03 14:30:13 - mmengine - WARNING - backbone.adapter.backbone.blocks.14.norm2.bias is skipped since its requires_grad=False
2026/08/03 14:30:13 - mmengine - WARNING - backbone.adapter.backbone.blocks.14.mlp.fc1.weight is skipped since its requires_grad=False
2026/08/03 14:30:13 - mmengine - WARNING - backbone.adapter.backbone.blocks.14.mlp.fc1.bias is skipped since its requires_grad=False
2026/08/03 14:30:13 - mmengine - WARNING - backbone.adapter.backbone.blocks.14.mlp.fc2.weight is skipped since its requires_grad=False
2026/08/03 14:30:13 - mmengine - WARNING - backbone.adapter.backbone.blocks.14.mlp.fc2.bias is skipped since its requires_grad=False
2026/08/03 14:30:13 - mmengine - WARNING - backbone.adapter.backbone.blocks.14.ls2.gamma is skipped since its requires_grad=False
2026/08/03 14:30:13 - mmengine - WARNING - backbone.adapter.backbone.blocks.15.norm1.weight is skipped since its requires_grad=False
2026/08/03 14:30:13 - mmengine - WARNING - backbone.adapter.backbone.blocks.15.norm1.bias is skipped since its requires_grad=False
2026/08/03 14:30:13 - mmengine - WARNING - backbone.adapter.backbone.blocks.15.attn.qkv.weight is skipped since its requires_grad=False
2026/08/03 14:30:13 - mmengine - WARNING - backbone.adapter.backbone.blocks.15.attn.qkv.bias is skipped since its requires_grad=False
2026/08/03 14:30:13 - mmengine - WARNING - backbone.adapter.backbone.blocks.15.attn.proj.weight is skipped since its requires_grad=False
2026/08/03 14:30:13 - mmengine - WARNING - backbone.adapter.backbone.blocks.15.attn.proj.bias is skipped since its requires_grad=False
2026/08/03 14:30:13 - mmengine - WARNING - backbone.adapter.backbone.blocks.15.ls1.gamma is skipped since its requires_grad=False
2026/08/03 14:30:13 - mmengine - WARNING - backbone.adapter.backbone.blocks.15.norm2.weight is skipped since its requires_grad=False
2026/08/03 14:30:13 - mmengine - WARNING - backbone.adapter.backbone.blocks.15.norm2.bias is skipped since its requires_grad=False
2026/08/03 14:30:13 - mmengine - WARNING - backbone.adapter.backbone.blocks.15.mlp.fc1.weight is skipped since its requires_grad=False
2026/08/03 14:30:13 - mmengine - WARNING - backbone.adapter.backbone.blocks.15.mlp.fc1.bias is skipped since its requires_grad=False
2026/08/03 14:30:13 - mmengine - WARNING - backbone.adapter.backbone.blocks.15.mlp.fc2.weight is skipped since its requires_grad=False
2026/08/03 14:30:13 - mmengine - WARNING - backbone.adapter.backbone.blocks.15.mlp.fc2.bias is skipped since its requires_grad=False
2026/08/03 14:30:13 - mmengine - WARNING - backbone.adapter.backbone.blocks.15.ls2.gamma is skipped since its requires_grad=False
2026/08/03 14:30:13 - mmengine - WARNING - backbone.adapter.backbone.blocks.16.norm1.weight is skipped since its requires_grad=False
2026/08/03 14:30:13 - mmengine - WARNING - backbone.adapter.backbone.blocks.16.norm1.bias is skipped since its requires_grad=False
2026/08/03 14:30:13 - mmengine - WARNING - backbone.adapter.backbone.blocks.16.attn.qkv.weight is skipped since its requires_grad=False
2026/08/03 14:30:13 - mmengine - WARNING - backbone.adapter.backbone.blocks.16.attn.qkv.bias is skipped since its requires_grad=False
2026/08/03 14:30:13 - mmengine - WARNING - backbone.adapter.backbone.blocks.16.attn.proj.weight is skipped since its requires_grad=False
2026/08/03 14:30:13 - mmengine - WARNING - backbone.adapter.backbone.blocks.16.attn.proj.bias is skipped since its requires_grad=False
2026/08/03 14:30:13 - mmengine - WARNING - backbone.adapter.backbone.blocks.16.ls1.gamma is skipped since its requires_grad=False
2026/08/03 14:30:13 - mmengine - WARNING - backbone.adapter.backbone.blocks.16.norm2.weight is skipped since its requires_grad=False
2026/08/03 14:30:13 - mmengine - WARNING - backbone.adapter.backbone.blocks.16.norm2.bias is skipped since its requires_grad=False
2026/08/03 14:30:13 - mmengine - WARNING - backbone.adapter.backbone.blocks.16.mlp.fc1.weight is skipped since its requires_grad=False
2026/08/03 14:30:13 - mmengine - WARNING - backbone.adapter.backbone.blocks.16.mlp.fc1.bias is skipped since its requires_grad=False
2026/08/03 14:30:13 - mmengine - WARNING - backbone.adapter.backbone.blocks.16.mlp.fc2.weight is skipped since its requires_grad=False
2026/08/03 14:30:13 - mmengine - WARNING - backbone.adapter.backbone.blocks.16.mlp.fc2.bias is skipped since its requires_grad=False
2026/08/03 14:30:13 - mmengine - WARNING - backbone.adapter.backbone.blocks.16.ls2.gamma is skipped since its requires_grad=False
2026/08/03 14:30:13 - mmengine - WARNING - backbone.adapter.backbone.blocks.17.norm1.weight is skipped since its requires_grad=False
2026/08/03 14:30:13 - mmengine - WARNING - backbone.adapter.backbone.blocks.17.norm1.bias is skipped since its requires_grad=False
2026/08/03 14:30:13 - mmengine - WARNING - backbone.adapter.backbone.blocks.17.attn.qkv.weight is skipped since its requires_grad=False
2026/08/03 14:30:13 - mmengine - WARNING - backbone.adapter.backbone.blocks.17.attn.qkv.bias is skipped since its requires_grad=False
2026/08/03 14:30:13 - mmengine - WARNING - backbone.adapter.backbone.blocks.17.attn.proj.weight is skipped since its requires_grad=False
2026/08/03 14:30:13 - mmengine - WARNING - backbone.adapter.backbone.blocks.17.attn.proj.bias is skipped since its requires_grad=False
2026/08/03 14:30:13 - mmengine - WARNING - backbone.adapter.backbone.blocks.17.ls1.gamma is skipped since its requires_grad=False
2026/08/03 14:30:13 - mmengine - WARNING - backbone.adapter.backbone.blocks.17.norm2.weight is skipped since its requires_grad=False
2026/08/03 14:30:13 - mmengine - WARNING - backbone.adapter.backbone.blocks.17.norm2.bias is skipped since its requires_grad=False
2026/08/03 14:30:13 - mmengine - WARNING - backbone.adapter.backbone.blocks.17.mlp.fc1.weight is skipped since its requires_grad=False
2026/08/03 14:30:13 - mmengine - WARNING - backbone.adapter.backbone.blocks.17.mlp.fc1.bias is skipped since its requires_grad=False
2026/08/03 14:30:13 - mmengine - WARNING - backbone.adapter.backbone.blocks.17.mlp.fc2.weight is skipped since its requires_grad=False
2026/08/03 14:30:13 - mmengine - WARNING - backbone.adapter.backbone.blocks.17.mlp.fc2.bias is skipped since its requires_grad=False
2026/08/03 14:30:13 - mmengine - WARNING - backbone.adapter.backbone.blocks.17.ls2.gamma is skipped since its requires_grad=False
2026/08/03 14:30:13 - mmengine - WARNING - backbone.adapter.backbone.blocks.18.norm1.weight is skipped since its requires_grad=False
2026/08/03 14:30:13 - mmengine - WARNING - backbone.adapter.backbone.blocks.18.norm1.bias is skipped since its requires_grad=False
2026/08/03 14:30:13 - mmengine - WARNING - backbone.adapter.backbone.blocks.18.attn.qkv.weight is skipped since its requires_grad=False
2026/08/03 14:30:13 - mmengine - WARNING - backbone.adapter.backbone.blocks.18.attn.qkv.bias is skipped since its requires_grad=False
2026/08/03 14:30:13 - mmengine - WARNING - backbone.adapter.backbone.blocks.18.attn.proj.weight is skipped since its requires_grad=False
2026/08/03 14:30:13 - mmengine - WARNING - backbone.adapter.backbone.blocks.18.attn.proj.bias is skipped since its requires_grad=False
2026/08/03 14:30:13 - mmengine - WARNING - backbone.adapter.backbone.blocks.18.ls1.gamma is skipped since its requires_grad=False
2026/08/03 14:30:13 - mmengine - WARNING - backbone.adapter.backbone.blocks.18.norm2.weight is skipped since its requires_grad=False
2026/08/03 14:30:13 - mmengine - WARNING - backbone.adapter.backbone.blocks.18.norm2.bias is skipped since its requires_grad=False
2026/08/03 14:30:13 - mmengine - WARNING - backbone.adapter.backbone.blocks.18.mlp.fc1.weight is skipped since its requires_grad=False
2026/08/03 14:30:13 - mmengine - WARNING - backbone.adapter.backbone.blocks.18.mlp.fc1.bias is skipped since its requires_grad=False
2026/08/03 14:30:13 - mmengine - WARNING - backbone.adapter.backbone.blocks.18.mlp.fc2.weight is skipped since its requires_grad=False
2026/08/03 14:30:13 - mmengine - WARNING - backbone.adapter.backbone.blocks.18.mlp.fc2.bias is skipped since its requires_grad=False
2026/08/03 14:30:13 - mmengine - WARNING - backbone.adapter.backbone.blocks.18.ls2.gamma is skipped since its requires_grad=False
2026/08/03 14:30:13 - mmengine - WARNING - backbone.adapter.backbone.blocks.19.norm1.weight is skipped since its requires_grad=False
2026/08/03 14:30:13 - mmengine - WARNING - backbone.adapter.backbone.blocks.19.norm1.bias is skipped since its requires_grad=False
2026/08/03 14:30:13 - mmengine - WARNING - backbone.adapter.backbone.blocks.19.attn.qkv.weight is skipped since its requires_grad=False
2026/08/03 14:30:13 - mmengine - WARNING - backbone.adapter.backbone.blocks.19.attn.qkv.bias is skipped since its requires_grad=False
2026/08/03 14:30:13 - mmengine - WARNING - backbone.adapter.backbone.blocks.19.attn.proj.weight is skipped since its requires_grad=False
2026/08/03 14:30:13 - mmengine - WARNING - backbone.adapter.backbone.blocks.19.attn.proj.bias is skipped since its requires_grad=False
2026/08/03 14:30:13 - mmengine - WARNING - backbone.adapter.backbone.blocks.19.ls1.gamma is skipped since its requires_grad=False
2026/08/03 14:30:13 - mmengine - WARNING - backbone.adapter.backbone.blocks.19.norm2.weight is skipped since its requires_grad=False
2026/08/03 14:30:13 - mmengine - WARNING - backbone.adapter.backbone.blocks.19.norm2.bias is skipped since its requires_grad=False
2026/08/03 14:30:13 - mmengine - WARNING - backbone.adapter.backbone.blocks.19.mlp.fc1.weight is skipped since its requires_grad=False
2026/08/03 14:30:13 - mmengine - WARNING - backbone.adapter.backbone.blocks.19.mlp.fc1.bias is skipped since its requires_grad=False
2026/08/03 14:30:13 - mmengine - WARNING - backbone.adapter.backbone.blocks.19.mlp.fc2.weight is skipped since its requires_grad=False
2026/08/03 14:30:13 - mmengine - WARNING - backbone.adapter.backbone.blocks.19.mlp.fc2.bias is skipped since its requires_grad=False
2026/08/03 14:30:13 - mmengine - WARNING - backbone.adapter.backbone.blocks.19.ls2.gamma is skipped since its requires_grad=False
2026/08/03 14:30:13 - mmengine - WARNING - backbone.adapter.backbone.blocks.20.norm1.weight is skipped since its requires_grad=False
2026/08/03 14:30:13 - mmengine - WARNING - backbone.adapter.backbone.blocks.20.norm1.bias is skipped since its requires_grad=False
2026/08/03 14:30:13 - mmengine - WARNING - backbone.adapter.backbone.blocks.20.attn.qkv.weight is skipped since its requires_grad=False
2026/08/03 14:30:13 - mmengine - WARNING - backbone.adapter.backbone.blocks.20.attn.qkv.bias is skipped since its requires_grad=False
2026/08/03 14:30:13 - mmengine - WARNING - backbone.adapter.backbone.blocks.20.attn.proj.weight is skipped since its requires_grad=False
2026/08/03 14:30:13 - mmengine - WARNING - backbone.adapter.backbone.blocks.20.attn.proj.bias is skipped since its requires_grad=False
2026/08/03 14:30:13 - mmengine - WARNING - backbone.adapter.backbone.blocks.20.ls1.gamma is skipped since its requires_grad=False
2026/08/03 14:30:13 - mmengine - WARNING - backbone.adapter.backbone.blocks.20.norm2.weight is skipped since its requires_grad=False
2026/08/03 14:30:13 - mmengine - WARNING - backbone.adapter.backbone.blocks.20.norm2.bias is skipped since its requires_grad=False
2026/08/03 14:30:13 - mmengine - WARNING - backbone.adapter.backbone.blocks.20.mlp.fc1.weight is skipped since its requires_grad=False
2026/08/03 14:30:13 - mmengine - WARNING - backbone.adapter.backbone.blocks.20.mlp.fc1.bias is skipped since its requires_grad=False
2026/08/03 14:30:13 - mmengine - WARNING - backbone.adapter.backbone.blocks.20.mlp.fc2.weight is skipped since its requires_grad=False
2026/08/03 14:30:13 - mmengine - WARNING - backbone.adapter.backbone.blocks.20.mlp.fc2.bias is skipped since its requires_grad=False
2026/08/03 14:30:13 - mmengine - WARNING - backbone.adapter.backbone.blocks.20.ls2.gamma is skipped since its requires_grad=False
2026/08/03 14:30:13 - mmengine - WARNING - backbone.adapter.backbone.blocks.21.norm1.weight is skipped since its requires_grad=False
2026/08/03 14:30:13 - mmengine - WARNING - backbone.adapter.backbone.blocks.21.norm1.bias is skipped since its requires_grad=False
2026/08/03 14:30:13 - mmengine - WARNING - backbone.adapter.backbone.blocks.21.attn.qkv.weight is skipped since its requires_grad=False
2026/08/03 14:30:13 - mmengine - WARNING - backbone.adapter.backbone.blocks.21.attn.qkv.bias is skipped since its requires_grad=False
2026/08/03 14:30:13 - mmengine - WARNING - backbone.adapter.backbone.blocks.21.attn.proj.weight is skipped since its requires_grad=False
2026/08/03 14:30:13 - mmengine - WARNING - backbone.adapter.backbone.blocks.21.attn.proj.bias is skipped since its requires_grad=False
2026/08/03 14:30:13 - mmengine - WARNING - backbone.adapter.backbone.blocks.21.ls1.gamma is skipped since its requires_grad=False
2026/08/03 14:30:13 - mmengine - WARNING - backbone.adapter.backbone.blocks.21.norm2.weight is skipped since its requires_grad=False
2026/08/03 14:30:13 - mmengine - WARNING - backbone.adapter.backbone.blocks.21.norm2.bias is skipped since its requires_grad=False
2026/08/03 14:30:13 - mmengine - WARNING - backbone.adapter.backbone.blocks.21.mlp.fc1.weight is skipped since its requires_grad=False
2026/08/03 14:30:13 - mmengine - WARNING - backbone.adapter.backbone.blocks.21.mlp.fc1.bias is skipped since its requires_grad=False
2026/08/03 14:30:13 - mmengine - WARNING - backbone.adapter.backbone.blocks.21.mlp.fc2.weight is skipped since its requires_grad=False
2026/08/03 14:30:13 - mmengine - WARNING - backbone.adapter.backbone.blocks.21.mlp.fc2.bias is skipped since its requires_grad=False
2026/08/03 14:30:13 - mmengine - WARNING - backbone.adapter.backbone.blocks.21.ls2.gamma is skipped since its requires_grad=False
2026/08/03 14:30:13 - mmengine - WARNING - backbone.adapter.backbone.blocks.22.norm1.weight is skipped since its requires_grad=False
2026/08/03 14:30:13 - mmengine - WARNING - backbone.adapter.backbone.blocks.22.norm1.bias is skipped since its requires_grad=False
2026/08/03 14:30:13 - mmengine - WARNING - backbone.adapter.backbone.blocks.22.attn.qkv.weight is skipped since its requires_grad=False
2026/08/03 14:30:13 - mmengine - WARNING - backbone.adapter.backbone.blocks.22.attn.qkv.bias is skipped since its requires_grad=False
2026/08/03 14:30:13 - mmengine - WARNING - backbone.adapter.backbone.blocks.22.attn.proj.weight is skipped since its requires_grad=False
2026/08/03 14:30:13 - mmengine - WARNING - backbone.adapter.backbone.blocks.22.attn.proj.bias is skipped since its requires_grad=False
2026/08/03 14:30:13 - mmengine - WARNING - backbone.adapter.backbone.blocks.22.ls1.gamma is skipped since its requires_grad=False
2026/08/03 14:30:13 - mmengine - WARNING - backbone.adapter.backbone.blocks.22.norm2.weight is skipped since its requires_grad=False
2026/08/03 14:30:13 - mmengine - WARNING - backbone.adapter.backbone.blocks.22.norm2.bias is skipped since its requires_grad=False
2026/08/03 14:30:13 - mmengine - WARNING - backbone.adapter.backbone.blocks.22.mlp.fc1.weight is skipped since its requires_grad=False
2026/08/03 14:30:13 - mmengine - WARNING - backbone.adapter.backbone.blocks.22.mlp.fc1.bias is skipped since its requires_grad=False
2026/08/03 14:30:13 - mmengine - WARNING - backbone.adapter.backbone.blocks.22.mlp.fc2.weight is skipped since its requires_grad=False
2026/08/03 14:30:13 - mmengine - WARNING - backbone.adapter.backbone.blocks.22.mlp.fc2.bias is skipped since its requires_grad=False
2026/08/03 14:30:13 - mmengine - WARNING - backbone.adapter.backbone.blocks.22.ls2.gamma is skipped since its requires_grad=False
2026/08/03 14:30:13 - mmengine - WARNING - backbone.adapter.backbone.blocks.23.norm1.weight is skipped since its requires_grad=False
2026/08/03 14:30:13 - mmengine - WARNING - backbone.adapter.backbone.blocks.23.norm1.bias is skipped since its requires_grad=False
2026/08/03 14:30:13 - mmengine - WARNING - backbone.adapter.backbone.blocks.23.attn.qkv.weight is skipped since its requires_grad=False
2026/08/03 14:30:13 - mmengine - WARNING - backbone.adapter.backbone.blocks.23.attn.qkv.bias is skipped since its requires_grad=False
2026/08/03 14:30:13 - mmengine - WARNING - backbone.adapter.backbone.blocks.23.attn.proj.weight is skipped since its requires_grad=False
2026/08/03 14:30:13 - mmengine - WARNING - backbone.adapter.backbone.blocks.23.attn.proj.bias is skipped since its requires_grad=False
2026/08/03 14:30:13 - mmengine - WARNING - backbone.adapter.backbone.blocks.23.ls1.gamma is skipped since its requires_grad=False
2026/08/03 14:30:13 - mmengine - WARNING - backbone.adapter.backbone.blocks.23.norm2.weight is skipped since its requires_grad=False
2026/08/03 14:30:13 - mmengine - WARNING - backbone.adapter.backbone.blocks.23.norm2.bias is skipped since its requires_grad=False
2026/08/03 14:30:13 - mmengine - WARNING - backbone.adapter.backbone.blocks.23.mlp.fc1.weight is skipped since its requires_grad=False
2026/08/03 14:30:13 - mmengine - WARNING - backbone.adapter.backbone.blocks.23.mlp.fc1.bias is skipped since its requires_grad=False
2026/08/03 14:30:13 - mmengine - WARNING - backbone.adapter.backbone.blocks.23.mlp.fc2.weight is skipped since its requires_grad=False
2026/08/03 14:30:13 - mmengine - WARNING - backbone.adapter.backbone.blocks.23.mlp.fc2.bias is skipped since its requires_grad=False
2026/08/03 14:30:13 - mmengine - WARNING - backbone.adapter.backbone.blocks.23.ls2.gamma is skipped since its requires_grad=False
2026/08/03 14:30:13 - mmengine - WARNING - backbone.adapter.backbone.norm.weight is skipped since its requires_grad=False
2026/08/03 14:30:13 - mmengine - WARNING - backbone.adapter.backbone.norm.bias is skipped since its requires_grad=False
2026/08/03 14:30:13 - mmengine - INFO - paramwise_options -- backbone.adapter.spm.stem.1.weight:weight_decay=0.0
2026/08/03 14:30:13 - mmengine - INFO - paramwise_options -- backbone.adapter.spm.stem.1.bias:weight_decay=0.0
2026/08/03 14:30:13 - mmengine - INFO - paramwise_options -- backbone.adapter.spm.stem.4.weight:weight_decay=0.0
2026/08/03 14:30:13 - mmengine - INFO - paramwise_options -- backbone.adapter.spm.stem.4.bias:weight_decay=0.0
2026/08/03 14:30:13 - mmengine - INFO - paramwise_options -- backbone.adapter.spm.stem.7.weight:weight_decay=0.0
2026/08/03 14:30:13 - mmengine - INFO - paramwise_options -- backbone.adapter.spm.stem.7.bias:weight_decay=0.0
2026/08/03 14:30:13 - mmengine - INFO - paramwise_options -- backbone.adapter.spm.conv2.1.weight:weight_decay=0.0
2026/08/03 14:30:13 - mmengine - INFO - paramwise_options -- backbone.adapter.spm.conv2.1.bias:weight_decay=0.0
2026/08/03 14:30:13 - mmengine - INFO - paramwise_options -- backbone.adapter.spm.conv3.1.weight:weight_decay=0.0
2026/08/03 14:30:13 - mmengine - INFO - paramwise_options -- backbone.adapter.spm.conv3.1.bias:weight_decay=0.0
2026/08/03 14:30:13 - mmengine - INFO - paramwise_options -- backbone.adapter.spm.conv4.1.weight:weight_decay=0.0
2026/08/03 14:30:13 - mmengine - INFO - paramwise_options -- backbone.adapter.spm.conv4.1.bias:weight_decay=0.0
2026/08/03 14:30:13 - mmengine - INFO - paramwise_options -- backbone.adapter.interactions.0.extractor.query_norm.weight:weight_decay=0.0
2026/08/03 14:30:13 - mmengine - INFO - paramwise_options -- backbone.adapter.interactions.0.extractor.query_norm.bias:weight_decay=0.0
2026/08/03 14:30:13 - mmengine - INFO - paramwise_options -- backbone.adapter.interactions.0.extractor.feat_norm.weight:weight_decay=0.0
2026/08/03 14:30:13 - mmengine - INFO - paramwise_options -- backbone.adapter.interactions.0.extractor.feat_norm.bias:weight_decay=0.0
2026/08/03 14:30:13 - mmengine - INFO - paramwise_options -- backbone.adapter.interactions.0.extractor.ffn_norm.weight:weight_decay=0.0
2026/08/03 14:30:13 - mmengine - INFO - paramwise_options -- backbone.adapter.interactions.0.extractor.ffn_norm.bias:weight_decay=0.0
2026/08/03 14:30:13 - mmengine - INFO - paramwise_options -- backbone.adapter.interactions.1.extractor.query_norm.weight:weight_decay=0.0
2026/08/03 14:30:13 - mmengine - INFO - paramwise_options -- backbone.adapter.interactions.1.extractor.query_norm.bias:weight_decay=0.0
2026/08/03 14:30:13 - mmengine - INFO - paramwise_options -- backbone.adapter.interactions.1.extractor.feat_norm.weight:weight_decay=0.0
2026/08/03 14:30:13 - mmengine - INFO - paramwise_options -- backbone.adapter.interactions.1.extractor.feat_norm.bias:weight_decay=0.0
2026/08/03 14:30:13 - mmengine - INFO - paramwise_options -- backbone.adapter.interactions.1.extractor.ffn_norm.weight:weight_decay=0.0
2026/08/03 14:30:13 - mmengine - INFO - paramwise_options -- backbone.adapter.interactions.1.extractor.ffn_norm.bias:weight_decay=0.0
2026/08/03 14:30:13 - mmengine - INFO - paramwise_options -- backbone.adapter.interactions.2.extractor.query_norm.weight:weight_decay=0.0
2026/08/03 14:30:13 - mmengine - INFO - paramwise_options -- backbone.adapter.interactions.2.extractor.query_norm.bias:weight_decay=0.0
2026/08/03 14:30:13 - mmengine - INFO - paramwise_options -- backbone.adapter.interactions.2.extractor.feat_norm.weight:weight_decay=0.0
2026/08/03 14:30:13 - mmengine - INFO - paramwise_options -- backbone.adapter.interactions.2.extractor.feat_norm.bias:weight_decay=0.0
2026/08/03 14:30:13 - mmengine - INFO - paramwise_options -- backbone.adapter.interactions.2.extractor.ffn_norm.weight:weight_decay=0.0
2026/08/03 14:30:13 - mmengine - INFO - paramwise_options -- backbone.adapter.interactions.2.extractor.ffn_norm.bias:weight_decay=0.0
2026/08/03 14:30:13 - mmengine - INFO - paramwise_options -- backbone.adapter.interactions.3.extractor.query_norm.weight:weight_decay=0.0
2026/08/03 14:30:13 - mmengine - INFO - paramwise_options -- backbone.adapter.interactions.3.extractor.query_norm.bias:weight_decay=0.0
2026/08/03 14:30:13 - mmengine - INFO - paramwise_options -- backbone.adapter.interactions.3.extractor.feat_norm.weight:weight_decay=0.0
2026/08/03 14:30:13 - mmengine - INFO - paramwise_options -- backbone.adapter.interactions.3.extractor.feat_norm.bias:weight_decay=0.0
2026/08/03 14:30:13 - mmengine - INFO - paramwise_options -- backbone.adapter.interactions.3.extractor.ffn_norm.weight:weight_decay=0.0
2026/08/03 14:30:13 - mmengine - INFO - paramwise_options -- backbone.adapter.interactions.3.extractor.ffn_norm.bias:weight_decay=0.0
2026/08/03 14:30:13 - mmengine - INFO - paramwise_options -- backbone.adapter.interactions.3.extra_extractors.0.query_norm.weight:weight_decay=0.0
2026/08/03 14:30:13 - mmengine - INFO - paramwise_options -- backbone.adapter.interactions.3.extra_extractors.0.query_norm.bias:weight_decay=0.0
2026/08/03 14:30:13 - mmengine - INFO - paramwise_options -- backbone.adapter.interactions.3.extra_extractors.0.feat_norm.weight:weight_decay=0.0
2026/08/03 14:30:13 - mmengine - INFO - paramwise_options -- backbone.adapter.interactions.3.extra_extractors.0.feat_norm.bias:weight_decay=0.0
2026/08/03 14:30:13 - mmengine - INFO - paramwise_options -- backbone.adapter.interactions.3.extra_extractors.0.ffn_norm.weight:weight_decay=0.0
2026/08/03 14:30:13 - mmengine - INFO - paramwise_options -- backbone.adapter.interactions.3.extra_extractors.0.ffn_norm.bias:weight_decay=0.0
2026/08/03 14:30:13 - mmengine - INFO - paramwise_options -- backbone.adapter.interactions.3.extra_extractors.1.query_norm.weight:weight_decay=0.0
2026/08/03 14:30:13 - mmengine - INFO - paramwise_options -- backbone.adapter.interactions.3.extra_extractors.1.query_norm.bias:weight_decay=0.0
2026/08/03 14:30:13 - mmengine - INFO - paramwise_options -- backbone.adapter.interactions.3.extra_extractors.1.feat_norm.weight:weight_decay=0.0
2026/08/03 14:30:13 - mmengine - INFO - paramwise_options -- backbone.adapter.interactions.3.extra_extractors.1.feat_norm.bias:weight_decay=0.0
2026/08/03 14:30:13 - mmengine - INFO - paramwise_options -- backbone.adapter.interactions.3.extra_extractors.1.ffn_norm.weight:weight_decay=0.0
2026/08/03 14:30:13 - mmengine - INFO - paramwise_options -- backbone.adapter.interactions.3.extra_extractors.1.ffn_norm.bias:weight_decay=0.0
2026/08/03 14:30:13 - mmengine - INFO - paramwise_options -- backbone.adapter.norm1.weight:weight_decay=0.0
2026/08/03 14:30:13 - mmengine - INFO - paramwise_options -- backbone.adapter.norm1.bias:weight_decay=0.0
2026/08/03 14:30:13 - mmengine - INFO - paramwise_options -- backbone.adapter.norm2.weight:weight_decay=0.0
2026/08/03 14:30:13 - mmengine - INFO - paramwise_options -- backbone.adapter.norm2.bias:weight_decay=0.0
2026/08/03 14:30:13 - mmengine - INFO - paramwise_options -- backbone.adapter.norm3.weight:weight_decay=0.0
2026/08/03 14:30:13 - mmengine - INFO - paramwise_options -- backbone.adapter.norm3.bias:weight_decay=0.0
2026/08/03 14:30:13 - mmengine - INFO - paramwise_options -- backbone.adapter.norm4.weight:weight_decay=0.0
2026/08/03 14:30:13 - mmengine - INFO - paramwise_options -- backbone.adapter.norm4.bias:weight_decay=0.0
2026/08/03 14:30:13 - mmengine - INFO - paramwise_options -- decode_head.pixel_decoder.input_convs.0.gn.weight:weight_decay=0.0
2026/08/03 14:30:13 - mmengine - INFO - paramwise_options -- decode_head.pixel_decoder.input_convs.0.gn.bias:weight_decay=0.0
2026/08/03 14:30:13 - mmengine - INFO - paramwise_options -- decode_head.pixel_decoder.input_convs.1.gn.weight:weight_decay=0.0
2026/08/03 14:30:13 - mmengine - INFO - paramwise_options -- decode_head.pixel_decoder.input_convs.1.gn.bias:weight_decay=0.0
2026/08/03 14:30:13 - mmengine - INFO - paramwise_options -- decode_head.pixel_decoder.input_convs.2.gn.weight:weight_decay=0.0
2026/08/03 14:30:13 - mmengine - INFO - paramwise_options -- decode_head.pixel_decoder.input_convs.2.gn.bias:weight_decay=0.0
2026/08/03 14:30:13 - mmengine - INFO - paramwise_options -- decode_head.pixel_decoder.encoder.layers.0.norms.0.weight:weight_decay=0.0
2026/08/03 14:30:13 - mmengine - INFO - paramwise_options -- decode_head.pixel_decoder.encoder.layers.0.norms.0.bias:weight_decay=0.0
2026/08/03 14:30:13 - mmengine - INFO - paramwise_options -- decode_head.pixel_decoder.encoder.layers.0.norms.1.weight:weight_decay=0.0
2026/08/03 14:30:13 - mmengine - INFO - paramwise_options -- decode_head.pixel_decoder.encoder.layers.0.norms.1.bias:weight_decay=0.0
2026/08/03 14:30:13 - mmengine - INFO - paramwise_options -- decode_head.pixel_decoder.encoder.layers.1.norms.0.weight:weight_decay=0.0
2026/08/03 14:30:13 - mmengine - INFO - paramwise_options -- decode_head.pixel_decoder.encoder.layers.1.norms.0.bias:weight_decay=0.0
2026/08/03 14:30:13 - mmengine - INFO - paramwise_options -- decode_head.pixel_decoder.encoder.layers.1.norms.1.weight:weight_decay=0.0
2026/08/03 14:30:13 - mmengine - INFO - paramwise_options -- decode_head.pixel_decoder.encoder.layers.1.norms.1.bias:weight_decay=0.0
2026/08/03 14:30:13 - mmengine - INFO - paramwise_options -- decode_head.pixel_decoder.encoder.layers.2.norms.0.weight:weight_decay=0.0
2026/08/03 14:30:13 - mmengine - INFO - paramwise_options -- decode_head.pixel_decoder.encoder.layers.2.norms.0.bias:weight_decay=0.0
2026/08/03 14:30:13 - mmengine - INFO - paramwise_options -- decode_head.pixel_decoder.encoder.layers.2.norms.1.weight:weight_decay=0.0
2026/08/03 14:30:13 - mmengine - INFO - paramwise_options -- decode_head.pixel_decoder.encoder.layers.2.norms.1.bias:weight_decay=0.0
2026/08/03 14:30:13 - mmengine - INFO - paramwise_options -- decode_head.pixel_decoder.encoder.layers.3.norms.0.weight:weight_decay=0.0
2026/08/03 14:30:13 - mmengine - INFO - paramwise_options -- decode_head.pixel_decoder.encoder.layers.3.norms.0.bias:weight_decay=0.0
2026/08/03 14:30:13 - mmengine - INFO - paramwise_options -- decode_head.pixel_decoder.encoder.layers.3.norms.1.weight:weight_decay=0.0
2026/08/03 14:30:13 - mmengine - INFO - paramwise_options -- decode_head.pixel_decoder.encoder.layers.3.norms.1.bias:weight_decay=0.0
2026/08/03 14:30:13 - mmengine - INFO - paramwise_options -- decode_head.pixel_decoder.encoder.layers.4.norms.0.weight:weight_decay=0.0
2026/08/03 14:30:13 - mmengine - INFO - paramwise_options -- decode_head.pixel_decoder.encoder.layers.4.norms.0.bias:weight_decay=0.0
2026/08/03 14:30:13 - mmengine - INFO - paramwise_options -- decode_head.pixel_decoder.encoder.layers.4.norms.1.weight:weight_decay=0.0
2026/08/03 14:30:13 - mmengine - INFO - paramwise_options -- decode_head.pixel_decoder.encoder.layers.4.norms.1.bias:weight_decay=0.0
2026/08/03 14:30:13 - mmengine - INFO - paramwise_options -- decode_head.pixel_decoder.encoder.layers.5.norms.0.weight:weight_decay=0.0
2026/08/03 14:30:13 - mmengine - INFO - paramwise_options -- decode_head.pixel_decoder.encoder.layers.5.norms.0.bias:weight_decay=0.0
2026/08/03 14:30:13 - mmengine - INFO - paramwise_options -- decode_head.pixel_decoder.encoder.layers.5.norms.1.weight:weight_decay=0.0
2026/08/03 14:30:13 - mmengine - INFO - paramwise_options -- decode_head.pixel_decoder.encoder.layers.5.norms.1.bias:weight_decay=0.0
2026/08/03 14:30:13 - mmengine - INFO - paramwise_options -- decode_head.pixel_decoder.lateral_convs.0.gn.weight:weight_decay=0.0
2026/08/03 14:30:13 - mmengine - INFO - paramwise_options -- decode_head.pixel_decoder.lateral_convs.0.gn.bias:weight_decay=0.0
2026/08/03 14:30:13 - mmengine - INFO - paramwise_options -- decode_head.pixel_decoder.output_convs.0.gn.weight:weight_decay=0.0
2026/08/03 14:30:13 - mmengine - INFO - paramwise_options -- decode_head.pixel_decoder.output_convs.0.gn.bias:weight_decay=0.0
2026/08/03 14:30:13 - mmengine - INFO - paramwise_options -- decode_head.transformer_decoder.layers.0.norms.0.weight:weight_decay=0.0
2026/08/03 14:30:13 - mmengine - INFO - paramwise_options -- decode_head.transformer_decoder.layers.0.norms.0.bias:weight_decay=0.0
2026/08/03 14:30:13 - mmengine - INFO - paramwise_options -- decode_head.transformer_decoder.layers.0.norms.1.weight:weight_decay=0.0
2026/08/03 14:30:13 - mmengine - INFO - paramwise_options -- decode_head.transformer_decoder.layers.0.norms.1.bias:weight_decay=0.0
2026/08/03 14:30:13 - mmengine - INFO - paramwise_options -- decode_head.transformer_decoder.layers.0.norms.2.weight:weight_decay=0.0
2026/08/03 14:30:13 - mmengine - INFO - paramwise_options -- decode_head.transformer_decoder.layers.0.norms.2.bias:weight_decay=0.0
2026/08/03 14:30:13 - mmengine - INFO - paramwise_options -- decode_head.transformer_decoder.layers.1.norms.0.weight:weight_decay=0.0
2026/08/03 14:30:13 - mmengine - INFO - paramwise_options -- decode_head.transformer_decoder.layers.1.norms.0.bias:weight_decay=0.0
2026/08/03 14:30:13 - mmengine - INFO - paramwise_options -- decode_head.transformer_decoder.layers.1.norms.1.weight:weight_decay=0.0
2026/08/03 14:30:13 - mmengine - INFO - paramwise_options -- decode_head.transformer_decoder.layers.1.norms.1.bias:weight_decay=0.0
2026/08/03 14:30:13 - mmengine - INFO - paramwise_options -- decode_head.transformer_decoder.layers.1.norms.2.weight:weight_decay=0.0
2026/08/03 14:30:13 - mmengine - INFO - paramwise_options -- decode_head.transformer_decoder.layers.1.norms.2.bias:weight_decay=0.0
2026/08/03 14:30:13 - mmengine - INFO - paramwise_options -- decode_head.transformer_decoder.layers.2.norms.0.weight:weight_decay=0.0
2026/08/03 14:30:13 - mmengine - INFO - paramwise_options -- decode_head.transformer_decoder.layers.2.norms.0.bias:weight_decay=0.0
2026/08/03 14:30:13 - mmengine - INFO - paramwise_options -- decode_head.transformer_decoder.layers.2.norms.1.weight:weight_decay=0.0
2026/08/03 14:30:13 - mmengine - INFO - paramwise_options -- decode_head.transformer_decoder.layers.2.norms.1.bias:weight_decay=0.0
2026/08/03 14:30:13 - mmengine - INFO - paramwise_options -- decode_head.transformer_decoder.layers.2.norms.2.weight:weight_decay=0.0
2026/08/03 14:30:13 - mmengine - INFO - paramwise_options -- decode_head.transformer_decoder.layers.2.norms.2.bias:weight_decay=0.0
2026/08/03 14:30:13 - mmengine - INFO - paramwise_options -- decode_head.transformer_decoder.layers.3.norms.0.weight:weight_decay=0.0
2026/08/03 14:30:13 - mmengine - INFO - paramwise_options -- decode_head.transformer_decoder.layers.3.norms.0.bias:weight_decay=0.0
2026/08/03 14:30:13 - mmengine - INFO - paramwise_options -- decode_head.transformer_decoder.layers.3.norms.1.weight:weight_decay=0.0
2026/08/03 14:30:13 - mmengine - INFO - paramwise_options -- decode_head.transformer_decoder.layers.3.norms.1.bias:weight_decay=0.0
2026/08/03 14:30:13 - mmengine - INFO - paramwise_options -- decode_head.transformer_decoder.layers.3.norms.2.weight:weight_decay=0.0
2026/08/03 14:30:13 - mmengine - INFO - paramwise_options -- decode_head.transformer_decoder.layers.3.norms.2.bias:weight_decay=0.0
2026/08/03 14:30:13 - mmengine - INFO - paramwise_options -- decode_head.transformer_decoder.layers.4.norms.0.weight:weight_decay=0.0
2026/08/03 14:30:13 - mmengine - INFO - paramwise_options -- decode_head.transformer_decoder.layers.4.norms.0.bias:weight_decay=0.0
2026/08/03 14:30:13 - mmengine - INFO - paramwise_options -- decode_head.transformer_decoder.layers.4.norms.1.weight:weight_decay=0.0
2026/08/03 14:30:13 - mmengine - INFO - paramwise_options -- decode_head.transformer_decoder.layers.4.norms.1.bias:weight_decay=0.0
2026/08/03 14:30:13 - mmengine - INFO - paramwise_options -- decode_head.transformer_decoder.layers.4.norms.2.weight:weight_decay=0.0
2026/08/03 14:30:13 - mmengine - INFO - paramwise_options -- decode_head.transformer_decoder.layers.4.norms.2.bias:weight_decay=0.0
2026/08/03 14:30:13 - mmengine - INFO - paramwise_options -- decode_head.transformer_decoder.layers.5.norms.0.weight:weight_decay=0.0
2026/08/03 14:30:13 - mmengine - INFO - paramwise_options -- decode_head.transformer_decoder.layers.5.norms.0.bias:weight_decay=0.0
2026/08/03 14:30:13 - mmengine - INFO - paramwise_options -- decode_head.transformer_decoder.layers.5.norms.1.weight:weight_decay=0.0
2026/08/03 14:30:13 - mmengine - INFO - paramwise_options -- decode_head.transformer_decoder.layers.5.norms.1.bias:weight_decay=0.0
2026/08/03 14:30:13 - mmengine - INFO - paramwise_options -- decode_head.transformer_decoder.layers.5.norms.2.weight:weight_decay=0.0
2026/08/03 14:30:13 - mmengine - INFO - paramwise_options -- decode_head.transformer_decoder.layers.5.norms.2.bias:weight_decay=0.0
2026/08/03 14:30:13 - mmengine - INFO - paramwise_options -- decode_head.transformer_decoder.layers.6.norms.0.weight:weight_decay=0.0
2026/08/03 14:30:13 - mmengine - INFO - paramwise_options -- decode_head.transformer_decoder.layers.6.norms.0.bias:weight_decay=0.0
2026/08/03 14:30:13 - mmengine - INFO - paramwise_options -- decode_head.transformer_decoder.layers.6.norms.1.weight:weight_decay=0.0
2026/08/03 14:30:13 - mmengine - INFO - paramwise_options -- decode_head.transformer_decoder.layers.6.norms.1.bias:weight_decay=0.0
2026/08/03 14:30:13 - mmengine - INFO - paramwise_options -- decode_head.transformer_decoder.layers.6.norms.2.weight:weight_decay=0.0
2026/08/03 14:30:13 - mmengine - INFO - paramwise_options -- decode_head.transformer_decoder.layers.6.norms.2.bias:weight_decay=0.0
2026/08/03 14:30:13 - mmengine - INFO - paramwise_options -- decode_head.transformer_decoder.layers.7.norms.0.weight:weight_decay=0.0
2026/08/03 14:30:13 - mmengine - INFO - paramwise_options -- decode_head.transformer_decoder.layers.7.norms.0.bias:weight_decay=0.0
2026/08/03 14:30:13 - mmengine - INFO - paramwise_options -- decode_head.transformer_decoder.layers.7.norms.1.weight:weight_decay=0.0
2026/08/03 14:30:13 - mmengine - INFO - paramwise_options -- decode_head.transformer_decoder.layers.7.norms.1.bias:weight_decay=0.0
2026/08/03 14:30:13 - mmengine - INFO - paramwise_options -- decode_head.transformer_decoder.layers.7.norms.2.weight:weight_decay=0.0
2026/08/03 14:30:13 - mmengine - INFO - paramwise_options -- decode_head.transformer_decoder.layers.7.norms.2.bias:weight_decay=0.0
2026/08/03 14:30:13 - mmengine - INFO - paramwise_options -- decode_head.transformer_decoder.layers.8.norms.0.weight:weight_decay=0.0
2026/08/03 14:30:13 - mmengine - INFO - paramwise_options -- decode_head.transformer_decoder.layers.8.norms.0.bias:weight_decay=0.0
2026/08/03 14:30:13 - mmengine - INFO - paramwise_options -- decode_head.transformer_decoder.layers.8.norms.1.weight:weight_decay=0.0
2026/08/03 14:30:13 - mmengine - INFO - paramwise_options -- decode_head.transformer_decoder.layers.8.norms.1.bias:weight_decay=0.0
2026/08/03 14:30:13 - mmengine - INFO - paramwise_options -- decode_head.transformer_decoder.layers.8.norms.2.weight:weight_decay=0.0
2026/08/03 14:30:13 - mmengine - INFO - paramwise_options -- decode_head.transformer_decoder.layers.8.norms.2.bias:weight_decay=0.0
2026/08/03 14:30:13 - mmengine - INFO - paramwise_options -- decode_head.transformer_decoder.post_norm.weight:weight_decay=0.0
2026/08/03 14:30:13 - mmengine - INFO - paramwise_options -- decode_head.transformer_decoder.post_norm.bias:weight_decay=0.0
2026/08/03 14:30:21 - mmengine - WARNING - The prefix is not set in metric class IoUMetric.
Name of parameter - Initialization information

backbone.backbone.cls_token - torch.Size([1, 1, 1024]): 
The value is the same before and after calling `init_weights` of EncoderDecoder  

backbone.backbone.storage_tokens - torch.Size([1, 4, 1024]): 
The value is the same before and after calling `init_weights` of EncoderDecoder  

backbone.backbone.mask_token - torch.Size([1, 1024]): 
The value is the same before and after calling `init_weights` of EncoderDecoder  

backbone.backbone.patch_embed.proj.weight - torch.Size([1024, 3, 16, 16]): 
The value is the same before and after calling `init_weights` of EncoderDecoder  

backbone.backbone.patch_embed.proj.bias - torch.Size([1024]): 
The value is the same before and after calling `init_weights` of EncoderDecoder  

backbone.backbone.blocks.0.norm1.weight - torch.Size([1024]): 
The value is the same before and after calling `init_weights` of EncoderDecoder  

backbone.backbone.blocks.0.norm1.bias - torch.Size([1024]): 
The value is the same before and after calling `init_weights` of EncoderDecoder  

backbone.backbone.blocks.0.attn.qkv.weight - torch.Size([3072, 1024]): 
The value is the same before and after calling `init_weights` of EncoderDecoder  

backbone.backbone.blocks.0.attn.qkv.bias - torch.Size([3072]): 
The value is the same before and after calling `init_weights` of EncoderDecoder  

backbone.backbone.blocks.0.attn.proj.weight - torch.Size([1024, 1024]): 
The value is the same before and after calling `init_weights` of EncoderDecoder  

backbone.backbone.blocks.0.attn.proj.bias - torch.Size([1024]): 
The value is the same before and after calling `init_weights` of EncoderDecoder  

backbone.backbone.blocks.0.ls1.gamma - torch.Size([1024]): 
The value is the same before and after calling `init_weights` of EncoderDecoder  

backbone.backbone.blocks.0.norm2.weight - torch.Size([1024]): 
The value is the same before and after calling `init_weights` of EncoderDecoder  

backbone.backbone.blocks.0.norm2.bias - torch.Size([1024]): 
The value is the same before and after calling `init_weights` of EncoderDecoder  

backbone.backbone.blocks.0.mlp.fc1.weight - torch.Size([4096, 1024]): 
The value is the same before and after calling `init_weights` of EncoderDecoder  

backbone.backbone.blocks.0.mlp.fc1.bias - torch.Size([4096]): 
The value is the same before and after calling `init_weights` of EncoderDecoder  

backbone.backbone.blocks.0.mlp.fc2.weight - torch.Size([1024, 4096]): 
The value is the same before and after calling `init_weights` of EncoderDecoder  

backbone.backbone.blocks.0.mlp.fc2.bias - torch.Size([1024]): 
The value is the same before and after calling `init_weights` of EncoderDecoder  

backbone.backbone.blocks.0.ls2.gamma - torch.Size([1024]): 
The value is the same before and after calling `init_weights` of EncoderDecoder  

backbone.backbone.blocks.1.norm1.weight - torch.Size([1024]): 
The value is the same before and after calling `init_weights` of EncoderDecoder  

backbone.backbone.blocks.1.norm1.bias - torch.Size([1024]): 
The value is the same before and after calling `init_weights` of EncoderDecoder  

backbone.backbone.blocks.1.attn.qkv.weight - torch.Size([3072, 1024]): 
The value is the same before and after calling `init_weights` of EncoderDecoder  

backbone.backbone.blocks.1.attn.qkv.bias - torch.Size([3072]): 
The value is the same before and after calling `init_weights` of EncoderDecoder  

backbone.backbone.blocks.1.attn.proj.weight - torch.Size([1024, 1024]): 
The value is the same before and after calling `init_weights` of EncoderDecoder  

backbone.backbone.blocks.1.attn.proj.bias - torch.Size([1024]): 
The value is the same before and after calling `init_weights` of EncoderDecoder  

backbone.backbone.blocks.1.ls1.gamma - torch.Size([1024]): 
The value is the same before and after calling `init_weights` of EncoderDecoder  

backbone.backbone.blocks.1.norm2.weight - torch.Size([1024]): 
The value is the same before and after calling `init_weights` of EncoderDecoder  

backbone.backbone.blocks.1.norm2.bias - torch.Size([1024]): 
The value is the same before and after calling `init_weights` of EncoderDecoder  

backbone.backbone.blocks.1.mlp.fc1.weight - torch.Size([4096, 1024]): 
The value is the same before and after calling `init_weights` of EncoderDecoder  

backbone.backbone.blocks.1.mlp.fc1.bias - torch.Size([4096]): 
The value is the same before and after calling `init_weights` of EncoderDecoder  

backbone.backbone.blocks.1.mlp.fc2.weight - torch.Size([1024, 4096]): 
The value is the same before and after calling `init_weights` of EncoderDecoder  

backbone.backbone.blocks.1.mlp.fc2.bias - torch.Size([1024]): 
The value is the same before and after calling `init_weights` of EncoderDecoder  

backbone.backbone.blocks.1.ls2.gamma - torch.Size([1024]): 
The value is the same before and after calling `init_weights` of EncoderDecoder  

backbone.backbone.blocks.2.norm1.weight - torch.Size([1024]): 
The value is the same before and after calling `init_weights` of EncoderDecoder  

backbone.backbone.blocks.2.norm1.bias - torch.Size([1024]): 
The value is the same before and after calling `init_weights` of EncoderDecoder  

backbone.backbone.blocks.2.attn.qkv.weight - torch.Size([3072, 1024]): 
The value is the same before and after calling `init_weights` of EncoderDecoder  

backbone.backbone.blocks.2.attn.qkv.bias - torch.Size([3072]): 
The value is the same before and after calling `init_weights` of EncoderDecoder  

backbone.backbone.blocks.2.attn.proj.weight - torch.Size([1024, 1024]): 
The value is the same before and after calling `init_weights` of EncoderDecoder  

backbone.backbone.blocks.2.attn.proj.bias - torch.Size([1024]): 
The value is the same before and after calling `init_weights` of EncoderDecoder  

backbone.backbone.blocks.2.ls1.gamma - torch.Size([1024]): 
The value is the same before and after calling `init_weights` of EncoderDecoder  

backbone.backbone.blocks.2.norm2.weight - torch.Size([1024]): 
The value is the same before and after calling `init_weights` of EncoderDecoder  

backbone.backbone.blocks.2.norm2.bias - torch.Size([1024]): 
The value is the same before and after calling `init_weights` of EncoderDecoder  

backbone.backbone.blocks.2.mlp.fc1.weight - torch.Size([4096, 1024]): 
The value is the same before and after calling `init_weights` of EncoderDecoder  

backbone.backbone.blocks.2.mlp.fc1.bias - torch.Size([4096]): 
The value is the same before and after calling `init_weights` of EncoderDecoder  

backbone.backbone.blocks.2.mlp.fc2.weight - torch.Size([1024, 4096]): 
The value is the same before and after calling `init_weights` of EncoderDecoder  

backbone.backbone.blocks.2.mlp.fc2.bias - torch.Size([1024]): 
The value is the same before and after calling `init_weights` of EncoderDecoder  

backbone.backbone.blocks.2.ls2.gamma - torch.Size([1024]): 
The value is the same before and after calling `init_weights` of EncoderDecoder  

backbone.backbone.blocks.3.norm1.weight - torch.Size([1024]): 
The value is the same before and after calling `init_weights` of EncoderDecoder  

backbone.backbone.blocks.3.norm1.bias - torch.Size([1024]): 
The value is the same before and after calling `init_weights` of EncoderDecoder  

backbone.backbone.blocks.3.attn.qkv.weight - torch.Size([3072, 1024]): 
The value is the same before and after calling `init_weights` of EncoderDecoder  

backbone.backbone.blocks.3.attn.qkv.bias - torch.Size([3072]): 
The value is the same before and after calling `init_weights` of EncoderDecoder  

backbone.backbone.blocks.3.attn.proj.weight - torch.Size([1024, 1024]): 
The value is the same before and after calling `init_weights` of EncoderDecoder  

backbone.backbone.blocks.3.attn.proj.bias - torch.Size([1024]): 
The value is the same before and after calling `init_weights` of EncoderDecoder  

backbone.backbone.blocks.3.ls1.gamma - torch.Size([1024]): 
The value is the same before and after calling `init_weights` of EncoderDecoder  

backbone.backbone.blocks.3.norm2.weight - torch.Size([1024]): 
The value is the same before and after calling `init_weights` of EncoderDecoder  

backbone.backbone.blocks.3.norm2.bias - torch.Size([1024]): 
The value is the same before and after calling `init_weights` of EncoderDecoder  

backbone.backbone.blocks.3.mlp.fc1.weight - torch.Size([4096, 1024]): 
The value is the same before and after calling `init_weights` of EncoderDecoder  

backbone.backbone.blocks.3.mlp.fc1.bias - torch.Size([4096]): 
The value is the same before and after calling `init_weights` of EncoderDecoder  

backbone.backbone.blocks.3.mlp.fc2.weight - torch.Size([1024, 4096]): 
The value is the same before and after calling `init_weights` of EncoderDecoder  

backbone.backbone.blocks.3.mlp.fc2.bias - torch.Size([1024]): 
The value is the same before and after calling `init_weights` of EncoderDecoder  

backbone.backbone.blocks.3.ls2.gamma - torch.Size([1024]): 
The value is the same before and after calling `init_weights` of EncoderDecoder  

backbone.backbone.blocks.4.norm1.weight - torch.Size([1024]): 
The value is the same before and after calling `init_weights` of EncoderDecoder  

backbone.backbone.blocks.4.norm1.bias - torch.Size([1024]): 
The value is the same before and after calling `init_weights` of EncoderDecoder  

backbone.backbone.blocks.4.attn.qkv.weight - torch.Size([3072, 1024]): 
The value is the same before and after calling `init_weights` of EncoderDecoder  

backbone.backbone.blocks.4.attn.qkv.bias - torch.Size([3072]): 
The value is the same before and after calling `init_weights` of EncoderDecoder  

backbone.backbone.blocks.4.attn.proj.weight - torch.Size([1024, 1024]): 
The value is the same before and after calling `init_weights` of EncoderDecoder  

backbone.backbone.blocks.4.attn.proj.bias - torch.Size([1024]): 
The value is the same before and after calling `init_weights` of EncoderDecoder  

backbone.backbone.blocks.4.ls1.gamma - torch.Size([1024]): 
The value is the same before and after calling `init_weights` of EncoderDecoder  

backbone.backbone.blocks.4.norm2.weight - torch.Size([1024]): 
The value is the same before and after calling `init_weights` of EncoderDecoder  

backbone.backbone.blocks.4.norm2.bias - torch.Size([1024]): 
The value is the same before and after calling `init_weights` of EncoderDecoder  

backbone.backbone.blocks.4.mlp.fc1.weight - torch.Size([4096, 1024]): 
The value is the same before and after calling `init_weights` of EncoderDecoder  

backbone.backbone.blocks.4.mlp.fc1.bias - torch.Size([4096]): 
The value is the same before and after calling `init_weights` of EncoderDecoder  

backbone.backbone.blocks.4.mlp.fc2.weight - torch.Size([1024, 4096]): 
The value is the same before and after calling `init_weights` of EncoderDecoder  

backbone.backbone.blocks.4.mlp.fc2.bias - torch.Size([1024]): 
The value is the same before and after calling `init_weights` of EncoderDecoder  

backbone.backbone.blocks.4.ls2.gamma - torch.Size([1024]): 
The value is the same before and after calling `init_weights` of EncoderDecoder  

backbone.backbone.blocks.5.norm1.weight - torch.Size([1024]): 
The value is the same before and after calling `init_weights` of EncoderDecoder  

backbone.backbone.blocks.5.norm1.bias - torch.Size([1024]): 
The value is the same before and after calling `init_weights` of EncoderDecoder  

backbone.backbone.blocks.5.attn.qkv.weight - torch.Size([3072, 1024]): 
The value is the same before and after calling `init_weights` of EncoderDecoder  

backbone.backbone.blocks.5.attn.qkv.bias - torch.Size([3072]): 
The value is the same before and after calling `init_weights` of EncoderDecoder  

backbone.backbone.blocks.5.attn.proj.weight - torch.Size([1024, 1024]): 
The value is the same before and after calling `init_weights` of EncoderDecoder  

backbone.backbone.blocks.5.attn.proj.bias - torch.Size([1024]): 
The value is the same before and after calling `init_weights` of EncoderDecoder  

backbone.backbone.blocks.5.ls1.gamma - torch.Size([1024]): 
The value is the same before and after calling `init_weights` of EncoderDecoder  

backbone.backbone.blocks.5.norm2.weight - torch.Size([1024]): 
The value is the same before and after calling `init_weights` of EncoderDecoder  

backbone.backbone.blocks.5.norm2.bias - torch.Size([1024]): 
The value is the same before and after calling `init_weights` of EncoderDecoder  

backbone.backbone.blocks.5.mlp.fc1.weight - torch.Size([4096, 1024]): 
The value is the same before and after calling `init_weights` of EncoderDecoder  

backbone.backbone.blocks.5.mlp.fc1.bias - torch.Size([4096]): 
The value is the same before and after calling `init_weights` of EncoderDecoder  

backbone.backbone.blocks.5.mlp.fc2.weight - torch.Size([1024, 4096]): 
The value is the same before and after calling `init_weights` of EncoderDecoder  

backbone.backbone.blocks.5.mlp.fc2.bias - torch.Size([1024]): 
The value is the same before and after calling `init_weights` of EncoderDecoder  

backbone.backbone.blocks.5.ls2.gamma - torch.Size([1024]): 
The value is the same before and after calling `init_weights` of EncoderDecoder  

backbone.backbone.blocks.6.norm1.weight - torch.Size([1024]): 
The value is the same before and after calling `init_weights` of EncoderDecoder  

backbone.backbone.blocks.6.norm1.bias - torch.Size([1024]): 
The value is the same before and after calling `init_weights` of EncoderDecoder  

backbone.backbone.blocks.6.attn.qkv.weight - torch.Size([3072, 1024]): 
The value is the same before and after calling `init_weights` of EncoderDecoder  

backbone.backbone.blocks.6.attn.qkv.bias - torch.Size([3072]): 
The value is the same before and after calling `init_weights` of EncoderDecoder  

backbone.backbone.blocks.6.attn.proj.weight - torch.Size([1024, 1024]): 
The value is the same before and after calling `init_weights` of EncoderDecoder  

backbone.backbone.blocks.6.attn.proj.bias - torch.Size([1024]): 
The value is the same before and after calling `init_weights` of EncoderDecoder  

backbone.backbone.blocks.6.ls1.gamma - torch.Size([1024]): 
The value is the same before and after calling `init_weights` of EncoderDecoder  

backbone.backbone.blocks.6.norm2.weight - torch.Size([1024]): 
The value is the same before and after calling `init_weights` of EncoderDecoder  

backbone.backbone.blocks.6.norm2.bias - torch.Size([1024]): 
The value is the same before and after calling `init_weights` of EncoderDecoder  

backbone.backbone.blocks.6.mlp.fc1.weight - torch.Size([4096, 1024]): 
The value is the same before and after calling `init_weights` of EncoderDecoder  

backbone.backbone.blocks.6.mlp.fc1.bias - torch.Size([4096]): 
The value is the same before and after calling `init_weights` of EncoderDecoder  

backbone.backbone.blocks.6.mlp.fc2.weight - torch.Size([1024, 4096]): 
The value is the same before and after calling `init_weights` of EncoderDecoder  

backbone.backbone.blocks.6.mlp.fc2.bias - torch.Size([1024]): 
The value is the same before and after calling `init_weights` of EncoderDecoder  

backbone.backbone.blocks.6.ls2.gamma - torch.Size([1024]): 
The value is the same before and after calling `init_weights` of EncoderDecoder  

backbone.backbone.blocks.7.norm1.weight - torch.Size([1024]): 
The value is the same before and after calling `init_weights` of EncoderDecoder  

backbone.backbone.blocks.7.norm1.bias - torch.Size([1024]): 
The value is the same before and after calling `init_weights` of EncoderDecoder  

backbone.backbone.blocks.7.attn.qkv.weight - torch.Size([3072, 1024]): 
The value is the same before and after calling `init_weights` of EncoderDecoder  

backbone.backbone.blocks.7.attn.qkv.bias - torch.Size([3072]): 
The value is the same before and after calling `init_weights` of EncoderDecoder  

backbone.backbone.blocks.7.attn.proj.weight - torch.Size([1024, 1024]): 
The value is the same before and after calling `init_weights` of EncoderDecoder  

backbone.backbone.blocks.7.attn.proj.bias - torch.Size([1024]): 
The value is the same before and after calling `init_weights` of EncoderDecoder  

backbone.backbone.blocks.7.ls1.gamma - torch.Size([1024]): 
The value is the same before and after calling `init_weights` of EncoderDecoder  

backbone.backbone.blocks.7.norm2.weight - torch.Size([1024]): 
The value is the same before and after calling `init_weights` of EncoderDecoder  

backbone.backbone.blocks.7.norm2.bias - torch.Size([1024]): 
The value is the same before and after calling `init_weights` of EncoderDecoder  

backbone.backbone.blocks.7.mlp.fc1.weight - torch.Size([4096, 1024]): 
The value is the same before and after calling `init_weights` of EncoderDecoder  

backbone.backbone.blocks.7.mlp.fc1.bias - torch.Size([4096]): 
The value is the same before and after calling `init_weights` of EncoderDecoder  

backbone.backbone.blocks.7.mlp.fc2.weight - torch.Size([1024, 4096]): 
The value is the same before and after calling `init_weights` of EncoderDecoder  

backbone.backbone.blocks.7.mlp.fc2.bias - torch.Size([1024]): 
The value is the same before and after calling `init_weights` of EncoderDecoder  

backbone.backbone.blocks.7.ls2.gamma - torch.Size([1024]): 
The value is the same before and after calling `init_weights` of EncoderDecoder  

backbone.backbone.blocks.8.norm1.weight - torch.Size([1024]): 
The value is the same before and after calling `init_weights` of EncoderDecoder  

backbone.backbone.blocks.8.norm1.bias - torch.Size([1024]): 
The value is the same before and after calling `init_weights` of EncoderDecoder  

backbone.backbone.blocks.8.attn.qkv.weight - torch.Size([3072, 1024]): 
The value is the same before and after calling `init_weights` of EncoderDecoder  

backbone.backbone.blocks.8.attn.qkv.bias - torch.Size([3072]): 
The value is the same before and after calling `init_weights` of EncoderDecoder  

backbone.backbone.blocks.8.attn.proj.weight - torch.Size([1024, 1024]): 
The value is the same before and after calling `init_weights` of EncoderDecoder  

backbone.backbone.blocks.8.attn.proj.bias - torch.Size([1024]): 
The value is the same before and after calling `init_weights` of EncoderDecoder  

backbone.backbone.blocks.8.ls1.gamma - torch.Size([1024]): 
The value is the same before and after calling `init_weights` of EncoderDecoder  

backbone.backbone.blocks.8.norm2.weight - torch.Size([1024]): 
The value is the same before and after calling `init_weights` of EncoderDecoder  

backbone.backbone.blocks.8.norm2.bias - torch.Size([1024]): 
The value is the same before and after calling `init_weights` of EncoderDecoder  

backbone.backbone.blocks.8.mlp.fc1.weight - torch.Size([4096, 1024]): 
The value is the same before and after calling `init_weights` of EncoderDecoder  

backbone.backbone.blocks.8.mlp.fc1.bias - torch.Size([4096]): 
The value is the same before and after calling `init_weights` of EncoderDecoder  

backbone.backbone.blocks.8.mlp.fc2.weight - torch.Size([1024, 4096]): 
The value is the same before and after calling `init_weights` of EncoderDecoder  

backbone.backbone.blocks.8.mlp.fc2.bias - torch.Size([1024]): 
The value is the same before and after calling `init_weights` of EncoderDecoder  

backbone.backbone.blocks.8.ls2.gamma - torch.Size([1024]): 
The value is the same before and after calling `init_weights` of EncoderDecoder  

backbone.backbone.blocks.9.norm1.weight - torch.Size([1024]): 
The value is the same before and after calling `init_weights` of EncoderDecoder  

backbone.backbone.blocks.9.norm1.bias - torch.Size([1024]): 
The value is the same before and after calling `init_weights` of EncoderDecoder  

backbone.backbone.blocks.9.attn.qkv.weight - torch.Size([3072, 1024]): 
The value is the same before and after calling `init_weights` of EncoderDecoder  

backbone.backbone.blocks.9.attn.qkv.bias - torch.Size([3072]): 
The value is the same before and after calling `init_weights` of EncoderDecoder  

backbone.backbone.blocks.9.attn.proj.weight - torch.Size([1024, 1024]): 
The value is the same before and after calling `init_weights` of EncoderDecoder  

backbone.backbone.blocks.9.attn.proj.bias - torch.Size([1024]): 
The value is the same before and after calling `init_weights` of EncoderDecoder  

backbone.backbone.blocks.9.ls1.gamma - torch.Size([1024]): 
The value is the same before and after calling `init_weights` of EncoderDecoder  

backbone.backbone.blocks.9.norm2.weight - torch.Size([1024]): 
The value is the same before and after calling `init_weights` of EncoderDecoder  

backbone.backbone.blocks.9.norm2.bias - torch.Size([1024]): 
The value is the same before and after calling `init_weights` of EncoderDecoder  

backbone.backbone.blocks.9.mlp.fc1.weight - torch.Size([4096, 1024]): 
The value is the same before and after calling `init_weights` of EncoderDecoder  

backbone.backbone.blocks.9.mlp.fc1.bias - torch.Size([4096]): 
The value is the same before and after calling `init_weights` of EncoderDecoder  

backbone.backbone.blocks.9.mlp.fc2.weight - torch.Size([1024, 4096]): 
The value is the same before and after calling `init_weights` of EncoderDecoder  

backbone.backbone.blocks.9.mlp.fc2.bias - torch.Size([1024]): 
The value is the same before and after calling `init_weights` of EncoderDecoder  

backbone.backbone.blocks.9.ls2.gamma - torch.Size([1024]): 
The value is the same before and after calling `init_weights` of EncoderDecoder  

backbone.backbone.blocks.10.norm1.weight - torch.Size([1024]): 
The value is the same before and after calling `init_weights` of EncoderDecoder  

backbone.backbone.blocks.10.norm1.bias - torch.Size([1024]): 
The value is the same before and after calling `init_weights` of EncoderDecoder  

backbone.backbone.blocks.10.attn.qkv.weight - torch.Size([3072, 1024]): 
The value is the same before and after calling `init_weights` of EncoderDecoder  

backbone.backbone.blocks.10.attn.qkv.bias - torch.Size([3072]): 
The value is the same before and after calling `init_weights` of EncoderDecoder  

backbone.backbone.blocks.10.attn.proj.weight - torch.Size([1024, 1024]): 
The value is the same before and after calling `init_weights` of EncoderDecoder  

backbone.backbone.blocks.10.attn.proj.bias - torch.Size([1024]): 
The value is the same before and after calling `init_weights` of EncoderDecoder  

backbone.backbone.blocks.10.ls1.gamma - torch.Size([1024]): 
The value is the same before and after calling `init_weights` of EncoderDecoder  

backbone.backbone.blocks.10.norm2.weight - torch.Size([1024]): 
The value is the same before and after calling `init_weights` of EncoderDecoder  

backbone.backbone.blocks.10.norm2.bias - torch.Size([1024]): 
The value is the same before and after calling `init_weights` of EncoderDecoder  

backbone.backbone.blocks.10.mlp.fc1.weight - torch.Size([4096, 1024]): 
The value is the same before and after calling `init_weights` of EncoderDecoder  

backbone.backbone.blocks.10.mlp.fc1.bias - torch.Size([4096]): 
The value is the same before and after calling `init_weights` of EncoderDecoder  

backbone.backbone.blocks.10.mlp.fc2.weight - torch.Size([1024, 4096]): 
The value is the same before and after calling `init_weights` of EncoderDecoder  

backbone.backbone.blocks.10.mlp.fc2.bias - torch.Size([1024]): 
The value is the same before and after calling `init_weights` of EncoderDecoder  

backbone.backbone.blocks.10.ls2.gamma - torch.Size([1024]): 
The value is the same before and after calling `init_weights` of EncoderDecoder  

backbone.backbone.blocks.11.norm1.weight - torch.Size([1024]): 
The value is the same before and after calling `init_weights` of EncoderDecoder  

backbone.backbone.blocks.11.norm1.bias - torch.Size([1024]): 
The value is the same before and after calling `init_weights` of EncoderDecoder  

backbone.backbone.blocks.11.attn.qkv.weight - torch.Size([3072, 1024]): 
The value is the same before and after calling `init_weights` of EncoderDecoder  

backbone.backbone.blocks.11.attn.qkv.bias - torch.Size([3072]): 
The value is the same before and after calling `init_weights` of EncoderDecoder  

backbone.backbone.blocks.11.attn.proj.weight - torch.Size([1024, 1024]): 
The value is the same before and after calling `init_weights` of EncoderDecoder  

backbone.backbone.blocks.11.attn.proj.bias - torch.Size([1024]): 
The value is the same before and after calling `init_weights` of EncoderDecoder  

backbone.backbone.blocks.11.ls1.gamma - torch.Size([1024]): 
The value is the same before and after calling `init_weights` of EncoderDecoder  

backbone.backbone.blocks.11.norm2.weight - torch.Size([1024]): 
The value is the same before and after calling `init_weights` of EncoderDecoder  

backbone.backbone.blocks.11.norm2.bias - torch.Size([1024]): 
The value is the same before and after calling `init_weights` of EncoderDecoder  

backbone.backbone.blocks.11.mlp.fc1.weight - torch.Size([4096, 1024]): 
The value is the same before and after calling `init_weights` of EncoderDecoder  

backbone.backbone.blocks.11.mlp.fc1.bias - torch.Size([4096]): 
The value is the same before and after calling `init_weights` of EncoderDecoder  

backbone.backbone.blocks.11.mlp.fc2.weight - torch.Size([1024, 4096]): 
The value is the same before and after calling `init_weights` of EncoderDecoder  

backbone.backbone.blocks.11.mlp.fc2.bias - torch.Size([1024]): 
The value is the same before and after calling `init_weights` of EncoderDecoder  

backbone.backbone.blocks.11.ls2.gamma - torch.Size([1024]): 
The value is the same before and after calling `init_weights` of EncoderDecoder  

backbone.backbone.blocks.12.norm1.weight - torch.Size([1024]): 
The value is the same before and after calling `init_weights` of EncoderDecoder  

backbone.backbone.blocks.12.norm1.bias - torch.Size([1024]): 
The value is the same before and after calling `init_weights` of EncoderDecoder  

backbone.backbone.blocks.12.attn.qkv.weight - torch.Size([3072, 1024]): 
The value is the same before and after calling `init_weights` of EncoderDecoder  

backbone.backbone.blocks.12.attn.qkv.bias - torch.Size([3072]): 
The value is the same before and after calling `init_weights` of EncoderDecoder  

backbone.backbone.blocks.12.attn.proj.weight - torch.Size([1024, 1024]): 
The value is the same before and after calling `init_weights` of EncoderDecoder  

backbone.backbone.blocks.12.attn.proj.bias - torch.Size([1024]): 
The value is the same before and after calling `init_weights` of EncoderDecoder  

backbone.backbone.blocks.12.ls1.gamma - torch.Size([1024]): 
The value is the same before and after calling `init_weights` of EncoderDecoder  

backbone.backbone.blocks.12.norm2.weight - torch.Size([1024]): 
The value is the same before and after calling `init_weights` of EncoderDecoder  

backbone.backbone.blocks.12.norm2.bias - torch.Size([1024]): 
The value is the same before and after calling `init_weights` of EncoderDecoder  

backbone.backbone.blocks.12.mlp.fc1.weight - torch.Size([4096, 1024]): 
The value is the same before and after calling `init_weights` of EncoderDecoder  

backbone.backbone.blocks.12.mlp.fc1.bias - torch.Size([4096]): 
The value is the same before and after calling `init_weights` of EncoderDecoder  

backbone.backbone.blocks.12.mlp.fc2.weight - torch.Size([1024, 4096]): 
The value is the same before and after calling `init_weights` of EncoderDecoder  

backbone.backbone.blocks.12.mlp.fc2.bias - torch.Size([1024]): 
The value is the same before and after calling `init_weights` of EncoderDecoder  

backbone.backbone.blocks.12.ls2.gamma - torch.Size([1024]): 
The value is the same before and after calling `init_weights` of EncoderDecoder  

backbone.backbone.blocks.13.norm1.weight - torch.Size([1024]): 
The value is the same before and after calling `init_weights` of EncoderDecoder  

backbone.backbone.blocks.13.norm1.bias - torch.Size([1024]): 
The value is the same before and after calling `init_weights` of EncoderDecoder  

backbone.backbone.blocks.13.attn.qkv.weight - torch.Size([3072, 1024]): 
The value is the same before and after calling `init_weights` of EncoderDecoder  

backbone.backbone.blocks.13.attn.qkv.bias - torch.Size([3072]): 
The value is the same before and after calling `init_weights` of EncoderDecoder  

backbone.backbone.blocks.13.attn.proj.weight - torch.Size([1024, 1024]): 
The value is the same before and after calling `init_weights` of EncoderDecoder  

backbone.backbone.blocks.13.attn.proj.bias - torch.Size([1024]): 
The value is the same before and after calling `init_weights` of EncoderDecoder  

backbone.backbone.blocks.13.ls1.gamma - torch.Size([1024]): 
The value is the same before and after calling `init_weights` of EncoderDecoder  

backbone.backbone.blocks.13.norm2.weight - torch.Size([1024]): 
The value is the same before and after calling `init_weights` of EncoderDecoder  

backbone.backbone.blocks.13.norm2.bias - torch.Size([1024]): 
The value is the same before and after calling `init_weights` of EncoderDecoder  

backbone.backbone.blocks.13.mlp.fc1.weight - torch.Size([4096, 1024]): 
The value is the same before and after calling `init_weights` of EncoderDecoder  

backbone.backbone.blocks.13.mlp.fc1.bias - torch.Size([4096]): 
The value is the same before and after calling `init_weights` of EncoderDecoder  

backbone.backbone.blocks.13.mlp.fc2.weight - torch.Size([1024, 4096]): 
The value is the same before and after calling `init_weights` of EncoderDecoder  

backbone.backbone.blocks.13.mlp.fc2.bias - torch.Size([1024]): 
The value is the same before and after calling `init_weights` of EncoderDecoder  

backbone.backbone.blocks.13.ls2.gamma - torch.Size([1024]): 
The value is the same before and after calling `init_weights` of EncoderDecoder  

backbone.backbone.blocks.14.norm1.weight - torch.Size([1024]): 
The value is the same before and after calling `init_weights` of EncoderDecoder  

backbone.backbone.blocks.14.norm1.bias - torch.Size([1024]): 
The value is the same before and after calling `init_weights` of EncoderDecoder  

backbone.backbone.blocks.14.attn.qkv.weight - torch.Size([3072, 1024]): 
The value is the same before and after calling `init_weights` of EncoderDecoder  

backbone.backbone.blocks.14.attn.qkv.bias - torch.Size([3072]): 
The value is the same before and after calling `init_weights` of EncoderDecoder  

backbone.backbone.blocks.14.attn.proj.weight - torch.Size([1024, 1024]): 
The value is the same before and after calling `init_weights` of EncoderDecoder  

backbone.backbone.blocks.14.attn.proj.bias - torch.Size([1024]): 
The value is the same before and after calling `init_weights` of EncoderDecoder  

backbone.backbone.blocks.14.ls1.gamma - torch.Size([1024]): 
The value is the same before and after calling `init_weights` of EncoderDecoder  

backbone.backbone.blocks.14.norm2.weight - torch.Size([1024]): 
The value is the same before and after calling `init_weights` of EncoderDecoder  

backbone.backbone.blocks.14.norm2.bias - torch.Size([1024]): 
The value is the same before and after calling `init_weights` of EncoderDecoder  

backbone.backbone.blocks.14.mlp.fc1.weight - torch.Size([4096, 1024]): 
The value is the same before and after calling `init_weights` of EncoderDecoder  

backbone.backbone.blocks.14.mlp.fc1.bias - torch.Size([4096]): 
The value is the same before and after calling `init_weights` of EncoderDecoder  

backbone.backbone.blocks.14.mlp.fc2.weight - torch.Size([1024, 4096]): 
The value is the same before and after calling `init_weights` of EncoderDecoder  

backbone.backbone.blocks.14.mlp.fc2.bias - torch.Size([1024]): 
The value is the same before and after calling `init_weights` of EncoderDecoder  

backbone.backbone.blocks.14.ls2.gamma - torch.Size([1024]): 
The value is the same before and after calling `init_weights` of EncoderDecoder  

backbone.backbone.blocks.15.norm1.weight - torch.Size([1024]): 
The value is the same before and after calling `init_weights` of EncoderDecoder  

backbone.backbone.blocks.15.norm1.bias - torch.Size([1024]): 
The value is the same before and after calling `init_weights` of EncoderDecoder  

backbone.backbone.blocks.15.attn.qkv.weight - torch.Size([3072, 1024]): 
The value is the same before and after calling `init_weights` of EncoderDecoder  

backbone.backbone.blocks.15.attn.qkv.bias - torch.Size([3072]): 
The value is the same before and after calling `init_weights` of EncoderDecoder  

backbone.backbone.blocks.15.attn.proj.weight - torch.Size([1024, 1024]): 
The value is the same before and after calling `init_weights` of EncoderDecoder  

backbone.backbone.blocks.15.attn.proj.bias - torch.Size([1024]): 
The value is the same before and after calling `init_weights` of EncoderDecoder  

backbone.backbone.blocks.15.ls1.gamma - torch.Size([1024]): 
The value is the same before and after calling `init_weights` of EncoderDecoder  

backbone.backbone.blocks.15.norm2.weight - torch.Size([1024]): 
The value is the same before and after calling `init_weights` of EncoderDecoder  

backbone.backbone.blocks.15.norm2.bias - torch.Size([1024]): 
The value is the same before and after calling `init_weights` of EncoderDecoder  

backbone.backbone.blocks.15.mlp.fc1.weight - torch.Size([4096, 1024]): 
The value is the same before and after calling `init_weights` of EncoderDecoder  

backbone.backbone.blocks.15.mlp.fc1.bias - torch.Size([4096]): 
The value is the same before and after calling `init_weights` of EncoderDecoder  

backbone.backbone.blocks.15.mlp.fc2.weight - torch.Size([1024, 4096]): 
The value is the same before and after calling `init_weights` of EncoderDecoder  

backbone.backbone.blocks.15.mlp.fc2.bias - torch.Size([1024]): 
The value is the same before and after calling `init_weights` of EncoderDecoder  

backbone.backbone.blocks.15.ls2.gamma - torch.Size([1024]): 
The value is the same before and after calling `init_weights` of EncoderDecoder  

backbone.backbone.blocks.16.norm1.weight - torch.Size([1024]): 
The value is the same before and after calling `init_weights` of EncoderDecoder  

backbone.backbone.blocks.16.norm1.bias - torch.Size([1024]): 
The value is the same before and after calling `init_weights` of EncoderDecoder  

backbone.backbone.blocks.16.attn.qkv.weight - torch.Size([3072, 1024]): 
The value is the same before and after calling `init_weights` of EncoderDecoder  

backbone.backbone.blocks.16.attn.qkv.bias - torch.Size([3072]): 
The value is the same before and after calling `init_weights` of EncoderDecoder  

backbone.backbone.blocks.16.attn.proj.weight - torch.Size([1024, 1024]): 
The value is the same before and after calling `init_weights` of EncoderDecoder  

backbone.backbone.blocks.16.attn.proj.bias - torch.Size([1024]): 
The value is the same before and after calling `init_weights` of EncoderDecoder  

backbone.backbone.blocks.16.ls1.gamma - torch.Size([1024]): 
The value is the same before and after calling `init_weights` of EncoderDecoder  

backbone.backbone.blocks.16.norm2.weight - torch.Size([1024]): 
The value is the same before and after calling `init_weights` of EncoderDecoder  

backbone.backbone.blocks.16.norm2.bias - torch.Size([1024]): 
The value is the same before and after calling `init_weights` of EncoderDecoder  

backbone.backbone.blocks.16.mlp.fc1.weight - torch.Size([4096, 1024]): 
The value is the same before and after calling `init_weights` of EncoderDecoder  

backbone.backbone.blocks.16.mlp.fc1.bias - torch.Size([4096]): 
The value is the same before and after calling `init_weights` of EncoderDecoder  

backbone.backbone.blocks.16.mlp.fc2.weight - torch.Size([1024, 4096]): 
The value is the same before and after calling `init_weights` of EncoderDecoder  

backbone.backbone.blocks.16.mlp.fc2.bias - torch.Size([1024]): 
The value is the same before and after calling `init_weights` of EncoderDecoder  

backbone.backbone.blocks.16.ls2.gamma - torch.Size([1024]): 
The value is the same before and after calling `init_weights` of EncoderDecoder  

backbone.backbone.blocks.17.norm1.weight - torch.Size([1024]): 
The value is the same before and after calling `init_weights` of EncoderDecoder  

backbone.backbone.blocks.17.norm1.bias - torch.Size([1024]): 
The value is the same before and after calling `init_weights` of EncoderDecoder  

backbone.backbone.blocks.17.attn.qkv.weight - torch.Size([3072, 1024]): 
The value is the same before and after calling `init_weights` of EncoderDecoder  

backbone.backbone.blocks.17.attn.qkv.bias - torch.Size([3072]): 
The value is the same before and after calling `init_weights` of EncoderDecoder  

backbone.backbone.blocks.17.attn.proj.weight - torch.Size([1024, 1024]): 
The value is the same before and after calling `init_weights` of EncoderDecoder  

backbone.backbone.blocks.17.attn.proj.bias - torch.Size([1024]): 
The value is the same before and after calling `init_weights` of EncoderDecoder  

backbone.backbone.blocks.17.ls1.gamma - torch.Size([1024]): 
The value is the same before and after calling `init_weights` of EncoderDecoder  

backbone.backbone.blocks.17.norm2.weight - torch.Size([1024]): 
The value is the same before and after calling `init_weights` of EncoderDecoder  

backbone.backbone.blocks.17.norm2.bias - torch.Size([1024]): 
The value is the same before and after calling `init_weights` of EncoderDecoder  

backbone.backbone.blocks.17.mlp.fc1.weight - torch.Size([4096, 1024]): 
The value is the same before and after calling `init_weights` of EncoderDecoder  

backbone.backbone.blocks.17.mlp.fc1.bias - torch.Size([4096]): 
The value is the same before and after calling `init_weights` of EncoderDecoder  

backbone.backbone.blocks.17.mlp.fc2.weight - torch.Size([1024, 4096]): 
The value is the same before and after calling `init_weights` of EncoderDecoder  

backbone.backbone.blocks.17.mlp.fc2.bias - torch.Size([1024]): 
The value is the same before and after calling `init_weights` of EncoderDecoder  

backbone.backbone.blocks.17.ls2.gamma - torch.Size([1024]): 
The value is the same before and after calling `init_weights` of EncoderDecoder  

backbone.backbone.blocks.18.norm1.weight - torch.Size([1024]): 
The value is the same before and after calling `init_weights` of EncoderDecoder  

backbone.backbone.blocks.18.norm1.bias - torch.Size([1024]): 
The value is the same before and after calling `init_weights` of EncoderDecoder  

backbone.backbone.blocks.18.attn.qkv.weight - torch.Size([3072, 1024]): 
The value is the same before and after calling `init_weights` of EncoderDecoder  

backbone.backbone.blocks.18.attn.qkv.bias - torch.Size([3072]): 
The value is the same before and after calling `init_weights` of EncoderDecoder  

backbone.backbone.blocks.18.attn.proj.weight - torch.Size([1024, 1024]): 
The value is the same before and after calling `init_weights` of EncoderDecoder  

backbone.backbone.blocks.18.attn.proj.bias - torch.Size([1024]): 
The value is the same before and after calling `init_weights` of EncoderDecoder  

backbone.backbone.blocks.18.ls1.gamma - torch.Size([1024]): 
The value is the same before and after calling `init_weights` of EncoderDecoder  

backbone.backbone.blocks.18.norm2.weight - torch.Size([1024]): 
The value is the same before and after calling `init_weights` of EncoderDecoder  

backbone.backbone.blocks.18.norm2.bias - torch.Size([1024]): 
The value is the same before and after calling `init_weights` of EncoderDecoder  

backbone.backbone.blocks.18.mlp.fc1.weight - torch.Size([4096, 1024]): 
The value is the same before and after calling `init_weights` of EncoderDecoder  

backbone.backbone.blocks.18.mlp.fc1.bias - torch.Size([4096]): 
The value is the same before and after calling `init_weights` of EncoderDecoder  

backbone.backbone.blocks.18.mlp.fc2.weight - torch.Size([1024, 4096]): 
The value is the same before and after calling `init_weights` of EncoderDecoder  

backbone.backbone.blocks.18.mlp.fc2.bias - torch.Size([1024]): 
The value is the same before and after calling `init_weights` of EncoderDecoder  

backbone.backbone.blocks.18.ls2.gamma - torch.Size([1024]): 
The value is the same before and after calling `init_weights` of EncoderDecoder  

backbone.backbone.blocks.19.norm1.weight - torch.Size([1024]): 
The value is the same before and after calling `init_weights` of EncoderDecoder  

backbone.backbone.blocks.19.norm1.bias - torch.Size([1024]): 
The value is the same before and after calling `init_weights` of EncoderDecoder  

backbone.backbone.blocks.19.attn.qkv.weight - torch.Size([3072, 1024]): 
The value is the same before and after calling `init_weights` of EncoderDecoder  

backbone.backbone.blocks.19.attn.qkv.bias - torch.Size([3072]): 
The value is the same before and after calling `init_weights` of EncoderDecoder  

backbone.backbone.blocks.19.attn.proj.weight - torch.Size([1024, 1024]): 
The value is the same before and after calling `init_weights` of EncoderDecoder  

backbone.backbone.blocks.19.attn.proj.bias - torch.Size([1024]): 
The value is the same before and after calling `init_weights` of EncoderDecoder  

backbone.backbone.blocks.19.ls1.gamma - torch.Size([1024]): 
The value is the same before and after calling `init_weights` of EncoderDecoder  

backbone.backbone.blocks.19.norm2.weight - torch.Size([1024]): 
The value is the same before and after calling `init_weights` of EncoderDecoder  

backbone.backbone.blocks.19.norm2.bias - torch.Size([1024]): 
The value is the same before and after calling `init_weights` of EncoderDecoder  

backbone.backbone.blocks.19.mlp.fc1.weight - torch.Size([4096, 1024]): 
The value is the same before and after calling `init_weights` of EncoderDecoder  

backbone.backbone.blocks.19.mlp.fc1.bias - torch.Size([4096]): 
The value is the same before and after calling `init_weights` of EncoderDecoder  

backbone.backbone.blocks.19.mlp.fc2.weight - torch.Size([1024, 4096]): 
The value is the same before and after calling `init_weights` of EncoderDecoder  

backbone.backbone.blocks.19.mlp.fc2.bias - torch.Size([1024]): 
The value is the same before and after calling `init_weights` of EncoderDecoder  

backbone.backbone.blocks.19.ls2.gamma - torch.Size([1024]): 
The value is the same before and after calling `init_weights` of EncoderDecoder  

backbone.backbone.blocks.20.norm1.weight - torch.Size([1024]): 
The value is the same before and after calling `init_weights` of EncoderDecoder  

backbone.backbone.blocks.20.norm1.bias - torch.Size([1024]): 
The value is the same before and after calling `init_weights` of EncoderDecoder  

backbone.backbone.blocks.20.attn.qkv.weight - torch.Size([3072, 1024]): 
The value is the same before and after calling `init_weights` of EncoderDecoder  

backbone.backbone.blocks.20.attn.qkv.bias - torch.Size([3072]): 
The value is the same before and after calling `init_weights` of EncoderDecoder  

backbone.backbone.blocks.20.attn.proj.weight - torch.Size([1024, 1024]): 
The value is the same before and after calling `init_weights` of EncoderDecoder  

backbone.backbone.blocks.20.attn.proj.bias - torch.Size([1024]): 
The value is the same before and after calling `init_weights` of EncoderDecoder  

backbone.backbone.blocks.20.ls1.gamma - torch.Size([1024]): 
The value is the same before and after calling `init_weights` of EncoderDecoder  

backbone.backbone.blocks.20.norm2.weight - torch.Size([1024]): 
The value is the same before and after calling `init_weights` of EncoderDecoder  

backbone.backbone.blocks.20.norm2.bias - torch.Size([1024]): 
The value is the same before and after calling `init_weights` of EncoderDecoder  

backbone.backbone.blocks.20.mlp.fc1.weight - torch.Size([4096, 1024]): 
The value is the same before and after calling `init_weights` of EncoderDecoder  

backbone.backbone.blocks.20.mlp.fc1.bias - torch.Size([4096]): 
The value is the same before and after calling `init_weights` of EncoderDecoder  

backbone.backbone.blocks.20.mlp.fc2.weight - torch.Size([1024, 4096]): 
The value is the same before and after calling `init_weights` of EncoderDecoder  

backbone.backbone.blocks.20.mlp.fc2.bias - torch.Size([1024]): 
The value is the same before and after calling `init_weights` of EncoderDecoder  

backbone.backbone.blocks.20.ls2.gamma - torch.Size([1024]): 
The value is the same before and after calling `init_weights` of EncoderDecoder  

backbone.backbone.blocks.21.norm1.weight - torch.Size([1024]): 
The value is the same before and after calling `init_weights` of EncoderDecoder  

backbone.backbone.blocks.21.norm1.bias - torch.Size([1024]): 
The value is the same before and after calling `init_weights` of EncoderDecoder  

backbone.backbone.blocks.21.attn.qkv.weight - torch.Size([3072, 1024]): 
The value is the same before and after calling `init_weights` of EncoderDecoder  

backbone.backbone.blocks.21.attn.qkv.bias - torch.Size([3072]): 
The value is the same before and after calling `init_weights` of EncoderDecoder  

backbone.backbone.blocks.21.attn.proj.weight - torch.Size([1024, 1024]): 
The value is the same before and after calling `init_weights` of EncoderDecoder  

backbone.backbone.blocks.21.attn.proj.bias - torch.Size([1024]): 
The value is the same before and after calling `init_weights` of EncoderDecoder  

backbone.backbone.blocks.21.ls1.gamma - torch.Size([1024]): 
The value is the same before and after calling `init_weights` of EncoderDecoder  

backbone.backbone.blocks.21.norm2.weight - torch.Size([1024]): 
The value is the same before and after calling `init_weights` of EncoderDecoder  

backbone.backbone.blocks.21.norm2.bias - torch.Size([1024]): 
The value is the same before and after calling `init_weights` of EncoderDecoder  

backbone.backbone.blocks.21.mlp.fc1.weight - torch.Size([4096, 1024]): 
The value is the same before and after calling `init_weights` of EncoderDecoder  

backbone.backbone.blocks.21.mlp.fc1.bias - torch.Size([4096]): 
The value is the same before and after calling `init_weights` of EncoderDecoder  

backbone.backbone.blocks.21.mlp.fc2.weight - torch.Size([1024, 4096]): 
The value is the same before and after calling `init_weights` of EncoderDecoder  

backbone.backbone.blocks.21.mlp.fc2.bias - torch.Size([1024]): 
The value is the same before and after calling `init_weights` of EncoderDecoder  

backbone.backbone.blocks.21.ls2.gamma - torch.Size([1024]): 
The value is the same before and after calling `init_weights` of EncoderDecoder  

backbone.backbone.blocks.22.norm1.weight - torch.Size([1024]): 
The value is the same before and after calling `init_weights` of EncoderDecoder  

backbone.backbone.blocks.22.norm1.bias - torch.Size([1024]): 
The value is the same before and after calling `init_weights` of EncoderDecoder  

backbone.backbone.blocks.22.attn.qkv.weight - torch.Size([3072, 1024]): 
The value is the same before and after calling `init_weights` of EncoderDecoder  

backbone.backbone.blocks.22.attn.qkv.bias - torch.Size([3072]): 
The value is the same before and after calling `init_weights` of EncoderDecoder  

backbone.backbone.blocks.22.attn.proj.weight - torch.Size([1024, 1024]): 
The value is the same before and after calling `init_weights` of EncoderDecoder  

backbone.backbone.blocks.22.attn.proj.bias - torch.Size([1024]): 
The value is the same before and after calling `init_weights` of EncoderDecoder  

backbone.backbone.blocks.22.ls1.gamma - torch.Size([1024]): 
The value is the same before and after calling `init_weights` of EncoderDecoder  

backbone.backbone.blocks.22.norm2.weight - torch.Size([1024]): 
The value is the same before and after calling `init_weights` of EncoderDecoder  

backbone.backbone.blocks.22.norm2.bias - torch.Size([1024]): 
The value is the same before and after calling `init_weights` of EncoderDecoder  

backbone.backbone.blocks.22.mlp.fc1.weight - torch.Size([4096, 1024]): 
The value is the same before and after calling `init_weights` of EncoderDecoder  

backbone.backbone.blocks.22.mlp.fc1.bias - torch.Size([4096]): 
The value is the same before and after calling `init_weights` of EncoderDecoder  

backbone.backbone.blocks.22.mlp.fc2.weight - torch.Size([1024, 4096]): 
The value is the same before and after calling `init_weights` of EncoderDecoder  

backbone.backbone.blocks.22.mlp.fc2.bias - torch.Size([1024]): 
The value is the same before and after calling `init_weights` of EncoderDecoder  

backbone.backbone.blocks.22.ls2.gamma - torch.Size([1024]): 
The value is the same before and after calling `init_weights` of EncoderDecoder  

backbone.backbone.blocks.23.norm1.weight - torch.Size([1024]): 
The value is the same before and after calling `init_weights` of EncoderDecoder  

backbone.backbone.blocks.23.norm1.bias - torch.Size([1024]): 
The value is the same before and after calling `init_weights` of EncoderDecoder  

backbone.backbone.blocks.23.attn.qkv.weight - torch.Size([3072, 1024]): 
The value is the same before and after calling `init_weights` of EncoderDecoder  

backbone.backbone.blocks.23.attn.qkv.bias - torch.Size([3072]): 
The value is the same before and after calling `init_weights` of EncoderDecoder  

backbone.backbone.blocks.23.attn.proj.weight - torch.Size([1024, 1024]): 
The value is the same before and after calling `init_weights` of EncoderDecoder  

backbone.backbone.blocks.23.attn.proj.bias - torch.Size([1024]): 
The value is the same before and after calling `init_weights` of EncoderDecoder  

backbone.backbone.blocks.23.ls1.gamma - torch.Size([1024]): 
The value is the same before and after calling `init_weights` of EncoderDecoder  

backbone.backbone.blocks.23.norm2.weight - torch.Size([1024]): 
The value is the same before and after calling `init_weights` of EncoderDecoder  

backbone.backbone.blocks.23.norm2.bias - torch.Size([1024]): 
The value is the same before and after calling `init_weights` of EncoderDecoder  

backbone.backbone.blocks.23.mlp.fc1.weight - torch.Size([4096, 1024]): 
The value is the same before and after calling `init_weights` of EncoderDecoder  

backbone.backbone.blocks.23.mlp.fc1.bias - torch.Size([4096]): 
The value is the same before and after calling `init_weights` of EncoderDecoder  

backbone.backbone.blocks.23.mlp.fc2.weight - torch.Size([1024, 4096]): 
The value is the same before and after calling `init_weights` of EncoderDecoder  

backbone.backbone.blocks.23.mlp.fc2.bias - torch.Size([1024]): 
The value is the same before and after calling `init_weights` of EncoderDecoder  

backbone.backbone.blocks.23.ls2.gamma - torch.Size([1024]): 
The value is the same before and after calling `init_weights` of EncoderDecoder  

backbone.backbone.norm.weight - torch.Size([1024]): 
The value is the same before and after calling `init_weights` of EncoderDecoder  

backbone.backbone.norm.bias - torch.Size([1024]): 
The value is the same before and after calling `init_weights` of EncoderDecoder  

backbone.adapter.level_embed - torch.Size([3, 1024]): 
The value is the same before and after calling `init_weights` of EncoderDecoder  

backbone.adapter.spm.stem.0.weight - torch.Size([64, 3, 3, 3]): 
The value is the same before and after calling `init_weights` of EncoderDecoder  

backbone.adapter.spm.stem.1.weight - torch.Size([64]): 
The value is the same before and after calling `init_weights` of EncoderDecoder  

backbone.adapter.spm.stem.1.bias - torch.Size([64]): 
The value is the same before and after calling `init_weights` of EncoderDecoder  

backbone.adapter.spm.stem.3.weight - torch.Size([64, 64, 3, 3]): 
The value is the same before and after calling `init_weights` of EncoderDecoder  

backbone.adapter.spm.stem.4.weight - torch.Size([64]): 
The value is the same before and after calling `init_weights` of EncoderDecoder  

backbone.adapter.spm.stem.4.bias - torch.Size([64]): 
The value is the same before and after calling `init_weights` of EncoderDecoder  

backbone.adapter.spm.stem.6.weight - torch.Size([64, 64, 3, 3]): 
The value is the same before and after calling `init_weights` of EncoderDecoder  

backbone.adapter.spm.stem.7.weight - torch.Size([64]): 
The value is the same before and after calling `init_weights` of EncoderDecoder  

backbone.adapter.spm.stem.7.bias - torch.Size([64]): 
The value is the same before and after calling `init_weights` of EncoderDecoder  

backbone.adapter.spm.conv2.0.weight - torch.Size([128, 64, 3, 3]): 
The value is the same before and after calling `init_weights` of EncoderDecoder  

backbone.adapter.spm.conv2.1.weight - torch.Size([128]): 
The value is the same before and after calling `init_weights` of EncoderDecoder  

backbone.adapter.spm.conv2.1.bias - torch.Size([128]): 
The value is the same before and after calling `init_weights` of EncoderDecoder  

backbone.adapter.spm.conv3.0.weight - torch.Size([256, 128, 3, 3]): 
The value is the same before and after calling `init_weights` of EncoderDecoder  

backbone.adapter.spm.conv3.1.weight - torch.Size([256]): 
The value is the same before and after calling `init_weights` of EncoderDecoder  

backbone.adapter.spm.conv3.1.bias - torch.Size([256]): 
The value is the same before and after calling `init_weights` of EncoderDecoder  

backbone.adapter.spm.conv4.0.weight - torch.Size([256, 256, 3, 3]): 
The value is the same before and after calling `init_weights` of EncoderDecoder  

backbone.adapter.spm.conv4.1.weight - torch.Size([256]): 
The value is the same before and after calling `init_weights` of EncoderDecoder  

backbone.adapter.spm.conv4.1.bias - torch.Size([256]): 
The value is the same before and after calling `init_weights` of EncoderDecoder  

backbone.adapter.spm.fc1.weight - torch.Size([1024, 64, 1, 1]): 
The value is the same before and after calling `init_weights` of EncoderDecoder  

backbone.adapter.spm.fc1.bias - torch.Size([1024]): 
The value is the same before and after calling `init_weights` of EncoderDecoder  

backbone.adapter.spm.fc2.weight - torch.Size([1024, 128, 1, 1]): 
The value is the same before and after calling `init_weights` of EncoderDecoder  

backbone.adapter.spm.fc2.bias - torch.Size([1024]): 
The value is the same before and after calling `init_weights` of EncoderDecoder  

backbone.adapter.spm.fc3.weight - torch.Size([1024, 256, 1, 1]): 
The value is the same before and after calling `init_weights` of EncoderDecoder  

backbone.adapter.spm.fc3.bias - torch.Size([1024]): 
The value is the same before and after calling `init_weights` of EncoderDecoder  

backbone.adapter.spm.fc4.weight - torch.Size([1024, 256, 1, 1]): 
The value is the same before and after calling `init_weights` of EncoderDecoder  

backbone.adapter.spm.fc4.bias - torch.Size([1024]): 
The value is the same before and after calling `init_weights` of EncoderDecoder  

backbone.adapter.interactions.0.extractor.query_norm.weight - torch.Size([1024]): 
The value is the same before and after calling `init_weights` of EncoderDecoder  

backbone.adapter.interactions.0.extractor.query_norm.bias - torch.Size([1024]): 
The value is the same before and after calling `init_weights` of EncoderDecoder  

backbone.adapter.interactions.0.extractor.feat_norm.weight - torch.Size([1024]): 
The value is the same before and after calling `init_weights` of EncoderDecoder  

backbone.adapter.interactions.0.extractor.feat_norm.bias - torch.Size([1024]): 
The value is the same before and after calling `init_weights` of EncoderDecoder  

backbone.adapter.interactions.0.extractor.attn.attn.sampling_offsets.weight - torch.Size([128, 1024]): 
The value is the same before and after calling `init_weights` of EncoderDecoder  

backbone.adapter.interactions.0.extractor.attn.attn.sampling_offsets.bias - torch.Size([128]): 
The value is the same before and after calling `init_weights` of EncoderDecoder  

backbone.adapter.interactions.0.extractor.attn.attn.attention_weights.weight - torch.Size([64, 1024]): 
The value is the same before and after calling `init_weights` of EncoderDecoder  

backbone.adapter.interactions.0.extractor.attn.attn.attention_weights.bias - torch.Size([64]): 
The value is the same before and after calling `init_weights` of EncoderDecoder  

backbone.adapter.interactions.0.extractor.attn.attn.value_proj.weight - torch.Size([1024, 1024]): 
The value is the same before and after calling `init_weights` of EncoderDecoder  

backbone.adapter.interactions.0.extractor.attn.attn.value_proj.bias - torch.Size([1024]): 
The value is the same before and after calling `init_weights` of EncoderDecoder  

backbone.adapter.interactions.0.extractor.attn.attn.output_proj.weight - torch.Size([1024, 1024]): 
The value is the same before and after calling `init_weights` of EncoderDecoder  

backbone.adapter.interactions.0.extractor.attn.attn.output_proj.bias - torch.Size([1024]): 
The value is the same before and after calling `init_weights` of EncoderDecoder  

backbone.adapter.interactions.0.extractor.ffn.fc1.weight - torch.Size([256, 1024]): 
The value is the same before and after calling `init_weights` of EncoderDecoder  

backbone.adapter.interactions.0.extractor.ffn.fc1.bias - torch.Size([256]): 
The value is the same before and after calling `init_weights` of EncoderDecoder  

backbone.adapter.interactions.0.extractor.ffn.dwconv.dwconv.weight - torch.Size([256, 1, 3, 3]): 
The value is the same before and after calling `init_weights` of EncoderDecoder  

backbone.adapter.interactions.0.extractor.ffn.dwconv.dwconv.bias - torch.Size([256]): 
The value is the same before and after calling `init_weights` of EncoderDecoder  

backbone.adapter.interactions.0.extractor.ffn.fc2.weight - torch.Size([1024, 256]): 
The value is the same before and after calling `init_weights` of EncoderDecoder  

backbone.adapter.interactions.0.extractor.ffn.fc2.bias - torch.Size([1024]): 
The value is the same before and after calling `init_weights` of EncoderDecoder  

backbone.adapter.interactions.0.extractor.ffn_norm.weight - torch.Size([1024]): 
The value is the same before and after calling `init_weights` of EncoderDecoder  

backbone.adapter.interactions.0.extractor.ffn_norm.bias - torch.Size([1024]): 
The value is the same before and after calling `init_weights` of EncoderDecoder  

backbone.adapter.interactions.1.extractor.query_norm.weight - torch.Size([1024]): 
The value is the same before and after calling `init_weights` of EncoderDecoder  

backbone.adapter.interactions.1.extractor.query_norm.bias - torch.Size([1024]): 
The value is the same before and after calling `init_weights` of EncoderDecoder  

backbone.adapter.interactions.1.extractor.feat_norm.weight - torch.Size([1024]): 
The value is the same before and after calling `init_weights` of EncoderDecoder  

backbone.adapter.interactions.1.extractor.feat_norm.bias - torch.Size([1024]): 
The value is the same before and after calling `init_weights` of EncoderDecoder  

backbone.adapter.interactions.1.extractor.attn.attn.sampling_offsets.weight - torch.Size([128, 1024]): 
The value is the same before and after calling `init_weights` of EncoderDecoder  

backbone.adapter.interactions.1.extractor.attn.attn.sampling_offsets.bias - torch.Size([128]): 
The value is the same before and after calling `init_weights` of EncoderDecoder  

backbone.adapter.interactions.1.extractor.attn.attn.attention_weights.weight - torch.Size([64, 1024]): 
The value is the same before and after calling `init_weights` of EncoderDecoder  

backbone.adapter.interactions.1.extractor.attn.attn.attention_weights.bias - torch.Size([64]): 
The value is the same before and after calling `init_weights` of EncoderDecoder  

backbone.adapter.interactions.1.extractor.attn.attn.value_proj.weight - torch.Size([1024, 1024]): 
The value is the same before and after calling `init_weights` of EncoderDecoder  

backbone.adapter.interactions.1.extractor.attn.attn.value_proj.bias - torch.Size([1024]): 
The value is the same before and after calling `init_weights` of EncoderDecoder  

backbone.adapter.interactions.1.extractor.attn.attn.output_proj.weight - torch.Size([1024, 1024]): 
The value is the same before and after calling `init_weights` of EncoderDecoder  

backbone.adapter.interactions.1.extractor.attn.attn.output_proj.bias - torch.Size([1024]): 
The value is the same before and after calling `init_weights` of EncoderDecoder  

backbone.adapter.interactions.1.extractor.ffn.fc1.weight - torch.Size([256, 1024]): 
The value is the same before and after calling `init_weights` of EncoderDecoder  

backbone.adapter.interactions.1.extractor.ffn.fc1.bias - torch.Size([256]): 
The value is the same before and after calling `init_weights` of EncoderDecoder  

backbone.adapter.interactions.1.extractor.ffn.dwconv.dwconv.weight - torch.Size([256, 1, 3, 3]): 
The value is the same before and after calling `init_weights` of EncoderDecoder  

backbone.adapter.interactions.1.extractor.ffn.dwconv.dwconv.bias - torch.Size([256]): 
The value is the same before and after calling `init_weights` of EncoderDecoder  

backbone.adapter.interactions.1.extractor.ffn.fc2.weight - torch.Size([1024, 256]): 
The value is the same before and after calling `init_weights` of EncoderDecoder  

backbone.adapter.interactions.1.extractor.ffn.fc2.bias - torch.Size([1024]): 
The value is the same before and after calling `init_weights` of EncoderDecoder  

backbone.adapter.interactions.1.extractor.ffn_norm.weight - torch.Size([1024]): 
The value is the same before and after calling `init_weights` of EncoderDecoder  

backbone.adapter.interactions.1.extractor.ffn_norm.bias - torch.Size([1024]): 
The value is the same before and after calling `init_weights` of EncoderDecoder  

backbone.adapter.interactions.2.extractor.query_norm.weight - torch.Size([1024]): 
The value is the same before and after calling `init_weights` of EncoderDecoder  

backbone.adapter.interactions.2.extractor.query_norm.bias - torch.Size([1024]): 
The value is the same before and after calling `init_weights` of EncoderDecoder  

backbone.adapter.interactions.2.extractor.feat_norm.weight - torch.Size([1024]): 
The value is the same before and after calling `init_weights` of EncoderDecoder  

backbone.adapter.interactions.2.extractor.feat_norm.bias - torch.Size([1024]): 
The value is the same before and after calling `init_weights` of EncoderDecoder  

backbone.adapter.interactions.2.extractor.attn.attn.sampling_offsets.weight - torch.Size([128, 1024]): 
The value is the same before and after calling `init_weights` of EncoderDecoder  

backbone.adapter.interactions.2.extractor.attn.attn.sampling_offsets.bias - torch.Size([128]): 
The value is the same before and after calling `init_weights` of EncoderDecoder  

backbone.adapter.interactions.2.extractor.attn.attn.attention_weights.weight - torch.Size([64, 1024]): 
The value is the same before and after calling `init_weights` of EncoderDecoder  

backbone.adapter.interactions.2.extractor.attn.attn.attention_weights.bias - torch.Size([64]): 
The value is the same before and after calling `init_weights` of EncoderDecoder  

backbone.adapter.interactions.2.extractor.attn.attn.value_proj.weight - torch.Size([1024, 1024]): 
The value is the same before and after calling `init_weights` of EncoderDecoder  

backbone.adapter.interactions.2.extractor.attn.attn.value_proj.bias - torch.Size([1024]): 
The value is the same before and after calling `init_weights` of EncoderDecoder  

backbone.adapter.interactions.2.extractor.attn.attn.output_proj.weight - torch.Size([1024, 1024]): 
The value is the same before and after calling `init_weights` of EncoderDecoder  

backbone.adapter.interactions.2.extractor.attn.attn.output_proj.bias - torch.Size([1024]): 
The value is the same before and after calling `init_weights` of EncoderDecoder  

backbone.adapter.interactions.2.extractor.ffn.fc1.weight - torch.Size([256, 1024]): 
The value is the same before and after calling `init_weights` of EncoderDecoder  

backbone.adapter.interactions.2.extractor.ffn.fc1.bias - torch.Size([256]): 
The value is the same before and after calling `init_weights` of EncoderDecoder  

backbone.adapter.interactions.2.extractor.ffn.dwconv.dwconv.weight - torch.Size([256, 1, 3, 3]): 
The value is the same before and after calling `init_weights` of EncoderDecoder  

backbone.adapter.interactions.2.extractor.ffn.dwconv.dwconv.bias - torch.Size([256]): 
The value is the same before and after calling `init_weights` of EncoderDecoder  

backbone.adapter.interactions.2.extractor.ffn.fc2.weight - torch.Size([1024, 256]): 
The value is the same before and after calling `init_weights` of EncoderDecoder  

backbone.adapter.interactions.2.extractor.ffn.fc2.bias - torch.Size([1024]): 
The value is the same before and after calling `init_weights` of EncoderDecoder  

backbone.adapter.interactions.2.extractor.ffn_norm.weight - torch.Size([1024]): 
The value is the same before and after calling `init_weights` of EncoderDecoder  

backbone.adapter.interactions.2.extractor.ffn_norm.bias - torch.Size([1024]): 
The value is the same before and after calling `init_weights` of EncoderDecoder  

backbone.adapter.interactions.3.extractor.query_norm.weight - torch.Size([1024]): 
The value is the same before and after calling `init_weights` of EncoderDecoder  

backbone.adapter.interactions.3.extractor.query_norm.bias - torch.Size([1024]): 
The value is the same before and after calling `init_weights` of EncoderDecoder  

backbone.adapter.interactions.3.extractor.feat_norm.weight - torch.Size([1024]): 
The value is the same before and after calling `init_weights` of EncoderDecoder  

backbone.adapter.interactions.3.extractor.feat_norm.bias - torch.Size([1024]): 
The value is the same before and after calling `init_weights` of EncoderDecoder  

backbone.adapter.interactions.3.extractor.attn.attn.sampling_offsets.weight - torch.Size([128, 1024]): 
The value is the same before and after calling `init_weights` of EncoderDecoder  

backbone.adapter.interactions.3.extractor.attn.attn.sampling_offsets.bias - torch.Size([128]): 
The value is the same before and after calling `init_weights` of EncoderDecoder  

backbone.adapter.interactions.3.extractor.attn.attn.attention_weights.weight - torch.Size([64, 1024]): 
The value is the same before and after calling `init_weights` of EncoderDecoder  

backbone.adapter.interactions.3.extractor.attn.attn.attention_weights.bias - torch.Size([64]): 
The value is the same before and after calling `init_weights` of EncoderDecoder  

backbone.adapter.interactions.3.extractor.attn.attn.value_proj.weight - torch.Size([1024, 1024]): 
The value is the same before and after calling `init_weights` of EncoderDecoder  

backbone.adapter.interactions.3.extractor.attn.attn.value_proj.bias - torch.Size([1024]): 
The value is the same before and after calling `init_weights` of EncoderDecoder  

backbone.adapter.interactions.3.extractor.attn.attn.output_proj.weight - torch.Size([1024, 1024]): 
The value is the same before and after calling `init_weights` of EncoderDecoder  

backbone.adapter.interactions.3.extractor.attn.attn.output_proj.bias - torch.Size([1024]): 
The value is the same before and after calling `init_weights` of EncoderDecoder  

backbone.adapter.interactions.3.extractor.ffn.fc1.weight - torch.Size([256, 1024]): 
The value is the same before and after calling `init_weights` of EncoderDecoder  

backbone.adapter.interactions.3.extractor.ffn.fc1.bias - torch.Size([256]): 
The value is the same before and after calling `init_weights` of EncoderDecoder  

backbone.adapter.interactions.3.extractor.ffn.dwconv.dwconv.weight - torch.Size([256, 1, 3, 3]): 
The value is the same before and after calling `init_weights` of EncoderDecoder  

backbone.adapter.interactions.3.extractor.ffn.dwconv.dwconv.bias - torch.Size([256]): 
The value is the same before and after calling `init_weights` of EncoderDecoder  

backbone.adapter.interactions.3.extractor.ffn.fc2.weight - torch.Size([1024, 256]): 
The value is the same before and after calling `init_weights` of EncoderDecoder  

backbone.adapter.interactions.3.extractor.ffn.fc2.bias - torch.Size([1024]): 
The value is the same before and after calling `init_weights` of EncoderDecoder  

backbone.adapter.interactions.3.extractor.ffn_norm.weight - torch.Size([1024]): 
The value is the same before and after calling `init_weights` of EncoderDecoder  

backbone.adapter.interactions.3.extractor.ffn_norm.bias - torch.Size([1024]): 
The value is the same before and after calling `init_weights` of EncoderDecoder  

backbone.adapter.interactions.3.extra_extractors.0.query_norm.weight - torch.Size([1024]): 
The value is the same before and after calling `init_weights` of EncoderDecoder  

backbone.adapter.interactions.3.extra_extractors.0.query_norm.bias - torch.Size([1024]): 
The value is the same before and after calling `init_weights` of EncoderDecoder  

backbone.adapter.interactions.3.extra_extractors.0.feat_norm.weight - torch.Size([1024]): 
The value is the same before and after calling `init_weights` of EncoderDecoder  

backbone.adapter.interactions.3.extra_extractors.0.feat_norm.bias - torch.Size([1024]): 
The value is the same before and after calling `init_weights` of EncoderDecoder  

backbone.adapter.interactions.3.extra_extractors.0.attn.attn.sampling_offsets.weight - torch.Size([128, 1024]): 
The value is the same before and after calling `init_weights` of EncoderDecoder  

backbone.adapter.interactions.3.extra_extractors.0.attn.attn.sampling_offsets.bias - torch.Size([128]): 
The value is the same before and after calling `init_weights` of EncoderDecoder  

backbone.adapter.interactions.3.extra_extractors.0.attn.attn.attention_weights.weight - torch.Size([64, 1024]): 
The value is the same before and after calling `init_weights` of EncoderDecoder  

backbone.adapter.interactions.3.extra_extractors.0.attn.attn.attention_weights.bias - torch.Size([64]): 
The value is the same before and after calling `init_weights` of EncoderDecoder  

backbone.adapter.interactions.3.extra_extractors.0.attn.attn.value_proj.weight - torch.Size([1024, 1024]): 
The value is the same before and after calling `init_weights` of EncoderDecoder  

backbone.adapter.interactions.3.extra_extractors.0.attn.attn.value_proj.bias - torch.Size([1024]): 
The value is the same before and after calling `init_weights` of EncoderDecoder  

backbone.adapter.interactions.3.extra_extractors.0.attn.attn.output_proj.weight - torch.Size([1024, 1024]): 
The value is the same before and after calling `init_weights` of EncoderDecoder  

backbone.adapter.interactions.3.extra_extractors.0.attn.attn.output_proj.bias - torch.Size([1024]): 
The value is the same before and after calling `init_weights` of EncoderDecoder  

backbone.adapter.interactions.3.extra_extractors.0.ffn.fc1.weight - torch.Size([256, 1024]): 
The value is the same before and after calling `init_weights` of EncoderDecoder  

backbone.adapter.interactions.3.extra_extractors.0.ffn.fc1.bias - torch.Size([256]): 
The value is the same before and after calling `init_weights` of EncoderDecoder  

backbone.adapter.interactions.3.extra_extractors.0.ffn.dwconv.dwconv.weight - torch.Size([256, 1, 3, 3]): 
The value is the same before and after calling `init_weights` of EncoderDecoder  

backbone.adapter.interactions.3.extra_extractors.0.ffn.dwconv.dwconv.bias - torch.Size([256]): 
The value is the same before and after calling `init_weights` of EncoderDecoder  

backbone.adapter.interactions.3.extra_extractors.0.ffn.fc2.weight - torch.Size([1024, 256]): 
The value is the same before and after calling `init_weights` of EncoderDecoder  

backbone.adapter.interactions.3.extra_extractors.0.ffn.fc2.bias - torch.Size([1024]): 
The value is the same before and after calling `init_weights` of EncoderDecoder  

backbone.adapter.interactions.3.extra_extractors.0.ffn_norm.weight - torch.Size([1024]): 
The value is the same before and after calling `init_weights` of EncoderDecoder  

backbone.adapter.interactions.3.extra_extractors.0.ffn_norm.bias - torch.Size([1024]): 
The value is the same before and after calling `init_weights` of EncoderDecoder  

backbone.adapter.interactions.3.extra_extractors.1.query_norm.weight - torch.Size([1024]): 
The value is the same before and after calling `init_weights` of EncoderDecoder  

backbone.adapter.interactions.3.extra_extractors.1.query_norm.bias - torch.Size([1024]): 
The value is the same before and after calling `init_weights` of EncoderDecoder  

backbone.adapter.interactions.3.extra_extractors.1.feat_norm.weight - torch.Size([1024]): 
The value is the same before and after calling `init_weights` of EncoderDecoder  

backbone.adapter.interactions.3.extra_extractors.1.feat_norm.bias - torch.Size([1024]): 
The value is the same before and after calling `init_weights` of EncoderDecoder  

backbone.adapter.interactions.3.extra_extractors.1.attn.attn.sampling_offsets.weight - torch.Size([128, 1024]): 
The value is the same before and after calling `init_weights` of EncoderDecoder  

backbone.adapter.interactions.3.extra_extractors.1.attn.attn.sampling_offsets.bias - torch.Size([128]): 
The value is the same before and after calling `init_weights` of EncoderDecoder  

backbone.adapter.interactions.3.extra_extractors.1.attn.attn.attention_weights.weight - torch.Size([64, 1024]): 
The value is the same before and after calling `init_weights` of EncoderDecoder  

backbone.adapter.interactions.3.extra_extractors.1.attn.attn.attention_weights.bias - torch.Size([64]): 
The value is the same before and after calling `init_weights` of EncoderDecoder  

backbone.adapter.interactions.3.extra_extractors.1.attn.attn.value_proj.weight - torch.Size([1024, 1024]): 
The value is the same before and after calling `init_weights` of EncoderDecoder  

backbone.adapter.interactions.3.extra_extractors.1.attn.attn.value_proj.bias - torch.Size([1024]): 
The value is the same before and after calling `init_weights` of EncoderDecoder  

backbone.adapter.interactions.3.extra_extractors.1.attn.attn.output_proj.weight - torch.Size([1024, 1024]): 
The value is the same before and after calling `init_weights` of EncoderDecoder  

backbone.adapter.interactions.3.extra_extractors.1.attn.attn.output_proj.bias - torch.Size([1024]): 
The value is the same before and after calling `init_weights` of EncoderDecoder  

backbone.adapter.interactions.3.extra_extractors.1.ffn.fc1.weight - torch.Size([256, 1024]): 
The value is the same before and after calling `init_weights` of EncoderDecoder  

backbone.adapter.interactions.3.extra_extractors.1.ffn.fc1.bias - torch.Size([256]): 
The value is the same before and after calling `init_weights` of EncoderDecoder  

backbone.adapter.interactions.3.extra_extractors.1.ffn.dwconv.dwconv.weight - torch.Size([256, 1, 3, 3]): 
The value is the same before and after calling `init_weights` of EncoderDecoder  

backbone.adapter.interactions.3.extra_extractors.1.ffn.dwconv.dwconv.bias - torch.Size([256]): 
The value is the same before and after calling `init_weights` of EncoderDecoder  

backbone.adapter.interactions.3.extra_extractors.1.ffn.fc2.weight - torch.Size([1024, 256]): 
The value is the same before and after calling `init_weights` of EncoderDecoder  

backbone.adapter.interactions.3.extra_extractors.1.ffn.fc2.bias - torch.Size([1024]): 
The value is the same before and after calling `init_weights` of EncoderDecoder  

backbone.adapter.interactions.3.extra_extractors.1.ffn_norm.weight - torch.Size([1024]): 
The value is the same before and after calling `init_weights` of EncoderDecoder  

backbone.adapter.interactions.3.extra_extractors.1.ffn_norm.bias - torch.Size([1024]): 
The value is the same before and after calling `init_weights` of EncoderDecoder  

backbone.adapter.up.weight - torch.Size([1024, 1024, 2, 2]): 
The value is the same before and after calling `init_weights` of EncoderDecoder  

backbone.adapter.up.bias - torch.Size([1024]): 
The value is the same before and after calling `init_weights` of EncoderDecoder  

backbone.adapter.norm1.weight - torch.Size([1024]): 
The value is the same before and after calling `init_weights` of EncoderDecoder  

backbone.adapter.norm1.bias - torch.Size([1024]): 
The value is the same before and after calling `init_weights` of EncoderDecoder  

backbone.adapter.norm2.weight - torch.Size([1024]): 
The value is the same before and after calling `init_weights` of EncoderDecoder  

backbone.adapter.norm2.bias - torch.Size([1024]): 
The value is the same before and after calling `init_weights` of EncoderDecoder  

backbone.adapter.norm3.weight - torch.Size([1024]): 
The value is the same before and after calling `init_weights` of EncoderDecoder  

backbone.adapter.norm3.bias - torch.Size([1024]): 
The value is the same before and after calling `init_weights` of EncoderDecoder  

backbone.adapter.norm4.weight - torch.Size([1024]): 
The value is the same before and after calling `init_weights` of EncoderDecoder  

backbone.adapter.norm4.bias - torch.Size([1024]): 
The value is the same before and after calling `init_weights` of EncoderDecoder  

decode_head.pixel_decoder.input_convs.0.conv.weight - torch.Size([256, 1024, 1, 1]): 
Initialized by user-defined `init_weights` in Mask2FormerHead  

decode_head.pixel_decoder.input_convs.0.conv.bias - torch.Size([256]): 
The value is the same before and after calling `init_weights` of EncoderDecoder  

decode_head.pixel_decoder.input_convs.0.gn.weight - torch.Size([256]): 
The value is the same before and after calling `init_weights` of EncoderDecoder  

decode_head.pixel_decoder.input_convs.0.gn.bias - torch.Size([256]): 
The value is the same before and after calling `init_weights` of EncoderDecoder  

decode_head.pixel_decoder.input_convs.1.conv.weight - torch.Size([256, 1024, 1, 1]): 
Initialized by user-defined `init_weights` in Mask2FormerHead  

decode_head.pixel_decoder.input_convs.1.conv.bias - torch.Size([256]): 
The value is the same before and after calling `init_weights` of EncoderDecoder  

decode_head.pixel_decoder.input_convs.1.gn.weight - torch.Size([256]): 
The value is the same before and after calling `init_weights` of EncoderDecoder  

decode_head.pixel_decoder.input_convs.1.gn.bias - torch.Size([256]): 
The value is the same before and after calling `init_weights` of EncoderDecoder  

decode_head.pixel_decoder.input_convs.2.conv.weight - torch.Size([256, 1024, 1, 1]): 
Initialized by user-defined `init_weights` in Mask2FormerHead  

decode_head.pixel_decoder.input_convs.2.conv.bias - torch.Size([256]): 
The value is the same before and after calling `init_weights` of EncoderDecoder  

decode_head.pixel_decoder.input_convs.2.gn.weight - torch.Size([256]): 
The value is the same before and after calling `init_weights` of EncoderDecoder  

decode_head.pixel_decoder.input_convs.2.gn.bias - torch.Size([256]): 
The value is the same before and after calling `init_weights` of EncoderDecoder  

decode_head.pixel_decoder.encoder.layers.0.self_attn.sampling_offsets.weight - torch.Size([192, 256]): 
The value is the same before and after calling `init_weights` of EncoderDecoder  

decode_head.pixel_decoder.encoder.layers.0.self_attn.sampling_offsets.bias - torch.Size([192]): 
Initialized by user-defined `init_weights` in Mask2FormerHead  

decode_head.pixel_decoder.encoder.layers.0.self_attn.attention_weights.weight - torch.Size([96, 256]): 
The value is the same before and after calling `init_weights` of EncoderDecoder  

decode_head.pixel_decoder.encoder.layers.0.self_attn.attention_weights.bias - torch.Size([96]): 
The value is the same before and after calling `init_weights` of EncoderDecoder  

decode_head.pixel_decoder.encoder.layers.0.self_attn.value_proj.weight - torch.Size([256, 256]): 
Initialized by user-defined `init_weights` in Mask2FormerHead  

decode_head.pixel_decoder.encoder.layers.0.self_attn.value_proj.bias - torch.Size([256]): 
The value is the same before and after calling `init_weights` of EncoderDecoder  

decode_head.pixel_decoder.encoder.layers.0.self_attn.output_proj.weight - torch.Size([256, 256]): 
Initialized by user-defined `init_weights` in Mask2FormerHead  

decode_head.pixel_decoder.encoder.layers.0.self_attn.output_proj.bias - torch.Size([256]): 
The value is the same before and after calling `init_weights` of EncoderDecoder  

decode_head.pixel_decoder.encoder.layers.0.ffn.layers.0.0.weight - torch.Size([1024, 256]): 
Initialized by user-defined `init_weights` in Mask2FormerHead  

decode_head.pixel_decoder.encoder.layers.0.ffn.layers.0.0.bias - torch.Size([1024]): 
The value is the same before and after calling `init_weights` of EncoderDecoder  

decode_head.pixel_decoder.encoder.layers.0.ffn.layers.1.weight - torch.Size([256, 1024]): 
Initialized by user-defined `init_weights` in Mask2FormerHead  

decode_head.pixel_decoder.encoder.layers.0.ffn.layers.1.bias - torch.Size([256]): 
The value is the same before and after calling `init_weights` of EncoderDecoder  

decode_head.pixel_decoder.encoder.layers.0.norms.0.weight - torch.Size([256]): 
The value is the same before and after calling `init_weights` of EncoderDecoder  

decode_head.pixel_decoder.encoder.layers.0.norms.0.bias - torch.Size([256]): 
The value is the same before and after calling `init_weights` of EncoderDecoder  

decode_head.pixel_decoder.encoder.layers.0.norms.1.weight - torch.Size([256]): 
The value is the same before and after calling `init_weights` of EncoderDecoder  

decode_head.pixel_decoder.encoder.layers.0.norms.1.bias - torch.Size([256]): 
The value is the same before and after calling `init_weights` of EncoderDecoder  

decode_head.pixel_decoder.encoder.layers.1.self_attn.sampling_offsets.weight - torch.Size([192, 256]): 
The value is the same before and after calling `init_weights` of EncoderDecoder  

decode_head.pixel_decoder.encoder.layers.1.self_attn.sampling_offsets.bias - torch.Size([192]): 
Initialized by user-defined `init_weights` in Mask2FormerHead  

decode_head.pixel_decoder.encoder.layers.1.self_attn.attention_weights.weight - torch.Size([96, 256]): 
The value is the same before and after calling `init_weights` of EncoderDecoder  

decode_head.pixel_decoder.encoder.layers.1.self_attn.attention_weights.bias - torch.Size([96]): 
The value is the same before and after calling `init_weights` of EncoderDecoder  

decode_head.pixel_decoder.encoder.layers.1.self_attn.value_proj.weight - torch.Size([256, 256]): 
Initialized by user-defined `init_weights` in Mask2FormerHead  

decode_head.pixel_decoder.encoder.layers.1.self_attn.value_proj.bias - torch.Size([256]): 
The value is the same before and after calling `init_weights` of EncoderDecoder  

decode_head.pixel_decoder.encoder.layers.1.self_attn.output_proj.weight - torch.Size([256, 256]): 
Initialized by user-defined `init_weights` in Mask2FormerHead  

decode_head.pixel_decoder.encoder.layers.1.self_attn.output_proj.bias - torch.Size([256]): 
The value is the same before and after calling `init_weights` of EncoderDecoder  

decode_head.pixel_decoder.encoder.layers.1.ffn.layers.0.0.weight - torch.Size([1024, 256]): 
Initialized by user-defined `init_weights` in Mask2FormerHead  

decode_head.pixel_decoder.encoder.layers.1.ffn.layers.0.0.bias - torch.Size([1024]): 
The value is the same before and after calling `init_weights` of EncoderDecoder  

decode_head.pixel_decoder.encoder.layers.1.ffn.layers.1.weight - torch.Size([256, 1024]): 
Initialized by user-defined `init_weights` in Mask2FormerHead  

decode_head.pixel_decoder.encoder.layers.1.ffn.layers.1.bias - torch.Size([256]): 
The value is the same before and after calling `init_weights` of EncoderDecoder  

decode_head.pixel_decoder.encoder.layers.1.norms.0.weight - torch.Size([256]): 
The value is the same before and after calling `init_weights` of EncoderDecoder  

decode_head.pixel_decoder.encoder.layers.1.norms.0.bias - torch.Size([256]): 
The value is the same before and after calling `init_weights` of EncoderDecoder  

decode_head.pixel_decoder.encoder.layers.1.norms.1.weight - torch.Size([256]): 
The value is the same before and after calling `init_weights` of EncoderDecoder  

decode_head.pixel_decoder.encoder.layers.1.norms.1.bias - torch.Size([256]): 
The value is the same before and after calling `init_weights` of EncoderDecoder  

decode_head.pixel_decoder.encoder.layers.2.self_attn.sampling_offsets.weight - torch.Size([192, 256]): 
The value is the same before and after calling `init_weights` of EncoderDecoder  

decode_head.pixel_decoder.encoder.layers.2.self_attn.sampling_offsets.bias - torch.Size([192]): 
Initialized by user-defined `init_weights` in Mask2FormerHead  

decode_head.pixel_decoder.encoder.layers.2.self_attn.attention_weights.weight - torch.Size([96, 256]): 
The value is the same before and after calling `init_weights` of EncoderDecoder  

decode_head.pixel_decoder.encoder.layers.2.self_attn.attention_weights.bias - torch.Size([96]): 
The value is the same before and after calling `init_weights` of EncoderDecoder  

decode_head.pixel_decoder.encoder.layers.2.self_attn.value_proj.weight - torch.Size([256, 256]): 
Initialized by user-defined `init_weights` in Mask2FormerHead  

decode_head.pixel_decoder.encoder.layers.2.self_attn.value_proj.bias - torch.Size([256]): 
The value is the same before and after calling `init_weights` of EncoderDecoder  

decode_head.pixel_decoder.encoder.layers.2.self_attn.output_proj.weight - torch.Size([256, 256]): 
Initialized by user-defined `init_weights` in Mask2FormerHead  

decode_head.pixel_decoder.encoder.layers.2.self_attn.output_proj.bias - torch.Size([256]): 
The value is the same before and after calling `init_weights` of EncoderDecoder  

decode_head.pixel_decoder.encoder.layers.2.ffn.layers.0.0.weight - torch.Size([1024, 256]): 
Initialized by user-defined `init_weights` in Mask2FormerHead  

decode_head.pixel_decoder.encoder.layers.2.ffn.layers.0.0.bias - torch.Size([1024]): 
The value is the same before and after calling `init_weights` of EncoderDecoder  

decode_head.pixel_decoder.encoder.layers.2.ffn.layers.1.weight - torch.Size([256, 1024]): 
Initialized by user-defined `init_weights` in Mask2FormerHead  

decode_head.pixel_decoder.encoder.layers.2.ffn.layers.1.bias - torch.Size([256]): 
The value is the same before and after calling `init_weights` of EncoderDecoder  

decode_head.pixel_decoder.encoder.layers.2.norms.0.weight - torch.Size([256]): 
The value is the same before and after calling `init_weights` of EncoderDecoder  

decode_head.pixel_decoder.encoder.layers.2.norms.0.bias - torch.Size([256]): 
The value is the same before and after calling `init_weights` of EncoderDecoder  

decode_head.pixel_decoder.encoder.layers.2.norms.1.weight - torch.Size([256]): 
The value is the same before and after calling `init_weights` of EncoderDecoder  

decode_head.pixel_decoder.encoder.layers.2.norms.1.bias - torch.Size([256]): 
The value is the same before and after calling `init_weights` of EncoderDecoder  

decode_head.pixel_decoder.encoder.layers.3.self_attn.sampling_offsets.weight - torch.Size([192, 256]): 
The value is the same before and after calling `init_weights` of EncoderDecoder  

decode_head.pixel_decoder.encoder.layers.3.self_attn.sampling_offsets.bias - torch.Size([192]): 
Initialized by user-defined `init_weights` in Mask2FormerHead  

decode_head.pixel_decoder.encoder.layers.3.self_attn.attention_weights.weight - torch.Size([96, 256]): 
The value is the same before and after calling `init_weights` of EncoderDecoder  

decode_head.pixel_decoder.encoder.layers.3.self_attn.attention_weights.bias - torch.Size([96]): 
The value is the same before and after calling `init_weights` of EncoderDecoder  

decode_head.pixel_decoder.encoder.layers.3.self_attn.value_proj.weight - torch.Size([256, 256]): 
Initialized by user-defined `init_weights` in Mask2FormerHead  

decode_head.pixel_decoder.encoder.layers.3.self_attn.value_proj.bias - torch.Size([256]): 
The value is the same before and after calling `init_weights` of EncoderDecoder  

decode_head.pixel_decoder.encoder.layers.3.self_attn.output_proj.weight - torch.Size([256, 256]): 
Initialized by user-defined `init_weights` in Mask2FormerHead  

decode_head.pixel_decoder.encoder.layers.3.self_attn.output_proj.bias - torch.Size([256]): 
The value is the same before and after calling `init_weights` of EncoderDecoder  

decode_head.pixel_decoder.encoder.layers.3.ffn.layers.0.0.weight - torch.Size([1024, 256]): 
Initialized by user-defined `init_weights` in Mask2FormerHead  

decode_head.pixel_decoder.encoder.layers.3.ffn.layers.0.0.bias - torch.Size([1024]): 
The value is the same before and after calling `init_weights` of EncoderDecoder  

decode_head.pixel_decoder.encoder.layers.3.ffn.layers.1.weight - torch.Size([256, 1024]): 
Initialized by user-defined `init_weights` in Mask2FormerHead  

decode_head.pixel_decoder.encoder.layers.3.ffn.layers.1.bias - torch.Size([256]): 
The value is the same before and after calling `init_weights` of EncoderDecoder  

decode_head.pixel_decoder.encoder.layers.3.norms.0.weight - torch.Size([256]): 
The value is the same before and after calling `init_weights` of EncoderDecoder  

decode_head.pixel_decoder.encoder.layers.3.norms.0.bias - torch.Size([256]): 
The value is the same before and after calling `init_weights` of EncoderDecoder  

decode_head.pixel_decoder.encoder.layers.3.norms.1.weight - torch.Size([256]): 
The value is the same before and after calling `init_weights` of EncoderDecoder  

decode_head.pixel_decoder.encoder.layers.3.norms.1.bias - torch.Size([256]): 
The value is the same before and after calling `init_weights` of EncoderDecoder  

decode_head.pixel_decoder.encoder.layers.4.self_attn.sampling_offsets.weight - torch.Size([192, 256]): 
The value is the same before and after calling `init_weights` of EncoderDecoder  

decode_head.pixel_decoder.encoder.layers.4.self_attn.sampling_offsets.bias - torch.Size([192]): 
Initialized by user-defined `init_weights` in Mask2FormerHead  

decode_head.pixel_decoder.encoder.layers.4.self_attn.attention_weights.weight - torch.Size([96, 256]): 
The value is the same before and after calling `init_weights` of EncoderDecoder  

decode_head.pixel_decoder.encoder.layers.4.self_attn.attention_weights.bias - torch.Size([96]): 
The value is the same before and after calling `init_weights` of EncoderDecoder  

decode_head.pixel_decoder.encoder.layers.4.self_attn.value_proj.weight - torch.Size([256, 256]): 
Initialized by user-defined `init_weights` in Mask2FormerHead  

decode_head.pixel_decoder.encoder.layers.4.self_attn.value_proj.bias - torch.Size([256]): 
The value is the same before and after calling `init_weights` of EncoderDecoder  

decode_head.pixel_decoder.encoder.layers.4.self_attn.output_proj.weight - torch.Size([256, 256]): 
Initialized by user-defined `init_weights` in Mask2FormerHead  

decode_head.pixel_decoder.encoder.layers.4.self_attn.output_proj.bias - torch.Size([256]): 
The value is the same before and after calling `init_weights` of EncoderDecoder  

decode_head.pixel_decoder.encoder.layers.4.ffn.layers.0.0.weight - torch.Size([1024, 256]): 
Initialized by user-defined `init_weights` in Mask2FormerHead  

decode_head.pixel_decoder.encoder.layers.4.ffn.layers.0.0.bias - torch.Size([1024]): 
The value is the same before and after calling `init_weights` of EncoderDecoder  

decode_head.pixel_decoder.encoder.layers.4.ffn.layers.1.weight - torch.Size([256, 1024]): 
Initialized by user-defined `init_weights` in Mask2FormerHead  

decode_head.pixel_decoder.encoder.layers.4.ffn.layers.1.bias - torch.Size([256]): 
The value is the same before and after calling `init_weights` of EncoderDecoder  

decode_head.pixel_decoder.encoder.layers.4.norms.0.weight - torch.Size([256]): 
The value is the same before and after calling `init_weights` of EncoderDecoder  

decode_head.pixel_decoder.encoder.layers.4.norms.0.bias - torch.Size([256]): 
The value is the same before and after calling `init_weights` of EncoderDecoder  

decode_head.pixel_decoder.encoder.layers.4.norms.1.weight - torch.Size([256]): 
The value is the same before and after calling `init_weights` of EncoderDecoder  

decode_head.pixel_decoder.encoder.layers.4.norms.1.bias - torch.Size([256]): 
The value is the same before and after calling `init_weights` of EncoderDecoder  

decode_head.pixel_decoder.encoder.layers.5.self_attn.sampling_offsets.weight - torch.Size([192, 256]): 
The value is the same before and after calling `init_weights` of EncoderDecoder  

decode_head.pixel_decoder.encoder.layers.5.self_attn.sampling_offsets.bias - torch.Size([192]): 
Initialized by user-defined `init_weights` in Mask2FormerHead  

decode_head.pixel_decoder.encoder.layers.5.self_attn.attention_weights.weight - torch.Size([96, 256]): 
The value is the same before and after calling `init_weights` of EncoderDecoder  

decode_head.pixel_decoder.encoder.layers.5.self_attn.attention_weights.bias - torch.Size([96]): 
The value is the same before and after calling `init_weights` of EncoderDecoder  

decode_head.pixel_decoder.encoder.layers.5.self_attn.value_proj.weight - torch.Size([256, 256]): 
Initialized by user-defined `init_weights` in Mask2FormerHead  

decode_head.pixel_decoder.encoder.layers.5.self_attn.value_proj.bias - torch.Size([256]): 
The value is the same before and after calling `init_weights` of EncoderDecoder  

decode_head.pixel_decoder.encoder.layers.5.self_attn.output_proj.weight - torch.Size([256, 256]): 
Initialized by user-defined `init_weights` in Mask2FormerHead  

decode_head.pixel_decoder.encoder.layers.5.self_attn.output_proj.bias - torch.Size([256]): 
The value is the same before and after calling `init_weights` of EncoderDecoder  

decode_head.pixel_decoder.encoder.layers.5.ffn.layers.0.0.weight - torch.Size([1024, 256]): 
Initialized by user-defined `init_weights` in Mask2FormerHead  

decode_head.pixel_decoder.encoder.layers.5.ffn.layers.0.0.bias - torch.Size([1024]): 
The value is the same before and after calling `init_weights` of EncoderDecoder  

decode_head.pixel_decoder.encoder.layers.5.ffn.layers.1.weight - torch.Size([256, 1024]): 
Initialized by user-defined `init_weights` in Mask2FormerHead  

decode_head.pixel_decoder.encoder.layers.5.ffn.layers.1.bias - torch.Size([256]): 
The value is the same before and after calling `init_weights` of EncoderDecoder  

decode_head.pixel_decoder.encoder.layers.5.norms.0.weight - torch.Size([256]): 
The value is the same before and after calling `init_weights` of EncoderDecoder  

decode_head.pixel_decoder.encoder.layers.5.norms.0.bias - torch.Size([256]): 
The value is the same before and after calling `init_weights` of EncoderDecoder  

decode_head.pixel_decoder.encoder.layers.5.norms.1.weight - torch.Size([256]): 
The value is the same before and after calling `init_weights` of EncoderDecoder  

decode_head.pixel_decoder.encoder.layers.5.norms.1.bias - torch.Size([256]): 
The value is the same before and after calling `init_weights` of EncoderDecoder  

decode_head.pixel_decoder.level_encoding.weight - torch.Size([3, 256]): 
Initialized by user-defined `init_weights` in Mask2FormerHead  

decode_head.pixel_decoder.lateral_convs.0.conv.weight - torch.Size([256, 1024, 1, 1]): 
Initialized by user-defined `init_weights` in Mask2FormerHead  

decode_head.pixel_decoder.lateral_convs.0.gn.weight - torch.Size([256]): 
The value is the same before and after calling `init_weights` of EncoderDecoder  

decode_head.pixel_decoder.lateral_convs.0.gn.bias - torch.Size([256]): 
The value is the same before and after calling `init_weights` of EncoderDecoder  

decode_head.pixel_decoder.output_convs.0.conv.weight - torch.Size([256, 256, 3, 3]): 
Initialized by user-defined `init_weights` in Mask2FormerHead  

decode_head.pixel_decoder.output_convs.0.gn.weight - torch.Size([256]): 
The value is the same before and after calling `init_weights` of EncoderDecoder  

decode_head.pixel_decoder.output_convs.0.gn.bias - torch.Size([256]): 
The value is the same before and after calling `init_weights` of EncoderDecoder  

decode_head.pixel_decoder.mask_feature.weight - torch.Size([256, 256, 1, 1]): 
Initialized by user-defined `init_weights` in Mask2FormerHead  

decode_head.pixel_decoder.mask_feature.bias - torch.Size([256]): 
Initialized by user-defined `init_weights` in Mask2FormerHead  

decode_head.transformer_decoder.layers.0.self_attn.attn.in_proj_weight - torch.Size([768, 256]): 
Initialized by user-defined `init_weights` in Mask2FormerHead  

decode_head.transformer_decoder.layers.0.self_attn.attn.in_proj_bias - torch.Size([768]): 
The value is the same before and after calling `init_weights` of EncoderDecoder  

decode_head.transformer_decoder.layers.0.self_attn.attn.out_proj.weight - torch.Size([256, 256]): 
Initialized by user-defined `init_weights` in Mask2FormerHead  

decode_head.transformer_decoder.layers.0.self_attn.attn.out_proj.bias - torch.Size([256]): 
The value is the same before and after calling `init_weights` of EncoderDecoder  

decode_head.transformer_decoder.layers.0.cross_attn.attn.in_proj_weight - torch.Size([768, 256]): 
Initialized by user-defined `init_weights` in Mask2FormerHead  

decode_head.transformer_decoder.layers.0.cross_attn.attn.in_proj_bias - torch.Size([768]): 
The value is the same before and after calling `init_weights` of EncoderDecoder  

decode_head.transformer_decoder.layers.0.cross_attn.attn.out_proj.weight - torch.Size([256, 256]): 
Initialized by user-defined `init_weights` in Mask2FormerHead  

decode_head.transformer_decoder.layers.0.cross_attn.attn.out_proj.bias - torch.Size([256]): 
The value is the same before and after calling `init_weights` of EncoderDecoder  

decode_head.transformer_decoder.layers.0.ffn.layers.0.0.weight - torch.Size([2048, 256]): 
Initialized by user-defined `init_weights` in Mask2FormerHead  

decode_head.transformer_decoder.layers.0.ffn.layers.0.0.bias - torch.Size([2048]): 
The value is the same before and after calling `init_weights` of EncoderDecoder  

decode_head.transformer_decoder.layers.0.ffn.layers.1.weight - torch.Size([256, 2048]): 
Initialized by user-defined `init_weights` in Mask2FormerHead  

decode_head.transformer_decoder.layers.0.ffn.layers.1.bias - torch.Size([256]): 
The value is the same before and after calling `init_weights` of EncoderDecoder  

decode_head.transformer_decoder.layers.0.norms.0.weight - torch.Size([256]): 
The value is the same before and after calling `init_weights` of EncoderDecoder  

decode_head.transformer_decoder.layers.0.norms.0.bias - torch.Size([256]): 
The value is the same before and after calling `init_weights` of EncoderDecoder  

decode_head.transformer_decoder.layers.0.norms.1.weight - torch.Size([256]): 
The value is the same before and after calling `init_weights` of EncoderDecoder  

decode_head.transformer_decoder.layers.0.norms.1.bias - torch.Size([256]): 
The value is the same before and after calling `init_weights` of EncoderDecoder  

decode_head.transformer_decoder.layers.0.norms.2.weight - torch.Size([256]): 
The value is the same before and after calling `init_weights` of EncoderDecoder  

decode_head.transformer_decoder.layers.0.norms.2.bias - torch.Size([256]): 
The value is the same before and after calling `init_weights` of EncoderDecoder  

decode_head.transformer_decoder.layers.1.self_attn.attn.in_proj_weight - torch.Size([768, 256]): 
Initialized by user-defined `init_weights` in Mask2FormerHead  

decode_head.transformer_decoder.layers.1.self_attn.attn.in_proj_bias - torch.Size([768]): 
The value is the same before and after calling `init_weights` of EncoderDecoder  

decode_head.transformer_decoder.layers.1.self_attn.attn.out_proj.weight - torch.Size([256, 256]): 
Initialized by user-defined `init_weights` in Mask2FormerHead  

decode_head.transformer_decoder.layers.1.self_attn.attn.out_proj.bias - torch.Size([256]): 
The value is the same before and after calling `init_weights` of EncoderDecoder  

decode_head.transformer_decoder.layers.1.cross_attn.attn.in_proj_weight - torch.Size([768, 256]): 
Initialized by user-defined `init_weights` in Mask2FormerHead  

decode_head.transformer_decoder.layers.1.cross_attn.attn.in_proj_bias - torch.Size([768]): 
The value is the same before and after calling `init_weights` of EncoderDecoder  

decode_head.transformer_decoder.layers.1.cross_attn.attn.out_proj.weight - torch.Size([256, 256]): 
Initialized by user-defined `init_weights` in Mask2FormerHead  

decode_head.transformer_decoder.layers.1.cross_attn.attn.out_proj.bias - torch.Size([256]): 
The value is the same before and after calling `init_weights` of EncoderDecoder  

decode_head.transformer_decoder.layers.1.ffn.layers.0.0.weight - torch.Size([2048, 256]): 
Initialized by user-defined `init_weights` in Mask2FormerHead  

decode_head.transformer_decoder.layers.1.ffn.layers.0.0.bias - torch.Size([2048]): 
The value is the same before and after calling `init_weights` of EncoderDecoder  

decode_head.transformer_decoder.layers.1.ffn.layers.1.weight - torch.Size([256, 2048]): 
Initialized by user-defined `init_weights` in Mask2FormerHead  

decode_head.transformer_decoder.layers.1.ffn.layers.1.bias - torch.Size([256]): 
The value is the same before and after calling `init_weights` of EncoderDecoder  

decode_head.transformer_decoder.layers.1.norms.0.weight - torch.Size([256]): 
The value is the same before and after calling `init_weights` of EncoderDecoder  

decode_head.transformer_decoder.layers.1.norms.0.bias - torch.Size([256]): 
The value is the same before and after calling `init_weights` of EncoderDecoder  

decode_head.transformer_decoder.layers.1.norms.1.weight - torch.Size([256]): 
The value is the same before and after calling `init_weights` of EncoderDecoder  

decode_head.transformer_decoder.layers.1.norms.1.bias - torch.Size([256]): 
The value is the same before and after calling `init_weights` of EncoderDecoder  

decode_head.transformer_decoder.layers.1.norms.2.weight - torch.Size([256]): 
The value is the same before and after calling `init_weights` of EncoderDecoder  

decode_head.transformer_decoder.layers.1.norms.2.bias - torch.Size([256]): 
The value is the same before and after calling `init_weights` of EncoderDecoder  

decode_head.transformer_decoder.layers.2.self_attn.attn.in_proj_weight - torch.Size([768, 256]): 
Initialized by user-defined `init_weights` in Mask2FormerHead  

decode_head.transformer_decoder.layers.2.self_attn.attn.in_proj_bias - torch.Size([768]): 
The value is the same before and after calling `init_weights` of EncoderDecoder  

decode_head.transformer_decoder.layers.2.self_attn.attn.out_proj.weight - torch.Size([256, 256]): 
Initialized by user-defined `init_weights` in Mask2FormerHead  

decode_head.transformer_decoder.layers.2.self_attn.attn.out_proj.bias - torch.Size([256]): 
The value is the same before and after calling `init_weights` of EncoderDecoder  

decode_head.transformer_decoder.layers.2.cross_attn.attn.in_proj_weight - torch.Size([768, 256]): 
Initialized by user-defined `init_weights` in Mask2FormerHead  

decode_head.transformer_decoder.layers.2.cross_attn.attn.in_proj_bias - torch.Size([768]): 
The value is the same before and after calling `init_weights` of EncoderDecoder  

decode_head.transformer_decoder.layers.2.cross_attn.attn.out_proj.weight - torch.Size([256, 256]): 
Initialized by user-defined `init_weights` in Mask2FormerHead  

decode_head.transformer_decoder.layers.2.cross_attn.attn.out_proj.bias - torch.Size([256]): 
The value is the same before and after calling `init_weights` of EncoderDecoder  

decode_head.transformer_decoder.layers.2.ffn.layers.0.0.weight - torch.Size([2048, 256]): 
Initialized by user-defined `init_weights` in Mask2FormerHead  

decode_head.transformer_decoder.layers.2.ffn.layers.0.0.bias - torch.Size([2048]): 
The value is the same before and after calling `init_weights` of EncoderDecoder  

decode_head.transformer_decoder.layers.2.ffn.layers.1.weight - torch.Size([256, 2048]): 
Initialized by user-defined `init_weights` in Mask2FormerHead  

decode_head.transformer_decoder.layers.2.ffn.layers.1.bias - torch.Size([256]): 
The value is the same before and after calling `init_weights` of EncoderDecoder  

decode_head.transformer_decoder.layers.2.norms.0.weight - torch.Size([256]): 
The value is the same before and after calling `init_weights` of EncoderDecoder  

decode_head.transformer_decoder.layers.2.norms.0.bias - torch.Size([256]): 
The value is the same before and after calling `init_weights` of EncoderDecoder  

decode_head.transformer_decoder.layers.2.norms.1.weight - torch.Size([256]): 
The value is the same before and after calling `init_weights` of EncoderDecoder  

decode_head.transformer_decoder.layers.2.norms.1.bias - torch.Size([256]): 
The value is the same before and after calling `init_weights` of EncoderDecoder  

decode_head.transformer_decoder.layers.2.norms.2.weight - torch.Size([256]): 
The value is the same before and after calling `init_weights` of EncoderDecoder  

decode_head.transformer_decoder.layers.2.norms.2.bias - torch.Size([256]): 
The value is the same before and after calling `init_weights` of EncoderDecoder  

decode_head.transformer_decoder.layers.3.self_attn.attn.in_proj_weight - torch.Size([768, 256]): 
Initialized by user-defined `init_weights` in Mask2FormerHead  

decode_head.transformer_decoder.layers.3.self_attn.attn.in_proj_bias - torch.Size([768]): 
The value is the same before and after calling `init_weights` of EncoderDecoder  

decode_head.transformer_decoder.layers.3.self_attn.attn.out_proj.weight - torch.Size([256, 256]): 
Initialized by user-defined `init_weights` in Mask2FormerHead  

decode_head.transformer_decoder.layers.3.self_attn.attn.out_proj.bias - torch.Size([256]): 
The value is the same before and after calling `init_weights` of EncoderDecoder  

decode_head.transformer_decoder.layers.3.cross_attn.attn.in_proj_weight - torch.Size([768, 256]): 
Initialized by user-defined `init_weights` in Mask2FormerHead  

decode_head.transformer_decoder.layers.3.cross_attn.attn.in_proj_bias - torch.Size([768]): 
The value is the same before and after calling `init_weights` of EncoderDecoder  

decode_head.transformer_decoder.layers.3.cross_attn.attn.out_proj.weight - torch.Size([256, 256]): 
Initialized by user-defined `init_weights` in Mask2FormerHead  

decode_head.transformer_decoder.layers.3.cross_attn.attn.out_proj.bias - torch.Size([256]): 
The value is the same before and after calling `init_weights` of EncoderDecoder  

decode_head.transformer_decoder.layers.3.ffn.layers.0.0.weight - torch.Size([2048, 256]): 
Initialized by user-defined `init_weights` in Mask2FormerHead  

decode_head.transformer_decoder.layers.3.ffn.layers.0.0.bias - torch.Size([2048]): 
The value is the same before and after calling `init_weights` of EncoderDecoder  

decode_head.transformer_decoder.layers.3.ffn.layers.1.weight - torch.Size([256, 2048]): 
Initialized by user-defined `init_weights` in Mask2FormerHead  

decode_head.transformer_decoder.layers.3.ffn.layers.1.bias - torch.Size([256]): 
The value is the same before and after calling `init_weights` of EncoderDecoder  

decode_head.transformer_decoder.layers.3.norms.0.weight - torch.Size([256]): 
The value is the same before and after calling `init_weights` of EncoderDecoder  

decode_head.transformer_decoder.layers.3.norms.0.bias - torch.Size([256]): 
The value is the same before and after calling `init_weights` of EncoderDecoder  

decode_head.transformer_decoder.layers.3.norms.1.weight - torch.Size([256]): 
The value is the same before and after calling `init_weights` of EncoderDecoder  

decode_head.transformer_decoder.layers.3.norms.1.bias - torch.Size([256]): 
The value is the same before and after calling `init_weights` of EncoderDecoder  

decode_head.transformer_decoder.layers.3.norms.2.weight - torch.Size([256]): 
The value is the same before and after calling `init_weights` of EncoderDecoder  

decode_head.transformer_decoder.layers.3.norms.2.bias - torch.Size([256]): 
The value is the same before and after calling `init_weights` of EncoderDecoder  

decode_head.transformer_decoder.layers.4.self_attn.attn.in_proj_weight - torch.Size([768, 256]): 
Initialized by user-defined `init_weights` in Mask2FormerHead  

decode_head.transformer_decoder.layers.4.self_attn.attn.in_proj_bias - torch.Size([768]): 
The value is the same before and after calling `init_weights` of EncoderDecoder  

decode_head.transformer_decoder.layers.4.self_attn.attn.out_proj.weight - torch.Size([256, 256]): 
Initialized by user-defined `init_weights` in Mask2FormerHead  

decode_head.transformer_decoder.layers.4.self_attn.attn.out_proj.bias - torch.Size([256]): 
The value is the same before and after calling `init_weights` of EncoderDecoder  

decode_head.transformer_decoder.layers.4.cross_attn.attn.in_proj_weight - torch.Size([768, 256]): 
Initialized by user-defined `init_weights` in Mask2FormerHead  

decode_head.transformer_decoder.layers.4.cross_attn.attn.in_proj_bias - torch.Size([768]): 
The value is the same before and after calling `init_weights` of EncoderDecoder  

decode_head.transformer_decoder.layers.4.cross_attn.attn.out_proj.weight - torch.Size([256, 256]): 
Initialized by user-defined `init_weights` in Mask2FormerHead  

decode_head.transformer_decoder.layers.4.cross_attn.attn.out_proj.bias - torch.Size([256]): 
The value is the same before and after calling `init_weights` of EncoderDecoder  

decode_head.transformer_decoder.layers.4.ffn.layers.0.0.weight - torch.Size([2048, 256]): 
Initialized by user-defined `init_weights` in Mask2FormerHead  

decode_head.transformer_decoder.layers.4.ffn.layers.0.0.bias - torch.Size([2048]): 
The value is the same before and after calling `init_weights` of EncoderDecoder  

decode_head.transformer_decoder.layers.4.ffn.layers.1.weight - torch.Size([256, 2048]): 
Initialized by user-defined `init_weights` in Mask2FormerHead  

decode_head.transformer_decoder.layers.4.ffn.layers.1.bias - torch.Size([256]): 
The value is the same before and after calling `init_weights` of EncoderDecoder  

decode_head.transformer_decoder.layers.4.norms.0.weight - torch.Size([256]): 
The value is the same before and after calling `init_weights` of EncoderDecoder  

decode_head.transformer_decoder.layers.4.norms.0.bias - torch.Size([256]): 
The value is the same before and after calling `init_weights` of EncoderDecoder  

decode_head.transformer_decoder.layers.4.norms.1.weight - torch.Size([256]): 
The value is the same before and after calling `init_weights` of EncoderDecoder  

decode_head.transformer_decoder.layers.4.norms.1.bias - torch.Size([256]): 
The value is the same before and after calling `init_weights` of EncoderDecoder  

decode_head.transformer_decoder.layers.4.norms.2.weight - torch.Size([256]): 
The value is the same before and after calling `init_weights` of EncoderDecoder  

decode_head.transformer_decoder.layers.4.norms.2.bias - torch.Size([256]): 
The value is the same before and after calling `init_weights` of EncoderDecoder  

decode_head.transformer_decoder.layers.5.self_attn.attn.in_proj_weight - torch.Size([768, 256]): 
Initialized by user-defined `init_weights` in Mask2FormerHead  

decode_head.transformer_decoder.layers.5.self_attn.attn.in_proj_bias - torch.Size([768]): 
The value is the same before and after calling `init_weights` of EncoderDecoder  

decode_head.transformer_decoder.layers.5.self_attn.attn.out_proj.weight - torch.Size([256, 256]): 
Initialized by user-defined `init_weights` in Mask2FormerHead  

decode_head.transformer_decoder.layers.5.self_attn.attn.out_proj.bias - torch.Size([256]): 
The value is the same before and after calling `init_weights` of EncoderDecoder  

decode_head.transformer_decoder.layers.5.cross_attn.attn.in_proj_weight - torch.Size([768, 256]): 
Initialized by user-defined `init_weights` in Mask2FormerHead  

decode_head.transformer_decoder.layers.5.cross_attn.attn.in_proj_bias - torch.Size([768]): 
The value is the same before and after calling `init_weights` of EncoderDecoder  

decode_head.transformer_decoder.layers.5.cross_attn.attn.out_proj.weight - torch.Size([256, 256]): 
Initialized by user-defined `init_weights` in Mask2FormerHead  

decode_head.transformer_decoder.layers.5.cross_attn.attn.out_proj.bias - torch.Size([256]): 
The value is the same before and after calling `init_weights` of EncoderDecoder  

decode_head.transformer_decoder.layers.5.ffn.layers.0.0.weight - torch.Size([2048, 256]): 
Initialized by user-defined `init_weights` in Mask2FormerHead  

decode_head.transformer_decoder.layers.5.ffn.layers.0.0.bias - torch.Size([2048]): 
The value is the same before and after calling `init_weights` of EncoderDecoder  

decode_head.transformer_decoder.layers.5.ffn.layers.1.weight - torch.Size([256, 2048]): 
Initialized by user-defined `init_weights` in Mask2FormerHead  

decode_head.transformer_decoder.layers.5.ffn.layers.1.bias - torch.Size([256]): 
The value is the same before and after calling `init_weights` of EncoderDecoder  

decode_head.transformer_decoder.layers.5.norms.0.weight - torch.Size([256]): 
The value is the same before and after calling `init_weights` of EncoderDecoder  

decode_head.transformer_decoder.layers.5.norms.0.bias - torch.Size([256]): 
The value is the same before and after calling `init_weights` of EncoderDecoder  

decode_head.transformer_decoder.layers.5.norms.1.weight - torch.Size([256]): 
The value is the same before and after calling `init_weights` of EncoderDecoder  

decode_head.transformer_decoder.layers.5.norms.1.bias - torch.Size([256]): 
The value is the same before and after calling `init_weights` of EncoderDecoder  

decode_head.transformer_decoder.layers.5.norms.2.weight - torch.Size([256]): 
The value is the same before and after calling `init_weights` of EncoderDecoder  

decode_head.transformer_decoder.layers.5.norms.2.bias - torch.Size([256]): 
The value is the same before and after calling `init_weights` of EncoderDecoder  

decode_head.transformer_decoder.layers.6.self_attn.attn.in_proj_weight - torch.Size([768, 256]): 
Initialized by user-defined `init_weights` in Mask2FormerHead  

decode_head.transformer_decoder.layers.6.self_attn.attn.in_proj_bias - torch.Size([768]): 
The value is the same before and after calling `init_weights` of EncoderDecoder  

decode_head.transformer_decoder.layers.6.self_attn.attn.out_proj.weight - torch.Size([256, 256]): 
Initialized by user-defined `init_weights` in Mask2FormerHead  

decode_head.transformer_decoder.layers.6.self_attn.attn.out_proj.bias - torch.Size([256]): 
The value is the same before and after calling `init_weights` of EncoderDecoder  

decode_head.transformer_decoder.layers.6.cross_attn.attn.in_proj_weight - torch.Size([768, 256]): 
Initialized by user-defined `init_weights` in Mask2FormerHead  

decode_head.transformer_decoder.layers.6.cross_attn.attn.in_proj_bias - torch.Size([768]): 
The value is the same before and after calling `init_weights` of EncoderDecoder  

decode_head.transformer_decoder.layers.6.cross_attn.attn.out_proj.weight - torch.Size([256, 256]): 
Initialized by user-defined `init_weights` in Mask2FormerHead  

decode_head.transformer_decoder.layers.6.cross_attn.attn.out_proj.bias - torch.Size([256]): 
The value is the same before and after calling `init_weights` of EncoderDecoder  

decode_head.transformer_decoder.layers.6.ffn.layers.0.0.weight - torch.Size([2048, 256]): 
Initialized by user-defined `init_weights` in Mask2FormerHead  

decode_head.transformer_decoder.layers.6.ffn.layers.0.0.bias - torch.Size([2048]): 
The value is the same before and after calling `init_weights` of EncoderDecoder  

decode_head.transformer_decoder.layers.6.ffn.layers.1.weight - torch.Size([256, 2048]): 
Initialized by user-defined `init_weights` in Mask2FormerHead  

decode_head.transformer_decoder.layers.6.ffn.layers.1.bias - torch.Size([256]): 
The value is the same before and after calling `init_weights` of EncoderDecoder  

decode_head.transformer_decoder.layers.6.norms.0.weight - torch.Size([256]): 
The value is the same before and after calling `init_weights` of EncoderDecoder  

decode_head.transformer_decoder.layers.6.norms.0.bias - torch.Size([256]): 
The value is the same before and after calling `init_weights` of EncoderDecoder  

decode_head.transformer_decoder.layers.6.norms.1.weight - torch.Size([256]): 
The value is the same before and after calling `init_weights` of EncoderDecoder  

decode_head.transformer_decoder.layers.6.norms.1.bias - torch.Size([256]): 
The value is the same before and after calling `init_weights` of EncoderDecoder  

decode_head.transformer_decoder.layers.6.norms.2.weight - torch.Size([256]): 
The value is the same before and after calling `init_weights` of EncoderDecoder  

decode_head.transformer_decoder.layers.6.norms.2.bias - torch.Size([256]): 
The value is the same before and after calling `init_weights` of EncoderDecoder  

decode_head.transformer_decoder.layers.7.self_attn.attn.in_proj_weight - torch.Size([768, 256]): 
Initialized by user-defined `init_weights` in Mask2FormerHead  

decode_head.transformer_decoder.layers.7.self_attn.attn.in_proj_bias - torch.Size([768]): 
The value is the same before and after calling `init_weights` of EncoderDecoder  

decode_head.transformer_decoder.layers.7.self_attn.attn.out_proj.weight - torch.Size([256, 256]): 
Initialized by user-defined `init_weights` in Mask2FormerHead  

decode_head.transformer_decoder.layers.7.self_attn.attn.out_proj.bias - torch.Size([256]): 
The value is the same before and after calling `init_weights` of EncoderDecoder  

decode_head.transformer_decoder.layers.7.cross_attn.attn.in_proj_weight - torch.Size([768, 256]): 
Initialized by user-defined `init_weights` in Mask2FormerHead  

decode_head.transformer_decoder.layers.7.cross_attn.attn.in_proj_bias - torch.Size([768]): 
The value is the same before and after calling `init_weights` of EncoderDecoder  

decode_head.transformer_decoder.layers.7.cross_attn.attn.out_proj.weight - torch.Size([256, 256]): 
Initialized by user-defined `init_weights` in Mask2FormerHead  

decode_head.transformer_decoder.layers.7.cross_attn.attn.out_proj.bias - torch.Size([256]): 
The value is the same before and after calling `init_weights` of EncoderDecoder  

decode_head.transformer_decoder.layers.7.ffn.layers.0.0.weight - torch.Size([2048, 256]): 
Initialized by user-defined `init_weights` in Mask2FormerHead  

decode_head.transformer_decoder.layers.7.ffn.layers.0.0.bias - torch.Size([2048]): 
The value is the same before and after calling `init_weights` of EncoderDecoder  

decode_head.transformer_decoder.layers.7.ffn.layers.1.weight - torch.Size([256, 2048]): 
Initialized by user-defined `init_weights` in Mask2FormerHead  

decode_head.transformer_decoder.layers.7.ffn.layers.1.bias - torch.Size([256]): 
The value is the same before and after calling `init_weights` of EncoderDecoder  

decode_head.transformer_decoder.layers.7.norms.0.weight - torch.Size([256]): 
The value is the same before and after calling `init_weights` of EncoderDecoder  

decode_head.transformer_decoder.layers.7.norms.0.bias - torch.Size([256]): 
The value is the same before and after calling `init_weights` of EncoderDecoder  

decode_head.transformer_decoder.layers.7.norms.1.weight - torch.Size([256]): 
The value is the same before and after calling `init_weights` of EncoderDecoder  

decode_head.transformer_decoder.layers.7.norms.1.bias - torch.Size([256]): 
The value is the same before and after calling `init_weights` of EncoderDecoder  

decode_head.transformer_decoder.layers.7.norms.2.weight - torch.Size([256]): 
The value is the same before and after calling `init_weights` of EncoderDecoder  

decode_head.transformer_decoder.layers.7.norms.2.bias - torch.Size([256]): 
The value is the same before and after calling `init_weights` of EncoderDecoder  

decode_head.transformer_decoder.layers.8.self_attn.attn.in_proj_weight - torch.Size([768, 256]): 
Initialized by user-defined `init_weights` in Mask2FormerHead  

decode_head.transformer_decoder.layers.8.self_attn.attn.in_proj_bias - torch.Size([768]): 
The value is the same before and after calling `init_weights` of EncoderDecoder  

decode_head.transformer_decoder.layers.8.self_attn.attn.out_proj.weight - torch.Size([256, 256]): 
Initialized by user-defined `init_weights` in Mask2FormerHead  

decode_head.transformer_decoder.layers.8.self_attn.attn.out_proj.bias - torch.Size([256]): 
The value is the same before and after calling `init_weights` of EncoderDecoder  

decode_head.transformer_decoder.layers.8.cross_attn.attn.in_proj_weight - torch.Size([768, 256]): 
Initialized by user-defined `init_weights` in Mask2FormerHead  

decode_head.transformer_decoder.layers.8.cross_attn.attn.in_proj_bias - torch.Size([768]): 
The value is the same before and after calling `init_weights` of EncoderDecoder  

decode_head.transformer_decoder.layers.8.cross_attn.attn.out_proj.weight - torch.Size([256, 256]): 
Initialized by user-defined `init_weights` in Mask2FormerHead  

decode_head.transformer_decoder.layers.8.cross_attn.attn.out_proj.bias - torch.Size([256]): 
The value is the same before and after calling `init_weights` of EncoderDecoder  

decode_head.transformer_decoder.layers.8.ffn.layers.0.0.weight - torch.Size([2048, 256]): 
Initialized by user-defined `init_weights` in Mask2FormerHead  

decode_head.transformer_decoder.layers.8.ffn.layers.0.0.bias - torch.Size([2048]): 
The value is the same before and after calling `init_weights` of EncoderDecoder  

decode_head.transformer_decoder.layers.8.ffn.layers.1.weight - torch.Size([256, 2048]): 
Initialized by user-defined `init_weights` in Mask2FormerHead  

decode_head.transformer_decoder.layers.8.ffn.layers.1.bias - torch.Size([256]): 
The value is the same before and after calling `init_weights` of EncoderDecoder  

decode_head.transformer_decoder.layers.8.norms.0.weight - torch.Size([256]): 
The value is the same before and after calling `init_weights` of EncoderDecoder  

decode_head.transformer_decoder.layers.8.norms.0.bias - torch.Size([256]): 
The value is the same before and after calling `init_weights` of EncoderDecoder  

decode_head.transformer_decoder.layers.8.norms.1.weight - torch.Size([256]): 
The value is the same before and after calling `init_weights` of EncoderDecoder  

decode_head.transformer_decoder.layers.8.norms.1.bias - torch.Size([256]): 
The value is the same before and after calling `init_weights` of EncoderDecoder  

decode_head.transformer_decoder.layers.8.norms.2.weight - torch.Size([256]): 
The value is the same before and after calling `init_weights` of EncoderDecoder  

decode_head.transformer_decoder.layers.8.norms.2.bias - torch.Size([256]): 
The value is the same before and after calling `init_weights` of EncoderDecoder  

decode_head.transformer_decoder.post_norm.weight - torch.Size([256]): 
The value is the same before and after calling `init_weights` of EncoderDecoder  

decode_head.transformer_decoder.post_norm.bias - torch.Size([256]): 
The value is the same before and after calling `init_weights` of EncoderDecoder  

decode_head.query_embed.weight - torch.Size([100, 256]): 
The value is the same before and after calling `init_weights` of EncoderDecoder  

decode_head.query_feat.weight - torch.Size([100, 256]): 
The value is the same before and after calling `init_weights` of EncoderDecoder  

decode_head.level_embed.weight - torch.Size([3, 256]): 
The value is the same before and after calling `init_weights` of EncoderDecoder  

decode_head.cls_embed.weight - torch.Size([6, 256]): 
The value is the same before and after calling `init_weights` of EncoderDecoder  

decode_head.cls_embed.bias - torch.Size([6]): 
The value is the same before and after calling `init_weights` of EncoderDecoder  

decode_head.mask_embed.0.weight - torch.Size([256, 256]): 
The value is the same before and after calling `init_weights` of EncoderDecoder  

decode_head.mask_embed.0.bias - torch.Size([256]): 
The value is the same before and after calling `init_weights` of EncoderDecoder  

decode_head.mask_embed.2.weight - torch.Size([256, 256]): 
The value is the same before and after calling `init_weights` of EncoderDecoder  

decode_head.mask_embed.2.bias - torch.Size([256]): 
The value is the same before and after calling `init_weights` of EncoderDecoder  

decode_head.mask_embed.4.weight - torch.Size([256, 256]): 
The value is the same before and after calling `init_weights` of EncoderDecoder  

decode_head.mask_embed.4.bias - torch.Size([256]): 
The value is the same before and after calling `init_weights` of EncoderDecoder  
2026/08/03 14:30:22 - mmengine - WARNING - "FileClient" will be deprecated in future. Please use io functions in https://mmengine.readthedocs.io/en/latest/api/fileio.html#file-io
2026/08/03 14:30:22 - mmengine - WARNING - "HardDiskBackend" is the alias of "LocalBackend" and the former will be deprecated in future.
2026/08/03 14:30:22 - mmengine - INFO - Checkpoints will be saved to /mnt/qh2-nas3/00-model/00-fb/fusion_potsdam/work_dirs/dinov3_m2f_gram_4999_v2.
2026/08/03 14:32:36 - mmengine - INFO - Iter(train) [  100/40000]  base_lr: 6.7956e-07 lr: 6.7956e-07  eta: 14:49:18  time: 1.1126  data_time: 0.0229  memory: 23413  grad_norm: 162.2689  loss: 81.0770  decode.loss_cls: 1.0813  decode.loss_mask: 2.8761  decode.loss_dice: 3.8428  decode.d0.loss_cls: 1.7989  decode.d0.loss_mask: 2.5507  decode.d0.loss_dice: 3.5336  decode.d1.loss_cls: 1.4114  decode.d1.loss_mask: 2.5628  decode.d1.loss_dice: 3.5933  decode.d2.loss_cls: 1.5483  decode.d2.loss_mask: 2.6285  decode.d2.loss_dice: 3.6826  decode.d3.loss_cls: 1.5913  decode.d3.loss_mask: 2.6115  decode.d3.loss_dice: 3.7615  decode.d4.loss_cls: 1.8158  decode.d4.loss_mask: 2.7829  decode.d4.loss_dice: 3.7086  decode.d5.loss_cls: 1.5712  decode.d5.loss_mask: 2.7929  decode.d5.loss_dice: 3.7627  decode.d6.loss_cls: 1.7680  decode.d6.loss_mask: 2.9439  decode.d6.loss_dice: 3.7585  decode.d7.loss_cls: 2.0140  decode.d7.loss_mask: 2.6869  decode.d7.loss_dice: 3.9032  decode.d8.loss_cls: 1.7657  decode.d8.loss_mask: 2.9065  decode.d8.loss_dice: 3.8217
2026/08/03 14:34:29 - mmengine - INFO - Iter(train) [  200/40000]  base_lr: 1.3458e-06 lr: 1.3458e-06  eta: 13:36:57  time: 1.1423  data_time: 0.0218  memory: 16845  grad_norm: 47.4042  loss: 66.8013  decode.loss_cls: 0.2676  decode.loss_mask: 2.5956  decode.loss_dice: 3.8549  decode.d0.loss_cls: 1.7934  decode.d0.loss_mask: 2.3187  decode.d0.loss_dice: 3.6032  decode.d1.loss_cls: 0.6859  decode.d1.loss_mask: 2.3468  decode.d1.loss_dice: 3.5887  decode.d2.loss_cls: 0.4024  decode.d2.loss_mask: 2.3706  decode.d2.loss_dice: 3.6421  decode.d3.loss_cls: 0.3187  decode.d3.loss_mask: 2.3523  decode.d3.loss_dice: 3.7097  decode.d4.loss_cls: 0.3014  decode.d4.loss_mask: 2.3495  decode.d4.loss_dice: 3.7317  decode.d5.loss_cls: 0.2641  decode.d5.loss_mask: 2.4973  decode.d5.loss_dice: 3.7481  decode.d6.loss_cls: 0.2677  decode.d6.loss_mask: 2.5081  decode.d6.loss_dice: 3.8039  decode.d7.loss_cls: 0.2827  decode.d7.loss_mask: 2.5350  decode.d7.loss_dice: 3.8768  decode.d8.loss_cls: 0.2865  decode.d8.loss_mask: 2.6290  decode.d8.loss_dice: 3.8688
2026/08/03 14:36:21 - mmengine - INFO - Iter(train) [  300/40000]  base_lr: 2.0120e-06 lr: 2.0120e-06  eta: 13:11:37  time: 1.1283  data_time: 0.0227  memory: 16812  grad_norm: 65.8650  loss: 64.1086  decode.loss_cls: 0.2380  decode.loss_mask: 2.5468  decode.loss_dice: 3.5586  decode.d0.loss_cls: 1.7965  decode.d0.loss_mask: 2.4911  decode.d0.loss_dice: 3.3569  decode.d1.loss_cls: 0.4460  decode.d1.loss_mask: 2.4715  decode.d1.loss_dice: 3.3636  decode.d2.loss_cls: 0.2768  decode.d2.loss_mask: 2.4789  decode.d2.loss_dice: 3.4129  decode.d3.loss_cls: 0.2492  decode.d3.loss_mask: 2.5062  decode.d3.loss_dice: 3.5015  decode.d4.loss_cls: 0.2465  decode.d4.loss_mask: 2.4608  decode.d4.loss_dice: 3.4631  decode.d5.loss_cls: 0.2332  decode.d5.loss_mask: 2.4967  decode.d5.loss_dice: 3.5364  decode.d6.loss_cls: 0.2355  decode.d6.loss_mask: 2.5040  decode.d6.loss_dice: 3.5427  decode.d7.loss_cls: 0.2413  decode.d7.loss_mask: 2.5290  decode.d7.loss_dice: 3.5770  decode.d8.loss_cls: 0.2423  decode.d8.loss_mask: 2.5471  decode.d8.loss_dice: 3.5584
2026/08/03 14:38:13 - mmengine - INFO - Iter(train) [  400/40000]  base_lr: 2.6782e-06 lr: 2.6782e-06  eta: 12:57:04  time: 1.1232  data_time: 0.0227  memory: 16845  grad_norm: 80.0286  loss: 60.0794  decode.loss_cls: 0.2573  decode.loss_mask: 2.4634  decode.loss_dice: 3.2883  decode.d0.loss_cls: 1.7973  decode.d0.loss_mask: 2.4109  decode.d0.loss_dice: 3.1491  decode.d1.loss_cls: 0.3613  decode.d1.loss_mask: 2.3764  decode.d1.loss_dice: 3.1352  decode.d2.loss_cls: 0.2645  decode.d2.loss_mask: 2.3843  decode.d2.loss_dice: 3.1685  decode.d3.loss_cls: 0.2604  decode.d3.loss_mask: 2.3978  decode.d3.loss_dice: 3.1690  decode.d4.loss_cls: 0.2668  decode.d4.loss_mask: 2.3956  decode.d4.loss_dice: 3.1228  decode.d5.loss_cls: 0.2593  decode.d5.loss_mask: 2.3792  decode.d5.loss_dice: 3.1276  decode.d6.loss_cls: 0.2602  decode.d6.loss_mask: 2.4166  decode.d6.loss_dice: 3.1573  decode.d7.loss_cls: 0.2679  decode.d7.loss_mask: 2.4127  decode.d7.loss_dice: 3.2102  decode.d8.loss_cls: 0.2692  decode.d8.loss_mask: 2.4190  decode.d8.loss_dice: 3.2313
2026/08/03 14:38:49 - mmengine - INFO - Exp name: dinov3_m2f_gram_4999_v2_20260803_142922
2026/08/03 14:38:49 - mmengine - WARNING - Reach the end of the dataloader, it will be restarted and continue to iterate. It is recommended to use `mmengine.dataset.InfiniteSampler` to enable the dataloader to iterate infinitely.
2026/08/03 14:40:08 - mmengine - INFO - Iter(train) [  500/40000]  base_lr: 3.3444e-06 lr: 3.3444e-06  eta: 12:51:19  time: 1.1208  data_time: 0.0227  memory: 16845  grad_norm: 85.8926  loss: 55.7083  decode.loss_cls: 0.2485  decode.loss_mask: 2.2697  decode.loss_dice: 2.8706  decode.d0.loss_cls: 1.7927  decode.d0.loss_mask: 2.3561  decode.d0.loss_dice: 3.0225  decode.d1.loss_cls: 0.3145  decode.d1.loss_mask: 2.2963  decode.d1.loss_dice: 2.9135  decode.d2.loss_cls: 0.2466  decode.d2.loss_mask: 2.3206  decode.d2.loss_dice: 2.9413  decode.d3.loss_cls: 0.2453  decode.d3.loss_mask: 2.3103  decode.d3.loss_dice: 2.9070  decode.d4.loss_cls: 0.2525  decode.d4.loss_mask: 2.2511  decode.d4.loss_dice: 2.8199  decode.d5.loss_cls: 0.2446  decode.d5.loss_mask: 2.2526  decode.d5.loss_dice: 2.8272  decode.d6.loss_cls: 0.2533  decode.d6.loss_mask: 2.2508  decode.d6.loss_dice: 2.8133  decode.d7.loss_cls: 0.2570  decode.d7.loss_mask: 2.2651  decode.d7.loss_dice: 2.8231  decode.d8.loss_cls: 0.2535  decode.d8.loss_mask: 2.2519  decode.d8.loss_dice: 2.8368
2026/08/03 14:42:01 - mmengine - INFO - Iter(train) [  600/40000]  base_lr: 4.0107e-06 lr: 4.0107e-06  eta: 12:44:05  time: 1.1323  data_time: 0.0230  memory: 16845  grad_norm: 125.5113  loss: 49.2536  decode.loss_cls: 0.2492  decode.loss_mask: 1.9442  decode.loss_dice: 2.5623  decode.d0.loss_cls: 1.7916  decode.d0.loss_mask: 2.0505  decode.d0.loss_dice: 2.8199  decode.d1.loss_cls: 0.2859  decode.d1.loss_mask: 1.9707  decode.d1.loss_dice: 2.6514  decode.d2.loss_cls: 0.2396  decode.d2.loss_mask: 1.9285  decode.d2.loss_dice: 2.6003  decode.d3.loss_cls: 0.2358  decode.d3.loss_mask: 1.9233  decode.d3.loss_dice: 2.6434  decode.d4.loss_cls: 0.2477  decode.d4.loss_mask: 1.9002  decode.d4.loss_dice: 2.5526  decode.d5.loss_cls: 0.2415  decode.d5.loss_mask: 1.8983  decode.d5.loss_dice: 2.5697  decode.d6.loss_cls: 0.2432  decode.d6.loss_mask: 1.8966  decode.d6.loss_dice: 2.4897  decode.d7.loss_cls: 0.2479  decode.d7.loss_mask: 1.8954  decode.d7.loss_dice: 2.5037  decode.d8.loss_cls: 0.2495  decode.d8.loss_mask: 1.8948  decode.d8.loss_dice: 2.5263
2026/08/03 14:43:54 - mmengine - INFO - Iter(train) [  700/40000]  base_lr: 4.6769e-06 lr: 4.6769e-06  eta: 12:39:25  time: 1.1323  data_time: 0.0221  memory: 16826  grad_norm: 96.0809  loss: 40.2879  decode.loss_cls: 0.2327  decode.loss_mask: 1.5435  decode.loss_dice: 2.0045  decode.d0.loss_cls: 1.7898  decode.d0.loss_mask: 1.7695  decode.d0.loss_dice: 2.4101  decode.d1.loss_cls: 0.2697  decode.d1.loss_mask: 1.6673  decode.d1.loss_dice: 2.2313  decode.d2.loss_cls: 0.2344  decode.d2.loss_mask: 1.5668  decode.d2.loss_dice: 2.0828  decode.d3.loss_cls: 0.2235  decode.d3.loss_mask: 1.5669  decode.d3.loss_dice: 2.0884  decode.d4.loss_cls: 0.2312  decode.d4.loss_mask: 1.5364  decode.d4.loss_dice: 1.9813  decode.d5.loss_cls: 0.2253  decode.d5.loss_mask: 1.5329  decode.d5.loss_dice: 1.9866  decode.d6.loss_cls: 0.2286  decode.d6.loss_mask: 1.5358  decode.d6.loss_dice: 1.9453  decode.d7.loss_cls: 0.2310  decode.d7.loss_mask: 1.5127  decode.d7.loss_dice: 1.9445  decode.d8.loss_cls: 0.2358  decode.d8.loss_mask: 1.5361  decode.d8.loss_dice: 1.9431
2026/08/03 14:45:46 - mmengine - INFO - Iter(train) [  800/40000]  base_lr: 5.3431e-06 lr: 5.3431e-06  eta: 12:34:21  time: 1.1246  data_time: 0.0234  memory: 16828  grad_norm: 113.8823  loss: 37.9155  decode.loss_cls: 0.2095  decode.loss_mask: 1.5754  decode.loss_dice: 1.7847  decode.d0.loss_cls: 1.7940  decode.d0.loss_mask: 1.7601  decode.d0.loss_dice: 2.1722  decode.d1.loss_cls: 0.2461  decode.d1.loss_mask: 1.6549  decode.d1.loss_dice: 1.9203  decode.d2.loss_cls: 0.2104  decode.d2.loss_mask: 1.5979  decode.d2.loss_dice: 1.8251  decode.d3.loss_cls: 0.2014  decode.d3.loss_mask: 1.6015  decode.d3.loss_dice: 1.8451  decode.d4.loss_cls: 0.2072  decode.d4.loss_mask: 1.5626  decode.d4.loss_dice: 1.7555  decode.d5.loss_cls: 0.2011  decode.d5.loss_mask: 1.5534  decode.d5.loss_dice: 1.7489  decode.d6.loss_cls: 0.2036  decode.d6.loss_mask: 1.5549  decode.d6.loss_dice: 1.7325  decode.d7.loss_cls: 0.2029  decode.d7.loss_mask: 1.5599  decode.d7.loss_dice: 1.7204  decode.d8.loss_cls: 0.2068  decode.d8.loss_mask: 1.5694  decode.d8.loss_dice: 1.7378
2026/08/03 14:47:41 - mmengine - INFO - Iter(train) [  900/40000]  base_lr: 6.0093e-06 lr: 6.0093e-06  eta: 12:31:52  time: 1.1255  data_time: 0.0226  memory: 16845  grad_norm: 132.1220  loss: 40.4275  decode.loss_cls: 0.1984  decode.loss_mask: 1.7035  decode.loss_dice: 1.8451  decode.d0.loss_cls: 1.7805  decode.d0.loss_mask: 1.9382  decode.d0.loss_dice: 2.2642  decode.d1.loss_cls: 0.2235  decode.d1.loss_mask: 1.8112  decode.d1.loss_dice: 2.0597  decode.d2.loss_cls: 0.2001  decode.d2.loss_mask: 1.7490  decode.d2.loss_dice: 1.9434  decode.d3.loss_cls: 0.1903  decode.d3.loss_mask: 1.7364  decode.d3.loss_dice: 1.9355  decode.d4.loss_cls: 0.1956  decode.d4.loss_mask: 1.7303  decode.d4.loss_dice: 1.8915  decode.d5.loss_cls: 0.1938  decode.d5.loss_mask: 1.7169  decode.d5.loss_dice: 1.8925  decode.d6.loss_cls: 0.1951  decode.d6.loss_mask: 1.7305  decode.d6.loss_dice: 1.8503  decode.d7.loss_cls: 0.1954  decode.d7.loss_mask: 1.6937  decode.d7.loss_dice: 1.8202  decode.d8.loss_cls: 0.1934  decode.d8.loss_mask: 1.7125  decode.d8.loss_dice: 1.8367
2026/08/03 14:49:34 - mmengine - INFO - Exp name: dinov3_m2f_gram_4999_v2_20260803_142922
2026/08/03 14:49:34 - mmengine - INFO - Iter(train) [ 1000/40000]  base_lr: 6.6756e-06 lr: 6.6756e-06  eta: 12:28:29  time: 1.1217  data_time: 0.0218  memory: 16845  grad_norm: 94.0246  loss: 35.6564  decode.loss_cls: 0.2218  decode.loss_mask: 1.5560  decode.loss_dice: 1.5615  decode.d0.loss_cls: 1.7642  decode.d0.loss_mask: 1.6889  decode.d0.loss_dice: 1.9933  decode.d1.loss_cls: 0.2418  decode.d1.loss_mask: 1.6027  decode.d1.loss_dice: 1.7138  decode.d2.loss_cls: 0.2247  decode.d2.loss_mask: 1.5720  decode.d2.loss_dice: 1.6003  decode.d3.loss_cls: 0.2084  decode.d3.loss_mask: 1.5782  decode.d3.loss_dice: 1.5740  decode.d4.loss_cls: 0.2130  decode.d4.loss_mask: 1.5874  decode.d4.loss_dice: 1.5346  decode.d5.loss_cls: 0.2117  decode.d5.loss_mask: 1.5766  decode.d5.loss_dice: 1.5334  decode.d6.loss_cls: 0.2110  decode.d6.loss_mask: 1.5584  decode.d6.loss_dice: 1.5279  decode.d7.loss_cls: 0.2136  decode.d7.loss_mask: 1.5600  decode.d7.loss_dice: 1.5190  decode.d8.loss_cls: 0.2129  decode.d8.loss_mask: 1.5629  decode.d8.loss_dice: 1.5325
2026/08/03 14:51:26 - mmengine - INFO - Iter(train) [ 1100/40000]  base_lr: 7.3418e-06 lr: 7.3418e-06  eta: 12:24:58  time: 1.1169  data_time: 0.0226  memory: 16838  grad_norm: 92.7577  loss: 32.2034  decode.loss_cls: 0.1862  decode.loss_mask: 1.3008  decode.loss_dice: 1.5092  decode.d0.loss_cls: 1.7549  decode.d0.loss_mask: 1.4524  decode.d0.loss_dice: 1.9369  decode.d1.loss_cls: 0.2126  decode.d1.loss_mask: 1.3168  decode.d1.loss_dice: 1.6148  decode.d2.loss_cls: 0.1929  decode.d2.loss_mask: 1.3036  decode.d2.loss_dice: 1.5442  decode.d3.loss_cls: 0.1778  decode.d3.loss_mask: 1.3049  decode.d3.loss_dice: 1.5184  decode.d4.loss_cls: 0.1821  decode.d4.loss_mask: 1.3210  decode.d4.loss_dice: 1.4861  decode.d5.loss_cls: 0.1794  decode.d5.loss_mask: 1.3163  decode.d5.loss_dice: 1.4892  decode.d6.loss_cls: 0.1759  decode.d6.loss_mask: 1.2942  decode.d6.loss_dice: 1.4818  decode.d7.loss_cls: 0.1764  decode.d7.loss_mask: 1.3116  decode.d7.loss_dice: 1.4848  decode.d8.loss_cls: 0.1790  decode.d8.loss_mask: 1.3134  decode.d8.loss_dice: 1.4858
2026/08/03 14:53:18 - mmengine - INFO - Iter(train) [ 1200/40000]  base_lr: 8.0080e-06 lr: 8.0080e-06  eta: 12:21:26  time: 1.1102  data_time: 0.0238  memory: 16828  grad_norm: 161.8528  loss: 32.5977  decode.loss_cls: 0.1637  decode.loss_mask: 1.3921  decode.loss_dice: 1.4712  decode.d0.loss_cls: 1.7486  decode.d0.loss_mask: 1.5460  decode.d0.loss_dice: 1.8434  decode.d1.loss_cls: 0.1870  decode.d1.loss_mask: 1.4352  decode.d1.loss_dice: 1.5869  decode.d2.loss_cls: 0.1677  decode.d2.loss_mask: 1.3938  decode.d2.loss_dice: 1.4679  decode.d3.loss_cls: 0.1556  decode.d3.loss_mask: 1.4169  decode.d3.loss_dice: 1.4865  decode.d4.loss_cls: 0.1567  decode.d4.loss_mask: 1.4233  decode.d4.loss_dice: 1.4478  decode.d5.loss_cls: 0.1566  decode.d5.loss_mask: 1.4164  decode.d5.loss_dice: 1.4612  decode.d6.loss_cls: 0.1563  decode.d6.loss_mask: 1.4086  decode.d6.loss_dice: 1.4565  decode.d7.loss_cls: 0.1574  decode.d7.loss_mask: 1.3990  decode.d7.loss_dice: 1.4418  decode.d8.loss_cls: 0.1571  decode.d8.loss_mask: 1.4146  decode.d8.loss_dice: 1.4818
2026/08/03 14:55:13 - mmengine - INFO - Iter(train) [ 1300/40000]  base_lr: 8.6742e-06 lr: 8.6742e-06  eta: 12:19:36  time: 1.4081  data_time: 0.3198  memory: 16845  grad_norm: 117.5127  loss: 29.9253  decode.loss_cls: 0.1527  decode.loss_mask: 1.3258  decode.loss_dice: 1.2201  decode.d0.loss_cls: 1.7339  decode.d0.loss_mask: 1.5125  decode.d0.loss_dice: 1.6490  decode.d1.loss_cls: 0.1815  decode.d1.loss_mask: 1.3648  decode.d1.loss_dice: 1.3964  decode.d2.loss_cls: 0.1635  decode.d2.loss_mask: 1.3482  decode.d2.loss_dice: 1.2838  decode.d3.loss_cls: 0.1481  decode.d3.loss_mask: 1.3558  decode.d3.loss_dice: 1.2637  decode.d4.loss_cls: 0.1492  decode.d4.loss_mask: 1.3688  decode.d4.loss_dice: 1.2430  decode.d5.loss_cls: 0.1459  decode.d5.loss_mask: 1.3768  decode.d5.loss_dice: 1.2697  decode.d6.loss_cls: 0.1452  decode.d6.loss_mask: 1.3573  decode.d6.loss_dice: 1.2604  decode.d7.loss_cls: 0.1459  decode.d7.loss_mask: 1.3485  decode.d7.loss_dice: 1.2597  decode.d8.loss_cls: 0.1453  decode.d8.loss_mask: 1.3487  decode.d8.loss_dice: 1.2610
2026/08/03 14:57:06 - mmengine - INFO - Iter(train) [ 1400/40000]  base_lr: 9.3404e-06 lr: 9.3404e-06  eta: 12:16:43  time: 1.1240  data_time: 0.0233  memory: 16829  grad_norm: 70.6394  loss: 31.6778  decode.loss_cls: 0.1716  decode.loss_mask: 1.4074  decode.loss_dice: 1.3721  decode.d0.loss_cls: 1.7108  decode.d0.loss_mask: 1.5030  decode.d0.loss_dice: 1.6823  decode.d1.loss_cls: 0.2023  decode.d1.loss_mask: 1.4219  decode.d1.loss_dice: 1.4563  decode.d2.loss_cls: 0.1813  decode.d2.loss_mask: 1.4060  decode.d2.loss_dice: 1.3933  decode.d3.loss_cls: 0.1627  decode.d3.loss_mask: 1.4236  decode.d3.loss_dice: 1.3937  decode.d4.loss_cls: 0.1605  decode.d4.loss_mask: 1.4299  decode.d4.loss_dice: 1.3657  decode.d5.loss_cls: 0.1597  decode.d5.loss_mask: 1.4283  decode.d5.loss_dice: 1.3575  decode.d6.loss_cls: 0.1596  decode.d6.loss_mask: 1.4241  decode.d6.loss_dice: 1.3652  decode.d7.loss_cls: 0.1580  decode.d7.loss_mask: 1.4427  decode.d7.loss_dice: 1.3796  decode.d8.loss_cls: 0.1606  decode.d8.loss_mask: 1.4152  decode.d8.loss_dice: 1.3826
2026/08/03 14:58:59 - mmengine - INFO - Iter(train) [ 1500/40000]  base_lr: 1.0007e-05 lr: 1.0007e-05  eta: 12:14:12  time: 1.1187  data_time: 0.0236  memory: 16845  grad_norm: 94.8561  loss: 31.6410  decode.loss_cls: 0.1485  decode.loss_mask: 1.4182  decode.loss_dice: 1.3486  decode.d0.loss_cls: 1.6953  decode.d0.loss_mask: 1.5506  decode.d0.loss_dice: 1.6712  decode.d1.loss_cls: 0.1833  decode.d1.loss_mask: 1.4513  decode.d1.loss_dice: 1.4520  decode.d2.loss_cls: 0.1570  decode.d2.loss_mask: 1.4509  decode.d2.loss_dice: 1.3817  decode.d3.loss_cls: 0.1410  decode.d3.loss_mask: 1.4312  decode.d3.loss_dice: 1.3654  decode.d4.loss_cls: 0.1412  decode.d4.loss_mask: 1.4796  decode.d4.loss_dice: 1.3720  decode.d5.loss_cls: 0.1388  decode.d5.loss_mask: 1.4544  decode.d5.loss_dice: 1.3775  decode.d6.loss_cls: 0.1397  decode.d6.loss_mask: 1.4455  decode.d6.loss_dice: 1.3651  decode.d7.loss_cls: 0.1347  decode.d7.loss_mask: 1.4365  decode.d7.loss_dice: 1.3680  decode.d8.loss_cls: 0.1357  decode.d8.loss_mask: 1.4399  decode.d8.loss_dice: 1.3661
2026/08/03 15:00:51 - mmengine - INFO - Iter(train) [ 1600/40000]  base_lr: 1.0673e-05 lr: 1.0673e-05  eta: 12:11:28  time: 1.1203  data_time: 0.0234  memory: 16812  grad_norm: 95.7347  loss: 31.0499  decode.loss_cls: 0.1560  decode.loss_mask: 1.4402  decode.loss_dice: 1.2742  decode.d0.loss_cls: 1.6785  decode.d0.loss_mask: 1.6011  decode.d0.loss_dice: 1.6895  decode.d1.loss_cls: 0.1823  decode.d1.loss_mask: 1.4631  decode.d1.loss_dice: 1.4135  decode.d2.loss_cls: 0.1679  decode.d2.loss_mask: 1.4427  decode.d2.loss_dice: 1.3063  decode.d3.loss_cls: 0.1487  decode.d3.loss_mask: 1.4279  decode.d3.loss_dice: 1.3033  decode.d4.loss_cls: 0.1460  decode.d4.loss_mask: 1.4631  decode.d4.loss_dice: 1.2803  decode.d5.loss_cls: 0.1502  decode.d5.loss_mask: 1.4408  decode.d5.loss_dice: 1.2843  decode.d6.loss_cls: 0.1512  decode.d6.loss_mask: 1.4449  decode.d6.loss_dice: 1.2709  decode.d7.loss_cls: 0.1468  decode.d7.loss_mask: 1.4404  decode.d7.loss_dice: 1.2770  decode.d8.loss_cls: 0.1486  decode.d8.loss_mask: 1.4474  decode.d8.loss_dice: 1.2630
2026/08/03 15:02:44 - mmengine - INFO - Iter(train) [ 1700/40000]  base_lr: 1.1339e-05 lr: 1.1339e-05  eta: 12:08:52  time: 1.1225  data_time: 0.0227  memory: 16845  grad_norm: 90.6861  loss: 32.3747  decode.loss_cls: 0.1458  decode.loss_mask: 1.4925  decode.loss_dice: 1.3791  decode.d0.loss_cls: 1.6556  decode.d0.loss_mask: 1.5780  decode.d0.loss_dice: 1.6397  decode.d1.loss_cls: 0.1851  decode.d1.loss_mask: 1.4775  decode.d1.loss_dice: 1.4444  decode.d2.loss_cls: 0.1560  decode.d2.loss_mask: 1.5032  decode.d2.loss_dice: 1.4178  decode.d3.loss_cls: 0.1403  decode.d3.loss_mask: 1.5169  decode.d3.loss_dice: 1.4158  decode.d4.loss_cls: 0.1386  decode.d4.loss_mask: 1.5138  decode.d4.loss_dice: 1.4017  decode.d5.loss_cls: 0.1413  decode.d5.loss_mask: 1.4881  decode.d5.loss_dice: 1.3988  decode.d6.loss_cls: 0.1401  decode.d6.loss_mask: 1.4983  decode.d6.loss_dice: 1.4059  decode.d7.loss_cls: 0.1326  decode.d7.loss_mask: 1.5034  decode.d7.loss_dice: 1.4354  decode.d8.loss_cls: 0.1371  decode.d8.loss_mask: 1.5066  decode.d8.loss_dice: 1.3852
2026/08/03 15:04:39 - mmengine - INFO - Iter(train) [ 1800/40000]  base_lr: 1.2005e-05 lr: 1.2005e-05  eta: 12:07:24  time: 1.1288  data_time: 0.0225  memory: 16845  grad_norm: 80.2057  loss: 30.7667  decode.loss_cls: 0.1329  decode.loss_mask: 1.4616  decode.loss_dice: 1.2834  decode.d0.loss_cls: 1.6382  decode.d0.loss_mask: 1.5399  decode.d0.loss_dice: 1.5225  decode.d1.loss_cls: 0.1712  decode.d1.loss_mask: 1.4649  decode.d1.loss_dice: 1.3054  decode.d2.loss_cls: 0.1471  decode.d2.loss_mask: 1.4744  decode.d2.loss_dice: 1.2572  decode.d3.loss_cls: 0.1274  decode.d3.loss_mask: 1.4737  decode.d3.loss_dice: 1.2859  decode.d4.loss_cls: 0.1241  decode.d4.loss_mask: 1.4984  decode.d4.loss_dice: 1.2779  decode.d5.loss_cls: 0.1254  decode.d5.loss_mask: 1.4827  decode.d5.loss_dice: 1.2794  decode.d6.loss_cls: 0.1247  decode.d6.loss_mask: 1.4797  decode.d6.loss_dice: 1.2793  decode.d7.loss_cls: 0.1185  decode.d7.loss_mask: 1.4749  decode.d7.loss_dice: 1.3014  decode.d8.loss_cls: 0.1220  decode.d8.loss_mask: 1.4819  decode.d8.loss_dice: 1.3105
2026/08/03 15:06:32 - mmengine - INFO - Iter(train) [ 1900/40000]  base_lr: 1.2672e-05 lr: 1.2672e-05  eta: 12:04:57  time: 1.1173  data_time: 0.0223  memory: 16845  grad_norm: 98.8197  loss: 32.5653  decode.loss_cls: 0.1378  decode.loss_mask: 1.4409  decode.loss_dice: 1.4404  decode.d0.loss_cls: 1.6170  decode.d0.loss_mask: 1.5475  decode.d0.loss_dice: 1.7740  decode.d1.loss_cls: 0.1691  decode.d1.loss_mask: 1.4302  decode.d1.loss_dice: 1.5383  decode.d2.loss_cls: 0.1463  decode.d2.loss_mask: 1.4364  decode.d2.loss_dice: 1.4936  decode.d3.loss_cls: 0.1332  decode.d3.loss_mask: 1.4479  decode.d3.loss_dice: 1.4808  decode.d4.loss_cls: 0.1318  decode.d4.loss_mask: 1.4691  decode.d4.loss_dice: 1.4773  decode.d5.loss_cls: 0.1344  decode.d5.loss_mask: 1.4906  decode.d5.loss_dice: 1.4667  decode.d6.loss_cls: 0.1350  decode.d6.loss_mask: 1.4663  decode.d6.loss_dice: 1.4407  decode.d7.loss_cls: 0.1324  decode.d7.loss_mask: 1.4629  decode.d7.loss_dice: 1.4549  decode.d8.loss_cls: 0.1297  decode.d8.loss_mask: 1.4782  decode.d8.loss_dice: 1.4621
2026/08/03 15:08:23 - mmengine - INFO - Exp name: dinov3_m2f_gram_4999_v2_20260803_142922
2026/08/03 15:08:23 - mmengine - INFO - Iter(train) [ 2000/40000]  base_lr: 1.3338e-05 lr: 1.3338e-05  eta: 12:02:18  time: 1.1194  data_time: 0.0232  memory: 16826  grad_norm: 100.6786  loss: 28.2588  decode.loss_cls: 0.1138  decode.loss_mask: 1.2790  decode.loss_dice: 1.2724  decode.d0.loss_cls: 1.5941  decode.d0.loss_mask: 1.3415  decode.d0.loss_dice: 1.4954  decode.d1.loss_cls: 0.1473  decode.d1.loss_mask: 1.2579  decode.d1.loss_dice: 1.3404  decode.d2.loss_cls: 0.1253  decode.d2.loss_mask: 1.2578  decode.d2.loss_dice: 1.2474  decode.d3.loss_cls: 0.1111  decode.d3.loss_mask: 1.2637  decode.d3.loss_dice: 1.2630  decode.d4.loss_cls: 0.1086  decode.d4.loss_mask: 1.2688  decode.d4.loss_dice: 1.2441  decode.d5.loss_cls: 0.1080  decode.d5.loss_mask: 1.2612  decode.d5.loss_dice: 1.2414  decode.d6.loss_cls: 0.1086  decode.d6.loss_mask: 1.2639  decode.d6.loss_dice: 1.2474  decode.d7.loss_cls: 0.1072  decode.d7.loss_mask: 1.2879  decode.d7.loss_dice: 1.2745  decode.d8.loss_cls: 0.1104  decode.d8.loss_mask: 1.2731  decode.d8.loss_dice: 1.2433
2026/08/03 15:08:24 - mmengine - INFO - Saving checkpoint at 2000 iterations
2026/08/03 15:09:35 - mmengine - INFO - Iter(val) [100/252]    eta: 0:01:03  time: 0.4061  data_time: 0.0143  memory: 4705  
2026/08/03 15:10:15 - mmengine - INFO - Iter(val) [200/252]    eta: 0:00:21  time: 0.4049  data_time: 0.0131  memory: 4705  
2026/08/03 15:10:40 - mmengine - INFO - per class results:
2026/08/03 15:10:40 - mmengine - INFO - 
+--------------------+-------+-------+--------+-----------+--------+
|       Class        |  IoU  |  Acc  | Fscore | Precision | Recall |
+--------------------+-------+-------+--------+-----------+--------+
| impervious_surface | 82.76 | 92.33 | 90.57  |   88.87   | 92.33  |
|      building      | 74.41 | 99.18 | 85.33  |   74.87   | 99.18  |
|   low_vegetation   | 65.24 | 73.19 | 78.96  |   85.72   | 73.19  |
|        tree        |  78.8 | 83.82 | 88.14  |   92.94   | 83.82  |
|        car         | 87.96 | 92.85 | 93.59  |   94.35   | 92.85  |
+--------------------+-------+-------+--------+-----------+--------+
2026/08/03 15:10:40 - mmengine - INFO - Iter(val) [252/252]    aAcc: 85.5400  mIoU: 77.8300  mAcc: 88.2700  mFscore: 87.3200  mPrecision: 87.3500  mRecall: 88.2700  data_time: 0.0190  time: 0.4110
2026/08/03 15:10:56 - mmengine - INFO - The best checkpoint with 77.8300 mIoU at 2000 iter is saved to best_mIoU_iter_2000.pth.
2026/08/03 15:13:15 - mmengine - INFO - Iter(train) [ 2100/40000]  base_lr: 1.4004e-05 lr: 1.4004e-05  eta: 12:13:52  time: 1.1132  data_time: 0.0240  memory: 16828  grad_norm: 80.6626  loss: 24.5536  decode.loss_cls: 0.1034  decode.loss_mask: 0.9988  decode.loss_dice: 1.1450  decode.d0.loss_cls: 1.5704  decode.d0.loss_mask: 1.1219  decode.d0.loss_dice: 1.4126  decode.d1.loss_cls: 0.1354  decode.d1.loss_mask: 1.0308  decode.d1.loss_dice: 1.2184  decode.d2.loss_cls: 0.1116  decode.d2.loss_mask: 1.0018  decode.d2.loss_dice: 1.1923  decode.d3.loss_cls: 0.1000  decode.d3.loss_mask: 0.9904  decode.d3.loss_dice: 1.1734  decode.d4.loss_cls: 0.0984  decode.d4.loss_mask: 1.0028  decode.d4.loss_dice: 1.1479  decode.d5.loss_cls: 0.0962  decode.d5.loss_mask: 1.0003  decode.d5.loss_dice: 1.1515  decode.d6.loss_cls: 0.0966  decode.d6.loss_mask: 1.0015  decode.d6.loss_dice: 1.1518  decode.d7.loss_cls: 0.0940  decode.d7.loss_mask: 1.0060  decode.d7.loss_dice: 1.1386  decode.d8.loss_cls: 0.0980  decode.d8.loss_mask: 1.0121  decode.d8.loss_dice: 1.1519
2026/08/03 15:15:11 - mmengine - INFO - Iter(train) [ 2200/40000]  base_lr: 1.4670e-05 lr: 1.4670e-05  eta: 12:11:51  time: 1.1120  data_time: 0.0219  memory: 16845  grad_norm: 103.1430  loss: 32.6424  decode.loss_cls: 0.1226  decode.loss_mask: 1.4703  decode.loss_dice: 1.4722  decode.d0.loss_cls: 1.5496  decode.d0.loss_mask: 1.5481  decode.d0.loss_dice: 1.6951  decode.d1.loss_cls: 0.1529  decode.d1.loss_mask: 1.4694  decode.d1.loss_dice: 1.5160  decode.d2.loss_cls: 0.1277  decode.d2.loss_mask: 1.4948  decode.d2.loss_dice: 1.5169  decode.d3.loss_cls: 0.1130  decode.d3.loss_mask: 1.4946  decode.d3.loss_dice: 1.5213  decode.d4.loss_cls: 0.1075  decode.d4.loss_mask: 1.4986  decode.d4.loss_dice: 1.4947  decode.d5.loss_cls: 0.1114  decode.d5.loss_mask: 1.4721  decode.d5.loss_dice: 1.4804  decode.d6.loss_cls: 0.1113  decode.d6.loss_mask: 1.4728  decode.d6.loss_dice: 1.4639  decode.d7.loss_cls: 0.1078  decode.d7.loss_mask: 1.4941  decode.d7.loss_dice: 1.5014  decode.d8.loss_cls: 0.1138  decode.d8.loss_mask: 1.4751  decode.d8.loss_dice: 1.4728
2026/08/03 15:17:03 - mmengine - INFO - Iter(train) [ 2300/40000]  base_lr: 1.5336e-05 lr: 1.5336e-05  eta: 12:08:47  time: 1.1300  data_time: 0.0227  memory: 16845  grad_norm: 85.4589  loss: 29.1695  decode.loss_cls: 0.0835  decode.loss_mask: 1.4117  decode.loss_dice: 1.2438  decode.d0.loss_cls: 1.5079  decode.d0.loss_mask: 1.4141  decode.d0.loss_dice: 1.3920  decode.d1.loss_cls: 0.1400  decode.d1.loss_mask: 1.3863  decode.d1.loss_dice: 1.2705  decode.d2.loss_cls: 0.1051  decode.d2.loss_mask: 1.3898  decode.d2.loss_dice: 1.2495  decode.d3.loss_cls: 0.0835  decode.d3.loss_mask: 1.3996  decode.d3.loss_dice: 1.2669  decode.d4.loss_cls: 0.0785  decode.d4.loss_mask: 1.4093  decode.d4.loss_dice: 1.2544  decode.d5.loss_cls: 0.0754  decode.d5.loss_mask: 1.4196  decode.d5.loss_dice: 1.2612  decode.d6.loss_cls: 0.0746  decode.d6.loss_mask: 1.4284  decode.d6.loss_dice: 1.2884  decode.d7.loss_cls: 0.0695  decode.d7.loss_mask: 1.4296  decode.d7.loss_dice: 1.2770  decode.d8.loss_cls: 0.0737  decode.d8.loss_mask: 1.4143  decode.d8.loss_dice: 1.2715
2026/08/03 15:18:55 - mmengine - INFO - Iter(train) [ 2400/40000]  base_lr: 1.6003e-05 lr: 1.6003e-05  eta: 12:05:44  time: 1.1089  data_time: 0.0241  memory: 16838  grad_norm: 86.9664  loss: 29.3605  decode.loss_cls: 0.0704  decode.loss_mask: 1.3645  decode.loss_dice: 1.3583  decode.d0.loss_cls: 1.4824  decode.d0.loss_mask: 1.3341  decode.d0.loss_dice: 1.5862  decode.d1.loss_cls: 0.1261  decode.d1.loss_mask: 1.2608  decode.d1.loss_dice: 1.3847  decode.d2.loss_cls: 0.0983  decode.d2.loss_mask: 1.2608  decode.d2.loss_dice: 1.3329  decode.d3.loss_cls: 0.0784  decode.d3.loss_mask: 1.3061  decode.d3.loss_dice: 1.3413  decode.d4.loss_cls: 0.0679  decode.d4.loss_mask: 1.3426  decode.d4.loss_dice: 1.3696  decode.d5.loss_cls: 0.0650  decode.d5.loss_mask: 1.3612  decode.d5.loss_dice: 1.3694  decode.d6.loss_cls: 0.0655  decode.d6.loss_mask: 1.3403  decode.d6.loss_dice: 1.3629  decode.d7.loss_cls: 0.0607  decode.d7.loss_mask: 1.3656  decode.d7.loss_dice: 1.3756  decode.d8.loss_cls: 0.0632  decode.d8.loss_mask: 1.3824  decode.d8.loss_dice: 1.3833
2026/08/03 15:20:47 - mmengine - INFO - Iter(train) [ 2500/40000]  base_lr: 1.6669e-05 lr: 1.6669e-05  eta: 12:02:48  time: 1.1142  data_time: 0.0239  memory: 16828  grad_norm: 96.4832  loss: 28.2867  decode.loss_cls: 0.0898  decode.loss_mask: 1.2695  decode.loss_dice: 1.3107  decode.d0.loss_cls: 1.4584  decode.d0.loss_mask: 1.3215  decode.d0.loss_dice: 1.5227  decode.d1.loss_cls: 0.1282  decode.d1.loss_mask: 1.2306  decode.d1.loss_dice: 1.3281  decode.d2.loss_cls: 0.1029  decode.d2.loss_mask: 1.2332  decode.d2.loss_dice: 1.2902  decode.d3.loss_cls: 0.0808  decode.d3.loss_mask: 1.2553  decode.d3.loss_dice: 1.3289  decode.d4.loss_cls: 0.0761  decode.d4.loss_mask: 1.2598  decode.d4.loss_dice: 1.3175  decode.d5.loss_cls: 0.0748  decode.d5.loss_mask: 1.2795  decode.d5.loss_dice: 1.3166  decode.d6.loss_cls: 0.0832  decode.d6.loss_mask: 1.2640  decode.d6.loss_dice: 1.2809  decode.d7.loss_cls: 0.0764  decode.d7.loss_mask: 1.2868  decode.d7.loss_dice: 1.2868  decode.d8.loss_cls: 0.0763  decode.d8.loss_mask: 1.3230  decode.d8.loss_dice: 1.3345
2026/08/03 15:22:42 - mmengine - INFO - Iter(train) [ 2600/40000]  base_lr: 1.7335e-05 lr: 1.7335e-05  eta: 12:00:51  time: 1.4881  data_time: 0.3976  memory: 16845  grad_norm: 120.0499  loss: 27.4659  decode.loss_cls: 0.0719  decode.loss_mask: 1.3379  decode.loss_dice: 1.1451  decode.d0.loss_cls: 1.4357  decode.d0.loss_mask: 1.3869  decode.d0.loss_dice: 1.3070  decode.d1.loss_cls: 0.1241  decode.d1.loss_mask: 1.2989  decode.d1.loss_dice: 1.1243  decode.d2.loss_cls: 0.1031  decode.d2.loss_mask: 1.3417  decode.d2.loss_dice: 1.1458  decode.d3.loss_cls: 0.0830  decode.d3.loss_mask: 1.3665  decode.d3.loss_dice: 1.1582  decode.d4.loss_cls: 0.0786  decode.d4.loss_mask: 1.3768  decode.d4.loss_dice: 1.1702  decode.d5.loss_cls: 0.0755  decode.d5.loss_mask: 1.3714  decode.d5.loss_dice: 1.1747  decode.d6.loss_cls: 0.0706  decode.d6.loss_mask: 1.3758  decode.d6.loss_dice: 1.1682  decode.d7.loss_cls: 0.0698  decode.d7.loss_mask: 1.3628  decode.d7.loss_dice: 1.1497  decode.d8.loss_cls: 0.0678  decode.d8.loss_mask: 1.3633  decode.d8.loss_dice: 1.1605
2026/08/03 15:24:34 - mmengine - INFO - Iter(train) [ 2700/40000]  base_lr: 1.8001e-05 lr: 1.8001e-05  eta: 11:57:55  time: 1.1107  data_time: 0.0222  memory: 16829  grad_norm: 99.0699  loss: 29.2249  decode.loss_cls: 0.0497  decode.loss_mask: 1.4524  decode.loss_dice: 1.2508  decode.d0.loss_cls: 1.3851  decode.d0.loss_mask: 1.4206  decode.d0.loss_dice: 1.3492  decode.d1.loss_cls: 0.1208  decode.d1.loss_mask: 1.3815  decode.d1.loss_dice: 1.2611  decode.d2.loss_cls: 0.0753  decode.d2.loss_mask: 1.4111  decode.d2.loss_dice: 1.2539  decode.d3.loss_cls: 0.0513  decode.d3.loss_mask: 1.4413  decode.d3.loss_dice: 1.3088  decode.d4.loss_cls: 0.0476  decode.d4.loss_mask: 1.4539  decode.d4.loss_dice: 1.3099  decode.d5.loss_cls: 0.0431  decode.d5.loss_mask: 1.4645  decode.d5.loss_dice: 1.2837  decode.d6.loss_cls: 0.0438  decode.d6.loss_mask: 1.4739  decode.d6.loss_dice: 1.2830  decode.d7.loss_cls: 0.0402  decode.d7.loss_mask: 1.4681  decode.d7.loss_dice: 1.3008  decode.d8.loss_cls: 0.0446  decode.d8.loss_mask: 1.4667  decode.d8.loss_dice: 1.2883
2026/08/03 15:26:26 - mmengine - INFO - Iter(train) [ 2800/40000]  base_lr: 1.8668e-05 lr: 1.8668e-05  eta: 11:55:16  time: 1.1139  data_time: 0.0237  memory: 16845  grad_norm: 131.4024  loss: 29.0509  decode.loss_cls: 0.0402  decode.loss_mask: 1.4685  decode.loss_dice: 1.2716  decode.d0.loss_cls: 1.3582  decode.d0.loss_mask: 1.4285  decode.d0.loss_dice: 1.3279  decode.d1.loss_cls: 0.1055  decode.d1.loss_mask: 1.3742  decode.d1.loss_dice: 1.2029  decode.d2.loss_cls: 0.0732  decode.d2.loss_mask: 1.4217  decode.d2.loss_dice: 1.2368  decode.d3.loss_cls: 0.0520  decode.d3.loss_mask: 1.4634  decode.d3.loss_dice: 1.2671  decode.d4.loss_cls: 0.0464  decode.d4.loss_mask: 1.4678  decode.d4.loss_dice: 1.2739  decode.d5.loss_cls: 0.0410  decode.d5.loss_mask: 1.4663  decode.d5.loss_dice: 1.2682  decode.d6.loss_cls: 0.0399  decode.d6.loss_mask: 1.4755  decode.d6.loss_dice: 1.2745  decode.d7.loss_cls: 0.0368  decode.d7.loss_mask: 1.4979  decode.d7.loss_dice: 1.2873  decode.d8.loss_cls: 0.0366  decode.d8.loss_mask: 1.4707  decode.d8.loss_dice: 1.2767
2026/08/03 15:28:17 - mmengine - INFO - Iter(train) [ 2900/40000]  base_lr: 1.9334e-05 lr: 1.9334e-05  eta: 11:52:35  time: 1.1143  data_time: 0.0234  memory: 16812  grad_norm: 90.7523  loss: 30.4659  decode.loss_cls: 0.0561  decode.loss_mask: 1.5256  decode.loss_dice: 1.2978  decode.d0.loss_cls: 1.3224  decode.d0.loss_mask: 1.5283  decode.d0.loss_dice: 1.4362  decode.d1.loss_cls: 0.1169  decode.d1.loss_mask: 1.4858  decode.d1.loss_dice: 1.2908  decode.d2.loss_cls: 0.0769  decode.d2.loss_mask: 1.5203  decode.d2.loss_dice: 1.3325  decode.d3.loss_cls: 0.0612  decode.d3.loss_mask: 1.5522  decode.d3.loss_dice: 1.3246  decode.d4.loss_cls: 0.0539  decode.d4.loss_mask: 1.5696  decode.d4.loss_dice: 1.3433  decode.d5.loss_cls: 0.0515  decode.d5.loss_mask: 1.5348  decode.d5.loss_dice: 1.3298  decode.d6.loss_cls: 0.0502  decode.d6.loss_mask: 1.5300  decode.d6.loss_dice: 1.3210  decode.d7.loss_cls: 0.0510  decode.d7.loss_mask: 1.5459  decode.d7.loss_dice: 1.2913  decode.d8.loss_cls: 0.0525  decode.d8.loss_mask: 1.5153  decode.d8.loss_dice: 1.2982
2026/08/03 15:30:09 - mmengine - INFO - Exp name: dinov3_m2f_gram_4999_v2_20260803_142922
2026/08/03 15:30:09 - mmengine - INFO - Iter(train) [ 3000/40000]  base_lr: 2.0000e-05 lr: 2.0000e-05  eta: 11:49:48  time: 1.1226  data_time: 0.0239  memory: 16845  grad_norm: 83.0922  loss: 31.0337  decode.loss_cls: 0.0484  decode.loss_mask: 1.4903  decode.loss_dice: 1.4325  decode.d0.loss_cls: 1.2741  decode.d0.loss_mask: 1.4491  decode.d0.loss_dice: 1.4742  decode.d1.loss_cls: 0.1091  decode.d1.loss_mask: 1.4150  decode.d1.loss_dice: 1.4004  decode.d2.loss_cls: 0.0651  decode.d2.loss_mask: 1.4803  decode.d2.loss_dice: 1.4299  decode.d3.loss_cls: 0.0474  decode.d3.loss_mask: 1.5008  decode.d3.loss_dice: 1.4615  decode.d4.loss_cls: 0.0416  decode.d4.loss_mask: 1.5000  decode.d4.loss_dice: 1.4547  decode.d5.loss_cls: 0.0432  decode.d5.loss_mask: 1.5124  decode.d5.loss_dice: 1.4394  decode.d6.loss_cls: 0.0422  decode.d6.loss_mask: 1.5096  decode.d6.loss_dice: 1.4386  decode.d7.loss_cls: 0.0381  decode.d7.loss_mask: 1.4917  decode.d7.loss_dice: 1.4504  decode.d8.loss_cls: 0.0402  decode.d8.loss_mask: 1.5048  decode.d8.loss_dice: 1.4487
2026/08/03 15:32:04 - mmengine - INFO - Iter(train) [ 3100/40000]  base_lr: 2.0000e-05 lr: 2.0000e-05  eta: 11:47:54  time: 1.1179  data_time: 0.0229  memory: 16845  grad_norm: 95.5964  loss: 27.8522  decode.loss_cls: 0.0491  decode.loss_mask: 1.3794  decode.loss_dice: 1.1983  decode.d0.loss_cls: 1.2422  decode.d0.loss_mask: 1.3779  decode.d0.loss_dice: 1.3239  decode.d1.loss_cls: 0.1042  decode.d1.loss_mask: 1.3163  decode.d1.loss_dice: 1.1938  decode.d2.loss_cls: 0.0572  decode.d2.loss_mask: 1.3848  decode.d2.loss_dice: 1.2356  decode.d3.loss_cls: 0.0438  decode.d3.loss_mask: 1.3894  decode.d3.loss_dice: 1.2391  decode.d4.loss_cls: 0.0438  decode.d4.loss_mask: 1.4127  decode.d4.loss_dice: 1.2255  decode.d5.loss_cls: 0.0441  decode.d5.loss_mask: 1.3976  decode.d5.loss_dice: 1.1993  decode.d6.loss_cls: 0.0435  decode.d6.loss_mask: 1.4196  decode.d6.loss_dice: 1.2045  decode.d7.loss_cls: 0.0413  decode.d7.loss_mask: 1.4013  decode.d7.loss_dice: 1.2211  decode.d8.loss_cls: 0.0417  decode.d8.loss_mask: 1.4080  decode.d8.loss_dice: 1.2133
2026/08/03 15:34:10 - mmengine - INFO - Iter(train) [ 3200/40000]  base_lr: 1.9999e-05 lr: 1.9999e-05  eta: 11:48:03  time: 1.1296  data_time: 0.0231  memory: 16845  grad_norm: 85.1989  loss: 28.6026  decode.loss_cls: 0.0350  decode.loss_mask: 1.3551  decode.loss_dice: 1.4080  decode.d0.loss_cls: 1.1922  decode.d0.loss_mask: 1.3108  decode.d0.loss_dice: 1.4078  decode.d1.loss_cls: 0.0975  decode.d1.loss_mask: 1.2503  decode.d1.loss_dice: 1.2971  decode.d2.loss_cls: 0.0546  decode.d2.loss_mask: 1.3185  decode.d2.loss_dice: 1.3164  decode.d3.loss_cls: 0.0383  decode.d3.loss_mask: 1.3536  decode.d3.loss_dice: 1.3437  decode.d4.loss_cls: 0.0365  decode.d4.loss_mask: 1.3707  decode.d4.loss_dice: 1.3367  decode.d5.loss_cls: 0.0370  decode.d5.loss_mask: 1.3638  decode.d5.loss_dice: 1.3420  decode.d6.loss_cls: 0.0352  decode.d6.loss_mask: 1.3740  decode.d6.loss_dice: 1.3576  decode.d7.loss_cls: 0.0339  decode.d7.loss_mask: 1.3649  decode.d7.loss_dice: 1.3869  decode.d8.loss_cls: 0.0352  decode.d8.loss_mask: 1.3555  decode.d8.loss_dice: 1.3938
2026/08/03 15:36:02 - mmengine - INFO - Iter(train) [ 3300/40000]  base_lr: 1.9997e-05 lr: 1.9997e-05  eta: 11:45:35  time: 1.1288  data_time: 0.0238  memory: 16826  grad_norm: 111.1058  loss: 31.3010  decode.loss_cls: 0.0957  decode.loss_mask: 1.5091  decode.loss_dice: 1.3843  decode.d0.loss_cls: 1.1692  decode.d0.loss_mask: 1.5485  decode.d0.loss_dice: 1.5934  decode.d1.loss_cls: 0.1170  decode.d1.loss_mask: 1.4606  decode.d1.loss_dice: 1.3881  decode.d2.loss_cls: 0.1040  decode.d2.loss_mask: 1.5000  decode.d2.loss_dice: 1.4147  decode.d3.loss_cls: 0.1047  decode.d3.loss_mask: 1.4903  decode.d3.loss_dice: 1.4227  decode.d4.loss_cls: 0.0995  decode.d4.loss_mask: 1.4932  decode.d4.loss_dice: 1.3927  decode.d5.loss_cls: 0.0995  decode.d5.loss_mask: 1.5009  decode.d5.loss_dice: 1.3932  decode.d6.loss_cls: 0.0937  decode.d6.loss_mask: 1.5237  decode.d6.loss_dice: 1.3978  decode.d7.loss_cls: 0.0956  decode.d7.loss_mask: 1.5204  decode.d7.loss_dice: 1.3824  decode.d8.loss_cls: 0.0975  decode.d8.loss_mask: 1.5276  decode.d8.loss_dice: 1.3809
2026/08/03 15:37:54 - mmengine - INFO - Iter(train) [ 3400/40000]  base_lr: 1.9995e-05 lr: 1.9995e-05  eta: 11:42:58  time: 1.1118  data_time: 0.0226  memory: 16828  grad_norm: 79.4200  loss: 23.0342  decode.loss_cls: 0.0470  decode.loss_mask: 0.9701  decode.loss_dice: 1.1568  decode.d0.loss_cls: 1.1187  decode.d0.loss_mask: 0.9590  decode.d0.loss_dice: 1.2768  decode.d1.loss_cls: 0.0852  decode.d1.loss_mask: 0.9121  decode.d1.loss_dice: 1.1729  decode.d2.loss_cls: 0.0536  decode.d2.loss_mask: 0.9890  decode.d2.loss_dice: 1.1852  decode.d3.loss_cls: 0.0467  decode.d3.loss_mask: 0.9815  decode.d3.loss_dice: 1.1695  decode.d4.loss_cls: 0.0432  decode.d4.loss_mask: 0.9780  decode.d4.loss_dice: 1.1532  decode.d5.loss_cls: 0.0445  decode.d5.loss_mask: 0.9853  decode.d5.loss_dice: 1.1616  decode.d6.loss_cls: 0.0450  decode.d6.loss_mask: 0.9675  decode.d6.loss_dice: 1.1491  decode.d7.loss_cls: 0.0419  decode.d7.loss_mask: 0.9857  decode.d7.loss_dice: 1.1627  decode.d8.loss_cls: 0.0446  decode.d8.loss_mask: 0.9799  decode.d8.loss_dice: 1.1680
2026/08/03 15:39:52 - mmengine - INFO - Iter(train) [ 3500/40000]  base_lr: 1.9991e-05 lr: 1.9991e-05  eta: 11:41:33  time: 1.1241  data_time: 0.0218  memory: 16845  grad_norm: 84.4946  loss: 29.2888  decode.loss_cls: 0.0449  decode.loss_mask: 1.4835  decode.loss_dice: 1.2864  decode.d0.loss_cls: 1.0771  decode.d0.loss_mask: 1.4814  decode.d0.loss_dice: 1.3422  decode.d1.loss_cls: 0.0777  decode.d1.loss_mask: 1.4502  decode.d1.loss_dice: 1.3018  decode.d2.loss_cls: 0.0471  decode.d2.loss_mask: 1.4720  decode.d2.loss_dice: 1.3148  decode.d3.loss_cls: 0.0391  decode.d3.loss_mask: 1.4761  decode.d3.loss_dice: 1.2974  decode.d4.loss_cls: 0.0390  decode.d4.loss_mask: 1.4734  decode.d4.loss_dice: 1.3120  decode.d5.loss_cls: 0.0401  decode.d5.loss_mask: 1.4647  decode.d5.loss_dice: 1.3072  decode.d6.loss_cls: 0.0405  decode.d6.loss_mask: 1.4669  decode.d6.loss_dice: 1.2947  decode.d7.loss_cls: 0.0414  decode.d7.loss_mask: 1.4725  decode.d7.loss_dice: 1.3097  decode.d8.loss_cls: 0.0413  decode.d8.loss_mask: 1.4864  decode.d8.loss_dice: 1.3074
2026/08/03 15:41:44 - mmengine - INFO - Iter(train) [ 3600/40000]  base_lr: 1.9988e-05 lr: 1.9988e-05  eta: 11:39:02  time: 1.1195  data_time: 0.0241  memory: 16845  grad_norm: 76.4813  loss: 27.5501  decode.loss_cls: 0.0247  decode.loss_mask: 1.4162  decode.loss_dice: 1.2107  decode.d0.loss_cls: 1.0231  decode.d0.loss_mask: 1.3710  decode.d0.loss_dice: 1.2897  decode.d1.loss_cls: 0.0676  decode.d1.loss_mask: 1.3547  decode.d1.loss_dice: 1.2072  decode.d2.loss_cls: 0.0335  decode.d2.loss_mask: 1.3994  decode.d2.loss_dice: 1.2262  decode.d3.loss_cls: 0.0250  decode.d3.loss_mask: 1.4146  decode.d3.loss_dice: 1.2386  decode.d4.loss_cls: 0.0287  decode.d4.loss_mask: 1.4118  decode.d4.loss_dice: 1.2213  decode.d5.loss_cls: 0.0280  decode.d5.loss_mask: 1.4173  decode.d5.loss_dice: 1.2099  decode.d6.loss_cls: 0.0298  decode.d6.loss_mask: 1.4086  decode.d6.loss_dice: 1.2024  decode.d7.loss_cls: 0.0277  decode.d7.loss_mask: 1.4127  decode.d7.loss_dice: 1.2002  decode.d8.loss_cls: 0.0264  decode.d8.loss_mask: 1.4236  decode.d8.loss_dice: 1.1996
2026/08/03 15:43:35 - mmengine - INFO - Iter(train) [ 3700/40000]  base_lr: 1.9983e-05 lr: 1.9983e-05  eta: 11:36:33  time: 1.1108  data_time: 0.0234  memory: 16838  grad_norm: 81.6787  loss: 25.5555  decode.loss_cls: 0.0277  decode.loss_mask: 1.2019  decode.loss_dice: 1.2291  decode.d0.loss_cls: 0.9894  decode.d0.loss_mask: 1.1728  decode.d0.loss_dice: 1.3349  decode.d1.loss_cls: 0.0684  decode.d1.loss_mask: 1.1700  decode.d1.loss_dice: 1.2062  decode.d2.loss_cls: 0.0369  decode.d2.loss_mask: 1.2093  decode.d2.loss_dice: 1.2196  decode.d3.loss_cls: 0.0326  decode.d3.loss_mask: 1.1993  decode.d3.loss_dice: 1.1981  decode.d4.loss_cls: 0.0287  decode.d4.loss_mask: 1.2226  decode.d4.loss_dice: 1.2146  decode.d5.loss_cls: 0.0283  decode.d5.loss_mask: 1.2175  decode.d5.loss_dice: 1.2225  decode.d6.loss_cls: 0.0326  decode.d6.loss_mask: 1.1972  decode.d6.loss_dice: 1.2065  decode.d7.loss_cls: 0.0307  decode.d7.loss_mask: 1.2025  decode.d7.loss_dice: 1.2108  decode.d8.loss_cls: 0.0258  decode.d8.loss_mask: 1.2005  decode.d8.loss_dice: 1.2185
2026/08/03 15:45:27 - mmengine - INFO - Iter(train) [ 3800/40000]  base_lr: 1.9978e-05 lr: 1.9978e-05  eta: 11:34:03  time: 1.1141  data_time: 0.0229  memory: 16828  grad_norm: 98.7588  loss: 27.6374  decode.loss_cls: 0.0516  decode.loss_mask: 1.2967  decode.loss_dice: 1.2829  decode.d0.loss_cls: 0.9550  decode.d0.loss_mask: 1.3038  decode.d0.loss_dice: 1.4433  decode.d1.loss_cls: 0.0742  decode.d1.loss_mask: 1.2735  decode.d1.loss_dice: 1.3279  decode.d2.loss_cls: 0.0472  decode.d2.loss_mask: 1.3119  decode.d2.loss_dice: 1.3414  decode.d3.loss_cls: 0.0461  decode.d3.loss_mask: 1.3025  decode.d3.loss_dice: 1.3132  decode.d4.loss_cls: 0.0462  decode.d4.loss_mask: 1.3089  decode.d4.loss_dice: 1.3185  decode.d5.loss_cls: 0.0456  decode.d5.loss_mask: 1.3116  decode.d5.loss_dice: 1.2751  decode.d6.loss_cls: 0.0447  decode.d6.loss_mask: 1.3310  decode.d6.loss_dice: 1.2947  decode.d7.loss_cls: 0.0422  decode.d7.loss_mask: 1.3203  decode.d7.loss_dice: 1.3101  decode.d8.loss_cls: 0.0437  decode.d8.loss_mask: 1.2970  decode.d8.loss_dice: 1.2766
2026/08/03 15:47:22 - mmengine - INFO - Iter(train) [ 3900/40000]  base_lr: 1.9972e-05 lr: 1.9972e-05  eta: 11:32:13  time: 1.1099  data_time: 0.0204  memory: 16845  grad_norm: 94.1235  loss: 24.7140  decode.loss_cls: 0.0554  decode.loss_mask: 1.1977  decode.loss_dice: 1.0820  decode.d0.loss_cls: 0.9266  decode.d0.loss_mask: 1.2589  decode.d0.loss_dice: 1.2169  decode.d1.loss_cls: 0.0790  decode.d1.loss_mask: 1.2224  decode.d1.loss_dice: 1.1201  decode.d2.loss_cls: 0.0647  decode.d2.loss_mask: 1.2308  decode.d2.loss_dice: 1.1236  decode.d3.loss_cls: 0.0617  decode.d3.loss_mask: 1.1952  decode.d3.loss_dice: 1.0821  decode.d4.loss_cls: 0.0592  decode.d4.loss_mask: 1.2247  decode.d4.loss_dice: 1.0815  decode.d5.loss_cls: 0.0568  decode.d5.loss_mask: 1.2222  decode.d5.loss_dice: 1.0799  decode.d6.loss_cls: 0.0556  decode.d6.loss_mask: 1.2358  decode.d6.loss_dice: 1.0964  decode.d7.loss_cls: 0.0581  decode.d7.loss_mask: 1.1924  decode.d7.loss_dice: 1.0765  decode.d8.loss_cls: 0.0561  decode.d8.loss_mask: 1.2118  decode.d8.loss_dice: 1.0898
2026/08/03 15:49:14 - mmengine - INFO - Exp name: dinov3_m2f_gram_4999_v2_20260803_142922
2026/08/03 15:49:14 - mmengine - INFO - Iter(train) [ 4000/40000]  base_lr: 1.9966e-05 lr: 1.9966e-05  eta: 11:29:43  time: 1.1143  data_time: 0.0226  memory: 16829  grad_norm: 100.7765  loss: 29.0522  decode.loss_cls: 0.0493  decode.loss_mask: 1.4758  decode.loss_dice: 1.2992  decode.d0.loss_cls: 0.8719  decode.d0.loss_mask: 1.4426  decode.d0.loss_dice: 1.3270  decode.d1.loss_cls: 0.0676  decode.d1.loss_mask: 1.4709  decode.d1.loss_dice: 1.3107  decode.d2.loss_cls: 0.0491  decode.d2.loss_mask: 1.4758  decode.d2.loss_dice: 1.3121  decode.d3.loss_cls: 0.0461  decode.d3.loss_mask: 1.4641  decode.d3.loss_dice: 1.3032  decode.d4.loss_cls: 0.0479  decode.d4.loss_mask: 1.4839  decode.d4.loss_dice: 1.2992  decode.d5.loss_cls: 0.0477  decode.d5.loss_mask: 1.4740  decode.d5.loss_dice: 1.2907  decode.d6.loss_cls: 0.0478  decode.d6.loss_mask: 1.4741  decode.d6.loss_dice: 1.2875  decode.d7.loss_cls: 0.0493  decode.d7.loss_mask: 1.4768  decode.d7.loss_dice: 1.2912  decode.d8.loss_cls: 0.0503  decode.d8.loss_mask: 1.4725  decode.d8.loss_dice: 1.2942
2026/08/03 15:49:14 - mmengine - INFO - Saving checkpoint at 4000 iterations
2026/08/03 15:50:58 - mmengine - INFO - Iter(val) [100/252]    eta: 0:01:03  time: 0.4038  data_time: 0.0139  memory: 4705  
2026/08/03 15:51:39 - mmengine - INFO - Iter(val) [200/252]    eta: 0:00:21  time: 0.4087  data_time: 0.0147  memory: 4705  
2026/08/03 15:52:04 - mmengine - INFO - per class results:
2026/08/03 15:52:04 - mmengine - INFO - 
+--------------------+-------+-------+--------+-----------+--------+
|       Class        |  IoU  |  Acc  | Fscore | Precision | Recall |
+--------------------+-------+-------+--------+-----------+--------+
| impervious_surface | 87.13 | 92.92 | 93.12  |   93.32   | 92.92  |
|      building      | 94.31 | 98.07 | 97.07  |   96.09   | 98.07  |
|   low_vegetation   |  81.5 | 90.62 | 89.81  |   89.01   | 90.62  |
|        tree        | 83.52 | 89.65 | 91.02  |   92.43   | 89.65  |
|        car         |  91.8 | 94.03 | 95.72  |   97.48   | 94.03  |
+--------------------+-------+-------+--------+-----------+--------+
2026/08/03 15:52:04 - mmengine - INFO - Iter(val) [252/252]    aAcc: 92.3400  mIoU: 87.6500  mAcc: 93.0600  mFscore: 93.3500  mPrecision: 93.6700  mRecall: 93.0600  data_time: 0.0202  time: 0.4121
2026/08/03 15:52:04 - mmengine - INFO - The previous best checkpoint /mnt/qh2-nas3/00-model/00-fb/fusion_potsdam/work_dirs/dinov3_m2f_gram_4999_v2/best_mIoU_iter_2000.pth is removed
2026/08/03 15:52:20 - mmengine - INFO - The best checkpoint with 87.6500 mIoU at 4000 iter is saved to best_mIoU_iter_4000.pth.
2026/08/03 15:54:37 - mmengine - INFO - Iter(train) [ 4100/40000]  base_lr: 1.9959e-05 lr: 1.9959e-05  eta: 11:34:00  time: 1.1075  data_time: 0.0235  memory: 16845  grad_norm: 91.5947  loss: 25.8479  decode.loss_cls: 0.0367  decode.loss_mask: 1.2703  decode.loss_dice: 1.1629  decode.d0.loss_cls: 0.8366  decode.d0.loss_mask: 1.3182  decode.d0.loss_dice: 1.2355  decode.d1.loss_cls: 0.0565  decode.d1.loss_mask: 1.2721  decode.d1.loss_dice: 1.1838  decode.d2.loss_cls: 0.0420  decode.d2.loss_mask: 1.2950  decode.d2.loss_dice: 1.1970  decode.d3.loss_cls: 0.0384  decode.d3.loss_mask: 1.2918  decode.d3.loss_dice: 1.1909  decode.d4.loss_cls: 0.0383  decode.d4.loss_mask: 1.2761  decode.d4.loss_dice: 1.1752  decode.d5.loss_cls: 0.0330  decode.d5.loss_mask: 1.2790  decode.d5.loss_dice: 1.1822  decode.d6.loss_cls: 0.0366  decode.d6.loss_mask: 1.2665  decode.d6.loss_dice: 1.1612  decode.d7.loss_cls: 0.0348  decode.d7.loss_mask: 1.2780  decode.d7.loss_dice: 1.1742  decode.d8.loss_cls: 0.0344  decode.d8.loss_mask: 1.2748  decode.d8.loss_dice: 1.1758
2026/08/03 15:56:29 - mmengine - INFO - Iter(train) [ 4200/40000]  base_lr: 1.9951e-05 lr: 1.9951e-05  eta: 11:31:27  time: 1.1139  data_time: 0.0246  memory: 16812  grad_norm: 87.1615  loss: 27.8809  decode.loss_cls: 0.0262  decode.loss_mask: 1.3810  decode.loss_dice: 1.2684  decode.d0.loss_cls: 0.7868  decode.d0.loss_mask: 1.4144  decode.d0.loss_dice: 1.2804  decode.d1.loss_cls: 0.0502  decode.d1.loss_mask: 1.3979  decode.d1.loss_dice: 1.2972  decode.d2.loss_cls: 0.0313  decode.d2.loss_mask: 1.3970  decode.d2.loss_dice: 1.2667  decode.d3.loss_cls: 0.0270  decode.d3.loss_mask: 1.3845  decode.d3.loss_dice: 1.2762  decode.d4.loss_cls: 0.0271  decode.d4.loss_mask: 1.3965  decode.d4.loss_dice: 1.3082  decode.d5.loss_cls: 0.0252  decode.d5.loss_mask: 1.4039  decode.d5.loss_dice: 1.3154  decode.d6.loss_cls: 0.0255  decode.d6.loss_mask: 1.4019  decode.d6.loss_dice: 1.2878  decode.d7.loss_cls: 0.0249  decode.d7.loss_mask: 1.3994  decode.d7.loss_dice: 1.2860  decode.d8.loss_cls: 0.0242  decode.d8.loss_mask: 1.3915  decode.d8.loss_dice: 1.2785
2026/08/03 15:58:20 - mmengine - INFO - Iter(train) [ 4300/40000]  base_lr: 1.9942e-05 lr: 1.9942e-05  eta: 11:28:54  time: 1.1132  data_time: 0.0230  memory: 16845  grad_norm: 80.1152  loss: 28.8864  decode.loss_cls: 0.0392  decode.loss_mask: 1.3460  decode.loss_dice: 1.3942  decode.d0.loss_cls: 0.7471  decode.d0.loss_mask: 1.3677  decode.d0.loss_dice: 1.4827  decode.d1.loss_cls: 0.0539  decode.d1.loss_mask: 1.3495  decode.d1.loss_dice: 1.4157  decode.d2.loss_cls: 0.0380  decode.d2.loss_mask: 1.3784  decode.d2.loss_dice: 1.4345  decode.d3.loss_cls: 0.0378  decode.d3.loss_mask: 1.3706  decode.d3.loss_dice: 1.4172  decode.d4.loss_cls: 0.0382  decode.d4.loss_mask: 1.3756  decode.d4.loss_dice: 1.4215  decode.d5.loss_cls: 0.0391  decode.d5.loss_mask: 1.3555  decode.d5.loss_dice: 1.4034  decode.d6.loss_cls: 0.0356  decode.d6.loss_mask: 1.3654  decode.d6.loss_dice: 1.4041  decode.d7.loss_cls: 0.0363  decode.d7.loss_mask: 1.3574  decode.d7.loss_dice: 1.3969  decode.d8.loss_cls: 0.0372  decode.d8.loss_mask: 1.3570  decode.d8.loss_dice: 1.3905
2026/08/03 16:00:16 - mmengine - INFO - Iter(train) [ 4400/40000]  base_lr: 1.9933e-05 lr: 1.9933e-05  eta: 11:27:00  time: 1.1200  data_time: 0.0234  memory: 16845  grad_norm: 79.0534  loss: 24.5713  decode.loss_cls: 0.0241  decode.loss_mask: 1.2492  decode.loss_dice: 1.0999  decode.d0.loss_cls: 0.7115  decode.d0.loss_mask: 1.2584  decode.d0.loss_dice: 1.2013  decode.d1.loss_cls: 0.0407  decode.d1.loss_mask: 1.2346  decode.d1.loss_dice: 1.1213  decode.d2.loss_cls: 0.0229  decode.d2.loss_mask: 1.2511  decode.d2.loss_dice: 1.1200  decode.d3.loss_cls: 0.0209  decode.d3.loss_mask: 1.2503  decode.d3.loss_dice: 1.1011  decode.d4.loss_cls: 0.0217  decode.d4.loss_mask: 1.2593  decode.d4.loss_dice: 1.1090  decode.d5.loss_cls: 0.0216  decode.d5.loss_mask: 1.2548  decode.d5.loss_dice: 1.0981  decode.d6.loss_cls: 0.0217  decode.d6.loss_mask: 1.2587  decode.d6.loss_dice: 1.0968  decode.d7.loss_cls: 0.0230  decode.d7.loss_mask: 1.2397  decode.d7.loss_dice: 1.0972  decode.d8.loss_cls: 0.0219  decode.d8.loss_mask: 1.2425  decode.d8.loss_dice: 1.0979
2026/08/03 16:02:08 - mmengine - INFO - Iter(train) [ 4500/40000]  base_lr: 1.9923e-05 lr: 1.9923e-05  eta: 11:24:32  time: 1.1118  data_time: 0.0237  memory: 16845  grad_norm: 70.4248  loss: 25.2484  decode.loss_cls: 0.0161  decode.loss_mask: 1.2599  decode.loss_dice: 1.1787  decode.d0.loss_cls: 0.6702  decode.d0.loss_mask: 1.2721  decode.d0.loss_dice: 1.1963  decode.d1.loss_cls: 0.0324  decode.d1.loss_mask: 1.2831  decode.d1.loss_dice: 1.1701  decode.d2.loss_cls: 0.0186  decode.d2.loss_mask: 1.2748  decode.d2.loss_dice: 1.1516  decode.d3.loss_cls: 0.0159  decode.d3.loss_mask: 1.2788  decode.d3.loss_dice: 1.1681  decode.d4.loss_cls: 0.0161  decode.d4.loss_mask: 1.2593  decode.d4.loss_dice: 1.1617  decode.d5.loss_cls: 0.0159  decode.d5.loss_mask: 1.2618  decode.d5.loss_dice: 1.1789  decode.d6.loss_cls: 0.0154  decode.d6.loss_mask: 1.2617  decode.d6.loss_dice: 1.1874  decode.d7.loss_cls: 0.0155  decode.d7.loss_mask: 1.2525  decode.d7.loss_dice: 1.1897  decode.d8.loss_cls: 0.0172  decode.d8.loss_mask: 1.2550  decode.d8.loss_dice: 1.1735
2026/08/03 16:03:59 - mmengine - INFO - Iter(train) [ 4600/40000]  base_lr: 1.9913e-05 lr: 1.9913e-05  eta: 11:22:02  time: 1.1169  data_time: 0.0246  memory: 16824  grad_norm: 108.3668  loss: 35.0170  decode.loss_cls: 0.0994  decode.loss_mask: 1.7963  decode.loss_dice: 1.5386  decode.d0.loss_cls: 0.6755  decode.d0.loss_mask: 1.7486  decode.d0.loss_dice: 1.6673  decode.d1.loss_cls: 0.1190  decode.d1.loss_mask: 1.7347  decode.d1.loss_dice: 1.5869  decode.d2.loss_cls: 0.1171  decode.d2.loss_mask: 1.7530  decode.d2.loss_dice: 1.5541  decode.d3.loss_cls: 0.1049  decode.d3.loss_mask: 1.8023  decode.d3.loss_dice: 1.5490  decode.d4.loss_cls: 0.1006  decode.d4.loss_mask: 1.7946  decode.d4.loss_dice: 1.5340  decode.d5.loss_cls: 0.1015  decode.d5.loss_mask: 1.7830  decode.d5.loss_dice: 1.5349  decode.d6.loss_cls: 0.0945  decode.d6.loss_mask: 1.7934  decode.d6.loss_dice: 1.5554  decode.d7.loss_cls: 0.0968  decode.d7.loss_mask: 1.8147  decode.d7.loss_dice: 1.5407  decode.d8.loss_cls: 0.1016  decode.d8.loss_mask: 1.7988  decode.d8.loss_dice: 1.5258
2026/08/03 16:05:51 - mmengine - INFO - Iter(train) [ 4700/40000]  base_lr: 1.9901e-05 lr: 1.9901e-05  eta: 11:19:35  time: 1.1232  data_time: 0.0236  memory: 16828  grad_norm: 78.2475  loss: 22.9070  decode.loss_cls: 0.0439  decode.loss_mask: 1.0105  decode.loss_dice: 1.1431  decode.d0.loss_cls: 0.6123  decode.d0.loss_mask: 1.0611  decode.d0.loss_dice: 1.2539  decode.d1.loss_cls: 0.0575  decode.d1.loss_mask: 1.0204  decode.d1.loss_dice: 1.1916  decode.d2.loss_cls: 0.0436  decode.d2.loss_mask: 1.0469  decode.d2.loss_dice: 1.1940  decode.d3.loss_cls: 0.0406  decode.d3.loss_mask: 1.0262  decode.d3.loss_dice: 1.1548  decode.d4.loss_cls: 0.0419  decode.d4.loss_mask: 1.0325  decode.d4.loss_dice: 1.1535  decode.d5.loss_cls: 0.0461  decode.d5.loss_mask: 1.0137  decode.d5.loss_dice: 1.1427  decode.d6.loss_cls: 0.0427  decode.d6.loss_mask: 1.0062  decode.d6.loss_dice: 1.1175  decode.d7.loss_cls: 0.0433  decode.d7.loss_mask: 1.0134  decode.d7.loss_dice: 1.1443  decode.d8.loss_cls: 0.0402  decode.d8.loss_mask: 1.0190  decode.d8.loss_dice: 1.1498
2026/08/03 16:07:48 - mmengine - INFO - Iter(train) [ 4800/40000]  base_lr: 1.9889e-05 lr: 1.9889e-05  eta: 11:17:52  time: 1.1167  data_time: 0.0230  memory: 16845  grad_norm: 82.7079  loss: 26.7936  decode.loss_cls: 0.0254  decode.loss_mask: 1.4251  decode.loss_dice: 1.1703  decode.d0.loss_cls: 0.5839  decode.d0.loss_mask: 1.4419  decode.d0.loss_dice: 1.2294  decode.d1.loss_cls: 0.0407  decode.d1.loss_mask: 1.4406  decode.d1.loss_dice: 1.1884  decode.d2.loss_cls: 0.0266  decode.d2.loss_mask: 1.4537  decode.d2.loss_dice: 1.1655  decode.d3.loss_cls: 0.0221  decode.d3.loss_mask: 1.4371  decode.d3.loss_dice: 1.1564  decode.d4.loss_cls: 0.0235  decode.d4.loss_mask: 1.4385  decode.d4.loss_dice: 1.1459  decode.d5.loss_cls: 0.0248  decode.d5.loss_mask: 1.4165  decode.d5.loss_dice: 1.1212  decode.d6.loss_cls: 0.0244  decode.d6.loss_mask: 1.4310  decode.d6.loss_dice: 1.1464  decode.d7.loss_cls: 0.0250  decode.d7.loss_mask: 1.4136  decode.d7.loss_dice: 1.1695  decode.d8.loss_cls: 0.0242  decode.d8.loss_mask: 1.4281  decode.d8.loss_dice: 1.1540
2026/08/03 16:09:40 - mmengine - INFO - Iter(train) [ 4900/40000]  base_lr: 1.9877e-05 lr: 1.9877e-05  eta: 11:15:29  time: 1.1268  data_time: 0.0231  memory: 16845  grad_norm: 62.7330  loss: 21.8899  decode.loss_cls: 0.0197  decode.loss_mask: 1.1147  decode.loss_dice: 0.9756  decode.d0.loss_cls: 0.5398  decode.d0.loss_mask: 1.1342  decode.d0.loss_dice: 1.0556  decode.d1.loss_cls: 0.0307  decode.d1.loss_mask: 1.1137  decode.d1.loss_dice: 0.9996  decode.d2.loss_cls: 0.0195  decode.d2.loss_mask: 1.1258  decode.d2.loss_dice: 0.9981  decode.d3.loss_cls: 0.0176  decode.d3.loss_mask: 1.1288  decode.d3.loss_dice: 1.0011  decode.d4.loss_cls: 0.0183  decode.d4.loss_mask: 1.1277  decode.d4.loss_dice: 0.9956  decode.d5.loss_cls: 0.0181  decode.d5.loss_mask: 1.1267  decode.d5.loss_dice: 0.9946  decode.d6.loss_cls: 0.0190  decode.d6.loss_mask: 1.1174  decode.d6.loss_dice: 0.9905  decode.d7.loss_cls: 0.0206  decode.d7.loss_mask: 1.1071  decode.d7.loss_dice: 0.9801  decode.d8.loss_cls: 0.0207  decode.d8.loss_mask: 1.1093  decode.d8.loss_dice: 0.9698
2026/08/03 16:11:32 - mmengine - INFO - Exp name: dinov3_m2f_gram_4999_v2_20260803_142922
2026/08/03 16:11:32 - mmengine - INFO - Iter(train) [ 5000/40000]  base_lr: 1.9863e-05 lr: 1.9863e-05  eta: 11:13:10  time: 1.1185  data_time: 0.0233  memory: 16838  grad_norm: 81.0670  loss: 22.8353  decode.loss_cls: 0.0178  decode.loss_mask: 1.1067  decode.loss_dice: 1.0823  decode.d0.loss_cls: 0.5116  decode.d0.loss_mask: 1.1558  decode.d0.loss_dice: 1.2096  decode.d1.loss_cls: 0.0372  decode.d1.loss_mask: 1.1278  decode.d1.loss_dice: 1.1252  decode.d2.loss_cls: 0.0240  decode.d2.loss_mask: 1.1336  decode.d2.loss_dice: 1.0749  decode.d3.loss_cls: 0.0227  decode.d3.loss_mask: 1.1194  decode.d3.loss_dice: 1.0633  decode.d4.loss_cls: 0.0204  decode.d4.loss_mask: 1.1314  decode.d4.loss_dice: 1.0691  decode.d5.loss_cls: 0.0229  decode.d5.loss_mask: 1.1122  decode.d5.loss_dice: 1.0568  decode.d6.loss_cls: 0.0187  decode.d6.loss_mask: 1.1154  decode.d6.loss_dice: 1.0644  decode.d7.loss_cls: 0.0189  decode.d7.loss_mask: 1.1144  decode.d7.loss_dice: 1.0617  decode.d8.loss_cls: 0.0155  decode.d8.loss_mask: 1.1200  decode.d8.loss_dice: 1.0814
2026/08/03 16:13:23 - mmengine - INFO - Iter(train) [ 5100/40000]  base_lr: 1.9850e-05 lr: 1.9850e-05  eta: 11:10:50  time: 1.1236  data_time: 0.0232  memory: 16828  grad_norm: 95.1986  loss: 25.8262  decode.loss_cls: 0.0371  decode.loss_mask: 1.2189  decode.loss_dice: 1.2439  decode.d0.loss_cls: 0.4953  decode.d0.loss_mask: 1.2801  decode.d0.loss_dice: 1.3647  decode.d1.loss_cls: 0.0455  decode.d1.loss_mask: 1.2674  decode.d1.loss_dice: 1.2793  decode.d2.loss_cls: 0.0328  decode.d2.loss_mask: 1.2812  decode.d2.loss_dice: 1.2496  decode.d3.loss_cls: 0.0334  decode.d3.loss_mask: 1.2333  decode.d3.loss_dice: 1.2373  decode.d4.loss_cls: 0.0319  decode.d4.loss_mask: 1.2454  decode.d4.loss_dice: 1.2345  decode.d5.loss_cls: 0.0328  decode.d5.loss_mask: 1.2383  decode.d5.loss_dice: 1.2198  decode.d6.loss_cls: 0.0356  decode.d6.loss_mask: 1.2417  decode.d6.loss_dice: 1.2251  decode.d7.loss_cls: 0.0357  decode.d7.loss_mask: 1.2426  decode.d7.loss_dice: 1.2379  decode.d8.loss_cls: 0.0339  decode.d8.loss_mask: 1.2293  decode.d8.loss_dice: 1.2422
2026/08/03 16:15:18 - mmengine - INFO - Iter(train) [ 5200/40000]  base_lr: 1.9835e-05 lr: 1.9835e-05  eta: 11:08:52  time: 1.1078  data_time: 0.0212  memory: 16845  grad_norm: 86.8399  loss: 23.2226  decode.loss_cls: 0.0495  decode.loss_mask: 1.1345  decode.loss_dice: 1.0556  decode.d0.loss_cls: 0.4812  decode.d0.loss_mask: 1.2273  decode.d0.loss_dice: 1.2026  decode.d1.loss_cls: 0.0588  decode.d1.loss_mask: 1.1610  decode.d1.loss_dice: 1.1216  decode.d2.loss_cls: 0.0532  decode.d2.loss_mask: 1.1657  decode.d2.loss_dice: 1.0939  decode.d3.loss_cls: 0.0513  decode.d3.loss_mask: 1.1659  decode.d3.loss_dice: 1.0461  decode.d4.loss_cls: 0.0490  decode.d4.loss_mask: 1.1667  decode.d4.loss_dice: 1.0538  decode.d5.loss_cls: 0.0502  decode.d5.loss_mask: 1.1387  decode.d5.loss_dice: 1.0405  decode.d6.loss_cls: 0.0501  decode.d6.loss_mask: 1.1356  decode.d6.loss_dice: 1.0365  decode.d7.loss_cls: 0.0483  decode.d7.loss_mask: 1.1228  decode.d7.loss_dice: 1.0348  decode.d8.loss_cls: 0.0481  decode.d8.loss_mask: 1.1286  decode.d8.loss_dice: 1.0508
2026/08/03 16:17:10 - mmengine - INFO - Iter(train) [ 5300/40000]  base_lr: 1.9820e-05 lr: 1.9820e-05  eta: 11:06:29  time: 1.1098  data_time: 0.0227  memory: 16829  grad_norm: 105.2869  loss: 29.2298  decode.loss_cls: 0.0395  decode.loss_mask: 1.5516  decode.loss_dice: 1.2753  decode.d0.loss_cls: 0.4402  decode.d0.loss_mask: 1.5047  decode.d0.loss_dice: 1.3329  decode.d1.loss_cls: 0.0476  decode.d1.loss_mask: 1.5500  decode.d1.loss_dice: 1.3278  decode.d2.loss_cls: 0.0429  decode.d2.loss_mask: 1.5432  decode.d2.loss_dice: 1.3229  decode.d3.loss_cls: 0.0400  decode.d3.loss_mask: 1.5407  decode.d3.loss_dice: 1.3178  decode.d4.loss_cls: 0.0398  decode.d4.loss_mask: 1.5420  decode.d4.loss_dice: 1.2900  decode.d5.loss_cls: 0.0398  decode.d5.loss_mask: 1.5519  decode.d5.loss_dice: 1.2863  decode.d6.loss_cls: 0.0402  decode.d6.loss_mask: 1.5369  decode.d6.loss_dice: 1.2735  decode.d7.loss_cls: 0.0385  decode.d7.loss_mask: 1.5477  decode.d7.loss_dice: 1.3024  decode.d8.loss_cls: 0.0418  decode.d8.loss_mask: 1.5419  decode.d8.loss_dice: 1.2799
2026/08/03 16:19:01 - mmengine - INFO - Iter(train) [ 5400/40000]  base_lr: 1.9804e-05 lr: 1.9804e-05  eta: 11:04:10  time: 1.1147  data_time: 0.0232  memory: 16845  grad_norm: 64.9139  loss: 22.1382  decode.loss_cls: 0.0346  decode.loss_mask: 1.1126  decode.loss_dice: 0.9796  decode.d0.loss_cls: 0.4174  decode.d0.loss_mask: 1.1984  decode.d0.loss_dice: 1.1075  decode.d1.loss_cls: 0.0331  decode.d1.loss_mask: 1.1679  decode.d1.loss_dice: 1.0523  decode.d2.loss_cls: 0.0323  decode.d2.loss_mask: 1.1395  decode.d2.loss_dice: 1.0210  decode.d3.loss_cls: 0.0308  decode.d3.loss_mask: 1.1297  decode.d3.loss_dice: 1.0122  decode.d4.loss_cls: 0.0275  decode.d4.loss_mask: 1.1309  decode.d4.loss_dice: 1.0050  decode.d5.loss_cls: 0.0316  decode.d5.loss_mask: 1.1142  decode.d5.loss_dice: 0.9718  decode.d6.loss_cls: 0.0320  decode.d6.loss_mask: 1.1087  decode.d6.loss_dice: 0.9834  decode.d7.loss_cls: 0.0291  decode.d7.loss_mask: 1.1191  decode.d7.loss_dice: 0.9884  decode.d8.loss_cls: 0.0323  decode.d8.loss_mask: 1.1036  decode.d8.loss_dice: 0.9915
2026/08/03 16:20:52 - mmengine - INFO - Iter(train) [ 5500/40000]  base_lr: 1.9787e-05 lr: 1.9787e-05  eta: 11:01:51  time: 1.1123  data_time: 0.0237  memory: 16812  grad_norm: 79.0026  loss: 25.6814  decode.loss_cls: 0.0221  decode.loss_mask: 1.2765  decode.loss_dice: 1.2200  decode.d0.loss_cls: 0.3794  decode.d0.loss_mask: 1.3085  decode.d0.loss_dice: 1.2333  decode.d1.loss_cls: 0.0300  decode.d1.loss_mask: 1.2798  decode.d1.loss_dice: 1.2269  decode.d2.loss_cls: 0.0216  decode.d2.loss_mask: 1.2800  decode.d2.loss_dice: 1.2229  decode.d3.loss_cls: 0.0208  decode.d3.loss_mask: 1.2793  decode.d3.loss_dice: 1.2187  decode.d4.loss_cls: 0.0230  decode.d4.loss_mask: 1.2717  decode.d4.loss_dice: 1.2222  decode.d5.loss_cls: 0.0241  decode.d5.loss_mask: 1.2721  decode.d5.loss_dice: 1.2386  decode.d6.loss_cls: 0.0230  decode.d6.loss_mask: 1.2771  decode.d6.loss_dice: 1.2238  decode.d7.loss_cls: 0.0227  decode.d7.loss_mask: 1.2808  decode.d7.loss_dice: 1.2514  decode.d8.loss_cls: 0.0221  decode.d8.loss_mask: 1.2702  decode.d8.loss_dice: 1.2391
2026/08/03 16:22:44 - mmengine - INFO - Iter(train) [ 5600/40000]  base_lr: 1.9770e-05 lr: 1.9770e-05  eta: 10:59:37  time: 1.1433  data_time: 0.0237  memory: 16845  grad_norm: 66.7797  loss: 25.5020  decode.loss_cls: 0.0264  decode.loss_mask: 1.2144  decode.loss_dice: 1.2484  decode.d0.loss_cls: 0.3591  decode.d0.loss_mask: 1.2481  decode.d0.loss_dice: 1.3182  decode.d1.loss_cls: 0.0345  decode.d1.loss_mask: 1.2272  decode.d1.loss_dice: 1.2813  decode.d2.loss_cls: 0.0271  decode.d2.loss_mask: 1.2276  decode.d2.loss_dice: 1.2862  decode.d3.loss_cls: 0.0246  decode.d3.loss_mask: 1.2175  decode.d3.loss_dice: 1.2759  decode.d4.loss_cls: 0.0258  decode.d4.loss_mask: 1.2119  decode.d4.loss_dice: 1.2691  decode.d5.loss_cls: 0.0287  decode.d5.loss_mask: 1.2077  decode.d5.loss_dice: 1.2539  decode.d6.loss_cls: 0.0255  decode.d6.loss_mask: 1.2208  decode.d6.loss_dice: 1.2612  decode.d7.loss_cls: 0.0259  decode.d7.loss_mask: 1.2152  decode.d7.loss_dice: 1.2560  decode.d8.loss_cls: 0.0274  decode.d8.loss_mask: 1.2139  decode.d8.loss_dice: 1.2424
2026/08/03 16:24:40 - mmengine - INFO - Iter(train) [ 5700/40000]  base_lr: 1.9752e-05 lr: 1.9752e-05  eta: 10:57:43  time: 1.1145  data_time: 0.0241  memory: 16830  grad_norm: 64.9934  loss: 21.9759  decode.loss_cls: 0.0158  decode.loss_mask: 1.1273  decode.loss_dice: 1.0109  decode.d0.loss_cls: 0.3356  decode.d0.loss_mask: 1.1455  decode.d0.loss_dice: 1.0855  decode.d1.loss_cls: 0.0241  decode.d1.loss_mask: 1.1290  decode.d1.loss_dice: 1.0256  decode.d2.loss_cls: 0.0162  decode.d2.loss_mask: 1.1448  decode.d2.loss_dice: 1.0205  decode.d3.loss_cls: 0.0177  decode.d3.loss_mask: 1.1300  decode.d3.loss_dice: 0.9994  decode.d4.loss_cls: 0.0192  decode.d4.loss_mask: 1.1286  decode.d4.loss_dice: 1.0089  decode.d5.loss_cls: 0.0209  decode.d5.loss_mask: 1.1245  decode.d5.loss_dice: 0.9982  decode.d6.loss_cls: 0.0172  decode.d6.loss_mask: 1.1369  decode.d6.loss_dice: 1.0076  decode.d7.loss_cls: 0.0167  decode.d7.loss_mask: 1.1222  decode.d7.loss_dice: 1.0048  decode.d8.loss_cls: 0.0170  decode.d8.loss_mask: 1.1179  decode.d8.loss_dice: 1.0075
2026/08/03 16:26:32 - mmengine - INFO - Iter(train) [ 5800/40000]  base_lr: 1.9733e-05 lr: 1.9733e-05  eta: 10:55:32  time: 1.1068  data_time: 0.0217  memory: 16845  grad_norm: 62.5444  loss: 24.8753  decode.loss_cls: 0.0085  decode.loss_mask: 1.2675  decode.loss_dice: 1.1588  decode.d0.loss_cls: 0.3113  decode.d0.loss_mask: 1.3007  decode.d0.loss_dice: 1.2075  decode.d1.loss_cls: 0.0171  decode.d1.loss_mask: 1.3031  decode.d1.loss_dice: 1.1698  decode.d2.loss_cls: 0.0131  decode.d2.loss_mask: 1.2887  decode.d2.loss_dice: 1.1552  decode.d3.loss_cls: 0.0097  decode.d3.loss_mask: 1.2896  decode.d3.loss_dice: 1.1697  decode.d4.loss_cls: 0.0103  decode.d4.loss_mask: 1.2775  decode.d4.loss_dice: 1.1646  decode.d5.loss_cls: 0.0118  decode.d5.loss_mask: 1.2680  decode.d5.loss_dice: 1.1604  decode.d6.loss_cls: 0.0100  decode.d6.loss_mask: 1.2719  decode.d6.loss_dice: 1.1558  decode.d7.loss_cls: 0.0095  decode.d7.loss_mask: 1.2735  decode.d7.loss_dice: 1.1616  decode.d8.loss_cls: 0.0083  decode.d8.loss_mask: 1.2678  decode.d8.loss_dice: 1.1538
2026/08/03 16:28:24 - mmengine - INFO - Iter(train) [ 5900/40000]  base_lr: 1.9714e-05 lr: 1.9714e-05  eta: 10:53:18  time: 1.1154  data_time: 0.0241  memory: 16821  grad_norm: 95.0528  loss: 28.8107  decode.loss_cls: 0.0719  decode.loss_mask: 1.4499  decode.loss_dice: 1.2451  decode.d0.loss_cls: 0.3536  decode.d0.loss_mask: 1.5345  decode.d0.loss_dice: 1.4925  decode.d1.loss_cls: 0.0880  decode.d1.loss_mask: 1.5234  decode.d1.loss_dice: 1.3086  decode.d2.loss_cls: 0.0806  decode.d2.loss_mask: 1.4975  decode.d2.loss_dice: 1.3051  decode.d3.loss_cls: 0.0790  decode.d3.loss_mask: 1.4921  decode.d3.loss_dice: 1.2711  decode.d4.loss_cls: 0.0790  decode.d4.loss_mask: 1.4837  decode.d4.loss_dice: 1.2652  decode.d5.loss_cls: 0.0765  decode.d5.loss_mask: 1.4785  decode.d5.loss_dice: 1.2792  decode.d6.loss_cls: 0.0725  decode.d6.loss_mask: 1.4608  decode.d6.loss_dice: 1.2613  decode.d7.loss_cls: 0.0720  decode.d7.loss_mask: 1.4659  decode.d7.loss_dice: 1.2537  decode.d8.loss_cls: 0.0739  decode.d8.loss_mask: 1.4549  decode.d8.loss_dice: 1.2405
2026/08/03 16:30:15 - mmengine - INFO - Exp name: dinov3_m2f_gram_4999_v2_20260803_142922
2026/08/03 16:30:15 - mmengine - INFO - Iter(train) [ 6000/40000]  base_lr: 1.9694e-05 lr: 1.9694e-05  eta: 10:51:03  time: 1.1125  data_time: 0.0227  memory: 16828  grad_norm: 93.5514  loss: 26.0238  decode.loss_cls: 0.0399  decode.loss_mask: 1.2682  decode.loss_dice: 1.2288  decode.d0.loss_cls: 0.2983  decode.d0.loss_mask: 1.3200  decode.d0.loss_dice: 1.3372  decode.d1.loss_cls: 0.0549  decode.d1.loss_mask: 1.2869  decode.d1.loss_dice: 1.2770  decode.d2.loss_cls: 0.0380  decode.d2.loss_mask: 1.3160  decode.d2.loss_dice: 1.2699  decode.d3.loss_cls: 0.0381  decode.d3.loss_mask: 1.2844  decode.d3.loss_dice: 1.2322  decode.d4.loss_cls: 0.0364  decode.d4.loss_mask: 1.2958  decode.d4.loss_dice: 1.2257  decode.d5.loss_cls: 0.0387  decode.d5.loss_mask: 1.2949  decode.d5.loss_dice: 1.2277  decode.d6.loss_cls: 0.0338  decode.d6.loss_mask: 1.3017  decode.d6.loss_dice: 1.2378  decode.d7.loss_cls: 0.0357  decode.d7.loss_mask: 1.2650  decode.d7.loss_dice: 1.2229  decode.d8.loss_cls: 0.0363  decode.d8.loss_mask: 1.2721  decode.d8.loss_dice: 1.2094
2026/08/03 16:30:15 - mmengine - INFO - Saving checkpoint at 6000 iterations
2026/08/03 16:31:24 - mmengine - INFO - Iter(val) [100/252]    eta: 0:01:04  time: 0.4056  data_time: 0.0142  memory: 4705  
2026/08/03 16:32:04 - mmengine - INFO - Iter(val) [200/252]    eta: 0:00:21  time: 0.4065  data_time: 0.0139  memory: 4705  
2026/08/03 16:32:30 - mmengine - INFO - per class results:
2026/08/03 16:32:30 - mmengine - INFO - 
+--------------------+-------+-------+--------+-----------+--------+
|       Class        |  IoU  |  Acc  | Fscore | Precision | Recall |
+--------------------+-------+-------+--------+-----------+--------+
| impervious_surface | 85.85 | 92.39 | 92.38  |   92.38   | 92.39  |
|      building      | 93.71 | 98.67 | 96.75  |   94.91   | 98.67  |
|   low_vegetation   | 77.27 | 94.37 | 87.18  |   81.01   | 94.37  |
|        tree        |  74.9 | 76.56 | 85.65  |   97.18   | 76.56  |
|        car         | 91.69 |  96.1 | 95.67  |   95.23   |  96.1  |
+--------------------+-------+-------+--------+-----------+--------+
2026/08/03 16:32:30 - mmengine - INFO - Iter(val) [252/252]    aAcc: 89.9300  mIoU: 84.6800  mAcc: 91.6200  mFscore: 91.5300  mPrecision: 92.1400  mRecall: 91.6200  data_time: 0.0204  time: 0.4127
2026/08/03 16:34:25 - mmengine - INFO - Iter(train) [ 6100/40000]  base_lr: 1.9673e-05 lr: 1.9673e-05  eta: 10:49:34  time: 1.1219  data_time: 0.0233  memory: 16845  grad_norm: 80.6141  loss: 24.8656  decode.loss_cls: 0.0233  decode.loss_mask: 1.3345  decode.loss_dice: 1.0432  decode.d0.loss_cls: 0.2860  decode.d0.loss_mask: 1.4264  decode.d0.loss_dice: 1.2344  decode.d1.loss_cls: 0.0341  decode.d1.loss_mask: 1.3705  decode.d1.loss_dice: 1.1230  decode.d2.loss_cls: 0.0228  decode.d2.loss_mask: 1.3602  decode.d2.loss_dice: 1.0916  decode.d3.loss_cls: 0.0202  decode.d3.loss_mask: 1.3452  decode.d3.loss_dice: 1.0755  decode.d4.loss_cls: 0.0201  decode.d4.loss_mask: 1.3469  decode.d4.loss_dice: 1.0640  decode.d5.loss_cls: 0.0208  decode.d5.loss_mask: 1.3345  decode.d5.loss_dice: 1.0533  decode.d6.loss_cls: 0.0231  decode.d6.loss_mask: 1.3411  decode.d6.loss_dice: 1.0382  decode.d7.loss_cls: 0.0219  decode.d7.loss_mask: 1.3242  decode.d7.loss_dice: 1.0537  decode.d8.loss_cls: 0.0219  decode.d8.loss_mask: 1.3415  decode.d8.loss_dice: 1.0699
2026/08/03 16:36:17 - mmengine - INFO - Iter(train) [ 6200/40000]  base_lr: 1.9652e-05 lr: 1.9652e-05  eta: 10:47:24  time: 1.1140  data_time: 0.0243  memory: 16845  grad_norm: 54.3342  loss: 16.4629  decode.loss_cls: 0.0152  decode.loss_mask: 0.8170  decode.loss_dice: 0.7518  decode.d0.loss_cls: 0.2530  decode.d0.loss_mask: 0.8908  decode.d0.loss_dice: 0.8608  decode.d1.loss_cls: 0.0218  decode.d1.loss_mask: 0.8357  decode.d1.loss_dice: 0.7989  decode.d2.loss_cls: 0.0196  decode.d2.loss_mask: 0.8265  decode.d2.loss_dice: 0.7721  decode.d3.loss_cls: 0.0173  decode.d3.loss_mask: 0.8213  decode.d3.loss_dice: 0.7798  decode.d4.loss_cls: 0.0175  decode.d4.loss_mask: 0.8183  decode.d4.loss_dice: 0.7685  decode.d5.loss_cls: 0.0169  decode.d5.loss_mask: 0.8098  decode.d5.loss_dice: 0.7726  decode.d6.loss_cls: 0.0171  decode.d6.loss_mask: 0.8071  decode.d6.loss_dice: 0.7663  decode.d7.loss_cls: 0.0153  decode.d7.loss_mask: 0.8160  decode.d7.loss_dice: 0.7605  decode.d8.loss_cls: 0.0146  decode.d8.loss_mask: 0.8206  decode.d8.loss_dice: 0.7600
2026/08/03 16:38:09 - mmengine - INFO - Iter(train) [ 6300/40000]  base_lr: 1.9630e-05 lr: 1.9630e-05  eta: 10:45:12  time: 1.1153  data_time: 0.0244  memory: 16838  grad_norm: 63.1597  loss: 18.6620  decode.loss_cls: 0.0175  decode.loss_mask: 0.9152  decode.loss_dice: 0.8955  decode.d0.loss_cls: 0.2410  decode.d0.loss_mask: 1.0016  decode.d0.loss_dice: 1.0574  decode.d1.loss_cls: 0.0271  decode.d1.loss_mask: 0.9401  decode.d1.loss_dice: 0.9506  decode.d2.loss_cls: 0.0194  decode.d2.loss_mask: 0.9141  decode.d2.loss_dice: 0.8949  decode.d3.loss_cls: 0.0206  decode.d3.loss_mask: 0.9113  decode.d3.loss_dice: 0.8699  decode.d4.loss_cls: 0.0213  decode.d4.loss_mask: 0.8961  decode.d4.loss_dice: 0.8762  decode.d5.loss_cls: 0.0199  decode.d5.loss_mask: 0.8986  decode.d5.loss_dice: 0.8735  decode.d6.loss_cls: 0.0189  decode.d6.loss_mask: 0.9020  decode.d6.loss_dice: 0.8780  decode.d7.loss_cls: 0.0179  decode.d7.loss_mask: 0.9110  decode.d7.loss_dice: 0.8783  decode.d8.loss_cls: 0.0191  decode.d8.loss_mask: 0.8995  decode.d8.loss_dice: 0.8753
2026/08/03 16:40:01 - mmengine - INFO - Iter(train) [ 6400/40000]  base_lr: 1.9607e-05 lr: 1.9607e-05  eta: 10:43:00  time: 1.1224  data_time: 0.0243  memory: 16828  grad_norm: 82.6453  loss: 23.1167  decode.loss_cls: 0.0283  decode.loss_mask: 1.1376  decode.loss_dice: 1.0811  decode.d0.loss_cls: 0.2329  decode.d0.loss_mask: 1.2914  decode.d0.loss_dice: 1.1807  decode.d1.loss_cls: 0.0343  decode.d1.loss_mask: 1.2286  decode.d1.loss_dice: 1.1144  decode.d2.loss_cls: 0.0276  decode.d2.loss_mask: 1.2107  decode.d2.loss_dice: 1.0966  decode.d3.loss_cls: 0.0302  decode.d3.loss_mask: 1.1556  decode.d3.loss_dice: 1.0785  decode.d4.loss_cls: 0.0334  decode.d4.loss_mask: 1.1282  decode.d4.loss_dice: 1.0602  decode.d5.loss_cls: 0.0305  decode.d5.loss_mask: 1.1485  decode.d5.loss_dice: 1.0809  decode.d6.loss_cls: 0.0310  decode.d6.loss_mask: 1.1299  decode.d6.loss_dice: 1.0667  decode.d7.loss_cls: 0.0283  decode.d7.loss_mask: 1.1397  decode.d7.loss_dice: 1.0793  decode.d8.loss_cls: 0.0298  decode.d8.loss_mask: 1.1229  decode.d8.loss_dice: 1.0786
2026/08/03 16:41:56 - mmengine - INFO - Iter(train) [ 6500/40000]  base_lr: 1.9584e-05 lr: 1.9584e-05  eta: 10:41:09  time: 1.1084  data_time: 0.0201  memory: 16845  grad_norm: 98.5088  loss: 24.8926  decode.loss_cls: 0.0471  decode.loss_mask: 1.3124  decode.loss_dice: 1.0654  decode.d0.loss_cls: 0.2296  decode.d0.loss_mask: 1.3768  decode.d0.loss_dice: 1.2291  decode.d1.loss_cls: 0.0502  decode.d1.loss_mask: 1.3147  decode.d1.loss_dice: 1.1424  decode.d2.loss_cls: 0.0472  decode.d2.loss_mask: 1.3200  decode.d2.loss_dice: 1.1208  decode.d3.loss_cls: 0.0441  decode.d3.loss_mask: 1.3146  decode.d3.loss_dice: 1.0952  decode.d4.loss_cls: 0.0428  decode.d4.loss_mask: 1.3148  decode.d4.loss_dice: 1.0778  decode.d5.loss_cls: 0.0489  decode.d5.loss_mask: 1.2985  decode.d5.loss_dice: 1.0739  decode.d6.loss_cls: 0.0469  decode.d6.loss_mask: 1.3138  decode.d6.loss_dice: 1.0824  decode.d7.loss_cls: 0.0440  decode.d7.loss_mask: 1.3095  decode.d7.loss_dice: 1.0922  decode.d8.loss_cls: 0.0441  decode.d8.loss_mask: 1.3074  decode.d8.loss_dice: 1.0859
2026/08/03 16:43:48 - mmengine - INFO - Iter(train) [ 6600/40000]  base_lr: 1.9560e-05 lr: 1.9560e-05  eta: 10:38:57  time: 1.1121  data_time: 0.0229  memory: 16837  grad_norm: 84.5288  loss: 26.0587  decode.loss_cls: 0.0251  decode.loss_mask: 1.3717  decode.loss_dice: 1.1560  decode.d0.loss_cls: 0.2017  decode.d0.loss_mask: 1.4114  decode.d0.loss_dice: 1.2442  decode.d1.loss_cls: 0.0296  decode.d1.loss_mask: 1.4012  decode.d1.loss_dice: 1.2146  decode.d2.loss_cls: 0.0236  decode.d2.loss_mask: 1.3875  decode.d2.loss_dice: 1.1912  decode.d3.loss_cls: 0.0235  decode.d3.loss_mask: 1.3796  decode.d3.loss_dice: 1.1760  decode.d4.loss_cls: 0.0224  decode.d4.loss_mask: 1.3780  decode.d4.loss_dice: 1.1797  decode.d5.loss_cls: 0.0239  decode.d5.loss_mask: 1.3687  decode.d5.loss_dice: 1.1567  decode.d6.loss_cls: 0.0237  decode.d6.loss_mask: 1.3770  decode.d6.loss_dice: 1.1685  decode.d7.loss_cls: 0.0231  decode.d7.loss_mask: 1.3724  decode.d7.loss_dice: 1.1695  decode.d8.loss_cls: 0.0249  decode.d8.loss_mask: 1.3713  decode.d8.loss_dice: 1.1621
2026/08/03 16:45:39 - mmengine - INFO - Iter(train) [ 6700/40000]  base_lr: 1.9535e-05 lr: 1.9535e-05  eta: 10:36:47  time: 1.1150  data_time: 0.0244  memory: 16845  grad_norm: 66.9353  loss: 19.6956  decode.loss_cls: 0.0310  decode.loss_mask: 0.9630  decode.loss_dice: 0.9135  decode.d0.loss_cls: 0.1990  decode.d0.loss_mask: 1.0560  decode.d0.loss_dice: 1.0267  decode.d1.loss_cls: 0.0290  decode.d1.loss_mask: 1.0159  decode.d1.loss_dice: 0.9683  decode.d2.loss_cls: 0.0252  decode.d2.loss_mask: 1.0020  decode.d2.loss_dice: 0.9497  decode.d3.loss_cls: 0.0275  decode.d3.loss_mask: 0.9801  decode.d3.loss_dice: 0.9281  decode.d4.loss_cls: 0.0263  decode.d4.loss_mask: 0.9733  decode.d4.loss_dice: 0.9227  decode.d5.loss_cls: 0.0268  decode.d5.loss_mask: 0.9750  decode.d5.loss_dice: 0.9217  decode.d6.loss_cls: 0.0279  decode.d6.loss_mask: 0.9632  decode.d6.loss_dice: 0.9113  decode.d7.loss_cls: 0.0284  decode.d7.loss_mask: 0.9657  decode.d7.loss_dice: 0.9202  decode.d8.loss_cls: 0.0264  decode.d8.loss_mask: 0.9666  decode.d8.loss_dice: 0.9251
2026/08/03 16:47:31 - mmengine - INFO - Iter(train) [ 6800/40000]  base_lr: 1.9510e-05 lr: 1.9510e-05  eta: 10:34:36  time: 1.1140  data_time: 0.0236  memory: 16812  grad_norm: 63.9799  loss: 20.6620  decode.loss_cls: 0.0177  decode.loss_mask: 1.0256  decode.loss_dice: 0.9912  decode.d0.loss_cls: 0.1806  decode.d0.loss_mask: 1.0901  decode.d0.loss_dice: 1.0758  decode.d1.loss_cls: 0.0274  decode.d1.loss_mask: 1.0261  decode.d1.loss_dice: 1.0261  decode.d2.loss_cls: 0.0224  decode.d2.loss_mask: 1.0213  decode.d2.loss_dice: 1.0121  decode.d3.loss_cls: 0.0222  decode.d3.loss_mask: 1.0135  decode.d3.loss_dice: 0.9915  decode.d4.loss_cls: 0.0204  decode.d4.loss_mask: 1.0177  decode.d4.loss_dice: 0.9895  decode.d5.loss_cls: 0.0211  decode.d5.loss_mask: 1.0111  decode.d5.loss_dice: 0.9898  decode.d6.loss_cls: 0.0195  decode.d6.loss_mask: 1.0099  decode.d6.loss_dice: 0.9861  decode.d7.loss_cls: 0.0195  decode.d7.loss_mask: 1.0161  decode.d7.loss_dice: 0.9950  decode.d8.loss_cls: 0.0187  decode.d8.loss_mask: 1.0149  decode.d8.loss_dice: 0.9891
2026/08/03 16:49:22 - mmengine - INFO - Iter(train) [ 6900/40000]  base_lr: 1.9484e-05 lr: 1.9484e-05  eta: 10:32:25  time: 1.1135  data_time: 0.0226  memory: 16845  grad_norm: 61.3668  loss: 21.6385  decode.loss_cls: 0.0173  decode.loss_mask: 1.0626  decode.loss_dice: 1.0290  decode.d0.loss_cls: 0.1713  decode.d0.loss_mask: 1.1172  decode.d0.loss_dice: 1.1644  decode.d1.loss_cls: 0.0239  decode.d1.loss_mask: 1.0822  decode.d1.loss_dice: 1.0844  decode.d2.loss_cls: 0.0192  decode.d2.loss_mask: 1.0620  decode.d2.loss_dice: 1.0615  decode.d3.loss_cls: 0.0176  decode.d3.loss_mask: 1.0619  decode.d3.loss_dice: 1.0616  decode.d4.loss_cls: 0.0164  decode.d4.loss_mask: 1.0618  decode.d4.loss_dice: 1.0632  decode.d5.loss_cls: 0.0151  decode.d5.loss_mask: 1.0688  decode.d5.loss_dice: 1.0461  decode.d6.loss_cls: 0.0151  decode.d6.loss_mask: 1.0625  decode.d6.loss_dice: 1.0321  decode.d7.loss_cls: 0.0153  decode.d7.loss_mask: 1.0610  decode.d7.loss_dice: 1.0245  decode.d8.loss_cls: 0.0166  decode.d8.loss_mask: 1.0673  decode.d8.loss_dice: 1.0365
2026/08/03 16:51:17 - mmengine - INFO - Exp name: dinov3_m2f_gram_4999_v2_20260803_142922
2026/08/03 16:51:17 - mmengine - INFO - Iter(train) [ 7000/40000]  base_lr: 1.9458e-05 lr: 1.9458e-05  eta: 10:30:32  time: 1.1108  data_time: 0.0229  memory: 16829  grad_norm: 63.8345  loss: 21.0346  decode.loss_cls: 0.0208  decode.loss_mask: 1.0752  decode.loss_dice: 0.9685  decode.d0.loss_cls: 0.1595  decode.d0.loss_mask: 1.0918  decode.d0.loss_dice: 1.1044  decode.d1.loss_cls: 0.0210  decode.d1.loss_mask: 1.0862  decode.d1.loss_dice: 1.0170  decode.d2.loss_cls: 0.0171  decode.d2.loss_mask: 1.0875  decode.d2.loss_dice: 0.9965  decode.d3.loss_cls: 0.0218  decode.d3.loss_mask: 1.0654  decode.d3.loss_dice: 0.9811  decode.d4.loss_cls: 0.0216  decode.d4.loss_mask: 1.0706  decode.d4.loss_dice: 0.9786  decode.d5.loss_cls: 0.0218  decode.d5.loss_mask: 1.0700  decode.d5.loss_dice: 0.9757  decode.d6.loss_cls: 0.0199  decode.d6.loss_mask: 1.0712  decode.d6.loss_dice: 0.9682  decode.d7.loss_cls: 0.0201  decode.d7.loss_mask: 1.0765  decode.d7.loss_dice: 0.9655  decode.d8.loss_cls: 0.0205  decode.d8.loss_mask: 1.0743  decode.d8.loss_dice: 0.9667
2026/08/03 16:53:09 - mmengine - INFO - Iter(train) [ 7100/40000]  base_lr: 1.9430e-05 lr: 1.9430e-05  eta: 10:28:24  time: 1.1202  data_time: 0.0239  memory: 16845  grad_norm: 56.6319  loss: 23.1455  decode.loss_cls: 0.0097  decode.loss_mask: 1.1932  decode.loss_dice: 1.0551  decode.d0.loss_cls: 0.1485  decode.d0.loss_mask: 1.2389  decode.d0.loss_dice: 1.1446  decode.d1.loss_cls: 0.0142  decode.d1.loss_mask: 1.2129  decode.d1.loss_dice: 1.1139  decode.d2.loss_cls: 0.0104  decode.d2.loss_mask: 1.2063  decode.d2.loss_dice: 1.1007  decode.d3.loss_cls: 0.0100  decode.d3.loss_mask: 1.1943  decode.d3.loss_dice: 1.0896  decode.d4.loss_cls: 0.0108  decode.d4.loss_mask: 1.2013  decode.d4.loss_dice: 1.0946  decode.d5.loss_cls: 0.0094  decode.d5.loss_mask: 1.1893  decode.d5.loss_dice: 1.0925  decode.d6.loss_cls: 0.0103  decode.d6.loss_mask: 1.1866  decode.d6.loss_dice: 1.0729  decode.d7.loss_cls: 0.0105  decode.d7.loss_mask: 1.1916  decode.d7.loss_dice: 1.0730  decode.d8.loss_cls: 0.0095  decode.d8.loss_mask: 1.1893  decode.d8.loss_dice: 1.0611
2026/08/03 16:55:01 - mmengine - INFO - Iter(train) [ 7200/40000]  base_lr: 1.9403e-05 lr: 1.9403e-05  eta: 10:26:18  time: 1.1123  data_time: 0.0232  memory: 16821  grad_norm: 97.3257  loss: 25.2182  decode.loss_cls: 0.0709  decode.loss_mask: 1.2294  decode.loss_dice: 1.1161  decode.d0.loss_cls: 0.2138  decode.d0.loss_mask: 1.3286  decode.d0.loss_dice: 1.3708  decode.d1.loss_cls: 0.0776  decode.d1.loss_mask: 1.3267  decode.d1.loss_dice: 1.2652  decode.d2.loss_cls: 0.0797  decode.d2.loss_mask: 1.2815  decode.d2.loss_dice: 1.1727  decode.d3.loss_cls: 0.0796  decode.d3.loss_mask: 1.2762  decode.d3.loss_dice: 1.1179  decode.d4.loss_cls: 0.0819  decode.d4.loss_mask: 1.2660  decode.d4.loss_dice: 1.1107  decode.d5.loss_cls: 0.0775  decode.d5.loss_mask: 1.2663  decode.d5.loss_dice: 1.1101  decode.d6.loss_cls: 0.0739  decode.d6.loss_mask: 1.2475  decode.d6.loss_dice: 1.1062  decode.d7.loss_cls: 0.0747  decode.d7.loss_mask: 1.2375  decode.d7.loss_dice: 1.1225  decode.d8.loss_cls: 0.0718  decode.d8.loss_mask: 1.2385  decode.d8.loss_dice: 1.1263
2026/08/03 16:56:53 - mmengine - INFO - Iter(train) [ 7300/40000]  base_lr: 1.9374e-05 lr: 1.9374e-05  eta: 10:24:11  time: 1.1155  data_time: 0.0234  memory: 16845  grad_norm: 94.1585  loss: 25.7740  decode.loss_cls: 0.0345  decode.loss_mask: 1.2581  decode.loss_dice: 1.2064  decode.d0.loss_cls: 0.1563  decode.d0.loss_mask: 1.3644  decode.d0.loss_dice: 1.3526  decode.d1.loss_cls: 0.0505  decode.d1.loss_mask: 1.3246  decode.d1.loss_dice: 1.2747  decode.d2.loss_cls: 0.0429  decode.d2.loss_mask: 1.3265  decode.d2.loss_dice: 1.2398  decode.d3.loss_cls: 0.0405  decode.d3.loss_mask: 1.3067  decode.d3.loss_dice: 1.2206  decode.d4.loss_cls: 0.0404  decode.d4.loss_mask: 1.2782  decode.d4.loss_dice: 1.2024  decode.d5.loss_cls: 0.0414  decode.d5.loss_mask: 1.2817  decode.d5.loss_dice: 1.1975  decode.d6.loss_cls: 0.0368  decode.d6.loss_mask: 1.2767  decode.d6.loss_dice: 1.1987  decode.d7.loss_cls: 0.0347  decode.d7.loss_mask: 1.2605  decode.d7.loss_dice: 1.2091  decode.d8.loss_cls: 0.0319  decode.d8.loss_mask: 1.2678  decode.d8.loss_dice: 1.2168
2026/08/03 16:58:48 - mmengine - INFO - Iter(train) [ 7400/40000]  base_lr: 1.9345e-05 lr: 1.9345e-05  eta: 10:22:19  time: 1.1121  data_time: 0.0232  memory: 16845  grad_norm: 94.8780  loss: 24.6390  decode.loss_cls: 0.0313  decode.loss_mask: 1.3180  decode.loss_dice: 1.0496  decode.d0.loss_cls: 0.1474  decode.d0.loss_mask: 1.4475  decode.d0.loss_dice: 1.2661  decode.d1.loss_cls: 0.0310  decode.d1.loss_mask: 1.3410  decode.d1.loss_dice: 1.1106  decode.d2.loss_cls: 0.0268  decode.d2.loss_mask: 1.3134  decode.d2.loss_dice: 1.0779  decode.d3.loss_cls: 0.0256  decode.d3.loss_mask: 1.3249  decode.d3.loss_dice: 1.0914  decode.d4.loss_cls: 0.0270  decode.d4.loss_mask: 1.3187  decode.d4.loss_dice: 1.0649  decode.d5.loss_cls: 0.0294  decode.d5.loss_mask: 1.3159  decode.d5.loss_dice: 1.0578  decode.d6.loss_cls: 0.0285  decode.d6.loss_mask: 1.3146  decode.d6.loss_dice: 1.0622  decode.d7.loss_cls: 0.0291  decode.d7.loss_mask: 1.3085  decode.d7.loss_dice: 1.0744  decode.d8.loss_cls: 0.0319  decode.d8.loss_mask: 1.3147  decode.d8.loss_dice: 1.0589
2026/08/03 17:00:40 - mmengine - INFO - Iter(train) [ 7500/40000]  base_lr: 1.9315e-05 lr: 1.9315e-05  eta: 10:20:14  time: 1.1133  data_time: 0.0225  memory: 16845  grad_norm: 48.7308  loss: 13.8356  decode.loss_cls: 0.0139  decode.loss_mask: 0.6686  decode.loss_dice: 0.6515  decode.d0.loss_cls: 0.1302  decode.d0.loss_mask: 0.6989  decode.d0.loss_dice: 0.7717  decode.d1.loss_cls: 0.0182  decode.d1.loss_mask: 0.6777  decode.d1.loss_dice: 0.7151  decode.d2.loss_cls: 0.0166  decode.d2.loss_mask: 0.6763  decode.d2.loss_dice: 0.6924  decode.d3.loss_cls: 0.0165  decode.d3.loss_mask: 0.6748  decode.d3.loss_dice: 0.6781  decode.d4.loss_cls: 0.0157  decode.d4.loss_mask: 0.6646  decode.d4.loss_dice: 0.6815  decode.d5.loss_cls: 0.0155  decode.d5.loss_mask: 0.6603  decode.d5.loss_dice: 0.6658  decode.d6.loss_cls: 0.0137  decode.d6.loss_mask: 0.6660  decode.d6.loss_dice: 0.6710  decode.d7.loss_cls: 0.0151  decode.d7.loss_mask: 0.6655  decode.d7.loss_dice: 0.6518  decode.d8.loss_cls: 0.0148  decode.d8.loss_mask: 0.6666  decode.d8.loss_dice: 0.6673
2026/08/03 17:02:32 - mmengine - INFO - Iter(train) [ 7600/40000]  base_lr: 1.9285e-05 lr: 1.9285e-05  eta: 10:18:09  time: 1.1200  data_time: 0.0231  memory: 16838  grad_norm: 62.5822  loss: 18.5242  decode.loss_cls: 0.0185  decode.loss_mask: 0.9220  decode.loss_dice: 0.8774  decode.d0.loss_cls: 0.1263  decode.d0.loss_mask: 0.9521  decode.d0.loss_dice: 1.0319  decode.d1.loss_cls: 0.0294  decode.d1.loss_mask: 0.9160  decode.d1.loss_dice: 0.9233  decode.d2.loss_cls: 0.0240  decode.d2.loss_mask: 0.9231  decode.d2.loss_dice: 0.8950  decode.d3.loss_cls: 0.0240  decode.d3.loss_mask: 0.9220  decode.d3.loss_dice: 0.8802  decode.d4.loss_cls: 0.0225  decode.d4.loss_mask: 0.9105  decode.d4.loss_dice: 0.8824  decode.d5.loss_cls: 0.0231  decode.d5.loss_mask: 0.9151  decode.d5.loss_dice: 0.8679  decode.d6.loss_cls: 0.0217  decode.d6.loss_mask: 0.9181  decode.d6.loss_dice: 0.8684  decode.d7.loss_cls: 0.0189  decode.d7.loss_mask: 0.9216  decode.d7.loss_dice: 0.8850  decode.d8.loss_cls: 0.0222  decode.d8.loss_mask: 0.9073  decode.d8.loss_dice: 0.8741
2026/08/03 17:04:23 - mmengine - INFO - Iter(train) [ 7700/40000]  base_lr: 1.9254e-05 lr: 1.9254e-05  eta: 10:16:01  time: 1.1159  data_time: 0.0217  memory: 16828  grad_norm: 63.3929  loss: 18.2410  decode.loss_cls: 0.0171  decode.loss_mask: 0.9000  decode.loss_dice: 0.8545  decode.d0.loss_cls: 0.1213  decode.d0.loss_mask: 1.0368  decode.d0.loss_dice: 0.9164  decode.d1.loss_cls: 0.0227  decode.d1.loss_mask: 0.9544  decode.d1.loss_dice: 0.8631  decode.d2.loss_cls: 0.0184  decode.d2.loss_mask: 0.9322  decode.d2.loss_dice: 0.8644  decode.d3.loss_cls: 0.0172  decode.d3.loss_mask: 0.9177  decode.d3.loss_dice: 0.8544  decode.d4.loss_cls: 0.0167  decode.d4.loss_mask: 0.9261  decode.d4.loss_dice: 0.8551  decode.d5.loss_cls: 0.0168  decode.d5.loss_mask: 0.9190  decode.d5.loss_dice: 0.8690  decode.d6.loss_cls: 0.0172  decode.d6.loss_mask: 0.9142  decode.d6.loss_dice: 0.8565  decode.d7.loss_cls: 0.0168  decode.d7.loss_mask: 0.9150  decode.d7.loss_dice: 0.8461  decode.d8.loss_cls: 0.0180  decode.d8.loss_mask: 0.9053  decode.d8.loss_dice: 0.8587
2026/08/03 17:06:19 - mmengine - INFO - Iter(train) [ 7800/40000]  base_lr: 1.9222e-05 lr: 1.9222e-05  eta: 10:14:12  time: 1.1367  data_time: 0.0220  memory: 16845  grad_norm: 116.1050  loss: 26.5503  decode.loss_cls: 0.0323  decode.loss_mask: 1.4783  decode.loss_dice: 1.1222  decode.d0.loss_cls: 0.1256  decode.d0.loss_mask: 1.4886  decode.d0.loss_dice: 1.1909  decode.d1.loss_cls: 0.0415  decode.d1.loss_mask: 1.4555  decode.d1.loss_dice: 1.1399  decode.d2.loss_cls: 0.0319  decode.d2.loss_mask: 1.4643  decode.d2.loss_dice: 1.1343  decode.d3.loss_cls: 0.0323  decode.d3.loss_mask: 1.4780  decode.d3.loss_dice: 1.1248  decode.d4.loss_cls: 0.0284  decode.d4.loss_mask: 1.4877  decode.d4.loss_dice: 1.1332  decode.d5.loss_cls: 0.0340  decode.d5.loss_mask: 1.4708  decode.d5.loss_dice: 1.1325  decode.d6.loss_cls: 0.0286  decode.d6.loss_mask: 1.4683  decode.d6.loss_dice: 1.1287  decode.d7.loss_cls: 0.0302  decode.d7.loss_mask: 1.4705  decode.d7.loss_dice: 1.1415  decode.d8.loss_cls: 0.0275  decode.d8.loss_mask: 1.4810  decode.d8.loss_dice: 1.1469
2026/08/03 17:08:11 - mmengine - INFO - Iter(train) [ 7900/40000]  base_lr: 1.9190e-05 lr: 1.9190e-05  eta: 10:12:07  time: 1.1121  data_time: 0.0237  memory: 16837  grad_norm: 76.2410  loss: 24.2809  decode.loss_cls: 0.0087  decode.loss_mask: 1.2908  decode.loss_dice: 1.0834  decode.d0.loss_cls: 0.1036  decode.d0.loss_mask: 1.3666  decode.d0.loss_dice: 1.1499  decode.d1.loss_cls: 0.0171  decode.d1.loss_mask: 1.3310  decode.d1.loss_dice: 1.1263  decode.d2.loss_cls: 0.0134  decode.d2.loss_mask: 1.3055  decode.d2.loss_dice: 1.1050  decode.d3.loss_cls: 0.0120  decode.d3.loss_mask: 1.2938  decode.d3.loss_dice: 1.0943  decode.d4.loss_cls: 0.0119  decode.d4.loss_mask: 1.2871  decode.d4.loss_dice: 1.0967  decode.d5.loss_cls: 0.0117  decode.d5.loss_mask: 1.2871  decode.d5.loss_dice: 1.0989  decode.d6.loss_cls: 0.0108  decode.d6.loss_mask: 1.3080  decode.d6.loss_dice: 1.0862  decode.d7.loss_cls: 0.0098  decode.d7.loss_mask: 1.2943  decode.d7.loss_dice: 1.0861  decode.d8.loss_cls: 0.0081  decode.d8.loss_mask: 1.2900  decode.d8.loss_dice: 1.0927
2026/08/03 17:10:02 - mmengine - INFO - Exp name: dinov3_m2f_gram_4999_v2_20260803_142922
2026/08/03 17:10:02 - mmengine - INFO - Iter(train) [ 8000/40000]  base_lr: 1.9157e-05 lr: 1.9157e-05  eta: 10:10:00  time: 1.1108  data_time: 0.0220  memory: 16845  grad_norm: 67.8932  loss: 17.4270  decode.loss_cls: 0.0225  decode.loss_mask: 0.8735  decode.loss_dice: 0.8047  decode.d0.loss_cls: 0.1147  decode.d0.loss_mask: 0.9363  decode.d0.loss_dice: 0.9042  decode.d1.loss_cls: 0.0262  decode.d1.loss_mask: 0.9059  decode.d1.loss_dice: 0.8494  decode.d2.loss_cls: 0.0216  decode.d2.loss_mask: 0.8876  decode.d2.loss_dice: 0.8394  decode.d3.loss_cls: 0.0209  decode.d3.loss_mask: 0.8850  decode.d3.loss_dice: 0.8271  decode.d4.loss_cls: 0.0218  decode.d4.loss_mask: 0.8722  decode.d4.loss_dice: 0.8179  decode.d5.loss_cls: 0.0226  decode.d5.loss_mask: 0.8719  decode.d5.loss_dice: 0.8182  decode.d6.loss_cls: 0.0217  decode.d6.loss_mask: 0.8659  decode.d6.loss_dice: 0.8085  decode.d7.loss_cls: 0.0217  decode.d7.loss_mask: 0.8687  decode.d7.loss_dice: 0.8102  decode.d8.loss_cls: 0.0231  decode.d8.loss_mask: 0.8589  decode.d8.loss_dice: 0.8047
2026/08/03 17:10:02 - mmengine - INFO - Saving checkpoint at 8000 iterations
2026/08/03 17:11:22 - mmengine - INFO - Iter(val) [100/252]    eta: 0:01:03  time: 0.4052  data_time: 0.0142  memory: 4705  
2026/08/03 17:12:03 - mmengine - INFO - Iter(val) [200/252]    eta: 0:00:21  time: 0.4527  data_time: 0.0139  memory: 4705  
2026/08/03 17:12:28 - mmengine - INFO - per class results:
2026/08/03 17:12:28 - mmengine - INFO - 
+--------------------+-------+-------+--------+-----------+--------+
|       Class        |  IoU  |  Acc  | Fscore | Precision | Recall |
+--------------------+-------+-------+--------+-----------+--------+
| impervious_surface | 87.22 | 90.74 | 93.17  |   95.75   | 90.74  |
|      building      |  91.7 | 99.11 | 95.67  |   92.46   | 99.11  |
|   low_vegetation   | 80.72 |  92.1 | 89.33  |   86.72   |  92.1  |
|        tree        | 82.06 | 86.73 | 90.15  |   93.85   | 86.73  |
|        car         | 93.29 | 94.78 | 96.53  |   98.34   | 94.78  |
+--------------------+-------+-------+--------+-----------+--------+
2026/08/03 17:12:28 - mmengine - INFO - Iter(val) [252/252]    aAcc: 91.7100  mIoU: 87.0000  mAcc: 92.6900  mFscore: 92.9700  mPrecision: 93.4200  mRecall: 92.6900  data_time: 0.0199  time: 0.4137
2026/08/03 17:14:20 - mmengine - INFO - Iter(train) [ 8100/40000]  base_lr: 1.9123e-05 lr: 1.9123e-05  eta: 10:08:10  time: 1.1160  data_time: 0.0231  memory: 16828  grad_norm: 56.3638  loss: 18.8245  decode.loss_cls: 0.0161  decode.loss_mask: 0.9625  decode.loss_dice: 0.8626  decode.d0.loss_cls: 0.1014  decode.d0.loss_mask: 1.0404  decode.d0.loss_dice: 0.9586  decode.d1.loss_cls: 0.0215  decode.d1.loss_mask: 0.9766  decode.d1.loss_dice: 0.9056  decode.d2.loss_cls: 0.0180  decode.d2.loss_mask: 0.9623  decode.d2.loss_dice: 0.8808  decode.d3.loss_cls: 0.0175  decode.d3.loss_mask: 0.9636  decode.d3.loss_dice: 0.8872  decode.d4.loss_cls: 0.0162  decode.d4.loss_mask: 0.9667  decode.d4.loss_dice: 0.8976  decode.d5.loss_cls: 0.0159  decode.d5.loss_mask: 0.9638  decode.d5.loss_dice: 0.8800  decode.d6.loss_cls: 0.0173  decode.d6.loss_mask: 0.9570  decode.d6.loss_dice: 0.8661  decode.d7.loss_cls: 0.0173  decode.d7.loss_mask: 0.9654  decode.d7.loss_dice: 0.8587  decode.d8.loss_cls: 0.0158  decode.d8.loss_mask: 0.9624  decode.d8.loss_dice: 0.8497
2026/08/03 17:16:12 - mmengine - INFO - Iter(train) [ 8200/40000]  base_lr: 1.9089e-05 lr: 1.9089e-05  eta: 10:06:05  time: 1.1158  data_time: 0.0233  memory: 16845  grad_norm: 61.7003  loss: 18.7055  decode.loss_cls: 0.0170  decode.loss_mask: 0.9078  decode.loss_dice: 0.8879  decode.d0.loss_cls: 0.0995  decode.d0.loss_mask: 0.9614  decode.d0.loss_dice: 1.0548  decode.d1.loss_cls: 0.0237  decode.d1.loss_mask: 0.9265  decode.d1.loss_dice: 0.9635  decode.d2.loss_cls: 0.0199  decode.d2.loss_mask: 0.9092  decode.d2.loss_dice: 0.9298  decode.d3.loss_cls: 0.0192  decode.d3.loss_mask: 0.9115  decode.d3.loss_dice: 0.9238  decode.d4.loss_cls: 0.0181  decode.d4.loss_mask: 0.9084  decode.d4.loss_dice: 0.9127  decode.d5.loss_cls: 0.0184  decode.d5.loss_mask: 0.9111  decode.d5.loss_dice: 0.9148  decode.d6.loss_cls: 0.0167  decode.d6.loss_mask: 0.9108  decode.d6.loss_dice: 0.9031  decode.d7.loss_cls: 0.0163  decode.d7.loss_mask: 0.9040  decode.d7.loss_dice: 0.8942  decode.d8.loss_cls: 0.0164  decode.d8.loss_mask: 0.9131  decode.d8.loss_dice: 0.8919
2026/08/03 17:18:07 - mmengine - INFO - Iter(train) [ 8300/40000]  base_lr: 1.9055e-05 lr: 1.9055e-05  eta: 10:04:15  time: 1.1097  data_time: 0.0226  memory: 16829  grad_norm: 68.1475  loss: 20.3036  decode.loss_cls: 0.0129  decode.loss_mask: 1.0748  decode.loss_dice: 0.9030  decode.d0.loss_cls: 0.0910  decode.d0.loss_mask: 1.0806  decode.d0.loss_dice: 1.0117  decode.d1.loss_cls: 0.0164  decode.d1.loss_mask: 1.0799  decode.d1.loss_dice: 0.9360  decode.d2.loss_cls: 0.0134  decode.d2.loss_mask: 1.0811  decode.d2.loss_dice: 0.9290  decode.d3.loss_cls: 0.0110  decode.d3.loss_mask: 1.0870  decode.d3.loss_dice: 0.9270  decode.d4.loss_cls: 0.0118  decode.d4.loss_mask: 1.0883  decode.d4.loss_dice: 0.9162  decode.d5.loss_cls: 0.0122  decode.d5.loss_mask: 1.0813  decode.d5.loss_dice: 0.9106  decode.d6.loss_cls: 0.0114  decode.d6.loss_mask: 1.0800  decode.d6.loss_dice: 0.9112  decode.d7.loss_cls: 0.0114  decode.d7.loss_mask: 1.0776  decode.d7.loss_dice: 0.9159  decode.d8.loss_cls: 0.0092  decode.d8.loss_mask: 1.0938  decode.d8.loss_dice: 0.9176
2026/08/03 17:19:59 - mmengine - INFO - Iter(train) [ 8400/40000]  base_lr: 1.9019e-05 lr: 1.9019e-05  eta: 10:02:11  time: 1.1152  data_time: 0.0239  memory: 16845  grad_norm: 58.1313  loss: 21.2360  decode.loss_cls: 0.0096  decode.loss_mask: 1.0851  decode.loss_dice: 0.9781  decode.d0.loss_cls: 0.0846  decode.d0.loss_mask: 1.1696  decode.d0.loss_dice: 1.0917  decode.d1.loss_cls: 0.0133  decode.d1.loss_mask: 1.1073  decode.d1.loss_dice: 1.0315  decode.d2.loss_cls: 0.0098  decode.d2.loss_mask: 1.0977  decode.d2.loss_dice: 1.0207  decode.d3.loss_cls: 0.0092  decode.d3.loss_mask: 1.0932  decode.d3.loss_dice: 1.0111  decode.d4.loss_cls: 0.0093  decode.d4.loss_mask: 1.0946  decode.d4.loss_dice: 1.0013  decode.d5.loss_cls: 0.0086  decode.d5.loss_mask: 1.0846  decode.d5.loss_dice: 0.9979  decode.d6.loss_cls: 0.0099  decode.d6.loss_mask: 1.0819  decode.d6.loss_dice: 0.9890  decode.d7.loss_cls: 0.0099  decode.d7.loss_mask: 1.0830  decode.d7.loss_dice: 0.9817  decode.d8.loss_cls: 0.0086  decode.d8.loss_mask: 1.0860  decode.d8.loss_dice: 0.9773
2026/08/03 17:21:50 - mmengine - INFO - Iter(train) [ 8500/40000]  base_lr: 1.8983e-05 lr: 1.8983e-05  eta: 10:00:05  time: 1.1093  data_time: 0.0242  memory: 16821  grad_norm: 103.2221  loss: 23.7978  decode.loss_cls: 0.0761  decode.loss_mask: 1.1753  decode.loss_dice: 1.0337  decode.d0.loss_cls: 0.1401  decode.d0.loss_mask: 1.2552  decode.d0.loss_dice: 1.3102  decode.d1.loss_cls: 0.0785  decode.d1.loss_mask: 1.2829  decode.d1.loss_dice: 1.2244  decode.d2.loss_cls: 0.0837  decode.d2.loss_mask: 1.2117  decode.d2.loss_dice: 1.0697  decode.d3.loss_cls: 0.0882  decode.d3.loss_mask: 1.2188  decode.d3.loss_dice: 1.0475  decode.d4.loss_cls: 0.0895  decode.d4.loss_mask: 1.2305  decode.d4.loss_dice: 1.0529  decode.d5.loss_cls: 0.0848  decode.d5.loss_mask: 1.2184  decode.d5.loss_dice: 1.0224  decode.d6.loss_cls: 0.0869  decode.d6.loss_mask: 1.1817  decode.d6.loss_dice: 1.0228  decode.d7.loss_cls: 0.0813  decode.d7.loss_mask: 1.1702  decode.d7.loss_dice: 0.9934  decode.d8.loss_cls: 0.0786  decode.d8.loss_mask: 1.1743  decode.d8.loss_dice: 1.0142
2026/08/03 17:23:42 - mmengine - INFO - Iter(train) [ 8600/40000]  base_lr: 1.8947e-05 lr: 1.8947e-05  eta: 9:58:00  time: 1.1135  data_time: 0.0239  memory: 16845  grad_norm: 94.1100  loss: 25.0492  decode.loss_cls: 0.0242  decode.loss_mask: 1.2463  decode.loss_dice: 1.1732  decode.d0.loss_cls: 0.0959  decode.d0.loss_mask: 1.3488  decode.d0.loss_dice: 1.3141  decode.d1.loss_cls: 0.0359  decode.d1.loss_mask: 1.2846  decode.d1.loss_dice: 1.2186  decode.d2.loss_cls: 0.0310  decode.d2.loss_mask: 1.2673  decode.d2.loss_dice: 1.1990  decode.d3.loss_cls: 0.0283  decode.d3.loss_mask: 1.2623  decode.d3.loss_dice: 1.1695  decode.d4.loss_cls: 0.0271  decode.d4.loss_mask: 1.2574  decode.d4.loss_dice: 1.1722  decode.d5.loss_cls: 0.0260  decode.d5.loss_mask: 1.2612  decode.d5.loss_dice: 1.1943  decode.d6.loss_cls: 0.0265  decode.d6.loss_mask: 1.2581  decode.d6.loss_dice: 1.1899  decode.d7.loss_cls: 0.0253  decode.d7.loss_mask: 1.2512  decode.d7.loss_dice: 1.1911  decode.d8.loss_cls: 0.0244  decode.d8.loss_mask: 1.2545  decode.d8.loss_dice: 1.1909
2026/08/03 17:25:37 - mmengine - INFO - Iter(train) [ 8700/40000]  base_lr: 1.8909e-05 lr: 1.8909e-05  eta: 9:56:09  time: 1.1242  data_time: 0.0236  memory: 16845  grad_norm: 87.0371  loss: 22.3048  decode.loss_cls: 0.0255  decode.loss_mask: 1.2344  decode.loss_dice: 0.9342  decode.d0.loss_cls: 0.0920  decode.d0.loss_mask: 1.3062  decode.d0.loss_dice: 1.0512  decode.d1.loss_cls: 0.0264  decode.d1.loss_mask: 1.2643  decode.d1.loss_dice: 0.9804  decode.d2.loss_cls: 0.0228  decode.d2.loss_mask: 1.2324  decode.d2.loss_dice: 0.9688  decode.d3.loss_cls: 0.0205  decode.d3.loss_mask: 1.2269  decode.d3.loss_dice: 0.9637  decode.d4.loss_cls: 0.0246  decode.d4.loss_mask: 1.2219  decode.d4.loss_dice: 0.9407  decode.d5.loss_cls: 0.0233  decode.d5.loss_mask: 1.2276  decode.d5.loss_dice: 0.9416  decode.d6.loss_cls: 0.0234  decode.d6.loss_mask: 1.2217  decode.d6.loss_dice: 0.9389  decode.d7.loss_cls: 0.0256  decode.d7.loss_mask: 1.2321  decode.d7.loss_dice: 0.9415  decode.d8.loss_cls: 0.0252  decode.d8.loss_mask: 1.2365  decode.d8.loss_dice: 0.9303
2026/08/03 17:27:29 - mmengine - INFO - Iter(train) [ 8800/40000]  base_lr: 1.8871e-05 lr: 1.8871e-05  eta: 9:54:06  time: 1.1177  data_time: 0.0242  memory: 16845  grad_norm: 52.8869  loss: 14.1837  decode.loss_cls: 0.0160  decode.loss_mask: 0.7425  decode.loss_dice: 0.6285  decode.d0.loss_cls: 0.0774  decode.d0.loss_mask: 0.7683  decode.d0.loss_dice: 0.7393  decode.d1.loss_cls: 0.0194  decode.d1.loss_mask: 0.7515  decode.d1.loss_dice: 0.6749  decode.d2.loss_cls: 0.0171  decode.d2.loss_mask: 0.7477  decode.d2.loss_dice: 0.6643  decode.d3.loss_cls: 0.0167  decode.d3.loss_mask: 0.7464  decode.d3.loss_dice: 0.6491  decode.d4.loss_cls: 0.0165  decode.d4.loss_mask: 0.7338  decode.d4.loss_dice: 0.6291  decode.d5.loss_cls: 0.0173  decode.d5.loss_mask: 0.7361  decode.d5.loss_dice: 0.6409  decode.d6.loss_cls: 0.0158  decode.d6.loss_mask: 0.7388  decode.d6.loss_dice: 0.6320  decode.d7.loss_cls: 0.0166  decode.d7.loss_mask: 0.7386  decode.d7.loss_dice: 0.6228  decode.d8.loss_cls: 0.0162  decode.d8.loss_mask: 0.7419  decode.d8.loss_dice: 0.6284
2026/08/03 17:29:21 - mmengine - INFO - Iter(train) [ 8900/40000]  base_lr: 1.8833e-05 lr: 1.8833e-05  eta: 9:52:04  time: 1.1146  data_time: 0.0229  memory: 16838  grad_norm: 74.6373  loss: 18.1837  decode.loss_cls: 0.0196  decode.loss_mask: 0.9234  decode.loss_dice: 0.8429  decode.d0.loss_cls: 0.0806  decode.d0.loss_mask: 0.9731  decode.d0.loss_dice: 0.9976  decode.d1.loss_cls: 0.0277  decode.d1.loss_mask: 0.9418  decode.d1.loss_dice: 0.8898  decode.d2.loss_cls: 0.0246  decode.d2.loss_mask: 0.9257  decode.d2.loss_dice: 0.8544  decode.d3.loss_cls: 0.0222  decode.d3.loss_mask: 0.9287  decode.d3.loss_dice: 0.8444  decode.d4.loss_cls: 0.0215  decode.d4.loss_mask: 0.9146  decode.d4.loss_dice: 0.8361  decode.d5.loss_cls: 0.0221  decode.d5.loss_mask: 0.9210  decode.d5.loss_dice: 0.8252  decode.d6.loss_cls: 0.0202  decode.d6.loss_mask: 0.9283  decode.d6.loss_dice: 0.8350  decode.d7.loss_cls: 0.0203  decode.d7.loss_mask: 0.9314  decode.d7.loss_dice: 0.8340  decode.d8.loss_cls: 0.0213  decode.d8.loss_mask: 0.9190  decode.d8.loss_dice: 0.8372
2026/08/03 17:31:12 - mmengine - INFO - Exp name: dinov3_m2f_gram_4999_v2_20260803_142922
2026/08/03 17:31:12 - mmengine - INFO - Iter(train) [ 9000/40000]  base_lr: 1.8794e-05 lr: 1.8794e-05  eta: 9:50:00  time: 1.1151  data_time: 0.0230  memory: 16828  grad_norm: 61.3637  loss: 15.1448  decode.loss_cls: 0.0144  decode.loss_mask: 0.7539  decode.loss_dice: 0.7126  decode.d0.loss_cls: 0.0797  decode.d0.loss_mask: 0.8505  decode.d0.loss_dice: 0.7629  decode.d1.loss_cls: 0.0201  decode.d1.loss_mask: 0.7923  decode.d1.loss_dice: 0.7293  decode.d2.loss_cls: 0.0171  decode.d2.loss_mask: 0.7750  decode.d2.loss_dice: 0.7253  decode.d3.loss_cls: 0.0145  decode.d3.loss_mask: 0.7679  decode.d3.loss_dice: 0.7211  decode.d4.loss_cls: 0.0151  decode.d4.loss_mask: 0.7650  decode.d4.loss_dice: 0.7100  decode.d5.loss_cls: 0.0153  decode.d5.loss_mask: 0.7532  decode.d5.loss_dice: 0.7187  decode.d6.loss_cls: 0.0155  decode.d6.loss_mask: 0.7532  decode.d6.loss_dice: 0.7205  decode.d7.loss_cls: 0.0130  decode.d7.loss_mask: 0.7495  decode.d7.loss_dice: 0.7054  decode.d8.loss_cls: 0.0151  decode.d8.loss_mask: 0.7457  decode.d8.loss_dice: 0.7130
2026/08/03 17:33:07 - mmengine - INFO - Iter(train) [ 9100/40000]  base_lr: 1.8754e-05 lr: 1.8754e-05  eta: 9:48:09  time: 1.1159  data_time: 0.0242  memory: 16845  grad_norm: 120.9717  loss: 25.4461  decode.loss_cls: 0.0251  decode.loss_mask: 1.4054  decode.loss_dice: 1.0746  decode.d0.loss_cls: 0.0832  decode.d0.loss_mask: 1.4481  decode.d0.loss_dice: 1.1444  decode.d1.loss_cls: 0.0297  decode.d1.loss_mask: 1.4160  decode.d1.loss_dice: 1.1109  decode.d2.loss_cls: 0.0317  decode.d2.loss_mask: 1.3988  decode.d2.loss_dice: 1.0868  decode.d3.loss_cls: 0.0279  decode.d3.loss_mask: 1.4068  decode.d3.loss_dice: 1.0900  decode.d4.loss_cls: 0.0281  decode.d4.loss_mask: 1.4162  decode.d4.loss_dice: 1.0901  decode.d5.loss_cls: 0.0259  decode.d5.loss_mask: 1.4274  decode.d5.loss_dice: 1.0852  decode.d6.loss_cls: 0.0247  decode.d6.loss_mask: 1.4223  decode.d6.loss_dice: 1.0955  decode.d7.loss_cls: 0.0245  decode.d7.loss_mask: 1.4206  decode.d7.loss_dice: 1.0904  decode.d8.loss_cls: 0.0260  decode.d8.loss_mask: 1.4015  decode.d8.loss_dice: 1.0884
2026/08/03 17:34:59 - mmengine - INFO - Iter(train) [ 9200/40000]  base_lr: 1.8714e-05 lr: 1.8714e-05  eta: 9:46:06  time: 1.1243  data_time: 0.0222  memory: 16845  grad_norm: 70.4238  loss: 22.0174  decode.loss_cls: 0.0112  decode.loss_mask: 1.1654  decode.loss_dice: 0.9911  decode.d0.loss_cls: 0.0686  decode.d0.loss_mask: 1.2469  decode.d0.loss_dice: 1.0507  decode.d1.loss_cls: 0.0188  decode.d1.loss_mask: 1.1956  decode.d1.loss_dice: 1.0212  decode.d2.loss_cls: 0.0154  decode.d2.loss_mask: 1.1759  decode.d2.loss_dice: 1.0082  decode.d3.loss_cls: 0.0137  decode.d3.loss_mask: 1.1726  decode.d3.loss_dice: 1.0028  decode.d4.loss_cls: 0.0146  decode.d4.loss_mask: 1.1692  decode.d4.loss_dice: 0.9977  decode.d5.loss_cls: 0.0120  decode.d5.loss_mask: 1.1706  decode.d5.loss_dice: 0.9865  decode.d6.loss_cls: 0.0133  decode.d6.loss_mask: 1.1754  decode.d6.loss_dice: 0.9846  decode.d7.loss_cls: 0.0132  decode.d7.loss_mask: 1.1661  decode.d7.loss_dice: 0.9864  decode.d8.loss_cls: 0.0133  decode.d8.loss_mask: 1.1632  decode.d8.loss_dice: 0.9930
2026/08/03 17:36:51 - mmengine - INFO - Iter(train) [ 9300/40000]  base_lr: 1.8673e-05 lr: 1.8673e-05  eta: 9:44:04  time: 1.1102  data_time: 0.0226  memory: 16845  grad_norm: 66.2949  loss: 15.8300  decode.loss_cls: 0.0233  decode.loss_mask: 0.7890  decode.loss_dice: 0.7211  decode.d0.loss_cls: 0.0809  decode.d0.loss_mask: 0.8606  decode.d0.loss_dice: 0.8767  decode.d1.loss_cls: 0.0299  decode.d1.loss_mask: 0.8240  decode.d1.loss_dice: 0.7711  decode.d2.loss_cls: 0.0254  decode.d2.loss_mask: 0.8129  decode.d2.loss_dice: 0.7668  decode.d3.loss_cls: 0.0238  decode.d3.loss_mask: 0.7963  decode.d3.loss_dice: 0.7438  decode.d4.loss_cls: 0.0261  decode.d4.loss_mask: 0.7832  decode.d4.loss_dice: 0.7388  decode.d5.loss_cls: 0.0257  decode.d5.loss_mask: 0.7734  decode.d5.loss_dice: 0.7373  decode.d6.loss_cls: 0.0252  decode.d6.loss_mask: 0.7783  decode.d6.loss_dice: 0.7254  decode.d7.loss_cls: 0.0242  decode.d7.loss_mask: 0.7895  decode.d7.loss_dice: 0.7289  decode.d8.loss_cls: 0.0250  decode.d8.loss_mask: 0.7791  decode.d8.loss_dice: 0.7243
2026/08/03 17:38:42 - mmengine - INFO - Iter(train) [ 9400/40000]  base_lr: 1.8632e-05 lr: 1.8632e-05  eta: 9:42:01  time: 1.1083  data_time: 0.0243  memory: 16828  grad_norm: 64.3575  loss: 16.9841  decode.loss_cls: 0.0226  decode.loss_mask: 0.8659  decode.loss_dice: 0.7343  decode.d0.loss_cls: 0.0828  decode.d0.loss_mask: 0.9455  decode.d0.loss_dice: 0.8880  decode.d1.loss_cls: 0.0275  decode.d1.loss_mask: 0.8818  decode.d1.loss_dice: 0.8156  decode.d2.loss_cls: 0.0240  decode.d2.loss_mask: 0.8750  decode.d2.loss_dice: 0.7984  decode.d3.loss_cls: 0.0228  decode.d3.loss_mask: 0.8820  decode.d3.loss_dice: 0.8086  decode.d4.loss_cls: 0.0206  decode.d4.loss_mask: 0.8794  decode.d4.loss_dice: 0.7896  decode.d5.loss_cls: 0.0217  decode.d5.loss_mask: 0.8764  decode.d5.loss_dice: 0.7708  decode.d6.loss_cls: 0.0205  decode.d6.loss_mask: 0.8842  decode.d6.loss_dice: 0.7555  decode.d7.loss_cls: 0.0205  decode.d7.loss_mask: 0.8763  decode.d7.loss_dice: 0.7514  decode.d8.loss_cls: 0.0197  decode.d8.loss_mask: 0.8711  decode.d8.loss_dice: 0.7514
2026/08/03 17:40:34 - mmengine - INFO - Iter(train) [ 9500/40000]  base_lr: 1.8590e-05 lr: 1.8590e-05  eta: 9:39:58  time: 1.1072  data_time: 0.0224  memory: 16845  grad_norm: 62.0466  loss: 18.5450  decode.loss_cls: 0.0109  decode.loss_mask: 0.9549  decode.loss_dice: 0.8501  decode.d0.loss_cls: 0.0719  decode.d0.loss_mask: 1.0139  decode.d0.loss_dice: 1.0129  decode.d1.loss_cls: 0.0207  decode.d1.loss_mask: 0.9833  decode.d1.loss_dice: 0.9081  decode.d2.loss_cls: 0.0173  decode.d2.loss_mask: 0.9570  decode.d2.loss_dice: 0.8628  decode.d3.loss_cls: 0.0153  decode.d3.loss_mask: 0.9521  decode.d3.loss_dice: 0.8476  decode.d4.loss_cls: 0.0127  decode.d4.loss_mask: 0.9511  decode.d4.loss_dice: 0.8476  decode.d5.loss_cls: 0.0126  decode.d5.loss_mask: 0.9538  decode.d5.loss_dice: 0.8493  decode.d6.loss_cls: 0.0115  decode.d6.loss_mask: 0.9555  decode.d6.loss_dice: 0.8438  decode.d7.loss_cls: 0.0129  decode.d7.loss_mask: 0.9531  decode.d7.loss_dice: 0.8448  decode.d8.loss_cls: 0.0102  decode.d8.loss_mask: 0.9562  decode.d8.loss_dice: 0.8513
2026/08/03 17:42:29 - mmengine - INFO - Iter(train) [ 9600/40000]  base_lr: 1.8547e-05 lr: 1.8547e-05  eta: 9:38:09  time: 1.1142  data_time: 0.0229  memory: 16829  grad_norm: 56.1507  loss: 18.2023  decode.loss_cls: 0.0097  decode.loss_mask: 0.9460  decode.loss_dice: 0.8295  decode.d0.loss_cls: 0.0605  decode.d0.loss_mask: 0.9844  decode.d0.loss_dice: 0.9198  decode.d1.loss_cls: 0.0126  decode.d1.loss_mask: 0.9607  decode.d1.loss_dice: 0.8533  decode.d2.loss_cls: 0.0112  decode.d2.loss_mask: 0.9632  decode.d2.loss_dice: 0.8504  decode.d3.loss_cls: 0.0097  decode.d3.loss_mask: 0.9589  decode.d3.loss_dice: 0.8460  decode.d4.loss_cls: 0.0094  decode.d4.loss_mask: 0.9574  decode.d4.loss_dice: 0.8336  decode.d5.loss_cls: 0.0100  decode.d5.loss_mask: 0.9530  decode.d5.loss_dice: 0.8282  decode.d6.loss_cls: 0.0100  decode.d6.loss_mask: 0.9490  decode.d6.loss_dice: 0.8336  decode.d7.loss_cls: 0.0098  decode.d7.loss_mask: 0.9519  decode.d7.loss_dice: 0.8423  decode.d8.loss_cls: 0.0087  decode.d8.loss_mask: 0.9512  decode.d8.loss_dice: 0.8386
2026/08/03 17:44:21 - mmengine - INFO - Iter(train) [ 9700/40000]  base_lr: 1.8504e-05 lr: 1.8504e-05  eta: 9:36:08  time: 1.1192  data_time: 0.0240  memory: 16845  grad_norm: 65.1898  loss: 19.4189  decode.loss_cls: 0.0097  decode.loss_mask: 0.9798  decode.loss_dice: 0.9022  decode.d0.loss_cls: 0.0606  decode.d0.loss_mask: 1.0994  decode.d0.loss_dice: 1.0458  decode.d1.loss_cls: 0.0124  decode.d1.loss_mask: 1.0144  decode.d1.loss_dice: 0.9540  decode.d2.loss_cls: 0.0102  decode.d2.loss_mask: 0.9924  decode.d2.loss_dice: 0.9279  decode.d3.loss_cls: 0.0092  decode.d3.loss_mask: 0.9910  decode.d3.loss_dice: 0.9264  decode.d4.loss_cls: 0.0103  decode.d4.loss_mask: 0.9867  decode.d4.loss_dice: 0.9191  decode.d5.loss_cls: 0.0102  decode.d5.loss_mask: 0.9756  decode.d5.loss_dice: 0.9120  decode.d6.loss_cls: 0.0098  decode.d6.loss_mask: 0.9746  decode.d6.loss_dice: 0.9037  decode.d7.loss_cls: 0.0102  decode.d7.loss_mask: 0.9807  decode.d7.loss_dice: 0.9065  decode.d8.loss_cls: 0.0094  decode.d8.loss_mask: 0.9807  decode.d8.loss_dice: 0.8944
2026/08/03 17:46:13 - mmengine - INFO - Iter(train) [ 9800/40000]  base_lr: 1.8460e-05 lr: 1.8460e-05  eta: 9:34:08  time: 1.1514  data_time: 0.0236  memory: 16812  grad_norm: 99.6159  loss: 22.4435  decode.loss_cls: 0.0649  decode.loss_mask: 1.0900  decode.loss_dice: 1.0113  decode.d0.loss_cls: 0.0879  decode.d0.loss_mask: 1.2196  decode.d0.loss_dice: 1.2591  decode.d1.loss_cls: 0.0689  decode.d1.loss_mask: 1.1799  decode.d1.loss_dice: 1.1286  decode.d2.loss_cls: 0.0692  decode.d2.loss_mask: 1.1490  decode.d2.loss_dice: 1.0436  decode.d3.loss_cls: 0.0817  decode.d3.loss_mask: 1.1370  decode.d3.loss_dice: 1.0184  decode.d4.loss_cls: 0.0749  decode.d4.loss_mask: 1.1210  decode.d4.loss_dice: 1.0103  decode.d5.loss_cls: 0.0705  decode.d5.loss_mask: 1.1226  decode.d5.loss_dice: 1.0084  decode.d6.loss_cls: 0.0678  decode.d6.loss_mask: 1.0969  decode.d6.loss_dice: 0.9881  decode.d7.loss_cls: 0.0678  decode.d7.loss_mask: 1.0801  decode.d7.loss_dice: 0.9796  decode.d8.loss_cls: 0.0690  decode.d8.loss_mask: 1.0811  decode.d8.loss_dice: 0.9965
2026/08/03 17:48:04 - mmengine - INFO - Iter(train) [ 9900/40000]  base_lr: 1.8416e-05 lr: 1.8416e-05  eta: 9:32:05  time: 1.1166  data_time: 0.0225  memory: 16845  grad_norm: 86.7186  loss: 21.6754  decode.loss_cls: 0.0112  decode.loss_mask: 1.1379  decode.loss_dice: 0.9939  decode.d0.loss_cls: 0.0629  decode.d0.loss_mask: 1.2377  decode.d0.loss_dice: 1.0677  decode.d1.loss_cls: 0.0173  decode.d1.loss_mask: 1.1910  decode.d1.loss_dice: 1.0094  decode.d2.loss_cls: 0.0174  decode.d2.loss_mask: 1.1496  decode.d2.loss_dice: 0.9873  decode.d3.loss_cls: 0.0148  decode.d3.loss_mask: 1.1528  decode.d3.loss_dice: 0.9671  decode.d4.loss_cls: 0.0123  decode.d4.loss_mask: 1.1391  decode.d4.loss_dice: 0.9679  decode.d5.loss_cls: 0.0149  decode.d5.loss_mask: 1.1341  decode.d5.loss_dice: 0.9816  decode.d6.loss_cls: 0.0132  decode.d6.loss_mask: 1.1351  decode.d6.loss_dice: 0.9769  decode.d7.loss_cls: 0.0104  decode.d7.loss_mask: 1.1412  decode.d7.loss_dice: 0.9932  decode.d8.loss_cls: 0.0114  decode.d8.loss_mask: 1.1370  decode.d8.loss_dice: 0.9888
2026/08/03 17:50:00 - mmengine - INFO - Exp name: dinov3_m2f_gram_4999_v2_20260803_142922
2026/08/03 17:50:00 - mmengine - INFO - Iter(train) [10000/40000]  base_lr: 1.8371e-05 lr: 1.8371e-05  eta: 9:30:16  time: 1.1241  data_time: 0.0227  memory: 16845  grad_norm: 67.3071  loss: 19.6155  decode.loss_cls: 0.0109  decode.loss_mask: 1.1120  decode.loss_dice: 0.8027  decode.d0.loss_cls: 0.0610  decode.d0.loss_mask: 1.1566  decode.d0.loss_dice: 0.8665  decode.d1.loss_cls: 0.0158  decode.d1.loss_mask: 1.1293  decode.d1.loss_dice: 0.8372  decode.d2.loss_cls: 0.0111  decode.d2.loss_mask: 1.1224  decode.d2.loss_dice: 0.8416  decode.d3.loss_cls: 0.0088  decode.d3.loss_mask: 1.1232  decode.d3.loss_dice: 0.8363  decode.d4.loss_cls: 0.0109  decode.d4.loss_mask: 1.1200  decode.d4.loss_dice: 0.8180  decode.d5.loss_cls: 0.0095  decode.d5.loss_mask: 1.1185  decode.d5.loss_dice: 0.8205  decode.d6.loss_cls: 0.0109  decode.d6.loss_mask: 1.1131  decode.d6.loss_dice: 0.7998  decode.d7.loss_cls: 0.0106  decode.d7.loss_mask: 1.1092  decode.d7.loss_dice: 0.8108  decode.d8.loss_cls: 0.0102  decode.d8.loss_mask: 1.1147  decode.d8.loss_dice: 0.8032
2026/08/03 17:50:00 - mmengine - INFO - Saving checkpoint at 10000 iterations
2026/08/03 17:51:01 - mmengine - INFO - Iter(val) [100/252]    eta: 0:01:03  time: 0.4061  data_time: 0.0142  memory: 4705  
2026/08/03 17:51:42 - mmengine - INFO - Iter(val) [200/252]    eta: 0:00:21  time: 0.4064  data_time: 0.0137  memory: 4705  
2026/08/03 17:52:07 - mmengine - INFO - per class results:
2026/08/03 17:52:07 - mmengine - INFO - 
+--------------------+-------+-------+--------+-----------+--------+
|       Class        |  IoU  |  Acc  | Fscore | Precision | Recall |
+--------------------+-------+-------+--------+-----------+--------+
| impervious_surface | 87.04 |  92.1 | 93.07  |   94.05   |  92.1  |
|      building      | 95.73 | 97.15 | 97.82  |    98.5   | 97.15  |
|   low_vegetation   | 82.28 | 93.35 | 90.28  |    87.4   | 93.35  |
|        tree        | 82.89 | 88.45 | 90.65  |   92.95   | 88.45  |
|        car         | 93.67 | 95.79 | 96.73  |   97.69   | 95.79  |
+--------------------+-------+-------+--------+-----------+--------+
2026/08/03 17:52:07 - mmengine - INFO - Iter(val) [252/252]    aAcc: 92.4900  mIoU: 88.3200  mAcc: 93.3700  mFscore: 93.7100  mPrecision: 94.1200  mRecall: 93.3700  data_time: 0.0195  time: 0.4121
2026/08/03 17:52:07 - mmengine - INFO - The previous best checkpoint /mnt/qh2-nas3/00-model/00-fb/fusion_potsdam/work_dirs/dinov3_m2f_gram_4999_v2/best_mIoU_iter_4000.pth is removed
2026/08/03 17:52:26 - mmengine - INFO - The best checkpoint with 88.3200 mIoU at 10000 iter is saved to best_mIoU_iter_10000.pth.
2026/08/03 17:54:34 - mmengine - INFO - Iter(train) [10100/40000]  base_lr: 1.8326e-05 lr: 1.8326e-05  eta: 9:30:11  time: 1.1195  data_time: 0.0230  memory: 16845  grad_norm: 68.4217  loss: 17.0360  decode.loss_cls: 0.0202  decode.loss_mask: 0.9041  decode.loss_dice: 0.7402  decode.d0.loss_cls: 0.0606  decode.d0.loss_mask: 0.9339  decode.d0.loss_dice: 0.8991  decode.d1.loss_cls: 0.0209  decode.d1.loss_mask: 0.9209  decode.d1.loss_dice: 0.8011  decode.d2.loss_cls: 0.0218  decode.d2.loss_mask: 0.9110  decode.d2.loss_dice: 0.7654  decode.d3.loss_cls: 0.0205  decode.d3.loss_mask: 0.9177  decode.d3.loss_dice: 0.7536  decode.d4.loss_cls: 0.0213  decode.d4.loss_mask: 0.9141  decode.d4.loss_dice: 0.7478  decode.d5.loss_cls: 0.0215  decode.d5.loss_mask: 0.9134  decode.d5.loss_dice: 0.7484  decode.d6.loss_cls: 0.0207  decode.d6.loss_mask: 0.9084  decode.d6.loss_dice: 0.7410  decode.d7.loss_cls: 0.0210  decode.d7.loss_mask: 0.9039  decode.d7.loss_dice: 0.7370  decode.d8.loss_cls: 0.0206  decode.d8.loss_mask: 0.8989  decode.d8.loss_dice: 0.7271
2026/08/03 17:56:26 - mmengine - INFO - Iter(train) [10200/40000]  base_lr: 1.8280e-05 lr: 1.8280e-05  eta: 9:28:09  time: 1.1132  data_time: 0.0231  memory: 16838  grad_norm: 59.6624  loss: 16.1894  decode.loss_cls: 0.0172  decode.loss_mask: 0.8052  decode.loss_dice: 0.7564  decode.d0.loss_cls: 0.0609  decode.d0.loss_mask: 0.8604  decode.d0.loss_dice: 0.8851  decode.d1.loss_cls: 0.0241  decode.d1.loss_mask: 0.8246  decode.d1.loss_dice: 0.8092  decode.d2.loss_cls: 0.0207  decode.d2.loss_mask: 0.8178  decode.d2.loss_dice: 0.7798  decode.d3.loss_cls: 0.0204  decode.d3.loss_mask: 0.8162  decode.d3.loss_dice: 0.7650  decode.d4.loss_cls: 0.0202  decode.d4.loss_mask: 0.8061  decode.d4.loss_dice: 0.7598  decode.d5.loss_cls: 0.0187  decode.d5.loss_mask: 0.8012  decode.d5.loss_dice: 0.7687  decode.d6.loss_cls: 0.0186  decode.d6.loss_mask: 0.8058  decode.d6.loss_dice: 0.7568  decode.d7.loss_cls: 0.0174  decode.d7.loss_mask: 0.8066  decode.d7.loss_dice: 0.7619  decode.d8.loss_cls: 0.0182  decode.d8.loss_mask: 0.8033  decode.d8.loss_dice: 0.7634
2026/08/03 17:58:17 - mmengine - INFO - Iter(train) [10300/40000]  base_lr: 1.8233e-05 lr: 1.8233e-05  eta: 9:26:05  time: 1.1092  data_time: 0.0237  memory: 16828  grad_norm: 75.9660  loss: 15.9912  decode.loss_cls: 0.0133  decode.loss_mask: 0.8072  decode.loss_dice: 0.7272  decode.d0.loss_cls: 0.0609  decode.d0.loss_mask: 0.9302  decode.d0.loss_dice: 0.8366  decode.d1.loss_cls: 0.0173  decode.d1.loss_mask: 0.8499  decode.d1.loss_dice: 0.7657  decode.d2.loss_cls: 0.0146  decode.d2.loss_mask: 0.8182  decode.d2.loss_dice: 0.7422  decode.d3.loss_cls: 0.0128  decode.d3.loss_mask: 0.8151  decode.d3.loss_dice: 0.7483  decode.d4.loss_cls: 0.0139  decode.d4.loss_mask: 0.8170  decode.d4.loss_dice: 0.7510  decode.d5.loss_cls: 0.0106  decode.d5.loss_mask: 0.8165  decode.d5.loss_dice: 0.7497  decode.d6.loss_cls: 0.0123  decode.d6.loss_mask: 0.8166  decode.d6.loss_dice: 0.7385  decode.d7.loss_cls: 0.0116  decode.d7.loss_mask: 0.8110  decode.d7.loss_dice: 0.7302  decode.d8.loss_cls: 0.0125  decode.d8.loss_mask: 0.8057  decode.d8.loss_dice: 0.7346
2026/08/03 18:00:13 - mmengine - INFO - Iter(train) [10400/40000]  base_lr: 1.8186e-05 lr: 1.8186e-05  eta: 9:24:16  time: 1.1200  data_time: 0.0281  memory: 16845  grad_norm: 105.9823  loss: 22.5340  decode.loss_cls: 0.0295  decode.loss_mask: 1.1636  decode.loss_dice: 1.0069  decode.d0.loss_cls: 0.0792  decode.d0.loss_mask: 1.2788  decode.d0.loss_dice: 1.1706  decode.d1.loss_cls: 0.0320  decode.d1.loss_mask: 1.2172  decode.d1.loss_dice: 1.0560  decode.d2.loss_cls: 0.0340  decode.d2.loss_mask: 1.1887  decode.d2.loss_dice: 1.0009  decode.d3.loss_cls: 0.0312  decode.d3.loss_mask: 1.1840  decode.d3.loss_dice: 1.0273  decode.d4.loss_cls: 0.0299  decode.d4.loss_mask: 1.1753  decode.d4.loss_dice: 1.0125  decode.d5.loss_cls: 0.0285  decode.d5.loss_mask: 1.1802  decode.d5.loss_dice: 1.0207  decode.d6.loss_cls: 0.0300  decode.d6.loss_mask: 1.1679  decode.d6.loss_dice: 1.0028  decode.d7.loss_cls: 0.0302  decode.d7.loss_mask: 1.1670  decode.d7.loss_dice: 0.9971  decode.d8.loss_cls: 0.0304  decode.d8.loss_mask: 1.1701  decode.d8.loss_dice: 0.9915
2026/08/03 18:02:05 - mmengine - INFO - Iter(train) [10500/40000]  base_lr: 1.8138e-05 lr: 1.8138e-05  eta: 9:22:14  time: 1.1147  data_time: 0.0235  memory: 16845  grad_norm: 73.7053  loss: 20.4305  decode.loss_cls: 0.0113  decode.loss_mask: 1.0883  decode.loss_dice: 0.8974  decode.d0.loss_cls: 0.0512  decode.d0.loss_mask: 1.1926  decode.d0.loss_dice: 0.9861  decode.d1.loss_cls: 0.0157  decode.d1.loss_mask: 1.1350  decode.d1.loss_dice: 0.9476  decode.d2.loss_cls: 0.0143  decode.d2.loss_mask: 1.1069  decode.d2.loss_dice: 0.9233  decode.d3.loss_cls: 0.0121  decode.d3.loss_mask: 1.1057  decode.d3.loss_dice: 0.9189  decode.d4.loss_cls: 0.0118  decode.d4.loss_mask: 1.0921  decode.d4.loss_dice: 0.9147  decode.d5.loss_cls: 0.0149  decode.d5.loss_mask: 1.0911  decode.d5.loss_dice: 0.9081  decode.d6.loss_cls: 0.0120  decode.d6.loss_mask: 1.0911  decode.d6.loss_dice: 0.9001  decode.d7.loss_cls: 0.0112  decode.d7.loss_mask: 1.0907  decode.d7.loss_dice: 0.8911  decode.d8.loss_cls: 0.0104  decode.d8.loss_mask: 1.0911  decode.d8.loss_dice: 0.8937
2026/08/03 18:03:56 - mmengine - INFO - Iter(train) [10600/40000]  base_lr: 1.8090e-05 lr: 1.8090e-05  eta: 9:20:12  time: 1.1108  data_time: 0.0236  memory: 16845  grad_norm: 67.2962  loss: 14.9795  decode.loss_cls: 0.0218  decode.loss_mask: 0.7495  decode.loss_dice: 0.6739  decode.d0.loss_cls: 0.0671  decode.d0.loss_mask: 0.8398  decode.d0.loss_dice: 0.8412  decode.d1.loss_cls: 0.0297  decode.d1.loss_mask: 0.7772  decode.d1.loss_dice: 0.7186  decode.d2.loss_cls: 0.0255  decode.d2.loss_mask: 0.7680  decode.d2.loss_dice: 0.7087  decode.d3.loss_cls: 0.0237  decode.d3.loss_mask: 0.7492  decode.d3.loss_dice: 0.6944  decode.d4.loss_cls: 0.0239  decode.d4.loss_mask: 0.7483  decode.d4.loss_dice: 0.6935  decode.d5.loss_cls: 0.0226  decode.d5.loss_mask: 0.7481  decode.d5.loss_dice: 0.6878  decode.d6.loss_cls: 0.0240  decode.d6.loss_mask: 0.7432  decode.d6.loss_dice: 0.6854  decode.d7.loss_cls: 0.0231  decode.d7.loss_mask: 0.7538  decode.d7.loss_dice: 0.6856  decode.d8.loss_cls: 0.0243  decode.d8.loss_mask: 0.7512  decode.d8.loss_dice: 0.6765
2026/08/03 18:05:48 - mmengine - INFO - Iter(train) [10700/40000]  base_lr: 1.8041e-05 lr: 1.8041e-05  eta: 9:18:11  time: 1.1033  data_time: 0.0239  memory: 16828  grad_norm: 66.8103  loss: 14.6449  decode.loss_cls: 0.0321  decode.loss_mask: 0.7207  decode.loss_dice: 0.6440  decode.d0.loss_cls: 0.0861  decode.d0.loss_mask: 0.8161  decode.d0.loss_dice: 0.8251  decode.d1.loss_cls: 0.0418  decode.d1.loss_mask: 0.7662  decode.d1.loss_dice: 0.7256  decode.d2.loss_cls: 0.0373  decode.d2.loss_mask: 0.7373  decode.d2.loss_dice: 0.7008  decode.d3.loss_cls: 0.0363  decode.d3.loss_mask: 0.7281  decode.d3.loss_dice: 0.6709  decode.d4.loss_cls: 0.0351  decode.d4.loss_mask: 0.7278  decode.d4.loss_dice: 0.6524  decode.d5.loss_cls: 0.0309  decode.d5.loss_mask: 0.7305  decode.d5.loss_dice: 0.6550  decode.d6.loss_cls: 0.0321  decode.d6.loss_mask: 0.7278  decode.d6.loss_dice: 0.6646  decode.d7.loss_cls: 0.0310  decode.d7.loss_mask: 0.7273  decode.d7.loss_dice: 0.6497  decode.d8.loss_cls: 0.0329  decode.d8.loss_mask: 0.7272  decode.d8.loss_dice: 0.6520
2026/08/03 18:07:40 - mmengine - INFO - Iter(train) [10800/40000]  base_lr: 1.7992e-05 lr: 1.7992e-05  eta: 9:16:10  time: 1.1077  data_time: 0.0246  memory: 16845  grad_norm: 63.4264  loss: 16.2549  decode.loss_cls: 0.0090  decode.loss_mask: 0.8610  decode.loss_dice: 0.7316  decode.d0.loss_cls: 0.0605  decode.d0.loss_mask: 0.9046  decode.d0.loss_dice: 0.8433  decode.d1.loss_cls: 0.0158  decode.d1.loss_mask: 0.8738  decode.d1.loss_dice: 0.7585  decode.d2.loss_cls: 0.0116  decode.d2.loss_mask: 0.8603  decode.d2.loss_dice: 0.7383  decode.d3.loss_cls: 0.0096  decode.d3.loss_mask: 0.8617  decode.d3.loss_dice: 0.7428  decode.d4.loss_cls: 0.0087  decode.d4.loss_mask: 0.8632  decode.d4.loss_dice: 0.7388  decode.d5.loss_cls: 0.0102  decode.d5.loss_mask: 0.8535  decode.d5.loss_dice: 0.7278  decode.d6.loss_cls: 0.0088  decode.d6.loss_mask: 0.8552  decode.d6.loss_dice: 0.7268  decode.d7.loss_cls: 0.0098  decode.d7.loss_mask: 0.8557  decode.d7.loss_dice: 0.7195  decode.d8.loss_cls: 0.0092  decode.d8.loss_mask: 0.8582  decode.d8.loss_dice: 0.7272
2026/08/03 18:09:36 - mmengine - INFO - Iter(train) [10900/40000]  base_lr: 1.7942e-05 lr: 1.7942e-05  eta: 9:14:20  time: 1.1185  data_time: 0.0235  memory: 16829  grad_norm: 57.0667  loss: 17.4216  decode.loss_cls: 0.0100  decode.loss_mask: 0.9078  decode.loss_dice: 0.8083  decode.d0.loss_cls: 0.0439  decode.d0.loss_mask: 0.9398  decode.d0.loss_dice: 0.8628  decode.d1.loss_cls: 0.0120  decode.d1.loss_mask: 0.9146  decode.d1.loss_dice: 0.8158  decode.d2.loss_cls: 0.0106  decode.d2.loss_mask: 0.9093  decode.d2.loss_dice: 0.8092  decode.d3.loss_cls: 0.0095  decode.d3.loss_mask: 0.9163  decode.d3.loss_dice: 0.8105  decode.d4.loss_cls: 0.0116  decode.d4.loss_mask: 0.9169  decode.d4.loss_dice: 0.8058  decode.d5.loss_cls: 0.0097  decode.d5.loss_mask: 0.9094  decode.d5.loss_dice: 0.8032  decode.d6.loss_cls: 0.0112  decode.d6.loss_mask: 0.9087  decode.d6.loss_dice: 0.8048  decode.d7.loss_cls: 0.0106  decode.d7.loss_mask: 0.9058  decode.d7.loss_dice: 0.8143  decode.d8.loss_cls: 0.0102  decode.d8.loss_mask: 0.9070  decode.d8.loss_dice: 0.8120
2026/08/03 18:11:27 - mmengine - INFO - Exp name: dinov3_m2f_gram_4999_v2_20260803_142922
2026/08/03 18:11:27 - mmengine - INFO - Iter(train) [11000/40000]  base_lr: 1.7892e-05 lr: 1.7892e-05  eta: 9:12:18  time: 1.1160  data_time: 0.0244  memory: 16845  grad_norm: 63.1146  loss: 18.3560  decode.loss_cls: 0.0081  decode.loss_mask: 0.9296  decode.loss_dice: 0.8513  decode.d0.loss_cls: 0.0479  decode.d0.loss_mask: 1.0545  decode.d0.loss_dice: 0.9654  decode.d1.loss_cls: 0.0121  decode.d1.loss_mask: 0.9778  decode.d1.loss_dice: 0.8798  decode.d2.loss_cls: 0.0104  decode.d2.loss_mask: 0.9511  decode.d2.loss_dice: 0.8644  decode.d3.loss_cls: 0.0095  decode.d3.loss_mask: 0.9421  decode.d3.loss_dice: 0.8725  decode.d4.loss_cls: 0.0089  decode.d4.loss_mask: 0.9423  decode.d4.loss_dice: 0.8643  decode.d5.loss_cls: 0.0086  decode.d5.loss_mask: 0.9289  decode.d5.loss_dice: 0.8492  decode.d6.loss_cls: 0.0084  decode.d6.loss_mask: 0.9241  decode.d6.loss_dice: 0.8611  decode.d7.loss_cls: 0.0088  decode.d7.loss_mask: 0.9298  decode.d7.loss_dice: 0.8531  decode.d8.loss_cls: 0.0083  decode.d8.loss_mask: 0.9301  decode.d8.loss_dice: 0.8537
2026/08/03 18:13:19 - mmengine - INFO - Iter(train) [11100/40000]  base_lr: 1.7841e-05 lr: 1.7841e-05  eta: 9:10:18  time: 1.1186  data_time: 0.0233  memory: 16812  grad_norm: 100.4014  loss: 20.7608  decode.loss_cls: 0.0319  decode.loss_mask: 1.0493  decode.loss_dice: 0.9237  decode.d0.loss_cls: 0.0663  decode.d0.loss_mask: 1.1685  decode.d0.loss_dice: 1.1294  decode.d1.loss_cls: 0.0468  decode.d1.loss_mask: 1.1122  decode.d1.loss_dice: 1.0313  decode.d2.loss_cls: 0.0436  decode.d2.loss_mask: 1.0905  decode.d2.loss_dice: 0.9527  decode.d3.loss_cls: 0.0445  decode.d3.loss_mask: 1.0812  decode.d3.loss_dice: 0.9445  decode.d4.loss_cls: 0.0392  decode.d4.loss_mask: 1.0553  decode.d4.loss_dice: 0.9281  decode.d5.loss_cls: 0.0357  decode.d5.loss_mask: 1.0519  decode.d5.loss_dice: 0.9252  decode.d6.loss_cls: 0.0350  decode.d6.loss_mask: 1.0472  decode.d6.loss_dice: 0.9215  decode.d7.loss_cls: 0.0353  decode.d7.loss_mask: 1.0508  decode.d7.loss_dice: 0.9277  decode.d8.loss_cls: 0.0352  decode.d8.loss_mask: 1.0397  decode.d8.loss_dice: 0.9165
2026/08/03 18:15:11 - mmengine - INFO - Iter(train) [11200/40000]  base_lr: 1.7789e-05 lr: 1.7789e-05  eta: 9:08:18  time: 1.1218  data_time: 0.0245  memory: 16845  grad_norm: 92.0208  loss: 21.1044  decode.loss_cls: 0.0076  decode.loss_mask: 1.1152  decode.loss_dice: 0.9712  decode.d0.loss_cls: 0.0460  decode.d0.loss_mask: 1.1852  decode.d0.loss_dice: 1.0207  decode.d1.loss_cls: 0.0139  decode.d1.loss_mask: 1.1534  decode.d1.loss_dice: 0.9824  decode.d2.loss_cls: 0.0102  decode.d2.loss_mask: 1.1401  decode.d2.loss_dice: 0.9693  decode.d3.loss_cls: 0.0109  decode.d3.loss_mask: 1.1335  decode.d3.loss_dice: 0.9499  decode.d4.loss_cls: 0.0087  decode.d4.loss_mask: 1.1240  decode.d4.loss_dice: 0.9541  decode.d5.loss_cls: 0.0073  decode.d5.loss_mask: 1.1292  decode.d5.loss_dice: 0.9592  decode.d6.loss_cls: 0.0083  decode.d6.loss_mask: 1.1191  decode.d6.loss_dice: 0.9458  decode.d7.loss_cls: 0.0091  decode.d7.loss_mask: 1.1048  decode.d7.loss_dice: 0.9460  decode.d8.loss_cls: 0.0073  decode.d8.loss_mask: 1.1078  decode.d8.loss_dice: 0.9640
2026/08/03 18:17:07 - mmengine - INFO - Iter(train) [11300/40000]  base_lr: 1.7737e-05 lr: 1.7737e-05  eta: 9:06:28  time: 1.1184  data_time: 0.0230  memory: 16845  grad_norm: 63.0111  loss: 18.2667  decode.loss_cls: 0.0106  decode.loss_mask: 0.9967  decode.loss_dice: 0.7909  decode.d0.loss_cls: 0.0458  decode.d0.loss_mask: 1.0544  decode.d0.loss_dice: 0.8142  decode.d1.loss_cls: 0.0146  decode.d1.loss_mask: 1.0228  decode.d1.loss_dice: 0.8077  decode.d2.loss_cls: 0.0114  decode.d2.loss_mask: 1.0044  decode.d2.loss_dice: 0.8032  decode.d3.loss_cls: 0.0096  decode.d3.loss_mask: 1.0033  decode.d3.loss_dice: 0.8129  decode.d4.loss_cls: 0.0110  decode.d4.loss_mask: 1.0040  decode.d4.loss_dice: 0.7986  decode.d5.loss_cls: 0.0107  decode.d5.loss_mask: 0.9996  decode.d5.loss_dice: 0.8022  decode.d6.loss_cls: 0.0107  decode.d6.loss_mask: 0.9975  decode.d6.loss_dice: 0.7917  decode.d7.loss_cls: 0.0101  decode.d7.loss_mask: 1.0025  decode.d7.loss_dice: 0.8064  decode.d8.loss_cls: 0.0094  decode.d8.loss_mask: 1.0024  decode.d8.loss_dice: 0.8074
2026/08/03 18:18:59 - mmengine - INFO - Iter(train) [11400/40000]  base_lr: 1.7685e-05 lr: 1.7685e-05  eta: 9:04:28  time: 1.1242  data_time: 0.0230  memory: 16845  grad_norm: 91.4865  loss: 19.4673  decode.loss_cls: 0.0230  decode.loss_mask: 1.0401  decode.loss_dice: 0.8331  decode.d0.loss_cls: 0.0527  decode.d0.loss_mask: 1.0814  decode.d0.loss_dice: 1.0198  decode.d1.loss_cls: 0.0263  decode.d1.loss_mask: 1.0770  decode.d1.loss_dice: 0.8799  decode.d2.loss_cls: 0.0243  decode.d2.loss_mask: 1.0631  decode.d2.loss_dice: 0.8746  decode.d3.loss_cls: 0.0260  decode.d3.loss_mask: 1.0608  decode.d3.loss_dice: 0.8578  decode.d4.loss_cls: 0.0245  decode.d4.loss_mask: 1.0461  decode.d4.loss_dice: 0.8514  decode.d5.loss_cls: 0.0254  decode.d5.loss_mask: 1.0468  decode.d5.loss_dice: 0.8278  decode.d6.loss_cls: 0.0263  decode.d6.loss_mask: 1.0433  decode.d6.loss_dice: 0.8306  decode.d7.loss_cls: 0.0247  decode.d7.loss_mask: 1.0435  decode.d7.loss_dice: 0.8331  decode.d8.loss_cls: 0.0241  decode.d8.loss_mask: 1.0383  decode.d8.loss_dice: 0.8416
2026/08/03 18:20:52 - mmengine - INFO - Iter(train) [11500/40000]  base_lr: 1.7632e-05 lr: 1.7632e-05  eta: 9:02:30  time: 1.1184  data_time: 0.0242  memory: 16826  grad_norm: 59.8374  loss: 14.1238  decode.loss_cls: 0.0079  decode.loss_mask: 0.6875  decode.loss_dice: 0.6822  decode.d0.loss_cls: 0.0455  decode.d0.loss_mask: 0.7448  decode.d0.loss_dice: 0.7809  decode.d1.loss_cls: 0.0163  decode.d1.loss_mask: 0.7124  decode.d1.loss_dice: 0.6966  decode.d2.loss_cls: 0.0120  decode.d2.loss_mask: 0.7140  decode.d2.loss_dice: 0.6875  decode.d3.loss_cls: 0.0114  decode.d3.loss_mask: 0.7078  decode.d3.loss_dice: 0.6832  decode.d4.loss_cls: 0.0096  decode.d4.loss_mask: 0.7027  decode.d4.loss_dice: 0.6853  decode.d5.loss_cls: 0.0092  decode.d5.loss_mask: 0.6969  decode.d5.loss_dice: 0.6770  decode.d6.loss_cls: 0.0094  decode.d6.loss_mask: 0.7002  decode.d6.loss_dice: 0.6723  decode.d7.loss_cls: 0.0093  decode.d7.loss_mask: 0.6973  decode.d7.loss_dice: 0.6830  decode.d8.loss_cls: 0.0074  decode.d8.loss_mask: 0.6872  decode.d8.loss_dice: 0.6871
2026/08/03 18:22:43 - mmengine - INFO - Iter(train) [11600/40000]  base_lr: 1.7578e-05 lr: 1.7578e-05  eta: 9:00:28  time: 1.1131  data_time: 0.0229  memory: 16828  grad_norm: 76.0196  loss: 14.8016  decode.loss_cls: 0.0106  decode.loss_mask: 0.7498  decode.loss_dice: 0.6921  decode.d0.loss_cls: 0.0517  decode.d0.loss_mask: 0.8555  decode.d0.loss_dice: 0.7799  decode.d1.loss_cls: 0.0168  decode.d1.loss_mask: 0.7819  decode.d1.loss_dice: 0.7025  decode.d2.loss_cls: 0.0110  decode.d2.loss_mask: 0.7643  decode.d2.loss_dice: 0.6978  decode.d3.loss_cls: 0.0101  decode.d3.loss_mask: 0.7626  decode.d3.loss_dice: 0.6857  decode.d4.loss_cls: 0.0103  decode.d4.loss_mask: 0.7525  decode.d4.loss_dice: 0.6871  decode.d5.loss_cls: 0.0091  decode.d5.loss_mask: 0.7527  decode.d5.loss_dice: 0.6867  decode.d6.loss_cls: 0.0088  decode.d6.loss_mask: 0.7476  decode.d6.loss_dice: 0.6820  decode.d7.loss_cls: 0.0091  decode.d7.loss_mask: 0.7481  decode.d7.loss_dice: 0.6849  decode.d8.loss_cls: 0.0092  decode.d8.loss_mask: 0.7527  decode.d8.loss_dice: 0.6885
2026/08/03 18:24:38 - mmengine - INFO - Iter(train) [11700/40000]  base_lr: 1.7524e-05 lr: 1.7524e-05  eta: 8:58:37  time: 1.1087  data_time: 0.0233  memory: 16845  grad_norm: 109.4260  loss: 20.4005  decode.loss_cls: 0.0280  decode.loss_mask: 1.0463  decode.loss_dice: 0.9043  decode.d0.loss_cls: 0.0673  decode.d0.loss_mask: 1.1690  decode.d0.loss_dice: 1.0697  decode.d1.loss_cls: 0.0314  decode.d1.loss_mask: 1.0947  decode.d1.loss_dice: 0.9861  decode.d2.loss_cls: 0.0326  decode.d2.loss_mask: 1.0612  decode.d2.loss_dice: 0.9339  decode.d3.loss_cls: 0.0317  decode.d3.loss_mask: 1.0573  decode.d3.loss_dice: 0.9353  decode.d4.loss_cls: 0.0318  decode.d4.loss_mask: 1.0592  decode.d4.loss_dice: 0.9317  decode.d5.loss_cls: 0.0316  decode.d5.loss_mask: 1.0551  decode.d5.loss_dice: 0.9046  decode.d6.loss_cls: 0.0306  decode.d6.loss_mask: 1.0552  decode.d6.loss_dice: 0.9061  decode.d7.loss_cls: 0.0293  decode.d7.loss_mask: 1.0424  decode.d7.loss_dice: 0.9097  decode.d8.loss_cls: 0.0301  decode.d8.loss_mask: 1.0374  decode.d8.loss_dice: 0.8972
2026/08/03 18:26:30 - mmengine - INFO - Iter(train) [11800/40000]  base_lr: 1.7470e-05 lr: 1.7470e-05  eta: 8:56:37  time: 1.1267  data_time: 0.0231  memory: 16845  grad_norm: 78.8970  loss: 20.0165  decode.loss_cls: 0.0127  decode.loss_mask: 1.0739  decode.loss_dice: 0.8789  decode.d0.loss_cls: 0.0432  decode.d0.loss_mask: 1.1672  decode.d0.loss_dice: 0.9515  decode.d1.loss_cls: 0.0162  decode.d1.loss_mask: 1.1051  decode.d1.loss_dice: 0.9181  decode.d2.loss_cls: 0.0133  decode.d2.loss_mask: 1.0820  decode.d2.loss_dice: 0.9054  decode.d3.loss_cls: 0.0131  decode.d3.loss_mask: 1.0793  decode.d3.loss_dice: 0.9008  decode.d4.loss_cls: 0.0133  decode.d4.loss_mask: 1.0689  decode.d4.loss_dice: 0.9003  decode.d5.loss_cls: 0.0131  decode.d5.loss_mask: 1.0720  decode.d5.loss_dice: 0.8869  decode.d6.loss_cls: 0.0124  decode.d6.loss_mask: 1.0712  decode.d6.loss_dice: 0.8822  decode.d7.loss_cls: 0.0121  decode.d7.loss_mask: 1.0743  decode.d7.loss_dice: 0.8777  decode.d8.loss_cls: 0.0124  decode.d8.loss_mask: 1.0766  decode.d8.loss_dice: 0.8825
2026/08/03 18:28:22 - mmengine - INFO - Iter(train) [11900/40000]  base_lr: 1.7415e-05 lr: 1.7415e-05  eta: 8:54:37  time: 1.1115  data_time: 0.0225  memory: 16838  grad_norm: 89.3291  loss: 16.5427  decode.loss_cls: 0.0155  decode.loss_mask: 0.8279  decode.loss_dice: 0.7492  decode.d0.loss_cls: 0.0499  decode.d0.loss_mask: 0.9199  decode.d0.loss_dice: 0.9191  decode.d1.loss_cls: 0.0222  decode.d1.loss_mask: 0.8684  decode.d1.loss_dice: 0.8163  decode.d2.loss_cls: 0.0179  decode.d2.loss_mask: 0.8501  decode.d2.loss_dice: 0.7980  decode.d3.loss_cls: 0.0163  decode.d3.loss_mask: 0.8404  decode.d3.loss_dice: 0.7783  decode.d4.loss_cls: 0.0175  decode.d4.loss_mask: 0.8293  decode.d4.loss_dice: 0.7695  decode.d5.loss_cls: 0.0172  decode.d5.loss_mask: 0.8250  decode.d5.loss_dice: 0.7591  decode.d6.loss_cls: 0.0161  decode.d6.loss_mask: 0.8301  decode.d6.loss_dice: 0.7689  decode.d7.loss_cls: 0.0156  decode.d7.loss_mask: 0.8341  decode.d7.loss_dice: 0.7689  decode.d8.loss_cls: 0.0171  decode.d8.loss_mask: 0.8266  decode.d8.loss_dice: 0.7583
2026/08/03 18:30:14 - mmengine - INFO - Exp name: dinov3_m2f_gram_4999_v2_20260803_142922
2026/08/03 18:30:14 - mmengine - INFO - Iter(train) [12000/40000]  base_lr: 1.7359e-05 lr: 1.7359e-05  eta: 8:52:38  time: 1.1085  data_time: 0.0224  memory: 16828  grad_norm: 72.4719  loss: 15.2978  decode.loss_cls: 0.0366  decode.loss_mask: 0.7594  decode.loss_dice: 0.6847  decode.d0.loss_cls: 0.0778  decode.d0.loss_mask: 0.8264  decode.d0.loss_dice: 0.8570  decode.d1.loss_cls: 0.0442  decode.d1.loss_mask: 0.7961  decode.d1.loss_dice: 0.7375  decode.d2.loss_cls: 0.0419  decode.d2.loss_mask: 0.7643  decode.d2.loss_dice: 0.7264  decode.d3.loss_cls: 0.0412  decode.d3.loss_mask: 0.7578  decode.d3.loss_dice: 0.6979  decode.d4.loss_cls: 0.0377  decode.d4.loss_mask: 0.7640  decode.d4.loss_dice: 0.6917  decode.d5.loss_cls: 0.0355  decode.d5.loss_mask: 0.7743  decode.d5.loss_dice: 0.6729  decode.d6.loss_cls: 0.0376  decode.d6.loss_mask: 0.7708  decode.d6.loss_dice: 0.6935  decode.d7.loss_cls: 0.0353  decode.d7.loss_mask: 0.7710  decode.d7.loss_dice: 0.6841  decode.d8.loss_cls: 0.0365  decode.d8.loss_mask: 0.7598  decode.d8.loss_dice: 0.6839
2026/08/03 18:30:14 - mmengine - INFO - Saving checkpoint at 12000 iterations
2026/08/03 18:31:24 - mmengine - INFO - Iter(val) [100/252]    eta: 0:01:03  time: 0.4064  data_time: 0.0147  memory: 4705  
2026/08/03 18:32:04 - mmengine - INFO - Iter(val) [200/252]    eta: 0:00:21  time: 0.4066  data_time: 0.0138  memory: 4705  
2026/08/03 18:32:29 - mmengine - INFO - per class results:
2026/08/03 18:32:29 - mmengine - INFO - 
+--------------------+-------+-------+--------+-----------+--------+
|       Class        |  IoU  |  Acc  | Fscore | Precision | Recall |
+--------------------+-------+-------+--------+-----------+--------+
| impervious_surface | 84.88 | 91.92 | 91.82  |   91.73   | 91.92  |
|      building      |  92.0 | 99.49 | 95.83  |   92.43   | 99.49  |
|   low_vegetation   | 80.42 | 89.49 | 89.15  |   88.81   | 89.49  |
|        tree        | 82.45 | 87.53 | 90.38  |   93.41   | 87.53  |
|        car         | 92.83 | 94.37 | 96.28  |   98.28   | 94.37  |
+--------------------+-------+-------+--------+-----------+--------+
2026/08/03 18:32:30 - mmengine - INFO - Iter(val) [252/252]    aAcc: 91.4700  mIoU: 86.5200  mAcc: 92.5600  mFscore: 92.6900  mPrecision: 92.9300  mRecall: 92.5600  data_time: 0.0199  time: 0.4123
2026/08/03 18:34:25 - mmengine - INFO - Iter(train) [12100/40000]  base_lr: 1.7303e-05 lr: 1.7303e-05  eta: 8:50:56  time: 1.4851  data_time: 0.3957  memory: 16845  grad_norm: 90.7300  loss: 16.1515  decode.loss_cls: 0.0130  decode.loss_mask: 0.8935  decode.loss_dice: 0.6776  decode.d0.loss_cls: 0.0605  decode.d0.loss_mask: 0.9264  decode.d0.loss_dice: 0.7797  decode.d1.loss_cls: 0.0193  decode.d1.loss_mask: 0.9087  decode.d1.loss_dice: 0.7122  decode.d2.loss_cls: 0.0128  decode.d2.loss_mask: 0.9162  decode.d2.loss_dice: 0.6879  decode.d3.loss_cls: 0.0150  decode.d3.loss_mask: 0.8943  decode.d3.loss_dice: 0.6732  decode.d4.loss_cls: 0.0138  decode.d4.loss_mask: 0.9059  decode.d4.loss_dice: 0.6833  decode.d5.loss_cls: 0.0138  decode.d5.loss_mask: 0.8893  decode.d5.loss_dice: 0.6847  decode.d6.loss_cls: 0.0145  decode.d6.loss_mask: 0.8888  decode.d6.loss_dice: 0.6808  decode.d7.loss_cls: 0.0130  decode.d7.loss_mask: 0.8968  decode.d7.loss_dice: 0.6873  decode.d8.loss_cls: 0.0135  decode.d8.loss_mask: 0.8932  decode.d8.loss_dice: 0.6825
2026/08/03 18:36:17 - mmengine - INFO - Iter(train) [12200/40000]  base_lr: 1.7247e-05 lr: 1.7247e-05  eta: 8:48:58  time: 1.1275  data_time: 0.0235  memory: 16829  grad_norm: 91.0603  loss: 18.5928  decode.loss_cls: 0.0102  decode.loss_mask: 0.9712  decode.loss_dice: 0.8629  decode.d0.loss_cls: 0.0371  decode.d0.loss_mask: 1.0230  decode.d0.loss_dice: 0.9079  decode.d1.loss_cls: 0.0124  decode.d1.loss_mask: 0.9801  decode.d1.loss_dice: 0.8767  decode.d2.loss_cls: 0.0094  decode.d2.loss_mask: 0.9809  decode.d2.loss_dice: 0.8709  decode.d3.loss_cls: 0.0105  decode.d3.loss_mask: 0.9780  decode.d3.loss_dice: 0.8698  decode.d4.loss_cls: 0.0101  decode.d4.loss_mask: 0.9746  decode.d4.loss_dice: 0.8631  decode.d5.loss_cls: 0.0108  decode.d5.loss_mask: 0.9708  decode.d5.loss_dice: 0.8521  decode.d6.loss_cls: 0.0108  decode.d6.loss_mask: 0.9672  decode.d6.loss_dice: 0.8509  decode.d7.loss_cls: 0.0099  decode.d7.loss_mask: 0.9654  decode.d7.loss_dice: 0.8555  decode.d8.loss_cls: 0.0108  decode.d8.loss_mask: 0.9702  decode.d8.loss_dice: 0.8696
2026/08/03 18:38:09 - mmengine - INFO - Iter(train) [12300/40000]  base_lr: 1.7190e-05 lr: 1.7190e-05  eta: 8:46:58  time: 1.1144  data_time: 0.0234  memory: 16845  grad_norm: 76.4461  loss: 18.7605  decode.loss_cls: 0.0131  decode.loss_mask: 0.9993  decode.loss_dice: 0.8185  decode.d0.loss_cls: 0.0510  decode.d0.loss_mask: 1.1394  decode.d0.loss_dice: 0.9301  decode.d1.loss_cls: 0.0199  decode.d1.loss_mask: 1.0510  decode.d1.loss_dice: 0.8759  decode.d2.loss_cls: 0.0162  decode.d2.loss_mask: 1.0076  decode.d2.loss_dice: 0.8364  decode.d3.loss_cls: 0.0150  decode.d3.loss_mask: 0.9984  decode.d3.loss_dice: 0.8359  decode.d4.loss_cls: 0.0150  decode.d4.loss_mask: 0.9950  decode.d4.loss_dice: 0.8185  decode.d5.loss_cls: 0.0146  decode.d5.loss_mask: 0.9948  decode.d5.loss_dice: 0.8240  decode.d6.loss_cls: 0.0151  decode.d6.loss_mask: 0.9928  decode.d6.loss_dice: 0.8258  decode.d7.loss_cls: 0.0141  decode.d7.loss_mask: 1.0016  decode.d7.loss_dice: 0.8254  decode.d8.loss_cls: 0.0136  decode.d8.loss_mask: 0.9947  decode.d8.loss_dice: 0.8079
2026/08/03 18:40:01 - mmengine - INFO - Iter(train) [12400/40000]  base_lr: 1.7132e-05 lr: 1.7132e-05  eta: 8:44:59  time: 1.1277  data_time: 0.0237  memory: 16812  grad_norm: 88.3184  loss: 20.4415  decode.loss_cls: 0.0217  decode.loss_mask: 1.0573  decode.loss_dice: 0.8707  decode.d0.loss_cls: 0.0611  decode.d0.loss_mask: 1.2418  decode.d0.loss_dice: 1.0883  decode.d1.loss_cls: 0.0266  decode.d1.loss_mask: 1.1434  decode.d1.loss_dice: 1.0019  decode.d2.loss_cls: 0.0280  decode.d2.loss_mask: 1.0966  decode.d2.loss_dice: 0.9047  decode.d3.loss_cls: 0.0298  decode.d3.loss_mask: 1.0954  decode.d3.loss_dice: 0.8751  decode.d4.loss_cls: 0.0263  decode.d4.loss_mask: 1.0766  decode.d4.loss_dice: 0.8891  decode.d5.loss_cls: 0.0237  decode.d5.loss_mask: 1.0782  decode.d5.loss_dice: 0.8968  decode.d6.loss_cls: 0.0242  decode.d6.loss_mask: 1.0713  decode.d6.loss_dice: 0.8723  decode.d7.loss_cls: 0.0243  decode.d7.loss_mask: 1.0673  decode.d7.loss_dice: 0.8850  decode.d8.loss_cls: 0.0226  decode.d8.loss_mask: 1.0632  decode.d8.loss_dice: 0.8782
2026/08/03 18:41:53 - mmengine - INFO - Iter(train) [12500/40000]  base_lr: 1.7074e-05 lr: 1.7074e-05  eta: 8:43:00  time: 1.1142  data_time: 0.0234  memory: 16845  grad_norm: 89.7203  loss: 20.3397  decode.loss_cls: 0.0087  decode.loss_mask: 1.0548  decode.loss_dice: 0.9166  decode.d0.loss_cls: 0.0350  decode.d0.loss_mask: 1.1678  decode.d0.loss_dice: 1.0019  decode.d1.loss_cls: 0.0129  decode.d1.loss_mask: 1.1084  decode.d1.loss_dice: 0.9614  decode.d2.loss_cls: 0.0116  decode.d2.loss_mask: 1.0973  decode.d2.loss_dice: 0.9495  decode.d3.loss_cls: 0.0099  decode.d3.loss_mask: 1.0837  decode.d3.loss_dice: 0.9382  decode.d4.loss_cls: 0.0106  decode.d4.loss_mask: 1.0771  decode.d4.loss_dice: 0.9285  decode.d5.loss_cls: 0.0099  decode.d5.loss_mask: 1.0753  decode.d5.loss_dice: 0.9216  decode.d6.loss_cls: 0.0099  decode.d6.loss_mask: 1.0686  decode.d6.loss_dice: 0.9159  decode.d7.loss_cls: 0.0098  decode.d7.loss_mask: 1.0595  decode.d7.loss_dice: 0.9134  decode.d8.loss_cls: 0.0087  decode.d8.loss_mask: 1.0542  decode.d8.loss_dice: 0.9188
2026/08/03 18:43:48 - mmengine - INFO - Iter(train) [12600/40000]  base_lr: 1.7016e-05 lr: 1.7016e-05  eta: 8:41:08  time: 1.1166  data_time: 0.0238  memory: 16845  grad_norm: 66.9223  loss: 18.7806  decode.loss_cls: 0.0105  decode.loss_mask: 1.0119  decode.loss_dice: 0.8370  decode.d0.loss_cls: 0.0411  decode.d0.loss_mask: 1.0558  decode.d0.loss_dice: 0.8730  decode.d1.loss_cls: 0.0142  decode.d1.loss_mask: 1.0270  decode.d1.loss_dice: 0.8596  decode.d2.loss_cls: 0.0114  decode.d2.loss_mask: 1.0109  decode.d2.loss_dice: 0.8471  decode.d3.loss_cls: 0.0097  decode.d3.loss_mask: 1.0095  decode.d3.loss_dice: 0.8371  decode.d4.loss_cls: 0.0100  decode.d4.loss_mask: 1.0159  decode.d4.loss_dice: 0.8480  decode.d5.loss_cls: 0.0092  decode.d5.loss_mask: 1.0151  decode.d5.loss_dice: 0.8383  decode.d6.loss_cls: 0.0097  decode.d6.loss_mask: 1.0152  decode.d6.loss_dice: 0.8394  decode.d7.loss_cls: 0.0099  decode.d7.loss_mask: 1.0121  decode.d7.loss_dice: 0.8372  decode.d8.loss_cls: 0.0098  decode.d8.loss_mask: 1.0135  decode.d8.loss_dice: 0.8414
2026/08/03 18:45:40 - mmengine - INFO - Iter(train) [12700/40000]  base_lr: 1.6957e-05 lr: 1.6957e-05  eta: 8:39:10  time: 1.1305  data_time: 0.0231  memory: 16845  grad_norm: 111.6303  loss: 21.0827  decode.loss_cls: 0.0222  decode.loss_mask: 1.1382  decode.loss_dice: 0.9197  decode.d0.loss_cls: 0.0440  decode.d0.loss_mask: 1.1928  decode.d0.loss_dice: 1.0721  decode.d1.loss_cls: 0.0246  decode.d1.loss_mask: 1.1691  decode.d1.loss_dice: 0.9384  decode.d2.loss_cls: 0.0227  decode.d2.loss_mask: 1.1499  decode.d2.loss_dice: 0.9293  decode.d3.loss_cls: 0.0249  decode.d3.loss_mask: 1.1359  decode.d3.loss_dice: 0.9249  decode.d4.loss_cls: 0.0235  decode.d4.loss_mask: 1.1341  decode.d4.loss_dice: 0.9074  decode.d5.loss_cls: 0.0215  decode.d5.loss_mask: 1.1396  decode.d5.loss_dice: 0.9145  decode.d6.loss_cls: 0.0235  decode.d6.loss_mask: 1.1402  decode.d6.loss_dice: 0.9317  decode.d7.loss_cls: 0.0209  decode.d7.loss_mask: 1.1279  decode.d7.loss_dice: 0.9044  decode.d8.loss_cls: 0.0220  decode.d8.loss_mask: 1.1358  decode.d8.loss_dice: 0.9269
2026/08/03 18:47:33 - mmengine - INFO - Iter(train) [12800/40000]  base_lr: 1.6897e-05 lr: 1.6897e-05  eta: 8:37:13  time: 1.1238  data_time: 0.0239  memory: 16826  grad_norm: 80.2816  loss: 15.9535  decode.loss_cls: 0.0154  decode.loss_mask: 0.8034  decode.loss_dice: 0.7403  decode.d0.loss_cls: 0.0555  decode.d0.loss_mask: 0.8617  decode.d0.loss_dice: 0.8391  decode.d1.loss_cls: 0.0209  decode.d1.loss_mask: 0.8394  decode.d1.loss_dice: 0.7673  decode.d2.loss_cls: 0.0197  decode.d2.loss_mask: 0.8276  decode.d2.loss_dice: 0.7504  decode.d3.loss_cls: 0.0175  decode.d3.loss_mask: 0.8224  decode.d3.loss_dice: 0.7513  decode.d4.loss_cls: 0.0155  decode.d4.loss_mask: 0.8140  decode.d4.loss_dice: 0.7439  decode.d5.loss_cls: 0.0167  decode.d5.loss_mask: 0.8126  decode.d5.loss_dice: 0.7418  decode.d6.loss_cls: 0.0161  decode.d6.loss_mask: 0.8096  decode.d6.loss_dice: 0.7312  decode.d7.loss_cls: 0.0167  decode.d7.loss_mask: 0.8037  decode.d7.loss_dice: 0.7333  decode.d8.loss_cls: 0.0159  decode.d8.loss_mask: 0.8053  decode.d8.loss_dice: 0.7453
2026/08/03 18:49:25 - mmengine - INFO - Iter(train) [12900/40000]  base_lr: 1.6837e-05 lr: 1.6837e-05  eta: 8:35:14  time: 1.1113  data_time: 0.0231  memory: 16828  grad_norm: 69.1363  loss: 12.6897  decode.loss_cls: 0.0209  decode.loss_mask: 0.5629  decode.loss_dice: 0.6385  decode.d0.loss_cls: 0.0537  decode.d0.loss_mask: 0.6581  decode.d0.loss_dice: 0.7774  decode.d1.loss_cls: 0.0282  decode.d1.loss_mask: 0.6154  decode.d1.loss_dice: 0.6751  decode.d2.loss_cls: 0.0238  decode.d2.loss_mask: 0.5848  decode.d2.loss_dice: 0.6578  decode.d3.loss_cls: 0.0220  decode.d3.loss_mask: 0.5745  decode.d3.loss_dice: 0.6463  decode.d4.loss_cls: 0.0222  decode.d4.loss_mask: 0.5694  decode.d4.loss_dice: 0.6414  decode.d5.loss_cls: 0.0217  decode.d5.loss_mask: 0.5659  decode.d5.loss_dice: 0.6392  decode.d6.loss_cls: 0.0208  decode.d6.loss_mask: 0.5642  decode.d6.loss_dice: 0.6369  decode.d7.loss_cls: 0.0196  decode.d7.loss_mask: 0.5696  decode.d7.loss_dice: 0.6487  decode.d8.loss_cls: 0.0206  decode.d8.loss_mask: 0.5643  decode.d8.loss_dice: 0.6460
2026/08/03 18:51:20 - mmengine - INFO - Exp name: dinov3_m2f_gram_4999_v2_20260803_142922
2026/08/03 18:51:20 - mmengine - INFO - Iter(train) [13000/40000]  base_lr: 1.6777e-05 lr: 1.6777e-05  eta: 8:33:23  time: 1.1205  data_time: 0.0240  memory: 16845  grad_norm: 89.6952  loss: 19.5092  decode.loss_cls: 0.0216  decode.loss_mask: 1.0140  decode.loss_dice: 0.8665  decode.d0.loss_cls: 0.0477  decode.d0.loss_mask: 1.1224  decode.d0.loss_dice: 1.0089  decode.d1.loss_cls: 0.0293  decode.d1.loss_mask: 1.0365  decode.d1.loss_dice: 0.9599  decode.d2.loss_cls: 0.0275  decode.d2.loss_mask: 1.0143  decode.d2.loss_dice: 0.8916  decode.d3.loss_cls: 0.0229  decode.d3.loss_mask: 1.0111  decode.d3.loss_dice: 0.9005  decode.d4.loss_cls: 0.0241  decode.d4.loss_mask: 1.0065  decode.d4.loss_dice: 0.8780  decode.d5.loss_cls: 0.0221  decode.d5.loss_mask: 1.0100  decode.d5.loss_dice: 0.8716  decode.d6.loss_cls: 0.0205  decode.d6.loss_mask: 1.0083  decode.d6.loss_dice: 0.8706  decode.d7.loss_cls: 0.0214  decode.d7.loss_mask: 1.0097  decode.d7.loss_dice: 0.8810  decode.d8.loss_cls: 0.0209  decode.d8.loss_mask: 1.0096  decode.d8.loss_dice: 0.8800
2026/08/03 18:53:13 - mmengine - INFO - Iter(train) [13100/40000]  base_lr: 1.6716e-05 lr: 1.6716e-05  eta: 8:31:26  time: 1.1141  data_time: 0.0228  memory: 16845  grad_norm: 69.9471  loss: 18.8504  decode.loss_cls: 0.0104  decode.loss_mask: 1.0044  decode.loss_dice: 0.8499  decode.d0.loss_cls: 0.0360  decode.d0.loss_mask: 1.0780  decode.d0.loss_dice: 0.8933  decode.d1.loss_cls: 0.0128  decode.d1.loss_mask: 1.0210  decode.d1.loss_dice: 0.8798  decode.d2.loss_cls: 0.0111  decode.d2.loss_mask: 1.0076  decode.d2.loss_dice: 0.8756  decode.d3.loss_cls: 0.0109  decode.d3.loss_mask: 1.0043  decode.d3.loss_dice: 0.8659  decode.d4.loss_cls: 0.0111  decode.d4.loss_mask: 0.9980  decode.d4.loss_dice: 0.8555  decode.d5.loss_cls: 0.0110  decode.d5.loss_mask: 0.9985  decode.d5.loss_dice: 0.8528  decode.d6.loss_cls: 0.0109  decode.d6.loss_mask: 1.0007  decode.d6.loss_dice: 0.8439  decode.d7.loss_cls: 0.0103  decode.d7.loss_mask: 1.0046  decode.d7.loss_dice: 0.8353  decode.d8.loss_cls: 0.0107  decode.d8.loss_mask: 1.0031  decode.d8.loss_dice: 0.8429
2026/08/03 18:55:05 - mmengine - INFO - Iter(train) [13200/40000]  base_lr: 1.6655e-05 lr: 1.6655e-05  eta: 8:29:28  time: 1.1112  data_time: 0.0231  memory: 16838  grad_norm: 100.4701  loss: 17.7515  decode.loss_cls: 0.0150  decode.loss_mask: 0.8964  decode.loss_dice: 0.8203  decode.d0.loss_cls: 0.0411  decode.d0.loss_mask: 0.9671  decode.d0.loss_dice: 0.9580  decode.d1.loss_cls: 0.0209  decode.d1.loss_mask: 0.9195  decode.d1.loss_dice: 0.8665  decode.d2.loss_cls: 0.0145  decode.d2.loss_mask: 0.9019  decode.d2.loss_dice: 0.8490  decode.d3.loss_cls: 0.0147  decode.d3.loss_mask: 0.9017  decode.d3.loss_dice: 0.8409  decode.d4.loss_cls: 0.0128  decode.d4.loss_mask: 0.8985  decode.d4.loss_dice: 0.8381  decode.d5.loss_cls: 0.0122  decode.d5.loss_mask: 0.9018  decode.d5.loss_dice: 0.8299  decode.d6.loss_cls: 0.0134  decode.d6.loss_mask: 0.9046  decode.d6.loss_dice: 0.8251  decode.d7.loss_cls: 0.0152  decode.d7.loss_mask: 0.9009  decode.d7.loss_dice: 0.8187  decode.d8.loss_cls: 0.0130  decode.d8.loss_mask: 0.9059  decode.d8.loss_dice: 0.8343
2026/08/03 18:56:57 - mmengine - INFO - Iter(train) [13300/40000]  base_lr: 1.6593e-05 lr: 1.6593e-05  eta: 8:27:28  time: 1.1062  data_time: 0.0227  memory: 16828  grad_norm: 77.7125  loss: 16.1253  decode.loss_cls: 0.0177  decode.loss_mask: 0.8316  decode.loss_dice: 0.7374  decode.d0.loss_cls: 0.0505  decode.d0.loss_mask: 0.8944  decode.d0.loss_dice: 0.8747  decode.d1.loss_cls: 0.0265  decode.d1.loss_mask: 0.8280  decode.d1.loss_dice: 0.7801  decode.d2.loss_cls: 0.0234  decode.d2.loss_mask: 0.8200  decode.d2.loss_dice: 0.7628  decode.d3.loss_cls: 0.0198  decode.d3.loss_mask: 0.8285  decode.d3.loss_dice: 0.7498  decode.d4.loss_cls: 0.0196  decode.d4.loss_mask: 0.8272  decode.d4.loss_dice: 0.7516  decode.d5.loss_cls: 0.0206  decode.d5.loss_mask: 0.8111  decode.d5.loss_dice: 0.7384  decode.d6.loss_cls: 0.0189  decode.d6.loss_mask: 0.8212  decode.d6.loss_dice: 0.7394  decode.d7.loss_cls: 0.0203  decode.d7.loss_mask: 0.8154  decode.d7.loss_dice: 0.7310  decode.d8.loss_cls: 0.0208  decode.d8.loss_mask: 0.8203  decode.d8.loss_dice: 0.7244
2026/08/03 18:58:52 - mmengine - INFO - Iter(train) [13400/40000]  base_lr: 1.6531e-05 lr: 1.6531e-05  eta: 8:25:37  time: 1.4937  data_time: 0.4008  memory: 16845  grad_norm: 91.6599  loss: 15.8649  decode.loss_cls: 0.0183  decode.loss_mask: 0.8567  decode.loss_dice: 0.6620  decode.d0.loss_cls: 0.0613  decode.d0.loss_mask: 0.9961  decode.d0.loss_dice: 0.8303  decode.d1.loss_cls: 0.0230  decode.d1.loss_mask: 0.9003  decode.d1.loss_dice: 0.7285  decode.d2.loss_cls: 0.0195  decode.d2.loss_mask: 0.8744  decode.d2.loss_dice: 0.6783  decode.d3.loss_cls: 0.0196  decode.d3.loss_mask: 0.8694  decode.d3.loss_dice: 0.6733  decode.d4.loss_cls: 0.0203  decode.d4.loss_mask: 0.8608  decode.d4.loss_dice: 0.6585  decode.d5.loss_cls: 0.0220  decode.d5.loss_mask: 0.8474  decode.d5.loss_dice: 0.6482  decode.d6.loss_cls: 0.0195  decode.d6.loss_mask: 0.8507  decode.d6.loss_dice: 0.6559  decode.d7.loss_cls: 0.0184  decode.d7.loss_mask: 0.8525  decode.d7.loss_dice: 0.6642  decode.d8.loss_cls: 0.0191  decode.d8.loss_mask: 0.8552  decode.d8.loss_dice: 0.6611
2026/08/03 19:00:44 - mmengine - INFO - Iter(train) [13500/40000]  base_lr: 1.6469e-05 lr: 1.6469e-05  eta: 8:23:40  time: 1.1331  data_time: 0.0236  memory: 16829  grad_norm: 68.5259  loss: 17.8002  decode.loss_cls: 0.0100  decode.loss_mask: 0.9438  decode.loss_dice: 0.8069  decode.d0.loss_cls: 0.0364  decode.d0.loss_mask: 1.0033  decode.d0.loss_dice: 0.8435  decode.d1.loss_cls: 0.0140  decode.d1.loss_mask: 0.9548  decode.d1.loss_dice: 0.8325  decode.d2.loss_cls: 0.0104  decode.d2.loss_mask: 0.9550  decode.d2.loss_dice: 0.8162  decode.d3.loss_cls: 0.0105  decode.d3.loss_mask: 0.9540  decode.d3.loss_dice: 0.8074  decode.d4.loss_cls: 0.0105  decode.d4.loss_mask: 0.9502  decode.d4.loss_dice: 0.8065  decode.d5.loss_cls: 0.0107  decode.d5.loss_mask: 0.9505  decode.d5.loss_dice: 0.8044  decode.d6.loss_cls: 0.0092  decode.d6.loss_mask: 0.9418  decode.d6.loss_dice: 0.7983  decode.d7.loss_cls: 0.0107  decode.d7.loss_mask: 0.9396  decode.d7.loss_dice: 0.8056  decode.d8.loss_cls: 0.0092  decode.d8.loss_mask: 0.9449  decode.d8.loss_dice: 0.8095
2026/08/03 19:02:37 - mmengine - INFO - Iter(train) [13600/40000]  base_lr: 1.6406e-05 lr: 1.6406e-05  eta: 8:21:43  time: 1.1247  data_time: 0.0229  memory: 16845  grad_norm: 80.1615  loss: 16.9914  decode.loss_cls: 0.0136  decode.loss_mask: 0.9460  decode.loss_dice: 0.6927  decode.d0.loss_cls: 0.0527  decode.d0.loss_mask: 1.0999  decode.d0.loss_dice: 0.7910  decode.d1.loss_cls: 0.0207  decode.d1.loss_mask: 1.0009  decode.d1.loss_dice: 0.7373  decode.d2.loss_cls: 0.0153  decode.d2.loss_mask: 0.9680  decode.d2.loss_dice: 0.7166  decode.d3.loss_cls: 0.0140  decode.d3.loss_mask: 0.9461  decode.d3.loss_dice: 0.7116  decode.d4.loss_cls: 0.0145  decode.d4.loss_mask: 0.9443  decode.d4.loss_dice: 0.7017  decode.d5.loss_cls: 0.0139  decode.d5.loss_mask: 0.9423  decode.d5.loss_dice: 0.6987  decode.d6.loss_cls: 0.0142  decode.d6.loss_mask: 0.9337  decode.d6.loss_dice: 0.7015  decode.d7.loss_cls: 0.0141  decode.d7.loss_mask: 0.9409  decode.d7.loss_dice: 0.6964  decode.d8.loss_cls: 0.0138  decode.d8.loss_mask: 0.9413  decode.d8.loss_dice: 0.6933
2026/08/03 19:04:29 - mmengine - INFO - Iter(train) [13700/40000]  base_lr: 1.6342e-05 lr: 1.6342e-05  eta: 8:19:46  time: 1.1366  data_time: 0.0228  memory: 16812  grad_norm: 78.6127  loss: 20.6107  decode.loss_cls: 0.0182  decode.loss_mask: 1.0946  decode.loss_dice: 0.8715  decode.d0.loss_cls: 0.0617  decode.d0.loss_mask: 1.2927  decode.d0.loss_dice: 1.0852  decode.d1.loss_cls: 0.0242  decode.d1.loss_mask: 1.1347  decode.d1.loss_dice: 0.9169  decode.d2.loss_cls: 0.0226  decode.d2.loss_mask: 1.1194  decode.d2.loss_dice: 0.8940  decode.d3.loss_cls: 0.0215  decode.d3.loss_mask: 1.1234  decode.d3.loss_dice: 0.8870  decode.d4.loss_cls: 0.0205  decode.d4.loss_mask: 1.1100  decode.d4.loss_dice: 0.8883  decode.d5.loss_cls: 0.0192  decode.d5.loss_mask: 1.1109  decode.d5.loss_dice: 0.8946  decode.d6.loss_cls: 0.0193  decode.d6.loss_mask: 1.1111  decode.d6.loss_dice: 0.8743  decode.d7.loss_cls: 0.0191  decode.d7.loss_mask: 1.1015  decode.d7.loss_dice: 0.8863  decode.d8.loss_cls: 0.0182  decode.d8.loss_mask: 1.0939  decode.d8.loss_dice: 0.8758
2026/08/03 19:06:21 - mmengine - INFO - Iter(train) [13800/40000]  base_lr: 1.6279e-05 lr: 1.6279e-05  eta: 8:17:47  time: 1.1179  data_time: 0.0238  memory: 16845  grad_norm: 86.8948  loss: 19.1807  decode.loss_cls: 0.0106  decode.loss_mask: 0.9948  decode.loss_dice: 0.8711  decode.d0.loss_cls: 0.0361  decode.d0.loss_mask: 1.1512  decode.d0.loss_dice: 0.9998  decode.d1.loss_cls: 0.0140  decode.d1.loss_mask: 1.0404  decode.d1.loss_dice: 0.9108  decode.d2.loss_cls: 0.0135  decode.d2.loss_mask: 1.0155  decode.d2.loss_dice: 0.8796  decode.d3.loss_cls: 0.0128  decode.d3.loss_mask: 1.0138  decode.d3.loss_dice: 0.8698  decode.d4.loss_cls: 0.0116  decode.d4.loss_mask: 1.0076  decode.d4.loss_dice: 0.8684  decode.d5.loss_cls: 0.0147  decode.d5.loss_mask: 0.9951  decode.d5.loss_dice: 0.8551  decode.d6.loss_cls: 0.0145  decode.d6.loss_mask: 0.9890  decode.d6.loss_dice: 0.8531  decode.d7.loss_cls: 0.0129  decode.d7.loss_mask: 0.9873  decode.d7.loss_dice: 0.8646  decode.d8.loss_cls: 0.0129  decode.d8.loss_mask: 0.9899  decode.d8.loss_dice: 0.8705
2026/08/03 19:08:17 - mmengine - INFO - Iter(train) [13900/40000]  base_lr: 1.6214e-05 lr: 1.6214e-05  eta: 8:15:57  time: 1.1152  data_time: 0.0234  memory: 16845  grad_norm: 61.2444  loss: 16.9180  decode.loss_cls: 0.0103  decode.loss_mask: 0.9136  decode.loss_dice: 0.7468  decode.d0.loss_cls: 0.0393  decode.d0.loss_mask: 0.9422  decode.d0.loss_dice: 0.7923  decode.d1.loss_cls: 0.0143  decode.d1.loss_mask: 0.9216  decode.d1.loss_dice: 0.7776  decode.d2.loss_cls: 0.0111  decode.d2.loss_mask: 0.9113  decode.d2.loss_dice: 0.7553  decode.d3.loss_cls: 0.0109  decode.d3.loss_mask: 0.9091  decode.d3.loss_dice: 0.7571  decode.d4.loss_cls: 0.0097  decode.d4.loss_mask: 0.9166  decode.d4.loss_dice: 0.7619  decode.d5.loss_cls: 0.0108  decode.d5.loss_mask: 0.9172  decode.d5.loss_dice: 0.7570  decode.d6.loss_cls: 0.0097  decode.d6.loss_mask: 0.9140  decode.d6.loss_dice: 0.7474  decode.d7.loss_cls: 0.0095  decode.d7.loss_mask: 0.9194  decode.d7.loss_dice: 0.7577  decode.d8.loss_cls: 0.0091  decode.d8.loss_mask: 0.9158  decode.d8.loss_dice: 0.7493
2026/08/03 19:10:09 - mmengine - INFO - Exp name: dinov3_m2f_gram_4999_v2_20260803_142922
2026/08/03 19:10:09 - mmengine - INFO - Iter(train) [14000/40000]  base_lr: 1.6150e-05 lr: 1.6150e-05  eta: 8:14:00  time: 1.1400  data_time: 0.0232  memory: 16845  grad_norm: 81.5116  loss: 17.3545  decode.loss_cls: 0.0134  decode.loss_mask: 0.9157  decode.loss_dice: 0.7668  decode.d0.loss_cls: 0.0341  decode.d0.loss_mask: 0.9919  decode.d0.loss_dice: 0.8966  decode.d1.loss_cls: 0.0138  decode.d1.loss_mask: 0.9539  decode.d1.loss_dice: 0.8013  decode.d2.loss_cls: 0.0117  decode.d2.loss_mask: 0.9459  decode.d2.loss_dice: 0.7879  decode.d3.loss_cls: 0.0141  decode.d3.loss_mask: 0.9374  decode.d3.loss_dice: 0.7599  decode.d4.loss_cls: 0.0121  decode.d4.loss_mask: 0.9349  decode.d4.loss_dice: 0.7658  decode.d5.loss_cls: 0.0128  decode.d5.loss_mask: 0.9288  decode.d5.loss_dice: 0.7608  decode.d6.loss_cls: 0.0103  decode.d6.loss_mask: 0.9267  decode.d6.loss_dice: 0.7666  decode.d7.loss_cls: 0.0114  decode.d7.loss_mask: 0.9165  decode.d7.loss_dice: 0.7683  decode.d8.loss_cls: 0.0117  decode.d8.loss_mask: 0.9165  decode.d8.loss_dice: 0.7671
2026/08/03 19:10:09 - mmengine - INFO - Saving checkpoint at 14000 iterations
2026/08/03 19:11:10 - mmengine - INFO - Iter(val) [100/252]    eta: 0:01:03  time: 0.4087  data_time: 0.0151  memory: 4705  
2026/08/03 19:11:51 - mmengine - INFO - Iter(val) [200/252]    eta: 0:00:21  time: 0.4066  data_time: 0.0138  memory: 4705  
2026/08/03 19:12:16 - mmengine - INFO - per class results:
2026/08/03 19:12:16 - mmengine - INFO - 
+--------------------+-------+-------+--------+-----------+--------+
|       Class        |  IoU  |  Acc  | Fscore | Precision | Recall |
+--------------------+-------+-------+--------+-----------+--------+
| impervious_surface | 87.63 | 92.33 | 93.41  |   94.51   | 92.33  |
|      building      | 95.41 | 97.48 | 97.65  |   97.83   | 97.48  |
|   low_vegetation   | 81.52 | 88.53 | 89.82  |   91.14   | 88.53  |
|        tree        | 82.29 | 92.77 | 90.29  |   87.93   | 92.77  |
|        car         | 93.25 | 94.39 | 96.51  |   98.73   | 94.39  |
+--------------------+-------+-------+--------+-----------+--------+
2026/08/03 19:12:16 - mmengine - INFO - Iter(val) [252/252]    aAcc: 92.3100  mIoU: 88.0200  mAcc: 93.1000  mFscore: 93.5300  mPrecision: 94.0300  mRecall: 93.1000  data_time: 0.0196  time: 0.4124
2026/08/03 19:14:07 - mmengine - INFO - Iter(train) [14100/40000]  base_lr: 1.6085e-05 lr: 1.6085e-05  eta: 8:12:08  time: 1.1136  data_time: 0.0229  memory: 16826  grad_norm: 87.9889  loss: 20.2503  decode.loss_cls: 0.0242  decode.loss_mask: 1.0524  decode.loss_dice: 0.8723  decode.d0.loss_cls: 0.0757  decode.d0.loss_mask: 1.1762  decode.d0.loss_dice: 1.0651  decode.d1.loss_cls: 0.0340  decode.d1.loss_mask: 1.1098  decode.d1.loss_dice: 0.9603  decode.d2.loss_cls: 0.0291  decode.d2.loss_mask: 1.0768  decode.d2.loss_dice: 0.9154  decode.d3.loss_cls: 0.0260  decode.d3.loss_mask: 1.0702  decode.d3.loss_dice: 0.9035  decode.d4.loss_cls: 0.0260  decode.d4.loss_mask: 1.0620  decode.d4.loss_dice: 0.8917  decode.d5.loss_cls: 0.0251  decode.d5.loss_mask: 1.0677  decode.d5.loss_dice: 0.8899  decode.d6.loss_cls: 0.0245  decode.d6.loss_mask: 1.0663  decode.d6.loss_dice: 0.8846  decode.d7.loss_cls: 0.0238  decode.d7.loss_mask: 1.0538  decode.d7.loss_dice: 0.8814  decode.d8.loss_cls: 0.0235  decode.d8.loss_mask: 1.0581  decode.d8.loss_dice: 0.8808
2026/08/03 19:15:59 - mmengine - INFO - Iter(train) [14200/40000]  base_lr: 1.6019e-05 lr: 1.6019e-05  eta: 8:10:11  time: 1.1238  data_time: 0.0250  memory: 16828  grad_norm: 60.4646  loss: 12.4251  decode.loss_cls: 0.0161  decode.loss_mask: 0.5439  decode.loss_dice: 0.6637  decode.d0.loss_cls: 0.0439  decode.d0.loss_mask: 0.6070  decode.d0.loss_dice: 0.8173  decode.d1.loss_cls: 0.0267  decode.d1.loss_mask: 0.5373  decode.d1.loss_dice: 0.6682  decode.d2.loss_cls: 0.0240  decode.d2.loss_mask: 0.5433  decode.d2.loss_dice: 0.6668  decode.d3.loss_cls: 0.0234  decode.d3.loss_mask: 0.5326  decode.d3.loss_dice: 0.6710  decode.d4.loss_cls: 0.0226  decode.d4.loss_mask: 0.5304  decode.d4.loss_dice: 0.6670  decode.d5.loss_cls: 0.0228  decode.d5.loss_mask: 0.5290  decode.d5.loss_dice: 0.6470  decode.d6.loss_cls: 0.0222  decode.d6.loss_mask: 0.5281  decode.d6.loss_dice: 0.6476  decode.d7.loss_cls: 0.0191  decode.d7.loss_mask: 0.5390  decode.d7.loss_dice: 0.6457  decode.d8.loss_cls: 0.0181  decode.d8.loss_mask: 0.5480  decode.d8.loss_dice: 0.6535
2026/08/03 19:17:56 - mmengine - INFO - Iter(train) [14300/40000]  base_lr: 1.5953e-05 lr: 1.5953e-05  eta: 8:08:22  time: 1.1149  data_time: 0.0244  memory: 16845  grad_norm: 92.4358  loss: 18.6522  decode.loss_cls: 0.0131  decode.loss_mask: 0.9751  decode.loss_dice: 0.8161  decode.d0.loss_cls: 0.0401  decode.d0.loss_mask: 1.1950  decode.d0.loss_dice: 0.9762  decode.d1.loss_cls: 0.0196  decode.d1.loss_mask: 1.0112  decode.d1.loss_dice: 0.8540  decode.d2.loss_cls: 0.0160  decode.d2.loss_mask: 0.9846  decode.d2.loss_dice: 0.8296  decode.d3.loss_cls: 0.0131  decode.d3.loss_mask: 0.9939  decode.d3.loss_dice: 0.8267  decode.d4.loss_cls: 0.0133  decode.d4.loss_mask: 0.9909  decode.d4.loss_dice: 0.8310  decode.d5.loss_cls: 0.0130  decode.d5.loss_mask: 0.9869  decode.d5.loss_dice: 0.8232  decode.d6.loss_cls: 0.0127  decode.d6.loss_mask: 0.9857  decode.d6.loss_dice: 0.8203  decode.d7.loss_cls: 0.0118  decode.d7.loss_mask: 0.9795  decode.d7.loss_dice: 0.8207  decode.d8.loss_cls: 0.0132  decode.d8.loss_mask: 0.9723  decode.d8.loss_dice: 0.8136
2026/08/03 19:19:48 - mmengine - INFO - Iter(train) [14400/40000]  base_lr: 1.5887e-05 lr: 1.5887e-05  eta: 8:06:23  time: 1.1128  data_time: 0.0238  memory: 16845  grad_norm: 66.6267  loss: 17.8229  decode.loss_cls: 0.0088  decode.loss_mask: 0.9567  decode.loss_dice: 0.7806  decode.d0.loss_cls: 0.0322  decode.d0.loss_mask: 1.0243  decode.d0.loss_dice: 0.8490  decode.d1.loss_cls: 0.0119  decode.d1.loss_mask: 0.9802  decode.d1.loss_dice: 0.8247  decode.d2.loss_cls: 0.0098  decode.d2.loss_mask: 0.9626  decode.d2.loss_dice: 0.8183  decode.d3.loss_cls: 0.0095  decode.d3.loss_mask: 0.9543  decode.d3.loss_dice: 0.8162  decode.d4.loss_cls: 0.0097  decode.d4.loss_mask: 0.9502  decode.d4.loss_dice: 0.8049  decode.d5.loss_cls: 0.0092  decode.d5.loss_mask: 0.9529  decode.d5.loss_dice: 0.7966  decode.d6.loss_cls: 0.0093  decode.d6.loss_mask: 0.9541  decode.d6.loss_dice: 0.7869  decode.d7.loss_cls: 0.0086  decode.d7.loss_mask: 0.9595  decode.d7.loss_dice: 0.7862  decode.d8.loss_cls: 0.0091  decode.d8.loss_mask: 0.9614  decode.d8.loss_dice: 0.7854
2026/08/03 19:21:39 - mmengine - INFO - Iter(train) [14500/40000]  base_lr: 1.5820e-05 lr: 1.5820e-05  eta: 8:04:25  time: 1.1158  data_time: 0.0229  memory: 16838  grad_norm: 61.6835  loss: 14.1719  decode.loss_cls: 0.0105  decode.loss_mask: 0.7228  decode.loss_dice: 0.6497  decode.d0.loss_cls: 0.0383  decode.d0.loss_mask: 0.7775  decode.d0.loss_dice: 0.7750  decode.d1.loss_cls: 0.0185  decode.d1.loss_mask: 0.7282  decode.d1.loss_dice: 0.6995  decode.d2.loss_cls: 0.0134  decode.d2.loss_mask: 0.7172  decode.d2.loss_dice: 0.6796  decode.d3.loss_cls: 0.0127  decode.d3.loss_mask: 0.7104  decode.d3.loss_dice: 0.6757  decode.d4.loss_cls: 0.0137  decode.d4.loss_mask: 0.7116  decode.d4.loss_dice: 0.6652  decode.d5.loss_cls: 0.0139  decode.d5.loss_mask: 0.7173  decode.d5.loss_dice: 0.6617  decode.d6.loss_cls: 0.0111  decode.d6.loss_mask: 0.7203  decode.d6.loss_dice: 0.6526  decode.d7.loss_cls: 0.0124  decode.d7.loss_mask: 0.7211  decode.d7.loss_dice: 0.6554  decode.d8.loss_cls: 0.0122  decode.d8.loss_mask: 0.7195  decode.d8.loss_dice: 0.6547
2026/08/03 19:23:31 - mmengine - INFO - Iter(train) [14600/40000]  base_lr: 1.5753e-05 lr: 1.5753e-05  eta: 8:02:27  time: 1.1263  data_time: 0.0232  memory: 16828  grad_norm: 96.2254  loss: 16.3237  decode.loss_cls: 0.0217  decode.loss_mask: 0.8484  decode.loss_dice: 0.7240  decode.d0.loss_cls: 0.0481  decode.d0.loss_mask: 0.9444  decode.d0.loss_dice: 0.8557  decode.d1.loss_cls: 0.0215  decode.d1.loss_mask: 0.8650  decode.d1.loss_dice: 0.7591  decode.d2.loss_cls: 0.0203  decode.d2.loss_mask: 0.8545  decode.d2.loss_dice: 0.7375  decode.d3.loss_cls: 0.0198  decode.d3.loss_mask: 0.8557  decode.d3.loss_dice: 0.7430  decode.d4.loss_cls: 0.0208  decode.d4.loss_mask: 0.8534  decode.d4.loss_dice: 0.7422  decode.d5.loss_cls: 0.0197  decode.d5.loss_mask: 0.8462  decode.d5.loss_dice: 0.7272  decode.d6.loss_cls: 0.0189  decode.d6.loss_mask: 0.8499  decode.d6.loss_dice: 0.7261  decode.d7.loss_cls: 0.0181  decode.d7.loss_mask: 0.8511  decode.d7.loss_dice: 0.7368  decode.d8.loss_cls: 0.0200  decode.d8.loss_mask: 0.8462  decode.d8.loss_dice: 0.7284
2026/08/03 19:25:26 - mmengine - INFO - Iter(train) [14700/40000]  base_lr: 1.5686e-05 lr: 1.5686e-05  eta: 8:00:36  time: 1.1205  data_time: 0.0225  memory: 16845  grad_norm: 100.2109  loss: 15.0999  decode.loss_cls: 0.0233  decode.loss_mask: 0.7719  decode.loss_dice: 0.6440  decode.d0.loss_cls: 0.0657  decode.d0.loss_mask: 1.0062  decode.d0.loss_dice: 0.8643  decode.d1.loss_cls: 0.0280  decode.d1.loss_mask: 0.8433  decode.d1.loss_dice: 0.7193  decode.d2.loss_cls: 0.0230  decode.d2.loss_mask: 0.8057  decode.d2.loss_dice: 0.6629  decode.d3.loss_cls: 0.0222  decode.d3.loss_mask: 0.8055  decode.d3.loss_dice: 0.6570  decode.d4.loss_cls: 0.0231  decode.d4.loss_mask: 0.7849  decode.d4.loss_dice: 0.6402  decode.d5.loss_cls: 0.0254  decode.d5.loss_mask: 0.7706  decode.d5.loss_dice: 0.6320  decode.d6.loss_cls: 0.0241  decode.d6.loss_mask: 0.7682  decode.d6.loss_dice: 0.6389  decode.d7.loss_cls: 0.0221  decode.d7.loss_mask: 0.7718  decode.d7.loss_dice: 0.6396  decode.d8.loss_cls: 0.0232  decode.d8.loss_mask: 0.7633  decode.d8.loss_dice: 0.6301
2026/08/03 19:27:18 - mmengine - INFO - Iter(train) [14800/40000]  base_lr: 1.5618e-05 lr: 1.5618e-05  eta: 7:58:39  time: 1.1317  data_time: 0.0233  memory: 16829  grad_norm: 94.9072  loss: 19.3404  decode.loss_cls: 0.0160  decode.loss_mask: 1.0548  decode.loss_dice: 0.8476  decode.d0.loss_cls: 0.0460  decode.d0.loss_mask: 1.1203  decode.d0.loss_dice: 0.9075  decode.d1.loss_cls: 0.0208  decode.d1.loss_mask: 1.0752  decode.d1.loss_dice: 0.8718  decode.d2.loss_cls: 0.0204  decode.d2.loss_mask: 1.0523  decode.d2.loss_dice: 0.8452  decode.d3.loss_cls: 0.0169  decode.d3.loss_mask: 1.0572  decode.d3.loss_dice: 0.8404  decode.d4.loss_cls: 0.0159  decode.d4.loss_mask: 1.0584  decode.d4.loss_dice: 0.8369  decode.d5.loss_cls: 0.0159  decode.d5.loss_mask: 1.0558  decode.d5.loss_dice: 0.8394  decode.d6.loss_cls: 0.0160  decode.d6.loss_mask: 1.0503  decode.d6.loss_dice: 0.8407  decode.d7.loss_cls: 0.0170  decode.d7.loss_mask: 1.0389  decode.d7.loss_dice: 0.8324  decode.d8.loss_cls: 0.0171  decode.d8.loss_mask: 1.0589  decode.d8.loss_dice: 0.8543
2026/08/03 19:29:11 - mmengine - INFO - Iter(train) [14900/40000]  base_lr: 1.5550e-05 lr: 1.5550e-05  eta: 7:56:41  time: 1.1160  data_time: 0.0234  memory: 16845  grad_norm: 67.4995  loss: 14.6785  decode.loss_cls: 0.0188  decode.loss_mask: 0.7742  decode.loss_dice: 0.6342  decode.d0.loss_cls: 0.0547  decode.d0.loss_mask: 0.8833  decode.d0.loss_dice: 0.7440  decode.d1.loss_cls: 0.0293  decode.d1.loss_mask: 0.8224  decode.d1.loss_dice: 0.6564  decode.d2.loss_cls: 0.0219  decode.d2.loss_mask: 0.7987  decode.d2.loss_dice: 0.6404  decode.d3.loss_cls: 0.0195  decode.d3.loss_mask: 0.7862  decode.d3.loss_dice: 0.6346  decode.d4.loss_cls: 0.0206  decode.d4.loss_mask: 0.7827  decode.d4.loss_dice: 0.6417  decode.d5.loss_cls: 0.0207  decode.d5.loss_mask: 0.7772  decode.d5.loss_dice: 0.6361  decode.d6.loss_cls: 0.0209  decode.d6.loss_mask: 0.7707  decode.d6.loss_dice: 0.6326  decode.d7.loss_cls: 0.0209  decode.d7.loss_mask: 0.7713  decode.d7.loss_dice: 0.6325  decode.d8.loss_cls: 0.0180  decode.d8.loss_mask: 0.7744  decode.d8.loss_dice: 0.6394
2026/08/03 19:31:03 - mmengine - INFO - Exp name: dinov3_m2f_gram_4999_v2_20260803_142922
2026/08/03 19:31:03 - mmengine - INFO - Iter(train) [15000/40000]  base_lr: 1.5482e-05 lr: 1.5482e-05  eta: 7:54:45  time: 1.1193  data_time: 0.0238  memory: 16812  grad_norm: 82.1477  loss: 18.8725  decode.loss_cls: 0.0111  decode.loss_mask: 1.0049  decode.loss_dice: 0.8088  decode.d0.loss_cls: 0.0455  decode.d0.loss_mask: 1.2037  decode.d0.loss_dice: 0.9967  decode.d1.loss_cls: 0.0217  decode.d1.loss_mask: 1.0447  decode.d1.loss_dice: 0.8413  decode.d2.loss_cls: 0.0185  decode.d2.loss_mask: 1.0330  decode.d2.loss_dice: 0.8128  decode.d3.loss_cls: 0.0158  decode.d3.loss_mask: 1.0349  decode.d3.loss_dice: 0.8160  decode.d4.loss_cls: 0.0140  decode.d4.loss_mask: 1.0193  decode.d4.loss_dice: 0.8053  decode.d5.loss_cls: 0.0137  decode.d5.loss_mask: 1.0096  decode.d5.loss_dice: 0.8036  decode.d6.loss_cls: 0.0135  decode.d6.loss_mask: 1.0060  decode.d6.loss_dice: 0.8091  decode.d7.loss_cls: 0.0124  decode.d7.loss_mask: 1.0076  decode.d7.loss_dice: 0.8199  decode.d8.loss_cls: 0.0111  decode.d8.loss_mask: 1.0014  decode.d8.loss_dice: 0.8168
2026/08/03 19:32:55 - mmengine - INFO - Iter(train) [15100/40000]  base_lr: 1.5413e-05 lr: 1.5413e-05  eta: 7:52:48  time: 1.1205  data_time: 0.0228  memory: 16845  grad_norm: 87.3256  loss: 18.2468  decode.loss_cls: 0.0144  decode.loss_mask: 0.8923  decode.loss_dice: 0.8542  decode.d0.loss_cls: 0.0376  decode.d0.loss_mask: 1.0542  decode.d0.loss_dice: 1.0136  decode.d1.loss_cls: 0.0207  decode.d1.loss_mask: 0.9469  decode.d1.loss_dice: 0.9108  decode.d2.loss_cls: 0.0169  decode.d2.loss_mask: 0.9374  decode.d2.loss_dice: 0.8841  decode.d3.loss_cls: 0.0147  decode.d3.loss_mask: 0.9293  decode.d3.loss_dice: 0.8758  decode.d4.loss_cls: 0.0154  decode.d4.loss_mask: 0.9186  decode.d4.loss_dice: 0.8617  decode.d5.loss_cls: 0.0159  decode.d5.loss_mask: 0.9079  decode.d5.loss_dice: 0.8471  decode.d6.loss_cls: 0.0151  decode.d6.loss_mask: 0.9021  decode.d6.loss_dice: 0.8482  decode.d7.loss_cls: 0.0169  decode.d7.loss_mask: 0.8937  decode.d7.loss_dice: 0.8368  decode.d8.loss_cls: 0.0136  decode.d8.loss_mask: 0.8920  decode.d8.loss_dice: 0.8586
2026/08/03 19:34:51 - mmengine - INFO - Iter(train) [15200/40000]  base_lr: 1.5344e-05 lr: 1.5344e-05  eta: 7:50:56  time: 1.1150  data_time: 0.0234  memory: 16845  grad_norm: 61.0015  loss: 14.8347  decode.loss_cls: 0.0074  decode.loss_mask: 0.7791  decode.loss_dice: 0.6737  decode.d0.loss_cls: 0.0348  decode.d0.loss_mask: 0.8111  decode.d0.loss_dice: 0.7310  decode.d1.loss_cls: 0.0135  decode.d1.loss_mask: 0.7845  decode.d1.loss_dice: 0.6912  decode.d2.loss_cls: 0.0094  decode.d2.loss_mask: 0.7774  decode.d2.loss_dice: 0.6859  decode.d3.loss_cls: 0.0103  decode.d3.loss_mask: 0.7786  decode.d3.loss_dice: 0.6825  decode.d4.loss_cls: 0.0085  decode.d4.loss_mask: 0.7838  decode.d4.loss_dice: 0.6893  decode.d5.loss_cls: 0.0071  decode.d5.loss_mask: 0.7782  decode.d5.loss_dice: 0.6846  decode.d6.loss_cls: 0.0064  decode.d6.loss_mask: 0.7796  decode.d6.loss_dice: 0.6933  decode.d7.loss_cls: 0.0074  decode.d7.loss_mask: 0.7795  decode.d7.loss_dice: 0.6812  decode.d8.loss_cls: 0.0080  decode.d8.loss_mask: 0.7761  decode.d8.loss_dice: 0.6811
2026/08/03 19:36:43 - mmengine - INFO - Iter(train) [15300/40000]  base_lr: 1.5274e-05 lr: 1.5274e-05  eta: 7:49:00  time: 1.1132  data_time: 0.0238  memory: 16845  grad_norm: 70.7372  loss: 15.5215  decode.loss_cls: 0.0055  decode.loss_mask: 0.8429  decode.loss_dice: 0.6814  decode.d0.loss_cls: 0.0309  decode.d0.loss_mask: 0.9037  decode.d0.loss_dice: 0.7347  decode.d1.loss_cls: 0.0071  decode.d1.loss_mask: 0.8769  decode.d1.loss_dice: 0.6753  decode.d2.loss_cls: 0.0064  decode.d2.loss_mask: 0.8667  decode.d2.loss_dice: 0.6765  decode.d3.loss_cls: 0.0049  decode.d3.loss_mask: 0.8640  decode.d3.loss_dice: 0.6752  decode.d4.loss_cls: 0.0061  decode.d4.loss_mask: 0.8561  decode.d4.loss_dice: 0.6829  decode.d5.loss_cls: 0.0062  decode.d5.loss_mask: 0.8548  decode.d5.loss_dice: 0.6768  decode.d6.loss_cls: 0.0056  decode.d6.loss_mask: 0.8457  decode.d6.loss_dice: 0.6794  decode.d7.loss_cls: 0.0053  decode.d7.loss_mask: 0.8450  decode.d7.loss_dice: 0.6819  decode.d8.loss_cls: 0.0052  decode.d8.loss_mask: 0.8401  decode.d8.loss_dice: 0.6784
2026/08/03 19:38:35 - mmengine - INFO - Iter(train) [15400/40000]  base_lr: 1.5204e-05 lr: 1.5204e-05  eta: 7:47:03  time: 1.1232  data_time: 0.0229  memory: 16824  grad_norm: 117.7234  loss: 24.8365  decode.loss_cls: 0.0368  decode.loss_mask: 1.3079  decode.loss_dice: 1.0589  decode.d0.loss_cls: 0.0892  decode.d0.loss_mask: 1.5092  decode.d0.loss_dice: 1.2822  decode.d1.loss_cls: 0.0471  decode.d1.loss_mask: 1.3844  decode.d1.loss_dice: 1.1430  decode.d2.loss_cls: 0.0446  decode.d2.loss_mask: 1.3490  decode.d2.loss_dice: 1.1084  decode.d3.loss_cls: 0.0436  decode.d3.loss_mask: 1.3259  decode.d3.loss_dice: 1.0763  decode.d4.loss_cls: 0.0405  decode.d4.loss_mask: 1.3131  decode.d4.loss_dice: 1.0667  decode.d5.loss_cls: 0.0403  decode.d5.loss_mask: 1.3092  decode.d5.loss_dice: 1.0596  decode.d6.loss_cls: 0.0411  decode.d6.loss_mask: 1.3072  decode.d6.loss_dice: 1.0556  decode.d7.loss_cls: 0.0406  decode.d7.loss_mask: 1.3038  decode.d7.loss_dice: 1.0465  decode.d8.loss_cls: 0.0384  decode.d8.loss_mask: 1.3114  decode.d8.loss_dice: 1.0558
2026/08/03 19:40:26 - mmengine - INFO - Iter(train) [15500/40000]  base_lr: 1.5134e-05 lr: 1.5134e-05  eta: 7:45:05  time: 1.1160  data_time: 0.0234  memory: 16828  grad_norm: 64.7465  loss: 13.6747  decode.loss_cls: 0.0139  decode.loss_mask: 0.6368  decode.loss_dice: 0.6699  decode.d0.loss_cls: 0.0355  decode.d0.loss_mask: 0.7416  decode.d0.loss_dice: 0.8245  decode.d1.loss_cls: 0.0222  decode.d1.loss_mask: 0.6628  decode.d1.loss_dice: 0.7257  decode.d2.loss_cls: 0.0181  decode.d2.loss_mask: 0.6589  decode.d2.loss_dice: 0.7053  decode.d3.loss_cls: 0.0203  decode.d3.loss_mask: 0.6360  decode.d3.loss_dice: 0.6788  decode.d4.loss_cls: 0.0178  decode.d4.loss_mask: 0.6363  decode.d4.loss_dice: 0.6763  decode.d5.loss_cls: 0.0180  decode.d5.loss_mask: 0.6385  decode.d5.loss_dice: 0.6671  decode.d6.loss_cls: 0.0172  decode.d6.loss_mask: 0.6364  decode.d6.loss_dice: 0.6773  decode.d7.loss_cls: 0.0152  decode.d7.loss_mask: 0.6388  decode.d7.loss_dice: 0.6625  decode.d8.loss_cls: 0.0160  decode.d8.loss_mask: 0.6361  decode.d8.loss_dice: 0.6708
2026/08/03 19:42:22 - mmengine - INFO - Iter(train) [15600/40000]  base_lr: 1.5063e-05 lr: 1.5063e-05  eta: 7:43:14  time: 1.1197  data_time: 0.0241  memory: 16845  grad_norm: 150.1239  loss: 18.7806  decode.loss_cls: 0.0067  decode.loss_mask: 1.0539  decode.loss_dice: 0.8173  decode.d0.loss_cls: 0.0428  decode.d0.loss_mask: 1.0698  decode.d0.loss_dice: 0.8397  decode.d1.loss_cls: 0.0105  decode.d1.loss_mask: 1.0468  decode.d1.loss_dice: 0.8106  decode.d2.loss_cls: 0.0081  decode.d2.loss_mask: 1.0339  decode.d2.loss_dice: 0.8055  decode.d3.loss_cls: 0.0060  decode.d3.loss_mask: 1.0372  decode.d3.loss_dice: 0.8227  decode.d4.loss_cls: 0.0058  decode.d4.loss_mask: 1.0523  decode.d4.loss_dice: 0.8274  decode.d5.loss_cls: 0.0057  decode.d5.loss_mask: 1.0495  decode.d5.loss_dice: 0.8114  decode.d6.loss_cls: 0.0062  decode.d6.loss_mask: 1.0495  decode.d6.loss_dice: 0.8022  decode.d7.loss_cls: 0.0071  decode.d7.loss_mask: 1.0466  decode.d7.loss_dice: 0.8250  decode.d8.loss_cls: 0.0063  decode.d8.loss_mask: 1.0443  decode.d8.loss_dice: 0.8297
2026/08/03 19:44:14 - mmengine - INFO - Iter(train) [15700/40000]  base_lr: 1.4992e-05 lr: 1.4992e-05  eta: 7:41:18  time: 1.1571  data_time: 0.0236  memory: 16845  grad_norm: 54.3164  loss: 13.7290  decode.loss_cls: 0.0041  decode.loss_mask: 0.7179  decode.loss_dice: 0.6215  decode.d0.loss_cls: 0.0299  decode.d0.loss_mask: 0.7658  decode.d0.loss_dice: 0.6926  decode.d1.loss_cls: 0.0067  decode.d1.loss_mask: 0.7357  decode.d1.loss_dice: 0.6646  decode.d2.loss_cls: 0.0055  decode.d2.loss_mask: 0.7196  decode.d2.loss_dice: 0.6491  decode.d3.loss_cls: 0.0052  decode.d3.loss_mask: 0.7128  decode.d3.loss_dice: 0.6428  decode.d4.loss_cls: 0.0049  decode.d4.loss_mask: 0.7097  decode.d4.loss_dice: 0.6296  decode.d5.loss_cls: 0.0055  decode.d5.loss_mask: 0.7153  decode.d5.loss_dice: 0.6352  decode.d6.loss_cls: 0.0060  decode.d6.loss_mask: 0.7167  decode.d6.loss_dice: 0.6354  decode.d7.loss_cls: 0.0039  decode.d7.loss_mask: 0.7148  decode.d7.loss_dice: 0.6344  decode.d8.loss_cls: 0.0040  decode.d8.loss_mask: 0.7163  decode.d8.loss_dice: 0.6235
2026/08/03 19:46:06 - mmengine - INFO - Iter(train) [15800/40000]  base_lr: 1.4921e-05 lr: 1.4921e-05  eta: 7:39:21  time: 1.1214  data_time: 0.0245  memory: 16838  grad_norm: 65.7332  loss: 13.3941  decode.loss_cls: 0.0060  decode.loss_mask: 0.6785  decode.loss_dice: 0.6197  decode.d0.loss_cls: 0.0319  decode.d0.loss_mask: 0.7698  decode.d0.loss_dice: 0.7372  decode.d1.loss_cls: 0.0146  decode.d1.loss_mask: 0.6889  decode.d1.loss_dice: 0.6578  decode.d2.loss_cls: 0.0100  decode.d2.loss_mask: 0.6816  decode.d2.loss_dice: 0.6392  decode.d3.loss_cls: 0.0067  decode.d3.loss_mask: 0.6767  decode.d3.loss_dice: 0.6411  decode.d4.loss_cls: 0.0079  decode.d4.loss_mask: 0.6753  decode.d4.loss_dice: 0.6220  decode.d5.loss_cls: 0.0071  decode.d5.loss_mask: 0.6796  decode.d5.loss_dice: 0.6253  decode.d6.loss_cls: 0.0078  decode.d6.loss_mask: 0.6837  decode.d6.loss_dice: 0.6226  decode.d7.loss_cls: 0.0067  decode.d7.loss_mask: 0.6766  decode.d7.loss_dice: 0.6165  decode.d8.loss_cls: 0.0062  decode.d8.loss_mask: 0.6800  decode.d8.loss_dice: 0.6171
2026/08/03 19:47:59 - mmengine - INFO - Iter(train) [15900/40000]  base_lr: 1.4850e-05 lr: 1.4850e-05  eta: 7:37:25  time: 1.1086  data_time: 0.0251  memory: 16828  grad_norm: 102.0558  loss: 16.2023  decode.loss_cls: 0.0239  decode.loss_mask: 0.8299  decode.loss_dice: 0.7250  decode.d0.loss_cls: 0.0452  decode.d0.loss_mask: 0.9443  decode.d0.loss_dice: 0.8611  decode.d1.loss_cls: 0.0255  decode.d1.loss_mask: 0.8474  decode.d1.loss_dice: 0.7638  decode.d2.loss_cls: 0.0219  decode.d2.loss_mask: 0.8301  decode.d2.loss_dice: 0.7563  decode.d3.loss_cls: 0.0202  decode.d3.loss_mask: 0.8319  decode.d3.loss_dice: 0.7419  decode.d4.loss_cls: 0.0202  decode.d4.loss_mask: 0.8273  decode.d4.loss_dice: 0.7460  decode.d5.loss_cls: 0.0187  decode.d5.loss_mask: 0.8244  decode.d5.loss_dice: 0.7505  decode.d6.loss_cls: 0.0212  decode.d6.loss_mask: 0.8293  decode.d6.loss_dice: 0.7443  decode.d7.loss_cls: 0.0232  decode.d7.loss_mask: 0.8228  decode.d7.loss_dice: 0.7316  decode.d8.loss_cls: 0.0206  decode.d8.loss_mask: 0.8240  decode.d8.loss_dice: 0.7298
2026/08/03 19:49:54 - mmengine - INFO - Exp name: dinov3_m2f_gram_4999_v2_20260803_142922
2026/08/03 19:49:54 - mmengine - INFO - Iter(train) [16000/40000]  base_lr: 1.4778e-05 lr: 1.4778e-05  eta: 7:35:33  time: 1.1145  data_time: 0.0224  memory: 16845  grad_norm: 100.7741  loss: 14.6330  decode.loss_cls: 0.0245  decode.loss_mask: 0.7375  decode.loss_dice: 0.6395  decode.d0.loss_cls: 0.0606  decode.d0.loss_mask: 0.8836  decode.d0.loss_dice: 0.8318  decode.d1.loss_cls: 0.0285  decode.d1.loss_mask: 0.7886  decode.d1.loss_dice: 0.7063  decode.d2.loss_cls: 0.0282  decode.d2.loss_mask: 0.7515  decode.d2.loss_dice: 0.6605  decode.d3.loss_cls: 0.0268  decode.d3.loss_mask: 0.7606  decode.d3.loss_dice: 0.6650  decode.d4.loss_cls: 0.0269  decode.d4.loss_mask: 0.7407  decode.d4.loss_dice: 0.6370  decode.d5.loss_cls: 0.0257  decode.d5.loss_mask: 0.7496  decode.d5.loss_dice: 0.6456  decode.d6.loss_cls: 0.0267  decode.d6.loss_mask: 0.7408  decode.d6.loss_dice: 0.6425  decode.d7.loss_cls: 0.0255  decode.d7.loss_mask: 0.7394  decode.d7.loss_dice: 0.6467  decode.d8.loss_cls: 0.0258  decode.d8.loss_mask: 0.7368  decode.d8.loss_dice: 0.6300
2026/08/03 19:49:54 - mmengine - INFO - Saving checkpoint at 16000 iterations
2026/08/03 19:50:55 - mmengine - INFO - Iter(val) [100/252]    eta: 0:01:03  time: 0.4087  data_time: 0.0162  memory: 4705  
2026/08/03 19:51:36 - mmengine - INFO - Iter(val) [200/252]    eta: 0:00:21  time: 0.4064  data_time: 0.0139  memory: 4705  
2026/08/03 19:52:01 - mmengine - INFO - per class results:
2026/08/03 19:52:01 - mmengine - INFO - 
+--------------------+-------+-------+--------+-----------+--------+
|       Class        |  IoU  |  Acc  | Fscore | Precision | Recall |
+--------------------+-------+-------+--------+-----------+--------+
| impervious_surface | 84.98 |  89.6 | 91.88  |   94.28   |  89.6  |
|      building      | 95.24 | 96.79 | 97.56  |   98.34   | 96.79  |
|   low_vegetation   | 78.58 | 96.34 |  88.0  |    81.0   | 96.34  |
|        tree        | 77.68 | 80.48 | 87.44  |    95.7   | 80.48  |
|        car         | 93.59 | 96.42 | 96.69  |   96.97   | 96.42  |
+--------------------+-------+-------+--------+-----------+--------+
2026/08/03 19:52:01 - mmengine - INFO - Iter(val) [252/252]    aAcc: 90.6100  mIoU: 86.0100  mAcc: 91.9200  mFscore: 92.3100  mPrecision: 93.2600  mRecall: 91.9200  data_time: 0.0197  time: 0.4121
2026/08/03 19:53:53 - mmengine - INFO - Iter(train) [16100/40000]  base_lr: 1.4705e-05 lr: 1.4705e-05  eta: 7:33:42  time: 1.1187  data_time: 0.0228  memory: 16829  grad_norm: 110.0983  loss: 20.3907  decode.loss_cls: 0.0183  decode.loss_mask: 1.1059  decode.loss_dice: 0.8651  decode.d0.loss_cls: 0.0438  decode.d0.loss_mask: 1.2336  decode.d0.loss_dice: 0.9499  decode.d1.loss_cls: 0.0215  decode.d1.loss_mask: 1.1467  decode.d1.loss_dice: 0.9049  decode.d2.loss_cls: 0.0192  decode.d2.loss_mask: 1.1434  decode.d2.loss_dice: 0.8837  decode.d3.loss_cls: 0.0179  decode.d3.loss_mask: 1.1420  decode.d3.loss_dice: 0.8737  decode.d4.loss_cls: 0.0157  decode.d4.loss_mask: 1.1326  decode.d4.loss_dice: 0.8755  decode.d5.loss_cls: 0.0156  decode.d5.loss_mask: 1.1230  decode.d5.loss_dice: 0.8701  decode.d6.loss_cls: 0.0171  decode.d6.loss_mask: 1.1145  decode.d6.loss_dice: 0.8682  decode.d7.loss_cls: 0.0174  decode.d7.loss_mask: 1.1072  decode.d7.loss_dice: 0.8691  decode.d8.loss_cls: 0.0182  decode.d8.loss_mask: 1.1066  decode.d8.loss_dice: 0.8706
2026/08/03 19:55:45 - mmengine - INFO - Iter(train) [16200/40000]  base_lr: 1.4633e-05 lr: 1.4633e-05  eta: 7:31:46  time: 1.1302  data_time: 0.0235  memory: 16845  grad_norm: 65.1378  loss: 14.0562  decode.loss_cls: 0.0174  decode.loss_mask: 0.7367  decode.loss_dice: 0.6262  decode.d0.loss_cls: 0.0466  decode.d0.loss_mask: 0.8304  decode.d0.loss_dice: 0.6992  decode.d1.loss_cls: 0.0215  decode.d1.loss_mask: 0.7832  decode.d1.loss_dice: 0.6395  decode.d2.loss_cls: 0.0176  decode.d2.loss_mask: 0.7550  decode.d2.loss_dice: 0.6256  decode.d3.loss_cls: 0.0175  decode.d3.loss_mask: 0.7471  decode.d3.loss_dice: 0.6201  decode.d4.loss_cls: 0.0169  decode.d4.loss_mask: 0.7400  decode.d4.loss_dice: 0.6188  decode.d5.loss_cls: 0.0172  decode.d5.loss_mask: 0.7350  decode.d5.loss_dice: 0.6166  decode.d6.loss_cls: 0.0168  decode.d6.loss_mask: 0.7352  decode.d6.loss_dice: 0.6227  decode.d7.loss_cls: 0.0148  decode.d7.loss_mask: 0.7372  decode.d7.loss_dice: 0.6210  decode.d8.loss_cls: 0.0162  decode.d8.loss_mask: 0.7369  decode.d8.loss_dice: 0.6274
2026/08/03 19:57:38 - mmengine - INFO - Iter(train) [16300/40000]  base_lr: 1.4560e-05 lr: 1.4560e-05  eta: 7:29:50  time: 1.1133  data_time: 0.0246  memory: 16812  grad_norm: 71.0679  loss: 17.2496  decode.loss_cls: 0.0088  decode.loss_mask: 0.8997  decode.loss_dice: 0.7653  decode.d0.loss_cls: 0.0331  decode.d0.loss_mask: 1.0390  decode.d0.loss_dice: 0.9067  decode.d1.loss_cls: 0.0181  decode.d1.loss_mask: 0.9280  decode.d1.loss_dice: 0.7871  decode.d2.loss_cls: 0.0153  decode.d2.loss_mask: 0.9312  decode.d2.loss_dice: 0.7637  decode.d3.loss_cls: 0.0151  decode.d3.loss_mask: 0.9318  decode.d3.loss_dice: 0.7694  decode.d4.loss_cls: 0.0131  decode.d4.loss_mask: 0.9181  decode.d4.loss_dice: 0.7734  decode.d5.loss_cls: 0.0144  decode.d5.loss_mask: 0.9160  decode.d5.loss_dice: 0.7653  decode.d6.loss_cls: 0.0136  decode.d6.loss_mask: 0.9078  decode.d6.loss_dice: 0.7625  decode.d7.loss_cls: 0.0119  decode.d7.loss_mask: 0.9012  decode.d7.loss_dice: 0.7640  decode.d8.loss_cls: 0.0114  decode.d8.loss_mask: 0.8961  decode.d8.loss_dice: 0.7685
2026/08/03 19:59:30 - mmengine - INFO - Iter(train) [16400/40000]  base_lr: 1.4487e-05 lr: 1.4487e-05  eta: 7:27:54  time: 1.1155  data_time: 0.0241  memory: 16845  grad_norm: 81.9338  loss: 16.5632  decode.loss_cls: 0.0074  decode.loss_mask: 0.8168  decode.loss_dice: 0.7961  decode.d0.loss_cls: 0.0311  decode.d0.loss_mask: 0.9258  decode.d0.loss_dice: 0.8893  decode.d1.loss_cls: 0.0117  decode.d1.loss_mask: 0.8480  decode.d1.loss_dice: 0.8339  decode.d2.loss_cls: 0.0076  decode.d2.loss_mask: 0.8385  decode.d2.loss_dice: 0.8072  decode.d3.loss_cls: 0.0071  decode.d3.loss_mask: 0.8296  decode.d3.loss_dice: 0.7936  decode.d4.loss_cls: 0.0054  decode.d4.loss_mask: 0.8323  decode.d4.loss_dice: 0.8053  decode.d5.loss_cls: 0.0071  decode.d5.loss_mask: 0.8265  decode.d5.loss_dice: 0.7925  decode.d6.loss_cls: 0.0079  decode.d6.loss_mask: 0.8266  decode.d6.loss_dice: 0.7847  decode.d7.loss_cls: 0.0071  decode.d7.loss_mask: 0.8211  decode.d7.loss_dice: 0.7887  decode.d8.loss_cls: 0.0071  decode.d8.loss_mask: 0.8213  decode.d8.loss_dice: 0.7858
2026/08/03 20:01:26 - mmengine - INFO - Iter(train) [16500/40000]  base_lr: 1.4414e-05 lr: 1.4414e-05  eta: 7:26:03  time: 1.1252  data_time: 0.0229  memory: 16830  grad_norm: 100.2265  loss: 14.5813  decode.loss_cls: 0.0045  decode.loss_mask: 0.7784  decode.loss_dice: 0.6606  decode.d0.loss_cls: 0.0312  decode.d0.loss_mask: 0.8472  decode.d0.loss_dice: 0.7336  decode.d1.loss_cls: 0.0094  decode.d1.loss_mask: 0.7679  decode.d1.loss_dice: 0.6767  decode.d2.loss_cls: 0.0082  decode.d2.loss_mask: 0.7652  decode.d2.loss_dice: 0.6579  decode.d3.loss_cls: 0.0063  decode.d3.loss_mask: 0.7694  decode.d3.loss_dice: 0.6543  decode.d4.loss_cls: 0.0059  decode.d4.loss_mask: 0.7750  decode.d4.loss_dice: 0.6505  decode.d5.loss_cls: 0.0071  decode.d5.loss_mask: 0.7704  decode.d5.loss_dice: 0.6536  decode.d6.loss_cls: 0.0062  decode.d6.loss_mask: 0.7788  decode.d6.loss_dice: 0.6609  decode.d7.loss_cls: 0.0068  decode.d7.loss_mask: 0.7785  decode.d7.loss_dice: 0.6616  decode.d8.loss_cls: 0.0056  decode.d8.loss_mask: 0.7773  decode.d8.loss_dice: 0.6718
2026/08/03 20:03:18 - mmengine - INFO - Iter(train) [16600/40000]  base_lr: 1.4340e-05 lr: 1.4340e-05  eta: 7:24:06  time: 1.1229  data_time: 0.0234  memory: 16845  grad_norm: 76.8237  loss: 17.1131  decode.loss_cls: 0.0038  decode.loss_mask: 0.9036  decode.loss_dice: 0.7801  decode.d0.loss_cls: 0.0286  decode.d0.loss_mask: 1.0006  decode.d0.loss_dice: 0.8232  decode.d1.loss_cls: 0.0074  decode.d1.loss_mask: 0.9510  decode.d1.loss_dice: 0.7671  decode.d2.loss_cls: 0.0079  decode.d2.loss_mask: 0.9345  decode.d2.loss_dice: 0.7667  decode.d3.loss_cls: 0.0075  decode.d3.loss_mask: 0.9282  decode.d3.loss_dice: 0.7662  decode.d4.loss_cls: 0.0056  decode.d4.loss_mask: 0.9205  decode.d4.loss_dice: 0.7706  decode.d5.loss_cls: 0.0052  decode.d5.loss_mask: 0.9169  decode.d5.loss_dice: 0.7725  decode.d6.loss_cls: 0.0047  decode.d6.loss_mask: 0.9090  decode.d6.loss_dice: 0.7685  decode.d7.loss_cls: 0.0046  decode.d7.loss_mask: 0.9096  decode.d7.loss_dice: 0.7708  decode.d8.loss_cls: 0.0047  decode.d8.loss_mask: 0.9041  decode.d8.loss_dice: 0.7695
2026/08/03 20:05:10 - mmengine - INFO - Iter(train) [16700/40000]  base_lr: 1.4266e-05 lr: 1.4266e-05  eta: 7:22:10  time: 1.1270  data_time: 0.0230  memory: 16821  grad_norm: 116.5579  loss: 20.5574  decode.loss_cls: 0.0351  decode.loss_mask: 1.0785  decode.loss_dice: 0.8561  decode.d0.loss_cls: 0.1107  decode.d0.loss_mask: 1.2803  decode.d0.loss_dice: 1.0542  decode.d1.loss_cls: 0.0527  decode.d1.loss_mask: 1.1661  decode.d1.loss_dice: 0.9377  decode.d2.loss_cls: 0.0492  decode.d2.loss_mask: 1.1273  decode.d2.loss_dice: 0.8795  decode.d3.loss_cls: 0.0460  decode.d3.loss_mask: 1.1099  decode.d3.loss_dice: 0.8573  decode.d4.loss_cls: 0.0406  decode.d4.loss_mask: 1.1085  decode.d4.loss_dice: 0.8461  decode.d5.loss_cls: 0.0394  decode.d5.loss_mask: 1.1027  decode.d5.loss_dice: 0.8571  decode.d6.loss_cls: 0.0370  decode.d6.loss_mask: 1.0973  decode.d6.loss_dice: 0.8599  decode.d7.loss_cls: 0.0357  decode.d7.loss_mask: 1.0781  decode.d7.loss_dice: 0.8464  decode.d8.loss_cls: 0.0354  decode.d8.loss_mask: 1.0810  decode.d8.loss_dice: 0.8515
2026/08/03 20:07:02 - mmengine - INFO - Iter(train) [16800/40000]  base_lr: 1.4192e-05 lr: 1.4192e-05  eta: 7:20:14  time: 1.1238  data_time: 0.0227  memory: 16828  grad_norm: 82.7711  loss: 17.3867  decode.loss_cls: 0.0126  decode.loss_mask: 0.8787  decode.loss_dice: 0.8137  decode.d0.loss_cls: 0.0359  decode.d0.loss_mask: 0.9521  decode.d0.loss_dice: 0.8950  decode.d1.loss_cls: 0.0177  decode.d1.loss_mask: 0.9082  decode.d1.loss_dice: 0.8599  decode.d2.loss_cls: 0.0197  decode.d2.loss_mask: 0.8843  decode.d2.loss_dice: 0.8516  decode.d3.loss_cls: 0.0183  decode.d3.loss_mask: 0.8750  decode.d3.loss_dice: 0.8160  decode.d4.loss_cls: 0.0151  decode.d4.loss_mask: 0.8775  decode.d4.loss_dice: 0.8256  decode.d5.loss_cls: 0.0144  decode.d5.loss_mask: 0.8768  decode.d5.loss_dice: 0.8169  decode.d6.loss_cls: 0.0136  decode.d6.loss_mask: 0.8796  decode.d6.loss_dice: 0.8115  decode.d7.loss_cls: 0.0124  decode.d7.loss_mask: 0.8763  decode.d7.loss_dice: 0.8111  decode.d8.loss_cls: 0.0132  decode.d8.loss_mask: 0.8823  decode.d8.loss_dice: 0.8217
2026/08/03 20:08:58 - mmengine - INFO - Iter(train) [16900/40000]  base_lr: 1.4118e-05 lr: 1.4118e-05  eta: 7:18:22  time: 1.1205  data_time: 0.0238  memory: 16845  grad_norm: 152.2559  loss: 17.3666  decode.loss_cls: 0.0105  decode.loss_mask: 0.9365  decode.loss_dice: 0.7411  decode.d0.loss_cls: 0.0468  decode.d0.loss_mask: 1.0379  decode.d0.loss_dice: 0.8593  decode.d1.loss_cls: 0.0131  decode.d1.loss_mask: 0.9575  decode.d1.loss_dice: 0.7918  decode.d2.loss_cls: 0.0103  decode.d2.loss_mask: 0.9365  decode.d2.loss_dice: 0.7543  decode.d3.loss_cls: 0.0088  decode.d3.loss_mask: 0.9422  decode.d3.loss_dice: 0.7822  decode.d4.loss_cls: 0.0087  decode.d4.loss_mask: 0.9437  decode.d4.loss_dice: 0.7660  decode.d5.loss_cls: 0.0087  decode.d5.loss_mask: 0.9381  decode.d5.loss_dice: 0.7530  decode.d6.loss_cls: 0.0090  decode.d6.loss_mask: 0.9422  decode.d6.loss_dice: 0.7553  decode.d7.loss_cls: 0.0105  decode.d7.loss_mask: 0.9408  decode.d7.loss_dice: 0.7613  decode.d8.loss_cls: 0.0108  decode.d8.loss_mask: 0.9369  decode.d8.loss_dice: 0.7529
2026/08/03 20:10:49 - mmengine - INFO - Exp name: dinov3_m2f_gram_4999_v2_20260803_142922
2026/08/03 20:10:49 - mmengine - INFO - Iter(train) [17000/40000]  base_lr: 1.4043e-05 lr: 1.4043e-05  eta: 7:16:25  time: 1.1171  data_time: 0.0244  memory: 16845  grad_norm: 48.1107  loss: 10.1450  decode.loss_cls: 0.0045  decode.loss_mask: 0.5204  decode.loss_dice: 0.4806  decode.d0.loss_cls: 0.0325  decode.d0.loss_mask: 0.5365  decode.d0.loss_dice: 0.5224  decode.d1.loss_cls: 0.0073  decode.d1.loss_mask: 0.5215  decode.d1.loss_dice: 0.4983  decode.d2.loss_cls: 0.0057  decode.d2.loss_mask: 0.5167  decode.d2.loss_dice: 0.4812  decode.d3.loss_cls: 0.0047  decode.d3.loss_mask: 0.5153  decode.d3.loss_dice: 0.4843  decode.d4.loss_cls: 0.0048  decode.d4.loss_mask: 0.5171  decode.d4.loss_dice: 0.4833  decode.d5.loss_cls: 0.0048  decode.d5.loss_mask: 0.5145  decode.d5.loss_dice: 0.4776  decode.d6.loss_cls: 0.0045  decode.d6.loss_mask: 0.5145  decode.d6.loss_dice: 0.4812  decode.d7.loss_cls: 0.0052  decode.d7.loss_mask: 0.5172  decode.d7.loss_dice: 0.4845  decode.d8.loss_cls: 0.0059  decode.d8.loss_mask: 0.5194  decode.d8.loss_dice: 0.4788
2026/08/03 20:12:41 - mmengine - INFO - Iter(train) [17100/40000]  base_lr: 1.3968e-05 lr: 1.3968e-05  eta: 7:14:29  time: 1.1182  data_time: 0.0243  memory: 16838  grad_norm: 52.9729  loss: 12.0474  decode.loss_cls: 0.0063  decode.loss_mask: 0.6043  decode.loss_dice: 0.5486  decode.d0.loss_cls: 0.0357  decode.d0.loss_mask: 0.6772  decode.d0.loss_dice: 0.6625  decode.d1.loss_cls: 0.0168  decode.d1.loss_mask: 0.6279  decode.d1.loss_dice: 0.5843  decode.d2.loss_cls: 0.0101  decode.d2.loss_mask: 0.6128  decode.d2.loss_dice: 0.5944  decode.d3.loss_cls: 0.0093  decode.d3.loss_mask: 0.6097  decode.d3.loss_dice: 0.5757  decode.d4.loss_cls: 0.0066  decode.d4.loss_mask: 0.6041  decode.d4.loss_dice: 0.5510  decode.d5.loss_cls: 0.0071  decode.d5.loss_mask: 0.6095  decode.d5.loss_dice: 0.5735  decode.d6.loss_cls: 0.0060  decode.d6.loss_mask: 0.6063  decode.d6.loss_dice: 0.5631  decode.d7.loss_cls: 0.0066  decode.d7.loss_mask: 0.6054  decode.d7.loss_dice: 0.5537  decode.d8.loss_cls: 0.0060  decode.d8.loss_mask: 0.6050  decode.d8.loss_dice: 0.5680
2026/08/03 20:14:34 - mmengine - INFO - Iter(train) [17200/40000]  base_lr: 1.3893e-05 lr: 1.3893e-05  eta: 7:12:33  time: 1.1120  data_time: 0.0234  memory: 16828  grad_norm: 78.5346  loss: 14.8473  decode.loss_cls: 0.0108  decode.loss_mask: 0.7670  decode.loss_dice: 0.6682  decode.d0.loss_cls: 0.0370  decode.d0.loss_mask: 0.8814  decode.d0.loss_dice: 0.7664  decode.d1.loss_cls: 0.0156  decode.d1.loss_mask: 0.8040  decode.d1.loss_dice: 0.7020  decode.d2.loss_cls: 0.0142  decode.d2.loss_mask: 0.7899  decode.d2.loss_dice: 0.6838  decode.d3.loss_cls: 0.0137  decode.d3.loss_mask: 0.7727  decode.d3.loss_dice: 0.6670  decode.d4.loss_cls: 0.0120  decode.d4.loss_mask: 0.7696  decode.d4.loss_dice: 0.6763  decode.d5.loss_cls: 0.0120  decode.d5.loss_mask: 0.7655  decode.d5.loss_dice: 0.6744  decode.d6.loss_cls: 0.0106  decode.d6.loss_mask: 0.7745  decode.d6.loss_dice: 0.6682  decode.d7.loss_cls: 0.0118  decode.d7.loss_mask: 0.7633  decode.d7.loss_dice: 0.6632  decode.d8.loss_cls: 0.0121  decode.d8.loss_mask: 0.7684  decode.d8.loss_dice: 0.6718
2026/08/03 20:16:30 - mmengine - INFO - Iter(train) [17300/40000]  base_lr: 1.3817e-05 lr: 1.3817e-05  eta: 7:10:43  time: 1.1184  data_time: 0.0249  memory: 16845  grad_norm: 110.9059  loss: 17.6700  decode.loss_cls: 0.0218  decode.loss_mask: 0.9707  decode.loss_dice: 0.7306  decode.d0.loss_cls: 0.0561  decode.d0.loss_mask: 1.0727  decode.d0.loss_dice: 0.8459  decode.d1.loss_cls: 0.0282  decode.d1.loss_mask: 1.0144  decode.d1.loss_dice: 0.7728  decode.d2.loss_cls: 0.0296  decode.d2.loss_mask: 0.9822  decode.d2.loss_dice: 0.7429  decode.d3.loss_cls: 0.0292  decode.d3.loss_mask: 0.9756  decode.d3.loss_dice: 0.7379  decode.d4.loss_cls: 0.0281  decode.d4.loss_mask: 0.9774  decode.d4.loss_dice: 0.7278  decode.d5.loss_cls: 0.0235  decode.d5.loss_mask: 0.9868  decode.d5.loss_dice: 0.7359  decode.d6.loss_cls: 0.0236  decode.d6.loss_mask: 0.9704  decode.d6.loss_dice: 0.7292  decode.d7.loss_cls: 0.0237  decode.d7.loss_mask: 0.9724  decode.d7.loss_dice: 0.7400  decode.d8.loss_cls: 0.0251  decode.d8.loss_mask: 0.9642  decode.d8.loss_dice: 0.7313
2026/08/03 20:18:22 - mmengine - INFO - Iter(train) [17400/40000]  base_lr: 1.3742e-05 lr: 1.3742e-05  eta: 7:08:47  time: 1.1237  data_time: 0.0236  memory: 16837  grad_norm: 81.5022  loss: 18.3422  decode.loss_cls: 0.0073  decode.loss_mask: 0.9909  decode.loss_dice: 0.7820  decode.d0.loss_cls: 0.0328  decode.d0.loss_mask: 1.1051  decode.d0.loss_dice: 0.8784  decode.d1.loss_cls: 0.0120  decode.d1.loss_mask: 1.0306  decode.d1.loss_dice: 0.8377  decode.d2.loss_cls: 0.0115  decode.d2.loss_mask: 1.0253  decode.d2.loss_dice: 0.8189  decode.d3.loss_cls: 0.0085  decode.d3.loss_mask: 1.0175  decode.d3.loss_dice: 0.8076  decode.d4.loss_cls: 0.0079  decode.d4.loss_mask: 1.0034  decode.d4.loss_dice: 0.7984  decode.d5.loss_cls: 0.0101  decode.d5.loss_mask: 0.9975  decode.d5.loss_dice: 0.8062  decode.d6.loss_cls: 0.0093  decode.d6.loss_mask: 0.9919  decode.d6.loss_dice: 0.7861  decode.d7.loss_cls: 0.0078  decode.d7.loss_mask: 0.9917  decode.d7.loss_dice: 0.7852  decode.d8.loss_cls: 0.0080  decode.d8.loss_mask: 0.9884  decode.d8.loss_dice: 0.7842
2026/08/03 20:20:15 - mmengine - INFO - Iter(train) [17500/40000]  base_lr: 1.3666e-05 lr: 1.3666e-05  eta: 7:06:51  time: 1.1187  data_time: 0.0240  memory: 16845  grad_norm: 62.4869  loss: 13.4154  decode.loss_cls: 0.0120  decode.loss_mask: 0.6896  decode.loss_dice: 0.6048  decode.d0.loss_cls: 0.0379  decode.d0.loss_mask: 0.7790  decode.d0.loss_dice: 0.6935  decode.d1.loss_cls: 0.0160  decode.d1.loss_mask: 0.7257  decode.d1.loss_dice: 0.6306  decode.d2.loss_cls: 0.0144  decode.d2.loss_mask: 0.7078  decode.d2.loss_dice: 0.6220  decode.d3.loss_cls: 0.0141  decode.d3.loss_mask: 0.6991  decode.d3.loss_dice: 0.6041  decode.d4.loss_cls: 0.0156  decode.d4.loss_mask: 0.6953  decode.d4.loss_dice: 0.6082  decode.d5.loss_cls: 0.0151  decode.d5.loss_mask: 0.6913  decode.d5.loss_dice: 0.6054  decode.d6.loss_cls: 0.0126  decode.d6.loss_mask: 0.6891  decode.d6.loss_dice: 0.6049  decode.d7.loss_cls: 0.0123  decode.d7.loss_mask: 0.6909  decode.d7.loss_dice: 0.6112  decode.d8.loss_cls: 0.0138  decode.d8.loss_mask: 0.6913  decode.d8.loss_dice: 0.6077
2026/08/03 20:22:07 - mmengine - INFO - Iter(train) [17600/40000]  base_lr: 1.3589e-05 lr: 1.3589e-05  eta: 7:04:55  time: 1.1136  data_time: 0.0233  memory: 16812  grad_norm: 66.2368  loss: 13.8502  decode.loss_cls: 0.0056  decode.loss_mask: 0.7242  decode.loss_dice: 0.6248  decode.d0.loss_cls: 0.0290  decode.d0.loss_mask: 0.7937  decode.d0.loss_dice: 0.7277  decode.d1.loss_cls: 0.0147  decode.d1.loss_mask: 0.7461  decode.d1.loss_dice: 0.6589  decode.d2.loss_cls: 0.0123  decode.d2.loss_mask: 0.7314  decode.d2.loss_dice: 0.6377  decode.d3.loss_cls: 0.0086  decode.d3.loss_mask: 0.7285  decode.d3.loss_dice: 0.6350  decode.d4.loss_cls: 0.0077  decode.d4.loss_mask: 0.7288  decode.d4.loss_dice: 0.6340  decode.d5.loss_cls: 0.0072  decode.d5.loss_mask: 0.7216  decode.d5.loss_dice: 0.6193  decode.d6.loss_cls: 0.0068  decode.d6.loss_mask: 0.7215  decode.d6.loss_dice: 0.6241  decode.d7.loss_cls: 0.0061  decode.d7.loss_mask: 0.7231  decode.d7.loss_dice: 0.6222  decode.d8.loss_cls: 0.0057  decode.d8.loss_mask: 0.7222  decode.d8.loss_dice: 0.6215
2026/08/03 20:23:58 - mmengine - INFO - Iter(train) [17700/40000]  base_lr: 1.3513e-05 lr: 1.3513e-05  eta: 7:02:58  time: 1.1107  data_time: 0.0225  memory: 16845  grad_norm: 68.5058  loss: 14.5993  decode.loss_cls: 0.0047  decode.loss_mask: 0.7323  decode.loss_dice: 0.6859  decode.d0.loss_cls: 0.0302  decode.d0.loss_mask: 0.8055  decode.d0.loss_dice: 0.7761  decode.d1.loss_cls: 0.0091  decode.d1.loss_mask: 0.7613  decode.d1.loss_dice: 0.7439  decode.d2.loss_cls: 0.0058  decode.d2.loss_mask: 0.7449  decode.d2.loss_dice: 0.6975  decode.d3.loss_cls: 0.0049  decode.d3.loss_mask: 0.7438  decode.d3.loss_dice: 0.6940  decode.d4.loss_cls: 0.0048  decode.d4.loss_mask: 0.7419  decode.d4.loss_dice: 0.6955  decode.d5.loss_cls: 0.0060  decode.d5.loss_mask: 0.7413  decode.d5.loss_dice: 0.6850  decode.d6.loss_cls: 0.0050  decode.d6.loss_mask: 0.7431  decode.d6.loss_dice: 0.6849  decode.d7.loss_cls: 0.0053  decode.d7.loss_mask: 0.7390  decode.d7.loss_dice: 0.6817  decode.d8.loss_cls: 0.0049  decode.d8.loss_mask: 0.7362  decode.d8.loss_dice: 0.6850
2026/08/03 20:25:54 - mmengine - INFO - Iter(train) [17800/40000]  base_lr: 1.3436e-05 lr: 1.3436e-05  eta: 7:01:07  time: 1.1203  data_time: 0.0236  memory: 16829  grad_norm: 84.0756  loss: 15.2419  decode.loss_cls: 0.0068  decode.loss_mask: 0.7670  decode.loss_dice: 0.7069  decode.d0.loss_cls: 0.0330  decode.d0.loss_mask: 0.8926  decode.d0.loss_dice: 0.8136  decode.d1.loss_cls: 0.0125  decode.d1.loss_mask: 0.7993  decode.d1.loss_dice: 0.7419  decode.d2.loss_cls: 0.0093  decode.d2.loss_mask: 0.7787  decode.d2.loss_dice: 0.7214  decode.d3.loss_cls: 0.0070  decode.d3.loss_mask: 0.7760  decode.d3.loss_dice: 0.7196  decode.d4.loss_cls: 0.0079  decode.d4.loss_mask: 0.7733  decode.d4.loss_dice: 0.7244  decode.d5.loss_cls: 0.0078  decode.d5.loss_mask: 0.7726  decode.d5.loss_dice: 0.7091  decode.d6.loss_cls: 0.0075  decode.d6.loss_mask: 0.7750  decode.d6.loss_dice: 0.7192  decode.d7.loss_cls: 0.0061  decode.d7.loss_mask: 0.7753  decode.d7.loss_dice: 0.7047  decode.d8.loss_cls: 0.0074  decode.d8.loss_mask: 0.7658  decode.d8.loss_dice: 0.7000
2026/08/03 20:27:46 - mmengine - INFO - Iter(train) [17900/40000]  base_lr: 1.3360e-05 lr: 1.3360e-05  eta: 6:59:10  time: 1.1198  data_time: 0.0238  memory: 16845  grad_norm: 74.6422  loss: 17.1265  decode.loss_cls: 0.0038  decode.loss_mask: 0.8940  decode.loss_dice: 0.7944  decode.d0.loss_cls: 0.0259  decode.d0.loss_mask: 0.9616  decode.d0.loss_dice: 0.8313  decode.d1.loss_cls: 0.0075  decode.d1.loss_mask: 0.9301  decode.d1.loss_dice: 0.7969  decode.d2.loss_cls: 0.0066  decode.d2.loss_mask: 0.9130  decode.d2.loss_dice: 0.7824  decode.d3.loss_cls: 0.0042  decode.d3.loss_mask: 0.9085  decode.d3.loss_dice: 0.7841  decode.d4.loss_cls: 0.0044  decode.d4.loss_mask: 0.9042  decode.d4.loss_dice: 0.7855  decode.d5.loss_cls: 0.0048  decode.d5.loss_mask: 0.9061  decode.d5.loss_dice: 0.7897  decode.d6.loss_cls: 0.0051  decode.d6.loss_mask: 0.8956  decode.d6.loss_dice: 0.7848  decode.d7.loss_cls: 0.0032  decode.d7.loss_mask: 0.9004  decode.d7.loss_dice: 0.8001  decode.d8.loss_cls: 0.0038  decode.d8.loss_mask: 0.8969  decode.d8.loss_dice: 0.7975
2026/08/03 20:29:38 - mmengine - INFO - Exp name: dinov3_m2f_gram_4999_v2_20260803_142922
2026/08/03 20:29:38 - mmengine - INFO - Iter(train) [18000/40000]  base_lr: 1.3283e-05 lr: 1.3283e-05  eta: 6:57:14  time: 1.1144  data_time: 0.0239  memory: 16821  grad_norm: 89.1058  loss: 16.7173  decode.loss_cls: 0.0297  decode.loss_mask: 0.8539  decode.loss_dice: 0.7107  decode.d0.loss_cls: 0.1117  decode.d0.loss_mask: 1.0794  decode.d0.loss_dice: 0.9483  decode.d1.loss_cls: 0.0490  decode.d1.loss_mask: 0.8979  decode.d1.loss_dice: 0.7842  decode.d2.loss_cls: 0.0447  decode.d2.loss_mask: 0.8754  decode.d2.loss_dice: 0.7494  decode.d3.loss_cls: 0.0390  decode.d3.loss_mask: 0.8639  decode.d3.loss_dice: 0.7133  decode.d4.loss_cls: 0.0362  decode.d4.loss_mask: 0.8523  decode.d4.loss_dice: 0.7036  decode.d5.loss_cls: 0.0336  decode.d5.loss_mask: 0.8640  decode.d5.loss_dice: 0.7030  decode.d6.loss_cls: 0.0319  decode.d6.loss_mask: 0.8619  decode.d6.loss_dice: 0.7063  decode.d7.loss_cls: 0.0298  decode.d7.loss_mask: 0.8556  decode.d7.loss_dice: 0.7050  decode.d8.loss_cls: 0.0301  decode.d8.loss_mask: 0.8492  decode.d8.loss_dice: 0.7042
2026/08/03 20:29:38 - mmengine - INFO - Saving checkpoint at 18000 iterations
2026/08/03 20:30:43 - mmengine - INFO - Iter(val) [100/252]    eta: 0:01:04  time: 0.4067  data_time: 0.0146  memory: 4705  
2026/08/03 20:31:24 - mmengine - INFO - Iter(val) [200/252]    eta: 0:00:21  time: 0.4092  data_time: 0.0148  memory: 4705  
2026/08/03 20:31:49 - mmengine - INFO - per class results:
2026/08/03 20:31:49 - mmengine - INFO - 
+--------------------+-------+-------+--------+-----------+--------+
|       Class        |  IoU  |  Acc  | Fscore | Precision | Recall |
+--------------------+-------+-------+--------+-----------+--------+
| impervious_surface | 79.89 | 85.78 | 88.82  |   92.09   | 85.78  |
|      building      | 93.39 | 97.81 | 96.58  |   95.38   | 97.81  |
|   low_vegetation   | 71.68 | 95.26 | 83.51  |   74.33   | 95.26  |
|        tree        | 69.53 | 70.79 | 82.03  |   97.51   | 70.79  |
|        car         | 90.89 | 93.05 | 95.23  |   97.51   | 93.05  |
+--------------------+-------+-------+--------+-----------+--------+
2026/08/03 20:31:49 - mmengine - INFO - Iter(val) [252/252]    aAcc: 86.9600  mIoU: 81.0800  mAcc: 88.5400  mFscore: 89.2300  mPrecision: 91.3700  mRecall: 88.5400  data_time: 0.0209  time: 0.4140
2026/08/03 20:33:41 - mmengine - INFO - Iter(train) [18100/40000]  base_lr: 1.3205e-05 lr: 1.3205e-05  eta: 6:55:23  time: 1.1188  data_time: 0.0229  memory: 16845  grad_norm: 79.6611  loss: 17.6323  decode.loss_cls: 0.0147  decode.loss_mask: 0.8784  decode.loss_dice: 0.8114  decode.d0.loss_cls: 0.0361  decode.d0.loss_mask: 1.0055  decode.d0.loss_dice: 0.9612  decode.d1.loss_cls: 0.0193  decode.d1.loss_mask: 0.9449  decode.d1.loss_dice: 0.8942  decode.d2.loss_cls: 0.0177  decode.d2.loss_mask: 0.9095  decode.d2.loss_dice: 0.8526  decode.d3.loss_cls: 0.0181  decode.d3.loss_mask: 0.8866  decode.d3.loss_dice: 0.8186  decode.d4.loss_cls: 0.0187  decode.d4.loss_mask: 0.8822  decode.d4.loss_dice: 0.8172  decode.d5.loss_cls: 0.0191  decode.d5.loss_mask: 0.8750  decode.d5.loss_dice: 0.8089  decode.d6.loss_cls: 0.0184  decode.d6.loss_mask: 0.8824  decode.d6.loss_dice: 0.8092  decode.d7.loss_cls: 0.0151  decode.d7.loss_mask: 0.8800  decode.d7.loss_dice: 0.8219  decode.d8.loss_cls: 0.0145  decode.d8.loss_mask: 0.8760  decode.d8.loss_dice: 0.8248
2026/08/03 20:35:37 - mmengine - INFO - Iter(train) [18200/40000]  base_lr: 1.3128e-05 lr: 1.3128e-05  eta: 6:53:32  time: 1.1225  data_time: 0.0236  memory: 16845  grad_norm: 194.8803  loss: 20.7300  decode.loss_cls: 0.0195  decode.loss_mask: 1.1519  decode.loss_dice: 0.8775  decode.d0.loss_cls: 0.0484  decode.d0.loss_mask: 1.2244  decode.d0.loss_dice: 1.0184  decode.d1.loss_cls: 0.0225  decode.d1.loss_mask: 1.1596  decode.d1.loss_dice: 0.9097  decode.d2.loss_cls: 0.0199  decode.d2.loss_mask: 1.1373  decode.d2.loss_dice: 0.8769  decode.d3.loss_cls: 0.0202  decode.d3.loss_mask: 1.1297  decode.d3.loss_dice: 0.8989  decode.d4.loss_cls: 0.0185  decode.d4.loss_mask: 1.1380  decode.d4.loss_dice: 0.8831  decode.d5.loss_cls: 0.0180  decode.d5.loss_mask: 1.1387  decode.d5.loss_dice: 0.8843  decode.d6.loss_cls: 0.0157  decode.d6.loss_mask: 1.1515  decode.d6.loss_dice: 0.8963  decode.d7.loss_cls: 0.0189  decode.d7.loss_mask: 1.1325  decode.d7.loss_dice: 0.8818  decode.d8.loss_cls: 0.0187  decode.d8.loss_mask: 1.1416  decode.d8.loss_dice: 0.8776
2026/08/03 20:37:30 - mmengine - INFO - Iter(train) [18300/40000]  base_lr: 1.3050e-05 lr: 1.3050e-05  eta: 6:51:37  time: 1.1170  data_time: 0.0229  memory: 16845  grad_norm: 41.1061  loss: 8.3421  decode.loss_cls: 0.0054  decode.loss_mask: 0.4032  decode.loss_dice: 0.4112  decode.d0.loss_cls: 0.0319  decode.d0.loss_mask: 0.4199  decode.d0.loss_dice: 0.4773  decode.d1.loss_cls: 0.0114  decode.d1.loss_mask: 0.4064  decode.d1.loss_dice: 0.4425  decode.d2.loss_cls: 0.0067  decode.d2.loss_mask: 0.4012  decode.d2.loss_dice: 0.4287  decode.d3.loss_cls: 0.0056  decode.d3.loss_mask: 0.3995  decode.d3.loss_dice: 0.4143  decode.d4.loss_cls: 0.0059  decode.d4.loss_mask: 0.3994  decode.d4.loss_dice: 0.4129  decode.d5.loss_cls: 0.0056  decode.d5.loss_mask: 0.3997  decode.d5.loss_dice: 0.4085  decode.d6.loss_cls: 0.0067  decode.d6.loss_mask: 0.4004  decode.d6.loss_dice: 0.4092  decode.d7.loss_cls: 0.0047  decode.d7.loss_mask: 0.4023  decode.d7.loss_dice: 0.4072  decode.d8.loss_cls: 0.0048  decode.d8.loss_mask: 0.4022  decode.d8.loss_dice: 0.4075
2026/08/03 20:39:22 - mmengine - INFO - Iter(train) [18400/40000]  base_lr: 1.2973e-05 lr: 1.2973e-05  eta: 6:49:41  time: 1.1155  data_time: 0.0240  memory: 16838  grad_norm: 75.2646  loss: 13.0376  decode.loss_cls: 0.0093  decode.loss_mask: 0.6581  decode.loss_dice: 0.5852  decode.d0.loss_cls: 0.0356  decode.d0.loss_mask: 0.7381  decode.d0.loss_dice: 0.7173  decode.d1.loss_cls: 0.0199  decode.d1.loss_mask: 0.6863  decode.d1.loss_dice: 0.6290  decode.d2.loss_cls: 0.0143  decode.d2.loss_mask: 0.6759  decode.d2.loss_dice: 0.6175  decode.d3.loss_cls: 0.0124  decode.d3.loss_mask: 0.6687  decode.d3.loss_dice: 0.6025  decode.d4.loss_cls: 0.0094  decode.d4.loss_mask: 0.6606  decode.d4.loss_dice: 0.6110  decode.d5.loss_cls: 0.0102  decode.d5.loss_mask: 0.6646  decode.d5.loss_dice: 0.6057  decode.d6.loss_cls: 0.0098  decode.d6.loss_mask: 0.6647  decode.d6.loss_dice: 0.5976  decode.d7.loss_cls: 0.0091  decode.d7.loss_mask: 0.6629  decode.d7.loss_dice: 0.6030  decode.d8.loss_cls: 0.0086  decode.d8.loss_mask: 0.6583  decode.d8.loss_dice: 0.5921
2026/08/03 20:41:14 - mmengine - INFO - Iter(train) [18500/40000]  base_lr: 1.2895e-05 lr: 1.2895e-05  eta: 6:47:45  time: 1.1147  data_time: 0.0227  memory: 16828  grad_norm: 92.9849  loss: 12.4642  decode.loss_cls: 0.0071  decode.loss_mask: 0.6340  decode.loss_dice: 0.5694  decode.d0.loss_cls: 0.0350  decode.d0.loss_mask: 0.7269  decode.d0.loss_dice: 0.6293  decode.d1.loss_cls: 0.0120  decode.d1.loss_mask: 0.6784  decode.d1.loss_dice: 0.5890  decode.d2.loss_cls: 0.0094  decode.d2.loss_mask: 0.6681  decode.d2.loss_dice: 0.5727  decode.d3.loss_cls: 0.0083  decode.d3.loss_mask: 0.6540  decode.d3.loss_dice: 0.5681  decode.d4.loss_cls: 0.0082  decode.d4.loss_mask: 0.6462  decode.d4.loss_dice: 0.5767  decode.d5.loss_cls: 0.0066  decode.d5.loss_mask: 0.6394  decode.d5.loss_dice: 0.5751  decode.d6.loss_cls: 0.0074  decode.d6.loss_mask: 0.6409  decode.d6.loss_dice: 0.5650  decode.d7.loss_cls: 0.0069  decode.d7.loss_mask: 0.6378  decode.d7.loss_dice: 0.5720  decode.d8.loss_cls: 0.0074  decode.d8.loss_mask: 0.6387  decode.d8.loss_dice: 0.5740
2026/08/03 20:43:09 - mmengine - INFO - Iter(train) [18600/40000]  base_lr: 1.2816e-05 lr: 1.2816e-05  eta: 6:45:53  time: 1.1190  data_time: 0.0238  memory: 16845  grad_norm: 101.6896  loss: 19.2457  decode.loss_cls: 0.0130  decode.loss_mask: 1.0804  decode.loss_dice: 0.7886  decode.d0.loss_cls: 0.0439  decode.d0.loss_mask: 1.1712  decode.d0.loss_dice: 0.8669  decode.d1.loss_cls: 0.0148  decode.d1.loss_mask: 1.1217  decode.d1.loss_dice: 0.8251  decode.d2.loss_cls: 0.0134  decode.d2.loss_mask: 1.1089  decode.d2.loss_dice: 0.8045  decode.d3.loss_cls: 0.0129  decode.d3.loss_mask: 1.1009  decode.d3.loss_dice: 0.7982  decode.d4.loss_cls: 0.0124  decode.d4.loss_mask: 1.0922  decode.d4.loss_dice: 0.7972  decode.d5.loss_cls: 0.0115  decode.d5.loss_mask: 1.0887  decode.d5.loss_dice: 0.7806  decode.d6.loss_cls: 0.0108  decode.d6.loss_mask: 1.0934  decode.d6.loss_dice: 0.8105  decode.d7.loss_cls: 0.0107  decode.d7.loss_mask: 1.0858  decode.d7.loss_dice: 0.7890  decode.d8.loss_cls: 0.0109  decode.d8.loss_mask: 1.0838  decode.d8.loss_dice: 0.8038
2026/08/03 20:45:01 - mmengine - INFO - Iter(train) [18700/40000]  base_lr: 1.2738e-05 lr: 1.2738e-05  eta: 6:43:57  time: 1.1193  data_time: 0.0220  memory: 16837  grad_norm: 90.8918  loss: 18.8140  decode.loss_cls: 0.0038  decode.loss_mask: 1.0150  decode.loss_dice: 0.8305  decode.d0.loss_cls: 0.0248  decode.d0.loss_mask: 1.1203  decode.d0.loss_dice: 0.8877  decode.d1.loss_cls: 0.0100  decode.d1.loss_mask: 1.0451  decode.d1.loss_dice: 0.8568  decode.d2.loss_cls: 0.0084  decode.d2.loss_mask: 1.0433  decode.d2.loss_dice: 0.8489  decode.d3.loss_cls: 0.0050  decode.d3.loss_mask: 1.0362  decode.d3.loss_dice: 0.8404  decode.d4.loss_cls: 0.0051  decode.d4.loss_mask: 1.0210  decode.d4.loss_dice: 0.8308  decode.d5.loss_cls: 0.0053  decode.d5.loss_mask: 1.0169  decode.d5.loss_dice: 0.8282  decode.d6.loss_cls: 0.0041  decode.d6.loss_mask: 1.0074  decode.d6.loss_dice: 0.8286  decode.d7.loss_cls: 0.0039  decode.d7.loss_mask: 1.0069  decode.d7.loss_dice: 0.8298  decode.d8.loss_cls: 0.0035  decode.d8.loss_mask: 1.0102  decode.d8.loss_dice: 0.8360
2026/08/03 20:46:54 - mmengine - INFO - Iter(train) [18800/40000]  base_lr: 1.2660e-05 lr: 1.2660e-05  eta: 6:42:03  time: 1.1206  data_time: 0.0229  memory: 16845  grad_norm: 61.1933  loss: 12.3430  decode.loss_cls: 0.0139  decode.loss_mask: 0.6346  decode.loss_dice: 0.5531  decode.d0.loss_cls: 0.0353  decode.d0.loss_mask: 0.7253  decode.d0.loss_dice: 0.6627  decode.d1.loss_cls: 0.0151  decode.d1.loss_mask: 0.6506  decode.d1.loss_dice: 0.5796  decode.d2.loss_cls: 0.0128  decode.d2.loss_mask: 0.6489  decode.d2.loss_dice: 0.5662  decode.d3.loss_cls: 0.0141  decode.d3.loss_mask: 0.6451  decode.d3.loss_dice: 0.5608  decode.d4.loss_cls: 0.0136  decode.d4.loss_mask: 0.6386  decode.d4.loss_dice: 0.5577  decode.d5.loss_cls: 0.0138  decode.d5.loss_mask: 0.6368  decode.d5.loss_dice: 0.5556  decode.d6.loss_cls: 0.0132  decode.d6.loss_mask: 0.6343  decode.d6.loss_dice: 0.5537  decode.d7.loss_cls: 0.0136  decode.d7.loss_mask: 0.6358  decode.d7.loss_dice: 0.5585  decode.d8.loss_cls: 0.0140  decode.d8.loss_mask: 0.6332  decode.d8.loss_dice: 0.5525
2026/08/03 20:48:46 - mmengine - INFO - Iter(train) [18900/40000]  base_lr: 1.2581e-05 lr: 1.2581e-05  eta: 6:40:07  time: 1.1136  data_time: 0.0231  memory: 16828  grad_norm: 66.9107  loss: 13.4187  decode.loss_cls: 0.0063  decode.loss_mask: 0.7013  decode.loss_dice: 0.6023  decode.d0.loss_cls: 0.0268  decode.d0.loss_mask: 0.7622  decode.d0.loss_dice: 0.6560  decode.d1.loss_cls: 0.0132  decode.d1.loss_mask: 0.7222  decode.d1.loss_dice: 0.6485  decode.d2.loss_cls: 0.0083  decode.d2.loss_mask: 0.7109  decode.d2.loss_dice: 0.6183  decode.d3.loss_cls: 0.0068  decode.d3.loss_mask: 0.7059  decode.d3.loss_dice: 0.6156  decode.d4.loss_cls: 0.0064  decode.d4.loss_mask: 0.7046  decode.d4.loss_dice: 0.6101  decode.d5.loss_cls: 0.0056  decode.d5.loss_mask: 0.7029  decode.d5.loss_dice: 0.6082  decode.d6.loss_cls: 0.0062  decode.d6.loss_mask: 0.7029  decode.d6.loss_dice: 0.6155  decode.d7.loss_cls: 0.0060  decode.d7.loss_mask: 0.7022  decode.d7.loss_dice: 0.6091  decode.d8.loss_cls: 0.0056  decode.d8.loss_mask: 0.7102  decode.d8.loss_dice: 0.6189
2026/08/03 20:50:38 - mmengine - INFO - Exp name: dinov3_m2f_gram_4999_v2_20260803_142922
2026/08/03 20:50:38 - mmengine - INFO - Iter(train) [19000/40000]  base_lr: 1.2502e-05 lr: 1.2502e-05  eta: 6:38:11  time: 1.1170  data_time: 0.0232  memory: 16845  grad_norm: 47.8997  loss: 12.4076  decode.loss_cls: 0.0050  decode.loss_mask: 0.6067  decode.loss_dice: 0.5956  decode.d0.loss_cls: 0.0302  decode.d0.loss_mask: 0.6566  decode.d0.loss_dice: 0.7069  decode.d1.loss_cls: 0.0090  decode.d1.loss_mask: 0.6245  decode.d1.loss_dice: 0.6497  decode.d2.loss_cls: 0.0067  decode.d2.loss_mask: 0.6120  decode.d2.loss_dice: 0.6101  decode.d3.loss_cls: 0.0063  decode.d3.loss_mask: 0.6087  decode.d3.loss_dice: 0.5969  decode.d4.loss_cls: 0.0056  decode.d4.loss_mask: 0.6117  decode.d4.loss_dice: 0.6036  decode.d5.loss_cls: 0.0054  decode.d5.loss_mask: 0.6134  decode.d5.loss_dice: 0.5995  decode.d6.loss_cls: 0.0052  decode.d6.loss_mask: 0.6106  decode.d6.loss_dice: 0.6008  decode.d7.loss_cls: 0.0052  decode.d7.loss_mask: 0.6109  decode.d7.loss_dice: 0.5958  decode.d8.loss_cls: 0.0052  decode.d8.loss_mask: 0.6126  decode.d8.loss_dice: 0.5976
2026/08/03 20:52:34 - mmengine - INFO - Iter(train) [19100/40000]  base_lr: 1.2423e-05 lr: 1.2423e-05  eta: 6:36:20  time: 1.1302  data_time: 0.0235  memory: 16829  grad_norm: 78.5409  loss: 15.6686  decode.loss_cls: 0.0058  decode.loss_mask: 0.8224  decode.loss_dice: 0.7047  decode.d0.loss_cls: 0.0325  decode.d0.loss_mask: 0.9367  decode.d0.loss_dice: 0.7947  decode.d1.loss_cls: 0.0090  decode.d1.loss_mask: 0.8389  decode.d1.loss_dice: 0.7324  decode.d2.loss_cls: 0.0066  decode.d2.loss_mask: 0.8264  decode.d2.loss_dice: 0.7152  decode.d3.loss_cls: 0.0047  decode.d3.loss_mask: 0.8228  decode.d3.loss_dice: 0.7166  decode.d4.loss_cls: 0.0044  decode.d4.loss_mask: 0.8222  decode.d4.loss_dice: 0.7209  decode.d5.loss_cls: 0.0046  decode.d5.loss_mask: 0.8224  decode.d5.loss_dice: 0.7126  decode.d6.loss_cls: 0.0071  decode.d6.loss_mask: 0.8234  decode.d6.loss_dice: 0.7133  decode.d7.loss_cls: 0.0051  decode.d7.loss_mask: 0.8231  decode.d7.loss_dice: 0.7103  decode.d8.loss_cls: 0.0045  decode.d8.loss_mask: 0.8211  decode.d8.loss_dice: 0.7044
2026/08/03 20:54:26 - mmengine - INFO - Iter(train) [19200/40000]  base_lr: 1.2344e-05 lr: 1.2344e-05  eta: 6:34:24  time: 1.1147  data_time: 0.0238  memory: 16845  grad_norm: 75.2807  loss: 16.1552  decode.loss_cls: 0.0038  decode.loss_mask: 0.8204  decode.loss_dice: 0.7677  decode.d0.loss_cls: 0.0257  decode.d0.loss_mask: 0.9096  decode.d0.loss_dice: 0.8389  decode.d1.loss_cls: 0.0072  decode.d1.loss_mask: 0.8463  decode.d1.loss_dice: 0.7675  decode.d2.loss_cls: 0.0043  decode.d2.loss_mask: 0.8425  decode.d2.loss_dice: 0.7612  decode.d3.loss_cls: 0.0036  decode.d3.loss_mask: 0.8394  decode.d3.loss_dice: 0.7650  decode.d4.loss_cls: 0.0035  decode.d4.loss_mask: 0.8300  decode.d4.loss_dice: 0.7659  decode.d5.loss_cls: 0.0043  decode.d5.loss_mask: 0.8345  decode.d5.loss_dice: 0.7597  decode.d6.loss_cls: 0.0040  decode.d6.loss_mask: 0.8228  decode.d6.loss_dice: 0.7562  decode.d7.loss_cls: 0.0041  decode.d7.loss_mask: 0.8228  decode.d7.loss_dice: 0.7555  decode.d8.loss_cls: 0.0036  decode.d8.loss_mask: 0.8216  decode.d8.loss_dice: 0.7637
2026/08/03 20:56:18 - mmengine - INFO - Iter(train) [19300/40000]  base_lr: 1.2265e-05 lr: 1.2265e-05  eta: 6:32:28  time: 1.1241  data_time: 0.0233  memory: 16821  grad_norm: 102.6620  loss: 16.6213  decode.loss_cls: 0.0279  decode.loss_mask: 0.8650  decode.loss_dice: 0.6969  decode.d0.loss_cls: 0.0697  decode.d0.loss_mask: 1.0250  decode.d0.loss_dice: 0.8881  decode.d1.loss_cls: 0.0368  decode.d1.loss_mask: 0.9019  decode.d1.loss_dice: 0.7495  decode.d2.loss_cls: 0.0326  decode.d2.loss_mask: 0.8909  decode.d2.loss_dice: 0.7383  decode.d3.loss_cls: 0.0308  decode.d3.loss_mask: 0.8848  decode.d3.loss_dice: 0.7327  decode.d4.loss_cls: 0.0285  decode.d4.loss_mask: 0.8806  decode.d4.loss_dice: 0.7284  decode.d5.loss_cls: 0.0312  decode.d5.loss_mask: 0.8669  decode.d5.loss_dice: 0.7036  decode.d6.loss_cls: 0.0265  decode.d6.loss_mask: 0.8724  decode.d6.loss_dice: 0.7085  decode.d7.loss_cls: 0.0269  decode.d7.loss_mask: 0.8688  decode.d7.loss_dice: 0.7046  decode.d8.loss_cls: 0.0255  decode.d8.loss_mask: 0.8721  decode.d8.loss_dice: 0.7061
2026/08/03 20:58:10 - mmengine - INFO - Iter(train) [19400/40000]  base_lr: 1.2186e-05 lr: 1.2186e-05  eta: 6:30:33  time: 1.1140  data_time: 0.0238  memory: 16845  grad_norm: 90.6669  loss: 17.6297  decode.loss_cls: 0.0129  decode.loss_mask: 0.8994  decode.loss_dice: 0.7981  decode.d0.loss_cls: 0.0394  decode.d0.loss_mask: 1.0219  decode.d0.loss_dice: 0.9669  decode.d1.loss_cls: 0.0207  decode.d1.loss_mask: 0.9381  decode.d1.loss_dice: 0.8701  decode.d2.loss_cls: 0.0199  decode.d2.loss_mask: 0.9159  decode.d2.loss_dice: 0.8428  decode.d3.loss_cls: 0.0182  decode.d3.loss_mask: 0.9035  decode.d3.loss_dice: 0.8088  decode.d4.loss_cls: 0.0165  decode.d4.loss_mask: 0.8970  decode.d4.loss_dice: 0.8009  decode.d5.loss_cls: 0.0180  decode.d5.loss_mask: 0.8908  decode.d5.loss_dice: 0.7927  decode.d6.loss_cls: 0.0146  decode.d6.loss_mask: 0.8968  decode.d6.loss_dice: 0.7996  decode.d7.loss_cls: 0.0138  decode.d7.loss_mask: 0.8972  decode.d7.loss_dice: 0.8027  decode.d8.loss_cls: 0.0132  decode.d8.loss_mask: 0.8969  decode.d8.loss_dice: 0.8024
2026/08/03 21:00:06 - mmengine - INFO - Iter(train) [19500/40000]  base_lr: 1.2106e-05 lr: 1.2106e-05  eta: 6:28:41  time: 1.1356  data_time: 0.0232  memory: 16845  grad_norm: 156.1766  loss: 19.4652  decode.loss_cls: 0.0114  decode.loss_mask: 1.0944  decode.loss_dice: 0.8309  decode.d0.loss_cls: 0.0386  decode.d0.loss_mask: 1.1567  decode.d0.loss_dice: 0.8892  decode.d1.loss_cls: 0.0173  decode.d1.loss_mask: 1.1130  decode.d1.loss_dice: 0.8546  decode.d2.loss_cls: 0.0154  decode.d2.loss_mask: 1.0945  decode.d2.loss_dice: 0.8253  decode.d3.loss_cls: 0.0133  decode.d3.loss_mask: 1.0917  decode.d3.loss_dice: 0.8115  decode.d4.loss_cls: 0.0126  decode.d4.loss_mask: 1.0876  decode.d4.loss_dice: 0.8217  decode.d5.loss_cls: 0.0127  decode.d5.loss_mask: 1.0870  decode.d5.loss_dice: 0.8227  decode.d6.loss_cls: 0.0148  decode.d6.loss_mask: 1.0830  decode.d6.loss_dice: 0.8226  decode.d7.loss_cls: 0.0120  decode.d7.loss_mask: 1.0810  decode.d7.loss_dice: 0.8272  decode.d8.loss_cls: 0.0135  decode.d8.loss_mask: 1.0870  decode.d8.loss_dice: 0.8222
2026/08/03 21:01:59 - mmengine - INFO - Iter(train) [19600/40000]  base_lr: 1.2027e-05 lr: 1.2027e-05  eta: 6:26:47  time: 1.1373  data_time: 0.0246  memory: 16845  grad_norm: 52.2475  loss: 9.7600  decode.loss_cls: 0.0064  decode.loss_mask: 0.5155  decode.loss_dice: 0.4402  decode.d0.loss_cls: 0.0284  decode.d0.loss_mask: 0.5209  decode.d0.loss_dice: 0.5093  decode.d1.loss_cls: 0.0113  decode.d1.loss_mask: 0.5133  decode.d1.loss_dice: 0.4684  decode.d2.loss_cls: 0.0078  decode.d2.loss_mask: 0.5061  decode.d2.loss_dice: 0.4588  decode.d3.loss_cls: 0.0061  decode.d3.loss_mask: 0.5038  decode.d3.loss_dice: 0.4498  decode.d4.loss_cls: 0.0067  decode.d4.loss_mask: 0.5077  decode.d4.loss_dice: 0.4555  decode.d5.loss_cls: 0.0079  decode.d5.loss_mask: 0.5112  decode.d5.loss_dice: 0.4421  decode.d6.loss_cls: 0.0065  decode.d6.loss_mask: 0.5149  decode.d6.loss_dice: 0.4392  decode.d7.loss_cls: 0.0062  decode.d7.loss_mask: 0.5131  decode.d7.loss_dice: 0.4344  decode.d8.loss_cls: 0.0061  decode.d8.loss_mask: 0.5152  decode.d8.loss_dice: 0.4470
2026/08/03 21:03:51 - mmengine - INFO - Iter(train) [19700/40000]  base_lr: 1.1947e-05 lr: 1.1947e-05  eta: 6:24:51  time: 1.1128  data_time: 0.0233  memory: 16838  grad_norm: 71.8780  loss: 12.6844  decode.loss_cls: 0.0103  decode.loss_mask: 0.6468  decode.loss_dice: 0.5821  decode.d0.loss_cls: 0.0325  decode.d0.loss_mask: 0.7230  decode.d0.loss_dice: 0.7245  decode.d1.loss_cls: 0.0197  decode.d1.loss_mask: 0.6537  decode.d1.loss_dice: 0.6106  decode.d2.loss_cls: 0.0148  decode.d2.loss_mask: 0.6462  decode.d2.loss_dice: 0.6009  decode.d3.loss_cls: 0.0131  decode.d3.loss_mask: 0.6417  decode.d3.loss_dice: 0.5826  decode.d4.loss_cls: 0.0117  decode.d4.loss_mask: 0.6423  decode.d4.loss_dice: 0.5841  decode.d5.loss_cls: 0.0124  decode.d5.loss_mask: 0.6367  decode.d5.loss_dice: 0.5908  decode.d6.loss_cls: 0.0098  decode.d6.loss_mask: 0.6466  decode.d6.loss_dice: 0.5836  decode.d7.loss_cls: 0.0102  decode.d7.loss_mask: 0.6436  decode.d7.loss_dice: 0.5813  decode.d8.loss_cls: 0.0099  decode.d8.loss_mask: 0.6418  decode.d8.loss_dice: 0.5770
2026/08/03 21:05:43 - mmengine - INFO - Iter(train) [19800/40000]  base_lr: 1.1867e-05 lr: 1.1867e-05  eta: 6:22:55  time: 1.1214  data_time: 0.0238  memory: 16828  grad_norm: 58.0255  loss: 9.7241  decode.loss_cls: 0.0037  decode.loss_mask: 0.5097  decode.loss_dice: 0.4371  decode.d0.loss_cls: 0.0333  decode.d0.loss_mask: 0.5711  decode.d0.loss_dice: 0.4872  decode.d1.loss_cls: 0.0097  decode.d1.loss_mask: 0.5329  decode.d1.loss_dice: 0.4471  decode.d2.loss_cls: 0.0075  decode.d2.loss_mask: 0.5241  decode.d2.loss_dice: 0.4391  decode.d3.loss_cls: 0.0053  decode.d3.loss_mask: 0.5162  decode.d3.loss_dice: 0.4355  decode.d4.loss_cls: 0.0053  decode.d4.loss_mask: 0.5161  decode.d4.loss_dice: 0.4367  decode.d5.loss_cls: 0.0045  decode.d5.loss_mask: 0.5113  decode.d5.loss_dice: 0.4377  decode.d6.loss_cls: 0.0049  decode.d6.loss_mask: 0.5096  decode.d6.loss_dice: 0.4355  decode.d7.loss_cls: 0.0041  decode.d7.loss_mask: 0.5103  decode.d7.loss_dice: 0.4414  decode.d8.loss_cls: 0.0047  decode.d8.loss_mask: 0.5091  decode.d8.loss_dice: 0.4333
2026/08/03 21:07:39 - mmengine - INFO - Iter(train) [19900/40000]  base_lr: 1.1787e-05 lr: 1.1787e-05  eta: 6:21:04  time: 1.1128  data_time: 0.0224  memory: 16845  grad_norm: 85.9565  loss: 18.2310  decode.loss_cls: 0.0098  decode.loss_mask: 1.0265  decode.loss_dice: 0.7699  decode.d0.loss_cls: 0.0379  decode.d0.loss_mask: 1.1004  decode.d0.loss_dice: 0.8281  decode.d1.loss_cls: 0.0151  decode.d1.loss_mask: 1.0442  decode.d1.loss_dice: 0.7862  decode.d2.loss_cls: 0.0124  decode.d2.loss_mask: 1.0475  decode.d2.loss_dice: 0.7620  decode.d3.loss_cls: 0.0128  decode.d3.loss_mask: 1.0318  decode.d3.loss_dice: 0.7647  decode.d4.loss_cls: 0.0126  decode.d4.loss_mask: 1.0263  decode.d4.loss_dice: 0.7671  decode.d5.loss_cls: 0.0097  decode.d5.loss_mask: 1.0356  decode.d5.loss_dice: 0.7736  decode.d6.loss_cls: 0.0124  decode.d6.loss_mask: 1.0217  decode.d6.loss_dice: 0.7547  decode.d7.loss_cls: 0.0097  decode.d7.loss_mask: 1.0188  decode.d7.loss_dice: 0.7502  decode.d8.loss_cls: 0.0082  decode.d8.loss_mask: 1.0222  decode.d8.loss_dice: 0.7588
2026/08/03 21:09:31 - mmengine - INFO - Exp name: dinov3_m2f_gram_4999_v2_20260803_142922
2026/08/03 21:09:31 - mmengine - INFO - Iter(train) [20000/40000]  base_lr: 1.1707e-05 lr: 1.1707e-05  eta: 6:19:09  time: 1.1151  data_time: 0.0239  memory: 16845  grad_norm: 83.0723  loss: 17.1034  decode.loss_cls: 0.0064  decode.loss_mask: 0.9169  decode.loss_dice: 0.7563  decode.d0.loss_cls: 0.0257  decode.d0.loss_mask: 1.0158  decode.d0.loss_dice: 0.7870  decode.d1.loss_cls: 0.0115  decode.d1.loss_mask: 0.9588  decode.d1.loss_dice: 0.7783  decode.d2.loss_cls: 0.0083  decode.d2.loss_mask: 0.9497  decode.d2.loss_dice: 0.7632  decode.d3.loss_cls: 0.0068  decode.d3.loss_mask: 0.9436  decode.d3.loss_dice: 0.7554  decode.d4.loss_cls: 0.0068  decode.d4.loss_mask: 0.9322  decode.d4.loss_dice: 0.7619  decode.d5.loss_cls: 0.0065  decode.d5.loss_mask: 0.9237  decode.d5.loss_dice: 0.7545  decode.d6.loss_cls: 0.0067  decode.d6.loss_mask: 0.9156  decode.d6.loss_dice: 0.7496  decode.d7.loss_cls: 0.0068  decode.d7.loss_mask: 0.9186  decode.d7.loss_dice: 0.7585  decode.d8.loss_cls: 0.0064  decode.d8.loss_mask: 0.9154  decode.d8.loss_dice: 0.7567
2026/08/03 21:09:31 - mmengine - INFO - Saving checkpoint at 20000 iterations
2026/08/03 21:10:39 - mmengine - INFO - Iter(val) [100/252]    eta: 0:01:03  time: 0.4067  data_time: 0.0140  memory: 4705  
2026/08/03 21:11:20 - mmengine - INFO - Iter(val) [200/252]    eta: 0:00:21  time: 0.4058  data_time: 0.0136  memory: 4705  
2026/08/03 21:11:46 - mmengine - INFO - per class results:
2026/08/03 21:11:46 - mmengine - INFO - 
+--------------------+-------+-------+--------+-----------+--------+
|       Class        |  IoU  |  Acc  | Fscore | Precision | Recall |
+--------------------+-------+-------+--------+-----------+--------+
| impervious_surface | 86.11 | 93.87 | 92.54  |   91.24   | 93.87  |
|      building      | 94.84 | 98.99 | 97.35  |   95.77   | 98.99  |
|   low_vegetation   | 76.64 | 94.36 | 86.77  |   80.32   | 94.36  |
|        tree        | 71.63 | 73.37 | 83.47  |    96.8   | 73.37  |
|        car         | 93.81 | 96.54 |  96.8  |   97.07   | 96.54  |
+--------------------+-------+-------+--------+-----------+--------+
2026/08/03 21:11:46 - mmengine - INFO - Iter(val) [252/252]    aAcc: 89.4500  mIoU: 84.6100  mAcc: 91.4300  mFscore: 91.3900  mPrecision: 92.2400  mRecall: 91.4300  data_time: 0.0196  time: 0.4121
2026/08/03 21:13:38 - mmengine - INFO - Iter(train) [20100/40000]  base_lr: 1.1627e-05 lr: 1.1627e-05  eta: 6:17:18  time: 1.1135  data_time: 0.0236  memory: 16845  grad_norm: 51.6919  loss: 11.4908  decode.loss_cls: 0.0152  decode.loss_mask: 0.5687  decode.loss_dice: 0.5221  decode.d0.loss_cls: 0.0362  decode.d0.loss_mask: 0.6771  decode.d0.loss_dice: 0.6618  decode.d1.loss_cls: 0.0189  decode.d1.loss_mask: 0.5885  decode.d1.loss_dice: 0.5420  decode.d2.loss_cls: 0.0173  decode.d2.loss_mask: 0.5847  decode.d2.loss_dice: 0.5386  decode.d3.loss_cls: 0.0169  decode.d3.loss_mask: 0.5802  decode.d3.loss_dice: 0.5369  decode.d4.loss_cls: 0.0158  decode.d4.loss_mask: 0.5738  decode.d4.loss_dice: 0.5294  decode.d5.loss_cls: 0.0136  decode.d5.loss_mask: 0.5708  decode.d5.loss_dice: 0.5386  decode.d6.loss_cls: 0.0161  decode.d6.loss_mask: 0.5701  decode.d6.loss_dice: 0.5274  decode.d7.loss_cls: 0.0151  decode.d7.loss_mask: 0.5686  decode.d7.loss_dice: 0.5329  decode.d8.loss_cls: 0.0151  decode.d8.loss_mask: 0.5669  decode.d8.loss_dice: 0.5313
2026/08/03 21:15:29 - mmengine - INFO - Iter(train) [20200/40000]  base_lr: 1.1547e-05 lr: 1.1547e-05  eta: 6:15:22  time: 1.1056  data_time: 0.0239  memory: 16828  grad_norm: 58.0068  loss: 11.4249  decode.loss_cls: 0.0090  decode.loss_mask: 0.5912  decode.loss_dice: 0.4986  decode.d0.loss_cls: 0.0424  decode.d0.loss_mask: 0.6433  decode.d0.loss_dice: 0.5733  decode.d1.loss_cls: 0.0152  decode.d1.loss_mask: 0.6166  decode.d1.loss_dice: 0.5509  decode.d2.loss_cls: 0.0133  decode.d2.loss_mask: 0.6076  decode.d2.loss_dice: 0.5463  decode.d3.loss_cls: 0.0127  decode.d3.loss_mask: 0.5986  decode.d3.loss_dice: 0.5286  decode.d4.loss_cls: 0.0099  decode.d4.loss_mask: 0.5954  decode.d4.loss_dice: 0.5068  decode.d5.loss_cls: 0.0090  decode.d5.loss_mask: 0.5917  decode.d5.loss_dice: 0.4958  decode.d6.loss_cls: 0.0089  decode.d6.loss_mask: 0.5923  decode.d6.loss_dice: 0.5213  decode.d7.loss_cls: 0.0105  decode.d7.loss_mask: 0.5939  decode.d7.loss_dice: 0.5190  decode.d8.loss_cls: 0.0090  decode.d8.loss_mask: 0.5955  decode.d8.loss_dice: 0.5183
2026/08/03 21:17:22 - mmengine - INFO - Iter(train) [20300/40000]  base_lr: 1.1467e-05 lr: 1.1467e-05  eta: 6:13:27  time: 1.1135  data_time: 0.0233  memory: 16845  grad_norm: 58.1102  loss: 13.2169  decode.loss_cls: 0.0046  decode.loss_mask: 0.6776  decode.loss_dice: 0.6012  decode.d0.loss_cls: 0.0341  decode.d0.loss_mask: 0.7412  decode.d0.loss_dice: 0.7418  decode.d1.loss_cls: 0.0093  decode.d1.loss_mask: 0.6928  decode.d1.loss_dice: 0.6454  decode.d2.loss_cls: 0.0063  decode.d2.loss_mask: 0.6847  decode.d2.loss_dice: 0.6152  decode.d3.loss_cls: 0.0053  decode.d3.loss_mask: 0.6843  decode.d3.loss_dice: 0.6097  decode.d4.loss_cls: 0.0073  decode.d4.loss_mask: 0.6848  decode.d4.loss_dice: 0.6145  decode.d5.loss_cls: 0.0052  decode.d5.loss_mask: 0.6840  decode.d5.loss_dice: 0.6062  decode.d6.loss_cls: 0.0052  decode.d6.loss_mask: 0.6789  decode.d6.loss_dice: 0.6081  decode.d7.loss_cls: 0.0051  decode.d7.loss_mask: 0.6734  decode.d7.loss_dice: 0.6031  decode.d8.loss_cls: 0.0055  decode.d8.loss_mask: 0.6788  decode.d8.loss_dice: 0.6032
2026/08/03 21:19:18 - mmengine - INFO - Iter(train) [20400/40000]  base_lr: 1.1387e-05 lr: 1.1387e-05  eta: 6:11:36  time: 1.1115  data_time: 0.0233  memory: 16829  grad_norm: 61.3365  loss: 13.9072  decode.loss_cls: 0.0079  decode.loss_mask: 0.7354  decode.loss_dice: 0.6169  decode.d0.loss_cls: 0.0276  decode.d0.loss_mask: 0.8208  decode.d0.loss_dice: 0.6968  decode.d1.loss_cls: 0.0093  decode.d1.loss_mask: 0.7430  decode.d1.loss_dice: 0.6521  decode.d2.loss_cls: 0.0087  decode.d2.loss_mask: 0.7421  decode.d2.loss_dice: 0.6410  decode.d3.loss_cls: 0.0056  decode.d3.loss_mask: 0.7423  decode.d3.loss_dice: 0.6381  decode.d4.loss_cls: 0.0087  decode.d4.loss_mask: 0.7367  decode.d4.loss_dice: 0.6318  decode.d5.loss_cls: 0.0057  decode.d5.loss_mask: 0.7377  decode.d5.loss_dice: 0.6285  decode.d6.loss_cls: 0.0054  decode.d6.loss_mask: 0.7345  decode.d6.loss_dice: 0.6189  decode.d7.loss_cls: 0.0062  decode.d7.loss_mask: 0.7315  decode.d7.loss_dice: 0.6204  decode.d8.loss_cls: 0.0061  decode.d8.loss_mask: 0.7317  decode.d8.loss_dice: 0.6157
2026/08/03 21:21:10 - mmengine - INFO - Iter(train) [20500/40000]  base_lr: 1.1306e-05 lr: 1.1306e-05  eta: 6:09:40  time: 1.1149  data_time: 0.0228  memory: 16845  grad_norm: 74.3146  loss: 14.8775  decode.loss_cls: 0.0028  decode.loss_mask: 0.7459  decode.loss_dice: 0.7230  decode.d0.loss_cls: 0.0265  decode.d0.loss_mask: 0.8143  decode.d0.loss_dice: 0.8006  decode.d1.loss_cls: 0.0063  decode.d1.loss_mask: 0.7668  decode.d1.loss_dice: 0.7235  decode.d2.loss_cls: 0.0045  decode.d2.loss_mask: 0.7534  decode.d2.loss_dice: 0.7112  decode.d3.loss_cls: 0.0045  decode.d3.loss_mask: 0.7534  decode.d3.loss_dice: 0.7131  decode.d4.loss_cls: 0.0041  decode.d4.loss_mask: 0.7485  decode.d4.loss_dice: 0.7126  decode.d5.loss_cls: 0.0043  decode.d5.loss_mask: 0.7461  decode.d5.loss_dice: 0.7075  decode.d6.loss_cls: 0.0045  decode.d6.loss_mask: 0.7520  decode.d6.loss_dice: 0.7206  decode.d7.loss_cls: 0.0039  decode.d7.loss_mask: 0.7461  decode.d7.loss_dice: 0.7117  decode.d8.loss_cls: 0.0031  decode.d8.loss_mask: 0.7478  decode.d8.loss_dice: 0.7150
2026/08/03 21:23:02 - mmengine - INFO - Iter(train) [20600/40000]  base_lr: 1.1226e-05 lr: 1.1226e-05  eta: 6:07:44  time: 1.1179  data_time: 0.0229  memory: 16812  grad_norm: 83.1294  loss: 15.8743  decode.loss_cls: 0.0195  decode.loss_mask: 0.8180  decode.loss_dice: 0.6860  decode.d0.loss_cls: 0.0363  decode.d0.loss_mask: 0.9579  decode.d0.loss_dice: 0.8495  decode.d1.loss_cls: 0.0202  decode.d1.loss_mask: 0.8613  decode.d1.loss_dice: 0.7501  decode.d2.loss_cls: 0.0200  decode.d2.loss_mask: 0.8474  decode.d2.loss_dice: 0.7277  decode.d3.loss_cls: 0.0239  decode.d3.loss_mask: 0.8333  decode.d3.loss_dice: 0.7099  decode.d4.loss_cls: 0.0209  decode.d4.loss_mask: 0.8305  decode.d4.loss_dice: 0.7022  decode.d5.loss_cls: 0.0212  decode.d5.loss_mask: 0.8223  decode.d5.loss_dice: 0.7004  decode.d6.loss_cls: 0.0200  decode.d6.loss_mask: 0.8260  decode.d6.loss_dice: 0.6971  decode.d7.loss_cls: 0.0239  decode.d7.loss_mask: 0.8206  decode.d7.loss_dice: 0.7008  decode.d8.loss_cls: 0.0205  decode.d8.loss_mask: 0.8188  decode.d8.loss_dice: 0.6879
2026/08/03 21:24:54 - mmengine - INFO - Iter(train) [20700/40000]  base_lr: 1.1146e-05 lr: 1.1146e-05  eta: 6:05:49  time: 1.1147  data_time: 0.0230  memory: 16845  grad_norm: 85.4931  loss: 15.4250  decode.loss_cls: 0.0088  decode.loss_mask: 0.8024  decode.loss_dice: 0.6857  decode.d0.loss_cls: 0.0314  decode.d0.loss_mask: 0.9073  decode.d0.loss_dice: 0.7779  decode.d1.loss_cls: 0.0137  decode.d1.loss_mask: 0.8421  decode.d1.loss_dice: 0.7248  decode.d2.loss_cls: 0.0106  decode.d2.loss_mask: 0.8311  decode.d2.loss_dice: 0.7161  decode.d3.loss_cls: 0.0118  decode.d3.loss_mask: 0.8116  decode.d3.loss_dice: 0.6921  decode.d4.loss_cls: 0.0093  decode.d4.loss_mask: 0.8176  decode.d4.loss_dice: 0.6973  decode.d5.loss_cls: 0.0087  decode.d5.loss_mask: 0.8096  decode.d5.loss_dice: 0.6949  decode.d6.loss_cls: 0.0088  decode.d6.loss_mask: 0.8054  decode.d6.loss_dice: 0.6925  decode.d7.loss_cls: 0.0093  decode.d7.loss_mask: 0.8088  decode.d7.loss_dice: 0.6918  decode.d8.loss_cls: 0.0092  decode.d8.loss_mask: 0.8070  decode.d8.loss_dice: 0.6877
2026/08/03 21:26:49 - mmengine - INFO - Iter(train) [20800/40000]  base_lr: 1.1065e-05 lr: 1.1065e-05  eta: 6:03:57  time: 1.1193  data_time: 0.0223  memory: 16845  grad_norm: 89.6403  loss: 16.3451  decode.loss_cls: 0.0037  decode.loss_mask: 0.9457  decode.loss_dice: 0.6748  decode.d0.loss_cls: 0.0283  decode.d0.loss_mask: 1.0024  decode.d0.loss_dice: 0.6858  decode.d1.loss_cls: 0.0089  decode.d1.loss_mask: 0.9476  decode.d1.loss_dice: 0.6821  decode.d2.loss_cls: 0.0050  decode.d2.loss_mask: 0.9489  decode.d2.loss_dice: 0.6824  decode.d3.loss_cls: 0.0043  decode.d3.loss_mask: 0.9436  decode.d3.loss_dice: 0.6727  decode.d4.loss_cls: 0.0045  decode.d4.loss_mask: 0.9466  decode.d4.loss_dice: 0.6761  decode.d5.loss_cls: 0.0037  decode.d5.loss_mask: 0.9439  decode.d5.loss_dice: 0.6693  decode.d6.loss_cls: 0.0043  decode.d6.loss_mask: 0.9449  decode.d6.loss_dice: 0.6767  decode.d7.loss_cls: 0.0039  decode.d7.loss_mask: 0.9403  decode.d7.loss_dice: 0.6739  decode.d8.loss_cls: 0.0040  decode.d8.loss_mask: 0.9448  decode.d8.loss_dice: 0.6722
2026/08/03 21:28:41 - mmengine - INFO - Iter(train) [20900/40000]  base_lr: 1.0985e-05 lr: 1.0985e-05  eta: 6:02:01  time: 1.1113  data_time: 0.0232  memory: 16845  grad_norm: 61.2303  loss: 12.3627  decode.loss_cls: 0.0113  decode.loss_mask: 0.6553  decode.loss_dice: 0.5528  decode.d0.loss_cls: 0.0324  decode.d0.loss_mask: 0.6901  decode.d0.loss_dice: 0.6303  decode.d1.loss_cls: 0.0142  decode.d1.loss_mask: 0.6620  decode.d1.loss_dice: 0.5814  decode.d2.loss_cls: 0.0121  decode.d2.loss_mask: 0.6505  decode.d2.loss_dice: 0.5737  decode.d3.loss_cls: 0.0145  decode.d3.loss_mask: 0.6477  decode.d3.loss_dice: 0.5595  decode.d4.loss_cls: 0.0143  decode.d4.loss_mask: 0.6465  decode.d4.loss_dice: 0.5448  decode.d5.loss_cls: 0.0128  decode.d5.loss_mask: 0.6476  decode.d5.loss_dice: 0.5567  decode.d6.loss_cls: 0.0132  decode.d6.loss_mask: 0.6518  decode.d6.loss_dice: 0.5544  decode.d7.loss_cls: 0.0117  decode.d7.loss_mask: 0.6540  decode.d7.loss_dice: 0.5478  decode.d8.loss_cls: 0.0124  decode.d8.loss_mask: 0.6523  decode.d8.loss_dice: 0.5543
2026/08/03 21:30:32 - mmengine - INFO - Exp name: dinov3_m2f_gram_4999_v2_20260803_142922
2026/08/03 21:30:32 - mmengine - INFO - Iter(train) [21000/40000]  base_lr: 1.0904e-05 lr: 1.0904e-05  eta: 6:00:05  time: 1.1104  data_time: 0.0218  memory: 16838  grad_norm: 61.8781  loss: 11.7776  decode.loss_cls: 0.0077  decode.loss_mask: 0.5884  decode.loss_dice: 0.5513  decode.d0.loss_cls: 0.0284  decode.d0.loss_mask: 0.6506  decode.d0.loss_dice: 0.6746  decode.d1.loss_cls: 0.0183  decode.d1.loss_mask: 0.5961  decode.d1.loss_dice: 0.5705  decode.d2.loss_cls: 0.0128  decode.d2.loss_mask: 0.5931  decode.d2.loss_dice: 0.5665  decode.d3.loss_cls: 0.0109  decode.d3.loss_mask: 0.5944  decode.d3.loss_dice: 0.5596  decode.d4.loss_cls: 0.0097  decode.d4.loss_mask: 0.5895  decode.d4.loss_dice: 0.5608  decode.d5.loss_cls: 0.0098  decode.d5.loss_mask: 0.5844  decode.d5.loss_dice: 0.5550  decode.d6.loss_cls: 0.0080  decode.d6.loss_mask: 0.5905  decode.d6.loss_dice: 0.5546  decode.d7.loss_cls: 0.0076  decode.d7.loss_mask: 0.5881  decode.d7.loss_dice: 0.5471  decode.d8.loss_cls: 0.0079  decode.d8.loss_mask: 0.5881  decode.d8.loss_dice: 0.5532
2026/08/03 21:32:24 - mmengine - INFO - Iter(train) [21100/40000]  base_lr: 1.0823e-05 lr: 1.0823e-05  eta: 5:58:10  time: 1.1126  data_time: 0.0231  memory: 16828  grad_norm: 95.3019  loss: 11.4882  decode.loss_cls: 0.0044  decode.loss_mask: 0.5934  decode.loss_dice: 0.5067  decode.d0.loss_cls: 0.0349  decode.d0.loss_mask: 0.7034  decode.d0.loss_dice: 0.5919  decode.d1.loss_cls: 0.0119  decode.d1.loss_mask: 0.6369  decode.d1.loss_dice: 0.5320  decode.d2.loss_cls: 0.0083  decode.d2.loss_mask: 0.6253  decode.d2.loss_dice: 0.5175  decode.d3.loss_cls: 0.0060  decode.d3.loss_mask: 0.6110  decode.d3.loss_dice: 0.5181  decode.d4.loss_cls: 0.0064  decode.d4.loss_mask: 0.6065  decode.d4.loss_dice: 0.5182  decode.d5.loss_cls: 0.0063  decode.d5.loss_mask: 0.6000  decode.d5.loss_dice: 0.5109  decode.d6.loss_cls: 0.0051  decode.d6.loss_mask: 0.5959  decode.d6.loss_dice: 0.5060  decode.d7.loss_cls: 0.0047  decode.d7.loss_mask: 0.5978  decode.d7.loss_dice: 0.5169  decode.d8.loss_cls: 0.0046  decode.d8.loss_mask: 0.5986  decode.d8.loss_dice: 0.5083
2026/08/03 21:34:19 - mmengine - INFO - Iter(train) [21200/40000]  base_lr: 1.0743e-05 lr: 1.0743e-05  eta: 5:56:17  time: 1.1081  data_time: 0.0235  memory: 16845  grad_norm: 99.9518  loss: 16.8562  decode.loss_cls: 0.0140  decode.loss_mask: 0.8954  decode.loss_dice: 0.7350  decode.d0.loss_cls: 0.0434  decode.d0.loss_mask: 1.0009  decode.d0.loss_dice: 0.8827  decode.d1.loss_cls: 0.0154  decode.d1.loss_mask: 0.9406  decode.d1.loss_dice: 0.7966  decode.d2.loss_cls: 0.0181  decode.d2.loss_mask: 0.9154  decode.d2.loss_dice: 0.7713  decode.d3.loss_cls: 0.0160  decode.d3.loss_mask: 0.9034  decode.d3.loss_dice: 0.7312  decode.d4.loss_cls: 0.0162  decode.d4.loss_mask: 0.8990  decode.d4.loss_dice: 0.7174  decode.d5.loss_cls: 0.0136  decode.d5.loss_mask: 0.8989  decode.d5.loss_dice: 0.7256  decode.d6.loss_cls: 0.0133  decode.d6.loss_mask: 0.8968  decode.d6.loss_dice: 0.7203  decode.d7.loss_cls: 0.0144  decode.d7.loss_mask: 0.8963  decode.d7.loss_dice: 0.7198  decode.d8.loss_cls: 0.0144  decode.d8.loss_mask: 0.9009  decode.d8.loss_dice: 0.7297
2026/08/03 21:36:10 - mmengine - INFO - Iter(train) [21300/40000]  base_lr: 1.0662e-05 lr: 1.0662e-05  eta: 5:54:21  time: 1.1109  data_time: 0.0232  memory: 16845  grad_norm: 67.3672  loss: 15.5821  decode.loss_cls: 0.0083  decode.loss_mask: 0.8488  decode.loss_dice: 0.6874  decode.d0.loss_cls: 0.0277  decode.d0.loss_mask: 0.9136  decode.d0.loss_dice: 0.7103  decode.d1.loss_cls: 0.0107  decode.d1.loss_mask: 0.8755  decode.d1.loss_dice: 0.6976  decode.d2.loss_cls: 0.0089  decode.d2.loss_mask: 0.8615  decode.d2.loss_dice: 0.6830  decode.d3.loss_cls: 0.0080  decode.d3.loss_mask: 0.8592  decode.d3.loss_dice: 0.6782  decode.d4.loss_cls: 0.0082  decode.d4.loss_mask: 0.8553  decode.d4.loss_dice: 0.6836  decode.d5.loss_cls: 0.0083  decode.d5.loss_mask: 0.8495  decode.d5.loss_dice: 0.6829  decode.d6.loss_cls: 0.0078  decode.d6.loss_mask: 0.8446  decode.d6.loss_dice: 0.6790  decode.d7.loss_cls: 0.0087  decode.d7.loss_mask: 0.8456  decode.d7.loss_dice: 0.6863  decode.d8.loss_cls: 0.0083  decode.d8.loss_mask: 0.8436  decode.d8.loss_dice: 0.6913
2026/08/03 21:38:01 - mmengine - INFO - Iter(train) [21400/40000]  base_lr: 1.0581e-05 lr: 1.0581e-05  eta: 5:52:25  time: 1.1084  data_time: 0.0231  memory: 16845  grad_norm: 60.1255  loss: 11.0029  decode.loss_cls: 0.0157  decode.loss_mask: 0.5400  decode.loss_dice: 0.5059  decode.d0.loss_cls: 0.0385  decode.d0.loss_mask: 0.6404  decode.d0.loss_dice: 0.6222  decode.d1.loss_cls: 0.0184  decode.d1.loss_mask: 0.5656  decode.d1.loss_dice: 0.5379  decode.d2.loss_cls: 0.0169  decode.d2.loss_mask: 0.5562  decode.d2.loss_dice: 0.5215  decode.d3.loss_cls: 0.0158  decode.d3.loss_mask: 0.5529  decode.d3.loss_dice: 0.5196  decode.d4.loss_cls: 0.0150  decode.d4.loss_mask: 0.5470  decode.d4.loss_dice: 0.5105  decode.d5.loss_cls: 0.0147  decode.d5.loss_mask: 0.5440  decode.d5.loss_dice: 0.5112  decode.d6.loss_cls: 0.0151  decode.d6.loss_mask: 0.5441  decode.d6.loss_dice: 0.5120  decode.d7.loss_cls: 0.0136  decode.d7.loss_mask: 0.5390  decode.d7.loss_dice: 0.5117  decode.d8.loss_cls: 0.0148  decode.d8.loss_mask: 0.5408  decode.d8.loss_dice: 0.5021
2026/08/03 21:39:52 - mmengine - INFO - Iter(train) [21500/40000]  base_lr: 1.0501e-05 lr: 1.0501e-05  eta: 5:50:29  time: 1.1079  data_time: 0.0219  memory: 16828  grad_norm: 53.3804  loss: 9.3927  decode.loss_cls: 0.0123  decode.loss_mask: 0.4726  decode.loss_dice: 0.4141  decode.d0.loss_cls: 0.0545  decode.d0.loss_mask: 0.5233  decode.d0.loss_dice: 0.5018  decode.d1.loss_cls: 0.0228  decode.d1.loss_mask: 0.4893  decode.d1.loss_dice: 0.4664  decode.d2.loss_cls: 0.0177  decode.d2.loss_mask: 0.4828  decode.d2.loss_dice: 0.4257  decode.d3.loss_cls: 0.0173  decode.d3.loss_mask: 0.4783  decode.d3.loss_dice: 0.4325  decode.d4.loss_cls: 0.0139  decode.d4.loss_mask: 0.4802  decode.d4.loss_dice: 0.4230  decode.d5.loss_cls: 0.0125  decode.d5.loss_mask: 0.4778  decode.d5.loss_dice: 0.4331  decode.d6.loss_cls: 0.0131  decode.d6.loss_mask: 0.4791  decode.d6.loss_dice: 0.4236  decode.d7.loss_cls: 0.0119  decode.d7.loss_mask: 0.4780  decode.d7.loss_dice: 0.4296  decode.d8.loss_cls: 0.0126  decode.d8.loss_mask: 0.4747  decode.d8.loss_dice: 0.4184
2026/08/03 21:41:44 - mmengine - INFO - Iter(train) [21600/40000]  base_lr: 1.0420e-05 lr: 1.0420e-05  eta: 5:48:34  time: 1.1164  data_time: 0.0240  memory: 16845  grad_norm: 69.0650  loss: 12.4927  decode.loss_cls: 0.0037  decode.loss_mask: 0.6585  decode.loss_dice: 0.5511  decode.d0.loss_cls: 0.0403  decode.d0.loss_mask: 0.7254  decode.d0.loss_dice: 0.6662  decode.d1.loss_cls: 0.0075  decode.d1.loss_mask: 0.6773  decode.d1.loss_dice: 0.5969  decode.d2.loss_cls: 0.0064  decode.d2.loss_mask: 0.6656  decode.d2.loss_dice: 0.5706  decode.d3.loss_cls: 0.0047  decode.d3.loss_mask: 0.6656  decode.d3.loss_dice: 0.5556  decode.d4.loss_cls: 0.0047  decode.d4.loss_mask: 0.6654  decode.d4.loss_dice: 0.5543  decode.d5.loss_cls: 0.0057  decode.d5.loss_mask: 0.6646  decode.d5.loss_dice: 0.5599  decode.d6.loss_cls: 0.0043  decode.d6.loss_mask: 0.6625  decode.d6.loss_dice: 0.5497  decode.d7.loss_cls: 0.0040  decode.d7.loss_mask: 0.6580  decode.d7.loss_dice: 0.5498  decode.d8.loss_cls: 0.0042  decode.d8.loss_mask: 0.6593  decode.d8.loss_dice: 0.5510
2026/08/03 21:43:41 - mmengine - INFO - Iter(train) [21700/40000]  base_lr: 1.0339e-05 lr: 1.0339e-05  eta: 5:46:43  time: 1.1433  data_time: 0.0247  memory: 16829  grad_norm: 53.6840  loss: 13.5229  decode.loss_cls: 0.0077  decode.loss_mask: 0.7192  decode.loss_dice: 0.6081  decode.d0.loss_cls: 0.0247  decode.d0.loss_mask: 0.7659  decode.d0.loss_dice: 0.6619  decode.d1.loss_cls: 0.0098  decode.d1.loss_mask: 0.7255  decode.d1.loss_dice: 0.6368  decode.d2.loss_cls: 0.0103  decode.d2.loss_mask: 0.7227  decode.d2.loss_dice: 0.6204  decode.d3.loss_cls: 0.0055  decode.d3.loss_mask: 0.7200  decode.d3.loss_dice: 0.6117  decode.d4.loss_cls: 0.0073  decode.d4.loss_mask: 0.7193  decode.d4.loss_dice: 0.6115  decode.d5.loss_cls: 0.0079  decode.d5.loss_mask: 0.7187  decode.d5.loss_dice: 0.6157  decode.d6.loss_cls: 0.0066  decode.d6.loss_mask: 0.7172  decode.d6.loss_dice: 0.6099  decode.d7.loss_cls: 0.0058  decode.d7.loss_mask: 0.7174  decode.d7.loss_dice: 0.6044  decode.d8.loss_cls: 0.0076  decode.d8.loss_mask: 0.7165  decode.d8.loss_dice: 0.6068
2026/08/03 21:45:34 - mmengine - INFO - Iter(train) [21800/40000]  base_lr: 1.0259e-05 lr: 1.0259e-05  eta: 5:44:49  time: 1.1207  data_time: 0.0239  memory: 16845  grad_norm: 64.2715  loss: 14.2783  decode.loss_cls: 0.0023  decode.loss_mask: 0.7316  decode.loss_dice: 0.6670  decode.d0.loss_cls: 0.0285  decode.d0.loss_mask: 0.8232  decode.d0.loss_dice: 0.7616  decode.d1.loss_cls: 0.0066  decode.d1.loss_mask: 0.7552  decode.d1.loss_dice: 0.6837  decode.d2.loss_cls: 0.0051  decode.d2.loss_mask: 0.7392  decode.d2.loss_dice: 0.6650  decode.d3.loss_cls: 0.0039  decode.d3.loss_mask: 0.7374  decode.d3.loss_dice: 0.6563  decode.d4.loss_cls: 0.0030  decode.d4.loss_mask: 0.7323  decode.d4.loss_dice: 0.6725  decode.d5.loss_cls: 0.0026  decode.d5.loss_mask: 0.7328  decode.d5.loss_dice: 0.6636  decode.d6.loss_cls: 0.0025  decode.d6.loss_mask: 0.7322  decode.d6.loss_dice: 0.6724  decode.d7.loss_cls: 0.0025  decode.d7.loss_mask: 0.7317  decode.d7.loss_dice: 0.6705  decode.d8.loss_cls: 0.0024  decode.d8.loss_mask: 0.7299  decode.d8.loss_dice: 0.6607
2026/08/03 21:47:26 - mmengine - INFO - Iter(train) [21900/40000]  base_lr: 1.0178e-05 lr: 1.0178e-05  eta: 5:42:54  time: 1.1143  data_time: 0.0235  memory: 16812  grad_norm: 73.5672  loss: 14.4859  decode.loss_cls: 0.0097  decode.loss_mask: 0.7702  decode.loss_dice: 0.6338  decode.d0.loss_cls: 0.0313  decode.d0.loss_mask: 0.8870  decode.d0.loss_dice: 0.7260  decode.d1.loss_cls: 0.0102  decode.d1.loss_mask: 0.8061  decode.d1.loss_dice: 0.6845  decode.d2.loss_cls: 0.0102  decode.d2.loss_mask: 0.7878  decode.d2.loss_dice: 0.6569  decode.d3.loss_cls: 0.0105  decode.d3.loss_mask: 0.7740  decode.d3.loss_dice: 0.6359  decode.d4.loss_cls: 0.0086  decode.d4.loss_mask: 0.7699  decode.d4.loss_dice: 0.6350  decode.d5.loss_cls: 0.0092  decode.d5.loss_mask: 0.7655  decode.d5.loss_dice: 0.6315  decode.d6.loss_cls: 0.0104  decode.d6.loss_mask: 0.7700  decode.d6.loss_dice: 0.6284  decode.d7.loss_cls: 0.0115  decode.d7.loss_mask: 0.7702  decode.d7.loss_dice: 0.6297  decode.d8.loss_cls: 0.0105  decode.d8.loss_mask: 0.7697  decode.d8.loss_dice: 0.6316
2026/08/03 21:49:18 - mmengine - INFO - Exp name: dinov3_m2f_gram_4999_v2_20260803_142922
2026/08/03 21:49:18 - mmengine - INFO - Iter(train) [22000/40000]  base_lr: 1.0098e-05 lr: 1.0098e-05  eta: 5:40:59  time: 1.1281  data_time: 0.0234  memory: 16845  grad_norm: 66.2798  loss: 15.0698  decode.loss_cls: 0.0028  decode.loss_mask: 0.8174  decode.loss_dice: 0.6660  decode.d0.loss_cls: 0.0236  decode.d0.loss_mask: 0.8869  decode.d0.loss_dice: 0.7167  decode.d1.loss_cls: 0.0078  decode.d1.loss_mask: 0.8308  decode.d1.loss_dice: 0.6906  decode.d2.loss_cls: 0.0067  decode.d2.loss_mask: 0.8187  decode.d2.loss_dice: 0.6779  decode.d3.loss_cls: 0.0038  decode.d3.loss_mask: 0.8167  decode.d3.loss_dice: 0.6763  decode.d4.loss_cls: 0.0046  decode.d4.loss_mask: 0.8163  decode.d4.loss_dice: 0.6661  decode.d5.loss_cls: 0.0040  decode.d5.loss_mask: 0.8154  decode.d5.loss_dice: 0.6660  decode.d6.loss_cls: 0.0042  decode.d6.loss_mask: 0.8150  decode.d6.loss_dice: 0.6673  decode.d7.loss_cls: 0.0043  decode.d7.loss_mask: 0.8145  decode.d7.loss_dice: 0.6631  decode.d8.loss_cls: 0.0037  decode.d8.loss_mask: 0.8164  decode.d8.loss_dice: 0.6665
2026/08/03 21:49:18 - mmengine - INFO - Saving checkpoint at 22000 iterations
2026/08/03 21:50:21 - mmengine - INFO - Iter(val) [100/252]    eta: 0:01:03  time: 0.4053  data_time: 0.0138  memory: 4705  
2026/08/03 21:51:02 - mmengine - INFO - Iter(val) [200/252]    eta: 0:00:21  time: 0.4076  data_time: 0.0142  memory: 4705  
2026/08/03 21:51:27 - mmengine - INFO - per class results:
2026/08/03 21:51:27 - mmengine - INFO - 
+--------------------+-------+-------+--------+-----------+--------+
|       Class        |  IoU  |  Acc  | Fscore | Precision | Recall |
+--------------------+-------+-------+--------+-----------+--------+
| impervious_surface | 85.19 | 87.92 |  92.0  |   96.48   | 87.92  |
|      building      | 93.02 | 98.61 | 96.39  |   94.26   | 98.61  |
|   low_vegetation   | 78.15 | 94.25 | 87.74  |   82.06   | 94.25  |
|        tree        | 79.36 | 82.96 | 88.49  |   94.82   | 82.96  |
|        car         | 94.36 | 96.58 |  97.1  |   97.63   | 96.58  |
+--------------------+-------+-------+--------+-----------+--------+
2026/08/03 21:51:27 - mmengine - INFO - Iter(val) [252/252]    aAcc: 90.6300  mIoU: 86.0200  mAcc: 92.0600  mFscore: 92.3400  mPrecision: 93.0500  mRecall: 92.0600  data_time: 0.0198  time: 0.4124
2026/08/03 21:53:24 - mmengine - INFO - Iter(train) [22100/40000]  base_lr: 1.0017e-05 lr: 1.0017e-05  eta: 5:39:11  time: 1.1247  data_time: 0.0238  memory: 16845  grad_norm: 59.7483  loss: 14.1118  decode.loss_cls: 0.0072  decode.loss_mask: 0.7963  decode.loss_dice: 0.5944  decode.d0.loss_cls: 0.0271  decode.d0.loss_mask: 0.8438  decode.d0.loss_dice: 0.6134  decode.d1.loss_cls: 0.0105  decode.d1.loss_mask: 0.8113  decode.d1.loss_dice: 0.6083  decode.d2.loss_cls: 0.0081  decode.d2.loss_mask: 0.8028  decode.d2.loss_dice: 0.5961  decode.d3.loss_cls: 0.0082  decode.d3.loss_mask: 0.8007  decode.d3.loss_dice: 0.5894  decode.d4.loss_cls: 0.0080  decode.d4.loss_mask: 0.7983  decode.d4.loss_dice: 0.5937  decode.d5.loss_cls: 0.0082  decode.d5.loss_mask: 0.7979  decode.d5.loss_dice: 0.5935  decode.d6.loss_cls: 0.0080  decode.d6.loss_mask: 0.7941  decode.d6.loss_dice: 0.5948  decode.d7.loss_cls: 0.0075  decode.d7.loss_mask: 0.7964  decode.d7.loss_dice: 0.5989  decode.d8.loss_cls: 0.0068  decode.d8.loss_mask: 0.7936  decode.d8.loss_dice: 0.5943
2026/08/03 21:55:22 - mmengine - INFO - Iter(train) [22200/40000]  base_lr: 9.9365e-06 lr: 9.9365e-06  eta: 5:37:21  time: 1.1197  data_time: 0.0234  memory: 16845  grad_norm: 74.7551  loss: 14.3271  decode.loss_cls: 0.0156  decode.loss_mask: 0.7533  decode.loss_dice: 0.6456  decode.d0.loss_cls: 0.0322  decode.d0.loss_mask: 0.8112  decode.d0.loss_dice: 0.7356  decode.d1.loss_cls: 0.0163  decode.d1.loss_mask: 0.7716  decode.d1.loss_dice: 0.6689  decode.d2.loss_cls: 0.0135  decode.d2.loss_mask: 0.7602  decode.d2.loss_dice: 0.6577  decode.d3.loss_cls: 0.0149  decode.d3.loss_mask: 0.7569  decode.d3.loss_dice: 0.6611  decode.d4.loss_cls: 0.0132  decode.d4.loss_mask: 0.7576  decode.d4.loss_dice: 0.6409  decode.d5.loss_cls: 0.0115  decode.d5.loss_mask: 0.7539  decode.d5.loss_dice: 0.6312  decode.d6.loss_cls: 0.0136  decode.d6.loss_mask: 0.7561  decode.d6.loss_dice: 0.6265  decode.d7.loss_cls: 0.0178  decode.d7.loss_mask: 0.7526  decode.d7.loss_dice: 0.6306  decode.d8.loss_cls: 0.0138  decode.d8.loss_mask: 0.7522  decode.d8.loss_dice: 0.6408
2026/08/03 21:57:14 - mmengine - INFO - Iter(train) [22300/40000]  base_lr: 9.8560e-06 lr: 9.8560e-06  eta: 5:35:26  time: 1.1291  data_time: 0.0235  memory: 16826  grad_norm: 48.6668  loss: 10.2871  decode.loss_cls: 0.0043  decode.loss_mask: 0.5148  decode.loss_dice: 0.4854  decode.d0.loss_cls: 0.0272  decode.d0.loss_mask: 0.5535  decode.d0.loss_dice: 0.5750  decode.d1.loss_cls: 0.0092  decode.d1.loss_mask: 0.5234  decode.d1.loss_dice: 0.5082  decode.d2.loss_cls: 0.0081  decode.d2.loss_mask: 0.5223  decode.d2.loss_dice: 0.4935  decode.d3.loss_cls: 0.0053  decode.d3.loss_mask: 0.5187  decode.d3.loss_dice: 0.4957  decode.d4.loss_cls: 0.0051  decode.d4.loss_mask: 0.5181  decode.d4.loss_dice: 0.4915  decode.d5.loss_cls: 0.0063  decode.d5.loss_mask: 0.5167  decode.d5.loss_dice: 0.4873  decode.d6.loss_cls: 0.0059  decode.d6.loss_mask: 0.5157  decode.d6.loss_dice: 0.4876  decode.d7.loss_cls: 0.0052  decode.d7.loss_mask: 0.5162  decode.d7.loss_dice: 0.4862  decode.d8.loss_cls: 0.0061  decode.d8.loss_mask: 0.5152  decode.d8.loss_dice: 0.4795
2026/08/03 21:59:07 - mmengine - INFO - Iter(train) [22400/40000]  base_lr: 9.7755e-06 lr: 9.7755e-06  eta: 5:33:31  time: 1.1842  data_time: 0.0237  memory: 16828  grad_norm: 67.4258  loss: 10.8143  decode.loss_cls: 0.0063  decode.loss_mask: 0.5482  decode.loss_dice: 0.4949  decode.d0.loss_cls: 0.0361  decode.d0.loss_mask: 0.6201  decode.d0.loss_dice: 0.5539  decode.d1.loss_cls: 0.0124  decode.d1.loss_mask: 0.5857  decode.d1.loss_dice: 0.5092  decode.d2.loss_cls: 0.0089  decode.d2.loss_mask: 0.5755  decode.d2.loss_dice: 0.5080  decode.d3.loss_cls: 0.0063  decode.d3.loss_mask: 0.5625  decode.d3.loss_dice: 0.5010  decode.d4.loss_cls: 0.0059  decode.d4.loss_mask: 0.5577  decode.d4.loss_dice: 0.4994  decode.d5.loss_cls: 0.0061  decode.d5.loss_mask: 0.5552  decode.d5.loss_dice: 0.4925  decode.d6.loss_cls: 0.0055  decode.d6.loss_mask: 0.5502  decode.d6.loss_dice: 0.5007  decode.d7.loss_cls: 0.0076  decode.d7.loss_mask: 0.5484  decode.d7.loss_dice: 0.4931  decode.d8.loss_cls: 0.0044  decode.d8.loss_mask: 0.5515  decode.d8.loss_dice: 0.5072
2026/08/03 22:01:03 - mmengine - INFO - Iter(train) [22500/40000]  base_lr: 9.6951e-06 lr: 9.6951e-06  eta: 5:31:39  time: 1.1218  data_time: 0.0236  memory: 16845  grad_norm: 92.0525  loss: 14.7407  decode.loss_cls: 0.0144  decode.loss_mask: 0.7783  decode.loss_dice: 0.6355  decode.d0.loss_cls: 0.0429  decode.d0.loss_mask: 0.8738  decode.d0.loss_dice: 0.7799  decode.d1.loss_cls: 0.0155  decode.d1.loss_mask: 0.8080  decode.d1.loss_dice: 0.6888  decode.d2.loss_cls: 0.0183  decode.d2.loss_mask: 0.7985  decode.d2.loss_dice: 0.6645  decode.d3.loss_cls: 0.0183  decode.d3.loss_mask: 0.7876  decode.d3.loss_dice: 0.6448  decode.d4.loss_cls: 0.0150  decode.d4.loss_mask: 0.7844  decode.d4.loss_dice: 0.6494  decode.d5.loss_cls: 0.0132  decode.d5.loss_mask: 0.7809  decode.d5.loss_dice: 0.6547  decode.d6.loss_cls: 0.0139  decode.d6.loss_mask: 0.7817  decode.d6.loss_dice: 0.6381  decode.d7.loss_cls: 0.0131  decode.d7.loss_mask: 0.7758  decode.d7.loss_dice: 0.6342  decode.d8.loss_cls: 0.0140  decode.d8.loss_mask: 0.7705  decode.d8.loss_dice: 0.6324
2026/08/03 22:02:55 - mmengine - INFO - Iter(train) [22600/40000]  base_lr: 9.6148e-06 lr: 9.6148e-06  eta: 5:29:44  time: 1.1177  data_time: 0.0242  memory: 16845  grad_norm: 61.5245  loss: 14.7223  decode.loss_cls: 0.0074  decode.loss_mask: 0.8039  decode.loss_dice: 0.6444  decode.d0.loss_cls: 0.0261  decode.d0.loss_mask: 0.8582  decode.d0.loss_dice: 0.6688  decode.d1.loss_cls: 0.0100  decode.d1.loss_mask: 0.8258  decode.d1.loss_dice: 0.6542  decode.d2.loss_cls: 0.0096  decode.d2.loss_mask: 0.8145  decode.d2.loss_dice: 0.6434  decode.d3.loss_cls: 0.0087  decode.d3.loss_mask: 0.8112  decode.d3.loss_dice: 0.6447  decode.d4.loss_cls: 0.0075  decode.d4.loss_mask: 0.8147  decode.d4.loss_dice: 0.6463  decode.d5.loss_cls: 0.0073  decode.d5.loss_mask: 0.8093  decode.d5.loss_dice: 0.6433  decode.d6.loss_cls: 0.0074  decode.d6.loss_mask: 0.8058  decode.d6.loss_dice: 0.6444  decode.d7.loss_cls: 0.0073  decode.d7.loss_mask: 0.8036  decode.d7.loss_dice: 0.6437  decode.d8.loss_cls: 0.0078  decode.d8.loss_mask: 0.8012  decode.d8.loss_dice: 0.6416
2026/08/03 22:04:48 - mmengine - INFO - Iter(train) [22700/40000]  base_lr: 9.5345e-06 lr: 9.5345e-06  eta: 5:27:50  time: 1.1253  data_time: 0.0230  memory: 16838  grad_norm: 69.0275  loss: 11.9921  decode.loss_cls: 0.0066  decode.loss_mask: 0.6062  decode.loss_dice: 0.5525  decode.d0.loss_cls: 0.0326  decode.d0.loss_mask: 0.6723  decode.d0.loss_dice: 0.6435  decode.d1.loss_cls: 0.0107  decode.d1.loss_mask: 0.6304  decode.d1.loss_dice: 0.5853  decode.d2.loss_cls: 0.0076  decode.d2.loss_mask: 0.6198  decode.d2.loss_dice: 0.5764  decode.d3.loss_cls: 0.0074  decode.d3.loss_mask: 0.6153  decode.d3.loss_dice: 0.5600  decode.d4.loss_cls: 0.0071  decode.d4.loss_mask: 0.6125  decode.d4.loss_dice: 0.5581  decode.d5.loss_cls: 0.0071  decode.d5.loss_mask: 0.6116  decode.d5.loss_dice: 0.5594  decode.d6.loss_cls: 0.0066  decode.d6.loss_mask: 0.6093  decode.d6.loss_dice: 0.5527  decode.d7.loss_cls: 0.0055  decode.d7.loss_mask: 0.6067  decode.d7.loss_dice: 0.5619  decode.d8.loss_cls: 0.0070  decode.d8.loss_mask: 0.6066  decode.d8.loss_dice: 0.5535
2026/08/03 22:06:42 - mmengine - INFO - Iter(train) [22800/40000]  base_lr: 9.4543e-06 lr: 9.4543e-06  eta: 5:25:56  time: 1.1215  data_time: 0.0251  memory: 16828  grad_norm: 62.2480  loss: 10.7733  decode.loss_cls: 0.0187  decode.loss_mask: 0.5358  decode.loss_dice: 0.4814  decode.d0.loss_cls: 0.0543  decode.d0.loss_mask: 0.5893  decode.d0.loss_dice: 0.5914  decode.d1.loss_cls: 0.0287  decode.d1.loss_mask: 0.5532  decode.d1.loss_dice: 0.5145  decode.d2.loss_cls: 0.0244  decode.d2.loss_mask: 0.5526  decode.d2.loss_dice: 0.5040  decode.d3.loss_cls: 0.0230  decode.d3.loss_mask: 0.5479  decode.d3.loss_dice: 0.4937  decode.d4.loss_cls: 0.0204  decode.d4.loss_mask: 0.5450  decode.d4.loss_dice: 0.4948  decode.d5.loss_cls: 0.0193  decode.d5.loss_mask: 0.5432  decode.d5.loss_dice: 0.4829  decode.d6.loss_cls: 0.0197  decode.d6.loss_mask: 0.5447  decode.d6.loss_dice: 0.4914  decode.d7.loss_cls: 0.0187  decode.d7.loss_mask: 0.5445  decode.d7.loss_dice: 0.4887  decode.d8.loss_cls: 0.0174  decode.d8.loss_mask: 0.5420  decode.d8.loss_dice: 0.4878
2026/08/03 22:08:38 - mmengine - INFO - Iter(train) [22900/40000]  base_lr: 9.3742e-06 lr: 9.3742e-06  eta: 5:24:05  time: 1.4803  data_time: 0.3889  memory: 16845  grad_norm: 66.7828  loss: 11.7452  decode.loss_cls: 0.0033  decode.loss_mask: 0.6355  decode.loss_dice: 0.4927  decode.d0.loss_cls: 0.0404  decode.d0.loss_mask: 0.7185  decode.d0.loss_dice: 0.6080  decode.d1.loss_cls: 0.0070  decode.d1.loss_mask: 0.6668  decode.d1.loss_dice: 0.5337  decode.d2.loss_cls: 0.0052  decode.d2.loss_mask: 0.6522  decode.d2.loss_dice: 0.5108  decode.d3.loss_cls: 0.0050  decode.d3.loss_mask: 0.6491  decode.d3.loss_dice: 0.5098  decode.d4.loss_cls: 0.0042  decode.d4.loss_mask: 0.6467  decode.d4.loss_dice: 0.5056  decode.d5.loss_cls: 0.0049  decode.d5.loss_mask: 0.6377  decode.d5.loss_dice: 0.5022  decode.d6.loss_cls: 0.0037  decode.d6.loss_mask: 0.6385  decode.d6.loss_dice: 0.4929  decode.d7.loss_cls: 0.0034  decode.d7.loss_mask: 0.6359  decode.d7.loss_dice: 0.4949  decode.d8.loss_cls: 0.0036  decode.d8.loss_mask: 0.6362  decode.d8.loss_dice: 0.4970
2026/08/03 22:10:31 - mmengine - INFO - Exp name: dinov3_m2f_gram_4999_v2_20260803_142922
2026/08/03 22:10:31 - mmengine - INFO - Iter(train) [23000/40000]  base_lr: 9.2941e-06 lr: 9.2941e-06  eta: 5:22:10  time: 1.1252  data_time: 0.0242  memory: 16829  grad_norm: 58.3967  loss: 13.4415  decode.loss_cls: 0.0063  decode.loss_mask: 0.7190  decode.loss_dice: 0.6030  decode.d0.loss_cls: 0.0248  decode.d0.loss_mask: 0.7886  decode.d0.loss_dice: 0.6593  decode.d1.loss_cls: 0.0089  decode.d1.loss_mask: 0.7268  decode.d1.loss_dice: 0.6237  decode.d2.loss_cls: 0.0075  decode.d2.loss_mask: 0.7228  decode.d2.loss_dice: 0.6092  decode.d3.loss_cls: 0.0076  decode.d3.loss_mask: 0.7186  decode.d3.loss_dice: 0.6041  decode.d4.loss_cls: 0.0073  decode.d4.loss_mask: 0.7172  decode.d4.loss_dice: 0.6011  decode.d5.loss_cls: 0.0077  decode.d5.loss_mask: 0.7197  decode.d5.loss_dice: 0.6021  decode.d6.loss_cls: 0.0056  decode.d6.loss_mask: 0.7173  decode.d6.loss_dice: 0.5933  decode.d7.loss_cls: 0.0047  decode.d7.loss_mask: 0.7193  decode.d7.loss_dice: 0.5955  decode.d8.loss_cls: 0.0054  decode.d8.loss_mask: 0.7194  decode.d8.loss_dice: 0.5955
2026/08/03 22:12:23 - mmengine - INFO - Iter(train) [23100/40000]  base_lr: 9.2142e-06 lr: 9.2142e-06  eta: 5:20:16  time: 1.1202  data_time: 0.0236  memory: 16845  grad_norm: 79.1157  loss: 15.2563  decode.loss_cls: 0.0065  decode.loss_mask: 0.8057  decode.loss_dice: 0.6701  decode.d0.loss_cls: 0.0395  decode.d0.loss_mask: 0.9277  decode.d0.loss_dice: 0.7662  decode.d1.loss_cls: 0.0197  decode.d1.loss_mask: 0.8436  decode.d1.loss_dice: 0.7056  decode.d2.loss_cls: 0.0135  decode.d2.loss_mask: 0.8112  decode.d2.loss_dice: 0.6792  decode.d3.loss_cls: 0.0088  decode.d3.loss_mask: 0.8193  decode.d3.loss_dice: 0.6888  decode.d4.loss_cls: 0.0080  decode.d4.loss_mask: 0.8098  decode.d4.loss_dice: 0.6778  decode.d5.loss_cls: 0.0077  decode.d5.loss_mask: 0.8031  decode.d5.loss_dice: 0.6782  decode.d6.loss_cls: 0.0084  decode.d6.loss_mask: 0.8031  decode.d6.loss_dice: 0.6784  decode.d7.loss_cls: 0.0069  decode.d7.loss_mask: 0.8048  decode.d7.loss_dice: 0.6784  decode.d8.loss_cls: 0.0066  decode.d8.loss_mask: 0.8060  decode.d8.loss_dice: 0.6739
2026/08/03 22:14:16 - mmengine - INFO - Iter(train) [23200/40000]  base_lr: 9.1343e-06 lr: 9.1343e-06  eta: 5:18:21  time: 1.1164  data_time: 0.0237  memory: 16812  grad_norm: 75.9857  loss: 15.1050  decode.loss_cls: 0.0110  decode.loss_mask: 0.8166  decode.loss_dice: 0.6393  decode.d0.loss_cls: 0.0301  decode.d0.loss_mask: 0.9696  decode.d0.loss_dice: 0.7251  decode.d1.loss_cls: 0.0099  decode.d1.loss_mask: 0.8683  decode.d1.loss_dice: 0.6826  decode.d2.loss_cls: 0.0077  decode.d2.loss_mask: 0.8465  decode.d2.loss_dice: 0.6707  decode.d3.loss_cls: 0.0079  decode.d3.loss_mask: 0.8322  decode.d3.loss_dice: 0.6490  decode.d4.loss_cls: 0.0085  decode.d4.loss_mask: 0.8296  decode.d4.loss_dice: 0.6534  decode.d5.loss_cls: 0.0087  decode.d5.loss_mask: 0.8179  decode.d5.loss_dice: 0.6373  decode.d6.loss_cls: 0.0078  decode.d6.loss_mask: 0.8204  decode.d6.loss_dice: 0.6323  decode.d7.loss_cls: 0.0093  decode.d7.loss_mask: 0.8174  decode.d7.loss_dice: 0.6331  decode.d8.loss_cls: 0.0091  decode.d8.loss_mask: 0.8167  decode.d8.loss_dice: 0.6372
2026/08/03 22:16:08 - mmengine - INFO - Iter(train) [23300/40000]  base_lr: 9.0545e-06 lr: 9.0545e-06  eta: 5:16:26  time: 1.1235  data_time: 0.0231  memory: 16845  grad_norm: 61.9567  loss: 14.5970  decode.loss_cls: 0.0020  decode.loss_mask: 0.7924  decode.loss_dice: 0.6391  decode.d0.loss_cls: 0.0213  decode.d0.loss_mask: 0.8522  decode.d0.loss_dice: 0.6836  decode.d1.loss_cls: 0.0080  decode.d1.loss_mask: 0.8078  decode.d1.loss_dice: 0.6660  decode.d2.loss_cls: 0.0045  decode.d2.loss_mask: 0.7955  decode.d2.loss_dice: 0.6554  decode.d3.loss_cls: 0.0028  decode.d3.loss_mask: 0.7953  decode.d3.loss_dice: 0.6520  decode.d4.loss_cls: 0.0026  decode.d4.loss_mask: 0.7967  decode.d4.loss_dice: 0.6508  decode.d5.loss_cls: 0.0023  decode.d5.loss_mask: 0.7939  decode.d5.loss_dice: 0.6459  decode.d6.loss_cls: 0.0028  decode.d6.loss_mask: 0.7976  decode.d6.loss_dice: 0.6490  decode.d7.loss_cls: 0.0022  decode.d7.loss_mask: 0.7946  decode.d7.loss_dice: 0.6461  decode.d8.loss_cls: 0.0020  decode.d8.loss_mask: 0.7894  decode.d8.loss_dice: 0.6435
2026/08/03 22:18:04 - mmengine - INFO - Iter(train) [23400/40000]  base_lr: 8.9748e-06 lr: 8.9748e-06  eta: 5:14:34  time: 1.1209  data_time: 0.0230  memory: 16845  grad_norm: 64.3821  loss: 15.1128  decode.loss_cls: 0.0071  decode.loss_mask: 0.8433  decode.loss_dice: 0.6520  decode.d0.loss_cls: 0.0292  decode.d0.loss_mask: 0.8923  decode.d0.loss_dice: 0.6727  decode.d1.loss_cls: 0.0114  decode.d1.loss_mask: 0.8571  decode.d1.loss_dice: 0.6570  decode.d2.loss_cls: 0.0091  decode.d2.loss_mask: 0.8522  decode.d2.loss_dice: 0.6536  decode.d3.loss_cls: 0.0085  decode.d3.loss_mask: 0.8514  decode.d3.loss_dice: 0.6464  decode.d4.loss_cls: 0.0083  decode.d4.loss_mask: 0.8438  decode.d4.loss_dice: 0.6435  decode.d5.loss_cls: 0.0076  decode.d5.loss_mask: 0.8386  decode.d5.loss_dice: 0.6443  decode.d6.loss_cls: 0.0075  decode.d6.loss_mask: 0.8323  decode.d6.loss_dice: 0.6433  decode.d7.loss_cls: 0.0076  decode.d7.loss_mask: 0.8370  decode.d7.loss_dice: 0.6552  decode.d8.loss_cls: 0.0071  decode.d8.loss_mask: 0.8406  decode.d8.loss_dice: 0.6526
2026/08/03 22:19:57 - mmengine - INFO - Iter(train) [23500/40000]  base_lr: 8.8953e-06 lr: 8.8953e-06  eta: 5:12:40  time: 1.1272  data_time: 0.0234  memory: 16845  grad_norm: 84.9214  loss: 15.8886  decode.loss_cls: 0.0098  decode.loss_mask: 0.8561  decode.loss_dice: 0.6880  decode.d0.loss_cls: 0.0295  decode.d0.loss_mask: 0.9128  decode.d0.loss_dice: 0.8008  decode.d1.loss_cls: 0.0136  decode.d1.loss_mask: 0.8673  decode.d1.loss_dice: 0.7097  decode.d2.loss_cls: 0.0126  decode.d2.loss_mask: 0.8632  decode.d2.loss_dice: 0.7125  decode.d3.loss_cls: 0.0106  decode.d3.loss_mask: 0.8571  decode.d3.loss_dice: 0.7018  decode.d4.loss_cls: 0.0087  decode.d4.loss_mask: 0.8568  decode.d4.loss_dice: 0.6952  decode.d5.loss_cls: 0.0098  decode.d5.loss_mask: 0.8594  decode.d5.loss_dice: 0.7008  decode.d6.loss_cls: 0.0101  decode.d6.loss_mask: 0.8587  decode.d6.loss_dice: 0.7025  decode.d7.loss_cls: 0.0112  decode.d7.loss_mask: 0.8545  decode.d7.loss_dice: 0.6930  decode.d8.loss_cls: 0.0117  decode.d8.loss_mask: 0.8527  decode.d8.loss_dice: 0.7181
2026/08/03 22:21:50 - mmengine - INFO - Iter(train) [23600/40000]  base_lr: 8.8158e-06 lr: 8.8158e-06  eta: 5:10:46  time: 1.1108  data_time: 0.0236  memory: 16826  grad_norm: 61.9097  loss: 11.5778  decode.loss_cls: 0.0084  decode.loss_mask: 0.5908  decode.loss_dice: 0.5094  decode.d0.loss_cls: 0.0383  decode.d0.loss_mask: 0.6821  decode.d0.loss_dice: 0.6337  decode.d1.loss_cls: 0.0125  decode.d1.loss_mask: 0.6034  decode.d1.loss_dice: 0.5482  decode.d2.loss_cls: 0.0123  decode.d2.loss_mask: 0.6031  decode.d2.loss_dice: 0.5307  decode.d3.loss_cls: 0.0109  decode.d3.loss_mask: 0.6016  decode.d3.loss_dice: 0.5301  decode.d4.loss_cls: 0.0096  decode.d4.loss_mask: 0.5991  decode.d4.loss_dice: 0.5361  decode.d5.loss_cls: 0.0079  decode.d5.loss_mask: 0.5982  decode.d5.loss_dice: 0.5286  decode.d6.loss_cls: 0.0079  decode.d6.loss_mask: 0.5963  decode.d6.loss_dice: 0.5287  decode.d7.loss_cls: 0.0089  decode.d7.loss_mask: 0.5932  decode.d7.loss_dice: 0.5184  decode.d8.loss_cls: 0.0087  decode.d8.loss_mask: 0.5958  decode.d8.loss_dice: 0.5251
2026/08/03 22:23:42 - mmengine - INFO - Iter(train) [23700/40000]  base_lr: 8.7365e-06 lr: 8.7365e-06  eta: 5:08:51  time: 1.1217  data_time: 0.0235  memory: 16828  grad_norm: 58.6586  loss: 9.7541  decode.loss_cls: 0.0101  decode.loss_mask: 0.4411  decode.loss_dice: 0.4927  decode.d0.loss_cls: 0.0409  decode.d0.loss_mask: 0.5089  decode.d0.loss_dice: 0.5998  decode.d1.loss_cls: 0.0207  decode.d1.loss_mask: 0.4726  decode.d1.loss_dice: 0.5110  decode.d2.loss_cls: 0.0174  decode.d2.loss_mask: 0.4566  decode.d2.loss_dice: 0.4998  decode.d3.loss_cls: 0.0123  decode.d3.loss_mask: 0.4573  decode.d3.loss_dice: 0.4997  decode.d4.loss_cls: 0.0135  decode.d4.loss_mask: 0.4456  decode.d4.loss_dice: 0.4952  decode.d5.loss_cls: 0.0102  decode.d5.loss_mask: 0.4429  decode.d5.loss_dice: 0.4988  decode.d6.loss_cls: 0.0096  decode.d6.loss_mask: 0.4383  decode.d6.loss_dice: 0.4872  decode.d7.loss_cls: 0.0104  decode.d7.loss_mask: 0.4407  decode.d7.loss_dice: 0.4805  decode.d8.loss_cls: 0.0099  decode.d8.loss_mask: 0.4384  decode.d8.loss_dice: 0.4918
2026/08/03 22:25:38 - mmengine - INFO - Iter(train) [23800/40000]  base_lr: 8.6573e-06 lr: 8.6573e-06  eta: 5:06:59  time: 1.1186  data_time: 0.0224  memory: 16845  grad_norm: 76.7047  loss: 14.3700  decode.loss_cls: 0.0091  decode.loss_mask: 0.7737  decode.loss_dice: 0.6257  decode.d0.loss_cls: 0.0381  decode.d0.loss_mask: 0.8308  decode.d0.loss_dice: 0.6964  decode.d1.loss_cls: 0.0172  decode.d1.loss_mask: 0.7939  decode.d1.loss_dice: 0.6634  decode.d2.loss_cls: 0.0148  decode.d2.loss_mask: 0.7906  decode.d2.loss_dice: 0.6416  decode.d3.loss_cls: 0.0130  decode.d3.loss_mask: 0.7839  decode.d3.loss_dice: 0.6225  decode.d4.loss_cls: 0.0110  decode.d4.loss_mask: 0.7790  decode.d4.loss_dice: 0.6274  decode.d5.loss_cls: 0.0123  decode.d5.loss_mask: 0.7789  decode.d5.loss_dice: 0.6123  decode.d6.loss_cls: 0.0115  decode.d6.loss_mask: 0.7771  decode.d6.loss_dice: 0.6206  decode.d7.loss_cls: 0.0115  decode.d7.loss_mask: 0.7741  decode.d7.loss_dice: 0.6270  decode.d8.loss_cls: 0.0103  decode.d8.loss_mask: 0.7744  decode.d8.loss_dice: 0.6280
2026/08/03 22:27:30 - mmengine - INFO - Iter(train) [23900/40000]  base_lr: 8.5783e-06 lr: 8.5783e-06  eta: 5:05:04  time: 1.1173  data_time: 0.0237  memory: 16845  grad_norm: 60.7513  loss: 14.5059  decode.loss_cls: 0.0043  decode.loss_mask: 0.8020  decode.loss_dice: 0.6260  decode.d0.loss_cls: 0.0231  decode.d0.loss_mask: 0.8438  decode.d0.loss_dice: 0.6578  decode.d1.loss_cls: 0.0075  decode.d1.loss_mask: 0.8178  decode.d1.loss_dice: 0.6394  decode.d2.loss_cls: 0.0083  decode.d2.loss_mask: 0.8124  decode.d2.loss_dice: 0.6284  decode.d3.loss_cls: 0.0068  decode.d3.loss_mask: 0.8117  decode.d3.loss_dice: 0.6298  decode.d4.loss_cls: 0.0066  decode.d4.loss_mask: 0.8052  decode.d4.loss_dice: 0.6317  decode.d5.loss_cls: 0.0057  decode.d5.loss_mask: 0.8042  decode.d5.loss_dice: 0.6251  decode.d6.loss_cls: 0.0043  decode.d6.loss_mask: 0.8044  decode.d6.loss_dice: 0.6285  decode.d7.loss_cls: 0.0053  decode.d7.loss_mask: 0.8020  decode.d7.loss_dice: 0.6291  decode.d8.loss_cls: 0.0044  decode.d8.loss_mask: 0.8025  decode.d8.loss_dice: 0.6276
2026/08/03 22:29:23 - mmengine - INFO - Exp name: dinov3_m2f_gram_4999_v2_20260803_142922
2026/08/03 22:29:23 - mmengine - INFO - Iter(train) [24000/40000]  base_lr: 8.4993e-06 lr: 8.4993e-06  eta: 5:03:10  time: 1.1154  data_time: 0.0227  memory: 16838  grad_norm: 72.2065  loss: 12.6726  decode.loss_cls: 0.0066  decode.loss_mask: 0.6507  decode.loss_dice: 0.5747  decode.d0.loss_cls: 0.0290  decode.d0.loss_mask: 0.7011  decode.d0.loss_dice: 0.6678  decode.d1.loss_cls: 0.0108  decode.d1.loss_mask: 0.6815  decode.d1.loss_dice: 0.6126  decode.d2.loss_cls: 0.0079  decode.d2.loss_mask: 0.6664  decode.d2.loss_dice: 0.6028  decode.d3.loss_cls: 0.0061  decode.d3.loss_mask: 0.6617  decode.d3.loss_dice: 0.5865  decode.d4.loss_cls: 0.0058  decode.d4.loss_mask: 0.6609  decode.d4.loss_dice: 0.5856  decode.d5.loss_cls: 0.0063  decode.d5.loss_mask: 0.6577  decode.d5.loss_dice: 0.5781  decode.d6.loss_cls: 0.0061  decode.d6.loss_mask: 0.6535  decode.d6.loss_dice: 0.5832  decode.d7.loss_cls: 0.0069  decode.d7.loss_mask: 0.6508  decode.d7.loss_dice: 0.5718  decode.d8.loss_cls: 0.0055  decode.d8.loss_mask: 0.6527  decode.d8.loss_dice: 0.5814
2026/08/03 22:29:23 - mmengine - INFO - Saving checkpoint at 24000 iterations
2026/08/03 22:30:31 - mmengine - INFO - Iter(val) [100/252]    eta: 0:01:03  time: 0.4060  data_time: 0.0140  memory: 4705  
2026/08/03 22:31:12 - mmengine - INFO - Iter(val) [200/252]    eta: 0:00:21  time: 0.4062  data_time: 0.0135  memory: 4705  
2026/08/03 22:31:37 - mmengine - INFO - per class results:
2026/08/03 22:31:37 - mmengine - INFO - 
+--------------------+-------+-------+--------+-----------+--------+
|       Class        |  IoU  |  Acc  | Fscore | Precision | Recall |
+--------------------+-------+-------+--------+-----------+--------+
| impervious_surface | 86.62 | 90.39 | 92.83  |   95.41   | 90.39  |
|      building      | 95.24 | 98.96 | 97.56  |    96.2   | 98.96  |
|   low_vegetation   | 80.16 | 94.92 | 88.99  |   83.75   | 94.92  |
|        tree        |  79.6 |  83.1 | 88.64  |   94.98   |  83.1  |
|        car         |  93.9 | 96.15 | 96.85  |   97.57   | 96.15  |
+--------------------+-------+-------+--------+-----------+--------+
2026/08/03 22:31:37 - mmengine - INFO - Iter(val) [252/252]    aAcc: 91.4800  mIoU: 87.1000  mAcc: 92.7000  mFscore: 92.9700  mPrecision: 93.5800  mRecall: 92.7000  data_time: 0.0199  time: 0.4124
2026/08/03 22:33:29 - mmengine - INFO - Iter(train) [24100/40000]  base_lr: 8.4206e-06 lr: 8.4206e-06  eta: 5:01:17  time: 1.1165  data_time: 0.0232  memory: 16828  grad_norm: 71.8319  loss: 11.8897  decode.loss_cls: 0.0133  decode.loss_mask: 0.6114  decode.loss_dice: 0.5355  decode.d0.loss_cls: 0.0347  decode.d0.loss_mask: 0.6487  decode.d0.loss_dice: 0.6273  decode.d1.loss_cls: 0.0190  decode.d1.loss_mask: 0.6243  decode.d1.loss_dice: 0.5669  decode.d2.loss_cls: 0.0167  decode.d2.loss_mask: 0.6227  decode.d2.loss_dice: 0.5473  decode.d3.loss_cls: 0.0144  decode.d3.loss_mask: 0.6214  decode.d3.loss_dice: 0.5442  decode.d4.loss_cls: 0.0145  decode.d4.loss_mask: 0.6196  decode.d4.loss_dice: 0.5449  decode.d5.loss_cls: 0.0146  decode.d5.loss_mask: 0.6185  decode.d5.loss_dice: 0.5386  decode.d6.loss_cls: 0.0148  decode.d6.loss_mask: 0.6178  decode.d6.loss_dice: 0.5355  decode.d7.loss_cls: 0.0132  decode.d7.loss_mask: 0.6193  decode.d7.loss_dice: 0.5342  decode.d8.loss_cls: 0.0134  decode.d8.loss_mask: 0.6151  decode.d8.loss_dice: 0.5277
2026/08/03 22:35:25 - mmengine - INFO - Iter(train) [24200/40000]  base_lr: 8.3419e-06 lr: 8.3419e-06  eta: 4:59:25  time: 1.5327  data_time: 0.4035  memory: 16845  grad_norm: 94.7889  loss: 11.9309  decode.loss_cls: 0.0074  decode.loss_mask: 0.6454  decode.loss_dice: 0.4822  decode.d0.loss_cls: 0.0429  decode.d0.loss_mask: 0.7855  decode.d0.loss_dice: 0.6400  decode.d1.loss_cls: 0.0111  decode.d1.loss_mask: 0.6889  decode.d1.loss_dice: 0.5338  decode.d2.loss_cls: 0.0112  decode.d2.loss_mask: 0.6623  decode.d2.loss_dice: 0.4943  decode.d3.loss_cls: 0.0105  decode.d3.loss_mask: 0.6628  decode.d3.loss_dice: 0.4987  decode.d4.loss_cls: 0.0093  decode.d4.loss_mask: 0.6634  decode.d4.loss_dice: 0.5006  decode.d5.loss_cls: 0.0095  decode.d5.loss_mask: 0.6501  decode.d5.loss_dice: 0.4912  decode.d6.loss_cls: 0.0085  decode.d6.loss_mask: 0.6475  decode.d6.loss_dice: 0.4838  decode.d7.loss_cls: 0.0072  decode.d7.loss_mask: 0.6527  decode.d7.loss_dice: 0.4901  decode.d8.loss_cls: 0.0086  decode.d8.loss_mask: 0.6481  decode.d8.loss_dice: 0.4832
2026/08/03 22:37:18 - mmengine - INFO - Iter(train) [24300/40000]  base_lr: 8.2634e-06 lr: 8.2634e-06  eta: 4:57:31  time: 1.1201  data_time: 0.0233  memory: 16829  grad_norm: 59.6361  loss: 13.6719  decode.loss_cls: 0.0045  decode.loss_mask: 0.7358  decode.loss_dice: 0.6085  decode.d0.loss_cls: 0.0276  decode.d0.loss_mask: 0.7949  decode.d0.loss_dice: 0.6470  decode.d1.loss_cls: 0.0099  decode.d1.loss_mask: 0.7427  decode.d1.loss_dice: 0.6240  decode.d2.loss_cls: 0.0075  decode.d2.loss_mask: 0.7362  decode.d2.loss_dice: 0.6173  decode.d3.loss_cls: 0.0070  decode.d3.loss_mask: 0.7350  decode.d3.loss_dice: 0.6124  decode.d4.loss_cls: 0.0063  decode.d4.loss_mask: 0.7335  decode.d4.loss_dice: 0.6085  decode.d5.loss_cls: 0.0064  decode.d5.loss_mask: 0.7351  decode.d5.loss_dice: 0.6127  decode.d6.loss_cls: 0.0052  decode.d6.loss_mask: 0.7335  decode.d6.loss_dice: 0.6132  decode.d7.loss_cls: 0.0048  decode.d7.loss_mask: 0.7366  decode.d7.loss_dice: 0.6100  decode.d8.loss_cls: 0.0046  decode.d8.loss_mask: 0.7371  decode.d8.loss_dice: 0.6142
2026/08/03 22:39:10 - mmengine - INFO - Iter(train) [24400/40000]  base_lr: 8.1851e-06 lr: 8.1851e-06  eta: 4:55:36  time: 1.1479  data_time: 0.0224  memory: 16845  grad_norm: 74.3777  loss: 13.9195  decode.loss_cls: 0.0069  decode.loss_mask: 0.7612  decode.loss_dice: 0.5764  decode.d0.loss_cls: 0.0442  decode.d0.loss_mask: 0.9293  decode.d0.loss_dice: 0.6790  decode.d1.loss_cls: 0.0164  decode.d1.loss_mask: 0.8209  decode.d1.loss_dice: 0.6136  decode.d2.loss_cls: 0.0140  decode.d2.loss_mask: 0.7847  decode.d2.loss_dice: 0.5854  decode.d3.loss_cls: 0.0092  decode.d3.loss_mask: 0.7749  decode.d3.loss_dice: 0.5817  decode.d4.loss_cls: 0.0094  decode.d4.loss_mask: 0.7651  decode.d4.loss_dice: 0.5806  decode.d5.loss_cls: 0.0099  decode.d5.loss_mask: 0.7601  decode.d5.loss_dice: 0.5793  decode.d6.loss_cls: 0.0091  decode.d6.loss_mask: 0.7542  decode.d6.loss_dice: 0.5759  decode.d7.loss_cls: 0.0079  decode.d7.loss_mask: 0.7555  decode.d7.loss_dice: 0.5698  decode.d8.loss_cls: 0.0083  decode.d8.loss_mask: 0.7593  decode.d8.loss_dice: 0.5773
2026/08/03 22:41:03 - mmengine - INFO - Iter(train) [24500/40000]  base_lr: 8.1070e-06 lr: 8.1070e-06  eta: 4:53:42  time: 1.1173  data_time: 0.0237  memory: 16812  grad_norm: 84.4148  loss: 16.4273  decode.loss_cls: 0.0082  decode.loss_mask: 0.8998  decode.loss_dice: 0.6945  decode.d0.loss_cls: 0.0307  decode.d0.loss_mask: 1.0590  decode.d0.loss_dice: 0.7891  decode.d1.loss_cls: 0.0122  decode.d1.loss_mask: 0.9443  decode.d1.loss_dice: 0.7294  decode.d2.loss_cls: 0.0112  decode.d2.loss_mask: 0.9256  decode.d2.loss_dice: 0.7101  decode.d3.loss_cls: 0.0110  decode.d3.loss_mask: 0.9080  decode.d3.loss_dice: 0.7001  decode.d4.loss_cls: 0.0078  decode.d4.loss_mask: 0.9107  decode.d4.loss_dice: 0.6918  decode.d5.loss_cls: 0.0084  decode.d5.loss_mask: 0.9033  decode.d5.loss_dice: 0.6854  decode.d6.loss_cls: 0.0074  decode.d6.loss_mask: 0.9031  decode.d6.loss_dice: 0.6867  decode.d7.loss_cls: 0.0075  decode.d7.loss_mask: 0.9019  decode.d7.loss_dice: 0.6882  decode.d8.loss_cls: 0.0077  decode.d8.loss_mask: 0.8963  decode.d8.loss_dice: 0.6877
2026/08/03 22:42:55 - mmengine - INFO - Iter(train) [24600/40000]  base_lr: 8.0290e-06 lr: 8.0290e-06  eta: 4:51:47  time: 1.1479  data_time: 0.0231  memory: 16845  grad_norm: 64.1865  loss: 13.9433  decode.loss_cls: 0.0059  decode.loss_mask: 0.7379  decode.loss_dice: 0.6020  decode.d0.loss_cls: 0.0268  decode.d0.loss_mask: 0.8607  decode.d0.loss_dice: 0.7123  decode.d1.loss_cls: 0.0126  decode.d1.loss_mask: 0.7675  decode.d1.loss_dice: 0.6534  decode.d2.loss_cls: 0.0079  decode.d2.loss_mask: 0.7508  decode.d2.loss_dice: 0.6364  decode.d3.loss_cls: 0.0070  decode.d3.loss_mask: 0.7463  decode.d3.loss_dice: 0.6272  decode.d4.loss_cls: 0.0065  decode.d4.loss_mask: 0.7416  decode.d4.loss_dice: 0.6194  decode.d5.loss_cls: 0.0066  decode.d5.loss_mask: 0.7406  decode.d5.loss_dice: 0.6158  decode.d6.loss_cls: 0.0061  decode.d6.loss_mask: 0.7431  decode.d6.loss_dice: 0.6073  decode.d7.loss_cls: 0.0059  decode.d7.loss_mask: 0.7368  decode.d7.loss_dice: 0.6071  decode.d8.loss_cls: 0.0059  decode.d8.loss_mask: 0.7357  decode.d8.loss_dice: 0.6103
2026/08/03 22:44:52 - mmengine - INFO - Iter(train) [24700/40000]  base_lr: 7.9512e-06 lr: 7.9512e-06  eta: 4:49:55  time: 1.1202  data_time: 0.0238  memory: 16845  grad_norm: 63.8850  loss: 13.5801  decode.loss_cls: 0.0072  decode.loss_mask: 0.7537  decode.loss_dice: 0.5752  decode.d0.loss_cls: 0.0307  decode.d0.loss_mask: 0.7854  decode.d0.loss_dice: 0.6087  decode.d1.loss_cls: 0.0114  decode.d1.loss_mask: 0.7683  decode.d1.loss_dice: 0.5975  decode.d2.loss_cls: 0.0087  decode.d2.loss_mask: 0.7662  decode.d2.loss_dice: 0.5960  decode.d3.loss_cls: 0.0076  decode.d3.loss_mask: 0.7658  decode.d3.loss_dice: 0.5862  decode.d4.loss_cls: 0.0077  decode.d4.loss_mask: 0.7618  decode.d4.loss_dice: 0.5815  decode.d5.loss_cls: 0.0070  decode.d5.loss_mask: 0.7556  decode.d5.loss_dice: 0.5926  decode.d6.loss_cls: 0.0069  decode.d6.loss_mask: 0.7518  decode.d6.loss_dice: 0.5708  decode.d7.loss_cls: 0.0067  decode.d7.loss_mask: 0.7522  decode.d7.loss_dice: 0.5815  decode.d8.loss_cls: 0.0067  decode.d8.loss_mask: 0.7528  decode.d8.loss_dice: 0.5762
2026/08/03 22:46:44 - mmengine - INFO - Iter(train) [24800/40000]  base_lr: 7.8736e-06 lr: 7.8736e-06  eta: 4:48:01  time: 1.1220  data_time: 0.0248  memory: 16845  grad_norm: 64.8600  loss: 13.4798  decode.loss_cls: 0.0072  decode.loss_mask: 0.7207  decode.loss_dice: 0.5982  decode.d0.loss_cls: 0.0251  decode.d0.loss_mask: 0.7824  decode.d0.loss_dice: 0.6697  decode.d1.loss_cls: 0.0106  decode.d1.loss_mask: 0.7373  decode.d1.loss_dice: 0.6065  decode.d2.loss_cls: 0.0097  decode.d2.loss_mask: 0.7347  decode.d2.loss_dice: 0.6052  decode.d3.loss_cls: 0.0091  decode.d3.loss_mask: 0.7328  decode.d3.loss_dice: 0.5980  decode.d4.loss_cls: 0.0090  decode.d4.loss_mask: 0.7272  decode.d4.loss_dice: 0.5949  decode.d5.loss_cls: 0.0072  decode.d5.loss_mask: 0.7239  decode.d5.loss_dice: 0.5959  decode.d6.loss_cls: 0.0069  decode.d6.loss_mask: 0.7228  decode.d6.loss_dice: 0.5921  decode.d7.loss_cls: 0.0081  decode.d7.loss_mask: 0.7194  decode.d7.loss_dice: 0.5986  decode.d8.loss_cls: 0.0083  decode.d8.loss_mask: 0.7182  decode.d8.loss_dice: 0.6003
2026/08/03 22:48:37 - mmengine - INFO - Iter(train) [24900/40000]  base_lr: 7.7962e-06 lr: 7.7962e-06  eta: 4:46:06  time: 1.1151  data_time: 0.0235  memory: 16826  grad_norm: 79.0780  loss: 14.7631  decode.loss_cls: 0.0124  decode.loss_mask: 0.7762  decode.loss_dice: 0.6168  decode.d0.loss_cls: 0.0533  decode.d0.loss_mask: 0.9764  decode.d0.loss_dice: 0.8372  decode.d1.loss_cls: 0.0208  decode.d1.loss_mask: 0.8154  decode.d1.loss_dice: 0.6550  decode.d2.loss_cls: 0.0178  decode.d2.loss_mask: 0.8024  decode.d2.loss_dice: 0.6434  decode.d3.loss_cls: 0.0157  decode.d3.loss_mask: 0.7881  decode.d3.loss_dice: 0.6313  decode.d4.loss_cls: 0.0149  decode.d4.loss_mask: 0.7846  decode.d4.loss_dice: 0.6295  decode.d5.loss_cls: 0.0132  decode.d5.loss_mask: 0.7845  decode.d5.loss_dice: 0.6244  decode.d6.loss_cls: 0.0134  decode.d6.loss_mask: 0.7778  decode.d6.loss_dice: 0.6230  decode.d7.loss_cls: 0.0120  decode.d7.loss_mask: 0.7753  decode.d7.loss_dice: 0.6275  decode.d8.loss_cls: 0.0128  decode.d8.loss_mask: 0.7808  decode.d8.loss_dice: 0.6274
2026/08/03 22:50:29 - mmengine - INFO - Exp name: dinov3_m2f_gram_4999_v2_20260803_142922
2026/08/03 22:50:29 - mmengine - INFO - Iter(train) [25000/40000]  base_lr: 7.7190e-06 lr: 7.7190e-06  eta: 4:44:12  time: 1.1216  data_time: 0.0235  memory: 16828  grad_norm: 48.8703  loss: 9.4717  decode.loss_cls: 0.0086  decode.loss_mask: 0.4150  decode.loss_dice: 0.4953  decode.d0.loss_cls: 0.0346  decode.d0.loss_mask: 0.4493  decode.d0.loss_dice: 0.6054  decode.d1.loss_cls: 0.0199  decode.d1.loss_mask: 0.4355  decode.d1.loss_dice: 0.5004  decode.d2.loss_cls: 0.0151  decode.d2.loss_mask: 0.4282  decode.d2.loss_dice: 0.5157  decode.d3.loss_cls: 0.0107  decode.d3.loss_mask: 0.4243  decode.d3.loss_dice: 0.5023  decode.d4.loss_cls: 0.0098  decode.d4.loss_mask: 0.4180  decode.d4.loss_dice: 0.5034  decode.d5.loss_cls: 0.0094  decode.d5.loss_mask: 0.4154  decode.d5.loss_dice: 0.4908  decode.d6.loss_cls: 0.0082  decode.d6.loss_mask: 0.4157  decode.d6.loss_dice: 0.4951  decode.d7.loss_cls: 0.0097  decode.d7.loss_mask: 0.4120  decode.d7.loss_dice: 0.4886  decode.d8.loss_cls: 0.0093  decode.d8.loss_mask: 0.4152  decode.d8.loss_dice: 0.5109
2026/08/03 22:52:25 - mmengine - INFO - Iter(train) [25100/40000]  base_lr: 7.6419e-06 lr: 7.6419e-06  eta: 4:42:20  time: 1.1249  data_time: 0.0233  memory: 16845  grad_norm: 73.2526  loss: 14.0649  decode.loss_cls: 0.0069  decode.loss_mask: 0.7841  decode.loss_dice: 0.5917  decode.d0.loss_cls: 0.0331  decode.d0.loss_mask: 0.8372  decode.d0.loss_dice: 0.6416  decode.d1.loss_cls: 0.0130  decode.d1.loss_mask: 0.7979  decode.d1.loss_dice: 0.6142  decode.d2.loss_cls: 0.0103  decode.d2.loss_mask: 0.7869  decode.d2.loss_dice: 0.6024  decode.d3.loss_cls: 0.0088  decode.d3.loss_mask: 0.7903  decode.d3.loss_dice: 0.5967  decode.d4.loss_cls: 0.0072  decode.d4.loss_mask: 0.7915  decode.d4.loss_dice: 0.5909  decode.d5.loss_cls: 0.0070  decode.d5.loss_mask: 0.7889  decode.d5.loss_dice: 0.5931  decode.d6.loss_cls: 0.0061  decode.d6.loss_mask: 0.7915  decode.d6.loss_dice: 0.5938  decode.d7.loss_cls: 0.0069  decode.d7.loss_mask: 0.7869  decode.d7.loss_dice: 0.5960  decode.d8.loss_cls: 0.0061  decode.d8.loss_mask: 0.7873  decode.d8.loss_dice: 0.5966
2026/08/03 22:54:17 - mmengine - INFO - Iter(train) [25200/40000]  base_lr: 7.5651e-06 lr: 7.5651e-06  eta: 4:40:25  time: 1.1161  data_time: 0.0238  memory: 16845  grad_norm: 59.6469  loss: 13.9373  decode.loss_cls: 0.0033  decode.loss_mask: 0.7733  decode.loss_dice: 0.5969  decode.d0.loss_cls: 0.0222  decode.d0.loss_mask: 0.8143  decode.d0.loss_dice: 0.6371  decode.d1.loss_cls: 0.0066  decode.d1.loss_mask: 0.7943  decode.d1.loss_dice: 0.6212  decode.d2.loss_cls: 0.0052  decode.d2.loss_mask: 0.7852  decode.d2.loss_dice: 0.6026  decode.d3.loss_cls: 0.0046  decode.d3.loss_mask: 0.7823  decode.d3.loss_dice: 0.5996  decode.d4.loss_cls: 0.0035  decode.d4.loss_mask: 0.7831  decode.d4.loss_dice: 0.5982  decode.d5.loss_cls: 0.0036  decode.d5.loss_mask: 0.7783  decode.d5.loss_dice: 0.5987  decode.d6.loss_cls: 0.0033  decode.d6.loss_mask: 0.7738  decode.d6.loss_dice: 0.5952  decode.d7.loss_cls: 0.0033  decode.d7.loss_mask: 0.7785  decode.d7.loss_dice: 0.5955  decode.d8.loss_cls: 0.0034  decode.d8.loss_mask: 0.7750  decode.d8.loss_dice: 0.5952
2026/08/03 22:56:09 - mmengine - INFO - Iter(train) [25300/40000]  base_lr: 7.4885e-06 lr: 7.4885e-06  eta: 4:38:31  time: 1.1202  data_time: 0.0241  memory: 16838  grad_norm: 59.3283  loss: 10.6511  decode.loss_cls: 0.0060  decode.loss_mask: 0.5511  decode.loss_dice: 0.4841  decode.d0.loss_cls: 0.0291  decode.d0.loss_mask: 0.5852  decode.d0.loss_dice: 0.5565  decode.d1.loss_cls: 0.0113  decode.d1.loss_mask: 0.5661  decode.d1.loss_dice: 0.5147  decode.d2.loss_cls: 0.0102  decode.d2.loss_mask: 0.5545  decode.d2.loss_dice: 0.5010  decode.d3.loss_cls: 0.0079  decode.d3.loss_mask: 0.5503  decode.d3.loss_dice: 0.4919  decode.d4.loss_cls: 0.0061  decode.d4.loss_mask: 0.5541  decode.d4.loss_dice: 0.4900  decode.d5.loss_cls: 0.0074  decode.d5.loss_mask: 0.5573  decode.d5.loss_dice: 0.4884  decode.d6.loss_cls: 0.0056  decode.d6.loss_mask: 0.5538  decode.d6.loss_dice: 0.4864  decode.d7.loss_cls: 0.0046  decode.d7.loss_mask: 0.5505  decode.d7.loss_dice: 0.4832  decode.d8.loss_cls: 0.0064  decode.d8.loss_mask: 0.5511  decode.d8.loss_dice: 0.4861
2026/08/03 22:58:01 - mmengine - INFO - Iter(train) [25400/40000]  base_lr: 7.4121e-06 lr: 7.4121e-06  eta: 4:36:36  time: 1.1163  data_time: 0.0240  memory: 16828  grad_norm: 69.7895  loss: 11.9019  decode.loss_cls: 0.0132  decode.loss_mask: 0.6205  decode.loss_dice: 0.5355  decode.d0.loss_cls: 0.0376  decode.d0.loss_mask: 0.6543  decode.d0.loss_dice: 0.6090  decode.d1.loss_cls: 0.0176  decode.d1.loss_mask: 0.6293  decode.d1.loss_dice: 0.5613  decode.d2.loss_cls: 0.0148  decode.d2.loss_mask: 0.6274  decode.d2.loss_dice: 0.5503  decode.d3.loss_cls: 0.0130  decode.d3.loss_mask: 0.6246  decode.d3.loss_dice: 0.5443  decode.d4.loss_cls: 0.0138  decode.d4.loss_mask: 0.6204  decode.d4.loss_dice: 0.5361  decode.d5.loss_cls: 0.0121  decode.d5.loss_mask: 0.6239  decode.d5.loss_dice: 0.5386  decode.d6.loss_cls: 0.0116  decode.d6.loss_mask: 0.6232  decode.d6.loss_dice: 0.5341  decode.d7.loss_cls: 0.0121  decode.d7.loss_mask: 0.6238  decode.d7.loss_dice: 0.5357  decode.d8.loss_cls: 0.0115  decode.d8.loss_mask: 0.6234  decode.d8.loss_dice: 0.5293
2026/08/03 22:59:57 - mmengine - INFO - Iter(train) [25500/40000]  base_lr: 7.3359e-06 lr: 7.3359e-06  eta: 4:34:43  time: 1.1351  data_time: 0.0240  memory: 16845  grad_norm: 99.0261  loss: 11.2036  decode.loss_cls: 0.0086  decode.loss_mask: 0.5983  decode.loss_dice: 0.4506  decode.d0.loss_cls: 0.0427  decode.d0.loss_mask: 0.7792  decode.d0.loss_dice: 0.6616  decode.d1.loss_cls: 0.0124  decode.d1.loss_mask: 0.6483  decode.d1.loss_dice: 0.5025  decode.d2.loss_cls: 0.0137  decode.d2.loss_mask: 0.5986  decode.d2.loss_dice: 0.4621  decode.d3.loss_cls: 0.0111  decode.d3.loss_mask: 0.6128  decode.d3.loss_dice: 0.4722  decode.d4.loss_cls: 0.0116  decode.d4.loss_mask: 0.6022  decode.d4.loss_dice: 0.4610  decode.d5.loss_cls: 0.0120  decode.d5.loss_mask: 0.5968  decode.d5.loss_dice: 0.4571  decode.d6.loss_cls: 0.0106  decode.d6.loss_mask: 0.5959  decode.d6.loss_dice: 0.4537  decode.d7.loss_cls: 0.0105  decode.d7.loss_mask: 0.5996  decode.d7.loss_dice: 0.4529  decode.d8.loss_cls: 0.0103  decode.d8.loss_mask: 0.5993  decode.d8.loss_dice: 0.4553
2026/08/03 23:01:50 - mmengine - INFO - Iter(train) [25600/40000]  base_lr: 7.2600e-06 lr: 7.2600e-06  eta: 4:32:49  time: 1.1334  data_time: 0.0238  memory: 16829  grad_norm: 76.5854  loss: 14.6959  decode.loss_cls: 0.0131  decode.loss_mask: 0.7893  decode.loss_dice: 0.6377  decode.d0.loss_cls: 0.0352  decode.d0.loss_mask: 0.8950  decode.d0.loss_dice: 0.7101  decode.d1.loss_cls: 0.0191  decode.d1.loss_mask: 0.8129  decode.d1.loss_dice: 0.6627  decode.d2.loss_cls: 0.0166  decode.d2.loss_mask: 0.7989  decode.d2.loss_dice: 0.6505  decode.d3.loss_cls: 0.0143  decode.d3.loss_mask: 0.7920  decode.d3.loss_dice: 0.6427  decode.d4.loss_cls: 0.0141  decode.d4.loss_mask: 0.7880  decode.d4.loss_dice: 0.6430  decode.d5.loss_cls: 0.0138  decode.d5.loss_mask: 0.7880  decode.d5.loss_dice: 0.6392  decode.d6.loss_cls: 0.0142  decode.d6.loss_mask: 0.7863  decode.d6.loss_dice: 0.6364  decode.d7.loss_cls: 0.0126  decode.d7.loss_mask: 0.7914  decode.d7.loss_dice: 0.6406  decode.d8.loss_cls: 0.0129  decode.d8.loss_mask: 0.7865  decode.d8.loss_dice: 0.6389
2026/08/03 23:03:42 - mmengine - INFO - Iter(train) [25700/40000]  base_lr: 7.1843e-06 lr: 7.1843e-06  eta: 4:30:55  time: 1.1391  data_time: 0.0237  memory: 16845  grad_norm: 56.7576  loss: 11.2920  decode.loss_cls: 0.0102  decode.loss_mask: 0.6054  decode.loss_dice: 0.4661  decode.d0.loss_cls: 0.0454  decode.d0.loss_mask: 0.7303  decode.d0.loss_dice: 0.5630  decode.d1.loss_cls: 0.0157  decode.d1.loss_mask: 0.6526  decode.d1.loss_dice: 0.4951  decode.d2.loss_cls: 0.0128  decode.d2.loss_mask: 0.6306  decode.d2.loss_dice: 0.4776  decode.d3.loss_cls: 0.0087  decode.d3.loss_mask: 0.6279  decode.d3.loss_dice: 0.4762  decode.d4.loss_cls: 0.0093  decode.d4.loss_mask: 0.6265  decode.d4.loss_dice: 0.4764  decode.d5.loss_cls: 0.0111  decode.d5.loss_mask: 0.6176  decode.d5.loss_dice: 0.4740  decode.d6.loss_cls: 0.0112  decode.d6.loss_mask: 0.6042  decode.d6.loss_dice: 0.4695  decode.d7.loss_cls: 0.0100  decode.d7.loss_mask: 0.6093  decode.d7.loss_dice: 0.4691  decode.d8.loss_cls: 0.0096  decode.d8.loss_mask: 0.6085  decode.d8.loss_dice: 0.4682
2026/08/03 23:05:35 - mmengine - INFO - Iter(train) [25800/40000]  base_lr: 7.1088e-06 lr: 7.1088e-06  eta: 4:29:01  time: 1.1239  data_time: 0.0233  memory: 16812  grad_norm: 76.4052  loss: 14.9174  decode.loss_cls: 0.0036  decode.loss_mask: 0.8075  decode.loss_dice: 0.6430  decode.d0.loss_cls: 0.0263  decode.d0.loss_mask: 0.9333  decode.d0.loss_dice: 0.7365  decode.d1.loss_cls: 0.0113  decode.d1.loss_mask: 0.8399  decode.d1.loss_dice: 0.6765  decode.d2.loss_cls: 0.0107  decode.d2.loss_mask: 0.8213  decode.d2.loss_dice: 0.6608  decode.d3.loss_cls: 0.0076  decode.d3.loss_mask: 0.8133  decode.d3.loss_dice: 0.6526  decode.d4.loss_cls: 0.0066  decode.d4.loss_mask: 0.8109  decode.d4.loss_dice: 0.6441  decode.d5.loss_cls: 0.0057  decode.d5.loss_mask: 0.8097  decode.d5.loss_dice: 0.6429  decode.d6.loss_cls: 0.0052  decode.d6.loss_mask: 0.8033  decode.d6.loss_dice: 0.6396  decode.d7.loss_cls: 0.0058  decode.d7.loss_mask: 0.8077  decode.d7.loss_dice: 0.6371  decode.d8.loss_cls: 0.0044  decode.d8.loss_mask: 0.8049  decode.d8.loss_dice: 0.6455
2026/08/03 23:07:28 - mmengine - INFO - Iter(train) [25900/40000]  base_lr: 7.0336e-06 lr: 7.0336e-06  eta: 4:27:07  time: 1.1459  data_time: 0.0243  memory: 16845  grad_norm: 64.5841  loss: 13.4980  decode.loss_cls: 0.0077  decode.loss_mask: 0.6833  decode.loss_dice: 0.5975  decode.d0.loss_cls: 0.0322  decode.d0.loss_mask: 0.8386  decode.d0.loss_dice: 0.7278  decode.d1.loss_cls: 0.0127  decode.d1.loss_mask: 0.7331  decode.d1.loss_dice: 0.6602  decode.d2.loss_cls: 0.0097  decode.d2.loss_mask: 0.7030  decode.d2.loss_dice: 0.6385  decode.d3.loss_cls: 0.0087  decode.d3.loss_mask: 0.6941  decode.d3.loss_dice: 0.6198  decode.d4.loss_cls: 0.0082  decode.d4.loss_mask: 0.6958  decode.d4.loss_dice: 0.6207  decode.d5.loss_cls: 0.0077  decode.d5.loss_mask: 0.6902  decode.d5.loss_dice: 0.6162  decode.d6.loss_cls: 0.0075  decode.d6.loss_mask: 0.6874  decode.d6.loss_dice: 0.6079  decode.d7.loss_cls: 0.0076  decode.d7.loss_mask: 0.6857  decode.d7.loss_dice: 0.6046  decode.d8.loss_cls: 0.0077  decode.d8.loss_mask: 0.6841  decode.d8.loss_dice: 0.5998
2026/08/03 23:09:25 - mmengine - INFO - Exp name: dinov3_m2f_gram_4999_v2_20260803_142922
2026/08/03 23:09:25 - mmengine - INFO - Iter(train) [26000/40000]  base_lr: 6.9586e-06 lr: 6.9586e-06  eta: 4:25:14  time: 1.1210  data_time: 0.0241  memory: 16845  grad_norm: 54.7397  loss: 12.0927  decode.loss_cls: 0.0062  decode.loss_mask: 0.6456  decode.loss_dice: 0.5359  decode.d0.loss_cls: 0.0279  decode.d0.loss_mask: 0.6746  decode.d0.loss_dice: 0.5765  decode.d1.loss_cls: 0.0097  decode.d1.loss_mask: 0.6624  decode.d1.loss_dice: 0.5528  decode.d2.loss_cls: 0.0086  decode.d2.loss_mask: 0.6583  decode.d2.loss_dice: 0.5487  decode.d3.loss_cls: 0.0075  decode.d3.loss_mask: 0.6569  decode.d3.loss_dice: 0.5391  decode.d4.loss_cls: 0.0050  decode.d4.loss_mask: 0.6581  decode.d4.loss_dice: 0.5385  decode.d5.loss_cls: 0.0065  decode.d5.loss_mask: 0.6534  decode.d5.loss_dice: 0.5385  decode.d6.loss_cls: 0.0054  decode.d6.loss_mask: 0.6518  decode.d6.loss_dice: 0.5379  decode.d7.loss_cls: 0.0052  decode.d7.loss_mask: 0.6475  decode.d7.loss_dice: 0.5392  decode.d8.loss_cls: 0.0049  decode.d8.loss_mask: 0.6478  decode.d8.loss_dice: 0.5424
2026/08/03 23:09:25 - mmengine - INFO - Saving checkpoint at 26000 iterations
2026/08/03 23:10:24 - mmengine - INFO - Iter(val) [100/252]    eta: 0:01:04  time: 0.4064  data_time: 0.0144  memory: 4705  
2026/08/03 23:11:05 - mmengine - INFO - Iter(val) [200/252]    eta: 0:00:21  time: 0.4077  data_time: 0.0144  memory: 4705  
2026/08/03 23:11:30 - mmengine - INFO - per class results:
2026/08/03 23:11:30 - mmengine - INFO - 
+--------------------+-------+-------+--------+-----------+--------+
|       Class        |  IoU  |  Acc  | Fscore | Precision | Recall |
+--------------------+-------+-------+--------+-----------+--------+
| impervious_surface | 86.91 | 91.73 |  93.0  |    94.3   | 91.73  |
|      building      |  96.0 |  97.7 | 97.96  |   98.22   |  97.7  |
|   low_vegetation   | 80.22 | 95.32 | 89.03  |   83.52   | 95.32  |
|        tree        | 79.38 | 82.72 | 88.51  |   95.16   | 82.72  |
|        car         | 94.25 | 96.09 | 97.04  |   98.01   | 96.09  |
+--------------------+-------+-------+--------+-----------+--------+
2026/08/03 23:11:30 - mmengine - INFO - Iter(val) [252/252]    aAcc: 91.5600  mIoU: 87.3500  mAcc: 92.7100  mFscore: 93.1100  mPrecision: 93.8400  mRecall: 92.7100  data_time: 0.0201  time: 0.4128
2026/08/03 23:13:23 - mmengine - INFO - Iter(train) [26100/40000]  base_lr: 6.8839e-06 lr: 6.8839e-06  eta: 4:23:23  time: 1.1278  data_time: 0.0234  memory: 16845  grad_norm: 68.3214  loss: 12.9116  decode.loss_cls: 0.0035  decode.loss_mask: 0.7155  decode.loss_dice: 0.5473  decode.d0.loss_cls: 0.0238  decode.d0.loss_mask: 0.7885  decode.d0.loss_dice: 0.5988  decode.d1.loss_cls: 0.0058  decode.d1.loss_mask: 0.7379  decode.d1.loss_dice: 0.5588  decode.d2.loss_cls: 0.0036  decode.d2.loss_mask: 0.7266  decode.d2.loss_dice: 0.5546  decode.d3.loss_cls: 0.0036  decode.d3.loss_mask: 0.7261  decode.d3.loss_dice: 0.5506  decode.d4.loss_cls: 0.0028  decode.d4.loss_mask: 0.7225  decode.d4.loss_dice: 0.5522  decode.d5.loss_cls: 0.0028  decode.d5.loss_mask: 0.7243  decode.d5.loss_dice: 0.5524  decode.d6.loss_cls: 0.0026  decode.d6.loss_mask: 0.7184  decode.d6.loss_dice: 0.5483  decode.d7.loss_cls: 0.0025  decode.d7.loss_mask: 0.7207  decode.d7.loss_dice: 0.5531  decode.d8.loss_cls: 0.0036  decode.d8.loss_mask: 0.7159  decode.d8.loss_dice: 0.5446
2026/08/03 23:15:16 - mmengine - INFO - Iter(train) [26200/40000]  base_lr: 6.8094e-06 lr: 6.8094e-06  eta: 4:21:28  time: 1.1306  data_time: 0.0243  memory: 16824  grad_norm: 90.1997  loss: 18.6228  decode.loss_cls: 0.0205  decode.loss_mask: 1.0014  decode.loss_dice: 0.7470  decode.d0.loss_cls: 0.0741  decode.d0.loss_mask: 1.3387  decode.d0.loss_dice: 1.0514  decode.d1.loss_cls: 0.0297  decode.d1.loss_mask: 1.0729  decode.d1.loss_dice: 0.7958  decode.d2.loss_cls: 0.0286  decode.d2.loss_mask: 1.0389  decode.d2.loss_dice: 0.7746  decode.d3.loss_cls: 0.0282  decode.d3.loss_mask: 1.0192  decode.d3.loss_dice: 0.7531  decode.d4.loss_cls: 0.0265  decode.d4.loss_mask: 1.0025  decode.d4.loss_dice: 0.7413  decode.d5.loss_cls: 0.0242  decode.d5.loss_mask: 1.0083  decode.d5.loss_dice: 0.7483  decode.d6.loss_cls: 0.0228  decode.d6.loss_mask: 0.9985  decode.d6.loss_dice: 0.7523  decode.d7.loss_cls: 0.0208  decode.d7.loss_mask: 0.9951  decode.d7.loss_dice: 0.7515  decode.d8.loss_cls: 0.0221  decode.d8.loss_mask: 0.9898  decode.d8.loss_dice: 0.7447
2026/08/03 23:17:08 - mmengine - INFO - Iter(train) [26300/40000]  base_lr: 6.7352e-06 lr: 6.7352e-06  eta: 4:19:34  time: 1.1264  data_time: 0.0229  memory: 16828  grad_norm: 77.4577  loss: 11.3338  decode.loss_cls: 0.0079  decode.loss_mask: 0.5461  decode.loss_dice: 0.5484  decode.d0.loss_cls: 0.0281  decode.d0.loss_mask: 0.5987  decode.d0.loss_dice: 0.6250  decode.d1.loss_cls: 0.0148  decode.d1.loss_mask: 0.5728  decode.d1.loss_dice: 0.5843  decode.d2.loss_cls: 0.0112  decode.d2.loss_mask: 0.5614  decode.d2.loss_dice: 0.5585  decode.d3.loss_cls: 0.0079  decode.d3.loss_mask: 0.5546  decode.d3.loss_dice: 0.5521  decode.d4.loss_cls: 0.0074  decode.d4.loss_mask: 0.5495  decode.d4.loss_dice: 0.5599  decode.d5.loss_cls: 0.0075  decode.d5.loss_mask: 0.5442  decode.d5.loss_dice: 0.5593  decode.d6.loss_cls: 0.0078  decode.d6.loss_mask: 0.5396  decode.d6.loss_dice: 0.5609  decode.d7.loss_cls: 0.0076  decode.d7.loss_mask: 0.5429  decode.d7.loss_dice: 0.5590  decode.d8.loss_cls: 0.0068  decode.d8.loss_mask: 0.5419  decode.d8.loss_dice: 0.5676
2026/08/03 23:19:04 - mmengine - INFO - Iter(train) [26400/40000]  base_lr: 6.6613e-06 lr: 6.6613e-06  eta: 4:17:41  time: 1.1282  data_time: 0.0233  memory: 16845  grad_norm: 69.6593  loss: 13.3037  decode.loss_cls: 0.0027  decode.loss_mask: 0.7519  decode.loss_dice: 0.5498  decode.d0.loss_cls: 0.0350  decode.d0.loss_mask: 0.8132  decode.d0.loss_dice: 0.5993  decode.d1.loss_cls: 0.0078  decode.d1.loss_mask: 0.7636  decode.d1.loss_dice: 0.5659  decode.d2.loss_cls: 0.0056  decode.d2.loss_mask: 0.7579  decode.d2.loss_dice: 0.5604  decode.d3.loss_cls: 0.0032  decode.d3.loss_mask: 0.7586  decode.d3.loss_dice: 0.5584  decode.d4.loss_cls: 0.0030  decode.d4.loss_mask: 0.7576  decode.d4.loss_dice: 0.5468  decode.d5.loss_cls: 0.0033  decode.d5.loss_mask: 0.7617  decode.d5.loss_dice: 0.5508  decode.d6.loss_cls: 0.0041  decode.d6.loss_mask: 0.7606  decode.d6.loss_dice: 0.5519  decode.d7.loss_cls: 0.0033  decode.d7.loss_mask: 0.7582  decode.d7.loss_dice: 0.5630  decode.d8.loss_cls: 0.0033  decode.d8.loss_mask: 0.7531  decode.d8.loss_dice: 0.5498
2026/08/03 23:20:58 - mmengine - INFO - Iter(train) [26500/40000]  base_lr: 6.5877e-06 lr: 6.5877e-06  eta: 4:15:47  time: 1.1292  data_time: 0.0236  memory: 16845  grad_norm: 48.1215  loss: 10.4176  decode.loss_cls: 0.0017  decode.loss_mask: 0.5571  decode.loss_dice: 0.4687  decode.d0.loss_cls: 0.0243  decode.d0.loss_mask: 0.5864  decode.d0.loss_dice: 0.4971  decode.d1.loss_cls: 0.0040  decode.d1.loss_mask: 0.5725  decode.d1.loss_dice: 0.4871  decode.d2.loss_cls: 0.0025  decode.d2.loss_mask: 0.5642  decode.d2.loss_dice: 0.4762  decode.d3.loss_cls: 0.0019  decode.d3.loss_mask: 0.5634  decode.d3.loss_dice: 0.4670  decode.d4.loss_cls: 0.0016  decode.d4.loss_mask: 0.5610  decode.d4.loss_dice: 0.4715  decode.d5.loss_cls: 0.0017  decode.d5.loss_mask: 0.5595  decode.d5.loss_dice: 0.4684  decode.d6.loss_cls: 0.0015  decode.d6.loss_mask: 0.5581  decode.d6.loss_dice: 0.4687  decode.d7.loss_cls: 0.0015  decode.d7.loss_mask: 0.5577  decode.d7.loss_dice: 0.4666  decode.d8.loss_cls: 0.0016  decode.d8.loss_mask: 0.5560  decode.d8.loss_dice: 0.4682
2026/08/03 23:22:50 - mmengine - INFO - Iter(train) [26600/40000]  base_lr: 6.5143e-06 lr: 6.5143e-06  eta: 4:13:53  time: 1.1400  data_time: 0.0242  memory: 16838  grad_norm: 58.6220  loss: 10.4411  decode.loss_cls: 0.0048  decode.loss_mask: 0.5470  decode.loss_dice: 0.4723  decode.d0.loss_cls: 0.0264  decode.d0.loss_mask: 0.5842  decode.d0.loss_dice: 0.5363  decode.d1.loss_cls: 0.0083  decode.d1.loss_mask: 0.5545  decode.d1.loss_dice: 0.4874  decode.d2.loss_cls: 0.0042  decode.d2.loss_mask: 0.5508  decode.d2.loss_dice: 0.4958  decode.d3.loss_cls: 0.0055  decode.d3.loss_mask: 0.5479  decode.d3.loss_dice: 0.4748  decode.d4.loss_cls: 0.0061  decode.d4.loss_mask: 0.5469  decode.d4.loss_dice: 0.4741  decode.d5.loss_cls: 0.0060  decode.d5.loss_mask: 0.5521  decode.d5.loss_dice: 0.4772  decode.d6.loss_cls: 0.0047  decode.d6.loss_mask: 0.5482  decode.d6.loss_dice: 0.4741  decode.d7.loss_cls: 0.0051  decode.d7.loss_mask: 0.5470  decode.d7.loss_dice: 0.4753  decode.d8.loss_cls: 0.0043  decode.d8.loss_mask: 0.5471  decode.d8.loss_dice: 0.4728
2026/08/03 23:24:42 - mmengine - INFO - Iter(train) [26700/40000]  base_lr: 6.4412e-06 lr: 6.4412e-06  eta: 4:11:59  time: 1.1088  data_time: 0.0240  memory: 16828  grad_norm: 62.3304  loss: 11.7530  decode.loss_cls: 0.0047  decode.loss_mask: 0.6177  decode.loss_dice: 0.5280  decode.d0.loss_cls: 0.0331  decode.d0.loss_mask: 0.6393  decode.d0.loss_dice: 0.6049  decode.d1.loss_cls: 0.0129  decode.d1.loss_mask: 0.6254  decode.d1.loss_dice: 0.5503  decode.d2.loss_cls: 0.0099  decode.d2.loss_mask: 0.6223  decode.d2.loss_dice: 0.5379  decode.d3.loss_cls: 0.0086  decode.d3.loss_mask: 0.6246  decode.d3.loss_dice: 0.5396  decode.d4.loss_cls: 0.0075  decode.d4.loss_mask: 0.6228  decode.d4.loss_dice: 0.5372  decode.d5.loss_cls: 0.0071  decode.d5.loss_mask: 0.6169  decode.d5.loss_dice: 0.5251  decode.d6.loss_cls: 0.0078  decode.d6.loss_mask: 0.6246  decode.d6.loss_dice: 0.5331  decode.d7.loss_cls: 0.0076  decode.d7.loss_mask: 0.6253  decode.d7.loss_dice: 0.5249  decode.d8.loss_cls: 0.0055  decode.d8.loss_mask: 0.6215  decode.d8.loss_dice: 0.5270
2026/08/03 23:26:38 - mmengine - INFO - Iter(train) [26800/40000]  base_lr: 6.3685e-06 lr: 6.3685e-06  eta: 4:10:06  time: 1.1319  data_time: 0.0224  memory: 16845  grad_norm: 89.0860  loss: 11.3207  decode.loss_cls: 0.0140  decode.loss_mask: 0.5784  decode.loss_dice: 0.4886  decode.d0.loss_cls: 0.0508  decode.d0.loss_mask: 0.6895  decode.d0.loss_dice: 0.6565  decode.d1.loss_cls: 0.0223  decode.d1.loss_mask: 0.6163  decode.d1.loss_dice: 0.5228  decode.d2.loss_cls: 0.0224  decode.d2.loss_mask: 0.5911  decode.d2.loss_dice: 0.5119  decode.d3.loss_cls: 0.0181  decode.d3.loss_mask: 0.5890  decode.d3.loss_dice: 0.4998  decode.d4.loss_cls: 0.0173  decode.d4.loss_mask: 0.5867  decode.d4.loss_dice: 0.4884  decode.d5.loss_cls: 0.0152  decode.d5.loss_mask: 0.5827  decode.d5.loss_dice: 0.4807  decode.d6.loss_cls: 0.0164  decode.d6.loss_mask: 0.5885  decode.d6.loss_dice: 0.4963  decode.d7.loss_cls: 0.0150  decode.d7.loss_mask: 0.5887  decode.d7.loss_dice: 0.4858  decode.d8.loss_cls: 0.0141  decode.d8.loss_mask: 0.5883  decode.d8.loss_dice: 0.4850
2026/08/03 23:28:31 - mmengine - INFO - Iter(train) [26900/40000]  base_lr: 6.2960e-06 lr: 6.2960e-06  eta: 4:08:12  time: 1.1200  data_time: 0.0230  memory: 16829  grad_norm: 78.7748  loss: 15.4750  decode.loss_cls: 0.0116  decode.loss_mask: 0.8450  decode.loss_dice: 0.6586  decode.d0.loss_cls: 0.0330  decode.d0.loss_mask: 0.9923  decode.d0.loss_dice: 0.7385  decode.d1.loss_cls: 0.0158  decode.d1.loss_mask: 0.8790  decode.d1.loss_dice: 0.6772  decode.d2.loss_cls: 0.0153  decode.d2.loss_mask: 0.8561  decode.d2.loss_dice: 0.6631  decode.d3.loss_cls: 0.0118  decode.d3.loss_mask: 0.8560  decode.d3.loss_dice: 0.6635  decode.d4.loss_cls: 0.0110  decode.d4.loss_mask: 0.8447  decode.d4.loss_dice: 0.6600  decode.d5.loss_cls: 0.0115  decode.d5.loss_mask: 0.8469  decode.d5.loss_dice: 0.6598  decode.d6.loss_cls: 0.0111  decode.d6.loss_mask: 0.8372  decode.d6.loss_dice: 0.6563  decode.d7.loss_cls: 0.0109  decode.d7.loss_mask: 0.8393  decode.d7.loss_dice: 0.6610  decode.d8.loss_cls: 0.0112  decode.d8.loss_mask: 0.8391  decode.d8.loss_dice: 0.6584
2026/08/03 23:30:24 - mmengine - INFO - Exp name: dinov3_m2f_gram_4999_v2_20260803_142922
2026/08/03 23:30:24 - mmengine - INFO - Iter(train) [27000/40000]  base_lr: 6.2238e-06 lr: 6.2238e-06  eta: 4:06:18  time: 1.1684  data_time: 0.0236  memory: 16845  grad_norm: 52.5027  loss: 10.9545  decode.loss_cls: 0.0096  decode.loss_mask: 0.5849  decode.loss_dice: 0.4623  decode.d0.loss_cls: 0.0379  decode.d0.loss_mask: 0.6924  decode.d0.loss_dice: 0.5523  decode.d1.loss_cls: 0.0143  decode.d1.loss_mask: 0.6203  decode.d1.loss_dice: 0.4814  decode.d2.loss_cls: 0.0102  decode.d2.loss_mask: 0.6051  decode.d2.loss_dice: 0.4750  decode.d3.loss_cls: 0.0079  decode.d3.loss_mask: 0.5994  decode.d3.loss_dice: 0.4734  decode.d4.loss_cls: 0.0101  decode.d4.loss_mask: 0.5987  decode.d4.loss_dice: 0.4747  decode.d5.loss_cls: 0.0114  decode.d5.loss_mask: 0.5935  decode.d5.loss_dice: 0.4675  decode.d6.loss_cls: 0.0109  decode.d6.loss_mask: 0.5853  decode.d6.loss_dice: 0.4648  decode.d7.loss_cls: 0.0100  decode.d7.loss_mask: 0.5845  decode.d7.loss_dice: 0.4583  decode.d8.loss_cls: 0.0092  decode.d8.loss_mask: 0.5835  decode.d8.loss_dice: 0.4656
2026/08/03 23:32:16 - mmengine - INFO - Iter(train) [27100/40000]  base_lr: 6.1519e-06 lr: 6.1519e-06  eta: 4:04:24  time: 1.1230  data_time: 0.0237  memory: 16812  grad_norm: 70.4554  loss: 13.6392  decode.loss_cls: 0.0037  decode.loss_mask: 0.7206  decode.loss_dice: 0.6003  decode.d0.loss_cls: 0.0249  decode.d0.loss_mask: 0.8214  decode.d0.loss_dice: 0.6899  decode.d1.loss_cls: 0.0086  decode.d1.loss_mask: 0.7532  decode.d1.loss_dice: 0.6350  decode.d2.loss_cls: 0.0067  decode.d2.loss_mask: 0.7331  decode.d2.loss_dice: 0.6184  decode.d3.loss_cls: 0.0054  decode.d3.loss_mask: 0.7334  decode.d3.loss_dice: 0.6184  decode.d4.loss_cls: 0.0049  decode.d4.loss_mask: 0.7267  decode.d4.loss_dice: 0.6083  decode.d5.loss_cls: 0.0041  decode.d5.loss_mask: 0.7282  decode.d5.loss_dice: 0.6132  decode.d6.loss_cls: 0.0042  decode.d6.loss_mask: 0.7224  decode.d6.loss_dice: 0.6055  decode.d7.loss_cls: 0.0040  decode.d7.loss_mask: 0.7212  decode.d7.loss_dice: 0.6011  decode.d8.loss_cls: 0.0034  decode.d8.loss_mask: 0.7199  decode.d8.loss_dice: 0.5995
2026/08/03 23:34:09 - mmengine - INFO - Iter(train) [27200/40000]  base_lr: 6.0804e-06 lr: 6.0804e-06  eta: 4:02:30  time: 1.1179  data_time: 0.0239  memory: 16845  grad_norm: 60.2290  loss: 12.7874  decode.loss_cls: 0.0036  decode.loss_mask: 0.6404  decode.loss_dice: 0.5882  decode.d0.loss_cls: 0.0260  decode.d0.loss_mask: 0.7793  decode.d0.loss_dice: 0.6915  decode.d1.loss_cls: 0.0087  decode.d1.loss_mask: 0.6815  decode.d1.loss_dice: 0.6285  decode.d2.loss_cls: 0.0051  decode.d2.loss_mask: 0.6593  decode.d2.loss_dice: 0.6067  decode.d3.loss_cls: 0.0044  decode.d3.loss_mask: 0.6512  decode.d3.loss_dice: 0.6009  decode.d4.loss_cls: 0.0037  decode.d4.loss_mask: 0.6531  decode.d4.loss_dice: 0.6018  decode.d5.loss_cls: 0.0037  decode.d5.loss_mask: 0.6450  decode.d5.loss_dice: 0.5946  decode.d6.loss_cls: 0.0037  decode.d6.loss_mask: 0.6459  decode.d6.loss_dice: 0.5901  decode.d7.loss_cls: 0.0031  decode.d7.loss_mask: 0.6453  decode.d7.loss_dice: 0.5902  decode.d8.loss_cls: 0.0039  decode.d8.loss_mask: 0.6419  decode.d8.loss_dice: 0.5860
2026/08/03 23:36:05 - mmengine - INFO - Iter(train) [27300/40000]  base_lr: 6.0091e-06 lr: 6.0091e-06  eta: 4:00:37  time: 1.1119  data_time: 0.0229  memory: 16830  grad_norm: 51.3069  loss: 11.1466  decode.loss_cls: 0.0042  decode.loss_mask: 0.5973  decode.loss_dice: 0.4906  decode.d0.loss_cls: 0.0247  decode.d0.loss_mask: 0.6193  decode.d0.loss_dice: 0.5479  decode.d1.loss_cls: 0.0076  decode.d1.loss_mask: 0.6056  decode.d1.loss_dice: 0.5095  decode.d2.loss_cls: 0.0051  decode.d2.loss_mask: 0.6039  decode.d2.loss_dice: 0.5028  decode.d3.loss_cls: 0.0035  decode.d3.loss_mask: 0.6016  decode.d3.loss_dice: 0.4990  decode.d4.loss_cls: 0.0046  decode.d4.loss_mask: 0.6022  decode.d4.loss_dice: 0.4984  decode.d5.loss_cls: 0.0051  decode.d5.loss_mask: 0.5996  decode.d5.loss_dice: 0.5011  decode.d6.loss_cls: 0.0038  decode.d6.loss_mask: 0.6031  decode.d6.loss_dice: 0.5025  decode.d7.loss_cls: 0.0042  decode.d7.loss_mask: 0.5968  decode.d7.loss_dice: 0.5010  decode.d8.loss_cls: 0.0036  decode.d8.loss_mask: 0.5987  decode.d8.loss_dice: 0.4995
2026/08/03 23:37:58 - mmengine - INFO - Iter(train) [27400/40000]  base_lr: 5.9382e-06 lr: 5.9382e-06  eta: 3:58:43  time: 1.1196  data_time: 0.0249  memory: 16845  grad_norm: 61.3660  loss: 14.1639  decode.loss_cls: 0.0023  decode.loss_mask: 0.7893  decode.loss_dice: 0.6015  decode.d0.loss_cls: 0.0222  decode.d0.loss_mask: 0.8691  decode.d0.loss_dice: 0.6477  decode.d1.loss_cls: 0.0044  decode.d1.loss_mask: 0.8088  decode.d1.loss_dice: 0.6094  decode.d2.loss_cls: 0.0030  decode.d2.loss_mask: 0.7958  decode.d2.loss_dice: 0.6071  decode.d3.loss_cls: 0.0023  decode.d3.loss_mask: 0.7995  decode.d3.loss_dice: 0.6045  decode.d4.loss_cls: 0.0031  decode.d4.loss_mask: 0.7968  decode.d4.loss_dice: 0.6015  decode.d5.loss_cls: 0.0029  decode.d5.loss_mask: 0.7939  decode.d5.loss_dice: 0.6033  decode.d6.loss_cls: 0.0028  decode.d6.loss_mask: 0.7921  decode.d6.loss_dice: 0.6050  decode.d7.loss_cls: 0.0022  decode.d7.loss_mask: 0.7920  decode.d7.loss_dice: 0.6029  decode.d8.loss_cls: 0.0023  decode.d8.loss_mask: 0.7895  decode.d8.loss_dice: 0.6068
2026/08/03 23:39:51 - mmengine - INFO - Iter(train) [27500/40000]  base_lr: 5.8676e-06 lr: 5.8676e-06  eta: 3:56:49  time: 1.1194  data_time: 0.0229  memory: 16821  grad_norm: 104.3326  loss: 16.4324  decode.loss_cls: 0.0213  decode.loss_mask: 0.8637  decode.loss_dice: 0.6401  decode.d0.loss_cls: 0.0877  decode.d0.loss_mask: 1.2664  decode.d0.loss_dice: 0.9564  decode.d1.loss_cls: 0.0317  decode.d1.loss_mask: 0.9736  decode.d1.loss_dice: 0.6983  decode.d2.loss_cls: 0.0269  decode.d2.loss_mask: 0.9234  decode.d2.loss_dice: 0.6678  decode.d3.loss_cls: 0.0246  decode.d3.loss_mask: 0.9020  decode.d3.loss_dice: 0.6582  decode.d4.loss_cls: 0.0230  decode.d4.loss_mask: 0.8896  decode.d4.loss_dice: 0.6534  decode.d5.loss_cls: 0.0238  decode.d5.loss_mask: 0.8777  decode.d5.loss_dice: 0.6448  decode.d6.loss_cls: 0.0242  decode.d6.loss_mask: 0.8650  decode.d6.loss_dice: 0.6429  decode.d7.loss_cls: 0.0224  decode.d7.loss_mask: 0.8567  decode.d7.loss_dice: 0.6377  decode.d8.loss_cls: 0.0215  decode.d8.loss_mask: 0.8641  decode.d8.loss_dice: 0.6437
2026/08/03 23:41:44 - mmengine - INFO - Iter(train) [27600/40000]  base_lr: 5.7973e-06 lr: 5.7973e-06  eta: 3:54:55  time: 1.1376  data_time: 0.0255  memory: 16828  grad_norm: 91.9418  loss: 14.2369  decode.loss_cls: 0.0049  decode.loss_mask: 0.7449  decode.loss_dice: 0.6565  decode.d0.loss_cls: 0.0287  decode.d0.loss_mask: 0.8039  decode.d0.loss_dice: 0.7232  decode.d1.loss_cls: 0.0105  decode.d1.loss_mask: 0.7746  decode.d1.loss_dice: 0.6619  decode.d2.loss_cls: 0.0103  decode.d2.loss_mask: 0.7581  decode.d2.loss_dice: 0.6501  decode.d3.loss_cls: 0.0087  decode.d3.loss_mask: 0.7494  decode.d3.loss_dice: 0.6509  decode.d4.loss_cls: 0.0066  decode.d4.loss_mask: 0.7499  decode.d4.loss_dice: 0.6507  decode.d5.loss_cls: 0.0048  decode.d5.loss_mask: 0.7427  decode.d5.loss_dice: 0.6542  decode.d6.loss_cls: 0.0052  decode.d6.loss_mask: 0.7398  decode.d6.loss_dice: 0.6451  decode.d7.loss_cls: 0.0056  decode.d7.loss_mask: 0.7390  decode.d7.loss_dice: 0.6624  decode.d8.loss_cls: 0.0054  decode.d8.loss_mask: 0.7397  decode.d8.loss_dice: 0.6493
2026/08/03 23:43:40 - mmengine - INFO - Iter(train) [27700/40000]  base_lr: 5.7274e-06 lr: 5.7274e-06  eta: 3:53:02  time: 1.1276  data_time: 0.0245  memory: 16845  grad_norm: 95.6093  loss: 12.2967  decode.loss_cls: 0.0020  decode.loss_mask: 0.6944  decode.loss_dice: 0.5075  decode.d0.loss_cls: 0.0403  decode.d0.loss_mask: 0.7601  decode.d0.loss_dice: 0.5743  decode.d1.loss_cls: 0.0075  decode.d1.loss_mask: 0.7068  decode.d1.loss_dice: 0.5280  decode.d2.loss_cls: 0.0051  decode.d2.loss_mask: 0.7013  decode.d2.loss_dice: 0.5060  decode.d3.loss_cls: 0.0024  decode.d3.loss_mask: 0.7022  decode.d3.loss_dice: 0.5121  decode.d4.loss_cls: 0.0023  decode.d4.loss_mask: 0.6986  decode.d4.loss_dice: 0.5073  decode.d5.loss_cls: 0.0029  decode.d5.loss_mask: 0.6989  decode.d5.loss_dice: 0.5040  decode.d6.loss_cls: 0.0022  decode.d6.loss_mask: 0.6981  decode.d6.loss_dice: 0.5078  decode.d7.loss_cls: 0.0028  decode.d7.loss_mask: 0.6962  decode.d7.loss_dice: 0.5158  decode.d8.loss_cls: 0.0026  decode.d8.loss_mask: 0.6974  decode.d8.loss_dice: 0.5098
2026/08/03 23:45:33 - mmengine - INFO - Iter(train) [27800/40000]  base_lr: 5.6579e-06 lr: 5.6579e-06  eta: 3:51:08  time: 1.1259  data_time: 0.0234  memory: 16845  grad_norm: 39.4993  loss: 7.9103  decode.loss_cls: 0.0022  decode.loss_mask: 0.4067  decode.loss_dice: 0.3661  decode.d0.loss_cls: 0.0279  decode.d0.loss_mask: 0.4352  decode.d0.loss_dice: 0.4058  decode.d1.loss_cls: 0.0061  decode.d1.loss_mask: 0.4152  decode.d1.loss_dice: 0.3772  decode.d2.loss_cls: 0.0037  decode.d2.loss_mask: 0.4125  decode.d2.loss_dice: 0.3660  decode.d3.loss_cls: 0.0030  decode.d3.loss_mask: 0.4104  decode.d3.loss_dice: 0.3721  decode.d4.loss_cls: 0.0028  decode.d4.loss_mask: 0.4092  decode.d4.loss_dice: 0.3771  decode.d5.loss_cls: 0.0034  decode.d5.loss_mask: 0.4085  decode.d5.loss_dice: 0.3714  decode.d6.loss_cls: 0.0021  decode.d6.loss_mask: 0.4059  decode.d6.loss_dice: 0.3644  decode.d7.loss_cls: 0.0030  decode.d7.loss_mask: 0.4063  decode.d7.loss_dice: 0.3642  decode.d8.loss_cls: 0.0020  decode.d8.loss_mask: 0.4094  decode.d8.loss_dice: 0.3706
2026/08/03 23:47:25 - mmengine - INFO - Iter(train) [27900/40000]  base_lr: 5.5886e-06 lr: 5.5886e-06  eta: 3:49:14  time: 1.1152  data_time: 0.0230  memory: 16838  grad_norm: 44.7587  loss: 9.5357  decode.loss_cls: 0.0042  decode.loss_mask: 0.4888  decode.loss_dice: 0.4348  decode.d0.loss_cls: 0.0309  decode.d0.loss_mask: 0.5179  decode.d0.loss_dice: 0.5086  decode.d1.loss_cls: 0.0086  decode.d1.loss_mask: 0.4999  decode.d1.loss_dice: 0.4712  decode.d2.loss_cls: 0.0057  decode.d2.loss_mask: 0.4903  decode.d2.loss_dice: 0.4557  decode.d3.loss_cls: 0.0063  decode.d3.loss_mask: 0.4901  decode.d3.loss_dice: 0.4424  decode.d4.loss_cls: 0.0075  decode.d4.loss_mask: 0.4901  decode.d4.loss_dice: 0.4397  decode.d5.loss_cls: 0.0051  decode.d5.loss_mask: 0.4923  decode.d5.loss_dice: 0.4496  decode.d6.loss_cls: 0.0059  decode.d6.loss_mask: 0.4886  decode.d6.loss_dice: 0.4423  decode.d7.loss_cls: 0.0041  decode.d7.loss_mask: 0.4897  decode.d7.loss_dice: 0.4409  decode.d8.loss_cls: 0.0043  decode.d8.loss_mask: 0.4913  decode.d8.loss_dice: 0.4289
2026/08/03 23:49:18 - mmengine - INFO - Exp name: dinov3_m2f_gram_4999_v2_20260803_142922
2026/08/03 23:49:18 - mmengine - INFO - Iter(train) [28000/40000]  base_lr: 5.5198e-06 lr: 5.5198e-06  eta: 3:47:20  time: 1.1175  data_time: 0.0236  memory: 16828  grad_norm: 57.7892  loss: 11.3163  decode.loss_cls: 0.0034  decode.loss_mask: 0.6088  decode.loss_dice: 0.4974  decode.d0.loss_cls: 0.0285  decode.d0.loss_mask: 0.6358  decode.d0.loss_dice: 0.5549  decode.d1.loss_cls: 0.0093  decode.d1.loss_mask: 0.6195  decode.d1.loss_dice: 0.5165  decode.d2.loss_cls: 0.0084  decode.d2.loss_mask: 0.6138  decode.d2.loss_dice: 0.5098  decode.d3.loss_cls: 0.0046  decode.d3.loss_mask: 0.6123  decode.d3.loss_dice: 0.5117  decode.d4.loss_cls: 0.0042  decode.d4.loss_mask: 0.6140  decode.d4.loss_dice: 0.5055  decode.d5.loss_cls: 0.0045  decode.d5.loss_mask: 0.6092  decode.d5.loss_dice: 0.5009  decode.d6.loss_cls: 0.0048  decode.d6.loss_mask: 0.6090  decode.d6.loss_dice: 0.5017  decode.d7.loss_cls: 0.0042  decode.d7.loss_mask: 0.6103  decode.d7.loss_dice: 0.5012  decode.d8.loss_cls: 0.0043  decode.d8.loss_mask: 0.6121  decode.d8.loss_dice: 0.4956
2026/08/03 23:49:18 - mmengine - INFO - Saving checkpoint at 28000 iterations
2026/08/03 23:50:25 - mmengine - INFO - Iter(val) [100/252]    eta: 0:01:03  time: 0.4047  data_time: 0.0134  memory: 4705  
2026/08/03 23:51:06 - mmengine - INFO - Iter(val) [200/252]    eta: 0:00:21  time: 0.4084  data_time: 0.0148  memory: 4705  
2026/08/03 23:51:31 - mmengine - INFO - per class results:
2026/08/03 23:51:31 - mmengine - INFO - 
+--------------------+-------+-------+--------+-----------+--------+
|       Class        |  IoU  |  Acc  | Fscore | Precision | Recall |
+--------------------+-------+-------+--------+-----------+--------+
| impervious_surface | 85.23 | 91.14 | 92.02  |   92.92   | 91.14  |
|      building      | 87.46 | 99.01 | 93.31  |   88.23   | 99.01  |
|   low_vegetation   | 75.02 | 87.95 | 85.73  |   83.62   | 87.95  |
|        tree        | 78.48 | 82.31 | 87.94  |    94.4   | 82.31  |
|        car         | 93.84 | 96.35 | 96.82  |    97.3   | 96.35  |
+--------------------+-------+-------+--------+-----------+--------+
2026/08/03 23:51:31 - mmengine - INFO - Iter(val) [252/252]    aAcc: 89.3400  mIoU: 84.0100  mAcc: 91.3500  mFscore: 91.1700  mPrecision: 91.3000  mRecall: 91.3500  data_time: 0.0201  time: 0.4128
2026/08/03 23:53:27 - mmengine - INFO - Iter(train) [28100/40000]  base_lr: 5.4513e-06 lr: 5.4513e-06  eta: 3:45:29  time: 1.1229  data_time: 0.0208  memory: 16845  grad_norm: 86.3743  loss: 13.4804  decode.loss_cls: 0.0121  decode.loss_mask: 0.7172  decode.loss_dice: 0.5539  decode.d0.loss_cls: 0.0470  decode.d0.loss_mask: 0.8659  decode.d0.loss_dice: 0.7318  decode.d1.loss_cls: 0.0219  decode.d1.loss_mask: 0.7610  decode.d1.loss_dice: 0.6124  decode.d2.loss_cls: 0.0199  decode.d2.loss_mask: 0.7426  decode.d2.loss_dice: 0.5836  decode.d3.loss_cls: 0.0156  decode.d3.loss_mask: 0.7331  decode.d3.loss_dice: 0.5691  decode.d4.loss_cls: 0.0162  decode.d4.loss_mask: 0.7263  decode.d4.loss_dice: 0.5557  decode.d5.loss_cls: 0.0135  decode.d5.loss_mask: 0.7264  decode.d5.loss_dice: 0.5729  decode.d6.loss_cls: 0.0141  decode.d6.loss_mask: 0.7212  decode.d6.loss_dice: 0.5816  decode.d7.loss_cls: 0.0128  decode.d7.loss_mask: 0.7167  decode.d7.loss_dice: 0.5587  decode.d8.loss_cls: 0.0119  decode.d8.loss_mask: 0.7171  decode.d8.loss_dice: 0.5480
2026/08/03 23:55:20 - mmengine - INFO - Iter(train) [28200/40000]  base_lr: 5.3831e-06 lr: 5.3831e-06  eta: 3:43:35  time: 1.1250  data_time: 0.0243  memory: 16837  grad_norm: 88.5476  loss: 15.3935  decode.loss_cls: 0.0021  decode.loss_mask: 0.8366  decode.loss_dice: 0.6616  decode.d0.loss_cls: 0.0259  decode.d0.loss_mask: 0.9997  decode.d0.loss_dice: 0.7366  decode.d1.loss_cls: 0.0075  decode.d1.loss_mask: 0.8720  decode.d1.loss_dice: 0.6847  decode.d2.loss_cls: 0.0080  decode.d2.loss_mask: 0.8543  decode.d2.loss_dice: 0.6731  decode.d3.loss_cls: 0.0036  decode.d3.loss_mask: 0.8484  decode.d3.loss_dice: 0.6638  decode.d4.loss_cls: 0.0035  decode.d4.loss_mask: 0.8428  decode.d4.loss_dice: 0.6673  decode.d5.loss_cls: 0.0035  decode.d5.loss_mask: 0.8406  decode.d5.loss_dice: 0.6647  decode.d6.loss_cls: 0.0029  decode.d6.loss_mask: 0.8362  decode.d6.loss_dice: 0.6596  decode.d7.loss_cls: 0.0025  decode.d7.loss_mask: 0.8331  decode.d7.loss_dice: 0.6585  decode.d8.loss_cls: 0.0040  decode.d8.loss_mask: 0.8299  decode.d8.loss_dice: 0.6661
2026/08/03 23:57:13 - mmengine - INFO - Iter(train) [28300/40000]  base_lr: 5.3153e-06 lr: 5.3153e-06  eta: 3:41:41  time: 1.1159  data_time: 0.0233  memory: 16845  grad_norm: 52.9920  loss: 10.6120  decode.loss_cls: 0.0045  decode.loss_mask: 0.5489  decode.loss_dice: 0.4808  decode.d0.loss_cls: 0.0315  decode.d0.loss_mask: 0.6358  decode.d0.loss_dice: 0.5450  decode.d1.loss_cls: 0.0122  decode.d1.loss_mask: 0.5743  decode.d1.loss_dice: 0.4883  decode.d2.loss_cls: 0.0082  decode.d2.loss_mask: 0.5638  decode.d2.loss_dice: 0.4835  decode.d3.loss_cls: 0.0071  decode.d3.loss_mask: 0.5623  decode.d3.loss_dice: 0.4776  decode.d4.loss_cls: 0.0071  decode.d4.loss_mask: 0.5551  decode.d4.loss_dice: 0.4784  decode.d5.loss_cls: 0.0074  decode.d5.loss_mask: 0.5580  decode.d5.loss_dice: 0.4814  decode.d6.loss_cls: 0.0065  decode.d6.loss_mask: 0.5492  decode.d6.loss_dice: 0.4779  decode.d7.loss_cls: 0.0049  decode.d7.loss_mask: 0.5489  decode.d7.loss_dice: 0.4807  decode.d8.loss_cls: 0.0043  decode.d8.loss_mask: 0.5501  decode.d8.loss_dice: 0.4786
2026/08/03 23:59:05 - mmengine - INFO - Iter(train) [28400/40000]  base_lr: 5.2479e-06 lr: 5.2479e-06  eta: 3:39:46  time: 1.1220  data_time: 0.0242  memory: 16812  grad_norm: 51.7606  loss: 11.3028  decode.loss_cls: 0.0023  decode.loss_mask: 0.5877  decode.loss_dice: 0.5111  decode.d0.loss_cls: 0.0243  decode.d0.loss_mask: 0.6556  decode.d0.loss_dice: 0.5757  decode.d1.loss_cls: 0.0101  decode.d1.loss_mask: 0.6079  decode.d1.loss_dice: 0.5385  decode.d2.loss_cls: 0.0074  decode.d2.loss_mask: 0.5989  decode.d2.loss_dice: 0.5254  decode.d3.loss_cls: 0.0041  decode.d3.loss_mask: 0.5962  decode.d3.loss_dice: 0.5202  decode.d4.loss_cls: 0.0033  decode.d4.loss_mask: 0.5939  decode.d4.loss_dice: 0.5160  decode.d5.loss_cls: 0.0030  decode.d5.loss_mask: 0.5921  decode.d5.loss_dice: 0.5143  decode.d6.loss_cls: 0.0029  decode.d6.loss_mask: 0.5879  decode.d6.loss_dice: 0.5162  decode.d7.loss_cls: 0.0027  decode.d7.loss_mask: 0.5898  decode.d7.loss_dice: 0.5133  decode.d8.loss_cls: 0.0022  decode.d8.loss_mask: 0.5893  decode.d8.loss_dice: 0.5107
2026/08/04 00:00:58 - mmengine - INFO - Iter(train) [28500/40000]  base_lr: 5.1809e-06 lr: 5.1809e-06  eta: 3:37:52  time: 1.1174  data_time: 0.0235  memory: 16845  grad_norm: 56.0508  loss: 11.5815  decode.loss_cls: 0.0034  decode.loss_mask: 0.5875  decode.loss_dice: 0.5259  decode.d0.loss_cls: 0.0252  decode.d0.loss_mask: 0.6909  decode.d0.loss_dice: 0.6187  decode.d1.loss_cls: 0.0081  decode.d1.loss_mask: 0.6158  decode.d1.loss_dice: 0.5585  decode.d2.loss_cls: 0.0053  decode.d2.loss_mask: 0.6079  decode.d2.loss_dice: 0.5424  decode.d3.loss_cls: 0.0046  decode.d3.loss_mask: 0.5988  decode.d3.loss_dice: 0.5460  decode.d4.loss_cls: 0.0040  decode.d4.loss_mask: 0.5963  decode.d4.loss_dice: 0.5416  decode.d5.loss_cls: 0.0043  decode.d5.loss_mask: 0.5925  decode.d5.loss_dice: 0.5342  decode.d6.loss_cls: 0.0044  decode.d6.loss_mask: 0.5926  decode.d6.loss_dice: 0.5321  decode.d7.loss_cls: 0.0039  decode.d7.loss_mask: 0.5883  decode.d7.loss_dice: 0.5282  decode.d8.loss_cls: 0.0039  decode.d8.loss_mask: 0.5887  decode.d8.loss_dice: 0.5274
2026/08/04 00:02:54 - mmengine - INFO - Iter(train) [28600/40000]  base_lr: 5.1143e-06 lr: 5.1143e-06  eta: 3:36:00  time: 1.1214  data_time: 0.0242  memory: 16829  grad_norm: 59.4406  loss: 11.6868  decode.loss_cls: 0.0044  decode.loss_mask: 0.6133  decode.loss_dice: 0.5382  decode.d0.loss_cls: 0.0260  decode.d0.loss_mask: 0.6332  decode.d0.loss_dice: 0.5971  decode.d1.loss_cls: 0.0077  decode.d1.loss_mask: 0.6152  decode.d1.loss_dice: 0.5434  decode.d2.loss_cls: 0.0071  decode.d2.loss_mask: 0.6155  decode.d2.loss_dice: 0.5466  decode.d3.loss_cls: 0.0041  decode.d3.loss_mask: 0.6151  decode.d3.loss_dice: 0.5422  decode.d4.loss_cls: 0.0036  decode.d4.loss_mask: 0.6142  decode.d4.loss_dice: 0.5377  decode.d5.loss_cls: 0.0050  decode.d5.loss_mask: 0.6160  decode.d5.loss_dice: 0.5391  decode.d6.loss_cls: 0.0035  decode.d6.loss_mask: 0.6123  decode.d6.loss_dice: 0.5369  decode.d7.loss_cls: 0.0034  decode.d7.loss_mask: 0.6104  decode.d7.loss_dice: 0.5383  decode.d8.loss_cls: 0.0048  decode.d8.loss_mask: 0.6128  decode.d8.loss_dice: 0.5396
2026/08/04 00:04:48 - mmengine - INFO - Iter(train) [28700/40000]  base_lr: 5.0480e-06 lr: 5.0480e-06  eta: 3:34:06  time: 1.1665  data_time: 0.0228  memory: 16845  grad_norm: 58.0204  loss: 14.1405  decode.loss_cls: 0.0021  decode.loss_mask: 0.7793  decode.loss_dice: 0.6079  decode.d0.loss_cls: 0.0216  decode.d0.loss_mask: 0.8536  decode.d0.loss_dice: 0.6568  decode.d1.loss_cls: 0.0051  decode.d1.loss_mask: 0.8043  decode.d1.loss_dice: 0.6213  decode.d2.loss_cls: 0.0028  decode.d2.loss_mask: 0.7937  decode.d2.loss_dice: 0.6165  decode.d3.loss_cls: 0.0021  decode.d3.loss_mask: 0.7862  decode.d3.loss_dice: 0.6141  decode.d4.loss_cls: 0.0020  decode.d4.loss_mask: 0.7880  decode.d4.loss_dice: 0.6105  decode.d5.loss_cls: 0.0021  decode.d5.loss_mask: 0.7859  decode.d5.loss_dice: 0.6054  decode.d6.loss_cls: 0.0027  decode.d6.loss_mask: 0.7828  decode.d6.loss_dice: 0.6077  decode.d7.loss_cls: 0.0019  decode.d7.loss_mask: 0.7810  decode.d7.loss_dice: 0.6120  decode.d8.loss_cls: 0.0021  decode.d8.loss_mask: 0.7792  decode.d8.loss_dice: 0.6098
2026/08/04 00:06:40 - mmengine - INFO - Iter(train) [28800/40000]  base_lr: 4.9822e-06 lr: 4.9822e-06  eta: 3:32:12  time: 1.1360  data_time: 0.0220  memory: 16821  grad_norm: 87.3521  loss: 13.9933  decode.loss_cls: 0.0186  decode.loss_mask: 0.7068  decode.loss_dice: 0.5614  decode.d0.loss_cls: 0.0882  decode.d0.loss_mask: 1.0867  decode.d0.loss_dice: 0.9221  decode.d1.loss_cls: 0.0281  decode.d1.loss_mask: 0.7833  decode.d1.loss_dice: 0.6224  decode.d2.loss_cls: 0.0242  decode.d2.loss_mask: 0.7383  decode.d2.loss_dice: 0.5833  decode.d3.loss_cls: 0.0221  decode.d3.loss_mask: 0.7256  decode.d3.loss_dice: 0.5787  decode.d4.loss_cls: 0.0211  decode.d4.loss_mask: 0.7205  decode.d4.loss_dice: 0.5780  decode.d5.loss_cls: 0.0207  decode.d5.loss_mask: 0.7170  decode.d5.loss_dice: 0.5610  decode.d6.loss_cls: 0.0206  decode.d6.loss_mask: 0.7130  decode.d6.loss_dice: 0.5705  decode.d7.loss_cls: 0.0197  decode.d7.loss_mask: 0.7051  decode.d7.loss_dice: 0.5657  decode.d8.loss_cls: 0.0181  decode.d8.loss_mask: 0.7067  decode.d8.loss_dice: 0.5658
2026/08/04 00:08:32 - mmengine - INFO - Iter(train) [28900/40000]  base_lr: 4.9167e-06 lr: 4.9167e-06  eta: 3:30:17  time: 1.1509  data_time: 0.0229  memory: 16845  grad_norm: 82.6696  loss: 14.2919  decode.loss_cls: 0.0084  decode.loss_mask: 0.7318  decode.loss_dice: 0.6609  decode.d0.loss_cls: 0.0278  decode.d0.loss_mask: 0.8236  decode.d0.loss_dice: 0.7596  decode.d1.loss_cls: 0.0137  decode.d1.loss_mask: 0.7581  decode.d1.loss_dice: 0.6872  decode.d2.loss_cls: 0.0150  decode.d2.loss_mask: 0.7419  decode.d2.loss_dice: 0.6693  decode.d3.loss_cls: 0.0079  decode.d3.loss_mask: 0.7366  decode.d3.loss_dice: 0.6684  decode.d4.loss_cls: 0.0081  decode.d4.loss_mask: 0.7391  decode.d4.loss_dice: 0.6606  decode.d5.loss_cls: 0.0080  decode.d5.loss_mask: 0.7329  decode.d5.loss_dice: 0.6565  decode.d6.loss_cls: 0.0072  decode.d6.loss_mask: 0.7277  decode.d6.loss_dice: 0.6611  decode.d7.loss_cls: 0.0071  decode.d7.loss_mask: 0.7292  decode.d7.loss_dice: 0.6548  decode.d8.loss_cls: 0.0069  decode.d8.loss_mask: 0.7279  decode.d8.loss_dice: 0.6549
2026/08/04 00:10:28 - mmengine - INFO - Exp name: dinov3_m2f_gram_4999_v2_20260803_142922
2026/08/04 00:10:28 - mmengine - INFO - Iter(train) [29000/40000]  base_lr: 4.8516e-06 lr: 4.8516e-06  eta: 3:28:25  time: 1.1277  data_time: 0.0235  memory: 16845  grad_norm: 113.4865  loss: 14.2283  decode.loss_cls: 0.0037  decode.loss_mask: 0.7947  decode.loss_dice: 0.5858  decode.d0.loss_cls: 0.0407  decode.d0.loss_mask: 0.8784  decode.d0.loss_dice: 0.6560  decode.d1.loss_cls: 0.0114  decode.d1.loss_mask: 0.8052  decode.d1.loss_dice: 0.6113  decode.d2.loss_cls: 0.0074  decode.d2.loss_mask: 0.8057  decode.d2.loss_dice: 0.6044  decode.d3.loss_cls: 0.0056  decode.d3.loss_mask: 0.8090  decode.d3.loss_dice: 0.6103  decode.d4.loss_cls: 0.0059  decode.d4.loss_mask: 0.8081  decode.d4.loss_dice: 0.5939  decode.d5.loss_cls: 0.0058  decode.d5.loss_mask: 0.8019  decode.d5.loss_dice: 0.6029  decode.d6.loss_cls: 0.0054  decode.d6.loss_mask: 0.8043  decode.d6.loss_dice: 0.5881  decode.d7.loss_cls: 0.0036  decode.d7.loss_mask: 0.7945  decode.d7.loss_dice: 0.5936  decode.d8.loss_cls: 0.0034  decode.d8.loss_mask: 0.7948  decode.d8.loss_dice: 0.5925
2026/08/04 00:12:22 - mmengine - INFO - Iter(train) [29100/40000]  base_lr: 4.7870e-06 lr: 4.7870e-06  eta: 3:26:31  time: 1.1527  data_time: 0.0232  memory: 16845  grad_norm: 40.4313  loss: 6.9915  decode.loss_cls: 0.0021  decode.loss_mask: 0.3409  decode.loss_dice: 0.3338  decode.d0.loss_cls: 0.0286  decode.d0.loss_mask: 0.3568  decode.d0.loss_dice: 0.3870  decode.d1.loss_cls: 0.0094  decode.d1.loss_mask: 0.3497  decode.d1.loss_dice: 0.3575  decode.d2.loss_cls: 0.0050  decode.d2.loss_mask: 0.3492  decode.d2.loss_dice: 0.3496  decode.d3.loss_cls: 0.0030  decode.d3.loss_mask: 0.3457  decode.d3.loss_dice: 0.3415  decode.d4.loss_cls: 0.0027  decode.d4.loss_mask: 0.3435  decode.d4.loss_dice: 0.3382  decode.d5.loss_cls: 0.0033  decode.d5.loss_mask: 0.3416  decode.d5.loss_dice: 0.3441  decode.d6.loss_cls: 0.0022  decode.d6.loss_mask: 0.3399  decode.d6.loss_dice: 0.3389  decode.d7.loss_cls: 0.0029  decode.d7.loss_mask: 0.3424  decode.d7.loss_dice: 0.3410  decode.d8.loss_cls: 0.0029  decode.d8.loss_mask: 0.3433  decode.d8.loss_dice: 0.3448
2026/08/04 00:14:14 - mmengine - INFO - Iter(train) [29200/40000]  base_lr: 4.7227e-06 lr: 4.7227e-06  eta: 3:24:37  time: 1.1184  data_time: 0.0232  memory: 16838  grad_norm: 55.0398  loss: 10.4909  decode.loss_cls: 0.0041  decode.loss_mask: 0.5354  decode.loss_dice: 0.4851  decode.d0.loss_cls: 0.0294  decode.d0.loss_mask: 0.5873  decode.d0.loss_dice: 0.5614  decode.d1.loss_cls: 0.0122  decode.d1.loss_mask: 0.5502  decode.d1.loss_dice: 0.5084  decode.d2.loss_cls: 0.0078  decode.d2.loss_mask: 0.5421  decode.d2.loss_dice: 0.4957  decode.d3.loss_cls: 0.0055  decode.d3.loss_mask: 0.5381  decode.d3.loss_dice: 0.4876  decode.d4.loss_cls: 0.0057  decode.d4.loss_mask: 0.5380  decode.d4.loss_dice: 0.4907  decode.d5.loss_cls: 0.0051  decode.d5.loss_mask: 0.5413  decode.d5.loss_dice: 0.4968  decode.d6.loss_cls: 0.0040  decode.d6.loss_mask: 0.5392  decode.d6.loss_dice: 0.4835  decode.d7.loss_cls: 0.0041  decode.d7.loss_mask: 0.5382  decode.d7.loss_dice: 0.4801  decode.d8.loss_cls: 0.0060  decode.d8.loss_mask: 0.5345  decode.d8.loss_dice: 0.4733
2026/08/04 00:16:06 - mmengine - INFO - Iter(train) [29300/40000]  base_lr: 4.6589e-06 lr: 4.6589e-06  eta: 3:22:43  time: 1.1263  data_time: 0.0239  memory: 16828  grad_norm: 48.0088  loss: 9.4033  decode.loss_cls: 0.0030  decode.loss_mask: 0.5059  decode.loss_dice: 0.4190  decode.d0.loss_cls: 0.0288  decode.d0.loss_mask: 0.5355  decode.d0.loss_dice: 0.4533  decode.d1.loss_cls: 0.0079  decode.d1.loss_mask: 0.5154  decode.d1.loss_dice: 0.4283  decode.d2.loss_cls: 0.0044  decode.d2.loss_mask: 0.5154  decode.d2.loss_dice: 0.4225  decode.d3.loss_cls: 0.0044  decode.d3.loss_mask: 0.5098  decode.d3.loss_dice: 0.4179  decode.d4.loss_cls: 0.0036  decode.d4.loss_mask: 0.5107  decode.d4.loss_dice: 0.4188  decode.d5.loss_cls: 0.0041  decode.d5.loss_mask: 0.5087  decode.d5.loss_dice: 0.4165  decode.d6.loss_cls: 0.0042  decode.d6.loss_mask: 0.5073  decode.d6.loss_dice: 0.4122  decode.d7.loss_cls: 0.0037  decode.d7.loss_mask: 0.5068  decode.d7.loss_dice: 0.4107  decode.d8.loss_cls: 0.0030  decode.d8.loss_mask: 0.5068  decode.d8.loss_dice: 0.4149
2026/08/04 00:18:04 - mmengine - INFO - Iter(train) [29400/40000]  base_lr: 4.5955e-06 lr: 4.5955e-06  eta: 3:20:50  time: 1.1208  data_time: 0.0228  memory: 16845  grad_norm: 93.1550  loss: 15.6605  decode.loss_cls: 0.0108  decode.loss_mask: 0.8734  decode.loss_dice: 0.6312  decode.d0.loss_cls: 0.0385  decode.d0.loss_mask: 0.9981  decode.d0.loss_dice: 0.7422  decode.d1.loss_cls: 0.0142  decode.d1.loss_mask: 0.9117  decode.d1.loss_dice: 0.6772  decode.d2.loss_cls: 0.0131  decode.d2.loss_mask: 0.8944  decode.d2.loss_dice: 0.6534  decode.d3.loss_cls: 0.0118  decode.d3.loss_mask: 0.8880  decode.d3.loss_dice: 0.6382  decode.d4.loss_cls: 0.0119  decode.d4.loss_mask: 0.8804  decode.d4.loss_dice: 0.6440  decode.d5.loss_cls: 0.0095  decode.d5.loss_mask: 0.8820  decode.d5.loss_dice: 0.6473  decode.d6.loss_cls: 0.0112  decode.d6.loss_mask: 0.8808  decode.d6.loss_dice: 0.6497  decode.d7.loss_cls: 0.0080  decode.d7.loss_mask: 0.8804  decode.d7.loss_dice: 0.6468  decode.d8.loss_cls: 0.0094  decode.d8.loss_mask: 0.8795  decode.d8.loss_dice: 0.6233
2026/08/04 00:19:57 - mmengine - INFO - Iter(train) [29500/40000]  base_lr: 4.5325e-06 lr: 4.5325e-06  eta: 3:18:56  time: 1.1189  data_time: 0.0234  memory: 16837  grad_norm: 90.9691  loss: 15.7108  decode.loss_cls: 0.0018  decode.loss_mask: 0.8428  decode.loss_dice: 0.6879  decode.d0.loss_cls: 0.0208  decode.d0.loss_mask: 1.0170  decode.d0.loss_dice: 0.7489  decode.d1.loss_cls: 0.0048  decode.d1.loss_mask: 0.8837  decode.d1.loss_dice: 0.7136  decode.d2.loss_cls: 0.0034  decode.d2.loss_mask: 0.8705  decode.d2.loss_dice: 0.7014  decode.d3.loss_cls: 0.0022  decode.d3.loss_mask: 0.8647  decode.d3.loss_dice: 0.6958  decode.d4.loss_cls: 0.0017  decode.d4.loss_mask: 0.8510  decode.d4.loss_dice: 0.6893  decode.d5.loss_cls: 0.0014  decode.d5.loss_mask: 0.8484  decode.d5.loss_dice: 0.6878  decode.d6.loss_cls: 0.0023  decode.d6.loss_mask: 0.8427  decode.d6.loss_dice: 0.6849  decode.d7.loss_cls: 0.0015  decode.d7.loss_mask: 0.8406  decode.d7.loss_dice: 0.6783  decode.d8.loss_cls: 0.0015  decode.d8.loss_mask: 0.8385  decode.d8.loss_dice: 0.6817
2026/08/04 00:21:49 - mmengine - INFO - Iter(train) [29600/40000]  base_lr: 4.4700e-06 lr: 4.4700e-06  eta: 3:17:02  time: 1.1266  data_time: 0.0246  memory: 16845  grad_norm: 51.3648  loss: 9.7957  decode.loss_cls: 0.0038  decode.loss_mask: 0.5028  decode.loss_dice: 0.4475  decode.d0.loss_cls: 0.0305  decode.d0.loss_mask: 0.5585  decode.d0.loss_dice: 0.5068  decode.d1.loss_cls: 0.0107  decode.d1.loss_mask: 0.5261  decode.d1.loss_dice: 0.4647  decode.d2.loss_cls: 0.0077  decode.d2.loss_mask: 0.5155  decode.d2.loss_dice: 0.4503  decode.d3.loss_cls: 0.0069  decode.d3.loss_mask: 0.5143  decode.d3.loss_dice: 0.4553  decode.d4.loss_cls: 0.0059  decode.d4.loss_mask: 0.5081  decode.d4.loss_dice: 0.4516  decode.d5.loss_cls: 0.0057  decode.d5.loss_mask: 0.5086  decode.d5.loss_dice: 0.4521  decode.d6.loss_cls: 0.0044  decode.d6.loss_mask: 0.5053  decode.d6.loss_dice: 0.4470  decode.d7.loss_cls: 0.0056  decode.d7.loss_mask: 0.5004  decode.d7.loss_dice: 0.4472  decode.d8.loss_cls: 0.0050  decode.d8.loss_mask: 0.5013  decode.d8.loss_dice: 0.4459
2026/08/04 00:23:42 - mmengine - INFO - Iter(train) [29700/40000]  base_lr: 4.4079e-06 lr: 4.4079e-06  eta: 3:15:08  time: 1.1226  data_time: 0.0232  memory: 16828  grad_norm: 48.0422  loss: 10.9874  decode.loss_cls: 0.0020  decode.loss_mask: 0.5763  decode.loss_dice: 0.4992  decode.d0.loss_cls: 0.0229  decode.d0.loss_mask: 0.6490  decode.d0.loss_dice: 0.5468  decode.d1.loss_cls: 0.0070  decode.d1.loss_mask: 0.5924  decode.d1.loss_dice: 0.5150  decode.d2.loss_cls: 0.0062  decode.d2.loss_mask: 0.5837  decode.d2.loss_dice: 0.5041  decode.d3.loss_cls: 0.0025  decode.d3.loss_mask: 0.5801  decode.d3.loss_dice: 0.5030  decode.d4.loss_cls: 0.0023  decode.d4.loss_mask: 0.5795  decode.d4.loss_dice: 0.5000  decode.d5.loss_cls: 0.0024  decode.d5.loss_mask: 0.5752  decode.d5.loss_dice: 0.4947  decode.d6.loss_cls: 0.0024  decode.d6.loss_mask: 0.5770  decode.d6.loss_dice: 0.5072  decode.d7.loss_cls: 0.0021  decode.d7.loss_mask: 0.5780  decode.d7.loss_dice: 0.4948  decode.d8.loss_cls: 0.0020  decode.d8.loss_mask: 0.5771  decode.d8.loss_dice: 0.5024
2026/08/04 00:25:34 - mmengine - INFO - Iter(train) [29800/40000]  base_lr: 4.3462e-06 lr: 4.3462e-06  eta: 3:13:14  time: 1.1119  data_time: 0.0225  memory: 16845  grad_norm: 49.4715  loss: 10.5303  decode.loss_cls: 0.0025  decode.loss_mask: 0.5200  decode.loss_dice: 0.4991  decode.d0.loss_cls: 0.0264  decode.d0.loss_mask: 0.5875  decode.d0.loss_dice: 0.5956  decode.d1.loss_cls: 0.0071  decode.d1.loss_mask: 0.5331  decode.d1.loss_dice: 0.5317  decode.d2.loss_cls: 0.0055  decode.d2.loss_mask: 0.5276  decode.d2.loss_dice: 0.5152  decode.d3.loss_cls: 0.0040  decode.d3.loss_mask: 0.5210  decode.d3.loss_dice: 0.5112  decode.d4.loss_cls: 0.0038  decode.d4.loss_mask: 0.5208  decode.d4.loss_dice: 0.5090  decode.d5.loss_cls: 0.0040  decode.d5.loss_mask: 0.5177  decode.d5.loss_dice: 0.5075  decode.d6.loss_cls: 0.0040  decode.d6.loss_mask: 0.5183  decode.d6.loss_dice: 0.5066  decode.d7.loss_cls: 0.0030  decode.d7.loss_mask: 0.5179  decode.d7.loss_dice: 0.5085  decode.d8.loss_cls: 0.0028  decode.d8.loss_mask: 0.5187  decode.d8.loss_dice: 0.5004
2026/08/04 00:27:30 - mmengine - INFO - Iter(train) [29900/40000]  base_lr: 4.2850e-06 lr: 4.2850e-06  eta: 3:11:21  time: 1.1262  data_time: 0.0224  memory: 16829  grad_norm: 60.7492  loss: 12.4977  decode.loss_cls: 0.0017  decode.loss_mask: 0.6784  decode.loss_dice: 0.5459  decode.d0.loss_cls: 0.0265  decode.d0.loss_mask: 0.7126  decode.d0.loss_dice: 0.5932  decode.d1.loss_cls: 0.0051  decode.d1.loss_mask: 0.6876  decode.d1.loss_dice: 0.5609  decode.d2.loss_cls: 0.0043  decode.d2.loss_mask: 0.6826  decode.d2.loss_dice: 0.5675  decode.d3.loss_cls: 0.0022  decode.d3.loss_mask: 0.6812  decode.d3.loss_dice: 0.5530  decode.d4.loss_cls: 0.0021  decode.d4.loss_mask: 0.6848  decode.d4.loss_dice: 0.5589  decode.d5.loss_cls: 0.0022  decode.d5.loss_mask: 0.6852  decode.d5.loss_dice: 0.5549  decode.d6.loss_cls: 0.0022  decode.d6.loss_mask: 0.6825  decode.d6.loss_dice: 0.5552  decode.d7.loss_cls: 0.0019  decode.d7.loss_mask: 0.6792  decode.d7.loss_dice: 0.5521  decode.d8.loss_cls: 0.0017  decode.d8.loss_mask: 0.6776  decode.d8.loss_dice: 0.5545
2026/08/04 00:29:22 - mmengine - INFO - Exp name: dinov3_m2f_gram_4999_v2_20260803_142922
2026/08/04 00:29:22 - mmengine - INFO - Iter(train) [30000/40000]  base_lr: 4.2242e-06 lr: 4.2242e-06  eta: 3:09:27  time: 1.1219  data_time: 0.0232  memory: 16845  grad_norm: 54.2856  loss: 13.1896  decode.loss_cls: 0.0021  decode.loss_mask: 0.7037  decode.loss_dice: 0.5866  decode.d0.loss_cls: 0.0231  decode.d0.loss_mask: 0.7675  decode.d0.loss_dice: 0.6402  decode.d1.loss_cls: 0.0042  decode.d1.loss_mask: 0.7325  decode.d1.loss_dice: 0.6028  decode.d2.loss_cls: 0.0024  decode.d2.loss_mask: 0.7222  decode.d2.loss_dice: 0.5956  decode.d3.loss_cls: 0.0024  decode.d3.loss_mask: 0.7171  decode.d3.loss_dice: 0.5927  decode.d4.loss_cls: 0.0021  decode.d4.loss_mask: 0.7163  decode.d4.loss_dice: 0.5859  decode.d5.loss_cls: 0.0020  decode.d5.loss_mask: 0.7092  decode.d5.loss_dice: 0.5848  decode.d6.loss_cls: 0.0022  decode.d6.loss_mask: 0.7106  decode.d6.loss_dice: 0.5888  decode.d7.loss_cls: 0.0022  decode.d7.loss_mask: 0.7050  decode.d7.loss_dice: 0.5932  decode.d8.loss_cls: 0.0026  decode.d8.loss_mask: 0.7024  decode.d8.loss_dice: 0.5871
2026/08/04 00:29:22 - mmengine - INFO - Saving checkpoint at 30000 iterations
2026/08/04 00:30:24 - mmengine - INFO - Iter(val) [100/252]    eta: 0:01:05  time: 0.4067  data_time: 0.0139  memory: 4705  
2026/08/04 00:31:05 - mmengine - INFO - Iter(val) [200/252]    eta: 0:00:21  time: 0.4058  data_time: 0.0135  memory: 4705  
2026/08/04 00:31:30 - mmengine - INFO - per class results:
2026/08/04 00:31:30 - mmengine - INFO - 
+--------------------+-------+-------+--------+-----------+--------+
|       Class        |  IoU  |  Acc  | Fscore | Precision | Recall |
+--------------------+-------+-------+--------+-----------+--------+
| impervious_surface | 86.59 | 90.14 | 92.81  |   95.65   | 90.14  |
|      building      |  95.7 | 97.44 |  97.8  |   98.16   | 97.44  |
|   low_vegetation   | 81.28 | 93.55 | 89.67  |   86.11   | 93.55  |
|        tree        |  81.9 | 88.13 | 90.05  |   92.05   | 88.13  |
|        car         | 93.64 | 94.78 | 96.72  |   98.74   | 94.78  |
+--------------------+-------+-------+--------+-----------+--------+
2026/08/04 00:31:30 - mmengine - INFO - Iter(val) [252/252]    aAcc: 92.0800  mIoU: 87.8200  mAcc: 92.8100  mFscore: 93.4100  mPrecision: 94.1400  mRecall: 92.8100  data_time: 0.0226  time: 0.4154
2026/08/04 00:33:23 - mmengine - INFO - Iter(train) [30100/40000]  base_lr: 4.1639e-06 lr: 4.1639e-06  eta: 3:07:34  time: 1.1184  data_time: 0.0229  memory: 16821  grad_norm: 74.4513  loss: 13.0318  decode.loss_cls: 0.0142  decode.loss_mask: 0.6671  decode.loss_dice: 0.5372  decode.d0.loss_cls: 0.0621  decode.d0.loss_mask: 0.9270  decode.d0.loss_dice: 0.7845  decode.d1.loss_cls: 0.0227  decode.d1.loss_mask: 0.7304  decode.d1.loss_dice: 0.5715  decode.d2.loss_cls: 0.0204  decode.d2.loss_mask: 0.6963  decode.d2.loss_dice: 0.5553  decode.d3.loss_cls: 0.0196  decode.d3.loss_mask: 0.6788  decode.d3.loss_dice: 0.5639  decode.d4.loss_cls: 0.0162  decode.d4.loss_mask: 0.6787  decode.d4.loss_dice: 0.5502  decode.d5.loss_cls: 0.0171  decode.d5.loss_mask: 0.6762  decode.d5.loss_dice: 0.5384  decode.d6.loss_cls: 0.0148  decode.d6.loss_mask: 0.6732  decode.d6.loss_dice: 0.5590  decode.d7.loss_cls: 0.0162  decode.d7.loss_mask: 0.6710  decode.d7.loss_dice: 0.5475  decode.d8.loss_cls: 0.0135  decode.d8.loss_mask: 0.6680  decode.d8.loss_dice: 0.5411
2026/08/04 00:35:15 - mmengine - INFO - Iter(train) [30200/40000]  base_lr: 4.1040e-06 lr: 4.1040e-06  eta: 3:05:40  time: 1.1174  data_time: 0.0235  memory: 16845  grad_norm: 86.9118  loss: 14.6524  decode.loss_cls: 0.0102  decode.loss_mask: 0.7403  decode.loss_dice: 0.6542  decode.d0.loss_cls: 0.0323  decode.d0.loss_mask: 0.8789  decode.d0.loss_dice: 0.8111  decode.d1.loss_cls: 0.0155  decode.d1.loss_mask: 0.7958  decode.d1.loss_dice: 0.7148  decode.d2.loss_cls: 0.0141  decode.d2.loss_mask: 0.7633  decode.d2.loss_dice: 0.6829  decode.d3.loss_cls: 0.0112  decode.d3.loss_mask: 0.7630  decode.d3.loss_dice: 0.6672  decode.d4.loss_cls: 0.0106  decode.d4.loss_mask: 0.7550  decode.d4.loss_dice: 0.6598  decode.d5.loss_cls: 0.0095  decode.d5.loss_mask: 0.7512  decode.d5.loss_dice: 0.6673  decode.d6.loss_cls: 0.0081  decode.d6.loss_mask: 0.7497  decode.d6.loss_dice: 0.6700  decode.d7.loss_cls: 0.0102  decode.d7.loss_mask: 0.7415  decode.d7.loss_dice: 0.6523  decode.d8.loss_cls: 0.0094  decode.d8.loss_mask: 0.7421  decode.d8.loss_dice: 0.6609
2026/08/04 00:37:11 - mmengine - INFO - Iter(train) [30300/40000]  base_lr: 4.0446e-06 lr: 4.0446e-06  eta: 3:03:47  time: 1.1458  data_time: 0.0237  memory: 16845  grad_norm: 77.2515  loss: 14.2014  decode.loss_cls: 0.0031  decode.loss_mask: 0.8000  decode.loss_dice: 0.5965  decode.d0.loss_cls: 0.0335  decode.d0.loss_mask: 0.8854  decode.d0.loss_dice: 0.6364  decode.d1.loss_cls: 0.0096  decode.d1.loss_mask: 0.8070  decode.d1.loss_dice: 0.6154  decode.d2.loss_cls: 0.0065  decode.d2.loss_mask: 0.8088  decode.d2.loss_dice: 0.6053  decode.d3.loss_cls: 0.0050  decode.d3.loss_mask: 0.8048  decode.d3.loss_dice: 0.5954  decode.d4.loss_cls: 0.0049  decode.d4.loss_mask: 0.8041  decode.d4.loss_dice: 0.6025  decode.d5.loss_cls: 0.0043  decode.d5.loss_mask: 0.8066  decode.d5.loss_dice: 0.5856  decode.d6.loss_cls: 0.0040  decode.d6.loss_mask: 0.8007  decode.d6.loss_dice: 0.5854  decode.d7.loss_cls: 0.0032  decode.d7.loss_mask: 0.7982  decode.d7.loss_dice: 0.5955  decode.d8.loss_cls: 0.0041  decode.d8.loss_mask: 0.7996  decode.d8.loss_dice: 0.5900
2026/08/04 00:39:03 - mmengine - INFO - Iter(train) [30400/40000]  base_lr: 3.9856e-06 lr: 3.9856e-06  eta: 3:01:53  time: 1.1266  data_time: 0.0241  memory: 16845  grad_norm: 38.5821  loss: 8.0961  decode.loss_cls: 0.0032  decode.loss_mask: 0.4271  decode.loss_dice: 0.3634  decode.d0.loss_cls: 0.0256  decode.d0.loss_mask: 0.4477  decode.d0.loss_dice: 0.4005  decode.d1.loss_cls: 0.0087  decode.d1.loss_mask: 0.4382  decode.d1.loss_dice: 0.3837  decode.d2.loss_cls: 0.0042  decode.d2.loss_mask: 0.4344  decode.d2.loss_dice: 0.3756  decode.d3.loss_cls: 0.0047  decode.d3.loss_mask: 0.4315  decode.d3.loss_dice: 0.3735  decode.d4.loss_cls: 0.0041  decode.d4.loss_mask: 0.4290  decode.d4.loss_dice: 0.3604  decode.d5.loss_cls: 0.0038  decode.d5.loss_mask: 0.4298  decode.d5.loss_dice: 0.3654  decode.d6.loss_cls: 0.0034  decode.d6.loss_mask: 0.4280  decode.d6.loss_dice: 0.3638  decode.d7.loss_cls: 0.0032  decode.d7.loss_mask: 0.4302  decode.d7.loss_dice: 0.3660  decode.d8.loss_cls: 0.0029  decode.d8.loss_mask: 0.4318  decode.d8.loss_dice: 0.3525
2026/08/04 00:40:55 - mmengine - INFO - Iter(train) [30500/40000]  base_lr: 3.9272e-06 lr: 3.9272e-06  eta: 2:59:59  time: 1.1234  data_time: 0.0239  memory: 16838  grad_norm: 54.8333  loss: 10.4106  decode.loss_cls: 0.0045  decode.loss_mask: 0.5414  decode.loss_dice: 0.4734  decode.d0.loss_cls: 0.0290  decode.d0.loss_mask: 0.5741  decode.d0.loss_dice: 0.5468  decode.d1.loss_cls: 0.0154  decode.d1.loss_mask: 0.5459  decode.d1.loss_dice: 0.4821  decode.d2.loss_cls: 0.0090  decode.d2.loss_mask: 0.5463  decode.d2.loss_dice: 0.4966  decode.d3.loss_cls: 0.0070  decode.d3.loss_mask: 0.5429  decode.d3.loss_dice: 0.4902  decode.d4.loss_cls: 0.0068  decode.d4.loss_mask: 0.5410  decode.d4.loss_dice: 0.4802  decode.d5.loss_cls: 0.0064  decode.d5.loss_mask: 0.5394  decode.d5.loss_dice: 0.4699  decode.d6.loss_cls: 0.0067  decode.d6.loss_mask: 0.5402  decode.d6.loss_dice: 0.4726  decode.d7.loss_cls: 0.0051  decode.d7.loss_mask: 0.5403  decode.d7.loss_dice: 0.4768  decode.d8.loss_cls: 0.0042  decode.d8.loss_mask: 0.5426  decode.d8.loss_dice: 0.4735
2026/08/04 00:42:48 - mmengine - INFO - Iter(train) [30600/40000]  base_lr: 3.8692e-06 lr: 3.8692e-06  eta: 2:58:05  time: 1.1228  data_time: 0.0244  memory: 16828  grad_norm: 39.3719  loss: 7.9455  decode.loss_cls: 0.0028  decode.loss_mask: 0.4299  decode.loss_dice: 0.3490  decode.d0.loss_cls: 0.0294  decode.d0.loss_mask: 0.4528  decode.d0.loss_dice: 0.3888  decode.d1.loss_cls: 0.0090  decode.d1.loss_mask: 0.4358  decode.d1.loss_dice: 0.3602  decode.d2.loss_cls: 0.0032  decode.d2.loss_mask: 0.4357  decode.d2.loss_dice: 0.3510  decode.d3.loss_cls: 0.0021  decode.d3.loss_mask: 0.4337  decode.d3.loss_dice: 0.3544  decode.d4.loss_cls: 0.0027  decode.d4.loss_mask: 0.4311  decode.d4.loss_dice: 0.3456  decode.d5.loss_cls: 0.0032  decode.d5.loss_mask: 0.4298  decode.d5.loss_dice: 0.3507  decode.d6.loss_cls: 0.0028  decode.d6.loss_mask: 0.4313  decode.d6.loss_dice: 0.3479  decode.d7.loss_cls: 0.0023  decode.d7.loss_mask: 0.4326  decode.d7.loss_dice: 0.3463  decode.d8.loss_cls: 0.0023  decode.d8.loss_mask: 0.4309  decode.d8.loss_dice: 0.3483
2026/08/04 00:44:45 - mmengine - INFO - Iter(train) [30700/40000]  base_lr: 3.8116e-06 lr: 3.8116e-06  eta: 2:56:12  time: 1.1146  data_time: 0.0247  memory: 16845  grad_norm: 100.3394  loss: 15.7131  decode.loss_cls: 0.0056  decode.loss_mask: 0.8886  decode.loss_dice: 0.6366  decode.d0.loss_cls: 0.0330  decode.d0.loss_mask: 1.0011  decode.d0.loss_dice: 0.7288  decode.d1.loss_cls: 0.0107  decode.d1.loss_mask: 0.9167  decode.d1.loss_dice: 0.6715  decode.d2.loss_cls: 0.0109  decode.d2.loss_mask: 0.9025  decode.d2.loss_dice: 0.6510  decode.d3.loss_cls: 0.0081  decode.d3.loss_mask: 0.8985  decode.d3.loss_dice: 0.6383  decode.d4.loss_cls: 0.0072  decode.d4.loss_mask: 0.8898  decode.d4.loss_dice: 0.6426  decode.d5.loss_cls: 0.0063  decode.d5.loss_mask: 0.8932  decode.d5.loss_dice: 0.6419  decode.d6.loss_cls: 0.0073  decode.d6.loss_mask: 0.8946  decode.d6.loss_dice: 0.6372  decode.d7.loss_cls: 0.0059  decode.d7.loss_mask: 0.8962  decode.d7.loss_dice: 0.6538  decode.d8.loss_cls: 0.0052  decode.d8.loss_mask: 0.8909  decode.d8.loss_dice: 0.6389
2026/08/04 00:46:37 - mmengine - INFO - Iter(train) [30800/40000]  base_lr: 3.7546e-06 lr: 3.7546e-06  eta: 2:54:18  time: 1.1266  data_time: 0.0239  memory: 16845  grad_norm: 76.4534  loss: 14.3606  decode.loss_cls: 0.0033  decode.loss_mask: 0.7813  decode.loss_dice: 0.6173  decode.d0.loss_cls: 0.0213  decode.d0.loss_mask: 0.9073  decode.d0.loss_dice: 0.6667  decode.d1.loss_cls: 0.0071  decode.d1.loss_mask: 0.8131  decode.d1.loss_dice: 0.6447  decode.d2.loss_cls: 0.0050  decode.d2.loss_mask: 0.8041  decode.d2.loss_dice: 0.6344  decode.d3.loss_cls: 0.0035  decode.d3.loss_mask: 0.7965  decode.d3.loss_dice: 0.6276  decode.d4.loss_cls: 0.0034  decode.d4.loss_mask: 0.7873  decode.d4.loss_dice: 0.6267  decode.d5.loss_cls: 0.0034  decode.d5.loss_mask: 0.7826  decode.d5.loss_dice: 0.6249  decode.d6.loss_cls: 0.0047  decode.d6.loss_mask: 0.7822  decode.d6.loss_dice: 0.6161  decode.d7.loss_cls: 0.0035  decode.d7.loss_mask: 0.7806  decode.d7.loss_dice: 0.6145  decode.d8.loss_cls: 0.0031  decode.d8.loss_mask: 0.7773  decode.d8.loss_dice: 0.6172
2026/08/04 00:48:30 - mmengine - INFO - Iter(train) [30900/40000]  base_lr: 3.6980e-06 lr: 3.6980e-06  eta: 2:52:24  time: 1.1257  data_time: 0.0246  memory: 16845  grad_norm: 51.3299  loss: 9.5903  decode.loss_cls: 0.0052  decode.loss_mask: 0.4841  decode.loss_dice: 0.4431  decode.d0.loss_cls: 0.0331  decode.d0.loss_mask: 0.5389  decode.d0.loss_dice: 0.4989  decode.d1.loss_cls: 0.0142  decode.d1.loss_mask: 0.5077  decode.d1.loss_dice: 0.4603  decode.d2.loss_cls: 0.0093  decode.d2.loss_mask: 0.4999  decode.d2.loss_dice: 0.4562  decode.d3.loss_cls: 0.0089  decode.d3.loss_mask: 0.4916  decode.d3.loss_dice: 0.4510  decode.d4.loss_cls: 0.0092  decode.d4.loss_mask: 0.4894  decode.d4.loss_dice: 0.4430  decode.d5.loss_cls: 0.0072  decode.d5.loss_mask: 0.4868  decode.d5.loss_dice: 0.4494  decode.d6.loss_cls: 0.0066  decode.d6.loss_mask: 0.4854  decode.d6.loss_dice: 0.4465  decode.d7.loss_cls: 0.0076  decode.d7.loss_mask: 0.4823  decode.d7.loss_dice: 0.4405  decode.d8.loss_cls: 0.0062  decode.d8.loss_mask: 0.4823  decode.d8.loss_dice: 0.4456
2026/08/04 00:50:23 - mmengine - INFO - Exp name: dinov3_m2f_gram_4999_v2_20260803_142922
2026/08/04 00:50:23 - mmengine - INFO - Iter(train) [31000/40000]  base_lr: 3.6420e-06 lr: 3.6420e-06  eta: 2:50:30  time: 1.1167  data_time: 0.0236  memory: 16828  grad_norm: 50.0152  loss: 9.6355  decode.loss_cls: 0.0035  decode.loss_mask: 0.5060  decode.loss_dice: 0.4354  decode.d0.loss_cls: 0.0368  decode.d0.loss_mask: 0.5772  decode.d0.loss_dice: 0.4819  decode.d1.loss_cls: 0.0097  decode.d1.loss_mask: 0.5174  decode.d1.loss_dice: 0.4453  decode.d2.loss_cls: 0.0079  decode.d2.loss_mask: 0.5118  decode.d2.loss_dice: 0.4401  decode.d3.loss_cls: 0.0064  decode.d3.loss_mask: 0.5088  decode.d3.loss_dice: 0.4396  decode.d4.loss_cls: 0.0046  decode.d4.loss_mask: 0.5032  decode.d4.loss_dice: 0.4329  decode.d5.loss_cls: 0.0037  decode.d5.loss_mask: 0.5021  decode.d5.loss_dice: 0.4445  decode.d6.loss_cls: 0.0044  decode.d6.loss_mask: 0.5038  decode.d6.loss_dice: 0.4296  decode.d7.loss_cls: 0.0038  decode.d7.loss_mask: 0.5049  decode.d7.loss_dice: 0.4218  decode.d8.loss_cls: 0.0035  decode.d8.loss_mask: 0.5027  decode.d8.loss_dice: 0.4420
2026/08/04 00:52:15 - mmengine - INFO - Iter(train) [31100/40000]  base_lr: 3.5864e-06 lr: 3.5864e-06  eta: 2:48:36  time: 1.1226  data_time: 0.0235  memory: 16845  grad_norm: 59.1071  loss: 11.7264  decode.loss_cls: 0.0034  decode.loss_mask: 0.6058  decode.loss_dice: 0.5340  decode.d0.loss_cls: 0.0309  decode.d0.loss_mask: 0.6866  decode.d0.loss_dice: 0.6082  decode.d1.loss_cls: 0.0068  decode.d1.loss_mask: 0.6256  decode.d1.loss_dice: 0.5525  decode.d2.loss_cls: 0.0047  decode.d2.loss_mask: 0.6213  decode.d2.loss_dice: 0.5501  decode.d3.loss_cls: 0.0047  decode.d3.loss_mask: 0.6156  decode.d3.loss_dice: 0.5364  decode.d4.loss_cls: 0.0044  decode.d4.loss_mask: 0.6144  decode.d4.loss_dice: 0.5366  decode.d5.loss_cls: 0.0037  decode.d5.loss_mask: 0.6095  decode.d5.loss_dice: 0.5310  decode.d6.loss_cls: 0.0040  decode.d6.loss_mask: 0.6103  decode.d6.loss_dice: 0.5325  decode.d7.loss_cls: 0.0040  decode.d7.loss_mask: 0.6066  decode.d7.loss_dice: 0.5288  decode.d8.loss_cls: 0.0034  decode.d8.loss_mask: 0.6105  decode.d8.loss_dice: 0.5399
2026/08/04 00:54:11 - mmengine - INFO - Iter(train) [31200/40000]  base_lr: 3.5313e-06 lr: 3.5313e-06  eta: 2:46:43  time: 1.1248  data_time: 0.0244  memory: 16829  grad_norm: 55.8424  loss: 11.7039  decode.loss_cls: 0.0019  decode.loss_mask: 0.6294  decode.loss_dice: 0.5230  decode.d0.loss_cls: 0.0242  decode.d0.loss_mask: 0.6793  decode.d0.loss_dice: 0.5560  decode.d1.loss_cls: 0.0059  decode.d1.loss_mask: 0.6423  decode.d1.loss_dice: 0.5336  decode.d2.loss_cls: 0.0055  decode.d2.loss_mask: 0.6375  decode.d2.loss_dice: 0.5182  decode.d3.loss_cls: 0.0046  decode.d3.loss_mask: 0.6404  decode.d3.loss_dice: 0.5257  decode.d4.loss_cls: 0.0022  decode.d4.loss_mask: 0.6360  decode.d4.loss_dice: 0.5225  decode.d5.loss_cls: 0.0021  decode.d5.loss_mask: 0.6359  decode.d5.loss_dice: 0.5191  decode.d6.loss_cls: 0.0023  decode.d6.loss_mask: 0.6336  decode.d6.loss_dice: 0.5164  decode.d7.loss_cls: 0.0025  decode.d7.loss_mask: 0.6323  decode.d7.loss_dice: 0.5142  decode.d8.loss_cls: 0.0018  decode.d8.loss_mask: 0.6316  decode.d8.loss_dice: 0.5242
2026/08/04 00:56:04 - mmengine - INFO - Iter(train) [31300/40000]  base_lr: 3.4768e-06 lr: 3.4768e-06  eta: 2:44:49  time: 1.1250  data_time: 0.0239  memory: 16845  grad_norm: 52.5165  loss: 12.0802  decode.loss_cls: 0.0019  decode.loss_mask: 0.6302  decode.loss_dice: 0.5587  decode.d0.loss_cls: 0.0243  decode.d0.loss_mask: 0.6857  decode.d0.loss_dice: 0.6087  decode.d1.loss_cls: 0.0055  decode.d1.loss_mask: 0.6584  decode.d1.loss_dice: 0.5678  decode.d2.loss_cls: 0.0027  decode.d2.loss_mask: 0.6511  decode.d2.loss_dice: 0.5539  decode.d3.loss_cls: 0.0021  decode.d3.loss_mask: 0.6431  decode.d3.loss_dice: 0.5488  decode.d4.loss_cls: 0.0021  decode.d4.loss_mask: 0.6404  decode.d4.loss_dice: 0.5477  decode.d5.loss_cls: 0.0018  decode.d5.loss_mask: 0.6350  decode.d5.loss_dice: 0.5503  decode.d6.loss_cls: 0.0019  decode.d6.loss_mask: 0.6366  decode.d6.loss_dice: 0.5509  decode.d7.loss_cls: 0.0020  decode.d7.loss_mask: 0.6323  decode.d7.loss_dice: 0.5535  decode.d8.loss_cls: 0.0022  decode.d8.loss_mask: 0.6308  decode.d8.loss_dice: 0.5498
2026/08/04 00:57:56 - mmengine - INFO - Iter(train) [31400/40000]  base_lr: 3.4227e-06 lr: 3.4227e-06  eta: 2:42:55  time: 1.1160  data_time: 0.0234  memory: 16812  grad_norm: 60.2483  loss: 12.2390  decode.loss_cls: 0.0096  decode.loss_mask: 0.6354  decode.loss_dice: 0.5272  decode.d0.loss_cls: 0.0311  decode.d0.loss_mask: 0.7560  decode.d0.loss_dice: 0.6589  decode.d1.loss_cls: 0.0151  decode.d1.loss_mask: 0.6684  decode.d1.loss_dice: 0.5594  decode.d2.loss_cls: 0.0143  decode.d2.loss_mask: 0.6544  decode.d2.loss_dice: 0.5437  decode.d3.loss_cls: 0.0149  decode.d3.loss_mask: 0.6458  decode.d3.loss_dice: 0.5464  decode.d4.loss_cls: 0.0120  decode.d4.loss_mask: 0.6437  decode.d4.loss_dice: 0.5442  decode.d5.loss_cls: 0.0109  decode.d5.loss_mask: 0.6423  decode.d5.loss_dice: 0.5390  decode.d6.loss_cls: 0.0103  decode.d6.loss_mask: 0.6406  decode.d6.loss_dice: 0.5345  decode.d7.loss_cls: 0.0114  decode.d7.loss_mask: 0.6415  decode.d7.loss_dice: 0.5387  decode.d8.loss_cls: 0.0090  decode.d8.loss_mask: 0.6397  decode.d8.loss_dice: 0.5406
2026/08/04 00:59:49 - mmengine - INFO - Iter(train) [31500/40000]  base_lr: 3.3691e-06 lr: 3.3691e-06  eta: 2:41:01  time: 1.1197  data_time: 0.0231  memory: 16845  grad_norm: 86.6656  loss: 13.6838  decode.loss_cls: 0.0074  decode.loss_mask: 0.7033  decode.loss_dice: 0.6030  decode.d0.loss_cls: 0.0307  decode.d0.loss_mask: 0.8986  decode.d0.loss_dice: 0.7465  decode.d1.loss_cls: 0.0120  decode.d1.loss_mask: 0.7578  decode.d1.loss_dice: 0.6540  decode.d2.loss_cls: 0.0092  decode.d2.loss_mask: 0.7282  decode.d2.loss_dice: 0.6224  decode.d3.loss_cls: 0.0081  decode.d3.loss_mask: 0.7184  decode.d3.loss_dice: 0.6094  decode.d4.loss_cls: 0.0076  decode.d4.loss_mask: 0.7141  decode.d4.loss_dice: 0.6048  decode.d5.loss_cls: 0.0073  decode.d5.loss_mask: 0.7112  decode.d5.loss_dice: 0.6015  decode.d6.loss_cls: 0.0072  decode.d6.loss_mask: 0.7043  decode.d6.loss_dice: 0.6015  decode.d7.loss_cls: 0.0077  decode.d7.loss_mask: 0.7038  decode.d7.loss_dice: 0.5983  decode.d8.loss_cls: 0.0074  decode.d8.loss_mask: 0.7001  decode.d8.loss_dice: 0.5984
2026/08/04 01:01:45 - mmengine - INFO - Iter(train) [31600/40000]  base_lr: 3.3161e-06 lr: 3.3161e-06  eta: 2:39:08  time: 1.1364  data_time: 0.0239  memory: 16845  grad_norm: 68.4695  loss: 13.2995  decode.loss_cls: 0.0036  decode.loss_mask: 0.7639  decode.loss_dice: 0.5489  decode.d0.loss_cls: 0.0273  decode.d0.loss_mask: 0.8221  decode.d0.loss_dice: 0.5702  decode.d1.loss_cls: 0.0081  decode.d1.loss_mask: 0.7768  decode.d1.loss_dice: 0.5617  decode.d2.loss_cls: 0.0038  decode.d2.loss_mask: 0.7709  decode.d2.loss_dice: 0.5564  decode.d3.loss_cls: 0.0037  decode.d3.loss_mask: 0.7692  decode.d3.loss_dice: 0.5436  decode.d4.loss_cls: 0.0032  decode.d4.loss_mask: 0.7696  decode.d4.loss_dice: 0.5464  decode.d5.loss_cls: 0.0034  decode.d5.loss_mask: 0.7675  decode.d5.loss_dice: 0.5437  decode.d6.loss_cls: 0.0037  decode.d6.loss_mask: 0.7655  decode.d6.loss_dice: 0.5425  decode.d7.loss_cls: 0.0041  decode.d7.loss_mask: 0.7591  decode.d7.loss_dice: 0.5481  decode.d8.loss_cls: 0.0030  decode.d8.loss_mask: 0.7631  decode.d8.loss_dice: 0.5464
2026/08/04 01:03:39 - mmengine - INFO - Iter(train) [31700/40000]  base_lr: 3.2636e-06 lr: 3.2636e-06  eta: 2:37:14  time: 1.1428  data_time: 0.0234  memory: 16845  grad_norm: 48.2474  loss: 10.1852  decode.loss_cls: 0.0081  decode.loss_mask: 0.5320  decode.loss_dice: 0.4479  decode.d0.loss_cls: 0.0298  decode.d0.loss_mask: 0.5602  decode.d0.loss_dice: 0.5241  decode.d1.loss_cls: 0.0132  decode.d1.loss_mask: 0.5434  decode.d1.loss_dice: 0.4768  decode.d2.loss_cls: 0.0098  decode.d2.loss_mask: 0.5423  decode.d2.loss_dice: 0.5007  decode.d3.loss_cls: 0.0089  decode.d3.loss_mask: 0.5372  decode.d3.loss_dice: 0.4627  decode.d4.loss_cls: 0.0073  decode.d4.loss_mask: 0.5323  decode.d4.loss_dice: 0.4580  decode.d5.loss_cls: 0.0093  decode.d5.loss_mask: 0.5299  decode.d5.loss_dice: 0.4569  decode.d6.loss_cls: 0.0080  decode.d6.loss_mask: 0.5338  decode.d6.loss_dice: 0.4702  decode.d7.loss_cls: 0.0075  decode.d7.loss_mask: 0.5312  decode.d7.loss_dice: 0.4553  decode.d8.loss_cls: 0.0071  decode.d8.loss_mask: 0.5348  decode.d8.loss_dice: 0.4466
2026/08/04 01:05:32 - mmengine - INFO - Iter(train) [31800/40000]  base_lr: 3.2116e-06 lr: 3.2116e-06  eta: 2:35:21  time: 1.1465  data_time: 0.0218  memory: 16838  grad_norm: 50.5551  loss: 10.0218  decode.loss_cls: 0.0041  decode.loss_mask: 0.5097  decode.loss_dice: 0.4669  decode.d0.loss_cls: 0.0273  decode.d0.loss_mask: 0.5329  decode.d0.loss_dice: 0.5258  decode.d1.loss_cls: 0.0106  decode.d1.loss_mask: 0.5117  decode.d1.loss_dice: 0.4824  decode.d2.loss_cls: 0.0085  decode.d2.loss_mask: 0.5126  decode.d2.loss_dice: 0.4884  decode.d3.loss_cls: 0.0084  decode.d3.loss_mask: 0.5117  decode.d3.loss_dice: 0.4773  decode.d4.loss_cls: 0.0066  decode.d4.loss_mask: 0.5100  decode.d4.loss_dice: 0.4773  decode.d5.loss_cls: 0.0063  decode.d5.loss_mask: 0.5089  decode.d5.loss_dice: 0.4758  decode.d6.loss_cls: 0.0065  decode.d6.loss_mask: 0.5089  decode.d6.loss_dice: 0.4694  decode.d7.loss_cls: 0.0074  decode.d7.loss_mask: 0.5121  decode.d7.loss_dice: 0.4800  decode.d8.loss_cls: 0.0039  decode.d8.loss_mask: 0.5075  decode.d8.loss_dice: 0.4628
2026/08/04 01:07:25 - mmengine - INFO - Iter(train) [31900/40000]  base_lr: 3.1601e-06 lr: 3.1601e-06  eta: 2:33:27  time: 1.1442  data_time: 0.0237  memory: 16828  grad_norm: 50.8862  loss: 9.3169  decode.loss_cls: 0.0036  decode.loss_mask: 0.5070  decode.loss_dice: 0.4048  decode.d0.loss_cls: 0.0316  decode.d0.loss_mask: 0.5434  decode.d0.loss_dice: 0.4534  decode.d1.loss_cls: 0.0102  decode.d1.loss_mask: 0.5208  decode.d1.loss_dice: 0.4227  decode.d2.loss_cls: 0.0047  decode.d2.loss_mask: 0.5163  decode.d2.loss_dice: 0.4199  decode.d3.loss_cls: 0.0043  decode.d3.loss_mask: 0.5126  decode.d3.loss_dice: 0.4123  decode.d4.loss_cls: 0.0045  decode.d4.loss_mask: 0.5058  decode.d4.loss_dice: 0.4050  decode.d5.loss_cls: 0.0037  decode.d5.loss_mask: 0.5055  decode.d5.loss_dice: 0.4036  decode.d6.loss_cls: 0.0039  decode.d6.loss_mask: 0.5035  decode.d6.loss_dice: 0.3982  decode.d7.loss_cls: 0.0039  decode.d7.loss_mask: 0.5049  decode.d7.loss_dice: 0.4007  decode.d8.loss_cls: 0.0039  decode.d8.loss_mask: 0.5050  decode.d8.loss_dice: 0.3972
2026/08/04 01:09:22 - mmengine - INFO - Exp name: dinov3_m2f_gram_4999_v2_20260803_142922
2026/08/04 01:09:22 - mmengine - INFO - Iter(train) [32000/40000]  base_lr: 3.1092e-06 lr: 3.1092e-06  eta: 2:31:34  time: 1.1351  data_time: 0.0215  memory: 16845  grad_norm: 101.9218  loss: 14.3813  decode.loss_cls: 0.0109  decode.loss_mask: 0.7727  decode.loss_dice: 0.6009  decode.d0.loss_cls: 0.0409  decode.d0.loss_mask: 0.9228  decode.d0.loss_dice: 0.7512  decode.d1.loss_cls: 0.0149  decode.d1.loss_mask: 0.8136  decode.d1.loss_dice: 0.6635  decode.d2.loss_cls: 0.0170  decode.d2.loss_mask: 0.7872  decode.d2.loss_dice: 0.6182  decode.d3.loss_cls: 0.0139  decode.d3.loss_mask: 0.7843  decode.d3.loss_dice: 0.6058  decode.d4.loss_cls: 0.0137  decode.d4.loss_mask: 0.7792  decode.d4.loss_dice: 0.6052  decode.d5.loss_cls: 0.0133  decode.d5.loss_mask: 0.7768  decode.d5.loss_dice: 0.6037  decode.d6.loss_cls: 0.0133  decode.d6.loss_mask: 0.7803  decode.d6.loss_dice: 0.5926  decode.d7.loss_cls: 0.0109  decode.d7.loss_mask: 0.7756  decode.d7.loss_dice: 0.6109  decode.d8.loss_cls: 0.0126  decode.d8.loss_mask: 0.7745  decode.d8.loss_dice: 0.6008
2026/08/04 01:09:22 - mmengine - INFO - Saving checkpoint at 32000 iterations
2026/08/04 01:10:22 - mmengine - INFO - Iter(val) [100/252]    eta: 0:01:04  time: 0.4065  data_time: 0.0143  memory: 4705  
2026/08/04 01:11:03 - mmengine - INFO - Iter(val) [200/252]    eta: 0:00:21  time: 0.4077  data_time: 0.0136  memory: 4705  
2026/08/04 01:11:28 - mmengine - INFO - per class results:
2026/08/04 01:11:28 - mmengine - INFO - 
+--------------------+-------+-------+--------+-----------+--------+
|       Class        |  IoU  |  Acc  | Fscore | Precision | Recall |
+--------------------+-------+-------+--------+-----------+--------+
| impervious_surface | 86.07 | 91.93 | 92.51  |    93.1   | 91.93  |
|      building      | 92.42 | 98.19 | 96.06  |   94.02   | 98.19  |
|   low_vegetation   | 77.07 | 93.05 | 87.05  |   81.77   | 93.05  |
|        tree        | 76.47 | 79.11 | 86.67  |   95.83   | 79.11  |
|        car         | 92.99 | 95.94 | 96.37  |   96.81   | 95.94  |
+--------------------+-------+-------+--------+-----------+--------+
2026/08/04 01:11:28 - mmengine - INFO - Iter(val) [252/252]    aAcc: 90.0300  mIoU: 85.0000  mAcc: 91.6400  mFscore: 91.7300  mPrecision: 92.3000  mRecall: 91.6400  data_time: 0.0202  time: 0.4130
2026/08/04 01:13:21 - mmengine - INFO - Iter(train) [32100/40000]  base_lr: 3.0588e-06 lr: 3.0588e-06  eta: 2:29:41  time: 1.1275  data_time: 0.0241  memory: 16845  grad_norm: 70.5282  loss: 13.4805  decode.loss_cls: 0.0054  decode.loss_mask: 0.7503  decode.loss_dice: 0.5696  decode.d0.loss_cls: 0.0236  decode.d0.loss_mask: 0.8418  decode.d0.loss_dice: 0.6088  decode.d1.loss_cls: 0.0088  decode.d1.loss_mask: 0.7747  decode.d1.loss_dice: 0.5890  decode.d2.loss_cls: 0.0067  decode.d2.loss_mask: 0.7634  decode.d2.loss_dice: 0.5790  decode.d3.loss_cls: 0.0057  decode.d3.loss_mask: 0.7578  decode.d3.loss_dice: 0.5741  decode.d4.loss_cls: 0.0054  decode.d4.loss_mask: 0.7541  decode.d4.loss_dice: 0.5731  decode.d5.loss_cls: 0.0054  decode.d5.loss_mask: 0.7489  decode.d5.loss_dice: 0.5707  decode.d6.loss_cls: 0.0051  decode.d6.loss_mask: 0.7517  decode.d6.loss_dice: 0.5686  decode.d7.loss_cls: 0.0053  decode.d7.loss_mask: 0.7469  decode.d7.loss_dice: 0.5643  decode.d8.loss_cls: 0.0054  decode.d8.loss_mask: 0.7470  decode.d8.loss_dice: 0.5701
2026/08/04 01:15:14 - mmengine - INFO - Iter(train) [32200/40000]  base_lr: 3.0089e-06 lr: 3.0089e-06  eta: 2:27:47  time: 1.1329  data_time: 0.0235  memory: 16845  grad_norm: 52.9767  loss: 9.6414  decode.loss_cls: 0.0082  decode.loss_mask: 0.4831  decode.loss_dice: 0.4383  decode.d0.loss_cls: 0.0344  decode.d0.loss_mask: 0.5397  decode.d0.loss_dice: 0.5040  decode.d1.loss_cls: 0.0132  decode.d1.loss_mask: 0.5094  decode.d1.loss_dice: 0.4649  decode.d2.loss_cls: 0.0105  decode.d2.loss_mask: 0.5035  decode.d2.loss_dice: 0.4626  decode.d3.loss_cls: 0.0101  decode.d3.loss_mask: 0.4944  decode.d3.loss_dice: 0.4490  decode.d4.loss_cls: 0.0080  decode.d4.loss_mask: 0.4909  decode.d4.loss_dice: 0.4496  decode.d5.loss_cls: 0.0090  decode.d5.loss_mask: 0.4888  decode.d5.loss_dice: 0.4495  decode.d6.loss_cls: 0.0078  decode.d6.loss_mask: 0.4836  decode.d6.loss_dice: 0.4487  decode.d7.loss_cls: 0.0084  decode.d7.loss_mask: 0.4843  decode.d7.loss_dice: 0.4464  decode.d8.loss_cls: 0.0082  decode.d8.loss_mask: 0.4847  decode.d8.loss_dice: 0.4482
2026/08/04 01:17:07 - mmengine - INFO - Iter(train) [32300/40000]  base_lr: 2.9595e-06 lr: 2.9595e-06  eta: 2:25:53  time: 1.1122  data_time: 0.0240  memory: 16828  grad_norm: 43.3438  loss: 7.9489  decode.loss_cls: 0.0042  decode.loss_mask: 0.4040  decode.loss_dice: 0.3699  decode.d0.loss_cls: 0.0495  decode.d0.loss_mask: 0.4380  decode.d0.loss_dice: 0.4129  decode.d1.loss_cls: 0.0170  decode.d1.loss_mask: 0.4100  decode.d1.loss_dice: 0.3778  decode.d2.loss_cls: 0.0132  decode.d2.loss_mask: 0.4069  decode.d2.loss_dice: 0.3766  decode.d3.loss_cls: 0.0109  decode.d3.loss_mask: 0.4024  decode.d3.loss_dice: 0.3750  decode.d4.loss_cls: 0.0076  decode.d4.loss_mask: 0.4014  decode.d4.loss_dice: 0.3773  decode.d5.loss_cls: 0.0054  decode.d5.loss_mask: 0.4001  decode.d5.loss_dice: 0.3567  decode.d6.loss_cls: 0.0057  decode.d6.loss_mask: 0.4016  decode.d6.loss_dice: 0.3661  decode.d7.loss_cls: 0.0051  decode.d7.loss_mask: 0.3985  decode.d7.loss_dice: 0.3736  decode.d8.loss_cls: 0.0045  decode.d8.loss_mask: 0.4008  decode.d8.loss_dice: 0.3763
2026/08/04 01:19:00 - mmengine - INFO - Iter(train) [32400/40000]  base_lr: 2.9108e-06 lr: 2.9108e-06  eta: 2:23:59  time: 1.1072  data_time: 0.0231  memory: 16845  grad_norm: 57.2034  loss: 10.8296  decode.loss_cls: 0.0022  decode.loss_mask: 0.5772  decode.loss_dice: 0.4768  decode.d0.loss_cls: 0.0365  decode.d0.loss_mask: 0.6358  decode.d0.loss_dice: 0.5442  decode.d1.loss_cls: 0.0052  decode.d1.loss_mask: 0.5895  decode.d1.loss_dice: 0.4969  decode.d2.loss_cls: 0.0046  decode.d2.loss_mask: 0.5864  decode.d2.loss_dice: 0.4839  decode.d3.loss_cls: 0.0036  decode.d3.loss_mask: 0.5810  decode.d3.loss_dice: 0.4789  decode.d4.loss_cls: 0.0042  decode.d4.loss_mask: 0.5831  decode.d4.loss_dice: 0.4818  decode.d5.loss_cls: 0.0041  decode.d5.loss_mask: 0.5809  decode.d5.loss_dice: 0.4834  decode.d6.loss_cls: 0.0035  decode.d6.loss_mask: 0.5814  decode.d6.loss_dice: 0.4816  decode.d7.loss_cls: 0.0030  decode.d7.loss_mask: 0.5749  decode.d7.loss_dice: 0.4802  decode.d8.loss_cls: 0.0029  decode.d8.loss_mask: 0.5766  decode.d8.loss_dice: 0.4849
2026/08/04 01:20:56 - mmengine - INFO - Iter(train) [32500/40000]  base_lr: 2.8625e-06 lr: 2.8625e-06  eta: 2:22:06  time: 1.1219  data_time: 0.0233  memory: 16829  grad_norm: 51.5565  loss: 11.7312  decode.loss_cls: 0.0020  decode.loss_mask: 0.6285  decode.loss_dice: 0.5197  decode.d0.loss_cls: 0.0217  decode.d0.loss_mask: 0.6783  decode.d0.loss_dice: 0.5692  decode.d1.loss_cls: 0.0062  decode.d1.loss_mask: 0.6426  decode.d1.loss_dice: 0.5388  decode.d2.loss_cls: 0.0059  decode.d2.loss_mask: 0.6342  decode.d2.loss_dice: 0.5322  decode.d3.loss_cls: 0.0031  decode.d3.loss_mask: 0.6359  decode.d3.loss_dice: 0.5313  decode.d4.loss_cls: 0.0023  decode.d4.loss_mask: 0.6313  decode.d4.loss_dice: 0.5310  decode.d5.loss_cls: 0.0025  decode.d5.loss_mask: 0.6288  decode.d5.loss_dice: 0.5246  decode.d6.loss_cls: 0.0042  decode.d6.loss_mask: 0.6307  decode.d6.loss_dice: 0.5209  decode.d7.loss_cls: 0.0019  decode.d7.loss_mask: 0.6268  decode.d7.loss_dice: 0.5228  decode.d8.loss_cls: 0.0019  decode.d8.loss_mask: 0.6263  decode.d8.loss_dice: 0.5256
2026/08/04 01:22:49 - mmengine - INFO - Iter(train) [32600/40000]  base_lr: 2.8148e-06 lr: 2.8148e-06  eta: 2:20:12  time: 1.1465  data_time: 0.0228  memory: 16845  grad_norm: 55.7110  loss: 11.9135  decode.loss_cls: 0.0015  decode.loss_mask: 0.6224  decode.loss_dice: 0.5409  decode.d0.loss_cls: 0.0240  decode.d0.loss_mask: 0.6830  decode.d0.loss_dice: 0.5994  decode.d1.loss_cls: 0.0065  decode.d1.loss_mask: 0.6548  decode.d1.loss_dice: 0.5530  decode.d2.loss_cls: 0.0029  decode.d2.loss_mask: 0.6464  decode.d2.loss_dice: 0.5495  decode.d3.loss_cls: 0.0024  decode.d3.loss_mask: 0.6392  decode.d3.loss_dice: 0.5423  decode.d4.loss_cls: 0.0022  decode.d4.loss_mask: 0.6336  decode.d4.loss_dice: 0.5414  decode.d5.loss_cls: 0.0019  decode.d5.loss_mask: 0.6313  decode.d5.loss_dice: 0.5398  decode.d6.loss_cls: 0.0019  decode.d6.loss_mask: 0.6259  decode.d6.loss_dice: 0.5300  decode.d7.loss_cls: 0.0017  decode.d7.loss_mask: 0.6284  decode.d7.loss_dice: 0.5445  decode.d8.loss_cls: 0.0017  decode.d8.loss_mask: 0.6215  decode.d8.loss_dice: 0.5396
2026/08/04 01:24:41 - mmengine - INFO - Iter(train) [32700/40000]  base_lr: 2.7677e-06 lr: 2.7677e-06  eta: 2:18:18  time: 1.1175  data_time: 0.0225  memory: 16812  grad_norm: 47.7247  loss: 11.1463  decode.loss_cls: 0.0050  decode.loss_mask: 0.6062  decode.loss_dice: 0.4785  decode.d0.loss_cls: 0.0259  decode.d0.loss_mask: 0.6547  decode.d0.loss_dice: 0.5427  decode.d1.loss_cls: 0.0095  decode.d1.loss_mask: 0.6221  decode.d1.loss_dice: 0.5035  decode.d2.loss_cls: 0.0075  decode.d2.loss_mask: 0.6101  decode.d2.loss_dice: 0.4914  decode.d3.loss_cls: 0.0066  decode.d3.loss_mask: 0.6117  decode.d3.loss_dice: 0.4904  decode.d4.loss_cls: 0.0069  decode.d4.loss_mask: 0.6076  decode.d4.loss_dice: 0.4899  decode.d5.loss_cls: 0.0066  decode.d5.loss_mask: 0.6033  decode.d5.loss_dice: 0.4822  decode.d6.loss_cls: 0.0049  decode.d6.loss_mask: 0.6031  decode.d6.loss_dice: 0.4945  decode.d7.loss_cls: 0.0063  decode.d7.loss_mask: 0.6036  decode.d7.loss_dice: 0.4811  decode.d8.loss_cls: 0.0058  decode.d8.loss_mask: 0.6036  decode.d8.loss_dice: 0.4811
2026/08/04 01:26:34 - mmengine - INFO - Iter(train) [32800/40000]  base_lr: 2.7211e-06 lr: 2.7211e-06  eta: 2:16:25  time: 1.1552  data_time: 0.0222  memory: 16845  grad_norm: 87.4078  loss: 13.9427  decode.loss_cls: 0.0036  decode.loss_mask: 0.7390  decode.loss_dice: 0.6069  decode.d0.loss_cls: 0.0228  decode.d0.loss_mask: 0.9475  decode.d0.loss_dice: 0.7488  decode.d1.loss_cls: 0.0081  decode.d1.loss_mask: 0.7773  decode.d1.loss_dice: 0.6373  decode.d2.loss_cls: 0.0050  decode.d2.loss_mask: 0.7549  decode.d2.loss_dice: 0.6172  decode.d3.loss_cls: 0.0044  decode.d3.loss_mask: 0.7477  decode.d3.loss_dice: 0.6077  decode.d4.loss_cls: 0.0041  decode.d4.loss_mask: 0.7432  decode.d4.loss_dice: 0.6059  decode.d5.loss_cls: 0.0041  decode.d5.loss_mask: 0.7392  decode.d5.loss_dice: 0.6019  decode.d6.loss_cls: 0.0034  decode.d6.loss_mask: 0.7367  decode.d6.loss_dice: 0.5989  decode.d7.loss_cls: 0.0037  decode.d7.loss_mask: 0.7341  decode.d7.loss_dice: 0.5990  decode.d8.loss_cls: 0.0035  decode.d8.loss_mask: 0.7356  decode.d8.loss_dice: 0.6014
2026/08/04 01:28:31 - mmengine - INFO - Iter(train) [32900/40000]  base_lr: 2.6751e-06 lr: 2.6751e-06  eta: 2:14:31  time: 1.1301  data_time: 0.0246  memory: 16845  grad_norm: 57.7746  loss: 12.0851  decode.loss_cls: 0.0022  decode.loss_mask: 0.6852  decode.loss_dice: 0.5146  decode.d0.loss_cls: 0.0248  decode.d0.loss_mask: 0.7173  decode.d0.loss_dice: 0.5169  decode.d1.loss_cls: 0.0067  decode.d1.loss_mask: 0.6981  decode.d1.loss_dice: 0.5154  decode.d2.loss_cls: 0.0029  decode.d2.loss_mask: 0.6916  decode.d2.loss_dice: 0.5131  decode.d3.loss_cls: 0.0025  decode.d3.loss_mask: 0.6927  decode.d3.loss_dice: 0.5130  decode.d4.loss_cls: 0.0025  decode.d4.loss_mask: 0.6897  decode.d4.loss_dice: 0.5130  decode.d5.loss_cls: 0.0026  decode.d5.loss_mask: 0.6875  decode.d5.loss_dice: 0.5078  decode.d6.loss_cls: 0.0019  decode.d6.loss_mask: 0.6854  decode.d6.loss_dice: 0.5057  decode.d7.loss_cls: 0.0018  decode.d7.loss_mask: 0.6859  decode.d7.loss_dice: 0.5081  decode.d8.loss_cls: 0.0020  decode.d8.loss_mask: 0.6830  decode.d8.loss_dice: 0.5112
2026/08/04 01:30:24 - mmengine - INFO - Exp name: dinov3_m2f_gram_4999_v2_20260803_142922
2026/08/04 01:30:24 - mmengine - INFO - Iter(train) [33000/40000]  base_lr: 2.6296e-06 lr: 2.6296e-06  eta: 2:12:38  time: 1.1229  data_time: 0.0232  memory: 16845  grad_norm: 63.8615  loss: 11.8242  decode.loss_cls: 0.0098  decode.loss_mask: 0.6175  decode.loss_dice: 0.5319  decode.d0.loss_cls: 0.0284  decode.d0.loss_mask: 0.6653  decode.d0.loss_dice: 0.6258  decode.d1.loss_cls: 0.0157  decode.d1.loss_mask: 0.6311  decode.d1.loss_dice: 0.5760  decode.d2.loss_cls: 0.0126  decode.d2.loss_mask: 0.6206  decode.d2.loss_dice: 0.5366  decode.d3.loss_cls: 0.0092  decode.d3.loss_mask: 0.6184  decode.d3.loss_dice: 0.5341  decode.d4.loss_cls: 0.0104  decode.d4.loss_mask: 0.6169  decode.d4.loss_dice: 0.5375  decode.d5.loss_cls: 0.0100  decode.d5.loss_mask: 0.6165  decode.d5.loss_dice: 0.5400  decode.d6.loss_cls: 0.0098  decode.d6.loss_mask: 0.6140  decode.d6.loss_dice: 0.5332  decode.d7.loss_cls: 0.0086  decode.d7.loss_mask: 0.6127  decode.d7.loss_dice: 0.5258  decode.d8.loss_cls: 0.0097  decode.d8.loss_mask: 0.6128  decode.d8.loss_dice: 0.5332
2026/08/04 01:32:16 - mmengine - INFO - Iter(train) [33100/40000]  base_lr: 2.5847e-06 lr: 2.5847e-06  eta: 2:10:44  time: 1.1232  data_time: 0.0223  memory: 16826  grad_norm: 41.9394  loss: 9.0244  decode.loss_cls: 0.0030  decode.loss_mask: 0.4494  decode.loss_dice: 0.4305  decode.d0.loss_cls: 0.0265  decode.d0.loss_mask: 0.4791  decode.d0.loss_dice: 0.4877  decode.d1.loss_cls: 0.0101  decode.d1.loss_mask: 0.4575  decode.d1.loss_dice: 0.4468  decode.d2.loss_cls: 0.0055  decode.d2.loss_mask: 0.4530  decode.d2.loss_dice: 0.4353  decode.d3.loss_cls: 0.0037  decode.d3.loss_mask: 0.4513  decode.d3.loss_dice: 0.4346  decode.d4.loss_cls: 0.0042  decode.d4.loss_mask: 0.4520  decode.d4.loss_dice: 0.4360  decode.d5.loss_cls: 0.0034  decode.d5.loss_mask: 0.4531  decode.d5.loss_dice: 0.4330  decode.d6.loss_cls: 0.0036  decode.d6.loss_mask: 0.4513  decode.d6.loss_dice: 0.4335  decode.d7.loss_cls: 0.0040  decode.d7.loss_mask: 0.4518  decode.d7.loss_dice: 0.4395  decode.d8.loss_cls: 0.0042  decode.d8.loss_mask: 0.4503  decode.d8.loss_dice: 0.4304
2026/08/04 01:34:08 - mmengine - INFO - Iter(train) [33200/40000]  base_lr: 2.5404e-06 lr: 2.5404e-06  eta: 2:08:50  time: 1.1169  data_time: 0.0237  memory: 16828  grad_norm: 57.2200  loss: 9.2077  decode.loss_cls: 0.0043  decode.loss_mask: 0.4822  decode.loss_dice: 0.4173  decode.d0.loss_cls: 0.0336  decode.d0.loss_mask: 0.5135  decode.d0.loss_dice: 0.4621  decode.d1.loss_cls: 0.0081  decode.d1.loss_mask: 0.4991  decode.d1.loss_dice: 0.4378  decode.d2.loss_cls: 0.0052  decode.d2.loss_mask: 0.4914  decode.d2.loss_dice: 0.4289  decode.d3.loss_cls: 0.0040  decode.d3.loss_mask: 0.4862  decode.d3.loss_dice: 0.4178  decode.d4.loss_cls: 0.0042  decode.d4.loss_mask: 0.4815  decode.d4.loss_dice: 0.4236  decode.d5.loss_cls: 0.0029  decode.d5.loss_mask: 0.4827  decode.d5.loss_dice: 0.4172  decode.d6.loss_cls: 0.0027  decode.d6.loss_mask: 0.4794  decode.d6.loss_dice: 0.4176  decode.d7.loss_cls: 0.0031  decode.d7.loss_mask: 0.4815  decode.d7.loss_dice: 0.4145  decode.d8.loss_cls: 0.0043  decode.d8.loss_mask: 0.4824  decode.d8.loss_dice: 0.4186
2026/08/04 01:36:05 - mmengine - INFO - Iter(train) [33300/40000]  base_lr: 2.4967e-06 lr: 2.4967e-06  eta: 2:06:57  time: 1.1218  data_time: 0.0233  memory: 16845  grad_norm: 95.6375  loss: 12.8772  decode.loss_cls: 0.0122  decode.loss_mask: 0.6866  decode.loss_dice: 0.5328  decode.d0.loss_cls: 0.0409  decode.d0.loss_mask: 0.8559  decode.d0.loss_dice: 0.7044  decode.d1.loss_cls: 0.0183  decode.d1.loss_mask: 0.7263  decode.d1.loss_dice: 0.5947  decode.d2.loss_cls: 0.0153  decode.d2.loss_mask: 0.7096  decode.d2.loss_dice: 0.5641  decode.d3.loss_cls: 0.0111  decode.d3.loss_mask: 0.7012  decode.d3.loss_dice: 0.5444  decode.d4.loss_cls: 0.0106  decode.d4.loss_mask: 0.6893  decode.d4.loss_dice: 0.5389  decode.d5.loss_cls: 0.0104  decode.d5.loss_mask: 0.6921  decode.d5.loss_dice: 0.5405  decode.d6.loss_cls: 0.0112  decode.d6.loss_mask: 0.6863  decode.d6.loss_dice: 0.5295  decode.d7.loss_cls: 0.0119  decode.d7.loss_mask: 0.6856  decode.d7.loss_dice: 0.5352  decode.d8.loss_cls: 0.0116  decode.d8.loss_mask: 0.6845  decode.d8.loss_dice: 0.5220
2026/08/04 01:37:57 - mmengine - INFO - Iter(train) [33400/40000]  base_lr: 2.4535e-06 lr: 2.4535e-06  eta: 2:05:03  time: 1.1295  data_time: 0.0235  memory: 16845  grad_norm: 62.8756  loss: 13.1384  decode.loss_cls: 0.0072  decode.loss_mask: 0.7284  decode.loss_dice: 0.5545  decode.d0.loss_cls: 0.0248  decode.d0.loss_mask: 0.8114  decode.d0.loss_dice: 0.5901  decode.d1.loss_cls: 0.0125  decode.d1.loss_mask: 0.7542  decode.d1.loss_dice: 0.5774  decode.d2.loss_cls: 0.0100  decode.d2.loss_mask: 0.7414  decode.d2.loss_dice: 0.5654  decode.d3.loss_cls: 0.0084  decode.d3.loss_mask: 0.7365  decode.d3.loss_dice: 0.5578  decode.d4.loss_cls: 0.0081  decode.d4.loss_mask: 0.7317  decode.d4.loss_dice: 0.5572  decode.d5.loss_cls: 0.0076  decode.d5.loss_mask: 0.7281  decode.d5.loss_dice: 0.5571  decode.d6.loss_cls: 0.0071  decode.d6.loss_mask: 0.7272  decode.d6.loss_dice: 0.5562  decode.d7.loss_cls: 0.0073  decode.d7.loss_mask: 0.7272  decode.d7.loss_dice: 0.5539  decode.d8.loss_cls: 0.0071  decode.d8.loss_mask: 0.7258  decode.d8.loss_dice: 0.5568
2026/08/04 01:39:50 - mmengine - INFO - Iter(train) [33500/40000]  base_lr: 2.4109e-06 lr: 2.4109e-06  eta: 2:03:09  time: 1.1479  data_time: 0.0233  memory: 16838  grad_norm: 64.1551  loss: 10.6026  decode.loss_cls: 0.0034  decode.loss_mask: 0.5370  decode.loss_dice: 0.4918  decode.d0.loss_cls: 0.0314  decode.d0.loss_mask: 0.6154  decode.d0.loss_dice: 0.5630  decode.d1.loss_cls: 0.0083  decode.d1.loss_mask: 0.5566  decode.d1.loss_dice: 0.5180  decode.d2.loss_cls: 0.0056  decode.d2.loss_mask: 0.5495  decode.d2.loss_dice: 0.5011  decode.d3.loss_cls: 0.0045  decode.d3.loss_mask: 0.5466  decode.d3.loss_dice: 0.4914  decode.d4.loss_cls: 0.0045  decode.d4.loss_mask: 0.5410  decode.d4.loss_dice: 0.4891  decode.d5.loss_cls: 0.0041  decode.d5.loss_mask: 0.5423  decode.d5.loss_dice: 0.5005  decode.d6.loss_cls: 0.0042  decode.d6.loss_mask: 0.5391  decode.d6.loss_dice: 0.4912  decode.d7.loss_cls: 0.0035  decode.d7.loss_mask: 0.5364  decode.d7.loss_dice: 0.4914  decode.d8.loss_cls: 0.0027  decode.d8.loss_mask: 0.5377  decode.d8.loss_dice: 0.4912
2026/08/04 01:41:44 - mmengine - INFO - Iter(train) [33600/40000]  base_lr: 2.3689e-06 lr: 2.3689e-06  eta: 2:01:15  time: 1.1380  data_time: 0.0234  memory: 16828  grad_norm: 52.6385  loss: 9.1837  decode.loss_cls: 0.0091  decode.loss_mask: 0.4599  decode.loss_dice: 0.4223  decode.d0.loss_cls: 0.0517  decode.d0.loss_mask: 0.4989  decode.d0.loss_dice: 0.4825  decode.d1.loss_cls: 0.0210  decode.d1.loss_mask: 0.4807  decode.d1.loss_dice: 0.4399  decode.d2.loss_cls: 0.0182  decode.d2.loss_mask: 0.4718  decode.d2.loss_dice: 0.4375  decode.d3.loss_cls: 0.0141  decode.d3.loss_mask: 0.4670  decode.d3.loss_dice: 0.4351  decode.d4.loss_cls: 0.0115  decode.d4.loss_mask: 0.4650  decode.d4.loss_dice: 0.4252  decode.d5.loss_cls: 0.0095  decode.d5.loss_mask: 0.4604  decode.d5.loss_dice: 0.4161  decode.d6.loss_cls: 0.0093  decode.d6.loss_mask: 0.4590  decode.d6.loss_dice: 0.4252  decode.d7.loss_cls: 0.0087  decode.d7.loss_mask: 0.4629  decode.d7.loss_dice: 0.4329  decode.d8.loss_cls: 0.0077  decode.d8.loss_mask: 0.4632  decode.d8.loss_dice: 0.4176
2026/08/04 01:43:41 - mmengine - INFO - Iter(train) [33700/40000]  base_lr: 2.3275e-06 lr: 2.3275e-06  eta: 1:59:22  time: 1.5140  data_time: 0.3976  memory: 16845  grad_norm: 57.0295  loss: 10.2700  decode.loss_cls: 0.0028  decode.loss_mask: 0.5645  decode.loss_dice: 0.4338  decode.d0.loss_cls: 0.0384  decode.d0.loss_mask: 0.6310  decode.d0.loss_dice: 0.4953  decode.d1.loss_cls: 0.0053  decode.d1.loss_mask: 0.5800  decode.d1.loss_dice: 0.4482  decode.d2.loss_cls: 0.0034  decode.d2.loss_mask: 0.5759  decode.d2.loss_dice: 0.4493  decode.d3.loss_cls: 0.0030  decode.d3.loss_mask: 0.5717  decode.d3.loss_dice: 0.4389  decode.d4.loss_cls: 0.0028  decode.d4.loss_mask: 0.5696  decode.d4.loss_dice: 0.4361  decode.d5.loss_cls: 0.0026  decode.d5.loss_mask: 0.5698  decode.d5.loss_dice: 0.4387  decode.d6.loss_cls: 0.0023  decode.d6.loss_mask: 0.5684  decode.d6.loss_dice: 0.4354  decode.d7.loss_cls: 0.0022  decode.d7.loss_mask: 0.5656  decode.d7.loss_dice: 0.4366  decode.d8.loss_cls: 0.0025  decode.d8.loss_mask: 0.5641  decode.d8.loss_dice: 0.4321
2026/08/04 01:45:33 - mmengine - INFO - Iter(train) [33800/40000]  base_lr: 2.2866e-06 lr: 2.2866e-06  eta: 1:57:28  time: 1.1212  data_time: 0.0235  memory: 16829  grad_norm: 53.8212  loss: 11.7618  decode.loss_cls: 0.0052  decode.loss_mask: 0.6343  decode.loss_dice: 0.5188  decode.d0.loss_cls: 0.0224  decode.d0.loss_mask: 0.6944  decode.d0.loss_dice: 0.5666  decode.d1.loss_cls: 0.0063  decode.d1.loss_mask: 0.6438  decode.d1.loss_dice: 0.5305  decode.d2.loss_cls: 0.0063  decode.d2.loss_mask: 0.6413  decode.d2.loss_dice: 0.5235  decode.d3.loss_cls: 0.0038  decode.d3.loss_mask: 0.6370  decode.d3.loss_dice: 0.5218  decode.d4.loss_cls: 0.0033  decode.d4.loss_mask: 0.6391  decode.d4.loss_dice: 0.5271  decode.d5.loss_cls: 0.0035  decode.d5.loss_mask: 0.6340  decode.d5.loss_dice: 0.5172  decode.d6.loss_cls: 0.0044  decode.d6.loss_mask: 0.6342  decode.d6.loss_dice: 0.5235  decode.d7.loss_cls: 0.0034  decode.d7.loss_mask: 0.6330  decode.d7.loss_dice: 0.5204  decode.d8.loss_cls: 0.0039  decode.d8.loss_mask: 0.6354  decode.d8.loss_dice: 0.5231
2026/08/04 01:47:26 - mmengine - INFO - Iter(train) [33900/40000]  base_lr: 2.2464e-06 lr: 2.2464e-06  eta: 1:55:34  time: 1.1246  data_time: 0.0234  memory: 16845  grad_norm: 60.7420  loss: 12.5568  decode.loss_cls: 0.0041  decode.loss_mask: 0.6906  decode.loss_dice: 0.5256  decode.d0.loss_cls: 0.0348  decode.d0.loss_mask: 0.7765  decode.d0.loss_dice: 0.5915  decode.d1.loss_cls: 0.0109  decode.d1.loss_mask: 0.7424  decode.d1.loss_dice: 0.5509  decode.d2.loss_cls: 0.0070  decode.d2.loss_mask: 0.7152  decode.d2.loss_dice: 0.5317  decode.d3.loss_cls: 0.0057  decode.d3.loss_mask: 0.7061  decode.d3.loss_dice: 0.5261  decode.d4.loss_cls: 0.0049  decode.d4.loss_mask: 0.7008  decode.d4.loss_dice: 0.5310  decode.d5.loss_cls: 0.0047  decode.d5.loss_mask: 0.6965  decode.d5.loss_dice: 0.5283  decode.d6.loss_cls: 0.0047  decode.d6.loss_mask: 0.6950  decode.d6.loss_dice: 0.5271  decode.d7.loss_cls: 0.0044  decode.d7.loss_mask: 0.6905  decode.d7.loss_dice: 0.5271  decode.d8.loss_cls: 0.0043  decode.d8.loss_mask: 0.6873  decode.d8.loss_dice: 0.5312
2026/08/04 01:49:19 - mmengine - INFO - Exp name: dinov3_m2f_gram_4999_v2_20260803_142922
2026/08/04 01:49:19 - mmengine - INFO - Iter(train) [34000/40000]  base_lr: 2.2068e-06 lr: 2.2068e-06  eta: 1:53:41  time: 1.1208  data_time: 0.0235  memory: 16812  grad_norm: 55.3475  loss: 12.3848  decode.loss_cls: 0.0039  decode.loss_mask: 0.6988  decode.loss_dice: 0.5127  decode.d0.loss_cls: 0.0253  decode.d0.loss_mask: 0.7591  decode.d0.loss_dice: 0.5671  decode.d1.loss_cls: 0.0067  decode.d1.loss_mask: 0.7176  decode.d1.loss_dice: 0.5344  decode.d2.loss_cls: 0.0041  decode.d2.loss_mask: 0.7076  decode.d2.loss_dice: 0.5188  decode.d3.loss_cls: 0.0039  decode.d3.loss_mask: 0.7065  decode.d3.loss_dice: 0.5187  decode.d4.loss_cls: 0.0041  decode.d4.loss_mask: 0.7032  decode.d4.loss_dice: 0.5207  decode.d5.loss_cls: 0.0039  decode.d5.loss_mask: 0.7005  decode.d5.loss_dice: 0.5209  decode.d6.loss_cls: 0.0040  decode.d6.loss_mask: 0.7021  decode.d6.loss_dice: 0.5174  decode.d7.loss_cls: 0.0040  decode.d7.loss_mask: 0.7035  decode.d7.loss_dice: 0.5055  decode.d8.loss_cls: 0.0043  decode.d8.loss_mask: 0.6998  decode.d8.loss_dice: 0.5056
2026/08/04 01:49:19 - mmengine - INFO - Saving checkpoint at 34000 iterations
2026/08/04 01:50:20 - mmengine - INFO - Iter(val) [100/252]    eta: 0:01:03  time: 0.4063  data_time: 0.0143  memory: 4705  
2026/08/04 01:51:01 - mmengine - INFO - Iter(val) [200/252]    eta: 0:00:21  time: 0.4073  data_time: 0.0141  memory: 4705  
2026/08/04 01:51:26 - mmengine - INFO - per class results:
2026/08/04 01:51:26 - mmengine - INFO - 
+--------------------+-------+-------+--------+-----------+--------+
|       Class        |  IoU  |  Acc  | Fscore | Precision | Recall |
+--------------------+-------+-------+--------+-----------+--------+
| impervious_surface | 86.21 | 91.26 |  92.6  |   93.98   | 91.26  |
|      building      | 91.45 | 98.92 | 95.53  |   92.37   | 98.92  |
|   low_vegetation   |  77.9 | 91.33 | 87.58  |   84.12   | 91.33  |
|        tree        |  79.3 | 83.11 | 88.46  |   94.55   | 83.11  |
|        car         | 93.64 | 95.64 | 96.72  |   97.82   | 95.64  |
+--------------------+-------+-------+--------+-----------+--------+
2026/08/04 01:51:26 - mmengine - INFO - Iter(val) [252/252]    aAcc: 90.5800  mIoU: 85.7000  mAcc: 92.0500  mFscore: 92.1800  mPrecision: 92.5700  mRecall: 92.0500  data_time: 0.0193  time: 0.4121
2026/08/04 01:53:18 - mmengine - INFO - Iter(train) [34100/40000]  base_lr: 2.1677e-06 lr: 2.1677e-06  eta: 1:51:47  time: 1.1206  data_time: 0.0236  memory: 16845  grad_norm: 95.4158  loss: 14.3499  decode.loss_cls: 0.0043  decode.loss_mask: 0.7545  decode.loss_dice: 0.6209  decode.d0.loss_cls: 0.0208  decode.d0.loss_mask: 0.9555  decode.d0.loss_dice: 0.7499  decode.d1.loss_cls: 0.0065  decode.d1.loss_mask: 0.8049  decode.d1.loss_dice: 0.6608  decode.d2.loss_cls: 0.0048  decode.d2.loss_mask: 0.7812  decode.d2.loss_dice: 0.6450  decode.d3.loss_cls: 0.0041  decode.d3.loss_mask: 0.7687  decode.d3.loss_dice: 0.6338  decode.d4.loss_cls: 0.0039  decode.d4.loss_mask: 0.7602  decode.d4.loss_dice: 0.6277  decode.d5.loss_cls: 0.0035  decode.d5.loss_mask: 0.7607  decode.d5.loss_dice: 0.6271  decode.d6.loss_cls: 0.0029  decode.d6.loss_mask: 0.7602  decode.d6.loss_dice: 0.6263  decode.d7.loss_cls: 0.0034  decode.d7.loss_mask: 0.7542  decode.d7.loss_dice: 0.6234  decode.d8.loss_cls: 0.0042  decode.d8.loss_mask: 0.7556  decode.d8.loss_dice: 0.6208
2026/08/04 01:55:14 - mmengine - INFO - Iter(train) [34200/40000]  base_lr: 2.1293e-06 lr: 2.1293e-06  eta: 1:49:54  time: 1.1225  data_time: 0.0221  memory: 16845  grad_norm: 56.0043  loss: 13.1533  decode.loss_cls: 0.0032  decode.loss_mask: 0.7285  decode.loss_dice: 0.5592  decode.d0.loss_cls: 0.0255  decode.d0.loss_mask: 0.7745  decode.d0.loss_dice: 0.5871  decode.d1.loss_cls: 0.0072  decode.d1.loss_mask: 0.7478  decode.d1.loss_dice: 0.5763  decode.d2.loss_cls: 0.0052  decode.d2.loss_mask: 0.7422  decode.d2.loss_dice: 0.5692  decode.d3.loss_cls: 0.0050  decode.d3.loss_mask: 0.7403  decode.d3.loss_dice: 0.5623  decode.d4.loss_cls: 0.0043  decode.d4.loss_mask: 0.7403  decode.d4.loss_dice: 0.5615  decode.d5.loss_cls: 0.0032  decode.d5.loss_mask: 0.7375  decode.d5.loss_dice: 0.5733  decode.d6.loss_cls: 0.0036  decode.d6.loss_mask: 0.7347  decode.d6.loss_dice: 0.5645  decode.d7.loss_cls: 0.0035  decode.d7.loss_mask: 0.7293  decode.d7.loss_dice: 0.5683  decode.d8.loss_cls: 0.0032  decode.d8.loss_mask: 0.7328  decode.d8.loss_dice: 0.5597
2026/08/04 01:57:07 - mmengine - INFO - Iter(train) [34300/40000]  base_lr: 2.0914e-06 lr: 2.0914e-06  eta: 1:48:00  time: 1.1210  data_time: 0.0242  memory: 16845  grad_norm: 71.8966  loss: 13.4625  decode.loss_cls: 0.0077  decode.loss_mask: 0.7126  decode.loss_dice: 0.6050  decode.d0.loss_cls: 0.0258  decode.d0.loss_mask: 0.7688  decode.d0.loss_dice: 0.6777  decode.d1.loss_cls: 0.0122  decode.d1.loss_mask: 0.7255  decode.d1.loss_dice: 0.6336  decode.d2.loss_cls: 0.0084  decode.d2.loss_mask: 0.7188  decode.d2.loss_dice: 0.6181  decode.d3.loss_cls: 0.0083  decode.d3.loss_mask: 0.7173  decode.d3.loss_dice: 0.6096  decode.d4.loss_cls: 0.0080  decode.d4.loss_mask: 0.7137  decode.d4.loss_dice: 0.5942  decode.d5.loss_cls: 0.0085  decode.d5.loss_mask: 0.7152  decode.d5.loss_dice: 0.6078  decode.d6.loss_cls: 0.0086  decode.d6.loss_mask: 0.7151  decode.d6.loss_dice: 0.6066  decode.d7.loss_cls: 0.0085  decode.d7.loss_mask: 0.7094  decode.d7.loss_dice: 0.6028  decode.d8.loss_cls: 0.0094  decode.d8.loss_mask: 0.7125  decode.d8.loss_dice: 0.5928
2026/08/04 01:59:00 - mmengine - INFO - Iter(train) [34400/40000]  base_lr: 2.0542e-06 lr: 2.0542e-06  eta: 1:46:06  time: 1.1252  data_time: 0.0238  memory: 16826  grad_norm: 49.3243  loss: 10.0032  decode.loss_cls: 0.0035  decode.loss_mask: 0.5143  decode.loss_dice: 0.4553  decode.d0.loss_cls: 0.0313  decode.d0.loss_mask: 0.5761  decode.d0.loss_dice: 0.5244  decode.d1.loss_cls: 0.0076  decode.d1.loss_mask: 0.5249  decode.d1.loss_dice: 0.4739  decode.d2.loss_cls: 0.0076  decode.d2.loss_mask: 0.5247  decode.d2.loss_dice: 0.4639  decode.d3.loss_cls: 0.0045  decode.d3.loss_mask: 0.5175  decode.d3.loss_dice: 0.4643  decode.d4.loss_cls: 0.0049  decode.d4.loss_mask: 0.5166  decode.d4.loss_dice: 0.4646  decode.d5.loss_cls: 0.0040  decode.d5.loss_mask: 0.5179  decode.d5.loss_dice: 0.4578  decode.d6.loss_cls: 0.0034  decode.d6.loss_mask: 0.5199  decode.d6.loss_dice: 0.4667  decode.d7.loss_cls: 0.0034  decode.d7.loss_mask: 0.5188  decode.d7.loss_dice: 0.4592  decode.d8.loss_cls: 0.0034  decode.d8.loss_mask: 0.5154  decode.d8.loss_dice: 0.4533
2026/08/04 02:00:53 - mmengine - INFO - Iter(train) [34500/40000]  base_lr: 2.0176e-06 lr: 2.0176e-06  eta: 1:44:12  time: 1.1170  data_time: 0.0230  memory: 16828  grad_norm: 49.5433  loss: 8.5222  decode.loss_cls: 0.0056  decode.loss_mask: 0.3873  decode.loss_dice: 0.4322  decode.d0.loss_cls: 0.0379  decode.d0.loss_mask: 0.4405  decode.d0.loss_dice: 0.5195  decode.d1.loss_cls: 0.0178  decode.d1.loss_mask: 0.4000  decode.d1.loss_dice: 0.4473  decode.d2.loss_cls: 0.0138  decode.d2.loss_mask: 0.3931  decode.d2.loss_dice: 0.4525  decode.d3.loss_cls: 0.0069  decode.d3.loss_mask: 0.3927  decode.d3.loss_dice: 0.4322  decode.d4.loss_cls: 0.0073  decode.d4.loss_mask: 0.3888  decode.d4.loss_dice: 0.4415  decode.d5.loss_cls: 0.0057  decode.d5.loss_mask: 0.3893  decode.d5.loss_dice: 0.4401  decode.d6.loss_cls: 0.0071  decode.d6.loss_mask: 0.3878  decode.d6.loss_dice: 0.4377  decode.d7.loss_cls: 0.0053  decode.d7.loss_mask: 0.3861  decode.d7.loss_dice: 0.4259  decode.d8.loss_cls: 0.0050  decode.d8.loss_mask: 0.3858  decode.d8.loss_dice: 0.4295
2026/08/04 02:02:49 - mmengine - INFO - Iter(train) [34600/40000]  base_lr: 1.9816e-06 lr: 1.9816e-06  eta: 1:42:19  time: 1.1205  data_time: 0.0237  memory: 16845  grad_norm: 84.7364  loss: 13.2917  decode.loss_cls: 0.0092  decode.loss_mask: 0.7252  decode.loss_dice: 0.5686  decode.d0.loss_cls: 0.0347  decode.d0.loss_mask: 0.8744  decode.d0.loss_dice: 0.6751  decode.d1.loss_cls: 0.0150  decode.d1.loss_mask: 0.7518  decode.d1.loss_dice: 0.5926  decode.d2.loss_cls: 0.0138  decode.d2.loss_mask: 0.7357  decode.d2.loss_dice: 0.5649  decode.d3.loss_cls: 0.0100  decode.d3.loss_mask: 0.7291  decode.d3.loss_dice: 0.5635  decode.d4.loss_cls: 0.0097  decode.d4.loss_mask: 0.7221  decode.d4.loss_dice: 0.5553  decode.d5.loss_cls: 0.0090  decode.d5.loss_mask: 0.7199  decode.d5.loss_dice: 0.5509  decode.d6.loss_cls: 0.0092  decode.d6.loss_mask: 0.7219  decode.d6.loss_dice: 0.5554  decode.d7.loss_cls: 0.0108  decode.d7.loss_mask: 0.7212  decode.d7.loss_dice: 0.5598  decode.d8.loss_cls: 0.0090  decode.d8.loss_mask: 0.7182  decode.d8.loss_dice: 0.5559
2026/08/04 02:04:41 - mmengine - INFO - Iter(train) [34700/40000]  base_lr: 1.9462e-06 lr: 1.9462e-06  eta: 1:40:25  time: 1.1242  data_time: 0.0233  memory: 16845  grad_norm: 61.6404  loss: 12.9206  decode.loss_cls: 0.0039  decode.loss_mask: 0.7141  decode.loss_dice: 0.5454  decode.d0.loss_cls: 0.0221  decode.d0.loss_mask: 0.7922  decode.d0.loss_dice: 0.5818  decode.d1.loss_cls: 0.0096  decode.d1.loss_mask: 0.7491  decode.d1.loss_dice: 0.5691  decode.d2.loss_cls: 0.0075  decode.d2.loss_mask: 0.7308  decode.d2.loss_dice: 0.5516  decode.d3.loss_cls: 0.0075  decode.d3.loss_mask: 0.7279  decode.d3.loss_dice: 0.5513  decode.d4.loss_cls: 0.0042  decode.d4.loss_mask: 0.7306  decode.d4.loss_dice: 0.5492  decode.d5.loss_cls: 0.0040  decode.d5.loss_mask: 0.7235  decode.d5.loss_dice: 0.5497  decode.d6.loss_cls: 0.0039  decode.d6.loss_mask: 0.7172  decode.d6.loss_dice: 0.5440  decode.d7.loss_cls: 0.0040  decode.d7.loss_mask: 0.7180  decode.d7.loss_dice: 0.5448  decode.d8.loss_cls: 0.0042  decode.d8.loss_mask: 0.7169  decode.d8.loss_dice: 0.5425
2026/08/04 02:06:33 - mmengine - INFO - Iter(train) [34800/40000]  base_lr: 1.9114e-06 lr: 1.9114e-06  eta: 1:38:31  time: 1.1206  data_time: 0.0252  memory: 16838  grad_norm: 74.6228  loss: 11.5381  decode.loss_cls: 0.0039  decode.loss_mask: 0.5929  decode.loss_dice: 0.5294  decode.d0.loss_cls: 0.0288  decode.d0.loss_mask: 0.6773  decode.d0.loss_dice: 0.6087  decode.d1.loss_cls: 0.0104  decode.d1.loss_mask: 0.6175  decode.d1.loss_dice: 0.5488  decode.d2.loss_cls: 0.0071  decode.d2.loss_mask: 0.6061  decode.d2.loss_dice: 0.5316  decode.d3.loss_cls: 0.0048  decode.d3.loss_mask: 0.6022  decode.d3.loss_dice: 0.5260  decode.d4.loss_cls: 0.0049  decode.d4.loss_mask: 0.6028  decode.d4.loss_dice: 0.5282  decode.d5.loss_cls: 0.0050  decode.d5.loss_mask: 0.6001  decode.d5.loss_dice: 0.5333  decode.d6.loss_cls: 0.0039  decode.d6.loss_mask: 0.5979  decode.d6.loss_dice: 0.5243  decode.d7.loss_cls: 0.0041  decode.d7.loss_mask: 0.5929  decode.d7.loss_dice: 0.5241  decode.d8.loss_cls: 0.0035  decode.d8.loss_mask: 0.5913  decode.d8.loss_dice: 0.5266
2026/08/04 02:08:26 - mmengine - INFO - Iter(train) [34900/40000]  base_lr: 1.8772e-06 lr: 1.8772e-06  eta: 1:36:37  time: 1.1126  data_time: 0.0232  memory: 16828  grad_norm: 57.2298  loss: 10.1686  decode.loss_cls: 0.0072  decode.loss_mask: 0.5273  decode.loss_dice: 0.4572  decode.d0.loss_cls: 0.0350  decode.d0.loss_mask: 0.5596  decode.d0.loss_dice: 0.5192  decode.d1.loss_cls: 0.0150  decode.d1.loss_mask: 0.5478  decode.d1.loss_dice: 0.4771  decode.d2.loss_cls: 0.0110  decode.d2.loss_mask: 0.5403  decode.d2.loss_dice: 0.4702  decode.d3.loss_cls: 0.0087  decode.d3.loss_mask: 0.5366  decode.d3.loss_dice: 0.4661  decode.d4.loss_cls: 0.0110  decode.d4.loss_mask: 0.5321  decode.d4.loss_dice: 0.4651  decode.d5.loss_cls: 0.0088  decode.d5.loss_mask: 0.5305  decode.d5.loss_dice: 0.4626  decode.d6.loss_cls: 0.0077  decode.d6.loss_mask: 0.5286  decode.d6.loss_dice: 0.4552  decode.d7.loss_cls: 0.0069  decode.d7.loss_mask: 0.5272  decode.d7.loss_dice: 0.4582  decode.d8.loss_cls: 0.0075  decode.d8.loss_mask: 0.5275  decode.d8.loss_dice: 0.4609
2026/08/04 02:10:22 - mmengine - INFO - Exp name: dinov3_m2f_gram_4999_v2_20260803_142922
2026/08/04 02:10:22 - mmengine - INFO - Iter(train) [35000/40000]  base_lr: 1.8437e-06 lr: 1.8437e-06  eta: 1:34:44  time: 1.4915  data_time: 0.3865  memory: 16845  grad_norm: 57.2622  loss: 9.9630  decode.loss_cls: 0.0045  decode.loss_mask: 0.5543  decode.loss_dice: 0.4118  decode.d0.loss_cls: 0.0400  decode.d0.loss_mask: 0.6150  decode.d0.loss_dice: 0.4952  decode.d1.loss_cls: 0.0086  decode.d1.loss_mask: 0.5670  decode.d1.loss_dice: 0.4289  decode.d2.loss_cls: 0.0059  decode.d2.loss_mask: 0.5620  decode.d2.loss_dice: 0.4239  decode.d3.loss_cls: 0.0057  decode.d3.loss_mask: 0.5614  decode.d3.loss_dice: 0.4170  decode.d4.loss_cls: 0.0051  decode.d4.loss_mask: 0.5539  decode.d4.loss_dice: 0.4164  decode.d5.loss_cls: 0.0048  decode.d5.loss_mask: 0.5503  decode.d5.loss_dice: 0.4164  decode.d6.loss_cls: 0.0045  decode.d6.loss_mask: 0.5549  decode.d6.loss_dice: 0.4121  decode.d7.loss_cls: 0.0043  decode.d7.loss_mask: 0.5557  decode.d7.loss_dice: 0.4157  decode.d8.loss_cls: 0.0045  decode.d8.loss_mask: 0.5523  decode.d8.loss_dice: 0.4111
2026/08/04 02:12:15 - mmengine - INFO - Iter(train) [35100/40000]  base_lr: 1.8107e-06 lr: 1.8107e-06  eta: 1:32:50  time: 1.1171  data_time: 0.0242  memory: 16829  grad_norm: 53.4402  loss: 12.1160  decode.loss_cls: 0.0028  decode.loss_mask: 0.6618  decode.loss_dice: 0.5330  decode.d0.loss_cls: 0.0257  decode.d0.loss_mask: 0.7224  decode.d0.loss_dice: 0.5741  decode.d1.loss_cls: 0.0074  decode.d1.loss_mask: 0.6702  decode.d1.loss_dice: 0.5465  decode.d2.loss_cls: 0.0069  decode.d2.loss_mask: 0.6645  decode.d2.loss_dice: 0.5385  decode.d3.loss_cls: 0.0041  decode.d3.loss_mask: 0.6628  decode.d3.loss_dice: 0.5364  decode.d4.loss_cls: 0.0032  decode.d4.loss_mask: 0.6612  decode.d4.loss_dice: 0.5275  decode.d5.loss_cls: 0.0028  decode.d5.loss_mask: 0.6625  decode.d5.loss_dice: 0.5313  decode.d6.loss_cls: 0.0024  decode.d6.loss_mask: 0.6593  decode.d6.loss_dice: 0.5244  decode.d7.loss_cls: 0.0026  decode.d7.loss_mask: 0.6640  decode.d7.loss_dice: 0.5297  decode.d8.loss_cls: 0.0030  decode.d8.loss_mask: 0.6595  decode.d8.loss_dice: 0.5256
2026/08/04 02:14:08 - mmengine - INFO - Iter(train) [35200/40000]  base_lr: 1.7785e-06 lr: 1.7785e-06  eta: 1:30:56  time: 1.1195  data_time: 0.0244  memory: 16845  grad_norm: 54.7041  loss: 11.6227  decode.loss_cls: 0.0048  decode.loss_mask: 0.6708  decode.loss_dice: 0.4501  decode.d0.loss_cls: 0.0399  decode.d0.loss_mask: 0.7588  decode.d0.loss_dice: 0.5139  decode.d1.loss_cls: 0.0098  decode.d1.loss_mask: 0.7171  decode.d1.loss_dice: 0.4687  decode.d2.loss_cls: 0.0082  decode.d2.loss_mask: 0.7007  decode.d2.loss_dice: 0.4554  decode.d3.loss_cls: 0.0060  decode.d3.loss_mask: 0.6940  decode.d3.loss_dice: 0.4508  decode.d4.loss_cls: 0.0052  decode.d4.loss_mask: 0.6833  decode.d4.loss_dice: 0.4543  decode.d5.loss_cls: 0.0061  decode.d5.loss_mask: 0.6795  decode.d5.loss_dice: 0.4546  decode.d6.loss_cls: 0.0056  decode.d6.loss_mask: 0.6767  decode.d6.loss_dice: 0.4522  decode.d7.loss_cls: 0.0059  decode.d7.loss_mask: 0.6731  decode.d7.loss_dice: 0.4501  decode.d8.loss_cls: 0.0052  decode.d8.loss_mask: 0.6697  decode.d8.loss_dice: 0.4520
2026/08/04 02:16:00 - mmengine - INFO - Iter(train) [35300/40000]  base_lr: 1.7468e-06 lr: 1.7468e-06  eta: 1:29:03  time: 1.1335  data_time: 0.0231  memory: 16812  grad_norm: 59.6967  loss: 13.7631  decode.loss_cls: 0.0042  decode.loss_mask: 0.7863  decode.loss_dice: 0.5629  decode.d0.loss_cls: 0.0265  decode.d0.loss_mask: 0.8578  decode.d0.loss_dice: 0.6220  decode.d1.loss_cls: 0.0063  decode.d1.loss_mask: 0.8032  decode.d1.loss_dice: 0.5793  decode.d2.loss_cls: 0.0052  decode.d2.loss_mask: 0.7904  decode.d2.loss_dice: 0.5713  decode.d3.loss_cls: 0.0048  decode.d3.loss_mask: 0.7873  decode.d3.loss_dice: 0.5674  decode.d4.loss_cls: 0.0043  decode.d4.loss_mask: 0.7868  decode.d4.loss_dice: 0.5725  decode.d5.loss_cls: 0.0042  decode.d5.loss_mask: 0.7876  decode.d5.loss_dice: 0.5684  decode.d6.loss_cls: 0.0041  decode.d6.loss_mask: 0.7850  decode.d6.loss_dice: 0.5664  decode.d7.loss_cls: 0.0041  decode.d7.loss_mask: 0.7850  decode.d7.loss_dice: 0.5651  decode.d8.loss_cls: 0.0039  decode.d8.loss_mask: 0.7845  decode.d8.loss_dice: 0.5664
2026/08/04 02:17:53 - mmengine - INFO - Iter(train) [35400/40000]  base_lr: 1.7158e-06 lr: 1.7158e-06  eta: 1:27:09  time: 1.1192  data_time: 0.0236  memory: 16845  grad_norm: 94.8159  loss: 13.4660  decode.loss_cls: 0.0047  decode.loss_mask: 0.7004  decode.loss_dice: 0.5912  decode.d0.loss_cls: 0.0261  decode.d0.loss_mask: 0.8808  decode.d0.loss_dice: 0.7058  decode.d1.loss_cls: 0.0127  decode.d1.loss_mask: 0.7578  decode.d1.loss_dice: 0.6317  decode.d2.loss_cls: 0.0077  decode.d2.loss_mask: 0.7314  decode.d2.loss_dice: 0.6056  decode.d3.loss_cls: 0.0073  decode.d3.loss_mask: 0.7163  decode.d3.loss_dice: 0.5977  decode.d4.loss_cls: 0.0065  decode.d4.loss_mask: 0.7095  decode.d4.loss_dice: 0.5879  decode.d5.loss_cls: 0.0058  decode.d5.loss_mask: 0.7061  decode.d5.loss_dice: 0.5885  decode.d6.loss_cls: 0.0066  decode.d6.loss_mask: 0.7041  decode.d6.loss_dice: 0.5890  decode.d7.loss_cls: 0.0047  decode.d7.loss_mask: 0.7011  decode.d7.loss_dice: 0.5914  decode.d8.loss_cls: 0.0050  decode.d8.loss_mask: 0.7019  decode.d8.loss_dice: 0.5807
2026/08/04 02:19:48 - mmengine - INFO - Iter(train) [35500/40000]  base_lr: 1.6854e-06 lr: 1.6854e-06  eta: 1:25:15  time: 1.1165  data_time: 0.0236  memory: 16845  grad_norm: 59.3667  loss: 11.8365  decode.loss_cls: 0.0027  decode.loss_mask: 0.6535  decode.loss_dice: 0.5022  decode.d0.loss_cls: 0.0272  decode.d0.loss_mask: 0.6867  decode.d0.loss_dice: 0.5355  decode.d1.loss_cls: 0.0080  decode.d1.loss_mask: 0.6696  decode.d1.loss_dice: 0.5236  decode.d2.loss_cls: 0.0051  decode.d2.loss_mask: 0.6658  decode.d2.loss_dice: 0.5164  decode.d3.loss_cls: 0.0046  decode.d3.loss_mask: 0.6660  decode.d3.loss_dice: 0.5112  decode.d4.loss_cls: 0.0047  decode.d4.loss_mask: 0.6585  decode.d4.loss_dice: 0.5165  decode.d5.loss_cls: 0.0036  decode.d5.loss_mask: 0.6596  decode.d5.loss_dice: 0.5134  decode.d6.loss_cls: 0.0040  decode.d6.loss_mask: 0.6557  decode.d6.loss_dice: 0.5038  decode.d7.loss_cls: 0.0039  decode.d7.loss_mask: 0.6557  decode.d7.loss_dice: 0.5196  decode.d8.loss_cls: 0.0026  decode.d8.loss_mask: 0.6539  decode.d8.loss_dice: 0.5028
2026/08/04 02:21:41 - mmengine - INFO - Iter(train) [35600/40000]  base_lr: 1.6556e-06 lr: 1.6556e-06  eta: 1:23:22  time: 1.1327  data_time: 0.0235  memory: 16845  grad_norm: 72.1088  loss: 12.2497  decode.loss_cls: 0.0071  decode.loss_mask: 0.6496  decode.loss_dice: 0.5383  decode.d0.loss_cls: 0.0241  decode.d0.loss_mask: 0.7110  decode.d0.loss_dice: 0.5965  decode.d1.loss_cls: 0.0094  decode.d1.loss_mask: 0.6599  decode.d1.loss_dice: 0.5679  decode.d2.loss_cls: 0.0060  decode.d2.loss_mask: 0.6564  decode.d2.loss_dice: 0.5658  decode.d3.loss_cls: 0.0053  decode.d3.loss_mask: 0.6558  decode.d3.loss_dice: 0.5585  decode.d4.loss_cls: 0.0063  decode.d4.loss_mask: 0.6524  decode.d4.loss_dice: 0.5577  decode.d5.loss_cls: 0.0061  decode.d5.loss_mask: 0.6521  decode.d5.loss_dice: 0.5529  decode.d6.loss_cls: 0.0059  decode.d6.loss_mask: 0.6511  decode.d6.loss_dice: 0.5470  decode.d7.loss_cls: 0.0089  decode.d7.loss_mask: 0.6482  decode.d7.loss_dice: 0.5464  decode.d8.loss_cls: 0.0070  decode.d8.loss_mask: 0.6496  decode.d8.loss_dice: 0.5469
2026/08/04 02:23:33 - mmengine - INFO - Iter(train) [35700/40000]  base_lr: 1.6265e-06 lr: 1.6265e-06  eta: 1:21:28  time: 1.1198  data_time: 0.0240  memory: 16826  grad_norm: 57.2196  loss: 12.3626  decode.loss_cls: 0.0113  decode.loss_mask: 0.6490  decode.loss_dice: 0.5324  decode.d0.loss_cls: 0.0417  decode.d0.loss_mask: 0.7902  decode.d0.loss_dice: 0.6616  decode.d1.loss_cls: 0.0203  decode.d1.loss_mask: 0.6737  decode.d1.loss_dice: 0.5613  decode.d2.loss_cls: 0.0172  decode.d2.loss_mask: 0.6650  decode.d2.loss_dice: 0.5491  decode.d3.loss_cls: 0.0144  decode.d3.loss_mask: 0.6571  decode.d3.loss_dice: 0.5331  decode.d4.loss_cls: 0.0127  decode.d4.loss_mask: 0.6598  decode.d4.loss_dice: 0.5399  decode.d5.loss_cls: 0.0114  decode.d5.loss_mask: 0.6551  decode.d5.loss_dice: 0.5356  decode.d6.loss_cls: 0.0111  decode.d6.loss_mask: 0.6470  decode.d6.loss_dice: 0.5332  decode.d7.loss_cls: 0.0100  decode.d7.loss_mask: 0.6483  decode.d7.loss_dice: 0.5310  decode.d8.loss_cls: 0.0120  decode.d8.loss_mask: 0.6473  decode.d8.loss_dice: 0.5306
2026/08/04 02:25:26 - mmengine - INFO - Iter(train) [35800/40000]  base_lr: 1.5980e-06 lr: 1.5980e-06  eta: 1:19:34  time: 1.1184  data_time: 0.0234  memory: 16828  grad_norm: 49.3745  loss: 8.5124  decode.loss_cls: 0.0049  decode.loss_mask: 0.3746  decode.loss_dice: 0.4421  decode.d0.loss_cls: 0.0326  decode.d0.loss_mask: 0.4193  decode.d0.loss_dice: 0.5457  decode.d1.loss_cls: 0.0185  decode.d1.loss_mask: 0.3841  decode.d1.loss_dice: 0.4715  decode.d2.loss_cls: 0.0119  decode.d2.loss_mask: 0.3782  decode.d2.loss_dice: 0.4381  decode.d3.loss_cls: 0.0066  decode.d3.loss_mask: 0.3777  decode.d3.loss_dice: 0.4444  decode.d4.loss_cls: 0.0075  decode.d4.loss_mask: 0.3762  decode.d4.loss_dice: 0.4549  decode.d5.loss_cls: 0.0046  decode.d5.loss_mask: 0.3777  decode.d5.loss_dice: 0.4601  decode.d6.loss_cls: 0.0044  decode.d6.loss_mask: 0.3770  decode.d6.loss_dice: 0.4490  decode.d7.loss_cls: 0.0040  decode.d7.loss_mask: 0.3743  decode.d7.loss_dice: 0.4492  decode.d8.loss_cls: 0.0039  decode.d8.loss_mask: 0.3751  decode.d8.loss_dice: 0.4444
2026/08/04 02:27:22 - mmengine - INFO - Iter(train) [35900/40000]  base_lr: 1.5701e-06 lr: 1.5701e-06  eta: 1:17:40  time: 1.1231  data_time: 0.0222  memory: 16845  grad_norm: 74.1839  loss: 13.1907  decode.loss_cls: 0.0054  decode.loss_mask: 0.7367  decode.loss_dice: 0.5465  decode.d0.loss_cls: 0.0306  decode.d0.loss_mask: 0.8472  decode.d0.loss_dice: 0.6224  decode.d1.loss_cls: 0.0126  decode.d1.loss_mask: 0.7566  decode.d1.loss_dice: 0.5502  decode.d2.loss_cls: 0.0117  decode.d2.loss_mask: 0.7434  decode.d2.loss_dice: 0.5599  decode.d3.loss_cls: 0.0070  decode.d3.loss_mask: 0.7393  decode.d3.loss_dice: 0.5618  decode.d4.loss_cls: 0.0070  decode.d4.loss_mask: 0.7385  decode.d4.loss_dice: 0.5490  decode.d5.loss_cls: 0.0070  decode.d5.loss_mask: 0.7380  decode.d5.loss_dice: 0.5483  decode.d6.loss_cls: 0.0067  decode.d6.loss_mask: 0.7357  decode.d6.loss_dice: 0.5430  decode.d7.loss_cls: 0.0062  decode.d7.loss_mask: 0.7351  decode.d7.loss_dice: 0.5544  decode.d8.loss_cls: 0.0054  decode.d8.loss_mask: 0.7367  decode.d8.loss_dice: 0.5483
2026/08/04 02:29:16 - mmengine - INFO - Exp name: dinov3_m2f_gram_4999_v2_20260803_142922
2026/08/04 02:29:16 - mmengine - INFO - Iter(train) [36000/40000]  base_lr: 1.5429e-06 lr: 1.5429e-06  eta: 1:15:47  time: 1.1577  data_time: 0.0244  memory: 16845  grad_norm: 59.4003  loss: 12.6158  decode.loss_cls: 0.0037  decode.loss_mask: 0.7032  decode.loss_dice: 0.5314  decode.d0.loss_cls: 0.0215  decode.d0.loss_mask: 0.7640  decode.d0.loss_dice: 0.5654  decode.d1.loss_cls: 0.0082  decode.d1.loss_mask: 0.7276  decode.d1.loss_dice: 0.5540  decode.d2.loss_cls: 0.0051  decode.d2.loss_mask: 0.7158  decode.d2.loss_dice: 0.5372  decode.d3.loss_cls: 0.0044  decode.d3.loss_mask: 0.7112  decode.d3.loss_dice: 0.5359  decode.d4.loss_cls: 0.0042  decode.d4.loss_mask: 0.7098  decode.d4.loss_dice: 0.5325  decode.d5.loss_cls: 0.0041  decode.d5.loss_mask: 0.7076  decode.d5.loss_dice: 0.5334  decode.d6.loss_cls: 0.0042  decode.d6.loss_mask: 0.7060  decode.d6.loss_dice: 0.5367  decode.d7.loss_cls: 0.0043  decode.d7.loss_mask: 0.7059  decode.d7.loss_dice: 0.5331  decode.d8.loss_cls: 0.0060  decode.d8.loss_mask: 0.7057  decode.d8.loss_dice: 0.5337
2026/08/04 02:29:16 - mmengine - INFO - Saving checkpoint at 36000 iterations
2026/08/04 02:30:18 - mmengine - INFO - Iter(val) [100/252]    eta: 0:01:03  time: 0.4063  data_time: 0.0143  memory: 4705  
2026/08/04 02:30:59 - mmengine - INFO - Iter(val) [200/252]    eta: 0:00:21  time: 0.4072  data_time: 0.0143  memory: 4705  
2026/08/04 02:31:24 - mmengine - INFO - per class results:
2026/08/04 02:31:24 - mmengine - INFO - 
+--------------------+-------+-------+--------+-----------+--------+
|       Class        |  IoU  |  Acc  | Fscore | Precision | Recall |
+--------------------+-------+-------+--------+-----------+--------+
| impervious_surface | 87.03 | 93.18 | 93.07  |   92.96   | 93.18  |
|      building      | 95.55 | 98.31 | 97.73  |   97.15   | 98.31  |
|   low_vegetation   | 80.79 | 92.45 | 89.37  |   86.49   | 92.45  |
|        tree        | 80.71 | 85.46 | 89.32  |   93.56   | 85.46  |
|        car         | 94.33 |  96.4 | 97.08  |   97.78   |  96.4  |
+--------------------+-------+-------+--------+-----------+--------+
2026/08/04 02:31:24 - mmengine - INFO - Iter(val) [252/252]    aAcc: 91.8800  mIoU: 87.6800  mAcc: 93.1600  mFscore: 93.3100  mPrecision: 93.5900  mRecall: 93.1600  data_time: 0.0193  time: 0.4119
2026/08/04 02:33:17 - mmengine - INFO - Iter(train) [36100/40000]  base_lr: 1.5164e-06 lr: 1.5164e-06  eta: 1:13:53  time: 1.1257  data_time: 0.0229  memory: 16838  grad_norm: 76.8715  loss: 10.3291  decode.loss_cls: 0.0033  decode.loss_mask: 0.5373  decode.loss_dice: 0.4697  decode.d0.loss_cls: 0.0284  decode.d0.loss_mask: 0.6046  decode.d0.loss_dice: 0.5352  decode.d1.loss_cls: 0.0114  decode.d1.loss_mask: 0.5473  decode.d1.loss_dice: 0.4738  decode.d2.loss_cls: 0.0066  decode.d2.loss_mask: 0.5463  decode.d2.loss_dice: 0.4655  decode.d3.loss_cls: 0.0047  decode.d3.loss_mask: 0.5445  decode.d3.loss_dice: 0.4704  decode.d4.loss_cls: 0.0050  decode.d4.loss_mask: 0.5434  decode.d4.loss_dice: 0.4712  decode.d5.loss_cls: 0.0051  decode.d5.loss_mask: 0.5482  decode.d5.loss_dice: 0.4694  decode.d6.loss_cls: 0.0035  decode.d6.loss_mask: 0.5447  decode.d6.loss_dice: 0.4705  decode.d7.loss_cls: 0.0028  decode.d7.loss_mask: 0.5403  decode.d7.loss_dice: 0.4665  decode.d8.loss_cls: 0.0043  decode.d8.loss_mask: 0.5376  decode.d8.loss_dice: 0.4675
2026/08/04 02:35:09 - mmengine - INFO - Iter(train) [36200/40000]  base_lr: 1.4905e-06 lr: 1.4905e-06  eta: 1:12:00  time: 1.1183  data_time: 0.0235  memory: 16828  grad_norm: 57.4049  loss: 10.4956  decode.loss_cls: 0.0086  decode.loss_mask: 0.5484  decode.loss_dice: 0.4702  decode.d0.loss_cls: 0.0356  decode.d0.loss_mask: 0.5818  decode.d0.loss_dice: 0.5242  decode.d1.loss_cls: 0.0136  decode.d1.loss_mask: 0.5658  decode.d1.loss_dice: 0.4903  decode.d2.loss_cls: 0.0112  decode.d2.loss_mask: 0.5585  decode.d2.loss_dice: 0.4774  decode.d3.loss_cls: 0.0099  decode.d3.loss_mask: 0.5577  decode.d3.loss_dice: 0.4763  decode.d4.loss_cls: 0.0091  decode.d4.loss_mask: 0.5561  decode.d4.loss_dice: 0.4793  decode.d5.loss_cls: 0.0082  decode.d5.loss_mask: 0.5544  decode.d5.loss_dice: 0.4719  decode.d6.loss_cls: 0.0080  decode.d6.loss_mask: 0.5498  decode.d6.loss_dice: 0.4680  decode.d7.loss_cls: 0.0091  decode.d7.loss_mask: 0.5550  decode.d7.loss_dice: 0.4694  decode.d8.loss_cls: 0.0081  decode.d8.loss_mask: 0.5517  decode.d8.loss_dice: 0.4682
2026/08/04 02:37:06 - mmengine - INFO - Iter(train) [36300/40000]  base_lr: 1.4652e-06 lr: 1.4652e-06  eta: 1:10:06  time: 1.1246  data_time: 0.0219  memory: 16845  grad_norm: 50.2405  loss: 9.2263  decode.loss_cls: 0.0081  decode.loss_mask: 0.5044  decode.loss_dice: 0.3868  decode.d0.loss_cls: 0.0406  decode.d0.loss_mask: 0.5467  decode.d0.loss_dice: 0.4812  decode.d1.loss_cls: 0.0116  decode.d1.loss_mask: 0.5127  decode.d1.loss_dice: 0.4076  decode.d2.loss_cls: 0.0095  decode.d2.loss_mask: 0.5057  decode.d2.loss_dice: 0.4001  decode.d3.loss_cls: 0.0091  decode.d3.loss_mask: 0.5053  decode.d3.loss_dice: 0.3945  decode.d4.loss_cls: 0.0084  decode.d4.loss_mask: 0.5087  decode.d4.loss_dice: 0.3918  decode.d5.loss_cls: 0.0083  decode.d5.loss_mask: 0.5060  decode.d5.loss_dice: 0.3838  decode.d6.loss_cls: 0.0071  decode.d6.loss_mask: 0.5029  decode.d6.loss_dice: 0.3837  decode.d7.loss_cls: 0.0076  decode.d7.loss_mask: 0.5084  decode.d7.loss_dice: 0.3873  decode.d8.loss_cls: 0.0072  decode.d8.loss_mask: 0.5067  decode.d8.loss_dice: 0.3847
2026/08/04 02:38:58 - mmengine - INFO - Iter(train) [36400/40000]  base_lr: 1.4406e-06 lr: 1.4406e-06  eta: 1:08:12  time: 1.1486  data_time: 0.0229  memory: 16829  grad_norm: 56.4942  loss: 12.6608  decode.loss_cls: 0.0113  decode.loss_mask: 0.6875  decode.loss_dice: 0.5446  decode.d0.loss_cls: 0.0322  decode.d0.loss_mask: 0.7731  decode.d0.loss_dice: 0.6147  decode.d1.loss_cls: 0.0171  decode.d1.loss_mask: 0.6989  decode.d1.loss_dice: 0.5613  decode.d2.loss_cls: 0.0146  decode.d2.loss_mask: 0.6957  decode.d2.loss_dice: 0.5529  decode.d3.loss_cls: 0.0126  decode.d3.loss_mask: 0.6887  decode.d3.loss_dice: 0.5458  decode.d4.loss_cls: 0.0113  decode.d4.loss_mask: 0.6897  decode.d4.loss_dice: 0.5422  decode.d5.loss_cls: 0.0111  decode.d5.loss_mask: 0.6879  decode.d5.loss_dice: 0.5368  decode.d6.loss_cls: 0.0110  decode.d6.loss_mask: 0.6904  decode.d6.loss_dice: 0.5485  decode.d7.loss_cls: 0.0112  decode.d7.loss_mask: 0.6869  decode.d7.loss_dice: 0.5436  decode.d8.loss_cls: 0.0109  decode.d8.loss_mask: 0.6864  decode.d8.loss_dice: 0.5419
2026/08/04 02:40:51 - mmengine - INFO - Iter(train) [36500/40000]  base_lr: 1.4167e-06 lr: 1.4167e-06  eta: 1:06:19  time: 1.1149  data_time: 0.0237  memory: 16845  grad_norm: 58.6081  loss: 10.2579  decode.loss_cls: 0.0052  decode.loss_mask: 0.5861  decode.loss_dice: 0.3988  decode.d0.loss_cls: 0.0381  decode.d0.loss_mask: 0.6732  decode.d0.loss_dice: 0.4760  decode.d1.loss_cls: 0.0128  decode.d1.loss_mask: 0.6285  decode.d1.loss_dice: 0.4194  decode.d2.loss_cls: 0.0104  decode.d2.loss_mask: 0.6128  decode.d2.loss_dice: 0.4034  decode.d3.loss_cls: 0.0081  decode.d3.loss_mask: 0.6042  decode.d3.loss_dice: 0.4049  decode.d4.loss_cls: 0.0069  decode.d4.loss_mask: 0.5952  decode.d4.loss_dice: 0.4046  decode.d5.loss_cls: 0.0073  decode.d5.loss_mask: 0.5929  decode.d5.loss_dice: 0.3979  decode.d6.loss_cls: 0.0066  decode.d6.loss_mask: 0.5878  decode.d6.loss_dice: 0.3996  decode.d7.loss_cls: 0.0069  decode.d7.loss_mask: 0.5871  decode.d7.loss_dice: 0.3955  decode.d8.loss_cls: 0.0066  decode.d8.loss_mask: 0.5850  decode.d8.loss_dice: 0.3961
2026/08/04 02:42:43 - mmengine - INFO - Iter(train) [36600/40000]  base_lr: 1.3934e-06 lr: 1.3934e-06  eta: 1:04:25  time: 1.1265  data_time: 0.0235  memory: 16812  grad_norm: 55.1599  loss: 13.0084  decode.loss_cls: 0.0027  decode.loss_mask: 0.7227  decode.loss_dice: 0.5528  decode.d0.loss_cls: 0.0245  decode.d0.loss_mask: 0.7808  decode.d0.loss_dice: 0.6089  decode.d1.loss_cls: 0.0064  decode.d1.loss_mask: 0.7428  decode.d1.loss_dice: 0.5655  decode.d2.loss_cls: 0.0052  decode.d2.loss_mask: 0.7302  decode.d2.loss_dice: 0.5646  decode.d3.loss_cls: 0.0039  decode.d3.loss_mask: 0.7289  decode.d3.loss_dice: 0.5601  decode.d4.loss_cls: 0.0023  decode.d4.loss_mask: 0.7278  decode.d4.loss_dice: 0.5610  decode.d5.loss_cls: 0.0036  decode.d5.loss_mask: 0.7261  decode.d5.loss_dice: 0.5576  decode.d6.loss_cls: 0.0034  decode.d6.loss_mask: 0.7232  decode.d6.loss_dice: 0.5528  decode.d7.loss_cls: 0.0033  decode.d7.loss_mask: 0.7208  decode.d7.loss_dice: 0.5496  decode.d8.loss_cls: 0.0027  decode.d8.loss_mask: 0.7199  decode.d8.loss_dice: 0.5543
2026/08/04 02:44:35 - mmengine - INFO - Iter(train) [36700/40000]  base_lr: 1.3707e-06 lr: 1.3707e-06  eta: 1:02:31  time: 1.1156  data_time: 0.0227  memory: 16845  grad_norm: 77.9616  loss: 12.6657  decode.loss_cls: 0.0062  decode.loss_mask: 0.6481  decode.loss_dice: 0.5707  decode.d0.loss_cls: 0.0247  decode.d0.loss_mask: 0.7816  decode.d0.loss_dice: 0.6848  decode.d1.loss_cls: 0.0150  decode.d1.loss_mask: 0.6870  decode.d1.loss_dice: 0.6014  decode.d2.loss_cls: 0.0091  decode.d2.loss_mask: 0.6687  decode.d2.loss_dice: 0.5897  decode.d3.loss_cls: 0.0072  decode.d3.loss_mask: 0.6623  decode.d3.loss_dice: 0.5796  decode.d4.loss_cls: 0.0066  decode.d4.loss_mask: 0.6531  decode.d4.loss_dice: 0.5687  decode.d5.loss_cls: 0.0062  decode.d5.loss_mask: 0.6525  decode.d5.loss_dice: 0.5828  decode.d6.loss_cls: 0.0064  decode.d6.loss_mask: 0.6473  decode.d6.loss_dice: 0.5691  decode.d7.loss_cls: 0.0067  decode.d7.loss_mask: 0.6483  decode.d7.loss_dice: 0.5683  decode.d8.loss_cls: 0.0061  decode.d8.loss_mask: 0.6466  decode.d8.loss_dice: 0.5612
2026/08/04 02:46:31 - mmengine - INFO - Iter(train) [36800/40000]  base_lr: 1.3487e-06 lr: 1.3487e-06  eta: 1:00:37  time: 1.1215  data_time: 0.0236  memory: 16845  grad_norm: 54.4185  loss: 10.8913  decode.loss_cls: 0.0049  decode.loss_mask: 0.5824  decode.loss_dice: 0.4842  decode.d0.loss_cls: 0.0270  decode.d0.loss_mask: 0.6097  decode.d0.loss_dice: 0.5239  decode.d1.loss_cls: 0.0089  decode.d1.loss_mask: 0.5922  decode.d1.loss_dice: 0.5009  decode.d2.loss_cls: 0.0074  decode.d2.loss_mask: 0.5907  decode.d2.loss_dice: 0.4978  decode.d3.loss_cls: 0.0062  decode.d3.loss_mask: 0.5880  decode.d3.loss_dice: 0.4932  decode.d4.loss_cls: 0.0049  decode.d4.loss_mask: 0.5859  decode.d4.loss_dice: 0.4881  decode.d5.loss_cls: 0.0078  decode.d5.loss_mask: 0.5847  decode.d5.loss_dice: 0.4823  decode.d6.loss_cls: 0.0046  decode.d6.loss_mask: 0.5865  decode.d6.loss_dice: 0.4809  decode.d7.loss_cls: 0.0041  decode.d7.loss_mask: 0.5817  decode.d7.loss_dice: 0.4930  decode.d8.loss_cls: 0.0037  decode.d8.loss_mask: 0.5824  decode.d8.loss_dice: 0.4835
2026/08/04 02:48:24 - mmengine - INFO - Iter(train) [36900/40000]  base_lr: 1.3274e-06 lr: 1.3274e-06  eta: 0:58:44  time: 1.1274  data_time: 0.0230  memory: 16845  grad_norm: 65.3840  loss: 11.7473  decode.loss_cls: 0.0026  decode.loss_mask: 0.6516  decode.loss_dice: 0.5066  decode.d0.loss_cls: 0.0232  decode.d0.loss_mask: 0.7094  decode.d0.loss_dice: 0.5462  decode.d1.loss_cls: 0.0056  decode.d1.loss_mask: 0.6589  decode.d1.loss_dice: 0.5166  decode.d2.loss_cls: 0.0039  decode.d2.loss_mask: 0.6522  decode.d2.loss_dice: 0.5147  decode.d3.loss_cls: 0.0042  decode.d3.loss_mask: 0.6522  decode.d3.loss_dice: 0.5076  decode.d4.loss_cls: 0.0036  decode.d4.loss_mask: 0.6528  decode.d4.loss_dice: 0.5067  decode.d5.loss_cls: 0.0032  decode.d5.loss_mask: 0.6494  decode.d5.loss_dice: 0.5061  decode.d6.loss_cls: 0.0032  decode.d6.loss_mask: 0.6478  decode.d6.loss_dice: 0.5062  decode.d7.loss_cls: 0.0027  decode.d7.loss_mask: 0.6511  decode.d7.loss_dice: 0.5038  decode.d8.loss_cls: 0.0039  decode.d8.loss_mask: 0.6479  decode.d8.loss_dice: 0.5034
2026/08/04 02:50:17 - mmengine - INFO - Exp name: dinov3_m2f_gram_4999_v2_20260803_142922
2026/08/04 02:50:17 - mmengine - INFO - Iter(train) [37000/40000]  base_lr: 1.3067e-06 lr: 1.3067e-06  eta: 0:56:50  time: 1.1661  data_time: 0.0230  memory: 16824  grad_norm: 80.5529  loss: 16.3747  decode.loss_cls: 0.0165  decode.loss_mask: 0.8696  decode.loss_dice: 0.6697  decode.d0.loss_cls: 0.0549  decode.d0.loss_mask: 1.1775  decode.d0.loss_dice: 0.8979  decode.d1.loss_cls: 0.0294  decode.d1.loss_mask: 0.9216  decode.d1.loss_dice: 0.7151  decode.d2.loss_cls: 0.0261  decode.d2.loss_mask: 0.8961  decode.d2.loss_dice: 0.6812  decode.d3.loss_cls: 0.0226  decode.d3.loss_mask: 0.8855  decode.d3.loss_dice: 0.6730  decode.d4.loss_cls: 0.0193  decode.d4.loss_mask: 0.8918  decode.d4.loss_dice: 0.6780  decode.d5.loss_cls: 0.0186  decode.d5.loss_mask: 0.8843  decode.d5.loss_dice: 0.6724  decode.d6.loss_cls: 0.0186  decode.d6.loss_mask: 0.8749  decode.d6.loss_dice: 0.6716  decode.d7.loss_cls: 0.0172  decode.d7.loss_mask: 0.8667  decode.d7.loss_dice: 0.6670  decode.d8.loss_cls: 0.0165  decode.d8.loss_mask: 0.8688  decode.d8.loss_dice: 0.6725
2026/08/04 02:52:09 - mmengine - INFO - Iter(train) [37100/40000]  base_lr: 1.2867e-06 lr: 1.2867e-06  eta: 0:54:56  time: 1.1291  data_time: 0.0234  memory: 16828  grad_norm: 56.7802  loss: 10.0860  decode.loss_cls: 0.0046  decode.loss_mask: 0.4899  decode.loss_dice: 0.4973  decode.d0.loss_cls: 0.0283  decode.d0.loss_mask: 0.5305  decode.d0.loss_dice: 0.5623  decode.d1.loss_cls: 0.0161  decode.d1.loss_mask: 0.5055  decode.d1.loss_dice: 0.5175  decode.d2.loss_cls: 0.0118  decode.d2.loss_mask: 0.4968  decode.d2.loss_dice: 0.5146  decode.d3.loss_cls: 0.0075  decode.d3.loss_mask: 0.4940  decode.d3.loss_dice: 0.4961  decode.d4.loss_cls: 0.0071  decode.d4.loss_mask: 0.4896  decode.d4.loss_dice: 0.4892  decode.d5.loss_cls: 0.0047  decode.d5.loss_mask: 0.4878  decode.d5.loss_dice: 0.4927  decode.d6.loss_cls: 0.0055  decode.d6.loss_mask: 0.4857  decode.d6.loss_dice: 0.4869  decode.d7.loss_cls: 0.0046  decode.d7.loss_mask: 0.4889  decode.d7.loss_dice: 0.4889  decode.d8.loss_cls: 0.0052  decode.d8.loss_mask: 0.4875  decode.d8.loss_dice: 0.4889
2026/08/04 02:54:06 - mmengine - INFO - Iter(train) [37200/40000]  base_lr: 1.2674e-06 lr: 1.2674e-06  eta: 0:53:03  time: 1.1188  data_time: 0.0238  memory: 16845  grad_norm: 71.6652  loss: 12.5768  decode.loss_cls: 0.0031  decode.loss_mask: 0.7182  decode.loss_dice: 0.5135  decode.d0.loss_cls: 0.0342  decode.d0.loss_mask: 0.8067  decode.d0.loss_dice: 0.5596  decode.d1.loss_cls: 0.0076  decode.d1.loss_mask: 0.7422  decode.d1.loss_dice: 0.5264  decode.d2.loss_cls: 0.0063  decode.d2.loss_mask: 0.7312  decode.d2.loss_dice: 0.5181  decode.d3.loss_cls: 0.0045  decode.d3.loss_mask: 0.7224  decode.d3.loss_dice: 0.5155  decode.d4.loss_cls: 0.0034  decode.d4.loss_mask: 0.7233  decode.d4.loss_dice: 0.5105  decode.d5.loss_cls: 0.0041  decode.d5.loss_mask: 0.7212  decode.d5.loss_dice: 0.5013  decode.d6.loss_cls: 0.0040  decode.d6.loss_mask: 0.7242  decode.d6.loss_dice: 0.5110  decode.d7.loss_cls: 0.0040  decode.d7.loss_mask: 0.7175  decode.d7.loss_dice: 0.5097  decode.d8.loss_cls: 0.0037  decode.d8.loss_mask: 0.7202  decode.d8.loss_dice: 0.5092
2026/08/04 02:55:58 - mmengine - INFO - Iter(train) [37300/40000]  base_lr: 1.2487e-06 lr: 1.2487e-06  eta: 0:51:09  time: 1.1246  data_time: 0.0240  memory: 16845  grad_norm: 48.4337  loss: 9.5164  decode.loss_cls: 0.0017  decode.loss_mask: 0.5168  decode.loss_dice: 0.4169  decode.d0.loss_cls: 0.0236  decode.d0.loss_mask: 0.5615  decode.d0.loss_dice: 0.4463  decode.d1.loss_cls: 0.0047  decode.d1.loss_mask: 0.5283  decode.d1.loss_dice: 0.4312  decode.d2.loss_cls: 0.0025  decode.d2.loss_mask: 0.5226  decode.d2.loss_dice: 0.4190  decode.d3.loss_cls: 0.0020  decode.d3.loss_mask: 0.5199  decode.d3.loss_dice: 0.4230  decode.d4.loss_cls: 0.0028  decode.d4.loss_mask: 0.5211  decode.d4.loss_dice: 0.4192  decode.d5.loss_cls: 0.0020  decode.d5.loss_mask: 0.5197  decode.d5.loss_dice: 0.4136  decode.d6.loss_cls: 0.0026  decode.d6.loss_mask: 0.5211  decode.d6.loss_dice: 0.4200  decode.d7.loss_cls: 0.0017  decode.d7.loss_mask: 0.5184  decode.d7.loss_dice: 0.4185  decode.d8.loss_cls: 0.0017  decode.d8.loss_mask: 0.5181  decode.d8.loss_dice: 0.4159
2026/08/04 02:57:51 - mmengine - INFO - Iter(train) [37400/40000]  base_lr: 1.2307e-06 lr: 1.2307e-06  eta: 0:49:15  time: 1.1195  data_time: 0.0239  memory: 16838  grad_norm: 67.5863  loss: 9.9659  decode.loss_cls: 0.0024  decode.loss_mask: 0.5264  decode.loss_dice: 0.4489  decode.d0.loss_cls: 0.0256  decode.d0.loss_mask: 0.5846  decode.d0.loss_dice: 0.5013  decode.d1.loss_cls: 0.0089  decode.d1.loss_mask: 0.5305  decode.d1.loss_dice: 0.4510  decode.d2.loss_cls: 0.0040  decode.d2.loss_mask: 0.5317  decode.d2.loss_dice: 0.4526  decode.d3.loss_cls: 0.0040  decode.d3.loss_mask: 0.5307  decode.d3.loss_dice: 0.4497  decode.d4.loss_cls: 0.0033  decode.d4.loss_mask: 0.5316  decode.d4.loss_dice: 0.4476  decode.d5.loss_cls: 0.0037  decode.d5.loss_mask: 0.5330  decode.d5.loss_dice: 0.4521  decode.d6.loss_cls: 0.0034  decode.d6.loss_mask: 0.5293  decode.d6.loss_dice: 0.4523  decode.d7.loss_cls: 0.0025  decode.d7.loss_mask: 0.5285  decode.d7.loss_dice: 0.4489  decode.d8.loss_cls: 0.0041  decode.d8.loss_mask: 0.5266  decode.d8.loss_dice: 0.4466
2026/08/04 02:59:42 - mmengine - INFO - Iter(train) [37500/40000]  base_lr: 1.2134e-06 lr: 1.2134e-06  eta: 0:47:21  time: 1.1158  data_time: 0.0232  memory: 16828  grad_norm: 53.8021  loss: 10.3133  decode.loss_cls: 0.0039  decode.loss_mask: 0.5417  decode.loss_dice: 0.4674  decode.d0.loss_cls: 0.0313  decode.d0.loss_mask: 0.5661  decode.d0.loss_dice: 0.5263  decode.d1.loss_cls: 0.0106  decode.d1.loss_mask: 0.5485  decode.d1.loss_dice: 0.4783  decode.d2.loss_cls: 0.0072  decode.d2.loss_mask: 0.5481  decode.d2.loss_dice: 0.4758  decode.d3.loss_cls: 0.0060  decode.d3.loss_mask: 0.5456  decode.d3.loss_dice: 0.4717  decode.d4.loss_cls: 0.0047  decode.d4.loss_mask: 0.5442  decode.d4.loss_dice: 0.4685  decode.d5.loss_cls: 0.0062  decode.d5.loss_mask: 0.5447  decode.d5.loss_dice: 0.4695  decode.d6.loss_cls: 0.0040  decode.d6.loss_mask: 0.5430  decode.d6.loss_dice: 0.4603  decode.d7.loss_cls: 0.0064  decode.d7.loss_mask: 0.5430  decode.d7.loss_dice: 0.4723  decode.d8.loss_cls: 0.0038  decode.d8.loss_mask: 0.5448  decode.d8.loss_dice: 0.4692
2026/08/04 03:01:39 - mmengine - INFO - Iter(train) [37600/40000]  base_lr: 1.1967e-06 lr: 1.1967e-06  eta: 0:45:28  time: 1.1235  data_time: 0.0223  memory: 16845  grad_norm: 56.6817  loss: 10.0137  decode.loss_cls: 0.0125  decode.loss_mask: 0.5217  decode.loss_dice: 0.4440  decode.d0.loss_cls: 0.0491  decode.d0.loss_mask: 0.5659  decode.d0.loss_dice: 0.5450  decode.d1.loss_cls: 0.0202  decode.d1.loss_mask: 0.5290  decode.d1.loss_dice: 0.4515  decode.d2.loss_cls: 0.0200  decode.d2.loss_mask: 0.5235  decode.d2.loss_dice: 0.4386  decode.d3.loss_cls: 0.0145  decode.d3.loss_mask: 0.5229  decode.d3.loss_dice: 0.4490  decode.d4.loss_cls: 0.0133  decode.d4.loss_mask: 0.5204  decode.d4.loss_dice: 0.4542  decode.d5.loss_cls: 0.0125  decode.d5.loss_mask: 0.5227  decode.d5.loss_dice: 0.4455  decode.d6.loss_cls: 0.0117  decode.d6.loss_mask: 0.5165  decode.d6.loss_dice: 0.4422  decode.d7.loss_cls: 0.0136  decode.d7.loss_mask: 0.5197  decode.d7.loss_dice: 0.4383  decode.d8.loss_cls: 0.0102  decode.d8.loss_mask: 0.5224  decode.d8.loss_dice: 0.4631
2026/08/04 03:03:31 - mmengine - INFO - Iter(train) [37700/40000]  base_lr: 1.1807e-06 lr: 1.1807e-06  eta: 0:43:34  time: 1.1343  data_time: 0.0241  memory: 16829  grad_norm: 59.3529  loss: 13.3007  decode.loss_cls: 0.0103  decode.loss_mask: 0.7287  decode.loss_dice: 0.5668  decode.d0.loss_cls: 0.0317  decode.d0.loss_mask: 0.8327  decode.d0.loss_dice: 0.6272  decode.d1.loss_cls: 0.0140  decode.d1.loss_mask: 0.7531  decode.d1.loss_dice: 0.5858  decode.d2.loss_cls: 0.0131  decode.d2.loss_mask: 0.7401  decode.d2.loss_dice: 0.5794  decode.d3.loss_cls: 0.0109  decode.d3.loss_mask: 0.7363  decode.d3.loss_dice: 0.5638  decode.d4.loss_cls: 0.0103  decode.d4.loss_mask: 0.7306  decode.d4.loss_dice: 0.5610  decode.d5.loss_cls: 0.0101  decode.d5.loss_mask: 0.7325  decode.d5.loss_dice: 0.5646  decode.d6.loss_cls: 0.0102  decode.d6.loss_mask: 0.7283  decode.d6.loss_dice: 0.5597  decode.d7.loss_cls: 0.0100  decode.d7.loss_mask: 0.7270  decode.d7.loss_dice: 0.5616  decode.d8.loss_cls: 0.0098  decode.d8.loss_mask: 0.7287  decode.d8.loss_dice: 0.5621
2026/08/04 03:05:23 - mmengine - INFO - Iter(train) [37800/40000]  base_lr: 1.1654e-06 lr: 1.1654e-06  eta: 0:41:40  time: 1.1189  data_time: 0.0235  memory: 16845  grad_norm: 59.3107  loss: 10.4588  decode.loss_cls: 0.0065  decode.loss_mask: 0.5899  decode.loss_dice: 0.4167  decode.d0.loss_cls: 0.0357  decode.d0.loss_mask: 0.6610  decode.d0.loss_dice: 0.4741  decode.d1.loss_cls: 0.0123  decode.d1.loss_mask: 0.6304  decode.d1.loss_dice: 0.4319  decode.d2.loss_cls: 0.0116  decode.d2.loss_mask: 0.6212  decode.d2.loss_dice: 0.4253  decode.d3.loss_cls: 0.0105  decode.d3.loss_mask: 0.6076  decode.d3.loss_dice: 0.4202  decode.d4.loss_cls: 0.0113  decode.d4.loss_mask: 0.6004  decode.d4.loss_dice: 0.4196  decode.d5.loss_cls: 0.0109  decode.d5.loss_mask: 0.5995  decode.d5.loss_dice: 0.4162  decode.d6.loss_cls: 0.0094  decode.d6.loss_mask: 0.5926  decode.d6.loss_dice: 0.4161  decode.d7.loss_cls: 0.0073  decode.d7.loss_mask: 0.5907  decode.d7.loss_dice: 0.4160  decode.d8.loss_cls: 0.0070  decode.d8.loss_mask: 0.5885  decode.d8.loss_dice: 0.4183
2026/08/04 03:07:16 - mmengine - INFO - Iter(train) [37900/40000]  base_lr: 1.1508e-06 lr: 1.1508e-06  eta: 0:39:47  time: 1.1193  data_time: 0.0237  memory: 16812  grad_norm: 51.4774  loss: 12.3302  decode.loss_cls: 0.0027  decode.loss_mask: 0.6717  decode.loss_dice: 0.5380  decode.d0.loss_cls: 0.0252  decode.d0.loss_mask: 0.7159  decode.d0.loss_dice: 0.5869  decode.d1.loss_cls: 0.0081  decode.d1.loss_mask: 0.6904  decode.d1.loss_dice: 0.5529  decode.d2.loss_cls: 0.0049  decode.d2.loss_mask: 0.6794  decode.d2.loss_dice: 0.5480  decode.d3.loss_cls: 0.0034  decode.d3.loss_mask: 0.6753  decode.d3.loss_dice: 0.5446  decode.d4.loss_cls: 0.0032  decode.d4.loss_mask: 0.6742  decode.d4.loss_dice: 0.5451  decode.d5.loss_cls: 0.0028  decode.d5.loss_mask: 0.6741  decode.d5.loss_dice: 0.5413  decode.d6.loss_cls: 0.0030  decode.d6.loss_mask: 0.6741  decode.d6.loss_dice: 0.5417  decode.d7.loss_cls: 0.0029  decode.d7.loss_mask: 0.6721  decode.d7.loss_dice: 0.5380  decode.d8.loss_cls: 0.0027  decode.d8.loss_mask: 0.6704  decode.d8.loss_dice: 0.5370
2026/08/04 03:09:08 - mmengine - INFO - Exp name: dinov3_m2f_gram_4999_v2_20260803_142922
2026/08/04 03:09:08 - mmengine - INFO - Iter(train) [38000/40000]  base_lr: 1.1368e-06 lr: 1.1368e-06  eta: 0:37:53  time: 1.1438  data_time: 0.0239  memory: 16845  grad_norm: 63.8276  loss: 11.9091  decode.loss_cls: 0.0021  decode.loss_mask: 0.6167  decode.loss_dice: 0.5400  decode.d0.loss_cls: 0.0225  decode.d0.loss_mask: 0.6965  decode.d0.loss_dice: 0.6145  decode.d1.loss_cls: 0.0083  decode.d1.loss_mask: 0.6440  decode.d1.loss_dice: 0.5646  decode.d2.loss_cls: 0.0038  decode.d2.loss_mask: 0.6295  decode.d2.loss_dice: 0.5555  decode.d3.loss_cls: 0.0033  decode.d3.loss_mask: 0.6277  decode.d3.loss_dice: 0.5529  decode.d4.loss_cls: 0.0032  decode.d4.loss_mask: 0.6232  decode.d4.loss_dice: 0.5486  decode.d5.loss_cls: 0.0031  decode.d5.loss_mask: 0.6195  decode.d5.loss_dice: 0.5431  decode.d6.loss_cls: 0.0023  decode.d6.loss_mask: 0.6190  decode.d6.loss_dice: 0.5425  decode.d7.loss_cls: 0.0020  decode.d7.loss_mask: 0.6161  decode.d7.loss_dice: 0.5445  decode.d8.loss_cls: 0.0031  decode.d8.loss_mask: 0.6158  decode.d8.loss_dice: 0.5412
2026/08/04 03:09:08 - mmengine - INFO - Saving checkpoint at 38000 iterations
2026/08/04 03:10:18 - mmengine - INFO - Iter(val) [100/252]    eta: 0:01:13  time: 0.4064  data_time: 0.0142  memory: 4705  
2026/08/04 03:10:59 - mmengine - INFO - Iter(val) [200/252]    eta: 0:00:23  time: 0.4071  data_time: 0.0139  memory: 4705  
2026/08/04 03:11:24 - mmengine - INFO - per class results:
2026/08/04 03:11:24 - mmengine - INFO - 
+--------------------+-------+-------+--------+-----------+--------+
|       Class        |  IoU  |  Acc  | Fscore | Precision | Recall |
+--------------------+-------+-------+--------+-----------+--------+
| impervious_surface | 86.49 | 91.78 | 92.75  |   93.75   | 91.78  |
|      building      | 94.44 | 98.93 | 97.14  |   95.42   | 98.93  |
|   low_vegetation   | 79.16 | 93.23 | 88.37  |   83.98   | 93.23  |
|        tree        | 78.48 | 82.17 | 87.94  |   94.59   | 82.17  |
|        car         | 93.47 | 96.24 | 96.63  |   97.02   | 96.24  |
+--------------------+-------+-------+--------+-----------+--------+
2026/08/04 03:11:24 - mmengine - INFO - Iter(val) [252/252]    aAcc: 91.0300  mIoU: 86.4100  mAcc: 92.4700  mFscore: 92.5700  mPrecision: 92.9500  mRecall: 92.4700  data_time: 0.0448  time: 0.4380
2026/08/04 03:13:23 - mmengine - INFO - Iter(train) [38100/40000]  base_lr: 1.1235e-06 lr: 1.1235e-06  eta: 0:36:00  time: 1.1183  data_time: 0.0238  memory: 16830  grad_norm: 54.8567  loss: 10.2954  decode.loss_cls: 0.0033  decode.loss_mask: 0.5508  decode.loss_dice: 0.4595  decode.d0.loss_cls: 0.0249  decode.d0.loss_mask: 0.5804  decode.d0.loss_dice: 0.5097  decode.d1.loss_cls: 0.0068  decode.d1.loss_mask: 0.5534  decode.d1.loss_dice: 0.4747  decode.d2.loss_cls: 0.0043  decode.d2.loss_mask: 0.5541  decode.d2.loss_dice: 0.4693  decode.d3.loss_cls: 0.0036  decode.d3.loss_mask: 0.5528  decode.d3.loss_dice: 0.4647  decode.d4.loss_cls: 0.0034  decode.d4.loss_mask: 0.5533  decode.d4.loss_dice: 0.4664  decode.d5.loss_cls: 0.0025  decode.d5.loss_mask: 0.5546  decode.d5.loss_dice: 0.4656  decode.d6.loss_cls: 0.0039  decode.d6.loss_mask: 0.5505  decode.d6.loss_dice: 0.4571  decode.d7.loss_cls: 0.0021  decode.d7.loss_mask: 0.5492  decode.d7.loss_dice: 0.4651  decode.d8.loss_cls: 0.0036  decode.d8.loss_mask: 0.5471  decode.d8.loss_dice: 0.4586
2026/08/04 03:15:16 - mmengine - INFO - Iter(train) [38200/40000]  base_lr: 1.1109e-06 lr: 1.1109e-06  eta: 0:34:06  time: 1.1479  data_time: 0.0229  memory: 16845  grad_norm: 68.2567  loss: 13.3461  decode.loss_cls: 0.0025  decode.loss_mask: 0.7386  decode.loss_dice: 0.5703  decode.d0.loss_cls: 0.0217  decode.d0.loss_mask: 0.8128  decode.d0.loss_dice: 0.6159  decode.d1.loss_cls: 0.0060  decode.d1.loss_mask: 0.7621  decode.d1.loss_dice: 0.5826  decode.d2.loss_cls: 0.0041  decode.d2.loss_mask: 0.7454  decode.d2.loss_dice: 0.5803  decode.d3.loss_cls: 0.0034  decode.d3.loss_mask: 0.7435  decode.d3.loss_dice: 0.5793  decode.d4.loss_cls: 0.0040  decode.d4.loss_mask: 0.7428  decode.d4.loss_dice: 0.5732  decode.d5.loss_cls: 0.0032  decode.d5.loss_mask: 0.7394  decode.d5.loss_dice: 0.5725  decode.d6.loss_cls: 0.0029  decode.d6.loss_mask: 0.7389  decode.d6.loss_dice: 0.5726  decode.d7.loss_cls: 0.0026  decode.d7.loss_mask: 0.7404  decode.d7.loss_dice: 0.5716  decode.d8.loss_cls: 0.0026  decode.d8.loss_mask: 0.7390  decode.d8.loss_dice: 0.5722
2026/08/04 03:17:08 - mmengine - INFO - Iter(train) [38300/40000]  base_lr: 1.0989e-06 lr: 1.0989e-06  eta: 0:32:12  time: 1.1157  data_time: 0.0233  memory: 16821  grad_norm: 71.8681  loss: 14.4671  decode.loss_cls: 0.0181  decode.loss_mask: 0.7481  decode.loss_dice: 0.5814  decode.d0.loss_cls: 0.0698  decode.d0.loss_mask: 1.0978  decode.d0.loss_dice: 0.8336  decode.d1.loss_cls: 0.0300  decode.d1.loss_mask: 0.8198  decode.d1.loss_dice: 0.6299  decode.d2.loss_cls: 0.0225  decode.d2.loss_mask: 0.7914  decode.d2.loss_dice: 0.6109  decode.d3.loss_cls: 0.0193  decode.d3.loss_mask: 0.7731  decode.d3.loss_dice: 0.5976  decode.d4.loss_cls: 0.0186  decode.d4.loss_mask: 0.7667  decode.d4.loss_dice: 0.5917  decode.d5.loss_cls: 0.0175  decode.d5.loss_mask: 0.7656  decode.d5.loss_dice: 0.5915  decode.d6.loss_cls: 0.0177  decode.d6.loss_mask: 0.7587  decode.d6.loss_dice: 0.5918  decode.d7.loss_cls: 0.0170  decode.d7.loss_mask: 0.7510  decode.d7.loss_dice: 0.5848  decode.d8.loss_cls: 0.0183  decode.d8.loss_mask: 0.7473  decode.d8.loss_dice: 0.5854
2026/08/04 03:19:00 - mmengine - INFO - Iter(train) [38400/40000]  base_lr: 1.0876e-06 lr: 1.0876e-06  eta: 0:30:18  time: 1.1164  data_time: 0.0237  memory: 16828  grad_norm: 66.6798  loss: 12.2635  decode.loss_cls: 0.0038  decode.loss_mask: 0.6401  decode.loss_dice: 0.5516  decode.d0.loss_cls: 0.0241  decode.d0.loss_mask: 0.6894  decode.d0.loss_dice: 0.6154  decode.d1.loss_cls: 0.0090  decode.d1.loss_mask: 0.6644  decode.d1.loss_dice: 0.5770  decode.d2.loss_cls: 0.0060  decode.d2.loss_mask: 0.6511  decode.d2.loss_dice: 0.5709  decode.d3.loss_cls: 0.0078  decode.d3.loss_mask: 0.6476  decode.d3.loss_dice: 0.5728  decode.d4.loss_cls: 0.0051  decode.d4.loss_mask: 0.6440  decode.d4.loss_dice: 0.5767  decode.d5.loss_cls: 0.0057  decode.d5.loss_mask: 0.6426  decode.d5.loss_dice: 0.5592  decode.d6.loss_cls: 0.0052  decode.d6.loss_mask: 0.6411  decode.d6.loss_dice: 0.5545  decode.d7.loss_cls: 0.0038  decode.d7.loss_mask: 0.6387  decode.d7.loss_dice: 0.5516  decode.d8.loss_cls: 0.0048  decode.d8.loss_mask: 0.6397  decode.d8.loss_dice: 0.5600
2026/08/04 03:20:56 - mmengine - INFO - Iter(train) [38500/40000]  base_lr: 1.0770e-06 lr: 1.0770e-06  eta: 0:28:25  time: 1.1158  data_time: 0.0235  memory: 16845  grad_norm: 74.1671  loss: 11.0499  decode.loss_cls: 0.0024  decode.loss_mask: 0.6320  decode.loss_dice: 0.4475  decode.d0.loss_cls: 0.0395  decode.d0.loss_mask: 0.7077  decode.d0.loss_dice: 0.5093  decode.d1.loss_cls: 0.0066  decode.d1.loss_mask: 0.6506  decode.d1.loss_dice: 0.4596  decode.d2.loss_cls: 0.0045  decode.d2.loss_mask: 0.6402  decode.d2.loss_dice: 0.4547  decode.d3.loss_cls: 0.0037  decode.d3.loss_mask: 0.6329  decode.d3.loss_dice: 0.4429  decode.d4.loss_cls: 0.0029  decode.d4.loss_mask: 0.6305  decode.d4.loss_dice: 0.4476  decode.d5.loss_cls: 0.0036  decode.d5.loss_mask: 0.6359  decode.d5.loss_dice: 0.4617  decode.d6.loss_cls: 0.0029  decode.d6.loss_mask: 0.6312  decode.d6.loss_dice: 0.4462  decode.d7.loss_cls: 0.0028  decode.d7.loss_mask: 0.6274  decode.d7.loss_dice: 0.4425  decode.d8.loss_cls: 0.0038  decode.d8.loss_mask: 0.6291  decode.d8.loss_dice: 0.4476
2026/08/04 03:22:49 - mmengine - INFO - Iter(train) [38600/40000]  base_lr: 1.0671e-06 lr: 1.0671e-06  eta: 0:26:31  time: 1.1230  data_time: 0.0232  memory: 16845  grad_norm: 40.3379  loss: 7.4079  decode.loss_cls: 0.0023  decode.loss_mask: 0.3907  decode.loss_dice: 0.3357  decode.d0.loss_cls: 0.0276  decode.d0.loss_mask: 0.4173  decode.d0.loss_dice: 0.3547  decode.d1.loss_cls: 0.0047  decode.d1.loss_mask: 0.3958  decode.d1.loss_dice: 0.3573  decode.d2.loss_cls: 0.0032  decode.d2.loss_mask: 0.3937  decode.d2.loss_dice: 0.3391  decode.d3.loss_cls: 0.0025  decode.d3.loss_mask: 0.3944  decode.d3.loss_dice: 0.3317  decode.d4.loss_cls: 0.0022  decode.d4.loss_mask: 0.3927  decode.d4.loss_dice: 0.3371  decode.d5.loss_cls: 0.0029  decode.d5.loss_mask: 0.3929  decode.d5.loss_dice: 0.3415  decode.d6.loss_cls: 0.0022  decode.d6.loss_mask: 0.3941  decode.d6.loss_dice: 0.3329  decode.d7.loss_cls: 0.0029  decode.d7.loss_mask: 0.3903  decode.d7.loss_dice: 0.3365  decode.d8.loss_cls: 0.0025  decode.d8.loss_mask: 0.3903  decode.d8.loss_dice: 0.3364
2026/08/04 03:24:42 - mmengine - INFO - Iter(train) [38700/40000]  base_lr: 1.0579e-06 lr: 1.0579e-06  eta: 0:24:37  time: 1.1276  data_time: 0.0224  memory: 16838  grad_norm: 62.1994  loss: 9.4647  decode.loss_cls: 0.0023  decode.loss_mask: 0.4859  decode.loss_dice: 0.4376  decode.d0.loss_cls: 0.0272  decode.d0.loss_mask: 0.5489  decode.d0.loss_dice: 0.4976  decode.d1.loss_cls: 0.0089  decode.d1.loss_mask: 0.4931  decode.d1.loss_dice: 0.4459  decode.d2.loss_cls: 0.0039  decode.d2.loss_mask: 0.4894  decode.d2.loss_dice: 0.4467  decode.d3.loss_cls: 0.0060  decode.d3.loss_mask: 0.4901  decode.d3.loss_dice: 0.4394  decode.d4.loss_cls: 0.0042  decode.d4.loss_mask: 0.4888  decode.d4.loss_dice: 0.4319  decode.d5.loss_cls: 0.0035  decode.d5.loss_mask: 0.4904  decode.d5.loss_dice: 0.4437  decode.d6.loss_cls: 0.0040  decode.d6.loss_mask: 0.4916  decode.d6.loss_dice: 0.4266  decode.d7.loss_cls: 0.0024  decode.d7.loss_mask: 0.4893  decode.d7.loss_dice: 0.4393  decode.d8.loss_cls: 0.0024  decode.d8.loss_mask: 0.4875  decode.d8.loss_dice: 0.4363
2026/08/04 03:26:35 - mmengine - INFO - Iter(train) [38800/40000]  base_lr: 1.0494e-06 lr: 1.0494e-06  eta: 0:22:44  time: 1.1689  data_time: 0.0249  memory: 16828  grad_norm: 47.9354  loss: 10.1627  decode.loss_cls: 0.0038  decode.loss_mask: 0.5408  decode.loss_dice: 0.4510  decode.d0.loss_cls: 0.0279  decode.d0.loss_mask: 0.5687  decode.d0.loss_dice: 0.4897  decode.d1.loss_cls: 0.0107  decode.d1.loss_mask: 0.5519  decode.d1.loss_dice: 0.4620  decode.d2.loss_cls: 0.0071  decode.d2.loss_mask: 0.5508  decode.d2.loss_dice: 0.4693  decode.d3.loss_cls: 0.0040  decode.d3.loss_mask: 0.5486  decode.d3.loss_dice: 0.4580  decode.d4.loss_cls: 0.0044  decode.d4.loss_mask: 0.5440  decode.d4.loss_dice: 0.4569  decode.d5.loss_cls: 0.0034  decode.d5.loss_mask: 0.5442  decode.d5.loss_dice: 0.4574  decode.d6.loss_cls: 0.0040  decode.d6.loss_mask: 0.5414  decode.d6.loss_dice: 0.4534  decode.d7.loss_cls: 0.0042  decode.d7.loss_mask: 0.5426  decode.d7.loss_dice: 0.4557  decode.d8.loss_cls: 0.0029  decode.d8.loss_mask: 0.5436  decode.d8.loss_dice: 0.4606
2026/08/04 03:28:30 - mmengine - INFO - Iter(train) [38900/40000]  base_lr: 1.0415e-06 lr: 1.0415e-06  eta: 0:20:50  time: 1.1183  data_time: 0.0224  memory: 16845  grad_norm: 63.3604  loss: 12.2690  decode.loss_cls: 0.0101  decode.loss_mask: 0.6623  decode.loss_dice: 0.5273  decode.d0.loss_cls: 0.0448  decode.d0.loss_mask: 0.7453  decode.d0.loss_dice: 0.6087  decode.d1.loss_cls: 0.0193  decode.d1.loss_mask: 0.6829  decode.d1.loss_dice: 0.5419  decode.d2.loss_cls: 0.0194  decode.d2.loss_mask: 0.6734  decode.d2.loss_dice: 0.5348  decode.d3.loss_cls: 0.0133  decode.d3.loss_mask: 0.6720  decode.d3.loss_dice: 0.5190  decode.d4.loss_cls: 0.0129  decode.d4.loss_mask: 0.6746  decode.d4.loss_dice: 0.5185  decode.d5.loss_cls: 0.0115  decode.d5.loss_mask: 0.6715  decode.d5.loss_dice: 0.5165  decode.d6.loss_cls: 0.0127  decode.d6.loss_mask: 0.6629  decode.d6.loss_dice: 0.5150  decode.d7.loss_cls: 0.0123  decode.d7.loss_mask: 0.6686  decode.d7.loss_dice: 0.5128  decode.d8.loss_cls: 0.0103  decode.d8.loss_mask: 0.6659  decode.d8.loss_dice: 0.5287
2026/08/04 03:30:23 - mmengine - INFO - Exp name: dinov3_m2f_gram_4999_v2_20260803_142922
2026/08/04 03:30:23 - mmengine - INFO - Iter(train) [39000/40000]  base_lr: 1.0343e-06 lr: 1.0343e-06  eta: 0:18:56  time: 1.1276  data_time: 0.0244  memory: 16837  grad_norm: 56.9619  loss: 13.4163  decode.loss_cls: 0.0024  decode.loss_mask: 0.7307  decode.loss_dice: 0.5791  decode.d0.loss_cls: 0.0237  decode.d0.loss_mask: 0.8397  decode.d0.loss_dice: 0.6420  decode.d1.loss_cls: 0.0075  decode.d1.loss_mask: 0.7520  decode.d1.loss_dice: 0.5964  decode.d2.loss_cls: 0.0067  decode.d2.loss_mask: 0.7452  decode.d2.loss_dice: 0.5954  decode.d3.loss_cls: 0.0035  decode.d3.loss_mask: 0.7391  decode.d3.loss_dice: 0.5865  decode.d4.loss_cls: 0.0039  decode.d4.loss_mask: 0.7336  decode.d4.loss_dice: 0.5816  decode.d5.loss_cls: 0.0034  decode.d5.loss_mask: 0.7314  decode.d5.loss_dice: 0.5803  decode.d6.loss_cls: 0.0030  decode.d6.loss_mask: 0.7296  decode.d6.loss_dice: 0.5779  decode.d7.loss_cls: 0.0026  decode.d7.loss_mask: 0.7269  decode.d7.loss_dice: 0.5790  decode.d8.loss_cls: 0.0024  decode.d8.loss_mask: 0.7289  decode.d8.loss_dice: 0.5821
2026/08/04 03:32:15 - mmengine - INFO - Iter(train) [39100/40000]  base_lr: 1.0278e-06 lr: 1.0278e-06  eta: 0:17:03  time: 1.1179  data_time: 0.0243  memory: 16845  grad_norm: 62.0229  loss: 9.9907  decode.loss_cls: 0.0060  decode.loss_mask: 0.5441  decode.loss_dice: 0.4231  decode.d0.loss_cls: 0.0321  decode.d0.loss_mask: 0.6062  decode.d0.loss_dice: 0.4727  decode.d1.loss_cls: 0.0124  decode.d1.loss_mask: 0.5743  decode.d1.loss_dice: 0.4366  decode.d2.loss_cls: 0.0105  decode.d2.loss_mask: 0.5675  decode.d2.loss_dice: 0.4283  decode.d3.loss_cls: 0.0084  decode.d3.loss_mask: 0.5576  decode.d3.loss_dice: 0.4198  decode.d4.loss_cls: 0.0105  decode.d4.loss_mask: 0.5526  decode.d4.loss_dice: 0.4239  decode.d5.loss_cls: 0.0079  decode.d5.loss_mask: 0.5498  decode.d5.loss_dice: 0.4239  decode.d6.loss_cls: 0.0074  decode.d6.loss_mask: 0.5455  decode.d6.loss_dice: 0.4212  decode.d7.loss_cls: 0.0061  decode.d7.loss_mask: 0.5439  decode.d7.loss_dice: 0.4252  decode.d8.loss_cls: 0.0060  decode.d8.loss_mask: 0.5448  decode.d8.loss_dice: 0.4226
2026/08/04 03:34:07 - mmengine - INFO - Iter(train) [39200/40000]  base_lr: 1.0220e-06 lr: 1.0220e-06  eta: 0:15:09  time: 1.1411  data_time: 0.0239  memory: 16812  grad_norm: 42.9444  loss: 10.4054  decode.loss_cls: 0.0023  decode.loss_mask: 0.5544  decode.loss_dice: 0.4642  decode.d0.loss_cls: 0.0247  decode.d0.loss_mask: 0.5886  decode.d0.loss_dice: 0.5110  decode.d1.loss_cls: 0.0072  decode.d1.loss_mask: 0.5669  decode.d1.loss_dice: 0.4783  decode.d2.loss_cls: 0.0055  decode.d2.loss_mask: 0.5581  decode.d2.loss_dice: 0.4748  decode.d3.loss_cls: 0.0028  decode.d3.loss_mask: 0.5556  decode.d3.loss_dice: 0.4735  decode.d4.loss_cls: 0.0027  decode.d4.loss_mask: 0.5582  decode.d4.loss_dice: 0.4719  decode.d5.loss_cls: 0.0022  decode.d5.loss_mask: 0.5570  decode.d5.loss_dice: 0.4723  decode.d6.loss_cls: 0.0025  decode.d6.loss_mask: 0.5553  decode.d6.loss_dice: 0.4706  decode.d7.loss_cls: 0.0025  decode.d7.loss_mask: 0.5536  decode.d7.loss_dice: 0.4650  decode.d8.loss_cls: 0.0022  decode.d8.loss_mask: 0.5553  decode.d8.loss_dice: 0.4664
2026/08/04 03:36:00 - mmengine - INFO - Iter(train) [39300/40000]  base_lr: 1.0168e-06 lr: 1.0168e-06  eta: 0:13:15  time: 1.1219  data_time: 0.0231  memory: 16845  grad_norm: 52.9454  loss: 10.7573  decode.loss_cls: 0.0026  decode.loss_mask: 0.5592  decode.loss_dice: 0.4915  decode.d0.loss_cls: 0.0253  decode.d0.loss_mask: 0.6190  decode.d0.loss_dice: 0.5502  decode.d1.loss_cls: 0.0085  decode.d1.loss_mask: 0.5815  decode.d1.loss_dice: 0.5093  decode.d2.loss_cls: 0.0043  decode.d2.loss_mask: 0.5692  decode.d2.loss_dice: 0.5014  decode.d3.loss_cls: 0.0034  decode.d3.loss_mask: 0.5661  decode.d3.loss_dice: 0.4991  decode.d4.loss_cls: 0.0030  decode.d4.loss_mask: 0.5624  decode.d4.loss_dice: 0.4955  decode.d5.loss_cls: 0.0028  decode.d5.loss_mask: 0.5627  decode.d5.loss_dice: 0.4898  decode.d6.loss_cls: 0.0025  decode.d6.loss_mask: 0.5597  decode.d6.loss_dice: 0.4908  decode.d7.loss_cls: 0.0024  decode.d7.loss_mask: 0.5570  decode.d7.loss_dice: 0.4878  decode.d8.loss_cls: 0.0037  decode.d8.loss_mask: 0.5565  decode.d8.loss_dice: 0.4899
2026/08/04 03:37:56 - mmengine - INFO - Iter(train) [39400/40000]  base_lr: 1.0124e-06 lr: 1.0124e-06  eta: 0:11:22  time: 1.1336  data_time: 0.0230  memory: 16829  grad_norm: 56.4449  loss: 10.8342  decode.loss_cls: 0.0047  decode.loss_mask: 0.5673  decode.loss_dice: 0.5027  decode.d0.loss_cls: 0.0253  decode.d0.loss_mask: 0.5894  decode.d0.loss_dice: 0.5501  decode.d1.loss_cls: 0.0077  decode.d1.loss_mask: 0.5729  decode.d1.loss_dice: 0.5181  decode.d2.loss_cls: 0.0067  decode.d2.loss_mask: 0.5663  decode.d2.loss_dice: 0.5037  decode.d3.loss_cls: 0.0050  decode.d3.loss_mask: 0.5671  decode.d3.loss_dice: 0.5010  decode.d4.loss_cls: 0.0053  decode.d4.loss_mask: 0.5667  decode.d4.loss_dice: 0.4978  decode.d5.loss_cls: 0.0036  decode.d5.loss_mask: 0.5707  decode.d5.loss_dice: 0.4960  decode.d6.loss_cls: 0.0049  decode.d6.loss_mask: 0.5676  decode.d6.loss_dice: 0.4981  decode.d7.loss_cls: 0.0047  decode.d7.loss_mask: 0.5659  decode.d7.loss_dice: 0.4935  decode.d8.loss_cls: 0.0044  decode.d8.loss_mask: 0.5677  decode.d8.loss_dice: 0.4993
2026/08/04 03:39:49 - mmengine - INFO - Iter(train) [39500/40000]  base_lr: 1.0086e-06 lr: 1.0086e-06  eta: 0:09:28  time: 1.1247  data_time: 0.0235  memory: 16845  grad_norm: 74.9525  loss: 13.8906  decode.loss_cls: 0.0015  decode.loss_mask: 0.7753  decode.loss_dice: 0.5950  decode.d0.loss_cls: 0.0211  decode.d0.loss_mask: 0.8362  decode.d0.loss_dice: 0.6351  decode.d1.loss_cls: 0.0039  decode.d1.loss_mask: 0.7936  decode.d1.loss_dice: 0.6100  decode.d2.loss_cls: 0.0040  decode.d2.loss_mask: 0.7789  decode.d2.loss_dice: 0.6088  decode.d3.loss_cls: 0.0024  decode.d3.loss_mask: 0.7730  decode.d3.loss_dice: 0.5973  decode.d4.loss_cls: 0.0023  decode.d4.loss_mask: 0.7745  decode.d4.loss_dice: 0.5967  decode.d5.loss_cls: 0.0018  decode.d5.loss_mask: 0.7734  decode.d5.loss_dice: 0.5963  decode.d6.loss_cls: 0.0020  decode.d6.loss_mask: 0.7728  decode.d6.loss_dice: 0.5949  decode.d7.loss_cls: 0.0016  decode.d7.loss_mask: 0.7754  decode.d7.loss_dice: 0.5943  decode.d8.loss_cls: 0.0017  decode.d8.loss_mask: 0.7714  decode.d8.loss_dice: 0.5952
2026/08/04 03:41:42 - mmengine - INFO - Iter(train) [39600/40000]  base_lr: 1.0055e-06 lr: 1.0055e-06  eta: 0:07:34  time: 1.1247  data_time: 0.0232  memory: 16821  grad_norm: 71.2033  loss: 12.5314  decode.loss_cls: 0.0126  decode.loss_mask: 0.6333  decode.loss_dice: 0.5080  decode.d0.loss_cls: 0.0732  decode.d0.loss_mask: 0.9582  decode.d0.loss_dice: 0.8013  decode.d1.loss_cls: 0.0243  decode.d1.loss_mask: 0.6853  decode.d1.loss_dice: 0.5628  decode.d2.loss_cls: 0.0189  decode.d2.loss_mask: 0.6582  decode.d2.loss_dice: 0.5443  decode.d3.loss_cls: 0.0172  decode.d3.loss_mask: 0.6462  decode.d3.loss_dice: 0.5309  decode.d4.loss_cls: 0.0152  decode.d4.loss_mask: 0.6451  decode.d4.loss_dice: 0.5228  decode.d5.loss_cls: 0.0143  decode.d5.loss_mask: 0.6390  decode.d5.loss_dice: 0.5204  decode.d6.loss_cls: 0.0134  decode.d6.loss_mask: 0.6424  decode.d6.loss_dice: 0.5152  decode.d7.loss_cls: 0.0134  decode.d7.loss_mask: 0.6383  decode.d7.loss_dice: 0.5196  decode.d8.loss_cls: 0.0123  decode.d8.loss_mask: 0.6335  decode.d8.loss_dice: 0.5116
2026/08/04 03:43:34 - mmengine - INFO - Iter(train) [39700/40000]  base_lr: 1.0031e-06 lr: 1.0031e-06  eta: 0:05:41  time: 1.1176  data_time: 0.0230  memory: 16845  grad_norm: 62.9928  loss: 12.6027  decode.loss_cls: 0.0082  decode.loss_mask: 0.6572  decode.loss_dice: 0.5688  decode.d0.loss_cls: 0.0205  decode.d0.loss_mask: 0.7078  decode.d0.loss_dice: 0.6479  decode.d1.loss_cls: 0.0109  decode.d1.loss_mask: 0.6741  decode.d1.loss_dice: 0.5954  decode.d2.loss_cls: 0.0100  decode.d2.loss_mask: 0.6650  decode.d2.loss_dice: 0.5886  decode.d3.loss_cls: 0.0082  decode.d3.loss_mask: 0.6604  decode.d3.loss_dice: 0.5797  decode.d4.loss_cls: 0.0087  decode.d4.loss_mask: 0.6573  decode.d4.loss_dice: 0.5748  decode.d5.loss_cls: 0.0076  decode.d5.loss_mask: 0.6563  decode.d5.loss_dice: 0.5767  decode.d6.loss_cls: 0.0073  decode.d6.loss_mask: 0.6552  decode.d6.loss_dice: 0.5734  decode.d7.loss_cls: 0.0067  decode.d7.loss_mask: 0.6565  decode.d7.loss_dice: 0.5732  decode.d8.loss_cls: 0.0074  decode.d8.loss_mask: 0.6594  decode.d8.loss_dice: 0.5795
2026/08/04 03:45:31 - mmengine - INFO - Iter(train) [39800/40000]  base_lr: 1.0014e-06 lr: 1.0014e-06  eta: 0:03:47  time: 1.1240  data_time: 0.0234  memory: 16845  grad_norm: 104.5401  loss: 13.3341  decode.loss_cls: 0.0042  decode.loss_mask: 0.7581  decode.loss_dice: 0.5411  decode.d0.loss_cls: 0.0389  decode.d0.loss_mask: 0.8610  decode.d0.loss_dice: 0.6290  decode.d1.loss_cls: 0.0102  decode.d1.loss_mask: 0.7867  decode.d1.loss_dice: 0.5553  decode.d2.loss_cls: 0.0063  decode.d2.loss_mask: 0.7696  decode.d2.loss_dice: 0.5352  decode.d3.loss_cls: 0.0062  decode.d3.loss_mask: 0.7726  decode.d3.loss_dice: 0.5396  decode.d4.loss_cls: 0.0067  decode.d4.loss_mask: 0.7634  decode.d4.loss_dice: 0.5356  decode.d5.loss_cls: 0.0049  decode.d5.loss_mask: 0.7598  decode.d5.loss_dice: 0.5431  decode.d6.loss_cls: 0.0043  decode.d6.loss_mask: 0.7583  decode.d6.loss_dice: 0.5316  decode.d7.loss_cls: 0.0043  decode.d7.loss_mask: 0.7590  decode.d7.loss_dice: 0.5398  decode.d8.loss_cls: 0.0048  decode.d8.loss_mask: 0.7582  decode.d8.loss_dice: 0.5462
2026/08/04 03:47:25 - mmengine - INFO - Iter(train) [39900/40000]  base_lr: 1.0003e-06 lr: 1.0003e-06  eta: 0:01:53  time: 1.1201  data_time: 0.0222  memory: 16845  grad_norm: 31.3743  loss: 6.4598  decode.loss_cls: 0.0017  decode.loss_mask: 0.3175  decode.loss_dice: 0.3089  decode.d0.loss_cls: 0.0282  decode.d0.loss_mask: 0.3406  decode.d0.loss_dice: 0.3590  decode.d1.loss_cls: 0.0095  decode.d1.loss_mask: 0.3241  decode.d1.loss_dice: 0.3326  decode.d2.loss_cls: 0.0041  decode.d2.loss_mask: 0.3210  decode.d2.loss_dice: 0.3058  decode.d3.loss_cls: 0.0035  decode.d3.loss_mask: 0.3206  decode.d3.loss_dice: 0.3186  decode.d4.loss_cls: 0.0022  decode.d4.loss_mask: 0.3188  decode.d4.loss_dice: 0.3129  decode.d5.loss_cls: 0.0022  decode.d5.loss_mask: 0.3177  decode.d5.loss_dice: 0.3102  decode.d6.loss_cls: 0.0019  decode.d6.loss_mask: 0.3183  decode.d6.loss_dice: 0.3156  decode.d7.loss_cls: 0.0018  decode.d7.loss_mask: 0.3185  decode.d7.loss_dice: 0.3130  decode.d8.loss_cls: 0.0017  decode.d8.loss_mask: 0.3191  decode.d8.loss_dice: 0.3103
2026/08/04 03:49:18 - mmengine - INFO - Exp name: dinov3_m2f_gram_4999_v2_20260803_142922
2026/08/04 03:49:18 - mmengine - INFO - Iter(train) [40000/40000]  base_lr: 1.0000e-06 lr: 1.0000e-06  eta: 0:00:00  time: 1.1250  data_time: 0.0240  memory: 16838  grad_norm: 46.9362  loss: 9.6642  decode.loss_cls: 0.0021  decode.loss_mask: 0.4951  decode.loss_dice: 0.4562  decode.d0.loss_cls: 0.0269  decode.d0.loss_mask: 0.5397  decode.d0.loss_dice: 0.5055  decode.d1.loss_cls: 0.0087  decode.d1.loss_mask: 0.5021  decode.d1.loss_dice: 0.4511  decode.d2.loss_cls: 0.0063  decode.d2.loss_mask: 0.5013  decode.d2.loss_dice: 0.4579  decode.d3.loss_cls: 0.0044  decode.d3.loss_mask: 0.4964  decode.d3.loss_dice: 0.4539  decode.d4.loss_cls: 0.0036  decode.d4.loss_mask: 0.4974  decode.d4.loss_dice: 0.4512  decode.d5.loss_cls: 0.0030  decode.d5.loss_mask: 0.4951  decode.d5.loss_dice: 0.4435  decode.d6.loss_cls: 0.0046  decode.d6.loss_mask: 0.4934  decode.d6.loss_dice: 0.4514  decode.d7.loss_cls: 0.0024  decode.d7.loss_mask: 0.4952  decode.d7.loss_dice: 0.4646  decode.d8.loss_cls: 0.0022  decode.d8.loss_mask: 0.4933  decode.d8.loss_dice: 0.4555
2026/08/04 03:49:18 - mmengine - INFO - Saving checkpoint at 40000 iterations
2026/08/04 03:50:20 - mmengine - INFO - Iter(val) [100/252]    eta: 0:01:03  time: 0.4064  data_time: 0.0141  memory: 4705  
2026/08/04 03:51:01 - mmengine - INFO - Iter(val) [200/252]    eta: 0:00:21  time: 0.4066  data_time: 0.0136  memory: 4705  
2026/08/04 03:51:26 - mmengine - INFO - per class results:
2026/08/04 03:51:26 - mmengine - INFO - 
+--------------------+-------+-------+--------+-----------+--------+
|       Class        |  IoU  |  Acc  | Fscore | Precision | Recall |
+--------------------+-------+-------+--------+-----------+--------+
| impervious_surface | 86.92 | 92.14 |  93.0  |   93.87   | 92.14  |
|      building      | 95.48 | 98.37 | 97.69  |   97.02   | 98.37  |
|   low_vegetation   | 79.98 | 93.76 | 88.88  |   84.48   | 93.76  |
|        tree        |  79.3 | 83.29 | 88.45  |    94.3   | 83.29  |
|        car         | 94.08 | 96.26 | 96.95  |   97.65   | 96.26  |
+--------------------+-------+-------+--------+-----------+--------+
2026/08/04 03:51:27 - mmengine - INFO - Iter(val) [252/252]    aAcc: 91.4600  mIoU: 87.1500  mAcc: 92.7600  mFscore: 92.9900  mPrecision: 93.4600  mRecall: 92.7600  data_time: 0.0195  time: 0.4123
