2026/07/23 10:18:51 - mmengine - INFO - 
------------------------------------------------------------
System environment:
    sys.platform: linux
    Python: 3.12.13 | packaged by Anaconda, Inc. | (main, Mar 19 2026, 20:20:58) [GCC 14.3.0]
    CUDA available: True
    MUSA available: False
    numpy_random_seed: 1165995575
    GPU 0,1: NVIDIA A40
    CUDA_HOME: /home/users_model/miniconda3/envs/mmseg_dino
    NVCC: Cuda compilation tools, release 12.9, V12.9.86
    GCC: gcc (Ubuntu 9.4.0-1ubuntu1~20.04.2) 9.4.0
    PyTorch: 2.7.1
    PyTorch compiling details: PyTorch built with:
  - GCC 14.3
  - C++ Version: 201703
  - Intel(R) oneAPI Math Kernel Library Version 2024.2.2-Product Build 20240823 for Intel(R) 64 architecture applications
  - Intel(R) MKL-DNN v3.7.1 (Git Hash d21fc6dbb4db827872fc8cf05e70f6771bd4937b)
  - OpenMP 201511 (a.k.a. OpenMP 4.5)
  - LAPACK is enabled (usually provided by MKL)
  - NNPACK is enabled
  - CPU capability usage: AVX512
  - CUDA Runtime 12.9
  - NVCC architecture flags: -gencode;arch=compute_50,code=sm_50;-gencode;arch=compute_60,code=sm_60;-gencode;arch=compute_70,code=sm_70;-gencode;arch=compute_75,code=sm_75;-gencode;arch=compute_80,code=sm_80;-gencode;arch=compute_86,code=sm_86;-gencode;arch=compute_90,code=sm_90;-gencode;arch=compute_100,code=sm_100;-gencode;arch=compute_120,code=sm_120;-gencode;arch=compute_120,code=compute_120
  - CuDNN 91.0.2
    - Built with CuDNN 91.0.1
  - Magma 2.9.0
  - Build settings: BLAS_INFO=mkl, BUILD_TYPE=Release, COMMIT_SHA=Unknown, CUDA_VERSION=12.9, CUDNN_VERSION=9.10.1, CXX_COMPILER=/home/conda/feedstock_root/build_artifacts/libtorch_1753846581042/_build_env/bin/x86_64-conda-linux-gnu-c++, CXX_FLAGS=-fmessage-length=0 -march=nocona -mtune=haswell -ftree-vectorize -fPIC -fstack-protector-strong -fno-plt -O2 -ffunction-sections -pipe -isystem /home/conda/feedstock_root/build_artifacts/libtorch_1753846581042/_h_env_placehold_placehold_placehold_placehold_placehold_placehold_placehold_placehold_placehold_placehold_placehold_placehold_placehold_placehold_placehold_placehold_placehold_placehold_pl/include -fdebug-prefix-map=/home/conda/feedstock_root/build_artifacts/libtorch_1753846581042/work=/usr/local/src/conda/libtorch-2.7.1 -fdebug-prefix-map=/home/conda/feedstock_root/build_artifacts/libtorch_1753846581042/_h_env_placehold_placehold_placehold_placehold_placehold_placehold_placehold_placehold_placehold_placehold_placehold_placehold_placehold_placehold_placehold_placehold_placehold_placehold_pl=/usr/local/src/conda-prefix -I/home/conda/feedstock_root/build_artifacts/libtorch_1753846581042/_h_env_placehold_placehold_placehold_placehold_placehold_placehold_placehold_placehold_placehold_placehold_placehold_placehold_placehold_placehold_placehold_placehold_placehold_placehold_pl/targets/x86_64-linux/include -I/home/conda/feedstock_root/build_artifacts/libtorch_1753846581042/_build_env/targets/x86_64-linux/include -w -Wno-deprecated-declarations -Wno-error=maybe-uninitialized -D_GLIBCXX_USE_CXX11_ABI=1 -fvisibility-inlines-hidden -DUSE_PTHREADPOOL -DNDEBUG -DUSE_KINETO -DLIBKINETO_NOROCTRACER -DLIBKINETO_NOXPUPTI=ON -DUSE_FBGEMM -DUSE_PYTORCH_QNNPACK -DUSE_XNNPACK -DSYMBOLICATE_MOBILE_DEBUG_HANDLE -O2 -fPIC -Wall -Wextra -Werror=return-type -Werror=non-virtual-dtor -Werror=range-loop-construct -Werror=bool-operation -Wnarrowing -Wno-missing-field-initializers -Wno-unknown-pragmas -Wno-unused-parameter -Wno-strict-overflow -Wno-strict-aliasing -Wno-stringop-overflow -Wsuggest-override -Wno-psabi -Wno-error=old-style-cast -fdiagnostics-color=always -faligned-new -Wno-maybe-uninitialized -fno-math-errno -fno-trapping-math -Werror=format -Wno-dangling-reference -Wno-error=dangling-reference -Wno-error=redundant-move -Wno-stringop-overflow, LAPACK_INFO=mkl, PERF_WITH_AVX=1, PERF_WITH_AVX2=1, TORCH_VERSION=2.7.1, USE_CUDA=1, USE_CUDNN=ON, USE_CUSPARSELT=OFF, USE_GFLAGS=OFF, USE_GLOG=OFF, USE_GLOO=ON, USE_MKL=ON, USE_MKLDNN=1, USE_MPI=OFF, USE_NCCL=ON, USE_NNPACK=ON, USE_OPENMP=ON, USE_ROCM=OFF, USE_ROCM_KERNEL_ASSERT=OFF, 

    TorchVision: 0.22.1
    OpenCV: 4.13.0
    MMEngine: 0.10.7

Runtime environment:
    cudnn_benchmark: True
    mp_cfg: {'mp_start_method': 'fork', 'opencv_num_threads': 0}
    dist_cfg: {'backend': 'nccl'}
    seed: 1165995575
    Distributed launcher: pytorch
    Distributed training: True
    GPU number: 2
------------------------------------------------------------

2026/07/23 10:18:51 - mmengine - INFO - Config:
DATA_ROOT = '/mnt/qh2-nas3/00-model/00-limx/datasets/potsdam/'
FUSION_CKPT = '/mnt/qh2-nas3/00-model/00-limx/Dinov3/ckpt/stage2+stage3-zhejiang/9999.pth'
auto_scale_lr = dict(base_batch_size=16, enable=False)
crop_size = (
    512,
    512,
)
custom_imports = dict(
    allow_failed_imports=False,
    imports=[
        'custom_datasets.customPotsdam',
        'custom_datasets.fusion_h5',
        'custom_models.fusion_backbone_v2',
    ])
data_preprocessor = dict(
    bgr_to_rgb=False,
    mean=None,
    pad_val=0,
    seg_pad_val=255,
    size=(
        480,
        480,
    ),
    std=None,
    test_cfg=dict(size_divisor=32),
    type='SegDataPreProcessor')
data_root = 'data/ade/ADEChallengeData2016'
dataset_type = 'ADE20KDataset'
default_hooks = dict(
    checkpoint=dict(
        by_epoch=False,
        interval=2000,
        max_keep_ckpts=1,
        save_best='mIoU',
        type='CheckpointHook'),
    logger=dict(interval=100, log_metric_by_epoch=False, type='LoggerHook'),
    param_scheduler=dict(type='ParamSchedulerHook'),
    sampler_seed=dict(type='DistSamplerSeedHook'),
    timer=dict(type='IterTimerHook'),
    visualization=dict(type='SegVisualizationHook'))
default_scope = 'mmseg'
embed_multi = dict(decay_mult=0.0, lr_mult=1.0)
env_cfg = dict(
    cudnn_benchmark=True,
    dist_cfg=dict(backend='nccl'),
    mp_cfg=dict(mp_start_method='fork', opencv_num_threads=0))
find_unused_parameters = True
img_ratios = [
    0.5,
    0.75,
    1.0,
    1.25,
    1.5,
    1.75,
]
img_size = 480
launcher = 'pytorch'
load_from = None
log_level = 'INFO'
log_processor = dict(by_epoch=False)
max_iters = 80000
model = dict(
    backbone=dict(
        arch='vit_large',
        checkpoint=
        '/mnt/qh2-nas3/00-model/00-limx/Dinov3/ckpt/stage2+stage3-zhejiang/9999.pth',
        finetune_vit=False,
        freeze_backbone=True,
        fusion_cfg=dict(
            depth=3,
            dim=1024,
            ff_mult=4,
            num_heads=8,
            num_patches_kv=144,
            num_patches_q=900),
        img_size=480,
        interaction_indexes=[
            5,
            11,
            17,
            -1,
        ],
        layerscale_init=1e-05,
        mask_k_bias=True,
        n_storage_tokens=4,
        olmoearth_embed=768,
        patch_size=16,
        type='FusionBackboneMmsegV2'),
    data_preprocessor=dict(
        bgr_to_rgb=False,
        mean=None,
        pad_val=0,
        seg_pad_val=255,
        size=(
            480,
            480,
        ),
        std=None,
        test_cfg=dict(size_divisor=32),
        type='SegDataPreProcessor'),
    decode_head=dict(
        align_corners=False,
        enforce_decoder_input_project=False,
        feat_channels=256,
        in_channels=[
            1024,
            1024,
            1024,
            1024,
        ],
        loss_cls=dict(
            class_weight=[
                1.0,
                1.0,
                1.0,
                1.0,
                1.0,
                1.0,
            ],
            loss_weight=2.0,
            reduction='mean',
            type='mmdet.CrossEntropyLoss',
            use_sigmoid=False),
        loss_dice=dict(
            activate=True,
            eps=1.0,
            loss_weight=5.0,
            naive_dice=True,
            reduction='mean',
            type='mmdet.DiceLoss',
            use_sigmoid=True),
        loss_mask=dict(
            loss_weight=5.0,
            reduction='mean',
            type='mmdet.CrossEntropyLoss',
            use_sigmoid=True),
        num_classes=5,
        num_queries=50,
        num_transformer_feat_level=3,
        out_channels=256,
        pixel_decoder=dict(
            act_cfg=dict(type='ReLU'),
            encoder=dict(
                init_cfg=None,
                layer_cfg=dict(
                    ffn_cfg=dict(
                        act_cfg=dict(inplace=True, type='ReLU'),
                        embed_dims=256,
                        feedforward_channels=1024,
                        ffn_drop=0.0,
                        num_fcs=2),
                    self_attn_cfg=dict(
                        batch_first=True,
                        dropout=0.0,
                        embed_dims=256,
                        im2col_step=64,
                        init_cfg=None,
                        norm_cfg=None,
                        num_heads=8,
                        num_levels=3,
                        num_points=4)),
                num_layers=6),
            init_cfg=None,
            norm_cfg=dict(num_groups=32, type='GN'),
            num_outs=3,
            positional_encoding=dict(normalize=True, num_feats=128),
            type='mmdet.MSDeformAttnPixelDecoder'),
        positional_encoding=dict(normalize=True, num_feats=128),
        strides=[
            4,
            8,
            16,
            32,
        ],
        train_cfg=dict(
            assigner=dict(
                match_costs=[
                    dict(type='mmdet.ClassificationCost', weight=2.0),
                    dict(
                        type='mmdet.CrossEntropyLossCost',
                        use_sigmoid=True,
                        weight=5.0),
                    dict(
                        eps=1.0,
                        pred_act=True,
                        type='mmdet.DiceCost',
                        weight=5.0),
                ],
                type='mmdet.HungarianAssigner'),
            importance_sample_ratio=0.75,
            num_points=12544,
            oversample_ratio=3.0,
            sampler=dict(type='mmdet.MaskPseudoSampler')),
        transformer_decoder=dict(
            init_cfg=None,
            layer_cfg=dict(
                cross_attn_cfg=dict(
                    attn_drop=0.0,
                    batch_first=True,
                    dropout_layer=None,
                    embed_dims=256,
                    num_heads=8,
                    proj_drop=0.0),
                ffn_cfg=dict(
                    act_cfg=dict(inplace=True, type='ReLU'),
                    add_identity=True,
                    dropout_layer=None,
                    embed_dims=256,
                    feedforward_channels=2048,
                    ffn_drop=0.0,
                    num_fcs=2),
                self_attn_cfg=dict(
                    attn_drop=0.0,
                    batch_first=True,
                    dropout_layer=None,
                    embed_dims=256,
                    num_heads=8,
                    proj_drop=0.0)),
            num_layers=9,
            return_intermediate=True),
        type='Mask2FormerHead'),
    test_cfg=dict(mode='whole'),
    train_cfg=dict(),
    type='EncoderDecoder')
num_classes = 5
optim_wrapper = dict(
    clip_grad=dict(max_norm=0.01, norm_type=2),
    optimizer=dict(
        betas=(
            0.9,
            0.999,
        ),
        eps=1e-08,
        lr=5e-05,
        type='AdamW',
        weight_decay=0.05),
    paramwise_cfg=dict(
        custom_keys=dict({
            'backbone.adapter.backbone':
            dict(decay_mult=1.0, lr_mult=0.1),
            'level_embed':
            dict(decay_mult=0.0, lr_mult=1.0),
            'query_embed':
            dict(decay_mult=0.0, lr_mult=1.0),
            'query_feat':
            dict(decay_mult=0.0, lr_mult=1.0)
        }),
        norm_decay_mult=0.0),
    type='OptimWrapper')
optimizer = dict(
    betas=(
        0.9,
        0.999,
    ),
    eps=1e-08,
    lr=0.0001,
    type='AdamW',
    weight_decay=0.05)
param_scheduler = [
    dict(
        begin=0, by_epoch=False, end=3000, start_factor=0.001,
        type='LinearLR'),
    dict(
        begin=3000,
        by_epoch=False,
        end=80000,
        eta_min=0,
        power=0.9,
        type='PolyLR'),
]
resume = False
test_cfg = dict(type='TestLoop')
test_dataloader = dict(
    batch_size=4,
    dataset=dict(
        data_root='/mnt/qh2-nas3/00-model/00-limx/datasets/potsdam/',
        pipeline=[
            dict(img_size=480, type='LoadCustomRaster'),
            dict(type='CustomNormalize'),
            dict(type='PackSegInputs'),
        ],
        split='val',
        type='CustomPotsdamDataset'),
    num_workers=4)
test_evaluator = dict(
    iou_metrics=[
        'mIoU',
        'mFscore',
    ], type='IoUMetric')
test_pipeline = [
    dict(type='LoadImageFromFile'),
    dict(keep_ratio=True, scale=(
        2048,
        512,
    ), type='Resize'),
    dict(reduce_zero_label=True, type='LoadAnnotations'),
    dict(type='PackSegInputs'),
]
train_cfg = dict(max_iters=80000, type='IterBasedTrainLoop', val_interval=2000)
train_dataloader = dict(
    batch_size=4,
    dataset=dict(
        data_root='/mnt/qh2-nas3/00-model/00-limx/datasets/potsdam/',
        pipeline=[
            dict(img_size=480, type='LoadCustomRaster'),
            dict(prob=0.5, type='CustomRandomRotate90'),
            dict(direction='horizontal', prob=0.5, type='RandomFlip'),
            dict(direction='vertical', prob=0.5, type='RandomFlip'),
            dict(type='CustomNormalize'),
            dict(type='PackSegInputs'),
        ],
        split='train',
        type='CustomPotsdamDataset'),
    num_workers=4)
train_pipeline = [
    dict(img_size=480, type='LoadCustomRaster'),
    dict(prob=0.5, type='CustomRandomRotate90'),
    dict(direction='horizontal', prob=0.5, type='RandomFlip'),
    dict(direction='vertical', prob=0.5, type='RandomFlip'),
    dict(type='CustomNormalize'),
    dict(type='PackSegInputs'),
]
tta_model = dict(type='SegTTAModel')
tta_pipeline = [
    dict(backend_args=None, type='LoadImageFromFile'),
    dict(
        transforms=[
            [
                dict(keep_ratio=True, scale_factor=0.5, type='Resize'),
                dict(keep_ratio=True, scale_factor=0.75, type='Resize'),
                dict(keep_ratio=True, scale_factor=1.0, type='Resize'),
                dict(keep_ratio=True, scale_factor=1.25, type='Resize'),
                dict(keep_ratio=True, scale_factor=1.5, type='Resize'),
                dict(keep_ratio=True, scale_factor=1.75, type='Resize'),
            ],
            [
                dict(direction='horizontal', prob=0.0, type='RandomFlip'),
                dict(direction='horizontal', prob=1.0, type='RandomFlip'),
            ],
            [
                dict(type='LoadAnnotations'),
            ],
            [
                dict(type='PackSegInputs'),
            ],
        ],
        type='TestTimeAug'),
]
val_cfg = dict(type='ValLoop')
val_dataloader = dict(
    batch_size=4,
    dataset=dict(
        data_root='/mnt/qh2-nas3/00-model/00-limx/datasets/potsdam/',
        pipeline=[
            dict(img_size=480, type='LoadCustomRaster'),
            dict(type='CustomNormalize'),
            dict(type='PackSegInputs'),
        ],
        split='val',
        type='CustomPotsdamDataset'),
    num_workers=4)
val_evaluator = dict(
    iou_metrics=[
        'mIoU',
        'mFscore',
    ], type='IoUMetric')
val_pipeline = [
    dict(img_size=480, type='LoadCustomRaster'),
    dict(type='CustomNormalize'),
    dict(type='PackSegInputs'),
]
vis_backends = [
    dict(type='LocalVisBackend'),
]
visualizer = dict(
    name='visualizer',
    type='SegLocalVisualizer',
    vis_backends=[
        dict(type='LocalVisBackend'),
    ])
work_dir = 'work_dirs/fusion_vits_m2f_9999'

2026/07/23 10:19:58 - mmengine - INFO - Hooks will be executed in the following order:
before_run:
(VERY_HIGH   ) RuntimeInfoHook                    
(BELOW_NORMAL) LoggerHook                         
 -------------------- 
before_train:
(VERY_HIGH   ) RuntimeInfoHook                    
(NORMAL      ) IterTimerHook                      
(VERY_LOW    ) CheckpointHook                     
 -------------------- 
before_train_epoch:
(VERY_HIGH   ) RuntimeInfoHook                    
(NORMAL      ) IterTimerHook                      
(NORMAL      ) DistSamplerSeedHook                
 -------------------- 
before_train_iter:
(VERY_HIGH   ) RuntimeInfoHook                    
(NORMAL      ) IterTimerHook                      
 -------------------- 
after_train_iter:
(VERY_HIGH   ) RuntimeInfoHook                    
(NORMAL      ) IterTimerHook                      
(BELOW_NORMAL) LoggerHook                         
(LOW         ) ParamSchedulerHook                 
(VERY_LOW    ) CheckpointHook                     
 -------------------- 
after_train_epoch:
(NORMAL      ) IterTimerHook                      
(LOW         ) ParamSchedulerHook                 
(VERY_LOW    ) CheckpointHook                     
 -------------------- 
before_val:
(VERY_HIGH   ) RuntimeInfoHook                    
 -------------------- 
before_val_epoch:
(NORMAL      ) IterTimerHook                      
 -------------------- 
before_val_iter:
(NORMAL      ) IterTimerHook                      
 -------------------- 
after_val_iter:
(NORMAL      ) IterTimerHook                      
(NORMAL      ) SegVisualizationHook               
(BELOW_NORMAL) LoggerHook                         
 -------------------- 
after_val_epoch:
(VERY_HIGH   ) RuntimeInfoHook                    
(NORMAL      ) IterTimerHook                      
(BELOW_NORMAL) LoggerHook                         
(LOW         ) ParamSchedulerHook                 
(VERY_LOW    ) CheckpointHook                     
 -------------------- 
after_val:
(VERY_HIGH   ) RuntimeInfoHook                    
 -------------------- 
after_train:
(VERY_HIGH   ) RuntimeInfoHook                    
(VERY_LOW    ) CheckpointHook                     
 -------------------- 
before_test:
(VERY_HIGH   ) RuntimeInfoHook                    
 -------------------- 
before_test_epoch:
(NORMAL      ) IterTimerHook                      
 -------------------- 
before_test_iter:
(NORMAL      ) IterTimerHook                      
 -------------------- 
after_test_iter:
(NORMAL      ) IterTimerHook                      
(NORMAL      ) SegVisualizationHook               
(BELOW_NORMAL) LoggerHook                         
 -------------------- 
after_test_epoch:
(VERY_HIGH   ) RuntimeInfoHook                    
(NORMAL      ) IterTimerHook                      
(BELOW_NORMAL) LoggerHook                         
 -------------------- 
after_test:
(VERY_HIGH   ) RuntimeInfoHook                    
 -------------------- 
after_run:
(BELOW_NORMAL) LoggerHook                         
 -------------------- 
2026/07/23 10:20:07 - mmengine - WARNING - backbone.wrapper.vit.cls_token is skipped since its requires_grad=False
2026/07/23 10:20:07 - mmengine - WARNING - backbone.wrapper.vit.storage_tokens is skipped since its requires_grad=False
2026/07/23 10:20:07 - mmengine - WARNING - backbone.wrapper.vit.mask_token is skipped since its requires_grad=False
2026/07/23 10:20:07 - mmengine - WARNING - backbone.wrapper.vit.patch_embed.proj.weight is skipped since its requires_grad=False
2026/07/23 10:20:07 - mmengine - WARNING - backbone.wrapper.vit.patch_embed.proj.bias is skipped since its requires_grad=False
2026/07/23 10:20:07 - mmengine - WARNING - backbone.wrapper.vit.blocks.0.norm1.weight is skipped since its requires_grad=False
2026/07/23 10:20:07 - mmengine - WARNING - backbone.wrapper.vit.blocks.0.norm1.bias is skipped since its requires_grad=False
2026/07/23 10:20:07 - mmengine - WARNING - backbone.wrapper.vit.blocks.0.attn.qkv.weight is skipped since its requires_grad=False
2026/07/23 10:20:07 - mmengine - WARNING - backbone.wrapper.vit.blocks.0.attn.qkv.bias is skipped since its requires_grad=False
2026/07/23 10:20:07 - mmengine - WARNING - backbone.wrapper.vit.blocks.0.attn.proj.weight is skipped since its requires_grad=False
2026/07/23 10:20:07 - mmengine - WARNING - backbone.wrapper.vit.blocks.0.attn.proj.bias is skipped since its requires_grad=False
2026/07/23 10:20:07 - mmengine - WARNING - backbone.wrapper.vit.blocks.0.ls1.gamma is skipped since its requires_grad=False
2026/07/23 10:20:07 - mmengine - WARNING - backbone.wrapper.vit.blocks.0.norm2.weight is skipped since its requires_grad=False
2026/07/23 10:20:07 - mmengine - WARNING - backbone.wrapper.vit.blocks.0.norm2.bias is skipped since its requires_grad=False
2026/07/23 10:20:07 - mmengine - WARNING - backbone.wrapper.vit.blocks.0.mlp.fc1.weight is skipped since its requires_grad=False
2026/07/23 10:20:07 - mmengine - WARNING - backbone.wrapper.vit.blocks.0.mlp.fc1.bias is skipped since its requires_grad=False
2026/07/23 10:20:07 - mmengine - WARNING - backbone.wrapper.vit.blocks.0.mlp.fc2.weight is skipped since its requires_grad=False
2026/07/23 10:20:07 - mmengine - WARNING - backbone.wrapper.vit.blocks.0.mlp.fc2.bias is skipped since its requires_grad=False
2026/07/23 10:20:07 - mmengine - WARNING - backbone.wrapper.vit.blocks.0.ls2.gamma is skipped since its requires_grad=False
2026/07/23 10:20:07 - mmengine - WARNING - backbone.wrapper.vit.blocks.1.norm1.weight is skipped since its requires_grad=False
2026/07/23 10:20:07 - mmengine - WARNING - backbone.wrapper.vit.blocks.1.norm1.bias is skipped since its requires_grad=False
2026/07/23 10:20:07 - mmengine - WARNING - backbone.wrapper.vit.blocks.1.attn.qkv.weight is skipped since its requires_grad=False
2026/07/23 10:20:07 - mmengine - WARNING - backbone.wrapper.vit.blocks.1.attn.qkv.bias is skipped since its requires_grad=False
2026/07/23 10:20:07 - mmengine - WARNING - backbone.wrapper.vit.blocks.1.attn.proj.weight is skipped since its requires_grad=False
2026/07/23 10:20:07 - mmengine - WARNING - backbone.wrapper.vit.blocks.1.attn.proj.bias is skipped since its requires_grad=False
2026/07/23 10:20:07 - mmengine - WARNING - backbone.wrapper.vit.blocks.1.ls1.gamma is skipped since its requires_grad=False
2026/07/23 10:20:07 - mmengine - WARNING - backbone.wrapper.vit.blocks.1.norm2.weight is skipped since its requires_grad=False
2026/07/23 10:20:07 - mmengine - WARNING - backbone.wrapper.vit.blocks.1.norm2.bias is skipped since its requires_grad=False
2026/07/23 10:20:07 - mmengine - WARNING - backbone.wrapper.vit.blocks.1.mlp.fc1.weight is skipped since its requires_grad=False
2026/07/23 10:20:07 - mmengine - WARNING - backbone.wrapper.vit.blocks.1.mlp.fc1.bias is skipped since its requires_grad=False
2026/07/23 10:20:07 - mmengine - WARNING - backbone.wrapper.vit.blocks.1.mlp.fc2.weight is skipped since its requires_grad=False
2026/07/23 10:20:07 - mmengine - WARNING - backbone.wrapper.vit.blocks.1.mlp.fc2.bias is skipped since its requires_grad=False
2026/07/23 10:20:07 - mmengine - WARNING - backbone.wrapper.vit.blocks.1.ls2.gamma is skipped since its requires_grad=False
2026/07/23 10:20:07 - mmengine - WARNING - backbone.wrapper.vit.blocks.2.norm1.weight is skipped since its requires_grad=False
2026/07/23 10:20:07 - mmengine - WARNING - backbone.wrapper.vit.blocks.2.norm1.bias is skipped since its requires_grad=False
2026/07/23 10:20:07 - mmengine - WARNING - backbone.wrapper.vit.blocks.2.attn.qkv.weight is skipped since its requires_grad=False
2026/07/23 10:20:07 - mmengine - WARNING - backbone.wrapper.vit.blocks.2.attn.qkv.bias is skipped since its requires_grad=False
2026/07/23 10:20:07 - mmengine - WARNING - backbone.wrapper.vit.blocks.2.attn.proj.weight is skipped since its requires_grad=False
2026/07/23 10:20:07 - mmengine - WARNING - backbone.wrapper.vit.blocks.2.attn.proj.bias is skipped since its requires_grad=False
2026/07/23 10:20:07 - mmengine - WARNING - backbone.wrapper.vit.blocks.2.ls1.gamma is skipped since its requires_grad=False
2026/07/23 10:20:07 - mmengine - WARNING - backbone.wrapper.vit.blocks.2.norm2.weight is skipped since its requires_grad=False
2026/07/23 10:20:07 - mmengine - WARNING - backbone.wrapper.vit.blocks.2.norm2.bias is skipped since its requires_grad=False
2026/07/23 10:20:07 - mmengine - WARNING - backbone.wrapper.vit.blocks.2.mlp.fc1.weight is skipped since its requires_grad=False
2026/07/23 10:20:07 - mmengine - WARNING - backbone.wrapper.vit.blocks.2.mlp.fc1.bias is skipped since its requires_grad=False
2026/07/23 10:20:07 - mmengine - WARNING - backbone.wrapper.vit.blocks.2.mlp.fc2.weight is skipped since its requires_grad=False
2026/07/23 10:20:07 - mmengine - WARNING - backbone.wrapper.vit.blocks.2.mlp.fc2.bias is skipped since its requires_grad=False
2026/07/23 10:20:07 - mmengine - WARNING - backbone.wrapper.vit.blocks.2.ls2.gamma is skipped since its requires_grad=False
2026/07/23 10:20:07 - mmengine - WARNING - backbone.wrapper.vit.blocks.3.norm1.weight is skipped since its requires_grad=False
2026/07/23 10:20:07 - mmengine - WARNING - backbone.wrapper.vit.blocks.3.norm1.bias is skipped since its requires_grad=False
2026/07/23 10:20:07 - mmengine - WARNING - backbone.wrapper.vit.blocks.3.attn.qkv.weight is skipped since its requires_grad=False
2026/07/23 10:20:07 - mmengine - WARNING - backbone.wrapper.vit.blocks.3.attn.qkv.bias is skipped since its requires_grad=False
2026/07/23 10:20:07 - mmengine - WARNING - backbone.wrapper.vit.blocks.3.attn.proj.weight is skipped since its requires_grad=False
2026/07/23 10:20:07 - mmengine - WARNING - backbone.wrapper.vit.blocks.3.attn.proj.bias is skipped since its requires_grad=False
2026/07/23 10:20:07 - mmengine - WARNING - backbone.wrapper.vit.blocks.3.ls1.gamma is skipped since its requires_grad=False
2026/07/23 10:20:07 - mmengine - WARNING - backbone.wrapper.vit.blocks.3.norm2.weight is skipped since its requires_grad=False
2026/07/23 10:20:07 - mmengine - WARNING - backbone.wrapper.vit.blocks.3.norm2.bias is skipped since its requires_grad=False
2026/07/23 10:20:07 - mmengine - WARNING - backbone.wrapper.vit.blocks.3.mlp.fc1.weight is skipped since its requires_grad=False
2026/07/23 10:20:07 - mmengine - WARNING - backbone.wrapper.vit.blocks.3.mlp.fc1.bias is skipped since its requires_grad=False
2026/07/23 10:20:07 - mmengine - WARNING - backbone.wrapper.vit.blocks.3.mlp.fc2.weight is skipped since its requires_grad=False
2026/07/23 10:20:07 - mmengine - WARNING - backbone.wrapper.vit.blocks.3.mlp.fc2.bias is skipped since its requires_grad=False
2026/07/23 10:20:07 - mmengine - WARNING - backbone.wrapper.vit.blocks.3.ls2.gamma is skipped since its requires_grad=False
2026/07/23 10:20:07 - mmengine - WARNING - backbone.wrapper.vit.blocks.4.norm1.weight is skipped since its requires_grad=False
2026/07/23 10:20:07 - mmengine - WARNING - backbone.wrapper.vit.blocks.4.norm1.bias is skipped since its requires_grad=False
2026/07/23 10:20:07 - mmengine - WARNING - backbone.wrapper.vit.blocks.4.attn.qkv.weight is skipped since its requires_grad=False
2026/07/23 10:20:07 - mmengine - WARNING - backbone.wrapper.vit.blocks.4.attn.qkv.bias is skipped since its requires_grad=False
2026/07/23 10:20:07 - mmengine - WARNING - backbone.wrapper.vit.blocks.4.attn.proj.weight is skipped since its requires_grad=False
2026/07/23 10:20:07 - mmengine - WARNING - backbone.wrapper.vit.blocks.4.attn.proj.bias is skipped since its requires_grad=False
2026/07/23 10:20:07 - mmengine - WARNING - backbone.wrapper.vit.blocks.4.ls1.gamma is skipped since its requires_grad=False
2026/07/23 10:20:07 - mmengine - WARNING - backbone.wrapper.vit.blocks.4.norm2.weight is skipped since its requires_grad=False
2026/07/23 10:20:07 - mmengine - WARNING - backbone.wrapper.vit.blocks.4.norm2.bias is skipped since its requires_grad=False
2026/07/23 10:20:07 - mmengine - WARNING - backbone.wrapper.vit.blocks.4.mlp.fc1.weight is skipped since its requires_grad=False
2026/07/23 10:20:07 - mmengine - WARNING - backbone.wrapper.vit.blocks.4.mlp.fc1.bias is skipped since its requires_grad=False
2026/07/23 10:20:07 - mmengine - WARNING - backbone.wrapper.vit.blocks.4.mlp.fc2.weight is skipped since its requires_grad=False
2026/07/23 10:20:07 - mmengine - WARNING - backbone.wrapper.vit.blocks.4.mlp.fc2.bias is skipped since its requires_grad=False
2026/07/23 10:20:07 - mmengine - WARNING - backbone.wrapper.vit.blocks.4.ls2.gamma is skipped since its requires_grad=False
2026/07/23 10:20:07 - mmengine - WARNING - backbone.wrapper.vit.blocks.5.norm1.weight is skipped since its requires_grad=False
2026/07/23 10:20:07 - mmengine - WARNING - backbone.wrapper.vit.blocks.5.norm1.bias is skipped since its requires_grad=False
2026/07/23 10:20:07 - mmengine - WARNING - backbone.wrapper.vit.blocks.5.attn.qkv.weight is skipped since its requires_grad=False
2026/07/23 10:20:07 - mmengine - WARNING - backbone.wrapper.vit.blocks.5.attn.qkv.bias is skipped since its requires_grad=False
2026/07/23 10:20:07 - mmengine - WARNING - backbone.wrapper.vit.blocks.5.attn.proj.weight is skipped since its requires_grad=False
2026/07/23 10:20:07 - mmengine - WARNING - backbone.wrapper.vit.blocks.5.attn.proj.bias is skipped since its requires_grad=False
2026/07/23 10:20:07 - mmengine - WARNING - backbone.wrapper.vit.blocks.5.ls1.gamma is skipped since its requires_grad=False
2026/07/23 10:20:07 - mmengine - WARNING - backbone.wrapper.vit.blocks.5.norm2.weight is skipped since its requires_grad=False
2026/07/23 10:20:07 - mmengine - WARNING - backbone.wrapper.vit.blocks.5.norm2.bias is skipped since its requires_grad=False
2026/07/23 10:20:07 - mmengine - WARNING - backbone.wrapper.vit.blocks.5.mlp.fc1.weight is skipped since its requires_grad=False
2026/07/23 10:20:07 - mmengine - WARNING - backbone.wrapper.vit.blocks.5.mlp.fc1.bias is skipped since its requires_grad=False
2026/07/23 10:20:07 - mmengine - WARNING - backbone.wrapper.vit.blocks.5.mlp.fc2.weight is skipped since its requires_grad=False
2026/07/23 10:20:07 - mmengine - WARNING - backbone.wrapper.vit.blocks.5.mlp.fc2.bias is skipped since its requires_grad=False
2026/07/23 10:20:07 - mmengine - WARNING - backbone.wrapper.vit.blocks.5.ls2.gamma is skipped since its requires_grad=False
2026/07/23 10:20:07 - mmengine - WARNING - backbone.wrapper.vit.blocks.6.norm1.weight is skipped since its requires_grad=False
2026/07/23 10:20:07 - mmengine - WARNING - backbone.wrapper.vit.blocks.6.norm1.bias is skipped since its requires_grad=False
2026/07/23 10:20:07 - mmengine - WARNING - backbone.wrapper.vit.blocks.6.attn.qkv.weight is skipped since its requires_grad=False
2026/07/23 10:20:07 - mmengine - WARNING - backbone.wrapper.vit.blocks.6.attn.qkv.bias is skipped since its requires_grad=False
2026/07/23 10:20:07 - mmengine - WARNING - backbone.wrapper.vit.blocks.6.attn.proj.weight is skipped since its requires_grad=False
2026/07/23 10:20:07 - mmengine - WARNING - backbone.wrapper.vit.blocks.6.attn.proj.bias is skipped since its requires_grad=False
2026/07/23 10:20:07 - mmengine - WARNING - backbone.wrapper.vit.blocks.6.ls1.gamma is skipped since its requires_grad=False
2026/07/23 10:20:07 - mmengine - WARNING - backbone.wrapper.vit.blocks.6.norm2.weight is skipped since its requires_grad=False
2026/07/23 10:20:07 - mmengine - WARNING - backbone.wrapper.vit.blocks.6.norm2.bias is skipped since its requires_grad=False
2026/07/23 10:20:07 - mmengine - WARNING - backbone.wrapper.vit.blocks.6.mlp.fc1.weight is skipped since its requires_grad=False
2026/07/23 10:20:07 - mmengine - WARNING - backbone.wrapper.vit.blocks.6.mlp.fc1.bias is skipped since its requires_grad=False
2026/07/23 10:20:07 - mmengine - WARNING - backbone.wrapper.vit.blocks.6.mlp.fc2.weight is skipped since its requires_grad=False
2026/07/23 10:20:07 - mmengine - WARNING - backbone.wrapper.vit.blocks.6.mlp.fc2.bias is skipped since its requires_grad=False
2026/07/23 10:20:07 - mmengine - WARNING - backbone.wrapper.vit.blocks.6.ls2.gamma is skipped since its requires_grad=False
2026/07/23 10:20:07 - mmengine - WARNING - backbone.wrapper.vit.blocks.7.norm1.weight is skipped since its requires_grad=False
2026/07/23 10:20:07 - mmengine - WARNING - backbone.wrapper.vit.blocks.7.norm1.bias is skipped since its requires_grad=False
2026/07/23 10:20:07 - mmengine - WARNING - backbone.wrapper.vit.blocks.7.attn.qkv.weight is skipped since its requires_grad=False
2026/07/23 10:20:07 - mmengine - WARNING - backbone.wrapper.vit.blocks.7.attn.qkv.bias is skipped since its requires_grad=False
2026/07/23 10:20:07 - mmengine - WARNING - backbone.wrapper.vit.blocks.7.attn.proj.weight is skipped since its requires_grad=False
2026/07/23 10:20:07 - mmengine - WARNING - backbone.wrapper.vit.blocks.7.attn.proj.bias is skipped since its requires_grad=False
2026/07/23 10:20:07 - mmengine - WARNING - backbone.wrapper.vit.blocks.7.ls1.gamma is skipped since its requires_grad=False
2026/07/23 10:20:07 - mmengine - WARNING - backbone.wrapper.vit.blocks.7.norm2.weight is skipped since its requires_grad=False
2026/07/23 10:20:07 - mmengine - WARNING - backbone.wrapper.vit.blocks.7.norm2.bias is skipped since its requires_grad=False
2026/07/23 10:20:07 - mmengine - WARNING - backbone.wrapper.vit.blocks.7.mlp.fc1.weight is skipped since its requires_grad=False
2026/07/23 10:20:07 - mmengine - WARNING - backbone.wrapper.vit.blocks.7.mlp.fc1.bias is skipped since its requires_grad=False
2026/07/23 10:20:07 - mmengine - WARNING - backbone.wrapper.vit.blocks.7.mlp.fc2.weight is skipped since its requires_grad=False
2026/07/23 10:20:07 - mmengine - WARNING - backbone.wrapper.vit.blocks.7.mlp.fc2.bias is skipped since its requires_grad=False
2026/07/23 10:20:07 - mmengine - WARNING - backbone.wrapper.vit.blocks.7.ls2.gamma is skipped since its requires_grad=False
2026/07/23 10:20:07 - mmengine - WARNING - backbone.wrapper.vit.blocks.8.norm1.weight is skipped since its requires_grad=False
2026/07/23 10:20:07 - mmengine - WARNING - backbone.wrapper.vit.blocks.8.norm1.bias is skipped since its requires_grad=False
2026/07/23 10:20:07 - mmengine - WARNING - backbone.wrapper.vit.blocks.8.attn.qkv.weight is skipped since its requires_grad=False
2026/07/23 10:20:07 - mmengine - WARNING - backbone.wrapper.vit.blocks.8.attn.qkv.bias is skipped since its requires_grad=False
2026/07/23 10:20:07 - mmengine - WARNING - backbone.wrapper.vit.blocks.8.attn.proj.weight is skipped since its requires_grad=False
2026/07/23 10:20:07 - mmengine - WARNING - backbone.wrapper.vit.blocks.8.attn.proj.bias is skipped since its requires_grad=False
2026/07/23 10:20:07 - mmengine - WARNING - backbone.wrapper.vit.blocks.8.ls1.gamma is skipped since its requires_grad=False
2026/07/23 10:20:07 - mmengine - WARNING - backbone.wrapper.vit.blocks.8.norm2.weight is skipped since its requires_grad=False
2026/07/23 10:20:07 - mmengine - WARNING - backbone.wrapper.vit.blocks.8.norm2.bias is skipped since its requires_grad=False
2026/07/23 10:20:07 - mmengine - WARNING - backbone.wrapper.vit.blocks.8.mlp.fc1.weight is skipped since its requires_grad=False
2026/07/23 10:20:07 - mmengine - WARNING - backbone.wrapper.vit.blocks.8.mlp.fc1.bias is skipped since its requires_grad=False
2026/07/23 10:20:07 - mmengine - WARNING - backbone.wrapper.vit.blocks.8.mlp.fc2.weight is skipped since its requires_grad=False
2026/07/23 10:20:07 - mmengine - WARNING - backbone.wrapper.vit.blocks.8.mlp.fc2.bias is skipped since its requires_grad=False
2026/07/23 10:20:07 - mmengine - WARNING - backbone.wrapper.vit.blocks.8.ls2.gamma is skipped since its requires_grad=False
2026/07/23 10:20:07 - mmengine - WARNING - backbone.wrapper.vit.blocks.9.norm1.weight is skipped since its requires_grad=False
2026/07/23 10:20:07 - mmengine - WARNING - backbone.wrapper.vit.blocks.9.norm1.bias is skipped since its requires_grad=False
2026/07/23 10:20:07 - mmengine - WARNING - backbone.wrapper.vit.blocks.9.attn.qkv.weight is skipped since its requires_grad=False
2026/07/23 10:20:07 - mmengine - WARNING - backbone.wrapper.vit.blocks.9.attn.qkv.bias is skipped since its requires_grad=False
2026/07/23 10:20:07 - mmengine - WARNING - backbone.wrapper.vit.blocks.9.attn.proj.weight is skipped since its requires_grad=False
2026/07/23 10:20:07 - mmengine - WARNING - backbone.wrapper.vit.blocks.9.attn.proj.bias is skipped since its requires_grad=False
2026/07/23 10:20:07 - mmengine - WARNING - backbone.wrapper.vit.blocks.9.ls1.gamma is skipped since its requires_grad=False
2026/07/23 10:20:07 - mmengine - WARNING - backbone.wrapper.vit.blocks.9.norm2.weight is skipped since its requires_grad=False
2026/07/23 10:20:07 - mmengine - WARNING - backbone.wrapper.vit.blocks.9.norm2.bias is skipped since its requires_grad=False
2026/07/23 10:20:07 - mmengine - WARNING - backbone.wrapper.vit.blocks.9.mlp.fc1.weight is skipped since its requires_grad=False
2026/07/23 10:20:07 - mmengine - WARNING - backbone.wrapper.vit.blocks.9.mlp.fc1.bias is skipped since its requires_grad=False
2026/07/23 10:20:07 - mmengine - WARNING - backbone.wrapper.vit.blocks.9.mlp.fc2.weight is skipped since its requires_grad=False
2026/07/23 10:20:07 - mmengine - WARNING - backbone.wrapper.vit.blocks.9.mlp.fc2.bias is skipped since its requires_grad=False
2026/07/23 10:20:07 - mmengine - WARNING - backbone.wrapper.vit.blocks.9.ls2.gamma is skipped since its requires_grad=False
2026/07/23 10:20:07 - mmengine - WARNING - backbone.wrapper.vit.blocks.10.norm1.weight is skipped since its requires_grad=False
2026/07/23 10:20:07 - mmengine - WARNING - backbone.wrapper.vit.blocks.10.norm1.bias is skipped since its requires_grad=False
2026/07/23 10:20:07 - mmengine - WARNING - backbone.wrapper.vit.blocks.10.attn.qkv.weight is skipped since its requires_grad=False
2026/07/23 10:20:07 - mmengine - WARNING - backbone.wrapper.vit.blocks.10.attn.qkv.bias is skipped since its requires_grad=False
2026/07/23 10:20:07 - mmengine - WARNING - backbone.wrapper.vit.blocks.10.attn.proj.weight is skipped since its requires_grad=False
2026/07/23 10:20:07 - mmengine - WARNING - backbone.wrapper.vit.blocks.10.attn.proj.bias is skipped since its requires_grad=False
2026/07/23 10:20:07 - mmengine - WARNING - backbone.wrapper.vit.blocks.10.ls1.gamma is skipped since its requires_grad=False
2026/07/23 10:20:07 - mmengine - WARNING - backbone.wrapper.vit.blocks.10.norm2.weight is skipped since its requires_grad=False
2026/07/23 10:20:07 - mmengine - WARNING - backbone.wrapper.vit.blocks.10.norm2.bias is skipped since its requires_grad=False
2026/07/23 10:20:07 - mmengine - WARNING - backbone.wrapper.vit.blocks.10.mlp.fc1.weight is skipped since its requires_grad=False
2026/07/23 10:20:07 - mmengine - WARNING - backbone.wrapper.vit.blocks.10.mlp.fc1.bias is skipped since its requires_grad=False
2026/07/23 10:20:07 - mmengine - WARNING - backbone.wrapper.vit.blocks.10.mlp.fc2.weight is skipped since its requires_grad=False
2026/07/23 10:20:07 - mmengine - WARNING - backbone.wrapper.vit.blocks.10.mlp.fc2.bias is skipped since its requires_grad=False
2026/07/23 10:20:07 - mmengine - WARNING - backbone.wrapper.vit.blocks.10.ls2.gamma is skipped since its requires_grad=False
2026/07/23 10:20:07 - mmengine - WARNING - backbone.wrapper.vit.blocks.11.norm1.weight is skipped since its requires_grad=False
2026/07/23 10:20:07 - mmengine - WARNING - backbone.wrapper.vit.blocks.11.norm1.bias is skipped since its requires_grad=False
2026/07/23 10:20:07 - mmengine - WARNING - backbone.wrapper.vit.blocks.11.attn.qkv.weight is skipped since its requires_grad=False
2026/07/23 10:20:07 - mmengine - WARNING - backbone.wrapper.vit.blocks.11.attn.qkv.bias is skipped since its requires_grad=False
2026/07/23 10:20:07 - mmengine - WARNING - backbone.wrapper.vit.blocks.11.attn.proj.weight is skipped since its requires_grad=False
2026/07/23 10:20:07 - mmengine - WARNING - backbone.wrapper.vit.blocks.11.attn.proj.bias is skipped since its requires_grad=False
2026/07/23 10:20:07 - mmengine - WARNING - backbone.wrapper.vit.blocks.11.ls1.gamma is skipped since its requires_grad=False
2026/07/23 10:20:07 - mmengine - WARNING - backbone.wrapper.vit.blocks.11.norm2.weight is skipped since its requires_grad=False
2026/07/23 10:20:07 - mmengine - WARNING - backbone.wrapper.vit.blocks.11.norm2.bias is skipped since its requires_grad=False
2026/07/23 10:20:07 - mmengine - WARNING - backbone.wrapper.vit.blocks.11.mlp.fc1.weight is skipped since its requires_grad=False
2026/07/23 10:20:07 - mmengine - WARNING - backbone.wrapper.vit.blocks.11.mlp.fc1.bias is skipped since its requires_grad=False
2026/07/23 10:20:07 - mmengine - WARNING - backbone.wrapper.vit.blocks.11.mlp.fc2.weight is skipped since its requires_grad=False
2026/07/23 10:20:07 - mmengine - WARNING - backbone.wrapper.vit.blocks.11.mlp.fc2.bias is skipped since its requires_grad=False
2026/07/23 10:20:07 - mmengine - WARNING - backbone.wrapper.vit.blocks.11.ls2.gamma is skipped since its requires_grad=False
2026/07/23 10:20:07 - mmengine - WARNING - backbone.wrapper.vit.blocks.12.norm1.weight is skipped since its requires_grad=False
2026/07/23 10:20:07 - mmengine - WARNING - backbone.wrapper.vit.blocks.12.norm1.bias is skipped since its requires_grad=False
2026/07/23 10:20:07 - mmengine - WARNING - backbone.wrapper.vit.blocks.12.attn.qkv.weight is skipped since its requires_grad=False
2026/07/23 10:20:07 - mmengine - WARNING - backbone.wrapper.vit.blocks.12.attn.qkv.bias is skipped since its requires_grad=False
2026/07/23 10:20:07 - mmengine - WARNING - backbone.wrapper.vit.blocks.12.attn.proj.weight is skipped since its requires_grad=False
2026/07/23 10:20:07 - mmengine - WARNING - backbone.wrapper.vit.blocks.12.attn.proj.bias is skipped since its requires_grad=False
2026/07/23 10:20:07 - mmengine - WARNING - backbone.wrapper.vit.blocks.12.ls1.gamma is skipped since its requires_grad=False
2026/07/23 10:20:07 - mmengine - WARNING - backbone.wrapper.vit.blocks.12.norm2.weight is skipped since its requires_grad=False
2026/07/23 10:20:07 - mmengine - WARNING - backbone.wrapper.vit.blocks.12.norm2.bias is skipped since its requires_grad=False
2026/07/23 10:20:07 - mmengine - WARNING - backbone.wrapper.vit.blocks.12.mlp.fc1.weight is skipped since its requires_grad=False
2026/07/23 10:20:07 - mmengine - WARNING - backbone.wrapper.vit.blocks.12.mlp.fc1.bias is skipped since its requires_grad=False
2026/07/23 10:20:07 - mmengine - WARNING - backbone.wrapper.vit.blocks.12.mlp.fc2.weight is skipped since its requires_grad=False
2026/07/23 10:20:07 - mmengine - WARNING - backbone.wrapper.vit.blocks.12.mlp.fc2.bias is skipped since its requires_grad=False
2026/07/23 10:20:07 - mmengine - WARNING - backbone.wrapper.vit.blocks.12.ls2.gamma is skipped since its requires_grad=False
2026/07/23 10:20:07 - mmengine - WARNING - backbone.wrapper.vit.blocks.13.norm1.weight is skipped since its requires_grad=False
2026/07/23 10:20:07 - mmengine - WARNING - backbone.wrapper.vit.blocks.13.norm1.bias is skipped since its requires_grad=False
2026/07/23 10:20:07 - mmengine - WARNING - backbone.wrapper.vit.blocks.13.attn.qkv.weight is skipped since its requires_grad=False
2026/07/23 10:20:07 - mmengine - WARNING - backbone.wrapper.vit.blocks.13.attn.qkv.bias is skipped since its requires_grad=False
2026/07/23 10:20:07 - mmengine - WARNING - backbone.wrapper.vit.blocks.13.attn.proj.weight is skipped since its requires_grad=False
2026/07/23 10:20:07 - mmengine - WARNING - backbone.wrapper.vit.blocks.13.attn.proj.bias is skipped since its requires_grad=False
2026/07/23 10:20:07 - mmengine - WARNING - backbone.wrapper.vit.blocks.13.ls1.gamma is skipped since its requires_grad=False
2026/07/23 10:20:07 - mmengine - WARNING - backbone.wrapper.vit.blocks.13.norm2.weight is skipped since its requires_grad=False
2026/07/23 10:20:07 - mmengine - WARNING - backbone.wrapper.vit.blocks.13.norm2.bias is skipped since its requires_grad=False
2026/07/23 10:20:07 - mmengine - WARNING - backbone.wrapper.vit.blocks.13.mlp.fc1.weight is skipped since its requires_grad=False
2026/07/23 10:20:07 - mmengine - WARNING - backbone.wrapper.vit.blocks.13.mlp.fc1.bias is skipped since its requires_grad=False
2026/07/23 10:20:07 - mmengine - WARNING - backbone.wrapper.vit.blocks.13.mlp.fc2.weight is skipped since its requires_grad=False
2026/07/23 10:20:07 - mmengine - WARNING - backbone.wrapper.vit.blocks.13.mlp.fc2.bias is skipped since its requires_grad=False
2026/07/23 10:20:07 - mmengine - WARNING - backbone.wrapper.vit.blocks.13.ls2.gamma is skipped since its requires_grad=False
2026/07/23 10:20:07 - mmengine - WARNING - backbone.wrapper.vit.blocks.14.norm1.weight is skipped since its requires_grad=False
2026/07/23 10:20:07 - mmengine - WARNING - backbone.wrapper.vit.blocks.14.norm1.bias is skipped since its requires_grad=False
2026/07/23 10:20:07 - mmengine - WARNING - backbone.wrapper.vit.blocks.14.attn.qkv.weight is skipped since its requires_grad=False
2026/07/23 10:20:07 - mmengine - WARNING - backbone.wrapper.vit.blocks.14.attn.qkv.bias is skipped since its requires_grad=False
2026/07/23 10:20:07 - mmengine - WARNING - backbone.wrapper.vit.blocks.14.attn.proj.weight is skipped since its requires_grad=False
2026/07/23 10:20:07 - mmengine - WARNING - backbone.wrapper.vit.blocks.14.attn.proj.bias is skipped since its requires_grad=False
2026/07/23 10:20:07 - mmengine - WARNING - backbone.wrapper.vit.blocks.14.ls1.gamma is skipped since its requires_grad=False
2026/07/23 10:20:07 - mmengine - WARNING - backbone.wrapper.vit.blocks.14.norm2.weight is skipped since its requires_grad=False
2026/07/23 10:20:07 - mmengine - WARNING - backbone.wrapper.vit.blocks.14.norm2.bias is skipped since its requires_grad=False
2026/07/23 10:20:07 - mmengine - WARNING - backbone.wrapper.vit.blocks.14.mlp.fc1.weight is skipped since its requires_grad=False
2026/07/23 10:20:07 - mmengine - WARNING - backbone.wrapper.vit.blocks.14.mlp.fc1.bias is skipped since its requires_grad=False
2026/07/23 10:20:07 - mmengine - WARNING - backbone.wrapper.vit.blocks.14.mlp.fc2.weight is skipped since its requires_grad=False
2026/07/23 10:20:07 - mmengine - WARNING - backbone.wrapper.vit.blocks.14.mlp.fc2.bias is skipped since its requires_grad=False
2026/07/23 10:20:07 - mmengine - WARNING - backbone.wrapper.vit.blocks.14.ls2.gamma is skipped since its requires_grad=False
2026/07/23 10:20:07 - mmengine - WARNING - backbone.wrapper.vit.blocks.15.norm1.weight is skipped since its requires_grad=False
2026/07/23 10:20:07 - mmengine - WARNING - backbone.wrapper.vit.blocks.15.norm1.bias is skipped since its requires_grad=False
2026/07/23 10:20:07 - mmengine - WARNING - backbone.wrapper.vit.blocks.15.attn.qkv.weight is skipped since its requires_grad=False
2026/07/23 10:20:07 - mmengine - WARNING - backbone.wrapper.vit.blocks.15.attn.qkv.bias is skipped since its requires_grad=False
2026/07/23 10:20:07 - mmengine - WARNING - backbone.wrapper.vit.blocks.15.attn.proj.weight is skipped since its requires_grad=False
2026/07/23 10:20:07 - mmengine - WARNING - backbone.wrapper.vit.blocks.15.attn.proj.bias is skipped since its requires_grad=False
2026/07/23 10:20:07 - mmengine - WARNING - backbone.wrapper.vit.blocks.15.ls1.gamma is skipped since its requires_grad=False
2026/07/23 10:20:07 - mmengine - WARNING - backbone.wrapper.vit.blocks.15.norm2.weight is skipped since its requires_grad=False
2026/07/23 10:20:07 - mmengine - WARNING - backbone.wrapper.vit.blocks.15.norm2.bias is skipped since its requires_grad=False
2026/07/23 10:20:07 - mmengine - WARNING - backbone.wrapper.vit.blocks.15.mlp.fc1.weight is skipped since its requires_grad=False
2026/07/23 10:20:07 - mmengine - WARNING - backbone.wrapper.vit.blocks.15.mlp.fc1.bias is skipped since its requires_grad=False
2026/07/23 10:20:07 - mmengine - WARNING - backbone.wrapper.vit.blocks.15.mlp.fc2.weight is skipped since its requires_grad=False
2026/07/23 10:20:07 - mmengine - WARNING - backbone.wrapper.vit.blocks.15.mlp.fc2.bias is skipped since its requires_grad=False
2026/07/23 10:20:07 - mmengine - WARNING - backbone.wrapper.vit.blocks.15.ls2.gamma is skipped since its requires_grad=False
2026/07/23 10:20:07 - mmengine - WARNING - backbone.wrapper.vit.blocks.16.norm1.weight is skipped since its requires_grad=False
2026/07/23 10:20:07 - mmengine - WARNING - backbone.wrapper.vit.blocks.16.norm1.bias is skipped since its requires_grad=False
2026/07/23 10:20:07 - mmengine - WARNING - backbone.wrapper.vit.blocks.16.attn.qkv.weight is skipped since its requires_grad=False
2026/07/23 10:20:07 - mmengine - WARNING - backbone.wrapper.vit.blocks.16.attn.qkv.bias is skipped since its requires_grad=False
2026/07/23 10:20:07 - mmengine - WARNING - backbone.wrapper.vit.blocks.16.attn.proj.weight is skipped since its requires_grad=False
2026/07/23 10:20:07 - mmengine - WARNING - backbone.wrapper.vit.blocks.16.attn.proj.bias is skipped since its requires_grad=False
2026/07/23 10:20:07 - mmengine - WARNING - backbone.wrapper.vit.blocks.16.ls1.gamma is skipped since its requires_grad=False
2026/07/23 10:20:07 - mmengine - WARNING - backbone.wrapper.vit.blocks.16.norm2.weight is skipped since its requires_grad=False
2026/07/23 10:20:07 - mmengine - WARNING - backbone.wrapper.vit.blocks.16.norm2.bias is skipped since its requires_grad=False
2026/07/23 10:20:07 - mmengine - WARNING - backbone.wrapper.vit.blocks.16.mlp.fc1.weight is skipped since its requires_grad=False
2026/07/23 10:20:07 - mmengine - WARNING - backbone.wrapper.vit.blocks.16.mlp.fc1.bias is skipped since its requires_grad=False
2026/07/23 10:20:07 - mmengine - WARNING - backbone.wrapper.vit.blocks.16.mlp.fc2.weight is skipped since its requires_grad=False
2026/07/23 10:20:07 - mmengine - WARNING - backbone.wrapper.vit.blocks.16.mlp.fc2.bias is skipped since its requires_grad=False
2026/07/23 10:20:07 - mmengine - WARNING - backbone.wrapper.vit.blocks.16.ls2.gamma is skipped since its requires_grad=False
2026/07/23 10:20:07 - mmengine - WARNING - backbone.wrapper.vit.blocks.17.norm1.weight is skipped since its requires_grad=False
2026/07/23 10:20:07 - mmengine - WARNING - backbone.wrapper.vit.blocks.17.norm1.bias is skipped since its requires_grad=False
2026/07/23 10:20:07 - mmengine - WARNING - backbone.wrapper.vit.blocks.17.attn.qkv.weight is skipped since its requires_grad=False
2026/07/23 10:20:07 - mmengine - WARNING - backbone.wrapper.vit.blocks.17.attn.qkv.bias is skipped since its requires_grad=False
2026/07/23 10:20:07 - mmengine - WARNING - backbone.wrapper.vit.blocks.17.attn.proj.weight is skipped since its requires_grad=False
2026/07/23 10:20:07 - mmengine - WARNING - backbone.wrapper.vit.blocks.17.attn.proj.bias is skipped since its requires_grad=False
2026/07/23 10:20:07 - mmengine - WARNING - backbone.wrapper.vit.blocks.17.ls1.gamma is skipped since its requires_grad=False
2026/07/23 10:20:07 - mmengine - WARNING - backbone.wrapper.vit.blocks.17.norm2.weight is skipped since its requires_grad=False
2026/07/23 10:20:07 - mmengine - WARNING - backbone.wrapper.vit.blocks.17.norm2.bias is skipped since its requires_grad=False
2026/07/23 10:20:07 - mmengine - WARNING - backbone.wrapper.vit.blocks.17.mlp.fc1.weight is skipped since its requires_grad=False
2026/07/23 10:20:07 - mmengine - WARNING - backbone.wrapper.vit.blocks.17.mlp.fc1.bias is skipped since its requires_grad=False
2026/07/23 10:20:07 - mmengine - WARNING - backbone.wrapper.vit.blocks.17.mlp.fc2.weight is skipped since its requires_grad=False
2026/07/23 10:20:07 - mmengine - WARNING - backbone.wrapper.vit.blocks.17.mlp.fc2.bias is skipped since its requires_grad=False
2026/07/23 10:20:07 - mmengine - WARNING - backbone.wrapper.vit.blocks.17.ls2.gamma is skipped since its requires_grad=False
2026/07/23 10:20:07 - mmengine - WARNING - backbone.wrapper.vit.blocks.18.norm1.weight is skipped since its requires_grad=False
2026/07/23 10:20:07 - mmengine - WARNING - backbone.wrapper.vit.blocks.18.norm1.bias is skipped since its requires_grad=False
2026/07/23 10:20:07 - mmengine - WARNING - backbone.wrapper.vit.blocks.18.attn.qkv.weight is skipped since its requires_grad=False
2026/07/23 10:20:07 - mmengine - WARNING - backbone.wrapper.vit.blocks.18.attn.qkv.bias is skipped since its requires_grad=False
2026/07/23 10:20:07 - mmengine - WARNING - backbone.wrapper.vit.blocks.18.attn.proj.weight is skipped since its requires_grad=False
2026/07/23 10:20:07 - mmengine - WARNING - backbone.wrapper.vit.blocks.18.attn.proj.bias is skipped since its requires_grad=False
2026/07/23 10:20:07 - mmengine - WARNING - backbone.wrapper.vit.blocks.18.ls1.gamma is skipped since its requires_grad=False
2026/07/23 10:20:07 - mmengine - WARNING - backbone.wrapper.vit.blocks.18.norm2.weight is skipped since its requires_grad=False
2026/07/23 10:20:07 - mmengine - WARNING - backbone.wrapper.vit.blocks.18.norm2.bias is skipped since its requires_grad=False
2026/07/23 10:20:07 - mmengine - WARNING - backbone.wrapper.vit.blocks.18.mlp.fc1.weight is skipped since its requires_grad=False
2026/07/23 10:20:07 - mmengine - WARNING - backbone.wrapper.vit.blocks.18.mlp.fc1.bias is skipped since its requires_grad=False
2026/07/23 10:20:07 - mmengine - WARNING - backbone.wrapper.vit.blocks.18.mlp.fc2.weight is skipped since its requires_grad=False
2026/07/23 10:20:07 - mmengine - WARNING - backbone.wrapper.vit.blocks.18.mlp.fc2.bias is skipped since its requires_grad=False
2026/07/23 10:20:07 - mmengine - WARNING - backbone.wrapper.vit.blocks.18.ls2.gamma is skipped since its requires_grad=False
2026/07/23 10:20:07 - mmengine - WARNING - backbone.wrapper.vit.blocks.19.norm1.weight is skipped since its requires_grad=False
2026/07/23 10:20:07 - mmengine - WARNING - backbone.wrapper.vit.blocks.19.norm1.bias is skipped since its requires_grad=False
2026/07/23 10:20:07 - mmengine - WARNING - backbone.wrapper.vit.blocks.19.attn.qkv.weight is skipped since its requires_grad=False
2026/07/23 10:20:07 - mmengine - WARNING - backbone.wrapper.vit.blocks.19.attn.qkv.bias is skipped since its requires_grad=False
2026/07/23 10:20:07 - mmengine - WARNING - backbone.wrapper.vit.blocks.19.attn.proj.weight is skipped since its requires_grad=False
2026/07/23 10:20:07 - mmengine - WARNING - backbone.wrapper.vit.blocks.19.attn.proj.bias is skipped since its requires_grad=False
2026/07/23 10:20:07 - mmengine - WARNING - backbone.wrapper.vit.blocks.19.ls1.gamma is skipped since its requires_grad=False
2026/07/23 10:20:07 - mmengine - WARNING - backbone.wrapper.vit.blocks.19.norm2.weight is skipped since its requires_grad=False
2026/07/23 10:20:07 - mmengine - WARNING - backbone.wrapper.vit.blocks.19.norm2.bias is skipped since its requires_grad=False
2026/07/23 10:20:07 - mmengine - WARNING - backbone.wrapper.vit.blocks.19.mlp.fc1.weight is skipped since its requires_grad=False
2026/07/23 10:20:07 - mmengine - WARNING - backbone.wrapper.vit.blocks.19.mlp.fc1.bias is skipped since its requires_grad=False
2026/07/23 10:20:07 - mmengine - WARNING - backbone.wrapper.vit.blocks.19.mlp.fc2.weight is skipped since its requires_grad=False
2026/07/23 10:20:07 - mmengine - WARNING - backbone.wrapper.vit.blocks.19.mlp.fc2.bias is skipped since its requires_grad=False
2026/07/23 10:20:07 - mmengine - WARNING - backbone.wrapper.vit.blocks.19.ls2.gamma is skipped since its requires_grad=False
2026/07/23 10:20:07 - mmengine - WARNING - backbone.wrapper.vit.blocks.20.norm1.weight is skipped since its requires_grad=False
2026/07/23 10:20:07 - mmengine - WARNING - backbone.wrapper.vit.blocks.20.norm1.bias is skipped since its requires_grad=False
2026/07/23 10:20:07 - mmengine - WARNING - backbone.wrapper.vit.blocks.20.attn.qkv.weight is skipped since its requires_grad=False
2026/07/23 10:20:07 - mmengine - WARNING - backbone.wrapper.vit.blocks.20.attn.qkv.bias is skipped since its requires_grad=False
2026/07/23 10:20:07 - mmengine - WARNING - backbone.wrapper.vit.blocks.20.attn.proj.weight is skipped since its requires_grad=False
2026/07/23 10:20:07 - mmengine - WARNING - backbone.wrapper.vit.blocks.20.attn.proj.bias is skipped since its requires_grad=False
2026/07/23 10:20:07 - mmengine - WARNING - backbone.wrapper.vit.blocks.20.ls1.gamma is skipped since its requires_grad=False
2026/07/23 10:20:07 - mmengine - WARNING - backbone.wrapper.vit.blocks.20.norm2.weight is skipped since its requires_grad=False
2026/07/23 10:20:07 - mmengine - WARNING - backbone.wrapper.vit.blocks.20.norm2.bias is skipped since its requires_grad=False
2026/07/23 10:20:07 - mmengine - WARNING - backbone.wrapper.vit.blocks.20.mlp.fc1.weight is skipped since its requires_grad=False
2026/07/23 10:20:07 - mmengine - WARNING - backbone.wrapper.vit.blocks.20.mlp.fc1.bias is skipped since its requires_grad=False
2026/07/23 10:20:07 - mmengine - WARNING - backbone.wrapper.vit.blocks.20.mlp.fc2.weight is skipped since its requires_grad=False
2026/07/23 10:20:07 - mmengine - WARNING - backbone.wrapper.vit.blocks.20.mlp.fc2.bias is skipped since its requires_grad=False
2026/07/23 10:20:07 - mmengine - WARNING - backbone.wrapper.vit.blocks.20.ls2.gamma is skipped since its requires_grad=False
2026/07/23 10:20:07 - mmengine - WARNING - backbone.wrapper.vit.blocks.21.norm1.weight is skipped since its requires_grad=False
2026/07/23 10:20:07 - mmengine - WARNING - backbone.wrapper.vit.blocks.21.norm1.bias is skipped since its requires_grad=False
2026/07/23 10:20:07 - mmengine - WARNING - backbone.wrapper.vit.blocks.21.attn.qkv.weight is skipped since its requires_grad=False
2026/07/23 10:20:07 - mmengine - WARNING - backbone.wrapper.vit.blocks.21.attn.qkv.bias is skipped since its requires_grad=False
2026/07/23 10:20:07 - mmengine - WARNING - backbone.wrapper.vit.blocks.21.attn.proj.weight is skipped since its requires_grad=False
2026/07/23 10:20:07 - mmengine - WARNING - backbone.wrapper.vit.blocks.21.attn.proj.bias is skipped since its requires_grad=False
2026/07/23 10:20:07 - mmengine - WARNING - backbone.wrapper.vit.blocks.21.ls1.gamma is skipped since its requires_grad=False
2026/07/23 10:20:07 - mmengine - WARNING - backbone.wrapper.vit.blocks.21.norm2.weight is skipped since its requires_grad=False
2026/07/23 10:20:07 - mmengine - WARNING - backbone.wrapper.vit.blocks.21.norm2.bias is skipped since its requires_grad=False
2026/07/23 10:20:07 - mmengine - WARNING - backbone.wrapper.vit.blocks.21.mlp.fc1.weight is skipped since its requires_grad=False
2026/07/23 10:20:07 - mmengine - WARNING - backbone.wrapper.vit.blocks.21.mlp.fc1.bias is skipped since its requires_grad=False
2026/07/23 10:20:07 - mmengine - WARNING - backbone.wrapper.vit.blocks.21.mlp.fc2.weight is skipped since its requires_grad=False
2026/07/23 10:20:07 - mmengine - WARNING - backbone.wrapper.vit.blocks.21.mlp.fc2.bias is skipped since its requires_grad=False
2026/07/23 10:20:07 - mmengine - WARNING - backbone.wrapper.vit.blocks.21.ls2.gamma is skipped since its requires_grad=False
2026/07/23 10:20:07 - mmengine - WARNING - backbone.wrapper.vit.blocks.22.norm1.weight is skipped since its requires_grad=False
2026/07/23 10:20:07 - mmengine - WARNING - backbone.wrapper.vit.blocks.22.norm1.bias is skipped since its requires_grad=False
2026/07/23 10:20:07 - mmengine - WARNING - backbone.wrapper.vit.blocks.22.attn.qkv.weight is skipped since its requires_grad=False
2026/07/23 10:20:07 - mmengine - WARNING - backbone.wrapper.vit.blocks.22.attn.qkv.bias is skipped since its requires_grad=False
2026/07/23 10:20:07 - mmengine - WARNING - backbone.wrapper.vit.blocks.22.attn.proj.weight is skipped since its requires_grad=False
2026/07/23 10:20:07 - mmengine - WARNING - backbone.wrapper.vit.blocks.22.attn.proj.bias is skipped since its requires_grad=False
2026/07/23 10:20:07 - mmengine - WARNING - backbone.wrapper.vit.blocks.22.ls1.gamma is skipped since its requires_grad=False
2026/07/23 10:20:07 - mmengine - WARNING - backbone.wrapper.vit.blocks.22.norm2.weight is skipped since its requires_grad=False
2026/07/23 10:20:07 - mmengine - WARNING - backbone.wrapper.vit.blocks.22.norm2.bias is skipped since its requires_grad=False
2026/07/23 10:20:07 - mmengine - WARNING - backbone.wrapper.vit.blocks.22.mlp.fc1.weight is skipped since its requires_grad=False
2026/07/23 10:20:07 - mmengine - WARNING - backbone.wrapper.vit.blocks.22.mlp.fc1.bias is skipped since its requires_grad=False
2026/07/23 10:20:07 - mmengine - WARNING - backbone.wrapper.vit.blocks.22.mlp.fc2.weight is skipped since its requires_grad=False
2026/07/23 10:20:07 - mmengine - WARNING - backbone.wrapper.vit.blocks.22.mlp.fc2.bias is skipped since its requires_grad=False
2026/07/23 10:20:07 - mmengine - WARNING - backbone.wrapper.vit.blocks.22.ls2.gamma is skipped since its requires_grad=False
2026/07/23 10:20:07 - mmengine - WARNING - backbone.wrapper.vit.blocks.23.norm1.weight is skipped since its requires_grad=False
2026/07/23 10:20:07 - mmengine - WARNING - backbone.wrapper.vit.blocks.23.norm1.bias is skipped since its requires_grad=False
2026/07/23 10:20:07 - mmengine - WARNING - backbone.wrapper.vit.blocks.23.attn.qkv.weight is skipped since its requires_grad=False
2026/07/23 10:20:07 - mmengine - WARNING - backbone.wrapper.vit.blocks.23.attn.qkv.bias is skipped since its requires_grad=False
2026/07/23 10:20:07 - mmengine - WARNING - backbone.wrapper.vit.blocks.23.attn.proj.weight is skipped since its requires_grad=False
2026/07/23 10:20:07 - mmengine - WARNING - backbone.wrapper.vit.blocks.23.attn.proj.bias is skipped since its requires_grad=False
2026/07/23 10:20:07 - mmengine - WARNING - backbone.wrapper.vit.blocks.23.ls1.gamma is skipped since its requires_grad=False
2026/07/23 10:20:07 - mmengine - WARNING - backbone.wrapper.vit.blocks.23.norm2.weight is skipped since its requires_grad=False
2026/07/23 10:20:07 - mmengine - WARNING - backbone.wrapper.vit.blocks.23.norm2.bias is skipped since its requires_grad=False
2026/07/23 10:20:07 - mmengine - WARNING - backbone.wrapper.vit.blocks.23.mlp.fc1.weight is skipped since its requires_grad=False
2026/07/23 10:20:07 - mmengine - WARNING - backbone.wrapper.vit.blocks.23.mlp.fc1.bias is skipped since its requires_grad=False
2026/07/23 10:20:07 - mmengine - WARNING - backbone.wrapper.vit.blocks.23.mlp.fc2.weight is skipped since its requires_grad=False
2026/07/23 10:20:07 - mmengine - WARNING - backbone.wrapper.vit.blocks.23.mlp.fc2.bias is skipped since its requires_grad=False
2026/07/23 10:20:07 - mmengine - WARNING - backbone.wrapper.vit.blocks.23.ls2.gamma is skipped since its requires_grad=False
2026/07/23 10:20:07 - mmengine - WARNING - backbone.wrapper.vit.norm.weight is skipped since its requires_grad=False
2026/07/23 10:20:07 - mmengine - WARNING - backbone.wrapper.vit.norm.bias is skipped since its requires_grad=False
2026/07/23 10:20:07 - mmengine - WARNING - backbone.wrapper.fusion.mask_token is skipped since its requires_grad=False
2026/07/23 10:20:07 - mmengine - WARNING - backbone.wrapper.fusion.fusion_mask_token is skipped since its requires_grad=False
2026/07/23 10:20:07 - mmengine - WARNING - backbone.wrapper.fusion.cross_scale is skipped since its requires_grad=False
2026/07/23 10:20:07 - mmengine - WARNING - backbone.wrapper.fusion.blocks.0.self_attn.create_qkv.weight is skipped since its requires_grad=False
2026/07/23 10:20:07 - mmengine - WARNING - backbone.wrapper.fusion.blocks.0.self_attn.out.weight is skipped since its requires_grad=False
2026/07/23 10:20:07 - mmengine - WARNING - backbone.wrapper.fusion.blocks.0.self_attn.out.bias is skipped since its requires_grad=False
2026/07/23 10:20:07 - mmengine - WARNING - backbone.wrapper.fusion.blocks.0.self_attn.norm.weight is skipped since its requires_grad=False
2026/07/23 10:20:07 - mmengine - WARNING - backbone.wrapper.fusion.blocks.0.self_attn.norm.bias is skipped since its requires_grad=False
2026/07/23 10:20:07 - mmengine - WARNING - backbone.wrapper.fusion.blocks.0.cross_attn.create_q.weight is skipped since its requires_grad=False
2026/07/23 10:20:07 - mmengine - WARNING - backbone.wrapper.fusion.blocks.0.cross_attn.create_k.weight is skipped since its requires_grad=False
2026/07/23 10:20:07 - mmengine - WARNING - backbone.wrapper.fusion.blocks.0.cross_attn.create_v.weight is skipped since its requires_grad=False
2026/07/23 10:20:07 - mmengine - WARNING - backbone.wrapper.fusion.blocks.0.cross_attn.to_out.weight is skipped since its requires_grad=False
2026/07/23 10:20:07 - mmengine - WARNING - backbone.wrapper.fusion.blocks.0.cross_attn.to_out.bias is skipped since its requires_grad=False
2026/07/23 10:20:07 - mmengine - WARNING - backbone.wrapper.fusion.blocks.0.cross_attn.norm_x.weight is skipped since its requires_grad=False
2026/07/23 10:20:07 - mmengine - WARNING - backbone.wrapper.fusion.blocks.0.cross_attn.norm_x.bias is skipped since its requires_grad=False
2026/07/23 10:20:07 - mmengine - WARNING - backbone.wrapper.fusion.blocks.0.cross_attn.norm_context.weight is skipped since its requires_grad=False
2026/07/23 10:20:07 - mmengine - WARNING - backbone.wrapper.fusion.blocks.0.cross_attn.norm_context.bias is skipped since its requires_grad=False
2026/07/23 10:20:07 - mmengine - WARNING - backbone.wrapper.fusion.blocks.0.ffn.net.0.weight is skipped since its requires_grad=False
2026/07/23 10:20:07 - mmengine - WARNING - backbone.wrapper.fusion.blocks.0.ffn.net.0.bias is skipped since its requires_grad=False
2026/07/23 10:20:07 - mmengine - WARNING - backbone.wrapper.fusion.blocks.0.ffn.net.3.weight is skipped since its requires_grad=False
2026/07/23 10:20:07 - mmengine - WARNING - backbone.wrapper.fusion.blocks.0.ffn.net.3.bias is skipped since its requires_grad=False
2026/07/23 10:20:07 - mmengine - WARNING - backbone.wrapper.fusion.blocks.0.ffn.input_norm.weight is skipped since its requires_grad=False
2026/07/23 10:20:07 - mmengine - WARNING - backbone.wrapper.fusion.blocks.0.ffn.input_norm.bias is skipped since its requires_grad=False
2026/07/23 10:20:07 - mmengine - WARNING - backbone.wrapper.fusion.blocks.1.self_attn.create_qkv.weight is skipped since its requires_grad=False
2026/07/23 10:20:07 - mmengine - WARNING - backbone.wrapper.fusion.blocks.1.self_attn.out.weight is skipped since its requires_grad=False
2026/07/23 10:20:07 - mmengine - WARNING - backbone.wrapper.fusion.blocks.1.self_attn.out.bias is skipped since its requires_grad=False
2026/07/23 10:20:07 - mmengine - WARNING - backbone.wrapper.fusion.blocks.1.self_attn.norm.weight is skipped since its requires_grad=False
2026/07/23 10:20:07 - mmengine - WARNING - backbone.wrapper.fusion.blocks.1.self_attn.norm.bias is skipped since its requires_grad=False
2026/07/23 10:20:07 - mmengine - WARNING - backbone.wrapper.fusion.blocks.1.cross_attn.create_q.weight is skipped since its requires_grad=False
2026/07/23 10:20:07 - mmengine - WARNING - backbone.wrapper.fusion.blocks.1.cross_attn.create_k.weight is skipped since its requires_grad=False
2026/07/23 10:20:07 - mmengine - WARNING - backbone.wrapper.fusion.blocks.1.cross_attn.create_v.weight is skipped since its requires_grad=False
2026/07/23 10:20:07 - mmengine - WARNING - backbone.wrapper.fusion.blocks.1.cross_attn.to_out.weight is skipped since its requires_grad=False
2026/07/23 10:20:07 - mmengine - WARNING - backbone.wrapper.fusion.blocks.1.cross_attn.to_out.bias is skipped since its requires_grad=False
2026/07/23 10:20:07 - mmengine - WARNING - backbone.wrapper.fusion.blocks.1.cross_attn.norm_x.weight is skipped since its requires_grad=False
2026/07/23 10:20:07 - mmengine - WARNING - backbone.wrapper.fusion.blocks.1.cross_attn.norm_x.bias is skipped since its requires_grad=False
2026/07/23 10:20:07 - mmengine - WARNING - backbone.wrapper.fusion.blocks.1.cross_attn.norm_context.weight is skipped since its requires_grad=False
2026/07/23 10:20:07 - mmengine - WARNING - backbone.wrapper.fusion.blocks.1.cross_attn.norm_context.bias is skipped since its requires_grad=False
2026/07/23 10:20:07 - mmengine - WARNING - backbone.wrapper.fusion.blocks.1.ffn.net.0.weight is skipped since its requires_grad=False
2026/07/23 10:20:07 - mmengine - WARNING - backbone.wrapper.fusion.blocks.1.ffn.net.0.bias is skipped since its requires_grad=False
2026/07/23 10:20:07 - mmengine - WARNING - backbone.wrapper.fusion.blocks.1.ffn.net.3.weight is skipped since its requires_grad=False
2026/07/23 10:20:07 - mmengine - WARNING - backbone.wrapper.fusion.blocks.1.ffn.net.3.bias is skipped since its requires_grad=False
2026/07/23 10:20:07 - mmengine - WARNING - backbone.wrapper.fusion.blocks.1.ffn.input_norm.weight is skipped since its requires_grad=False
2026/07/23 10:20:07 - mmengine - WARNING - backbone.wrapper.fusion.blocks.1.ffn.input_norm.bias is skipped since its requires_grad=False
2026/07/23 10:20:07 - mmengine - WARNING - backbone.wrapper.fusion.blocks.2.self_attn.create_qkv.weight is skipped since its requires_grad=False
2026/07/23 10:20:07 - mmengine - WARNING - backbone.wrapper.fusion.blocks.2.self_attn.out.weight is skipped since its requires_grad=False
2026/07/23 10:20:07 - mmengine - WARNING - backbone.wrapper.fusion.blocks.2.self_attn.out.bias is skipped since its requires_grad=False
2026/07/23 10:20:07 - mmengine - WARNING - backbone.wrapper.fusion.blocks.2.self_attn.norm.weight is skipped since its requires_grad=False
2026/07/23 10:20:07 - mmengine - WARNING - backbone.wrapper.fusion.blocks.2.self_attn.norm.bias is skipped since its requires_grad=False
2026/07/23 10:20:07 - mmengine - WARNING - backbone.wrapper.fusion.blocks.2.cross_attn.create_q.weight is skipped since its requires_grad=False
2026/07/23 10:20:07 - mmengine - WARNING - backbone.wrapper.fusion.blocks.2.cross_attn.create_k.weight is skipped since its requires_grad=False
2026/07/23 10:20:07 - mmengine - WARNING - backbone.wrapper.fusion.blocks.2.cross_attn.create_v.weight is skipped since its requires_grad=False
2026/07/23 10:20:07 - mmengine - WARNING - backbone.wrapper.fusion.blocks.2.cross_attn.to_out.weight is skipped since its requires_grad=False
2026/07/23 10:20:07 - mmengine - WARNING - backbone.wrapper.fusion.blocks.2.cross_attn.to_out.bias is skipped since its requires_grad=False
2026/07/23 10:20:07 - mmengine - WARNING - backbone.wrapper.fusion.blocks.2.cross_attn.norm_x.weight is skipped since its requires_grad=False
2026/07/23 10:20:07 - mmengine - WARNING - backbone.wrapper.fusion.blocks.2.cross_attn.norm_x.bias is skipped since its requires_grad=False
2026/07/23 10:20:07 - mmengine - WARNING - backbone.wrapper.fusion.blocks.2.cross_attn.norm_context.weight is skipped since its requires_grad=False
2026/07/23 10:20:07 - mmengine - WARNING - backbone.wrapper.fusion.blocks.2.cross_attn.norm_context.bias is skipped since its requires_grad=False
2026/07/23 10:20:07 - mmengine - WARNING - backbone.wrapper.fusion.blocks.2.ffn.net.0.weight is skipped since its requires_grad=False
2026/07/23 10:20:07 - mmengine - WARNING - backbone.wrapper.fusion.blocks.2.ffn.net.0.bias is skipped since its requires_grad=False
2026/07/23 10:20:07 - mmengine - WARNING - backbone.wrapper.fusion.blocks.2.ffn.net.3.weight is skipped since its requires_grad=False
2026/07/23 10:20:07 - mmengine - WARNING - backbone.wrapper.fusion.blocks.2.ffn.net.3.bias is skipped since its requires_grad=False
2026/07/23 10:20:07 - mmengine - WARNING - backbone.wrapper.fusion.blocks.2.ffn.input_norm.weight is skipped since its requires_grad=False
2026/07/23 10:20:07 - mmengine - WARNING - backbone.wrapper.fusion.blocks.2.ffn.input_norm.bias is skipped since its requires_grad=False
2026/07/23 10:20:07 - mmengine - WARNING - backbone.wrapper.fusion.norm_out.weight is skipped since its requires_grad=False
2026/07/23 10:20:07 - mmengine - WARNING - backbone.wrapper.fusion.norm_out.bias is skipped since its requires_grad=False
2026/07/23 10:20:07 - mmengine - WARNING - backbone.wrapper.embed_head.decoder.0.weight is skipped since its requires_grad=False
2026/07/23 10:20:07 - mmengine - WARNING - backbone.wrapper.embed_head.decoder.0.bias is skipped since its requires_grad=False
2026/07/23 10:20:07 - mmengine - WARNING - backbone.wrapper.embed_head.decoder.1.weight is skipped since its requires_grad=False
2026/07/23 10:20:07 - mmengine - WARNING - backbone.wrapper.embed_head.decoder.1.bias is skipped since its requires_grad=False
2026/07/23 10:20:07 - mmengine - INFO - paramwise_options -- backbone.adapter.level_embed:lr=5e-05
2026/07/23 10:20:07 - mmengine - INFO - paramwise_options -- backbone.adapter.level_embed:weight_decay=0.0
2026/07/23 10:20:07 - mmengine - INFO - paramwise_options -- backbone.adapter.level_embed:lr_mult=1.0
2026/07/23 10:20:07 - mmengine - INFO - paramwise_options -- backbone.adapter.level_embed:decay_mult=0.0
2026/07/23 10:20:07 - mmengine - WARNING - backbone.adapter.backbone.vit.cls_token is skipped since its requires_grad=False
2026/07/23 10:20:07 - mmengine - WARNING - backbone.adapter.backbone.vit.storage_tokens is skipped since its requires_grad=False
2026/07/23 10:20:07 - mmengine - WARNING - backbone.adapter.backbone.vit.mask_token is skipped since its requires_grad=False
2026/07/23 10:20:07 - mmengine - WARNING - backbone.adapter.backbone.vit.patch_embed.proj.weight is skipped since its requires_grad=False
2026/07/23 10:20:07 - mmengine - WARNING - backbone.adapter.backbone.vit.patch_embed.proj.bias is skipped since its requires_grad=False
2026/07/23 10:20:07 - mmengine - WARNING - backbone.adapter.backbone.vit.blocks.0.norm1.weight is skipped since its requires_grad=False
2026/07/23 10:20:07 - mmengine - WARNING - backbone.adapter.backbone.vit.blocks.0.norm1.bias is skipped since its requires_grad=False
2026/07/23 10:20:07 - mmengine - WARNING - backbone.adapter.backbone.vit.blocks.0.attn.qkv.weight is skipped since its requires_grad=False
2026/07/23 10:20:07 - mmengine - WARNING - backbone.adapter.backbone.vit.blocks.0.attn.qkv.bias is skipped since its requires_grad=False
2026/07/23 10:20:07 - mmengine - WARNING - backbone.adapter.backbone.vit.blocks.0.attn.proj.weight is skipped since its requires_grad=False
2026/07/23 10:20:07 - mmengine - WARNING - backbone.adapter.backbone.vit.blocks.0.attn.proj.bias is skipped since its requires_grad=False
2026/07/23 10:20:07 - mmengine - WARNING - backbone.adapter.backbone.vit.blocks.0.ls1.gamma is skipped since its requires_grad=False
2026/07/23 10:20:07 - mmengine - WARNING - backbone.adapter.backbone.vit.blocks.0.norm2.weight is skipped since its requires_grad=False
2026/07/23 10:20:07 - mmengine - WARNING - backbone.adapter.backbone.vit.blocks.0.norm2.bias is skipped since its requires_grad=False
2026/07/23 10:20:07 - mmengine - WARNING - backbone.adapter.backbone.vit.blocks.0.mlp.fc1.weight is skipped since its requires_grad=False
2026/07/23 10:20:07 - mmengine - WARNING - backbone.adapter.backbone.vit.blocks.0.mlp.fc1.bias is skipped since its requires_grad=False
2026/07/23 10:20:07 - mmengine - WARNING - backbone.adapter.backbone.vit.blocks.0.mlp.fc2.weight is skipped since its requires_grad=False
2026/07/23 10:20:07 - mmengine - WARNING - backbone.adapter.backbone.vit.blocks.0.mlp.fc2.bias is skipped since its requires_grad=False
2026/07/23 10:20:07 - mmengine - WARNING - backbone.adapter.backbone.vit.blocks.0.ls2.gamma is skipped since its requires_grad=False
2026/07/23 10:20:07 - mmengine - WARNING - backbone.adapter.backbone.vit.blocks.1.norm1.weight is skipped since its requires_grad=False
2026/07/23 10:20:07 - mmengine - WARNING - backbone.adapter.backbone.vit.blocks.1.norm1.bias is skipped since its requires_grad=False
2026/07/23 10:20:07 - mmengine - WARNING - backbone.adapter.backbone.vit.blocks.1.attn.qkv.weight is skipped since its requires_grad=False
2026/07/23 10:20:07 - mmengine - WARNING - backbone.adapter.backbone.vit.blocks.1.attn.qkv.bias is skipped since its requires_grad=False
2026/07/23 10:20:07 - mmengine - WARNING - backbone.adapter.backbone.vit.blocks.1.attn.proj.weight is skipped since its requires_grad=False
2026/07/23 10:20:07 - mmengine - WARNING - backbone.adapter.backbone.vit.blocks.1.attn.proj.bias is skipped since its requires_grad=False
2026/07/23 10:20:07 - mmengine - WARNING - backbone.adapter.backbone.vit.blocks.1.ls1.gamma is skipped since its requires_grad=False
2026/07/23 10:20:07 - mmengine - WARNING - backbone.adapter.backbone.vit.blocks.1.norm2.weight is skipped since its requires_grad=False
2026/07/23 10:20:07 - mmengine - WARNING - backbone.adapter.backbone.vit.blocks.1.norm2.bias is skipped since its requires_grad=False
2026/07/23 10:20:07 - mmengine - WARNING - backbone.adapter.backbone.vit.blocks.1.mlp.fc1.weight is skipped since its requires_grad=False
2026/07/23 10:20:07 - mmengine - WARNING - backbone.adapter.backbone.vit.blocks.1.mlp.fc1.bias is skipped since its requires_grad=False
2026/07/23 10:20:07 - mmengine - WARNING - backbone.adapter.backbone.vit.blocks.1.mlp.fc2.weight is skipped since its requires_grad=False
2026/07/23 10:20:07 - mmengine - WARNING - backbone.adapter.backbone.vit.blocks.1.mlp.fc2.bias is skipped since its requires_grad=False
2026/07/23 10:20:07 - mmengine - WARNING - backbone.adapter.backbone.vit.blocks.1.ls2.gamma is skipped since its requires_grad=False
2026/07/23 10:20:07 - mmengine - WARNING - backbone.adapter.backbone.vit.blocks.2.norm1.weight is skipped since its requires_grad=False
2026/07/23 10:20:07 - mmengine - WARNING - backbone.adapter.backbone.vit.blocks.2.norm1.bias is skipped since its requires_grad=False
2026/07/23 10:20:07 - mmengine - WARNING - backbone.adapter.backbone.vit.blocks.2.attn.qkv.weight is skipped since its requires_grad=False
2026/07/23 10:20:07 - mmengine - WARNING - backbone.adapter.backbone.vit.blocks.2.attn.qkv.bias is skipped since its requires_grad=False
2026/07/23 10:20:07 - mmengine - WARNING - backbone.adapter.backbone.vit.blocks.2.attn.proj.weight is skipped since its requires_grad=False
2026/07/23 10:20:07 - mmengine - WARNING - backbone.adapter.backbone.vit.blocks.2.attn.proj.bias is skipped since its requires_grad=False
2026/07/23 10:20:07 - mmengine - WARNING - backbone.adapter.backbone.vit.blocks.2.ls1.gamma is skipped since its requires_grad=False
2026/07/23 10:20:07 - mmengine - WARNING - backbone.adapter.backbone.vit.blocks.2.norm2.weight is skipped since its requires_grad=False
2026/07/23 10:20:07 - mmengine - WARNING - backbone.adapter.backbone.vit.blocks.2.norm2.bias is skipped since its requires_grad=False
2026/07/23 10:20:07 - mmengine - WARNING - backbone.adapter.backbone.vit.blocks.2.mlp.fc1.weight is skipped since its requires_grad=False
2026/07/23 10:20:07 - mmengine - WARNING - backbone.adapter.backbone.vit.blocks.2.mlp.fc1.bias is skipped since its requires_grad=False
2026/07/23 10:20:07 - mmengine - WARNING - backbone.adapter.backbone.vit.blocks.2.mlp.fc2.weight is skipped since its requires_grad=False
2026/07/23 10:20:07 - mmengine - WARNING - backbone.adapter.backbone.vit.blocks.2.mlp.fc2.bias is skipped since its requires_grad=False
2026/07/23 10:20:07 - mmengine - WARNING - backbone.adapter.backbone.vit.blocks.2.ls2.gamma is skipped since its requires_grad=False
2026/07/23 10:20:07 - mmengine - WARNING - backbone.adapter.backbone.vit.blocks.3.norm1.weight is skipped since its requires_grad=False
2026/07/23 10:20:07 - mmengine - WARNING - backbone.adapter.backbone.vit.blocks.3.norm1.bias is skipped since its requires_grad=False
2026/07/23 10:20:07 - mmengine - WARNING - backbone.adapter.backbone.vit.blocks.3.attn.qkv.weight is skipped since its requires_grad=False
2026/07/23 10:20:07 - mmengine - WARNING - backbone.adapter.backbone.vit.blocks.3.attn.qkv.bias is skipped since its requires_grad=False
2026/07/23 10:20:07 - mmengine - WARNING - backbone.adapter.backbone.vit.blocks.3.attn.proj.weight is skipped since its requires_grad=False
2026/07/23 10:20:07 - mmengine - WARNING - backbone.adapter.backbone.vit.blocks.3.attn.proj.bias is skipped since its requires_grad=False
2026/07/23 10:20:07 - mmengine - WARNING - backbone.adapter.backbone.vit.blocks.3.ls1.gamma is skipped since its requires_grad=False
2026/07/23 10:20:07 - mmengine - WARNING - backbone.adapter.backbone.vit.blocks.3.norm2.weight is skipped since its requires_grad=False
2026/07/23 10:20:07 - mmengine - WARNING - backbone.adapter.backbone.vit.blocks.3.norm2.bias is skipped since its requires_grad=False
2026/07/23 10:20:07 - mmengine - WARNING - backbone.adapter.backbone.vit.blocks.3.mlp.fc1.weight is skipped since its requires_grad=False
2026/07/23 10:20:07 - mmengine - WARNING - backbone.adapter.backbone.vit.blocks.3.mlp.fc1.bias is skipped since its requires_grad=False
2026/07/23 10:20:07 - mmengine - WARNING - backbone.adapter.backbone.vit.blocks.3.mlp.fc2.weight is skipped since its requires_grad=False
2026/07/23 10:20:07 - mmengine - WARNING - backbone.adapter.backbone.vit.blocks.3.mlp.fc2.bias is skipped since its requires_grad=False
2026/07/23 10:20:07 - mmengine - WARNING - backbone.adapter.backbone.vit.blocks.3.ls2.gamma is skipped since its requires_grad=False
2026/07/23 10:20:07 - mmengine - WARNING - backbone.adapter.backbone.vit.blocks.4.norm1.weight is skipped since its requires_grad=False
2026/07/23 10:20:07 - mmengine - WARNING - backbone.adapter.backbone.vit.blocks.4.norm1.bias is skipped since its requires_grad=False
2026/07/23 10:20:07 - mmengine - WARNING - backbone.adapter.backbone.vit.blocks.4.attn.qkv.weight is skipped since its requires_grad=False
2026/07/23 10:20:07 - mmengine - WARNING - backbone.adapter.backbone.vit.blocks.4.attn.qkv.bias is skipped since its requires_grad=False
2026/07/23 10:20:07 - mmengine - WARNING - backbone.adapter.backbone.vit.blocks.4.attn.proj.weight is skipped since its requires_grad=False
2026/07/23 10:20:07 - mmengine - WARNING - backbone.adapter.backbone.vit.blocks.4.attn.proj.bias is skipped since its requires_grad=False
2026/07/23 10:20:07 - mmengine - WARNING - backbone.adapter.backbone.vit.blocks.4.ls1.gamma is skipped since its requires_grad=False
2026/07/23 10:20:07 - mmengine - WARNING - backbone.adapter.backbone.vit.blocks.4.norm2.weight is skipped since its requires_grad=False
2026/07/23 10:20:07 - mmengine - WARNING - backbone.adapter.backbone.vit.blocks.4.norm2.bias is skipped since its requires_grad=False
2026/07/23 10:20:07 - mmengine - WARNING - backbone.adapter.backbone.vit.blocks.4.mlp.fc1.weight is skipped since its requires_grad=False
2026/07/23 10:20:07 - mmengine - WARNING - backbone.adapter.backbone.vit.blocks.4.mlp.fc1.bias is skipped since its requires_grad=False
2026/07/23 10:20:07 - mmengine - WARNING - backbone.adapter.backbone.vit.blocks.4.mlp.fc2.weight is skipped since its requires_grad=False
2026/07/23 10:20:07 - mmengine - WARNING - backbone.adapter.backbone.vit.blocks.4.mlp.fc2.bias is skipped since its requires_grad=False
2026/07/23 10:20:07 - mmengine - WARNING - backbone.adapter.backbone.vit.blocks.4.ls2.gamma is skipped since its requires_grad=False
2026/07/23 10:20:07 - mmengine - WARNING - backbone.adapter.backbone.vit.blocks.5.norm1.weight is skipped since its requires_grad=False
2026/07/23 10:20:07 - mmengine - WARNING - backbone.adapter.backbone.vit.blocks.5.norm1.bias is skipped since its requires_grad=False
2026/07/23 10:20:07 - mmengine - WARNING - backbone.adapter.backbone.vit.blocks.5.attn.qkv.weight is skipped since its requires_grad=False
2026/07/23 10:20:07 - mmengine - WARNING - backbone.adapter.backbone.vit.blocks.5.attn.qkv.bias is skipped since its requires_grad=False
2026/07/23 10:20:07 - mmengine - WARNING - backbone.adapter.backbone.vit.blocks.5.attn.proj.weight is skipped since its requires_grad=False
2026/07/23 10:20:07 - mmengine - WARNING - backbone.adapter.backbone.vit.blocks.5.attn.proj.bias is skipped since its requires_grad=False
2026/07/23 10:20:07 - mmengine - WARNING - backbone.adapter.backbone.vit.blocks.5.ls1.gamma is skipped since its requires_grad=False
2026/07/23 10:20:07 - mmengine - WARNING - backbone.adapter.backbone.vit.blocks.5.norm2.weight is skipped since its requires_grad=False
2026/07/23 10:20:07 - mmengine - WARNING - backbone.adapter.backbone.vit.blocks.5.norm2.bias is skipped since its requires_grad=False
2026/07/23 10:20:07 - mmengine - WARNING - backbone.adapter.backbone.vit.blocks.5.mlp.fc1.weight is skipped since its requires_grad=False
2026/07/23 10:20:07 - mmengine - WARNING - backbone.adapter.backbone.vit.blocks.5.mlp.fc1.bias is skipped since its requires_grad=False
2026/07/23 10:20:07 - mmengine - WARNING - backbone.adapter.backbone.vit.blocks.5.mlp.fc2.weight is skipped since its requires_grad=False
2026/07/23 10:20:07 - mmengine - WARNING - backbone.adapter.backbone.vit.blocks.5.mlp.fc2.bias is skipped since its requires_grad=False
2026/07/23 10:20:07 - mmengine - WARNING - backbone.adapter.backbone.vit.blocks.5.ls2.gamma is skipped since its requires_grad=False
2026/07/23 10:20:07 - mmengine - WARNING - backbone.adapter.backbone.vit.blocks.6.norm1.weight is skipped since its requires_grad=False
2026/07/23 10:20:07 - mmengine - WARNING - backbone.adapter.backbone.vit.blocks.6.norm1.bias is skipped since its requires_grad=False
2026/07/23 10:20:07 - mmengine - WARNING - backbone.adapter.backbone.vit.blocks.6.attn.qkv.weight is skipped since its requires_grad=False
2026/07/23 10:20:07 - mmengine - WARNING - backbone.adapter.backbone.vit.blocks.6.attn.qkv.bias is skipped since its requires_grad=False
2026/07/23 10:20:07 - mmengine - WARNING - backbone.adapter.backbone.vit.blocks.6.attn.proj.weight is skipped since its requires_grad=False
2026/07/23 10:20:07 - mmengine - WARNING - backbone.adapter.backbone.vit.blocks.6.attn.proj.bias is skipped since its requires_grad=False
2026/07/23 10:20:07 - mmengine - WARNING - backbone.adapter.backbone.vit.blocks.6.ls1.gamma is skipped since its requires_grad=False
2026/07/23 10:20:07 - mmengine - WARNING - backbone.adapter.backbone.vit.blocks.6.norm2.weight is skipped since its requires_grad=False
2026/07/23 10:20:07 - mmengine - WARNING - backbone.adapter.backbone.vit.blocks.6.norm2.bias is skipped since its requires_grad=False
2026/07/23 10:20:07 - mmengine - WARNING - backbone.adapter.backbone.vit.blocks.6.mlp.fc1.weight is skipped since its requires_grad=False
2026/07/23 10:20:07 - mmengine - WARNING - backbone.adapter.backbone.vit.blocks.6.mlp.fc1.bias is skipped since its requires_grad=False
2026/07/23 10:20:07 - mmengine - WARNING - backbone.adapter.backbone.vit.blocks.6.mlp.fc2.weight is skipped since its requires_grad=False
2026/07/23 10:20:07 - mmengine - WARNING - backbone.adapter.backbone.vit.blocks.6.mlp.fc2.bias is skipped since its requires_grad=False
2026/07/23 10:20:07 - mmengine - WARNING - backbone.adapter.backbone.vit.blocks.6.ls2.gamma is skipped since its requires_grad=False
2026/07/23 10:20:07 - mmengine - WARNING - backbone.adapter.backbone.vit.blocks.7.norm1.weight is skipped since its requires_grad=False
2026/07/23 10:20:07 - mmengine - WARNING - backbone.adapter.backbone.vit.blocks.7.norm1.bias is skipped since its requires_grad=False
2026/07/23 10:20:07 - mmengine - WARNING - backbone.adapter.backbone.vit.blocks.7.attn.qkv.weight is skipped since its requires_grad=False
2026/07/23 10:20:07 - mmengine - WARNING - backbone.adapter.backbone.vit.blocks.7.attn.qkv.bias is skipped since its requires_grad=False
2026/07/23 10:20:07 - mmengine - WARNING - backbone.adapter.backbone.vit.blocks.7.attn.proj.weight is skipped since its requires_grad=False
2026/07/23 10:20:07 - mmengine - WARNING - backbone.adapter.backbone.vit.blocks.7.attn.proj.bias is skipped since its requires_grad=False
2026/07/23 10:20:07 - mmengine - WARNING - backbone.adapter.backbone.vit.blocks.7.ls1.gamma is skipped since its requires_grad=False
2026/07/23 10:20:07 - mmengine - WARNING - backbone.adapter.backbone.vit.blocks.7.norm2.weight is skipped since its requires_grad=False
2026/07/23 10:20:07 - mmengine - WARNING - backbone.adapter.backbone.vit.blocks.7.norm2.bias is skipped since its requires_grad=False
2026/07/23 10:20:07 - mmengine - WARNING - backbone.adapter.backbone.vit.blocks.7.mlp.fc1.weight is skipped since its requires_grad=False
2026/07/23 10:20:07 - mmengine - WARNING - backbone.adapter.backbone.vit.blocks.7.mlp.fc1.bias is skipped since its requires_grad=False
2026/07/23 10:20:07 - mmengine - WARNING - backbone.adapter.backbone.vit.blocks.7.mlp.fc2.weight is skipped since its requires_grad=False
2026/07/23 10:20:07 - mmengine - WARNING - backbone.adapter.backbone.vit.blocks.7.mlp.fc2.bias is skipped since its requires_grad=False
2026/07/23 10:20:07 - mmengine - WARNING - backbone.adapter.backbone.vit.blocks.7.ls2.gamma is skipped since its requires_grad=False
2026/07/23 10:20:07 - mmengine - WARNING - backbone.adapter.backbone.vit.blocks.8.norm1.weight is skipped since its requires_grad=False
2026/07/23 10:20:07 - mmengine - WARNING - backbone.adapter.backbone.vit.blocks.8.norm1.bias is skipped since its requires_grad=False
2026/07/23 10:20:07 - mmengine - WARNING - backbone.adapter.backbone.vit.blocks.8.attn.qkv.weight is skipped since its requires_grad=False
2026/07/23 10:20:07 - mmengine - WARNING - backbone.adapter.backbone.vit.blocks.8.attn.qkv.bias is skipped since its requires_grad=False
2026/07/23 10:20:07 - mmengine - WARNING - backbone.adapter.backbone.vit.blocks.8.attn.proj.weight is skipped since its requires_grad=False
2026/07/23 10:20:07 - mmengine - WARNING - backbone.adapter.backbone.vit.blocks.8.attn.proj.bias is skipped since its requires_grad=False
2026/07/23 10:20:07 - mmengine - WARNING - backbone.adapter.backbone.vit.blocks.8.ls1.gamma is skipped since its requires_grad=False
2026/07/23 10:20:07 - mmengine - WARNING - backbone.adapter.backbone.vit.blocks.8.norm2.weight is skipped since its requires_grad=False
2026/07/23 10:20:07 - mmengine - WARNING - backbone.adapter.backbone.vit.blocks.8.norm2.bias is skipped since its requires_grad=False
2026/07/23 10:20:07 - mmengine - WARNING - backbone.adapter.backbone.vit.blocks.8.mlp.fc1.weight is skipped since its requires_grad=False
2026/07/23 10:20:07 - mmengine - WARNING - backbone.adapter.backbone.vit.blocks.8.mlp.fc1.bias is skipped since its requires_grad=False
2026/07/23 10:20:07 - mmengine - WARNING - backbone.adapter.backbone.vit.blocks.8.mlp.fc2.weight is skipped since its requires_grad=False
2026/07/23 10:20:07 - mmengine - WARNING - backbone.adapter.backbone.vit.blocks.8.mlp.fc2.bias is skipped since its requires_grad=False
2026/07/23 10:20:07 - mmengine - WARNING - backbone.adapter.backbone.vit.blocks.8.ls2.gamma is skipped since its requires_grad=False
2026/07/23 10:20:07 - mmengine - WARNING - backbone.adapter.backbone.vit.blocks.9.norm1.weight is skipped since its requires_grad=False
2026/07/23 10:20:07 - mmengine - WARNING - backbone.adapter.backbone.vit.blocks.9.norm1.bias is skipped since its requires_grad=False
2026/07/23 10:20:07 - mmengine - WARNING - backbone.adapter.backbone.vit.blocks.9.attn.qkv.weight is skipped since its requires_grad=False
2026/07/23 10:20:07 - mmengine - WARNING - backbone.adapter.backbone.vit.blocks.9.attn.qkv.bias is skipped since its requires_grad=False
2026/07/23 10:20:07 - mmengine - WARNING - backbone.adapter.backbone.vit.blocks.9.attn.proj.weight is skipped since its requires_grad=False
2026/07/23 10:20:07 - mmengine - WARNING - backbone.adapter.backbone.vit.blocks.9.attn.proj.bias is skipped since its requires_grad=False
2026/07/23 10:20:07 - mmengine - WARNING - backbone.adapter.backbone.vit.blocks.9.ls1.gamma is skipped since its requires_grad=False
2026/07/23 10:20:07 - mmengine - WARNING - backbone.adapter.backbone.vit.blocks.9.norm2.weight is skipped since its requires_grad=False
2026/07/23 10:20:07 - mmengine - WARNING - backbone.adapter.backbone.vit.blocks.9.norm2.bias is skipped since its requires_grad=False
2026/07/23 10:20:07 - mmengine - WARNING - backbone.adapter.backbone.vit.blocks.9.mlp.fc1.weight is skipped since its requires_grad=False
2026/07/23 10:20:07 - mmengine - WARNING - backbone.adapter.backbone.vit.blocks.9.mlp.fc1.bias is skipped since its requires_grad=False
2026/07/23 10:20:07 - mmengine - WARNING - backbone.adapter.backbone.vit.blocks.9.mlp.fc2.weight is skipped since its requires_grad=False
2026/07/23 10:20:07 - mmengine - WARNING - backbone.adapter.backbone.vit.blocks.9.mlp.fc2.bias is skipped since its requires_grad=False
2026/07/23 10:20:07 - mmengine - WARNING - backbone.adapter.backbone.vit.blocks.9.ls2.gamma is skipped since its requires_grad=False
2026/07/23 10:20:07 - mmengine - WARNING - backbone.adapter.backbone.vit.blocks.10.norm1.weight is skipped since its requires_grad=False
2026/07/23 10:20:07 - mmengine - WARNING - backbone.adapter.backbone.vit.blocks.10.norm1.bias is skipped since its requires_grad=False
2026/07/23 10:20:07 - mmengine - WARNING - backbone.adapter.backbone.vit.blocks.10.attn.qkv.weight is skipped since its requires_grad=False
2026/07/23 10:20:07 - mmengine - WARNING - backbone.adapter.backbone.vit.blocks.10.attn.qkv.bias is skipped since its requires_grad=False
2026/07/23 10:20:07 - mmengine - WARNING - backbone.adapter.backbone.vit.blocks.10.attn.proj.weight is skipped since its requires_grad=False
2026/07/23 10:20:07 - mmengine - WARNING - backbone.adapter.backbone.vit.blocks.10.attn.proj.bias is skipped since its requires_grad=False
2026/07/23 10:20:07 - mmengine - WARNING - backbone.adapter.backbone.vit.blocks.10.ls1.gamma is skipped since its requires_grad=False
2026/07/23 10:20:07 - mmengine - WARNING - backbone.adapter.backbone.vit.blocks.10.norm2.weight is skipped since its requires_grad=False
2026/07/23 10:20:07 - mmengine - WARNING - backbone.adapter.backbone.vit.blocks.10.norm2.bias is skipped since its requires_grad=False
2026/07/23 10:20:07 - mmengine - WARNING - backbone.adapter.backbone.vit.blocks.10.mlp.fc1.weight is skipped since its requires_grad=False
2026/07/23 10:20:07 - mmengine - WARNING - backbone.adapter.backbone.vit.blocks.10.mlp.fc1.bias is skipped since its requires_grad=False
2026/07/23 10:20:07 - mmengine - WARNING - backbone.adapter.backbone.vit.blocks.10.mlp.fc2.weight is skipped since its requires_grad=False
2026/07/23 10:20:07 - mmengine - WARNING - backbone.adapter.backbone.vit.blocks.10.mlp.fc2.bias is skipped since its requires_grad=False
2026/07/23 10:20:07 - mmengine - WARNING - backbone.adapter.backbone.vit.blocks.10.ls2.gamma is skipped since its requires_grad=False
2026/07/23 10:20:07 - mmengine - WARNING - backbone.adapter.backbone.vit.blocks.11.norm1.weight is skipped since its requires_grad=False
2026/07/23 10:20:07 - mmengine - WARNING - backbone.adapter.backbone.vit.blocks.11.norm1.bias is skipped since its requires_grad=False
2026/07/23 10:20:07 - mmengine - WARNING - backbone.adapter.backbone.vit.blocks.11.attn.qkv.weight is skipped since its requires_grad=False
2026/07/23 10:20:07 - mmengine - WARNING - backbone.adapter.backbone.vit.blocks.11.attn.qkv.bias is skipped since its requires_grad=False
2026/07/23 10:20:07 - mmengine - WARNING - backbone.adapter.backbone.vit.blocks.11.attn.proj.weight is skipped since its requires_grad=False
2026/07/23 10:20:07 - mmengine - WARNING - backbone.adapter.backbone.vit.blocks.11.attn.proj.bias is skipped since its requires_grad=False
2026/07/23 10:20:07 - mmengine - WARNING - backbone.adapter.backbone.vit.blocks.11.ls1.gamma is skipped since its requires_grad=False
2026/07/23 10:20:07 - mmengine - WARNING - backbone.adapter.backbone.vit.blocks.11.norm2.weight is skipped since its requires_grad=False
2026/07/23 10:20:07 - mmengine - WARNING - backbone.adapter.backbone.vit.blocks.11.norm2.bias is skipped since its requires_grad=False
2026/07/23 10:20:07 - mmengine - WARNING - backbone.adapter.backbone.vit.blocks.11.mlp.fc1.weight is skipped since its requires_grad=False
2026/07/23 10:20:07 - mmengine - WARNING - backbone.adapter.backbone.vit.blocks.11.mlp.fc1.bias is skipped since its requires_grad=False
2026/07/23 10:20:07 - mmengine - WARNING - backbone.adapter.backbone.vit.blocks.11.mlp.fc2.weight is skipped since its requires_grad=False
2026/07/23 10:20:07 - mmengine - WARNING - backbone.adapter.backbone.vit.blocks.11.mlp.fc2.bias is skipped since its requires_grad=False
2026/07/23 10:20:07 - mmengine - WARNING - backbone.adapter.backbone.vit.blocks.11.ls2.gamma is skipped since its requires_grad=False
2026/07/23 10:20:07 - mmengine - WARNING - backbone.adapter.backbone.vit.blocks.12.norm1.weight is skipped since its requires_grad=False
2026/07/23 10:20:07 - mmengine - WARNING - backbone.adapter.backbone.vit.blocks.12.norm1.bias is skipped since its requires_grad=False
2026/07/23 10:20:07 - mmengine - WARNING - backbone.adapter.backbone.vit.blocks.12.attn.qkv.weight is skipped since its requires_grad=False
2026/07/23 10:20:07 - mmengine - WARNING - backbone.adapter.backbone.vit.blocks.12.attn.qkv.bias is skipped since its requires_grad=False
2026/07/23 10:20:07 - mmengine - WARNING - backbone.adapter.backbone.vit.blocks.12.attn.proj.weight is skipped since its requires_grad=False
2026/07/23 10:20:07 - mmengine - WARNING - backbone.adapter.backbone.vit.blocks.12.attn.proj.bias is skipped since its requires_grad=False
2026/07/23 10:20:07 - mmengine - WARNING - backbone.adapter.backbone.vit.blocks.12.ls1.gamma is skipped since its requires_grad=False
2026/07/23 10:20:07 - mmengine - WARNING - backbone.adapter.backbone.vit.blocks.12.norm2.weight is skipped since its requires_grad=False
2026/07/23 10:20:07 - mmengine - WARNING - backbone.adapter.backbone.vit.blocks.12.norm2.bias is skipped since its requires_grad=False
2026/07/23 10:20:07 - mmengine - WARNING - backbone.adapter.backbone.vit.blocks.12.mlp.fc1.weight is skipped since its requires_grad=False
2026/07/23 10:20:07 - mmengine - WARNING - backbone.adapter.backbone.vit.blocks.12.mlp.fc1.bias is skipped since its requires_grad=False
2026/07/23 10:20:07 - mmengine - WARNING - backbone.adapter.backbone.vit.blocks.12.mlp.fc2.weight is skipped since its requires_grad=False
2026/07/23 10:20:07 - mmengine - WARNING - backbone.adapter.backbone.vit.blocks.12.mlp.fc2.bias is skipped since its requires_grad=False
2026/07/23 10:20:07 - mmengine - WARNING - backbone.adapter.backbone.vit.blocks.12.ls2.gamma is skipped since its requires_grad=False
2026/07/23 10:20:07 - mmengine - WARNING - backbone.adapter.backbone.vit.blocks.13.norm1.weight is skipped since its requires_grad=False
2026/07/23 10:20:07 - mmengine - WARNING - backbone.adapter.backbone.vit.blocks.13.norm1.bias is skipped since its requires_grad=False
2026/07/23 10:20:07 - mmengine - WARNING - backbone.adapter.backbone.vit.blocks.13.attn.qkv.weight is skipped since its requires_grad=False
2026/07/23 10:20:07 - mmengine - WARNING - backbone.adapter.backbone.vit.blocks.13.attn.qkv.bias is skipped since its requires_grad=False
2026/07/23 10:20:07 - mmengine - WARNING - backbone.adapter.backbone.vit.blocks.13.attn.proj.weight is skipped since its requires_grad=False
2026/07/23 10:20:07 - mmengine - WARNING - backbone.adapter.backbone.vit.blocks.13.attn.proj.bias is skipped since its requires_grad=False
2026/07/23 10:20:07 - mmengine - WARNING - backbone.adapter.backbone.vit.blocks.13.ls1.gamma is skipped since its requires_grad=False
2026/07/23 10:20:07 - mmengine - WARNING - backbone.adapter.backbone.vit.blocks.13.norm2.weight is skipped since its requires_grad=False
2026/07/23 10:20:07 - mmengine - WARNING - backbone.adapter.backbone.vit.blocks.13.norm2.bias is skipped since its requires_grad=False
2026/07/23 10:20:07 - mmengine - WARNING - backbone.adapter.backbone.vit.blocks.13.mlp.fc1.weight is skipped since its requires_grad=False
2026/07/23 10:20:07 - mmengine - WARNING - backbone.adapter.backbone.vit.blocks.13.mlp.fc1.bias is skipped since its requires_grad=False
2026/07/23 10:20:07 - mmengine - WARNING - backbone.adapter.backbone.vit.blocks.13.mlp.fc2.weight is skipped since its requires_grad=False
2026/07/23 10:20:07 - mmengine - WARNING - backbone.adapter.backbone.vit.blocks.13.mlp.fc2.bias is skipped since its requires_grad=False
2026/07/23 10:20:07 - mmengine - WARNING - backbone.adapter.backbone.vit.blocks.13.ls2.gamma is skipped since its requires_grad=False
2026/07/23 10:20:07 - mmengine - WARNING - backbone.adapter.backbone.vit.blocks.14.norm1.weight is skipped since its requires_grad=False
2026/07/23 10:20:07 - mmengine - WARNING - backbone.adapter.backbone.vit.blocks.14.norm1.bias is skipped since its requires_grad=False
2026/07/23 10:20:07 - mmengine - WARNING - backbone.adapter.backbone.vit.blocks.14.attn.qkv.weight is skipped since its requires_grad=False
2026/07/23 10:20:07 - mmengine - WARNING - backbone.adapter.backbone.vit.blocks.14.attn.qkv.bias is skipped since its requires_grad=False
2026/07/23 10:20:07 - mmengine - WARNING - backbone.adapter.backbone.vit.blocks.14.attn.proj.weight is skipped since its requires_grad=False
2026/07/23 10:20:07 - mmengine - WARNING - backbone.adapter.backbone.vit.blocks.14.attn.proj.bias is skipped since its requires_grad=False
2026/07/23 10:20:07 - mmengine - WARNING - backbone.adapter.backbone.vit.blocks.14.ls1.gamma is skipped since its requires_grad=False
2026/07/23 10:20:07 - mmengine - WARNING - backbone.adapter.backbone.vit.blocks.14.norm2.weight is skipped since its requires_grad=False
2026/07/23 10:20:07 - mmengine - WARNING - backbone.adapter.backbone.vit.blocks.14.norm2.bias is skipped since its requires_grad=False
2026/07/23 10:20:07 - mmengine - WARNING - backbone.adapter.backbone.vit.blocks.14.mlp.fc1.weight is skipped since its requires_grad=False
2026/07/23 10:20:07 - mmengine - WARNING - backbone.adapter.backbone.vit.blocks.14.mlp.fc1.bias is skipped since its requires_grad=False
2026/07/23 10:20:07 - mmengine - WARNING - backbone.adapter.backbone.vit.blocks.14.mlp.fc2.weight is skipped since its requires_grad=False
2026/07/23 10:20:07 - mmengine - WARNING - backbone.adapter.backbone.vit.blocks.14.mlp.fc2.bias is skipped since its requires_grad=False
2026/07/23 10:20:07 - mmengine - WARNING - backbone.adapter.backbone.vit.blocks.14.ls2.gamma is skipped since its requires_grad=False
2026/07/23 10:20:07 - mmengine - WARNING - backbone.adapter.backbone.vit.blocks.15.norm1.weight is skipped since its requires_grad=False
2026/07/23 10:20:07 - mmengine - WARNING - backbone.adapter.backbone.vit.blocks.15.norm1.bias is skipped since its requires_grad=False
2026/07/23 10:20:07 - mmengine - WARNING - backbone.adapter.backbone.vit.blocks.15.attn.qkv.weight is skipped since its requires_grad=False
2026/07/23 10:20:07 - mmengine - WARNING - backbone.adapter.backbone.vit.blocks.15.attn.qkv.bias is skipped since its requires_grad=False
2026/07/23 10:20:07 - mmengine - WARNING - backbone.adapter.backbone.vit.blocks.15.attn.proj.weight is skipped since its requires_grad=False
2026/07/23 10:20:07 - mmengine - WARNING - backbone.adapter.backbone.vit.blocks.15.attn.proj.bias is skipped since its requires_grad=False
2026/07/23 10:20:07 - mmengine - WARNING - backbone.adapter.backbone.vit.blocks.15.ls1.gamma is skipped since its requires_grad=False
2026/07/23 10:20:07 - mmengine - WARNING - backbone.adapter.backbone.vit.blocks.15.norm2.weight is skipped since its requires_grad=False
2026/07/23 10:20:07 - mmengine - WARNING - backbone.adapter.backbone.vit.blocks.15.norm2.bias is skipped since its requires_grad=False
2026/07/23 10:20:07 - mmengine - WARNING - backbone.adapter.backbone.vit.blocks.15.mlp.fc1.weight is skipped since its requires_grad=False
2026/07/23 10:20:07 - mmengine - WARNING - backbone.adapter.backbone.vit.blocks.15.mlp.fc1.bias is skipped since its requires_grad=False
2026/07/23 10:20:07 - mmengine - WARNING - backbone.adapter.backbone.vit.blocks.15.mlp.fc2.weight is skipped since its requires_grad=False
2026/07/23 10:20:07 - mmengine - WARNING - backbone.adapter.backbone.vit.blocks.15.mlp.fc2.bias is skipped since its requires_grad=False
2026/07/23 10:20:07 - mmengine - WARNING - backbone.adapter.backbone.vit.blocks.15.ls2.gamma is skipped since its requires_grad=False
2026/07/23 10:20:07 - mmengine - WARNING - backbone.adapter.backbone.vit.blocks.16.norm1.weight is skipped since its requires_grad=False
2026/07/23 10:20:07 - mmengine - WARNING - backbone.adapter.backbone.vit.blocks.16.norm1.bias is skipped since its requires_grad=False
2026/07/23 10:20:07 - mmengine - WARNING - backbone.adapter.backbone.vit.blocks.16.attn.qkv.weight is skipped since its requires_grad=False
2026/07/23 10:20:07 - mmengine - WARNING - backbone.adapter.backbone.vit.blocks.16.attn.qkv.bias is skipped since its requires_grad=False
2026/07/23 10:20:07 - mmengine - WARNING - backbone.adapter.backbone.vit.blocks.16.attn.proj.weight is skipped since its requires_grad=False
2026/07/23 10:20:07 - mmengine - WARNING - backbone.adapter.backbone.vit.blocks.16.attn.proj.bias is skipped since its requires_grad=False
2026/07/23 10:20:07 - mmengine - WARNING - backbone.adapter.backbone.vit.blocks.16.ls1.gamma is skipped since its requires_grad=False
2026/07/23 10:20:07 - mmengine - WARNING - backbone.adapter.backbone.vit.blocks.16.norm2.weight is skipped since its requires_grad=False
2026/07/23 10:20:07 - mmengine - WARNING - backbone.adapter.backbone.vit.blocks.16.norm2.bias is skipped since its requires_grad=False
2026/07/23 10:20:07 - mmengine - WARNING - backbone.adapter.backbone.vit.blocks.16.mlp.fc1.weight is skipped since its requires_grad=False
2026/07/23 10:20:07 - mmengine - WARNING - backbone.adapter.backbone.vit.blocks.16.mlp.fc1.bias is skipped since its requires_grad=False
2026/07/23 10:20:07 - mmengine - WARNING - backbone.adapter.backbone.vit.blocks.16.mlp.fc2.weight is skipped since its requires_grad=False
2026/07/23 10:20:07 - mmengine - WARNING - backbone.adapter.backbone.vit.blocks.16.mlp.fc2.bias is skipped since its requires_grad=False
2026/07/23 10:20:07 - mmengine - WARNING - backbone.adapter.backbone.vit.blocks.16.ls2.gamma is skipped since its requires_grad=False
2026/07/23 10:20:07 - mmengine - WARNING - backbone.adapter.backbone.vit.blocks.17.norm1.weight is skipped since its requires_grad=False
2026/07/23 10:20:07 - mmengine - WARNING - backbone.adapter.backbone.vit.blocks.17.norm1.bias is skipped since its requires_grad=False
2026/07/23 10:20:07 - mmengine - WARNING - backbone.adapter.backbone.vit.blocks.17.attn.qkv.weight is skipped since its requires_grad=False
2026/07/23 10:20:07 - mmengine - WARNING - backbone.adapter.backbone.vit.blocks.17.attn.qkv.bias is skipped since its requires_grad=False
2026/07/23 10:20:07 - mmengine - WARNING - backbone.adapter.backbone.vit.blocks.17.attn.proj.weight is skipped since its requires_grad=False
2026/07/23 10:20:07 - mmengine - WARNING - backbone.adapter.backbone.vit.blocks.17.attn.proj.bias is skipped since its requires_grad=False
2026/07/23 10:20:07 - mmengine - WARNING - backbone.adapter.backbone.vit.blocks.17.ls1.gamma is skipped since its requires_grad=False
2026/07/23 10:20:07 - mmengine - WARNING - backbone.adapter.backbone.vit.blocks.17.norm2.weight is skipped since its requires_grad=False
2026/07/23 10:20:07 - mmengine - WARNING - backbone.adapter.backbone.vit.blocks.17.norm2.bias is skipped since its requires_grad=False
2026/07/23 10:20:07 - mmengine - WARNING - backbone.adapter.backbone.vit.blocks.17.mlp.fc1.weight is skipped since its requires_grad=False
2026/07/23 10:20:07 - mmengine - WARNING - backbone.adapter.backbone.vit.blocks.17.mlp.fc1.bias is skipped since its requires_grad=False
2026/07/23 10:20:07 - mmengine - WARNING - backbone.adapter.backbone.vit.blocks.17.mlp.fc2.weight is skipped since its requires_grad=False
2026/07/23 10:20:07 - mmengine - WARNING - backbone.adapter.backbone.vit.blocks.17.mlp.fc2.bias is skipped since its requires_grad=False
2026/07/23 10:20:07 - mmengine - WARNING - backbone.adapter.backbone.vit.blocks.17.ls2.gamma is skipped since its requires_grad=False
2026/07/23 10:20:07 - mmengine - WARNING - backbone.adapter.backbone.vit.blocks.18.norm1.weight is skipped since its requires_grad=False
2026/07/23 10:20:07 - mmengine - WARNING - backbone.adapter.backbone.vit.blocks.18.norm1.bias is skipped since its requires_grad=False
2026/07/23 10:20:07 - mmengine - WARNING - backbone.adapter.backbone.vit.blocks.18.attn.qkv.weight is skipped since its requires_grad=False
2026/07/23 10:20:07 - mmengine - WARNING - backbone.adapter.backbone.vit.blocks.18.attn.qkv.bias is skipped since its requires_grad=False
2026/07/23 10:20:07 - mmengine - WARNING - backbone.adapter.backbone.vit.blocks.18.attn.proj.weight is skipped since its requires_grad=False
2026/07/23 10:20:07 - mmengine - WARNING - backbone.adapter.backbone.vit.blocks.18.attn.proj.bias is skipped since its requires_grad=False
2026/07/23 10:20:07 - mmengine - WARNING - backbone.adapter.backbone.vit.blocks.18.ls1.gamma is skipped since its requires_grad=False
2026/07/23 10:20:07 - mmengine - WARNING - backbone.adapter.backbone.vit.blocks.18.norm2.weight is skipped since its requires_grad=False
2026/07/23 10:20:07 - mmengine - WARNING - backbone.adapter.backbone.vit.blocks.18.norm2.bias is skipped since its requires_grad=False
2026/07/23 10:20:07 - mmengine - WARNING - backbone.adapter.backbone.vit.blocks.18.mlp.fc1.weight is skipped since its requires_grad=False
2026/07/23 10:20:07 - mmengine - WARNING - backbone.adapter.backbone.vit.blocks.18.mlp.fc1.bias is skipped since its requires_grad=False
2026/07/23 10:20:07 - mmengine - WARNING - backbone.adapter.backbone.vit.blocks.18.mlp.fc2.weight is skipped since its requires_grad=False
2026/07/23 10:20:07 - mmengine - WARNING - backbone.adapter.backbone.vit.blocks.18.mlp.fc2.bias is skipped since its requires_grad=False
2026/07/23 10:20:07 - mmengine - WARNING - backbone.adapter.backbone.vit.blocks.18.ls2.gamma is skipped since its requires_grad=False
2026/07/23 10:20:07 - mmengine - WARNING - backbone.adapter.backbone.vit.blocks.19.norm1.weight is skipped since its requires_grad=False
2026/07/23 10:20:07 - mmengine - WARNING - backbone.adapter.backbone.vit.blocks.19.norm1.bias is skipped since its requires_grad=False
2026/07/23 10:20:07 - mmengine - WARNING - backbone.adapter.backbone.vit.blocks.19.attn.qkv.weight is skipped since its requires_grad=False
2026/07/23 10:20:07 - mmengine - WARNING - backbone.adapter.backbone.vit.blocks.19.attn.qkv.bias is skipped since its requires_grad=False
2026/07/23 10:20:07 - mmengine - WARNING - backbone.adapter.backbone.vit.blocks.19.attn.proj.weight is skipped since its requires_grad=False
2026/07/23 10:20:07 - mmengine - WARNING - backbone.adapter.backbone.vit.blocks.19.attn.proj.bias is skipped since its requires_grad=False
2026/07/23 10:20:07 - mmengine - WARNING - backbone.adapter.backbone.vit.blocks.19.ls1.gamma is skipped since its requires_grad=False
2026/07/23 10:20:07 - mmengine - WARNING - backbone.adapter.backbone.vit.blocks.19.norm2.weight is skipped since its requires_grad=False
2026/07/23 10:20:07 - mmengine - WARNING - backbone.adapter.backbone.vit.blocks.19.norm2.bias is skipped since its requires_grad=False
2026/07/23 10:20:07 - mmengine - WARNING - backbone.adapter.backbone.vit.blocks.19.mlp.fc1.weight is skipped since its requires_grad=False
2026/07/23 10:20:07 - mmengine - WARNING - backbone.adapter.backbone.vit.blocks.19.mlp.fc1.bias is skipped since its requires_grad=False
2026/07/23 10:20:07 - mmengine - WARNING - backbone.adapter.backbone.vit.blocks.19.mlp.fc2.weight is skipped since its requires_grad=False
2026/07/23 10:20:07 - mmengine - WARNING - backbone.adapter.backbone.vit.blocks.19.mlp.fc2.bias is skipped since its requires_grad=False
2026/07/23 10:20:07 - mmengine - WARNING - backbone.adapter.backbone.vit.blocks.19.ls2.gamma is skipped since its requires_grad=False
2026/07/23 10:20:07 - mmengine - WARNING - backbone.adapter.backbone.vit.blocks.20.norm1.weight is skipped since its requires_grad=False
2026/07/23 10:20:07 - mmengine - WARNING - backbone.adapter.backbone.vit.blocks.20.norm1.bias is skipped since its requires_grad=False
2026/07/23 10:20:07 - mmengine - WARNING - backbone.adapter.backbone.vit.blocks.20.attn.qkv.weight is skipped since its requires_grad=False
2026/07/23 10:20:07 - mmengine - WARNING - backbone.adapter.backbone.vit.blocks.20.attn.qkv.bias is skipped since its requires_grad=False
2026/07/23 10:20:07 - mmengine - WARNING - backbone.adapter.backbone.vit.blocks.20.attn.proj.weight is skipped since its requires_grad=False
2026/07/23 10:20:07 - mmengine - WARNING - backbone.adapter.backbone.vit.blocks.20.attn.proj.bias is skipped since its requires_grad=False
2026/07/23 10:20:07 - mmengine - WARNING - backbone.adapter.backbone.vit.blocks.20.ls1.gamma is skipped since its requires_grad=False
2026/07/23 10:20:07 - mmengine - WARNING - backbone.adapter.backbone.vit.blocks.20.norm2.weight is skipped since its requires_grad=False
2026/07/23 10:20:07 - mmengine - WARNING - backbone.adapter.backbone.vit.blocks.20.norm2.bias is skipped since its requires_grad=False
2026/07/23 10:20:07 - mmengine - WARNING - backbone.adapter.backbone.vit.blocks.20.mlp.fc1.weight is skipped since its requires_grad=False
2026/07/23 10:20:07 - mmengine - WARNING - backbone.adapter.backbone.vit.blocks.20.mlp.fc1.bias is skipped since its requires_grad=False
2026/07/23 10:20:07 - mmengine - WARNING - backbone.adapter.backbone.vit.blocks.20.mlp.fc2.weight is skipped since its requires_grad=False
2026/07/23 10:20:07 - mmengine - WARNING - backbone.adapter.backbone.vit.blocks.20.mlp.fc2.bias is skipped since its requires_grad=False
2026/07/23 10:20:07 - mmengine - WARNING - backbone.adapter.backbone.vit.blocks.20.ls2.gamma is skipped since its requires_grad=False
2026/07/23 10:20:07 - mmengine - WARNING - backbone.adapter.backbone.vit.blocks.21.norm1.weight is skipped since its requires_grad=False
2026/07/23 10:20:07 - mmengine - WARNING - backbone.adapter.backbone.vit.blocks.21.norm1.bias is skipped since its requires_grad=False
2026/07/23 10:20:07 - mmengine - WARNING - backbone.adapter.backbone.vit.blocks.21.attn.qkv.weight is skipped since its requires_grad=False
2026/07/23 10:20:07 - mmengine - WARNING - backbone.adapter.backbone.vit.blocks.21.attn.qkv.bias is skipped since its requires_grad=False
2026/07/23 10:20:07 - mmengine - WARNING - backbone.adapter.backbone.vit.blocks.21.attn.proj.weight is skipped since its requires_grad=False
2026/07/23 10:20:07 - mmengine - WARNING - backbone.adapter.backbone.vit.blocks.21.attn.proj.bias is skipped since its requires_grad=False
2026/07/23 10:20:07 - mmengine - WARNING - backbone.adapter.backbone.vit.blocks.21.ls1.gamma is skipped since its requires_grad=False
2026/07/23 10:20:07 - mmengine - WARNING - backbone.adapter.backbone.vit.blocks.21.norm2.weight is skipped since its requires_grad=False
2026/07/23 10:20:07 - mmengine - WARNING - backbone.adapter.backbone.vit.blocks.21.norm2.bias is skipped since its requires_grad=False
2026/07/23 10:20:07 - mmengine - WARNING - backbone.adapter.backbone.vit.blocks.21.mlp.fc1.weight is skipped since its requires_grad=False
2026/07/23 10:20:07 - mmengine - WARNING - backbone.adapter.backbone.vit.blocks.21.mlp.fc1.bias is skipped since its requires_grad=False
2026/07/23 10:20:07 - mmengine - WARNING - backbone.adapter.backbone.vit.blocks.21.mlp.fc2.weight is skipped since its requires_grad=False
2026/07/23 10:20:07 - mmengine - WARNING - backbone.adapter.backbone.vit.blocks.21.mlp.fc2.bias is skipped since its requires_grad=False
2026/07/23 10:20:07 - mmengine - WARNING - backbone.adapter.backbone.vit.blocks.21.ls2.gamma is skipped since its requires_grad=False
2026/07/23 10:20:07 - mmengine - WARNING - backbone.adapter.backbone.vit.blocks.22.norm1.weight is skipped since its requires_grad=False
2026/07/23 10:20:07 - mmengine - WARNING - backbone.adapter.backbone.vit.blocks.22.norm1.bias is skipped since its requires_grad=False
2026/07/23 10:20:07 - mmengine - WARNING - backbone.adapter.backbone.vit.blocks.22.attn.qkv.weight is skipped since its requires_grad=False
2026/07/23 10:20:07 - mmengine - WARNING - backbone.adapter.backbone.vit.blocks.22.attn.qkv.bias is skipped since its requires_grad=False
2026/07/23 10:20:07 - mmengine - WARNING - backbone.adapter.backbone.vit.blocks.22.attn.proj.weight is skipped since its requires_grad=False
2026/07/23 10:20:07 - mmengine - WARNING - backbone.adapter.backbone.vit.blocks.22.attn.proj.bias is skipped since its requires_grad=False
2026/07/23 10:20:07 - mmengine - WARNING - backbone.adapter.backbone.vit.blocks.22.ls1.gamma is skipped since its requires_grad=False
2026/07/23 10:20:07 - mmengine - WARNING - backbone.adapter.backbone.vit.blocks.22.norm2.weight is skipped since its requires_grad=False
2026/07/23 10:20:07 - mmengine - WARNING - backbone.adapter.backbone.vit.blocks.22.norm2.bias is skipped since its requires_grad=False
2026/07/23 10:20:07 - mmengine - WARNING - backbone.adapter.backbone.vit.blocks.22.mlp.fc1.weight is skipped since its requires_grad=False
2026/07/23 10:20:07 - mmengine - WARNING - backbone.adapter.backbone.vit.blocks.22.mlp.fc1.bias is skipped since its requires_grad=False
2026/07/23 10:20:07 - mmengine - WARNING - backbone.adapter.backbone.vit.blocks.22.mlp.fc2.weight is skipped since its requires_grad=False
2026/07/23 10:20:07 - mmengine - WARNING - backbone.adapter.backbone.vit.blocks.22.mlp.fc2.bias is skipped since its requires_grad=False
2026/07/23 10:20:07 - mmengine - WARNING - backbone.adapter.backbone.vit.blocks.22.ls2.gamma is skipped since its requires_grad=False
2026/07/23 10:20:07 - mmengine - WARNING - backbone.adapter.backbone.vit.blocks.23.norm1.weight is skipped since its requires_grad=False
2026/07/23 10:20:07 - mmengine - WARNING - backbone.adapter.backbone.vit.blocks.23.norm1.bias is skipped since its requires_grad=False
2026/07/23 10:20:07 - mmengine - WARNING - backbone.adapter.backbone.vit.blocks.23.attn.qkv.weight is skipped since its requires_grad=False
2026/07/23 10:20:07 - mmengine - WARNING - backbone.adapter.backbone.vit.blocks.23.attn.qkv.bias is skipped since its requires_grad=False
2026/07/23 10:20:07 - mmengine - WARNING - backbone.adapter.backbone.vit.blocks.23.attn.proj.weight is skipped since its requires_grad=False
2026/07/23 10:20:07 - mmengine - WARNING - backbone.adapter.backbone.vit.blocks.23.attn.proj.bias is skipped since its requires_grad=False
2026/07/23 10:20:07 - mmengine - WARNING - backbone.adapter.backbone.vit.blocks.23.ls1.gamma is skipped since its requires_grad=False
2026/07/23 10:20:07 - mmengine - WARNING - backbone.adapter.backbone.vit.blocks.23.norm2.weight is skipped since its requires_grad=False
2026/07/23 10:20:07 - mmengine - WARNING - backbone.adapter.backbone.vit.blocks.23.norm2.bias is skipped since its requires_grad=False
2026/07/23 10:20:07 - mmengine - WARNING - backbone.adapter.backbone.vit.blocks.23.mlp.fc1.weight is skipped since its requires_grad=False
2026/07/23 10:20:07 - mmengine - WARNING - backbone.adapter.backbone.vit.blocks.23.mlp.fc1.bias is skipped since its requires_grad=False
2026/07/23 10:20:07 - mmengine - WARNING - backbone.adapter.backbone.vit.blocks.23.mlp.fc2.weight is skipped since its requires_grad=False
2026/07/23 10:20:07 - mmengine - WARNING - backbone.adapter.backbone.vit.blocks.23.mlp.fc2.bias is skipped since its requires_grad=False
2026/07/23 10:20:07 - mmengine - WARNING - backbone.adapter.backbone.vit.blocks.23.ls2.gamma is skipped since its requires_grad=False
2026/07/23 10:20:07 - mmengine - WARNING - backbone.adapter.backbone.vit.norm.weight is skipped since its requires_grad=False
2026/07/23 10:20:07 - mmengine - WARNING - backbone.adapter.backbone.vit.norm.bias is skipped since its requires_grad=False
2026/07/23 10:20:07 - mmengine - WARNING - backbone.adapter.backbone.fusion.mask_token is skipped since its requires_grad=False
2026/07/23 10:20:07 - mmengine - WARNING - backbone.adapter.backbone.fusion.fusion_mask_token is skipped since its requires_grad=False
2026/07/23 10:20:07 - mmengine - WARNING - backbone.adapter.backbone.fusion.cross_scale is skipped since its requires_grad=False
2026/07/23 10:20:07 - mmengine - WARNING - backbone.adapter.backbone.fusion.blocks.0.self_attn.create_qkv.weight is skipped since its requires_grad=False
2026/07/23 10:20:07 - mmengine - WARNING - backbone.adapter.backbone.fusion.blocks.0.self_attn.out.weight is skipped since its requires_grad=False
2026/07/23 10:20:07 - mmengine - WARNING - backbone.adapter.backbone.fusion.blocks.0.self_attn.out.bias is skipped since its requires_grad=False
2026/07/23 10:20:07 - mmengine - WARNING - backbone.adapter.backbone.fusion.blocks.0.self_attn.norm.weight is skipped since its requires_grad=False
2026/07/23 10:20:07 - mmengine - WARNING - backbone.adapter.backbone.fusion.blocks.0.self_attn.norm.bias is skipped since its requires_grad=False
2026/07/23 10:20:07 - mmengine - WARNING - backbone.adapter.backbone.fusion.blocks.0.cross_attn.create_q.weight is skipped since its requires_grad=False
2026/07/23 10:20:07 - mmengine - WARNING - backbone.adapter.backbone.fusion.blocks.0.cross_attn.create_k.weight is skipped since its requires_grad=False
2026/07/23 10:20:07 - mmengine - WARNING - backbone.adapter.backbone.fusion.blocks.0.cross_attn.create_v.weight is skipped since its requires_grad=False
2026/07/23 10:20:07 - mmengine - WARNING - backbone.adapter.backbone.fusion.blocks.0.cross_attn.to_out.weight is skipped since its requires_grad=False
2026/07/23 10:20:07 - mmengine - WARNING - backbone.adapter.backbone.fusion.blocks.0.cross_attn.to_out.bias is skipped since its requires_grad=False
2026/07/23 10:20:07 - mmengine - WARNING - backbone.adapter.backbone.fusion.blocks.0.cross_attn.norm_x.weight is skipped since its requires_grad=False
2026/07/23 10:20:07 - mmengine - WARNING - backbone.adapter.backbone.fusion.blocks.0.cross_attn.norm_x.bias is skipped since its requires_grad=False
2026/07/23 10:20:07 - mmengine - WARNING - backbone.adapter.backbone.fusion.blocks.0.cross_attn.norm_context.weight is skipped since its requires_grad=False
2026/07/23 10:20:07 - mmengine - WARNING - backbone.adapter.backbone.fusion.blocks.0.cross_attn.norm_context.bias is skipped since its requires_grad=False
2026/07/23 10:20:07 - mmengine - WARNING - backbone.adapter.backbone.fusion.blocks.0.ffn.net.0.weight is skipped since its requires_grad=False
2026/07/23 10:20:07 - mmengine - WARNING - backbone.adapter.backbone.fusion.blocks.0.ffn.net.0.bias is skipped since its requires_grad=False
2026/07/23 10:20:07 - mmengine - WARNING - backbone.adapter.backbone.fusion.blocks.0.ffn.net.3.weight is skipped since its requires_grad=False
2026/07/23 10:20:07 - mmengine - WARNING - backbone.adapter.backbone.fusion.blocks.0.ffn.net.3.bias is skipped since its requires_grad=False
2026/07/23 10:20:07 - mmengine - WARNING - backbone.adapter.backbone.fusion.blocks.0.ffn.input_norm.weight is skipped since its requires_grad=False
2026/07/23 10:20:07 - mmengine - WARNING - backbone.adapter.backbone.fusion.blocks.0.ffn.input_norm.bias is skipped since its requires_grad=False
2026/07/23 10:20:07 - mmengine - WARNING - backbone.adapter.backbone.fusion.blocks.1.self_attn.create_qkv.weight is skipped since its requires_grad=False
2026/07/23 10:20:07 - mmengine - WARNING - backbone.adapter.backbone.fusion.blocks.1.self_attn.out.weight is skipped since its requires_grad=False
2026/07/23 10:20:07 - mmengine - WARNING - backbone.adapter.backbone.fusion.blocks.1.self_attn.out.bias is skipped since its requires_grad=False
2026/07/23 10:20:07 - mmengine - WARNING - backbone.adapter.backbone.fusion.blocks.1.self_attn.norm.weight is skipped since its requires_grad=False
2026/07/23 10:20:07 - mmengine - WARNING - backbone.adapter.backbone.fusion.blocks.1.self_attn.norm.bias is skipped since its requires_grad=False
2026/07/23 10:20:07 - mmengine - WARNING - backbone.adapter.backbone.fusion.blocks.1.cross_attn.create_q.weight is skipped since its requires_grad=False
2026/07/23 10:20:07 - mmengine - WARNING - backbone.adapter.backbone.fusion.blocks.1.cross_attn.create_k.weight is skipped since its requires_grad=False
2026/07/23 10:20:07 - mmengine - WARNING - backbone.adapter.backbone.fusion.blocks.1.cross_attn.create_v.weight is skipped since its requires_grad=False
2026/07/23 10:20:07 - mmengine - WARNING - backbone.adapter.backbone.fusion.blocks.1.cross_attn.to_out.weight is skipped since its requires_grad=False
2026/07/23 10:20:07 - mmengine - WARNING - backbone.adapter.backbone.fusion.blocks.1.cross_attn.to_out.bias is skipped since its requires_grad=False
2026/07/23 10:20:07 - mmengine - WARNING - backbone.adapter.backbone.fusion.blocks.1.cross_attn.norm_x.weight is skipped since its requires_grad=False
2026/07/23 10:20:07 - mmengine - WARNING - backbone.adapter.backbone.fusion.blocks.1.cross_attn.norm_x.bias is skipped since its requires_grad=False
2026/07/23 10:20:07 - mmengine - WARNING - backbone.adapter.backbone.fusion.blocks.1.cross_attn.norm_context.weight is skipped since its requires_grad=False
2026/07/23 10:20:07 - mmengine - WARNING - backbone.adapter.backbone.fusion.blocks.1.cross_attn.norm_context.bias is skipped since its requires_grad=False
2026/07/23 10:20:07 - mmengine - WARNING - backbone.adapter.backbone.fusion.blocks.1.ffn.net.0.weight is skipped since its requires_grad=False
2026/07/23 10:20:07 - mmengine - WARNING - backbone.adapter.backbone.fusion.blocks.1.ffn.net.0.bias is skipped since its requires_grad=False
2026/07/23 10:20:07 - mmengine - WARNING - backbone.adapter.backbone.fusion.blocks.1.ffn.net.3.weight is skipped since its requires_grad=False
2026/07/23 10:20:07 - mmengine - WARNING - backbone.adapter.backbone.fusion.blocks.1.ffn.net.3.bias is skipped since its requires_grad=False
2026/07/23 10:20:07 - mmengine - WARNING - backbone.adapter.backbone.fusion.blocks.1.ffn.input_norm.weight is skipped since its requires_grad=False
2026/07/23 10:20:07 - mmengine - WARNING - backbone.adapter.backbone.fusion.blocks.1.ffn.input_norm.bias is skipped since its requires_grad=False
2026/07/23 10:20:07 - mmengine - WARNING - backbone.adapter.backbone.fusion.blocks.2.self_attn.create_qkv.weight is skipped since its requires_grad=False
2026/07/23 10:20:07 - mmengine - WARNING - backbone.adapter.backbone.fusion.blocks.2.self_attn.out.weight is skipped since its requires_grad=False
2026/07/23 10:20:07 - mmengine - WARNING - backbone.adapter.backbone.fusion.blocks.2.self_attn.out.bias is skipped since its requires_grad=False
2026/07/23 10:20:07 - mmengine - WARNING - backbone.adapter.backbone.fusion.blocks.2.self_attn.norm.weight is skipped since its requires_grad=False
2026/07/23 10:20:07 - mmengine - WARNING - backbone.adapter.backbone.fusion.blocks.2.self_attn.norm.bias is skipped since its requires_grad=False
2026/07/23 10:20:07 - mmengine - WARNING - backbone.adapter.backbone.fusion.blocks.2.cross_attn.create_q.weight is skipped since its requires_grad=False
2026/07/23 10:20:07 - mmengine - WARNING - backbone.adapter.backbone.fusion.blocks.2.cross_attn.create_k.weight is skipped since its requires_grad=False
2026/07/23 10:20:07 - mmengine - WARNING - backbone.adapter.backbone.fusion.blocks.2.cross_attn.create_v.weight is skipped since its requires_grad=False
2026/07/23 10:20:07 - mmengine - WARNING - backbone.adapter.backbone.fusion.blocks.2.cross_attn.to_out.weight is skipped since its requires_grad=False
2026/07/23 10:20:07 - mmengine - WARNING - backbone.adapter.backbone.fusion.blocks.2.cross_attn.to_out.bias is skipped since its requires_grad=False
2026/07/23 10:20:07 - mmengine - WARNING - backbone.adapter.backbone.fusion.blocks.2.cross_attn.norm_x.weight is skipped since its requires_grad=False
2026/07/23 10:20:07 - mmengine - WARNING - backbone.adapter.backbone.fusion.blocks.2.cross_attn.norm_x.bias is skipped since its requires_grad=False
2026/07/23 10:20:07 - mmengine - WARNING - backbone.adapter.backbone.fusion.blocks.2.cross_attn.norm_context.weight is skipped since its requires_grad=False
2026/07/23 10:20:07 - mmengine - WARNING - backbone.adapter.backbone.fusion.blocks.2.cross_attn.norm_context.bias is skipped since its requires_grad=False
2026/07/23 10:20:07 - mmengine - WARNING - backbone.adapter.backbone.fusion.blocks.2.ffn.net.0.weight is skipped since its requires_grad=False
2026/07/23 10:20:07 - mmengine - WARNING - backbone.adapter.backbone.fusion.blocks.2.ffn.net.0.bias is skipped since its requires_grad=False
2026/07/23 10:20:07 - mmengine - WARNING - backbone.adapter.backbone.fusion.blocks.2.ffn.net.3.weight is skipped since its requires_grad=False
2026/07/23 10:20:07 - mmengine - WARNING - backbone.adapter.backbone.fusion.blocks.2.ffn.net.3.bias is skipped since its requires_grad=False
2026/07/23 10:20:07 - mmengine - WARNING - backbone.adapter.backbone.fusion.blocks.2.ffn.input_norm.weight is skipped since its requires_grad=False
2026/07/23 10:20:07 - mmengine - WARNING - backbone.adapter.backbone.fusion.blocks.2.ffn.input_norm.bias is skipped since its requires_grad=False
2026/07/23 10:20:07 - mmengine - WARNING - backbone.adapter.backbone.fusion.norm_out.weight is skipped since its requires_grad=False
2026/07/23 10:20:07 - mmengine - WARNING - backbone.adapter.backbone.fusion.norm_out.bias is skipped since its requires_grad=False
2026/07/23 10:20:07 - mmengine - WARNING - backbone.adapter.backbone.embed_head.decoder.0.weight is skipped since its requires_grad=False
2026/07/23 10:20:07 - mmengine - WARNING - backbone.adapter.backbone.embed_head.decoder.0.bias is skipped since its requires_grad=False
2026/07/23 10:20:07 - mmengine - WARNING - backbone.adapter.backbone.embed_head.decoder.1.weight is skipped since its requires_grad=False
2026/07/23 10:20:07 - mmengine - WARNING - backbone.adapter.backbone.embed_head.decoder.1.bias is skipped since its requires_grad=False
2026/07/23 10:20:07 - mmengine - INFO - paramwise_options -- backbone.adapter.spm.stem.1.weight:weight_decay=0.0
2026/07/23 10:20:07 - mmengine - INFO - paramwise_options -- backbone.adapter.spm.stem.1.bias:weight_decay=0.0
2026/07/23 10:20:07 - mmengine - INFO - paramwise_options -- backbone.adapter.spm.stem.4.weight:weight_decay=0.0
2026/07/23 10:20:07 - mmengine - INFO - paramwise_options -- backbone.adapter.spm.stem.4.bias:weight_decay=0.0
2026/07/23 10:20:07 - mmengine - INFO - paramwise_options -- backbone.adapter.spm.stem.7.weight:weight_decay=0.0
2026/07/23 10:20:07 - mmengine - INFO - paramwise_options -- backbone.adapter.spm.stem.7.bias:weight_decay=0.0
2026/07/23 10:20:07 - mmengine - INFO - paramwise_options -- backbone.adapter.spm.conv2.1.weight:weight_decay=0.0
2026/07/23 10:20:07 - mmengine - INFO - paramwise_options -- backbone.adapter.spm.conv2.1.bias:weight_decay=0.0
2026/07/23 10:20:07 - mmengine - INFO - paramwise_options -- backbone.adapter.spm.conv3.1.weight:weight_decay=0.0
2026/07/23 10:20:07 - mmengine - INFO - paramwise_options -- backbone.adapter.spm.conv3.1.bias:weight_decay=0.0
2026/07/23 10:20:07 - mmengine - INFO - paramwise_options -- backbone.adapter.spm.conv4.1.weight:weight_decay=0.0
2026/07/23 10:20:07 - mmengine - INFO - paramwise_options -- backbone.adapter.spm.conv4.1.bias:weight_decay=0.0
2026/07/23 10:20:07 - mmengine - INFO - paramwise_options -- backbone.adapter.interactions.0.extractor.query_norm.weight:weight_decay=0.0
2026/07/23 10:20:07 - mmengine - INFO - paramwise_options -- backbone.adapter.interactions.0.extractor.query_norm.bias:weight_decay=0.0
2026/07/23 10:20:07 - mmengine - INFO - paramwise_options -- backbone.adapter.interactions.0.extractor.feat_norm.weight:weight_decay=0.0
2026/07/23 10:20:07 - mmengine - INFO - paramwise_options -- backbone.adapter.interactions.0.extractor.feat_norm.bias:weight_decay=0.0
2026/07/23 10:20:07 - mmengine - INFO - paramwise_options -- backbone.adapter.interactions.0.extractor.ffn_norm.weight:weight_decay=0.0
2026/07/23 10:20:07 - mmengine - INFO - paramwise_options -- backbone.adapter.interactions.0.extractor.ffn_norm.bias:weight_decay=0.0
2026/07/23 10:20:07 - mmengine - INFO - paramwise_options -- backbone.adapter.interactions.1.extractor.query_norm.weight:weight_decay=0.0
2026/07/23 10:20:07 - mmengine - INFO - paramwise_options -- backbone.adapter.interactions.1.extractor.query_norm.bias:weight_decay=0.0
2026/07/23 10:20:07 - mmengine - INFO - paramwise_options -- backbone.adapter.interactions.1.extractor.feat_norm.weight:weight_decay=0.0
2026/07/23 10:20:07 - mmengine - INFO - paramwise_options -- backbone.adapter.interactions.1.extractor.feat_norm.bias:weight_decay=0.0
2026/07/23 10:20:07 - mmengine - INFO - paramwise_options -- backbone.adapter.interactions.1.extractor.ffn_norm.weight:weight_decay=0.0
2026/07/23 10:20:07 - mmengine - INFO - paramwise_options -- backbone.adapter.interactions.1.extractor.ffn_norm.bias:weight_decay=0.0
2026/07/23 10:20:07 - mmengine - INFO - paramwise_options -- backbone.adapter.interactions.2.extractor.query_norm.weight:weight_decay=0.0
2026/07/23 10:20:07 - mmengine - INFO - paramwise_options -- backbone.adapter.interactions.2.extractor.query_norm.bias:weight_decay=0.0
2026/07/23 10:20:07 - mmengine - INFO - paramwise_options -- backbone.adapter.interactions.2.extractor.feat_norm.weight:weight_decay=0.0
2026/07/23 10:20:07 - mmengine - INFO - paramwise_options -- backbone.adapter.interactions.2.extractor.feat_norm.bias:weight_decay=0.0
2026/07/23 10:20:07 - mmengine - INFO - paramwise_options -- backbone.adapter.interactions.2.extractor.ffn_norm.weight:weight_decay=0.0
2026/07/23 10:20:07 - mmengine - INFO - paramwise_options -- backbone.adapter.interactions.2.extractor.ffn_norm.bias:weight_decay=0.0
2026/07/23 10:20:07 - mmengine - INFO - paramwise_options -- backbone.adapter.interactions.3.extractor.query_norm.weight:weight_decay=0.0
2026/07/23 10:20:07 - mmengine - INFO - paramwise_options -- backbone.adapter.interactions.3.extractor.query_norm.bias:weight_decay=0.0
2026/07/23 10:20:07 - mmengine - INFO - paramwise_options -- backbone.adapter.interactions.3.extractor.feat_norm.weight:weight_decay=0.0
2026/07/23 10:20:07 - mmengine - INFO - paramwise_options -- backbone.adapter.interactions.3.extractor.feat_norm.bias:weight_decay=0.0
2026/07/23 10:20:07 - mmengine - INFO - paramwise_options -- backbone.adapter.interactions.3.extractor.ffn_norm.weight:weight_decay=0.0
2026/07/23 10:20:07 - mmengine - INFO - paramwise_options -- backbone.adapter.interactions.3.extractor.ffn_norm.bias:weight_decay=0.0
2026/07/23 10:20:07 - mmengine - INFO - paramwise_options -- backbone.adapter.interactions.3.extra_extractors.0.query_norm.weight:weight_decay=0.0
2026/07/23 10:20:07 - mmengine - INFO - paramwise_options -- backbone.adapter.interactions.3.extra_extractors.0.query_norm.bias:weight_decay=0.0
2026/07/23 10:20:07 - mmengine - INFO - paramwise_options -- backbone.adapter.interactions.3.extra_extractors.0.feat_norm.weight:weight_decay=0.0
2026/07/23 10:20:07 - mmengine - INFO - paramwise_options -- backbone.adapter.interactions.3.extra_extractors.0.feat_norm.bias:weight_decay=0.0
2026/07/23 10:20:07 - mmengine - INFO - paramwise_options -- backbone.adapter.interactions.3.extra_extractors.0.ffn_norm.weight:weight_decay=0.0
2026/07/23 10:20:07 - mmengine - INFO - paramwise_options -- backbone.adapter.interactions.3.extra_extractors.0.ffn_norm.bias:weight_decay=0.0
2026/07/23 10:20:07 - mmengine - INFO - paramwise_options -- backbone.adapter.interactions.3.extra_extractors.1.query_norm.weight:weight_decay=0.0
2026/07/23 10:20:07 - mmengine - INFO - paramwise_options -- backbone.adapter.interactions.3.extra_extractors.1.query_norm.bias:weight_decay=0.0
2026/07/23 10:20:07 - mmengine - INFO - paramwise_options -- backbone.adapter.interactions.3.extra_extractors.1.feat_norm.weight:weight_decay=0.0
2026/07/23 10:20:07 - mmengine - INFO - paramwise_options -- backbone.adapter.interactions.3.extra_extractors.1.feat_norm.bias:weight_decay=0.0
2026/07/23 10:20:07 - mmengine - INFO - paramwise_options -- backbone.adapter.interactions.3.extra_extractors.1.ffn_norm.weight:weight_decay=0.0
2026/07/23 10:20:07 - mmengine - INFO - paramwise_options -- backbone.adapter.interactions.3.extra_extractors.1.ffn_norm.bias:weight_decay=0.0
2026/07/23 10:20:07 - mmengine - INFO - paramwise_options -- backbone.adapter.norm1.weight:weight_decay=0.0
2026/07/23 10:20:07 - mmengine - INFO - paramwise_options -- backbone.adapter.norm1.bias:weight_decay=0.0
2026/07/23 10:20:07 - mmengine - INFO - paramwise_options -- backbone.adapter.norm2.weight:weight_decay=0.0
2026/07/23 10:20:07 - mmengine - INFO - paramwise_options -- backbone.adapter.norm2.bias:weight_decay=0.0
2026/07/23 10:20:07 - mmengine - INFO - paramwise_options -- backbone.adapter.norm3.weight:weight_decay=0.0
2026/07/23 10:20:07 - mmengine - INFO - paramwise_options -- backbone.adapter.norm3.bias:weight_decay=0.0
2026/07/23 10:20:07 - mmengine - INFO - paramwise_options -- backbone.adapter.norm4.weight:weight_decay=0.0
2026/07/23 10:20:07 - mmengine - INFO - paramwise_options -- backbone.adapter.norm4.bias:weight_decay=0.0
2026/07/23 10:20:07 - mmengine - INFO - paramwise_options -- decode_head.pixel_decoder.input_convs.0.gn.weight:weight_decay=0.0
2026/07/23 10:20:07 - mmengine - INFO - paramwise_options -- decode_head.pixel_decoder.input_convs.0.gn.bias:weight_decay=0.0
2026/07/23 10:20:07 - mmengine - INFO - paramwise_options -- decode_head.pixel_decoder.input_convs.1.gn.weight:weight_decay=0.0
2026/07/23 10:20:07 - mmengine - INFO - paramwise_options -- decode_head.pixel_decoder.input_convs.1.gn.bias:weight_decay=0.0
2026/07/23 10:20:07 - mmengine - INFO - paramwise_options -- decode_head.pixel_decoder.input_convs.2.gn.weight:weight_decay=0.0
2026/07/23 10:20:07 - mmengine - INFO - paramwise_options -- decode_head.pixel_decoder.input_convs.2.gn.bias:weight_decay=0.0
2026/07/23 10:20:07 - mmengine - INFO - paramwise_options -- decode_head.pixel_decoder.encoder.layers.0.norms.0.weight:weight_decay=0.0
2026/07/23 10:20:07 - mmengine - INFO - paramwise_options -- decode_head.pixel_decoder.encoder.layers.0.norms.0.bias:weight_decay=0.0
2026/07/23 10:20:07 - mmengine - INFO - paramwise_options -- decode_head.pixel_decoder.encoder.layers.0.norms.1.weight:weight_decay=0.0
2026/07/23 10:20:07 - mmengine - INFO - paramwise_options -- decode_head.pixel_decoder.encoder.layers.0.norms.1.bias:weight_decay=0.0
2026/07/23 10:20:07 - mmengine - INFO - paramwise_options -- decode_head.pixel_decoder.encoder.layers.1.norms.0.weight:weight_decay=0.0
2026/07/23 10:20:07 - mmengine - INFO - paramwise_options -- decode_head.pixel_decoder.encoder.layers.1.norms.0.bias:weight_decay=0.0
2026/07/23 10:20:07 - mmengine - INFO - paramwise_options -- decode_head.pixel_decoder.encoder.layers.1.norms.1.weight:weight_decay=0.0
2026/07/23 10:20:07 - mmengine - INFO - paramwise_options -- decode_head.pixel_decoder.encoder.layers.1.norms.1.bias:weight_decay=0.0
2026/07/23 10:20:07 - mmengine - INFO - paramwise_options -- decode_head.pixel_decoder.encoder.layers.2.norms.0.weight:weight_decay=0.0
2026/07/23 10:20:07 - mmengine - INFO - paramwise_options -- decode_head.pixel_decoder.encoder.layers.2.norms.0.bias:weight_decay=0.0
2026/07/23 10:20:07 - mmengine - INFO - paramwise_options -- decode_head.pixel_decoder.encoder.layers.2.norms.1.weight:weight_decay=0.0
2026/07/23 10:20:07 - mmengine - INFO - paramwise_options -- decode_head.pixel_decoder.encoder.layers.2.norms.1.bias:weight_decay=0.0
2026/07/23 10:20:07 - mmengine - INFO - paramwise_options -- decode_head.pixel_decoder.encoder.layers.3.norms.0.weight:weight_decay=0.0
2026/07/23 10:20:07 - mmengine - INFO - paramwise_options -- decode_head.pixel_decoder.encoder.layers.3.norms.0.bias:weight_decay=0.0
2026/07/23 10:20:07 - mmengine - INFO - paramwise_options -- decode_head.pixel_decoder.encoder.layers.3.norms.1.weight:weight_decay=0.0
2026/07/23 10:20:07 - mmengine - INFO - paramwise_options -- decode_head.pixel_decoder.encoder.layers.3.norms.1.bias:weight_decay=0.0
2026/07/23 10:20:07 - mmengine - INFO - paramwise_options -- decode_head.pixel_decoder.encoder.layers.4.norms.0.weight:weight_decay=0.0
2026/07/23 10:20:07 - mmengine - INFO - paramwise_options -- decode_head.pixel_decoder.encoder.layers.4.norms.0.bias:weight_decay=0.0
2026/07/23 10:20:07 - mmengine - INFO - paramwise_options -- decode_head.pixel_decoder.encoder.layers.4.norms.1.weight:weight_decay=0.0
2026/07/23 10:20:07 - mmengine - INFO - paramwise_options -- decode_head.pixel_decoder.encoder.layers.4.norms.1.bias:weight_decay=0.0
2026/07/23 10:20:07 - mmengine - INFO - paramwise_options -- decode_head.pixel_decoder.encoder.layers.5.norms.0.weight:weight_decay=0.0
2026/07/23 10:20:07 - mmengine - INFO - paramwise_options -- decode_head.pixel_decoder.encoder.layers.5.norms.0.bias:weight_decay=0.0
2026/07/23 10:20:07 - mmengine - INFO - paramwise_options -- decode_head.pixel_decoder.encoder.layers.5.norms.1.weight:weight_decay=0.0
2026/07/23 10:20:07 - mmengine - INFO - paramwise_options -- decode_head.pixel_decoder.encoder.layers.5.norms.1.bias:weight_decay=0.0
2026/07/23 10:20:07 - mmengine - INFO - paramwise_options -- decode_head.pixel_decoder.lateral_convs.0.gn.weight:weight_decay=0.0
2026/07/23 10:20:07 - mmengine - INFO - paramwise_options -- decode_head.pixel_decoder.lateral_convs.0.gn.bias:weight_decay=0.0
2026/07/23 10:20:07 - mmengine - INFO - paramwise_options -- decode_head.pixel_decoder.output_convs.0.gn.weight:weight_decay=0.0
2026/07/23 10:20:07 - mmengine - INFO - paramwise_options -- decode_head.pixel_decoder.output_convs.0.gn.bias:weight_decay=0.0
2026/07/23 10:20:07 - mmengine - INFO - paramwise_options -- decode_head.transformer_decoder.layers.0.norms.0.weight:weight_decay=0.0
2026/07/23 10:20:07 - mmengine - INFO - paramwise_options -- decode_head.transformer_decoder.layers.0.norms.0.bias:weight_decay=0.0
2026/07/23 10:20:07 - mmengine - INFO - paramwise_options -- decode_head.transformer_decoder.layers.0.norms.1.weight:weight_decay=0.0
2026/07/23 10:20:07 - mmengine - INFO - paramwise_options -- decode_head.transformer_decoder.layers.0.norms.1.bias:weight_decay=0.0
2026/07/23 10:20:07 - mmengine - INFO - paramwise_options -- decode_head.transformer_decoder.layers.0.norms.2.weight:weight_decay=0.0
2026/07/23 10:20:07 - mmengine - INFO - paramwise_options -- decode_head.transformer_decoder.layers.0.norms.2.bias:weight_decay=0.0
2026/07/23 10:20:07 - mmengine - INFO - paramwise_options -- decode_head.transformer_decoder.layers.1.norms.0.weight:weight_decay=0.0
2026/07/23 10:20:07 - mmengine - INFO - paramwise_options -- decode_head.transformer_decoder.layers.1.norms.0.bias:weight_decay=0.0
2026/07/23 10:20:07 - mmengine - INFO - paramwise_options -- decode_head.transformer_decoder.layers.1.norms.1.weight:weight_decay=0.0
2026/07/23 10:20:07 - mmengine - INFO - paramwise_options -- decode_head.transformer_decoder.layers.1.norms.1.bias:weight_decay=0.0
2026/07/23 10:20:07 - mmengine - INFO - paramwise_options -- decode_head.transformer_decoder.layers.1.norms.2.weight:weight_decay=0.0
2026/07/23 10:20:07 - mmengine - INFO - paramwise_options -- decode_head.transformer_decoder.layers.1.norms.2.bias:weight_decay=0.0
2026/07/23 10:20:07 - mmengine - INFO - paramwise_options -- decode_head.transformer_decoder.layers.2.norms.0.weight:weight_decay=0.0
2026/07/23 10:20:07 - mmengine - INFO - paramwise_options -- decode_head.transformer_decoder.layers.2.norms.0.bias:weight_decay=0.0
2026/07/23 10:20:07 - mmengine - INFO - paramwise_options -- decode_head.transformer_decoder.layers.2.norms.1.weight:weight_decay=0.0
2026/07/23 10:20:07 - mmengine - INFO - paramwise_options -- decode_head.transformer_decoder.layers.2.norms.1.bias:weight_decay=0.0
2026/07/23 10:20:07 - mmengine - INFO - paramwise_options -- decode_head.transformer_decoder.layers.2.norms.2.weight:weight_decay=0.0
2026/07/23 10:20:07 - mmengine - INFO - paramwise_options -- decode_head.transformer_decoder.layers.2.norms.2.bias:weight_decay=0.0
2026/07/23 10:20:07 - mmengine - INFO - paramwise_options -- decode_head.transformer_decoder.layers.3.norms.0.weight:weight_decay=0.0
2026/07/23 10:20:07 - mmengine - INFO - paramwise_options -- decode_head.transformer_decoder.layers.3.norms.0.bias:weight_decay=0.0
2026/07/23 10:20:07 - mmengine - INFO - paramwise_options -- decode_head.transformer_decoder.layers.3.norms.1.weight:weight_decay=0.0
2026/07/23 10:20:07 - mmengine - INFO - paramwise_options -- decode_head.transformer_decoder.layers.3.norms.1.bias:weight_decay=0.0
2026/07/23 10:20:07 - mmengine - INFO - paramwise_options -- decode_head.transformer_decoder.layers.3.norms.2.weight:weight_decay=0.0
2026/07/23 10:20:07 - mmengine - INFO - paramwise_options -- decode_head.transformer_decoder.layers.3.norms.2.bias:weight_decay=0.0
2026/07/23 10:20:07 - mmengine - INFO - paramwise_options -- decode_head.transformer_decoder.layers.4.norms.0.weight:weight_decay=0.0
2026/07/23 10:20:07 - mmengine - INFO - paramwise_options -- decode_head.transformer_decoder.layers.4.norms.0.bias:weight_decay=0.0
2026/07/23 10:20:07 - mmengine - INFO - paramwise_options -- decode_head.transformer_decoder.layers.4.norms.1.weight:weight_decay=0.0
2026/07/23 10:20:07 - mmengine - INFO - paramwise_options -- decode_head.transformer_decoder.layers.4.norms.1.bias:weight_decay=0.0
2026/07/23 10:20:07 - mmengine - INFO - paramwise_options -- decode_head.transformer_decoder.layers.4.norms.2.weight:weight_decay=0.0
2026/07/23 10:20:07 - mmengine - INFO - paramwise_options -- decode_head.transformer_decoder.layers.4.norms.2.bias:weight_decay=0.0
2026/07/23 10:20:07 - mmengine - INFO - paramwise_options -- decode_head.transformer_decoder.layers.5.norms.0.weight:weight_decay=0.0
2026/07/23 10:20:07 - mmengine - INFO - paramwise_options -- decode_head.transformer_decoder.layers.5.norms.0.bias:weight_decay=0.0
2026/07/23 10:20:07 - mmengine - INFO - paramwise_options -- decode_head.transformer_decoder.layers.5.norms.1.weight:weight_decay=0.0
2026/07/23 10:20:07 - mmengine - INFO - paramwise_options -- decode_head.transformer_decoder.layers.5.norms.1.bias:weight_decay=0.0
2026/07/23 10:20:07 - mmengine - INFO - paramwise_options -- decode_head.transformer_decoder.layers.5.norms.2.weight:weight_decay=0.0
2026/07/23 10:20:07 - mmengine - INFO - paramwise_options -- decode_head.transformer_decoder.layers.5.norms.2.bias:weight_decay=0.0
2026/07/23 10:20:07 - mmengine - INFO - paramwise_options -- decode_head.transformer_decoder.layers.6.norms.0.weight:weight_decay=0.0
2026/07/23 10:20:07 - mmengine - INFO - paramwise_options -- decode_head.transformer_decoder.layers.6.norms.0.bias:weight_decay=0.0
2026/07/23 10:20:07 - mmengine - INFO - paramwise_options -- decode_head.transformer_decoder.layers.6.norms.1.weight:weight_decay=0.0
2026/07/23 10:20:07 - mmengine - INFO - paramwise_options -- decode_head.transformer_decoder.layers.6.norms.1.bias:weight_decay=0.0
2026/07/23 10:20:07 - mmengine - INFO - paramwise_options -- decode_head.transformer_decoder.layers.6.norms.2.weight:weight_decay=0.0
2026/07/23 10:20:07 - mmengine - INFO - paramwise_options -- decode_head.transformer_decoder.layers.6.norms.2.bias:weight_decay=0.0
2026/07/23 10:20:07 - mmengine - INFO - paramwise_options -- decode_head.transformer_decoder.layers.7.norms.0.weight:weight_decay=0.0
2026/07/23 10:20:07 - mmengine - INFO - paramwise_options -- decode_head.transformer_decoder.layers.7.norms.0.bias:weight_decay=0.0
2026/07/23 10:20:07 - mmengine - INFO - paramwise_options -- decode_head.transformer_decoder.layers.7.norms.1.weight:weight_decay=0.0
2026/07/23 10:20:07 - mmengine - INFO - paramwise_options -- decode_head.transformer_decoder.layers.7.norms.1.bias:weight_decay=0.0
2026/07/23 10:20:07 - mmengine - INFO - paramwise_options -- decode_head.transformer_decoder.layers.7.norms.2.weight:weight_decay=0.0
2026/07/23 10:20:07 - mmengine - INFO - paramwise_options -- decode_head.transformer_decoder.layers.7.norms.2.bias:weight_decay=0.0
2026/07/23 10:20:07 - mmengine - INFO - paramwise_options -- decode_head.transformer_decoder.layers.8.norms.0.weight:weight_decay=0.0
2026/07/23 10:20:07 - mmengine - INFO - paramwise_options -- decode_head.transformer_decoder.layers.8.norms.0.bias:weight_decay=0.0
2026/07/23 10:20:07 - mmengine - INFO - paramwise_options -- decode_head.transformer_decoder.layers.8.norms.1.weight:weight_decay=0.0
2026/07/23 10:20:07 - mmengine - INFO - paramwise_options -- decode_head.transformer_decoder.layers.8.norms.1.bias:weight_decay=0.0
2026/07/23 10:20:07 - mmengine - INFO - paramwise_options -- decode_head.transformer_decoder.layers.8.norms.2.weight:weight_decay=0.0
2026/07/23 10:20:07 - mmengine - INFO - paramwise_options -- decode_head.transformer_decoder.layers.8.norms.2.bias:weight_decay=0.0
2026/07/23 10:20:07 - mmengine - INFO - paramwise_options -- decode_head.transformer_decoder.post_norm.weight:weight_decay=0.0
2026/07/23 10:20:07 - mmengine - INFO - paramwise_options -- decode_head.transformer_decoder.post_norm.bias:weight_decay=0.0
2026/07/23 10:20:07 - mmengine - INFO - paramwise_options -- decode_head.query_embed.weight:lr=5e-05
2026/07/23 10:20:07 - mmengine - INFO - paramwise_options -- decode_head.query_embed.weight:weight_decay=0.0
2026/07/23 10:20:07 - mmengine - INFO - paramwise_options -- decode_head.query_embed.weight:lr_mult=1.0
2026/07/23 10:20:07 - mmengine - INFO - paramwise_options -- decode_head.query_embed.weight:decay_mult=0.0
2026/07/23 10:20:07 - mmengine - INFO - paramwise_options -- decode_head.query_feat.weight:lr=5e-05
2026/07/23 10:20:07 - mmengine - INFO - paramwise_options -- decode_head.query_feat.weight:weight_decay=0.0
2026/07/23 10:20:07 - mmengine - INFO - paramwise_options -- decode_head.query_feat.weight:lr_mult=1.0
2026/07/23 10:20:07 - mmengine - INFO - paramwise_options -- decode_head.query_feat.weight:decay_mult=0.0
2026/07/23 10:20:07 - mmengine - INFO - paramwise_options -- decode_head.level_embed.weight:lr=5e-05
2026/07/23 10:20:07 - mmengine - INFO - paramwise_options -- decode_head.level_embed.weight:weight_decay=0.0
2026/07/23 10:20:07 - mmengine - INFO - paramwise_options -- decode_head.level_embed.weight:lr_mult=1.0
2026/07/23 10:20:07 - mmengine - INFO - paramwise_options -- decode_head.level_embed.weight:decay_mult=0.0
2026/07/23 10:20:15 - mmengine - WARNING - The prefix is not set in metric class IoUMetric.
Name of parameter - Initialization information

backbone.wrapper.vit.cls_token - torch.Size([1, 1, 1024]): 
The value is the same before and after calling `init_weights` of EncoderDecoder  

backbone.wrapper.vit.storage_tokens - torch.Size([1, 4, 1024]): 
The value is the same before and after calling `init_weights` of EncoderDecoder  

backbone.wrapper.vit.mask_token - torch.Size([1, 1024]): 
The value is the same before and after calling `init_weights` of EncoderDecoder  

backbone.wrapper.vit.patch_embed.proj.weight - torch.Size([1024, 3, 16, 16]): 
The value is the same before and after calling `init_weights` of EncoderDecoder  

backbone.wrapper.vit.patch_embed.proj.bias - torch.Size([1024]): 
The value is the same before and after calling `init_weights` of EncoderDecoder  

backbone.wrapper.vit.blocks.0.norm1.weight - torch.Size([1024]): 
The value is the same before and after calling `init_weights` of EncoderDecoder  

backbone.wrapper.vit.blocks.0.norm1.bias - torch.Size([1024]): 
The value is the same before and after calling `init_weights` of EncoderDecoder  

backbone.wrapper.vit.blocks.0.attn.qkv.weight - torch.Size([3072, 1024]): 
The value is the same before and after calling `init_weights` of EncoderDecoder  

backbone.wrapper.vit.blocks.0.attn.qkv.bias - torch.Size([3072]): 
The value is the same before and after calling `init_weights` of EncoderDecoder  

backbone.wrapper.vit.blocks.0.attn.proj.weight - torch.Size([1024, 1024]): 
The value is the same before and after calling `init_weights` of EncoderDecoder  

backbone.wrapper.vit.blocks.0.attn.proj.bias - torch.Size([1024]): 
The value is the same before and after calling `init_weights` of EncoderDecoder  

backbone.wrapper.vit.blocks.0.ls1.gamma - torch.Size([1024]): 
The value is the same before and after calling `init_weights` of EncoderDecoder  

backbone.wrapper.vit.blocks.0.norm2.weight - torch.Size([1024]): 
The value is the same before and after calling `init_weights` of EncoderDecoder  

backbone.wrapper.vit.blocks.0.norm2.bias - torch.Size([1024]): 
The value is the same before and after calling `init_weights` of EncoderDecoder  

backbone.wrapper.vit.blocks.0.mlp.fc1.weight - torch.Size([4096, 1024]): 
The value is the same before and after calling `init_weights` of EncoderDecoder  

backbone.wrapper.vit.blocks.0.mlp.fc1.bias - torch.Size([4096]): 
The value is the same before and after calling `init_weights` of EncoderDecoder  

backbone.wrapper.vit.blocks.0.mlp.fc2.weight - torch.Size([1024, 4096]): 
The value is the same before and after calling `init_weights` of EncoderDecoder  

backbone.wrapper.vit.blocks.0.mlp.fc2.bias - torch.Size([1024]): 
The value is the same before and after calling `init_weights` of EncoderDecoder  

backbone.wrapper.vit.blocks.0.ls2.gamma - torch.Size([1024]): 
The value is the same before and after calling `init_weights` of EncoderDecoder  

backbone.wrapper.vit.blocks.1.norm1.weight - torch.Size([1024]): 
The value is the same before and after calling `init_weights` of EncoderDecoder  

backbone.wrapper.vit.blocks.1.norm1.bias - torch.Size([1024]): 
The value is the same before and after calling `init_weights` of EncoderDecoder  

backbone.wrapper.vit.blocks.1.attn.qkv.weight - torch.Size([3072, 1024]): 
The value is the same before and after calling `init_weights` of EncoderDecoder  

backbone.wrapper.vit.blocks.1.attn.qkv.bias - torch.Size([3072]): 
The value is the same before and after calling `init_weights` of EncoderDecoder  

backbone.wrapper.vit.blocks.1.attn.proj.weight - torch.Size([1024, 1024]): 
The value is the same before and after calling `init_weights` of EncoderDecoder  

backbone.wrapper.vit.blocks.1.attn.proj.bias - torch.Size([1024]): 
The value is the same before and after calling `init_weights` of EncoderDecoder  

backbone.wrapper.vit.blocks.1.ls1.gamma - torch.Size([1024]): 
The value is the same before and after calling `init_weights` of EncoderDecoder  

backbone.wrapper.vit.blocks.1.norm2.weight - torch.Size([1024]): 
The value is the same before and after calling `init_weights` of EncoderDecoder  

backbone.wrapper.vit.blocks.1.norm2.bias - torch.Size([1024]): 
The value is the same before and after calling `init_weights` of EncoderDecoder  

backbone.wrapper.vit.blocks.1.mlp.fc1.weight - torch.Size([4096, 1024]): 
The value is the same before and after calling `init_weights` of EncoderDecoder  

backbone.wrapper.vit.blocks.1.mlp.fc1.bias - torch.Size([4096]): 
The value is the same before and after calling `init_weights` of EncoderDecoder  

backbone.wrapper.vit.blocks.1.mlp.fc2.weight - torch.Size([1024, 4096]): 
The value is the same before and after calling `init_weights` of EncoderDecoder  

backbone.wrapper.vit.blocks.1.mlp.fc2.bias - torch.Size([1024]): 
The value is the same before and after calling `init_weights` of EncoderDecoder  

backbone.wrapper.vit.blocks.1.ls2.gamma - torch.Size([1024]): 
The value is the same before and after calling `init_weights` of EncoderDecoder  

backbone.wrapper.vit.blocks.2.norm1.weight - torch.Size([1024]): 
The value is the same before and after calling `init_weights` of EncoderDecoder  

backbone.wrapper.vit.blocks.2.norm1.bias - torch.Size([1024]): 
The value is the same before and after calling `init_weights` of EncoderDecoder  

backbone.wrapper.vit.blocks.2.attn.qkv.weight - torch.Size([3072, 1024]): 
The value is the same before and after calling `init_weights` of EncoderDecoder  

backbone.wrapper.vit.blocks.2.attn.qkv.bias - torch.Size([3072]): 
The value is the same before and after calling `init_weights` of EncoderDecoder  

backbone.wrapper.vit.blocks.2.attn.proj.weight - torch.Size([1024, 1024]): 
The value is the same before and after calling `init_weights` of EncoderDecoder  

backbone.wrapper.vit.blocks.2.attn.proj.bias - torch.Size([1024]): 
The value is the same before and after calling `init_weights` of EncoderDecoder  

backbone.wrapper.vit.blocks.2.ls1.gamma - torch.Size([1024]): 
The value is the same before and after calling `init_weights` of EncoderDecoder  

backbone.wrapper.vit.blocks.2.norm2.weight - torch.Size([1024]): 
The value is the same before and after calling `init_weights` of EncoderDecoder  

backbone.wrapper.vit.blocks.2.norm2.bias - torch.Size([1024]): 
The value is the same before and after calling `init_weights` of EncoderDecoder  

backbone.wrapper.vit.blocks.2.mlp.fc1.weight - torch.Size([4096, 1024]): 
The value is the same before and after calling `init_weights` of EncoderDecoder  

backbone.wrapper.vit.blocks.2.mlp.fc1.bias - torch.Size([4096]): 
The value is the same before and after calling `init_weights` of EncoderDecoder  

backbone.wrapper.vit.blocks.2.mlp.fc2.weight - torch.Size([1024, 4096]): 
The value is the same before and after calling `init_weights` of EncoderDecoder  

backbone.wrapper.vit.blocks.2.mlp.fc2.bias - torch.Size([1024]): 
The value is the same before and after calling `init_weights` of EncoderDecoder  

backbone.wrapper.vit.blocks.2.ls2.gamma - torch.Size([1024]): 
The value is the same before and after calling `init_weights` of EncoderDecoder  

backbone.wrapper.vit.blocks.3.norm1.weight - torch.Size([1024]): 
The value is the same before and after calling `init_weights` of EncoderDecoder  

backbone.wrapper.vit.blocks.3.norm1.bias - torch.Size([1024]): 
The value is the same before and after calling `init_weights` of EncoderDecoder  

backbone.wrapper.vit.blocks.3.attn.qkv.weight - torch.Size([3072, 1024]): 
The value is the same before and after calling `init_weights` of EncoderDecoder  

backbone.wrapper.vit.blocks.3.attn.qkv.bias - torch.Size([3072]): 
The value is the same before and after calling `init_weights` of EncoderDecoder  

backbone.wrapper.vit.blocks.3.attn.proj.weight - torch.Size([1024, 1024]): 
The value is the same before and after calling `init_weights` of EncoderDecoder  

backbone.wrapper.vit.blocks.3.attn.proj.bias - torch.Size([1024]): 
The value is the same before and after calling `init_weights` of EncoderDecoder  

backbone.wrapper.vit.blocks.3.ls1.gamma - torch.Size([1024]): 
The value is the same before and after calling `init_weights` of EncoderDecoder  

backbone.wrapper.vit.blocks.3.norm2.weight - torch.Size([1024]): 
The value is the same before and after calling `init_weights` of EncoderDecoder  

backbone.wrapper.vit.blocks.3.norm2.bias - torch.Size([1024]): 
The value is the same before and after calling `init_weights` of EncoderDecoder  

backbone.wrapper.vit.blocks.3.mlp.fc1.weight - torch.Size([4096, 1024]): 
The value is the same before and after calling `init_weights` of EncoderDecoder  

backbone.wrapper.vit.blocks.3.mlp.fc1.bias - torch.Size([4096]): 
The value is the same before and after calling `init_weights` of EncoderDecoder  

backbone.wrapper.vit.blocks.3.mlp.fc2.weight - torch.Size([1024, 4096]): 
The value is the same before and after calling `init_weights` of EncoderDecoder  

backbone.wrapper.vit.blocks.3.mlp.fc2.bias - torch.Size([1024]): 
The value is the same before and after calling `init_weights` of EncoderDecoder  

backbone.wrapper.vit.blocks.3.ls2.gamma - torch.Size([1024]): 
The value is the same before and after calling `init_weights` of EncoderDecoder  

backbone.wrapper.vit.blocks.4.norm1.weight - torch.Size([1024]): 
The value is the same before and after calling `init_weights` of EncoderDecoder  

backbone.wrapper.vit.blocks.4.norm1.bias - torch.Size([1024]): 
The value is the same before and after calling `init_weights` of EncoderDecoder  

backbone.wrapper.vit.blocks.4.attn.qkv.weight - torch.Size([3072, 1024]): 
The value is the same before and after calling `init_weights` of EncoderDecoder  

backbone.wrapper.vit.blocks.4.attn.qkv.bias - torch.Size([3072]): 
The value is the same before and after calling `init_weights` of EncoderDecoder  

backbone.wrapper.vit.blocks.4.attn.proj.weight - torch.Size([1024, 1024]): 
The value is the same before and after calling `init_weights` of EncoderDecoder  

backbone.wrapper.vit.blocks.4.attn.proj.bias - torch.Size([1024]): 
The value is the same before and after calling `init_weights` of EncoderDecoder  

backbone.wrapper.vit.blocks.4.ls1.gamma - torch.Size([1024]): 
The value is the same before and after calling `init_weights` of EncoderDecoder  

backbone.wrapper.vit.blocks.4.norm2.weight - torch.Size([1024]): 
The value is the same before and after calling `init_weights` of EncoderDecoder  

backbone.wrapper.vit.blocks.4.norm2.bias - torch.Size([1024]): 
The value is the same before and after calling `init_weights` of EncoderDecoder  

backbone.wrapper.vit.blocks.4.mlp.fc1.weight - torch.Size([4096, 1024]): 
The value is the same before and after calling `init_weights` of EncoderDecoder  

backbone.wrapper.vit.blocks.4.mlp.fc1.bias - torch.Size([4096]): 
The value is the same before and after calling `init_weights` of EncoderDecoder  

backbone.wrapper.vit.blocks.4.mlp.fc2.weight - torch.Size([1024, 4096]): 
The value is the same before and after calling `init_weights` of EncoderDecoder  

backbone.wrapper.vit.blocks.4.mlp.fc2.bias - torch.Size([1024]): 
The value is the same before and after calling `init_weights` of EncoderDecoder  

backbone.wrapper.vit.blocks.4.ls2.gamma - torch.Size([1024]): 
The value is the same before and after calling `init_weights` of EncoderDecoder  

backbone.wrapper.vit.blocks.5.norm1.weight - torch.Size([1024]): 
The value is the same before and after calling `init_weights` of EncoderDecoder  

backbone.wrapper.vit.blocks.5.norm1.bias - torch.Size([1024]): 
The value is the same before and after calling `init_weights` of EncoderDecoder  

backbone.wrapper.vit.blocks.5.attn.qkv.weight - torch.Size([3072, 1024]): 
The value is the same before and after calling `init_weights` of EncoderDecoder  

backbone.wrapper.vit.blocks.5.attn.qkv.bias - torch.Size([3072]): 
The value is the same before and after calling `init_weights` of EncoderDecoder  

backbone.wrapper.vit.blocks.5.attn.proj.weight - torch.Size([1024, 1024]): 
The value is the same before and after calling `init_weights` of EncoderDecoder  

backbone.wrapper.vit.blocks.5.attn.proj.bias - torch.Size([1024]): 
The value is the same before and after calling `init_weights` of EncoderDecoder  

backbone.wrapper.vit.blocks.5.ls1.gamma - torch.Size([1024]): 
The value is the same before and after calling `init_weights` of EncoderDecoder  

backbone.wrapper.vit.blocks.5.norm2.weight - torch.Size([1024]): 
The value is the same before and after calling `init_weights` of EncoderDecoder  

backbone.wrapper.vit.blocks.5.norm2.bias - torch.Size([1024]): 
The value is the same before and after calling `init_weights` of EncoderDecoder  

backbone.wrapper.vit.blocks.5.mlp.fc1.weight - torch.Size([4096, 1024]): 
The value is the same before and after calling `init_weights` of EncoderDecoder  

backbone.wrapper.vit.blocks.5.mlp.fc1.bias - torch.Size([4096]): 
The value is the same before and after calling `init_weights` of EncoderDecoder  

backbone.wrapper.vit.blocks.5.mlp.fc2.weight - torch.Size([1024, 4096]): 
The value is the same before and after calling `init_weights` of EncoderDecoder  

backbone.wrapper.vit.blocks.5.mlp.fc2.bias - torch.Size([1024]): 
The value is the same before and after calling `init_weights` of EncoderDecoder  

backbone.wrapper.vit.blocks.5.ls2.gamma - torch.Size([1024]): 
The value is the same before and after calling `init_weights` of EncoderDecoder  

backbone.wrapper.vit.blocks.6.norm1.weight - torch.Size([1024]): 
The value is the same before and after calling `init_weights` of EncoderDecoder  

backbone.wrapper.vit.blocks.6.norm1.bias - torch.Size([1024]): 
The value is the same before and after calling `init_weights` of EncoderDecoder  

backbone.wrapper.vit.blocks.6.attn.qkv.weight - torch.Size([3072, 1024]): 
The value is the same before and after calling `init_weights` of EncoderDecoder  

backbone.wrapper.vit.blocks.6.attn.qkv.bias - torch.Size([3072]): 
The value is the same before and after calling `init_weights` of EncoderDecoder  

backbone.wrapper.vit.blocks.6.attn.proj.weight - torch.Size([1024, 1024]): 
The value is the same before and after calling `init_weights` of EncoderDecoder  

backbone.wrapper.vit.blocks.6.attn.proj.bias - torch.Size([1024]): 
The value is the same before and after calling `init_weights` of EncoderDecoder  

backbone.wrapper.vit.blocks.6.ls1.gamma - torch.Size([1024]): 
The value is the same before and after calling `init_weights` of EncoderDecoder  

backbone.wrapper.vit.blocks.6.norm2.weight - torch.Size([1024]): 
The value is the same before and after calling `init_weights` of EncoderDecoder  

backbone.wrapper.vit.blocks.6.norm2.bias - torch.Size([1024]): 
The value is the same before and after calling `init_weights` of EncoderDecoder  

backbone.wrapper.vit.blocks.6.mlp.fc1.weight - torch.Size([4096, 1024]): 
The value is the same before and after calling `init_weights` of EncoderDecoder  

backbone.wrapper.vit.blocks.6.mlp.fc1.bias - torch.Size([4096]): 
The value is the same before and after calling `init_weights` of EncoderDecoder  

backbone.wrapper.vit.blocks.6.mlp.fc2.weight - torch.Size([1024, 4096]): 
The value is the same before and after calling `init_weights` of EncoderDecoder  

backbone.wrapper.vit.blocks.6.mlp.fc2.bias - torch.Size([1024]): 
The value is the same before and after calling `init_weights` of EncoderDecoder  

backbone.wrapper.vit.blocks.6.ls2.gamma - torch.Size([1024]): 
The value is the same before and after calling `init_weights` of EncoderDecoder  

backbone.wrapper.vit.blocks.7.norm1.weight - torch.Size([1024]): 
The value is the same before and after calling `init_weights` of EncoderDecoder  

backbone.wrapper.vit.blocks.7.norm1.bias - torch.Size([1024]): 
The value is the same before and after calling `init_weights` of EncoderDecoder  

backbone.wrapper.vit.blocks.7.attn.qkv.weight - torch.Size([3072, 1024]): 
The value is the same before and after calling `init_weights` of EncoderDecoder  

backbone.wrapper.vit.blocks.7.attn.qkv.bias - torch.Size([3072]): 
The value is the same before and after calling `init_weights` of EncoderDecoder  

backbone.wrapper.vit.blocks.7.attn.proj.weight - torch.Size([1024, 1024]): 
The value is the same before and after calling `init_weights` of EncoderDecoder  

backbone.wrapper.vit.blocks.7.attn.proj.bias - torch.Size([1024]): 
The value is the same before and after calling `init_weights` of EncoderDecoder  

backbone.wrapper.vit.blocks.7.ls1.gamma - torch.Size([1024]): 
The value is the same before and after calling `init_weights` of EncoderDecoder  

backbone.wrapper.vit.blocks.7.norm2.weight - torch.Size([1024]): 
The value is the same before and after calling `init_weights` of EncoderDecoder  

backbone.wrapper.vit.blocks.7.norm2.bias - torch.Size([1024]): 
The value is the same before and after calling `init_weights` of EncoderDecoder  

backbone.wrapper.vit.blocks.7.mlp.fc1.weight - torch.Size([4096, 1024]): 
The value is the same before and after calling `init_weights` of EncoderDecoder  

backbone.wrapper.vit.blocks.7.mlp.fc1.bias - torch.Size([4096]): 
The value is the same before and after calling `init_weights` of EncoderDecoder  

backbone.wrapper.vit.blocks.7.mlp.fc2.weight - torch.Size([1024, 4096]): 
The value is the same before and after calling `init_weights` of EncoderDecoder  

backbone.wrapper.vit.blocks.7.mlp.fc2.bias - torch.Size([1024]): 
The value is the same before and after calling `init_weights` of EncoderDecoder  

backbone.wrapper.vit.blocks.7.ls2.gamma - torch.Size([1024]): 
The value is the same before and after calling `init_weights` of EncoderDecoder  

backbone.wrapper.vit.blocks.8.norm1.weight - torch.Size([1024]): 
The value is the same before and after calling `init_weights` of EncoderDecoder  

backbone.wrapper.vit.blocks.8.norm1.bias - torch.Size([1024]): 
The value is the same before and after calling `init_weights` of EncoderDecoder  

backbone.wrapper.vit.blocks.8.attn.qkv.weight - torch.Size([3072, 1024]): 
The value is the same before and after calling `init_weights` of EncoderDecoder  

backbone.wrapper.vit.blocks.8.attn.qkv.bias - torch.Size([3072]): 
The value is the same before and after calling `init_weights` of EncoderDecoder  

backbone.wrapper.vit.blocks.8.attn.proj.weight - torch.Size([1024, 1024]): 
The value is the same before and after calling `init_weights` of EncoderDecoder  

backbone.wrapper.vit.blocks.8.attn.proj.bias - torch.Size([1024]): 
The value is the same before and after calling `init_weights` of EncoderDecoder  

backbone.wrapper.vit.blocks.8.ls1.gamma - torch.Size([1024]): 
The value is the same before and after calling `init_weights` of EncoderDecoder  

backbone.wrapper.vit.blocks.8.norm2.weight - torch.Size([1024]): 
The value is the same before and after calling `init_weights` of EncoderDecoder  

backbone.wrapper.vit.blocks.8.norm2.bias - torch.Size([1024]): 
The value is the same before and after calling `init_weights` of EncoderDecoder  

backbone.wrapper.vit.blocks.8.mlp.fc1.weight - torch.Size([4096, 1024]): 
The value is the same before and after calling `init_weights` of EncoderDecoder  

backbone.wrapper.vit.blocks.8.mlp.fc1.bias - torch.Size([4096]): 
The value is the same before and after calling `init_weights` of EncoderDecoder  

backbone.wrapper.vit.blocks.8.mlp.fc2.weight - torch.Size([1024, 4096]): 
The value is the same before and after calling `init_weights` of EncoderDecoder  

backbone.wrapper.vit.blocks.8.mlp.fc2.bias - torch.Size([1024]): 
The value is the same before and after calling `init_weights` of EncoderDecoder  

backbone.wrapper.vit.blocks.8.ls2.gamma - torch.Size([1024]): 
The value is the same before and after calling `init_weights` of EncoderDecoder  

backbone.wrapper.vit.blocks.9.norm1.weight - torch.Size([1024]): 
The value is the same before and after calling `init_weights` of EncoderDecoder  

backbone.wrapper.vit.blocks.9.norm1.bias - torch.Size([1024]): 
The value is the same before and after calling `init_weights` of EncoderDecoder  

backbone.wrapper.vit.blocks.9.attn.qkv.weight - torch.Size([3072, 1024]): 
The value is the same before and after calling `init_weights` of EncoderDecoder  

backbone.wrapper.vit.blocks.9.attn.qkv.bias - torch.Size([3072]): 
The value is the same before and after calling `init_weights` of EncoderDecoder  

backbone.wrapper.vit.blocks.9.attn.proj.weight - torch.Size([1024, 1024]): 
The value is the same before and after calling `init_weights` of EncoderDecoder  

backbone.wrapper.vit.blocks.9.attn.proj.bias - torch.Size([1024]): 
The value is the same before and after calling `init_weights` of EncoderDecoder  

backbone.wrapper.vit.blocks.9.ls1.gamma - torch.Size([1024]): 
The value is the same before and after calling `init_weights` of EncoderDecoder  

backbone.wrapper.vit.blocks.9.norm2.weight - torch.Size([1024]): 
The value is the same before and after calling `init_weights` of EncoderDecoder  

backbone.wrapper.vit.blocks.9.norm2.bias - torch.Size([1024]): 
The value is the same before and after calling `init_weights` of EncoderDecoder  

backbone.wrapper.vit.blocks.9.mlp.fc1.weight - torch.Size([4096, 1024]): 
The value is the same before and after calling `init_weights` of EncoderDecoder  

backbone.wrapper.vit.blocks.9.mlp.fc1.bias - torch.Size([4096]): 
The value is the same before and after calling `init_weights` of EncoderDecoder  

backbone.wrapper.vit.blocks.9.mlp.fc2.weight - torch.Size([1024, 4096]): 
The value is the same before and after calling `init_weights` of EncoderDecoder  

backbone.wrapper.vit.blocks.9.mlp.fc2.bias - torch.Size([1024]): 
The value is the same before and after calling `init_weights` of EncoderDecoder  

backbone.wrapper.vit.blocks.9.ls2.gamma - torch.Size([1024]): 
The value is the same before and after calling `init_weights` of EncoderDecoder  

backbone.wrapper.vit.blocks.10.norm1.weight - torch.Size([1024]): 
The value is the same before and after calling `init_weights` of EncoderDecoder  

backbone.wrapper.vit.blocks.10.norm1.bias - torch.Size([1024]): 
The value is the same before and after calling `init_weights` of EncoderDecoder  

backbone.wrapper.vit.blocks.10.attn.qkv.weight - torch.Size([3072, 1024]): 
The value is the same before and after calling `init_weights` of EncoderDecoder  

backbone.wrapper.vit.blocks.10.attn.qkv.bias - torch.Size([3072]): 
The value is the same before and after calling `init_weights` of EncoderDecoder  

backbone.wrapper.vit.blocks.10.attn.proj.weight - torch.Size([1024, 1024]): 
The value is the same before and after calling `init_weights` of EncoderDecoder  

backbone.wrapper.vit.blocks.10.attn.proj.bias - torch.Size([1024]): 
The value is the same before and after calling `init_weights` of EncoderDecoder  

backbone.wrapper.vit.blocks.10.ls1.gamma - torch.Size([1024]): 
The value is the same before and after calling `init_weights` of EncoderDecoder  

backbone.wrapper.vit.blocks.10.norm2.weight - torch.Size([1024]): 
The value is the same before and after calling `init_weights` of EncoderDecoder  

backbone.wrapper.vit.blocks.10.norm2.bias - torch.Size([1024]): 
The value is the same before and after calling `init_weights` of EncoderDecoder  

backbone.wrapper.vit.blocks.10.mlp.fc1.weight - torch.Size([4096, 1024]): 
The value is the same before and after calling `init_weights` of EncoderDecoder  

backbone.wrapper.vit.blocks.10.mlp.fc1.bias - torch.Size([4096]): 
The value is the same before and after calling `init_weights` of EncoderDecoder  

backbone.wrapper.vit.blocks.10.mlp.fc2.weight - torch.Size([1024, 4096]): 
The value is the same before and after calling `init_weights` of EncoderDecoder  

backbone.wrapper.vit.blocks.10.mlp.fc2.bias - torch.Size([1024]): 
The value is the same before and after calling `init_weights` of EncoderDecoder  

backbone.wrapper.vit.blocks.10.ls2.gamma - torch.Size([1024]): 
The value is the same before and after calling `init_weights` of EncoderDecoder  

backbone.wrapper.vit.blocks.11.norm1.weight - torch.Size([1024]): 
The value is the same before and after calling `init_weights` of EncoderDecoder  

backbone.wrapper.vit.blocks.11.norm1.bias - torch.Size([1024]): 
The value is the same before and after calling `init_weights` of EncoderDecoder  

backbone.wrapper.vit.blocks.11.attn.qkv.weight - torch.Size([3072, 1024]): 
The value is the same before and after calling `init_weights` of EncoderDecoder  

backbone.wrapper.vit.blocks.11.attn.qkv.bias - torch.Size([3072]): 
The value is the same before and after calling `init_weights` of EncoderDecoder  

backbone.wrapper.vit.blocks.11.attn.proj.weight - torch.Size([1024, 1024]): 
The value is the same before and after calling `init_weights` of EncoderDecoder  

backbone.wrapper.vit.blocks.11.attn.proj.bias - torch.Size([1024]): 
The value is the same before and after calling `init_weights` of EncoderDecoder  

backbone.wrapper.vit.blocks.11.ls1.gamma - torch.Size([1024]): 
The value is the same before and after calling `init_weights` of EncoderDecoder  

backbone.wrapper.vit.blocks.11.norm2.weight - torch.Size([1024]): 
The value is the same before and after calling `init_weights` of EncoderDecoder  

backbone.wrapper.vit.blocks.11.norm2.bias - torch.Size([1024]): 
The value is the same before and after calling `init_weights` of EncoderDecoder  

backbone.wrapper.vit.blocks.11.mlp.fc1.weight - torch.Size([4096, 1024]): 
The value is the same before and after calling `init_weights` of EncoderDecoder  

backbone.wrapper.vit.blocks.11.mlp.fc1.bias - torch.Size([4096]): 
The value is the same before and after calling `init_weights` of EncoderDecoder  

backbone.wrapper.vit.blocks.11.mlp.fc2.weight - torch.Size([1024, 4096]): 
The value is the same before and after calling `init_weights` of EncoderDecoder  

backbone.wrapper.vit.blocks.11.mlp.fc2.bias - torch.Size([1024]): 
The value is the same before and after calling `init_weights` of EncoderDecoder  

backbone.wrapper.vit.blocks.11.ls2.gamma - torch.Size([1024]): 
The value is the same before and after calling `init_weights` of EncoderDecoder  

backbone.wrapper.vit.blocks.12.norm1.weight - torch.Size([1024]): 
The value is the same before and after calling `init_weights` of EncoderDecoder  

backbone.wrapper.vit.blocks.12.norm1.bias - torch.Size([1024]): 
The value is the same before and after calling `init_weights` of EncoderDecoder  

backbone.wrapper.vit.blocks.12.attn.qkv.weight - torch.Size([3072, 1024]): 
The value is the same before and after calling `init_weights` of EncoderDecoder  

backbone.wrapper.vit.blocks.12.attn.qkv.bias - torch.Size([3072]): 
The value is the same before and after calling `init_weights` of EncoderDecoder  

backbone.wrapper.vit.blocks.12.attn.proj.weight - torch.Size([1024, 1024]): 
The value is the same before and after calling `init_weights` of EncoderDecoder  

backbone.wrapper.vit.blocks.12.attn.proj.bias - torch.Size([1024]): 
The value is the same before and after calling `init_weights` of EncoderDecoder  

backbone.wrapper.vit.blocks.12.ls1.gamma - torch.Size([1024]): 
The value is the same before and after calling `init_weights` of EncoderDecoder  

backbone.wrapper.vit.blocks.12.norm2.weight - torch.Size([1024]): 
The value is the same before and after calling `init_weights` of EncoderDecoder  

backbone.wrapper.vit.blocks.12.norm2.bias - torch.Size([1024]): 
The value is the same before and after calling `init_weights` of EncoderDecoder  

backbone.wrapper.vit.blocks.12.mlp.fc1.weight - torch.Size([4096, 1024]): 
The value is the same before and after calling `init_weights` of EncoderDecoder  

backbone.wrapper.vit.blocks.12.mlp.fc1.bias - torch.Size([4096]): 
The value is the same before and after calling `init_weights` of EncoderDecoder  

backbone.wrapper.vit.blocks.12.mlp.fc2.weight - torch.Size([1024, 4096]): 
The value is the same before and after calling `init_weights` of EncoderDecoder  

backbone.wrapper.vit.blocks.12.mlp.fc2.bias - torch.Size([1024]): 
The value is the same before and after calling `init_weights` of EncoderDecoder  

backbone.wrapper.vit.blocks.12.ls2.gamma - torch.Size([1024]): 
The value is the same before and after calling `init_weights` of EncoderDecoder  

backbone.wrapper.vit.blocks.13.norm1.weight - torch.Size([1024]): 
The value is the same before and after calling `init_weights` of EncoderDecoder  

backbone.wrapper.vit.blocks.13.norm1.bias - torch.Size([1024]): 
The value is the same before and after calling `init_weights` of EncoderDecoder  

backbone.wrapper.vit.blocks.13.attn.qkv.weight - torch.Size([3072, 1024]): 
The value is the same before and after calling `init_weights` of EncoderDecoder  

backbone.wrapper.vit.blocks.13.attn.qkv.bias - torch.Size([3072]): 
The value is the same before and after calling `init_weights` of EncoderDecoder  

backbone.wrapper.vit.blocks.13.attn.proj.weight - torch.Size([1024, 1024]): 
The value is the same before and after calling `init_weights` of EncoderDecoder  

backbone.wrapper.vit.blocks.13.attn.proj.bias - torch.Size([1024]): 
The value is the same before and after calling `init_weights` of EncoderDecoder  

backbone.wrapper.vit.blocks.13.ls1.gamma - torch.Size([1024]): 
The value is the same before and after calling `init_weights` of EncoderDecoder  

backbone.wrapper.vit.blocks.13.norm2.weight - torch.Size([1024]): 
The value is the same before and after calling `init_weights` of EncoderDecoder  

backbone.wrapper.vit.blocks.13.norm2.bias - torch.Size([1024]): 
The value is the same before and after calling `init_weights` of EncoderDecoder  

backbone.wrapper.vit.blocks.13.mlp.fc1.weight - torch.Size([4096, 1024]): 
The value is the same before and after calling `init_weights` of EncoderDecoder  

backbone.wrapper.vit.blocks.13.mlp.fc1.bias - torch.Size([4096]): 
The value is the same before and after calling `init_weights` of EncoderDecoder  

backbone.wrapper.vit.blocks.13.mlp.fc2.weight - torch.Size([1024, 4096]): 
The value is the same before and after calling `init_weights` of EncoderDecoder  

backbone.wrapper.vit.blocks.13.mlp.fc2.bias - torch.Size([1024]): 
The value is the same before and after calling `init_weights` of EncoderDecoder  

backbone.wrapper.vit.blocks.13.ls2.gamma - torch.Size([1024]): 
The value is the same before and after calling `init_weights` of EncoderDecoder  

backbone.wrapper.vit.blocks.14.norm1.weight - torch.Size([1024]): 
The value is the same before and after calling `init_weights` of EncoderDecoder  

backbone.wrapper.vit.blocks.14.norm1.bias - torch.Size([1024]): 
The value is the same before and after calling `init_weights` of EncoderDecoder  

backbone.wrapper.vit.blocks.14.attn.qkv.weight - torch.Size([3072, 1024]): 
The value is the same before and after calling `init_weights` of EncoderDecoder  

backbone.wrapper.vit.blocks.14.attn.qkv.bias - torch.Size([3072]): 
The value is the same before and after calling `init_weights` of EncoderDecoder  

backbone.wrapper.vit.blocks.14.attn.proj.weight - torch.Size([1024, 1024]): 
The value is the same before and after calling `init_weights` of EncoderDecoder  

backbone.wrapper.vit.blocks.14.attn.proj.bias - torch.Size([1024]): 
The value is the same before and after calling `init_weights` of EncoderDecoder  

backbone.wrapper.vit.blocks.14.ls1.gamma - torch.Size([1024]): 
The value is the same before and after calling `init_weights` of EncoderDecoder  

backbone.wrapper.vit.blocks.14.norm2.weight - torch.Size([1024]): 
The value is the same before and after calling `init_weights` of EncoderDecoder  

backbone.wrapper.vit.blocks.14.norm2.bias - torch.Size([1024]): 
The value is the same before and after calling `init_weights` of EncoderDecoder  

backbone.wrapper.vit.blocks.14.mlp.fc1.weight - torch.Size([4096, 1024]): 
The value is the same before and after calling `init_weights` of EncoderDecoder  

backbone.wrapper.vit.blocks.14.mlp.fc1.bias - torch.Size([4096]): 
The value is the same before and after calling `init_weights` of EncoderDecoder  

backbone.wrapper.vit.blocks.14.mlp.fc2.weight - torch.Size([1024, 4096]): 
The value is the same before and after calling `init_weights` of EncoderDecoder  

backbone.wrapper.vit.blocks.14.mlp.fc2.bias - torch.Size([1024]): 
The value is the same before and after calling `init_weights` of EncoderDecoder  

backbone.wrapper.vit.blocks.14.ls2.gamma - torch.Size([1024]): 
The value is the same before and after calling `init_weights` of EncoderDecoder  

backbone.wrapper.vit.blocks.15.norm1.weight - torch.Size([1024]): 
The value is the same before and after calling `init_weights` of EncoderDecoder  

backbone.wrapper.vit.blocks.15.norm1.bias - torch.Size([1024]): 
The value is the same before and after calling `init_weights` of EncoderDecoder  

backbone.wrapper.vit.blocks.15.attn.qkv.weight - torch.Size([3072, 1024]): 
The value is the same before and after calling `init_weights` of EncoderDecoder  

backbone.wrapper.vit.blocks.15.attn.qkv.bias - torch.Size([3072]): 
The value is the same before and after calling `init_weights` of EncoderDecoder  

backbone.wrapper.vit.blocks.15.attn.proj.weight - torch.Size([1024, 1024]): 
The value is the same before and after calling `init_weights` of EncoderDecoder  

backbone.wrapper.vit.blocks.15.attn.proj.bias - torch.Size([1024]): 
The value is the same before and after calling `init_weights` of EncoderDecoder  

backbone.wrapper.vit.blocks.15.ls1.gamma - torch.Size([1024]): 
The value is the same before and after calling `init_weights` of EncoderDecoder  

backbone.wrapper.vit.blocks.15.norm2.weight - torch.Size([1024]): 
The value is the same before and after calling `init_weights` of EncoderDecoder  

backbone.wrapper.vit.blocks.15.norm2.bias - torch.Size([1024]): 
The value is the same before and after calling `init_weights` of EncoderDecoder  

backbone.wrapper.vit.blocks.15.mlp.fc1.weight - torch.Size([4096, 1024]): 
The value is the same before and after calling `init_weights` of EncoderDecoder  

backbone.wrapper.vit.blocks.15.mlp.fc1.bias - torch.Size([4096]): 
The value is the same before and after calling `init_weights` of EncoderDecoder  

backbone.wrapper.vit.blocks.15.mlp.fc2.weight - torch.Size([1024, 4096]): 
The value is the same before and after calling `init_weights` of EncoderDecoder  

backbone.wrapper.vit.blocks.15.mlp.fc2.bias - torch.Size([1024]): 
The value is the same before and after calling `init_weights` of EncoderDecoder  

backbone.wrapper.vit.blocks.15.ls2.gamma - torch.Size([1024]): 
The value is the same before and after calling `init_weights` of EncoderDecoder  

backbone.wrapper.vit.blocks.16.norm1.weight - torch.Size([1024]): 
The value is the same before and after calling `init_weights` of EncoderDecoder  

backbone.wrapper.vit.blocks.16.norm1.bias - torch.Size([1024]): 
The value is the same before and after calling `init_weights` of EncoderDecoder  

backbone.wrapper.vit.blocks.16.attn.qkv.weight - torch.Size([3072, 1024]): 
The value is the same before and after calling `init_weights` of EncoderDecoder  

backbone.wrapper.vit.blocks.16.attn.qkv.bias - torch.Size([3072]): 
The value is the same before and after calling `init_weights` of EncoderDecoder  

backbone.wrapper.vit.blocks.16.attn.proj.weight - torch.Size([1024, 1024]): 
The value is the same before and after calling `init_weights` of EncoderDecoder  

backbone.wrapper.vit.blocks.16.attn.proj.bias - torch.Size([1024]): 
The value is the same before and after calling `init_weights` of EncoderDecoder  

backbone.wrapper.vit.blocks.16.ls1.gamma - torch.Size([1024]): 
The value is the same before and after calling `init_weights` of EncoderDecoder  

backbone.wrapper.vit.blocks.16.norm2.weight - torch.Size([1024]): 
The value is the same before and after calling `init_weights` of EncoderDecoder  

backbone.wrapper.vit.blocks.16.norm2.bias - torch.Size([1024]): 
The value is the same before and after calling `init_weights` of EncoderDecoder  

backbone.wrapper.vit.blocks.16.mlp.fc1.weight - torch.Size([4096, 1024]): 
The value is the same before and after calling `init_weights` of EncoderDecoder  

backbone.wrapper.vit.blocks.16.mlp.fc1.bias - torch.Size([4096]): 
The value is the same before and after calling `init_weights` of EncoderDecoder  

backbone.wrapper.vit.blocks.16.mlp.fc2.weight - torch.Size([1024, 4096]): 
The value is the same before and after calling `init_weights` of EncoderDecoder  

backbone.wrapper.vit.blocks.16.mlp.fc2.bias - torch.Size([1024]): 
The value is the same before and after calling `init_weights` of EncoderDecoder  

backbone.wrapper.vit.blocks.16.ls2.gamma - torch.Size([1024]): 
The value is the same before and after calling `init_weights` of EncoderDecoder  

backbone.wrapper.vit.blocks.17.norm1.weight - torch.Size([1024]): 
The value is the same before and after calling `init_weights` of EncoderDecoder  

backbone.wrapper.vit.blocks.17.norm1.bias - torch.Size([1024]): 
The value is the same before and after calling `init_weights` of EncoderDecoder  

backbone.wrapper.vit.blocks.17.attn.qkv.weight - torch.Size([3072, 1024]): 
The value is the same before and after calling `init_weights` of EncoderDecoder  

backbone.wrapper.vit.blocks.17.attn.qkv.bias - torch.Size([3072]): 
The value is the same before and after calling `init_weights` of EncoderDecoder  

backbone.wrapper.vit.blocks.17.attn.proj.weight - torch.Size([1024, 1024]): 
The value is the same before and after calling `init_weights` of EncoderDecoder  

backbone.wrapper.vit.blocks.17.attn.proj.bias - torch.Size([1024]): 
The value is the same before and after calling `init_weights` of EncoderDecoder  

backbone.wrapper.vit.blocks.17.ls1.gamma - torch.Size([1024]): 
The value is the same before and after calling `init_weights` of EncoderDecoder  

backbone.wrapper.vit.blocks.17.norm2.weight - torch.Size([1024]): 
The value is the same before and after calling `init_weights` of EncoderDecoder  

backbone.wrapper.vit.blocks.17.norm2.bias - torch.Size([1024]): 
The value is the same before and after calling `init_weights` of EncoderDecoder  

backbone.wrapper.vit.blocks.17.mlp.fc1.weight - torch.Size([4096, 1024]): 
The value is the same before and after calling `init_weights` of EncoderDecoder  

backbone.wrapper.vit.blocks.17.mlp.fc1.bias - torch.Size([4096]): 
The value is the same before and after calling `init_weights` of EncoderDecoder  

backbone.wrapper.vit.blocks.17.mlp.fc2.weight - torch.Size([1024, 4096]): 
The value is the same before and after calling `init_weights` of EncoderDecoder  

backbone.wrapper.vit.blocks.17.mlp.fc2.bias - torch.Size([1024]): 
The value is the same before and after calling `init_weights` of EncoderDecoder  

backbone.wrapper.vit.blocks.17.ls2.gamma - torch.Size([1024]): 
The value is the same before and after calling `init_weights` of EncoderDecoder  

backbone.wrapper.vit.blocks.18.norm1.weight - torch.Size([1024]): 
The value is the same before and after calling `init_weights` of EncoderDecoder  

backbone.wrapper.vit.blocks.18.norm1.bias - torch.Size([1024]): 
The value is the same before and after calling `init_weights` of EncoderDecoder  

backbone.wrapper.vit.blocks.18.attn.qkv.weight - torch.Size([3072, 1024]): 
The value is the same before and after calling `init_weights` of EncoderDecoder  

backbone.wrapper.vit.blocks.18.attn.qkv.bias - torch.Size([3072]): 
The value is the same before and after calling `init_weights` of EncoderDecoder  

backbone.wrapper.vit.blocks.18.attn.proj.weight - torch.Size([1024, 1024]): 
The value is the same before and after calling `init_weights` of EncoderDecoder  

backbone.wrapper.vit.blocks.18.attn.proj.bias - torch.Size([1024]): 
The value is the same before and after calling `init_weights` of EncoderDecoder  

backbone.wrapper.vit.blocks.18.ls1.gamma - torch.Size([1024]): 
The value is the same before and after calling `init_weights` of EncoderDecoder  

backbone.wrapper.vit.blocks.18.norm2.weight - torch.Size([1024]): 
The value is the same before and after calling `init_weights` of EncoderDecoder  

backbone.wrapper.vit.blocks.18.norm2.bias - torch.Size([1024]): 
The value is the same before and after calling `init_weights` of EncoderDecoder  

backbone.wrapper.vit.blocks.18.mlp.fc1.weight - torch.Size([4096, 1024]): 
The value is the same before and after calling `init_weights` of EncoderDecoder  

backbone.wrapper.vit.blocks.18.mlp.fc1.bias - torch.Size([4096]): 
The value is the same before and after calling `init_weights` of EncoderDecoder  

backbone.wrapper.vit.blocks.18.mlp.fc2.weight - torch.Size([1024, 4096]): 
The value is the same before and after calling `init_weights` of EncoderDecoder  

backbone.wrapper.vit.blocks.18.mlp.fc2.bias - torch.Size([1024]): 
The value is the same before and after calling `init_weights` of EncoderDecoder  

backbone.wrapper.vit.blocks.18.ls2.gamma - torch.Size([1024]): 
The value is the same before and after calling `init_weights` of EncoderDecoder  

backbone.wrapper.vit.blocks.19.norm1.weight - torch.Size([1024]): 
The value is the same before and after calling `init_weights` of EncoderDecoder  

backbone.wrapper.vit.blocks.19.norm1.bias - torch.Size([1024]): 
The value is the same before and after calling `init_weights` of EncoderDecoder  

backbone.wrapper.vit.blocks.19.attn.qkv.weight - torch.Size([3072, 1024]): 
The value is the same before and after calling `init_weights` of EncoderDecoder  

backbone.wrapper.vit.blocks.19.attn.qkv.bias - torch.Size([3072]): 
The value is the same before and after calling `init_weights` of EncoderDecoder  

backbone.wrapper.vit.blocks.19.attn.proj.weight - torch.Size([1024, 1024]): 
The value is the same before and after calling `init_weights` of EncoderDecoder  

backbone.wrapper.vit.blocks.19.attn.proj.bias - torch.Size([1024]): 
The value is the same before and after calling `init_weights` of EncoderDecoder  

backbone.wrapper.vit.blocks.19.ls1.gamma - torch.Size([1024]): 
The value is the same before and after calling `init_weights` of EncoderDecoder  

backbone.wrapper.vit.blocks.19.norm2.weight - torch.Size([1024]): 
The value is the same before and after calling `init_weights` of EncoderDecoder  

backbone.wrapper.vit.blocks.19.norm2.bias - torch.Size([1024]): 
The value is the same before and after calling `init_weights` of EncoderDecoder  

backbone.wrapper.vit.blocks.19.mlp.fc1.weight - torch.Size([4096, 1024]): 
The value is the same before and after calling `init_weights` of EncoderDecoder  

backbone.wrapper.vit.blocks.19.mlp.fc1.bias - torch.Size([4096]): 
The value is the same before and after calling `init_weights` of EncoderDecoder  

backbone.wrapper.vit.blocks.19.mlp.fc2.weight - torch.Size([1024, 4096]): 
The value is the same before and after calling `init_weights` of EncoderDecoder  

backbone.wrapper.vit.blocks.19.mlp.fc2.bias - torch.Size([1024]): 
The value is the same before and after calling `init_weights` of EncoderDecoder  

backbone.wrapper.vit.blocks.19.ls2.gamma - torch.Size([1024]): 
The value is the same before and after calling `init_weights` of EncoderDecoder  

backbone.wrapper.vit.blocks.20.norm1.weight - torch.Size([1024]): 
The value is the same before and after calling `init_weights` of EncoderDecoder  

backbone.wrapper.vit.blocks.20.norm1.bias - torch.Size([1024]): 
The value is the same before and after calling `init_weights` of EncoderDecoder  

backbone.wrapper.vit.blocks.20.attn.qkv.weight - torch.Size([3072, 1024]): 
The value is the same before and after calling `init_weights` of EncoderDecoder  

backbone.wrapper.vit.blocks.20.attn.qkv.bias - torch.Size([3072]): 
The value is the same before and after calling `init_weights` of EncoderDecoder  

backbone.wrapper.vit.blocks.20.attn.proj.weight - torch.Size([1024, 1024]): 
The value is the same before and after calling `init_weights` of EncoderDecoder  

backbone.wrapper.vit.blocks.20.attn.proj.bias - torch.Size([1024]): 
The value is the same before and after calling `init_weights` of EncoderDecoder  

backbone.wrapper.vit.blocks.20.ls1.gamma - torch.Size([1024]): 
The value is the same before and after calling `init_weights` of EncoderDecoder  

backbone.wrapper.vit.blocks.20.norm2.weight - torch.Size([1024]): 
The value is the same before and after calling `init_weights` of EncoderDecoder  

backbone.wrapper.vit.blocks.20.norm2.bias - torch.Size([1024]): 
The value is the same before and after calling `init_weights` of EncoderDecoder  

backbone.wrapper.vit.blocks.20.mlp.fc1.weight - torch.Size([4096, 1024]): 
The value is the same before and after calling `init_weights` of EncoderDecoder  

backbone.wrapper.vit.blocks.20.mlp.fc1.bias - torch.Size([4096]): 
The value is the same before and after calling `init_weights` of EncoderDecoder  

backbone.wrapper.vit.blocks.20.mlp.fc2.weight - torch.Size([1024, 4096]): 
The value is the same before and after calling `init_weights` of EncoderDecoder  

backbone.wrapper.vit.blocks.20.mlp.fc2.bias - torch.Size([1024]): 
The value is the same before and after calling `init_weights` of EncoderDecoder  

backbone.wrapper.vit.blocks.20.ls2.gamma - torch.Size([1024]): 
The value is the same before and after calling `init_weights` of EncoderDecoder  

backbone.wrapper.vit.blocks.21.norm1.weight - torch.Size([1024]): 
The value is the same before and after calling `init_weights` of EncoderDecoder  

backbone.wrapper.vit.blocks.21.norm1.bias - torch.Size([1024]): 
The value is the same before and after calling `init_weights` of EncoderDecoder  

backbone.wrapper.vit.blocks.21.attn.qkv.weight - torch.Size([3072, 1024]): 
The value is the same before and after calling `init_weights` of EncoderDecoder  

backbone.wrapper.vit.blocks.21.attn.qkv.bias - torch.Size([3072]): 
The value is the same before and after calling `init_weights` of EncoderDecoder  

backbone.wrapper.vit.blocks.21.attn.proj.weight - torch.Size([1024, 1024]): 
The value is the same before and after calling `init_weights` of EncoderDecoder  

backbone.wrapper.vit.blocks.21.attn.proj.bias - torch.Size([1024]): 
The value is the same before and after calling `init_weights` of EncoderDecoder  

backbone.wrapper.vit.blocks.21.ls1.gamma - torch.Size([1024]): 
The value is the same before and after calling `init_weights` of EncoderDecoder  

backbone.wrapper.vit.blocks.21.norm2.weight - torch.Size([1024]): 
The value is the same before and after calling `init_weights` of EncoderDecoder  

backbone.wrapper.vit.blocks.21.norm2.bias - torch.Size([1024]): 
The value is the same before and after calling `init_weights` of EncoderDecoder  

backbone.wrapper.vit.blocks.21.mlp.fc1.weight - torch.Size([4096, 1024]): 
The value is the same before and after calling `init_weights` of EncoderDecoder  

backbone.wrapper.vit.blocks.21.mlp.fc1.bias - torch.Size([4096]): 
The value is the same before and after calling `init_weights` of EncoderDecoder  

backbone.wrapper.vit.blocks.21.mlp.fc2.weight - torch.Size([1024, 4096]): 
The value is the same before and after calling `init_weights` of EncoderDecoder  

backbone.wrapper.vit.blocks.21.mlp.fc2.bias - torch.Size([1024]): 
The value is the same before and after calling `init_weights` of EncoderDecoder  

backbone.wrapper.vit.blocks.21.ls2.gamma - torch.Size([1024]): 
The value is the same before and after calling `init_weights` of EncoderDecoder  

backbone.wrapper.vit.blocks.22.norm1.weight - torch.Size([1024]): 
The value is the same before and after calling `init_weights` of EncoderDecoder  

backbone.wrapper.vit.blocks.22.norm1.bias - torch.Size([1024]): 
The value is the same before and after calling `init_weights` of EncoderDecoder  

backbone.wrapper.vit.blocks.22.attn.qkv.weight - torch.Size([3072, 1024]): 
The value is the same before and after calling `init_weights` of EncoderDecoder  

backbone.wrapper.vit.blocks.22.attn.qkv.bias - torch.Size([3072]): 
The value is the same before and after calling `init_weights` of EncoderDecoder  

backbone.wrapper.vit.blocks.22.attn.proj.weight - torch.Size([1024, 1024]): 
The value is the same before and after calling `init_weights` of EncoderDecoder  

backbone.wrapper.vit.blocks.22.attn.proj.bias - torch.Size([1024]): 
The value is the same before and after calling `init_weights` of EncoderDecoder  

backbone.wrapper.vit.blocks.22.ls1.gamma - torch.Size([1024]): 
The value is the same before and after calling `init_weights` of EncoderDecoder  

backbone.wrapper.vit.blocks.22.norm2.weight - torch.Size([1024]): 
The value is the same before and after calling `init_weights` of EncoderDecoder  

backbone.wrapper.vit.blocks.22.norm2.bias - torch.Size([1024]): 
The value is the same before and after calling `init_weights` of EncoderDecoder  

backbone.wrapper.vit.blocks.22.mlp.fc1.weight - torch.Size([4096, 1024]): 
The value is the same before and after calling `init_weights` of EncoderDecoder  

backbone.wrapper.vit.blocks.22.mlp.fc1.bias - torch.Size([4096]): 
The value is the same before and after calling `init_weights` of EncoderDecoder  

backbone.wrapper.vit.blocks.22.mlp.fc2.weight - torch.Size([1024, 4096]): 
The value is the same before and after calling `init_weights` of EncoderDecoder  

backbone.wrapper.vit.blocks.22.mlp.fc2.bias - torch.Size([1024]): 
The value is the same before and after calling `init_weights` of EncoderDecoder  

backbone.wrapper.vit.blocks.22.ls2.gamma - torch.Size([1024]): 
The value is the same before and after calling `init_weights` of EncoderDecoder  

backbone.wrapper.vit.blocks.23.norm1.weight - torch.Size([1024]): 
The value is the same before and after calling `init_weights` of EncoderDecoder  

backbone.wrapper.vit.blocks.23.norm1.bias - torch.Size([1024]): 
The value is the same before and after calling `init_weights` of EncoderDecoder  

backbone.wrapper.vit.blocks.23.attn.qkv.weight - torch.Size([3072, 1024]): 
The value is the same before and after calling `init_weights` of EncoderDecoder  

backbone.wrapper.vit.blocks.23.attn.qkv.bias - torch.Size([3072]): 
The value is the same before and after calling `init_weights` of EncoderDecoder  

backbone.wrapper.vit.blocks.23.attn.proj.weight - torch.Size([1024, 1024]): 
The value is the same before and after calling `init_weights` of EncoderDecoder  

backbone.wrapper.vit.blocks.23.attn.proj.bias - torch.Size([1024]): 
The value is the same before and after calling `init_weights` of EncoderDecoder  

backbone.wrapper.vit.blocks.23.ls1.gamma - torch.Size([1024]): 
The value is the same before and after calling `init_weights` of EncoderDecoder  

backbone.wrapper.vit.blocks.23.norm2.weight - torch.Size([1024]): 
The value is the same before and after calling `init_weights` of EncoderDecoder  

backbone.wrapper.vit.blocks.23.norm2.bias - torch.Size([1024]): 
The value is the same before and after calling `init_weights` of EncoderDecoder  

backbone.wrapper.vit.blocks.23.mlp.fc1.weight - torch.Size([4096, 1024]): 
The value is the same before and after calling `init_weights` of EncoderDecoder  

backbone.wrapper.vit.blocks.23.mlp.fc1.bias - torch.Size([4096]): 
The value is the same before and after calling `init_weights` of EncoderDecoder  

backbone.wrapper.vit.blocks.23.mlp.fc2.weight - torch.Size([1024, 4096]): 
The value is the same before and after calling `init_weights` of EncoderDecoder  

backbone.wrapper.vit.blocks.23.mlp.fc2.bias - torch.Size([1024]): 
The value is the same before and after calling `init_weights` of EncoderDecoder  

backbone.wrapper.vit.blocks.23.ls2.gamma - torch.Size([1024]): 
The value is the same before and after calling `init_weights` of EncoderDecoder  

backbone.wrapper.vit.norm.weight - torch.Size([1024]): 
The value is the same before and after calling `init_weights` of EncoderDecoder  

backbone.wrapper.vit.norm.bias - torch.Size([1024]): 
The value is the same before and after calling `init_weights` of EncoderDecoder  

backbone.wrapper.fusion.mask_token - torch.Size([1, 1024]): 
The value is the same before and after calling `init_weights` of EncoderDecoder  

backbone.wrapper.fusion.fusion_mask_token - torch.Size([1, 1, 1024]): 
The value is the same before and after calling `init_weights` of EncoderDecoder  

backbone.wrapper.fusion.cross_scale - torch.Size([1]): 
The value is the same before and after calling `init_weights` of EncoderDecoder  

backbone.wrapper.fusion.blocks.0.self_attn.create_qkv.weight - torch.Size([3072, 1024]): 
The value is the same before and after calling `init_weights` of EncoderDecoder  

backbone.wrapper.fusion.blocks.0.self_attn.out.weight - torch.Size([1024, 1024]): 
The value is the same before and after calling `init_weights` of EncoderDecoder  

backbone.wrapper.fusion.blocks.0.self_attn.out.bias - torch.Size([1024]): 
The value is the same before and after calling `init_weights` of EncoderDecoder  

backbone.wrapper.fusion.blocks.0.self_attn.norm.weight - torch.Size([1024]): 
The value is the same before and after calling `init_weights` of EncoderDecoder  

backbone.wrapper.fusion.blocks.0.self_attn.norm.bias - torch.Size([1024]): 
The value is the same before and after calling `init_weights` of EncoderDecoder  

backbone.wrapper.fusion.blocks.0.cross_attn.create_q.weight - torch.Size([1024, 1024]): 
The value is the same before and after calling `init_weights` of EncoderDecoder  

backbone.wrapper.fusion.blocks.0.cross_attn.create_k.weight - torch.Size([1024, 1024]): 
The value is the same before and after calling `init_weights` of EncoderDecoder  

backbone.wrapper.fusion.blocks.0.cross_attn.create_v.weight - torch.Size([1024, 1024]): 
The value is the same before and after calling `init_weights` of EncoderDecoder  

backbone.wrapper.fusion.blocks.0.cross_attn.to_out.weight - torch.Size([1024, 1024]): 
The value is the same before and after calling `init_weights` of EncoderDecoder  

backbone.wrapper.fusion.blocks.0.cross_attn.to_out.bias - torch.Size([1024]): 
The value is the same before and after calling `init_weights` of EncoderDecoder  

backbone.wrapper.fusion.blocks.0.cross_attn.norm_x.weight - torch.Size([1024]): 
The value is the same before and after calling `init_weights` of EncoderDecoder  

backbone.wrapper.fusion.blocks.0.cross_attn.norm_x.bias - torch.Size([1024]): 
The value is the same before and after calling `init_weights` of EncoderDecoder  

backbone.wrapper.fusion.blocks.0.cross_attn.norm_context.weight - torch.Size([1024]): 
The value is the same before and after calling `init_weights` of EncoderDecoder  

backbone.wrapper.fusion.blocks.0.cross_attn.norm_context.bias - torch.Size([1024]): 
The value is the same before and after calling `init_weights` of EncoderDecoder  

backbone.wrapper.fusion.blocks.0.ffn.net.0.weight - torch.Size([4096, 1024]): 
The value is the same before and after calling `init_weights` of EncoderDecoder  

backbone.wrapper.fusion.blocks.0.ffn.net.0.bias - torch.Size([4096]): 
The value is the same before and after calling `init_weights` of EncoderDecoder  

backbone.wrapper.fusion.blocks.0.ffn.net.3.weight - torch.Size([1024, 4096]): 
The value is the same before and after calling `init_weights` of EncoderDecoder  

backbone.wrapper.fusion.blocks.0.ffn.net.3.bias - torch.Size([1024]): 
The value is the same before and after calling `init_weights` of EncoderDecoder  

backbone.wrapper.fusion.blocks.0.ffn.input_norm.weight - torch.Size([1024]): 
The value is the same before and after calling `init_weights` of EncoderDecoder  

backbone.wrapper.fusion.blocks.0.ffn.input_norm.bias - torch.Size([1024]): 
The value is the same before and after calling `init_weights` of EncoderDecoder  

backbone.wrapper.fusion.blocks.1.self_attn.create_qkv.weight - torch.Size([3072, 1024]): 
The value is the same before and after calling `init_weights` of EncoderDecoder  

backbone.wrapper.fusion.blocks.1.self_attn.out.weight - torch.Size([1024, 1024]): 
The value is the same before and after calling `init_weights` of EncoderDecoder  

backbone.wrapper.fusion.blocks.1.self_attn.out.bias - torch.Size([1024]): 
The value is the same before and after calling `init_weights` of EncoderDecoder  

backbone.wrapper.fusion.blocks.1.self_attn.norm.weight - torch.Size([1024]): 
The value is the same before and after calling `init_weights` of EncoderDecoder  

backbone.wrapper.fusion.blocks.1.self_attn.norm.bias - torch.Size([1024]): 
The value is the same before and after calling `init_weights` of EncoderDecoder  

backbone.wrapper.fusion.blocks.1.cross_attn.create_q.weight - torch.Size([1024, 1024]): 
The value is the same before and after calling `init_weights` of EncoderDecoder  

backbone.wrapper.fusion.blocks.1.cross_attn.create_k.weight - torch.Size([1024, 1024]): 
The value is the same before and after calling `init_weights` of EncoderDecoder  

backbone.wrapper.fusion.blocks.1.cross_attn.create_v.weight - torch.Size([1024, 1024]): 
The value is the same before and after calling `init_weights` of EncoderDecoder  

backbone.wrapper.fusion.blocks.1.cross_attn.to_out.weight - torch.Size([1024, 1024]): 
The value is the same before and after calling `init_weights` of EncoderDecoder  

backbone.wrapper.fusion.blocks.1.cross_attn.to_out.bias - torch.Size([1024]): 
The value is the same before and after calling `init_weights` of EncoderDecoder  

backbone.wrapper.fusion.blocks.1.cross_attn.norm_x.weight - torch.Size([1024]): 
The value is the same before and after calling `init_weights` of EncoderDecoder  

backbone.wrapper.fusion.blocks.1.cross_attn.norm_x.bias - torch.Size([1024]): 
The value is the same before and after calling `init_weights` of EncoderDecoder  

backbone.wrapper.fusion.blocks.1.cross_attn.norm_context.weight - torch.Size([1024]): 
The value is the same before and after calling `init_weights` of EncoderDecoder  

backbone.wrapper.fusion.blocks.1.cross_attn.norm_context.bias - torch.Size([1024]): 
The value is the same before and after calling `init_weights` of EncoderDecoder  

backbone.wrapper.fusion.blocks.1.ffn.net.0.weight - torch.Size([4096, 1024]): 
The value is the same before and after calling `init_weights` of EncoderDecoder  

backbone.wrapper.fusion.blocks.1.ffn.net.0.bias - torch.Size([4096]): 
The value is the same before and after calling `init_weights` of EncoderDecoder  

backbone.wrapper.fusion.blocks.1.ffn.net.3.weight - torch.Size([1024, 4096]): 
The value is the same before and after calling `init_weights` of EncoderDecoder  

backbone.wrapper.fusion.blocks.1.ffn.net.3.bias - torch.Size([1024]): 
The value is the same before and after calling `init_weights` of EncoderDecoder  

backbone.wrapper.fusion.blocks.1.ffn.input_norm.weight - torch.Size([1024]): 
The value is the same before and after calling `init_weights` of EncoderDecoder  

backbone.wrapper.fusion.blocks.1.ffn.input_norm.bias - torch.Size([1024]): 
The value is the same before and after calling `init_weights` of EncoderDecoder  

backbone.wrapper.fusion.blocks.2.self_attn.create_qkv.weight - torch.Size([3072, 1024]): 
The value is the same before and after calling `init_weights` of EncoderDecoder  

backbone.wrapper.fusion.blocks.2.self_attn.out.weight - torch.Size([1024, 1024]): 
The value is the same before and after calling `init_weights` of EncoderDecoder  

backbone.wrapper.fusion.blocks.2.self_attn.out.bias - torch.Size([1024]): 
The value is the same before and after calling `init_weights` of EncoderDecoder  

backbone.wrapper.fusion.blocks.2.self_attn.norm.weight - torch.Size([1024]): 
The value is the same before and after calling `init_weights` of EncoderDecoder  

backbone.wrapper.fusion.blocks.2.self_attn.norm.bias - torch.Size([1024]): 
The value is the same before and after calling `init_weights` of EncoderDecoder  

backbone.wrapper.fusion.blocks.2.cross_attn.create_q.weight - torch.Size([1024, 1024]): 
The value is the same before and after calling `init_weights` of EncoderDecoder  

backbone.wrapper.fusion.blocks.2.cross_attn.create_k.weight - torch.Size([1024, 1024]): 
The value is the same before and after calling `init_weights` of EncoderDecoder  

backbone.wrapper.fusion.blocks.2.cross_attn.create_v.weight - torch.Size([1024, 1024]): 
The value is the same before and after calling `init_weights` of EncoderDecoder  

backbone.wrapper.fusion.blocks.2.cross_attn.to_out.weight - torch.Size([1024, 1024]): 
The value is the same before and after calling `init_weights` of EncoderDecoder  

backbone.wrapper.fusion.blocks.2.cross_attn.to_out.bias - torch.Size([1024]): 
The value is the same before and after calling `init_weights` of EncoderDecoder  

backbone.wrapper.fusion.blocks.2.cross_attn.norm_x.weight - torch.Size([1024]): 
The value is the same before and after calling `init_weights` of EncoderDecoder  

backbone.wrapper.fusion.blocks.2.cross_attn.norm_x.bias - torch.Size([1024]): 
The value is the same before and after calling `init_weights` of EncoderDecoder  

backbone.wrapper.fusion.blocks.2.cross_attn.norm_context.weight - torch.Size([1024]): 
The value is the same before and after calling `init_weights` of EncoderDecoder  

backbone.wrapper.fusion.blocks.2.cross_attn.norm_context.bias - torch.Size([1024]): 
The value is the same before and after calling `init_weights` of EncoderDecoder  

backbone.wrapper.fusion.blocks.2.ffn.net.0.weight - torch.Size([4096, 1024]): 
The value is the same before and after calling `init_weights` of EncoderDecoder  

backbone.wrapper.fusion.blocks.2.ffn.net.0.bias - torch.Size([4096]): 
The value is the same before and after calling `init_weights` of EncoderDecoder  

backbone.wrapper.fusion.blocks.2.ffn.net.3.weight - torch.Size([1024, 4096]): 
The value is the same before and after calling `init_weights` of EncoderDecoder  

backbone.wrapper.fusion.blocks.2.ffn.net.3.bias - torch.Size([1024]): 
The value is the same before and after calling `init_weights` of EncoderDecoder  

backbone.wrapper.fusion.blocks.2.ffn.input_norm.weight - torch.Size([1024]): 
The value is the same before and after calling `init_weights` of EncoderDecoder  

backbone.wrapper.fusion.blocks.2.ffn.input_norm.bias - torch.Size([1024]): 
The value is the same before and after calling `init_weights` of EncoderDecoder  

backbone.wrapper.fusion.norm_out.weight - torch.Size([1024]): 
The value is the same before and after calling `init_weights` of EncoderDecoder  

backbone.wrapper.fusion.norm_out.bias - torch.Size([1024]): 
The value is the same before and after calling `init_weights` of EncoderDecoder  

backbone.wrapper.embed_head.decoder.0.weight - torch.Size([1024, 768]): 
The value is the same before and after calling `init_weights` of EncoderDecoder  

backbone.wrapper.embed_head.decoder.0.bias - torch.Size([1024]): 
The value is the same before and after calling `init_weights` of EncoderDecoder  

backbone.wrapper.embed_head.decoder.1.weight - torch.Size([1024]): 
The value is the same before and after calling `init_weights` of EncoderDecoder  

backbone.wrapper.embed_head.decoder.1.bias - torch.Size([1024]): 
The value is the same before and after calling `init_weights` of EncoderDecoder  

backbone.adapter.level_embed - torch.Size([3, 1024]): 
The value is the same before and after calling `init_weights` of EncoderDecoder  

backbone.adapter.spm.stem.0.weight - torch.Size([64, 3, 3, 3]): 
The value is the same before and after calling `init_weights` of EncoderDecoder  

backbone.adapter.spm.stem.1.weight - torch.Size([64]): 
The value is the same before and after calling `init_weights` of EncoderDecoder  

backbone.adapter.spm.stem.1.bias - torch.Size([64]): 
The value is the same before and after calling `init_weights` of EncoderDecoder  

backbone.adapter.spm.stem.3.weight - torch.Size([64, 64, 3, 3]): 
The value is the same before and after calling `init_weights` of EncoderDecoder  

backbone.adapter.spm.stem.4.weight - torch.Size([64]): 
The value is the same before and after calling `init_weights` of EncoderDecoder  

backbone.adapter.spm.stem.4.bias - torch.Size([64]): 
The value is the same before and after calling `init_weights` of EncoderDecoder  

backbone.adapter.spm.stem.6.weight - torch.Size([64, 64, 3, 3]): 
The value is the same before and after calling `init_weights` of EncoderDecoder  

backbone.adapter.spm.stem.7.weight - torch.Size([64]): 
The value is the same before and after calling `init_weights` of EncoderDecoder  

backbone.adapter.spm.stem.7.bias - torch.Size([64]): 
The value is the same before and after calling `init_weights` of EncoderDecoder  

backbone.adapter.spm.conv2.0.weight - torch.Size([128, 64, 3, 3]): 
The value is the same before and after calling `init_weights` of EncoderDecoder  

backbone.adapter.spm.conv2.1.weight - torch.Size([128]): 
The value is the same before and after calling `init_weights` of EncoderDecoder  

backbone.adapter.spm.conv2.1.bias - torch.Size([128]): 
The value is the same before and after calling `init_weights` of EncoderDecoder  

backbone.adapter.spm.conv3.0.weight - torch.Size([256, 128, 3, 3]): 
The value is the same before and after calling `init_weights` of EncoderDecoder  

backbone.adapter.spm.conv3.1.weight - torch.Size([256]): 
The value is the same before and after calling `init_weights` of EncoderDecoder  

backbone.adapter.spm.conv3.1.bias - torch.Size([256]): 
The value is the same before and after calling `init_weights` of EncoderDecoder  

backbone.adapter.spm.conv4.0.weight - torch.Size([256, 256, 3, 3]): 
The value is the same before and after calling `init_weights` of EncoderDecoder  

backbone.adapter.spm.conv4.1.weight - torch.Size([256]): 
The value is the same before and after calling `init_weights` of EncoderDecoder  

backbone.adapter.spm.conv4.1.bias - torch.Size([256]): 
The value is the same before and after calling `init_weights` of EncoderDecoder  

backbone.adapter.spm.fc1.weight - torch.Size([1024, 64, 1, 1]): 
The value is the same before and after calling `init_weights` of EncoderDecoder  

backbone.adapter.spm.fc1.bias - torch.Size([1024]): 
The value is the same before and after calling `init_weights` of EncoderDecoder  

backbone.adapter.spm.fc2.weight - torch.Size([1024, 128, 1, 1]): 
The value is the same before and after calling `init_weights` of EncoderDecoder  

backbone.adapter.spm.fc2.bias - torch.Size([1024]): 
The value is the same before and after calling `init_weights` of EncoderDecoder  

backbone.adapter.spm.fc3.weight - torch.Size([1024, 256, 1, 1]): 
The value is the same before and after calling `init_weights` of EncoderDecoder  

backbone.adapter.spm.fc3.bias - torch.Size([1024]): 
The value is the same before and after calling `init_weights` of EncoderDecoder  

backbone.adapter.spm.fc4.weight - torch.Size([1024, 256, 1, 1]): 
The value is the same before and after calling `init_weights` of EncoderDecoder  

backbone.adapter.spm.fc4.bias - torch.Size([1024]): 
The value is the same before and after calling `init_weights` of EncoderDecoder  

backbone.adapter.interactions.0.extractor.query_norm.weight - torch.Size([1024]): 
The value is the same before and after calling `init_weights` of EncoderDecoder  

backbone.adapter.interactions.0.extractor.query_norm.bias - torch.Size([1024]): 
The value is the same before and after calling `init_weights` of EncoderDecoder  

backbone.adapter.interactions.0.extractor.feat_norm.weight - torch.Size([1024]): 
The value is the same before and after calling `init_weights` of EncoderDecoder  

backbone.adapter.interactions.0.extractor.feat_norm.bias - torch.Size([1024]): 
The value is the same before and after calling `init_weights` of EncoderDecoder  

backbone.adapter.interactions.0.extractor.attn.attn.sampling_offsets.weight - torch.Size([128, 1024]): 
The value is the same before and after calling `init_weights` of EncoderDecoder  

backbone.adapter.interactions.0.extractor.attn.attn.sampling_offsets.bias - torch.Size([128]): 
The value is the same before and after calling `init_weights` of EncoderDecoder  

backbone.adapter.interactions.0.extractor.attn.attn.attention_weights.weight - torch.Size([64, 1024]): 
The value is the same before and after calling `init_weights` of EncoderDecoder  

backbone.adapter.interactions.0.extractor.attn.attn.attention_weights.bias - torch.Size([64]): 
The value is the same before and after calling `init_weights` of EncoderDecoder  

backbone.adapter.interactions.0.extractor.attn.attn.value_proj.weight - torch.Size([1024, 1024]): 
The value is the same before and after calling `init_weights` of EncoderDecoder  

backbone.adapter.interactions.0.extractor.attn.attn.value_proj.bias - torch.Size([1024]): 
The value is the same before and after calling `init_weights` of EncoderDecoder  

backbone.adapter.interactions.0.extractor.attn.attn.output_proj.weight - torch.Size([1024, 1024]): 
The value is the same before and after calling `init_weights` of EncoderDecoder  

backbone.adapter.interactions.0.extractor.attn.attn.output_proj.bias - torch.Size([1024]): 
The value is the same before and after calling `init_weights` of EncoderDecoder  

backbone.adapter.interactions.0.extractor.ffn.fc1.weight - torch.Size([256, 1024]): 
The value is the same before and after calling `init_weights` of EncoderDecoder  

backbone.adapter.interactions.0.extractor.ffn.fc1.bias - torch.Size([256]): 
The value is the same before and after calling `init_weights` of EncoderDecoder  

backbone.adapter.interactions.0.extractor.ffn.dwconv.dwconv.weight - torch.Size([256, 1, 3, 3]): 
The value is the same before and after calling `init_weights` of EncoderDecoder  

backbone.adapter.interactions.0.extractor.ffn.dwconv.dwconv.bias - torch.Size([256]): 
The value is the same before and after calling `init_weights` of EncoderDecoder  

backbone.adapter.interactions.0.extractor.ffn.fc2.weight - torch.Size([1024, 256]): 
The value is the same before and after calling `init_weights` of EncoderDecoder  

backbone.adapter.interactions.0.extractor.ffn.fc2.bias - torch.Size([1024]): 
The value is the same before and after calling `init_weights` of EncoderDecoder  

backbone.adapter.interactions.0.extractor.ffn_norm.weight - torch.Size([1024]): 
The value is the same before and after calling `init_weights` of EncoderDecoder  

backbone.adapter.interactions.0.extractor.ffn_norm.bias - torch.Size([1024]): 
The value is the same before and after calling `init_weights` of EncoderDecoder  

backbone.adapter.interactions.1.extractor.query_norm.weight - torch.Size([1024]): 
The value is the same before and after calling `init_weights` of EncoderDecoder  

backbone.adapter.interactions.1.extractor.query_norm.bias - torch.Size([1024]): 
The value is the same before and after calling `init_weights` of EncoderDecoder  

backbone.adapter.interactions.1.extractor.feat_norm.weight - torch.Size([1024]): 
The value is the same before and after calling `init_weights` of EncoderDecoder  

backbone.adapter.interactions.1.extractor.feat_norm.bias - torch.Size([1024]): 
The value is the same before and after calling `init_weights` of EncoderDecoder  

backbone.adapter.interactions.1.extractor.attn.attn.sampling_offsets.weight - torch.Size([128, 1024]): 
The value is the same before and after calling `init_weights` of EncoderDecoder  

backbone.adapter.interactions.1.extractor.attn.attn.sampling_offsets.bias - torch.Size([128]): 
The value is the same before and after calling `init_weights` of EncoderDecoder  

backbone.adapter.interactions.1.extractor.attn.attn.attention_weights.weight - torch.Size([64, 1024]): 
The value is the same before and after calling `init_weights` of EncoderDecoder  

backbone.adapter.interactions.1.extractor.attn.attn.attention_weights.bias - torch.Size([64]): 
The value is the same before and after calling `init_weights` of EncoderDecoder  

backbone.adapter.interactions.1.extractor.attn.attn.value_proj.weight - torch.Size([1024, 1024]): 
The value is the same before and after calling `init_weights` of EncoderDecoder  

backbone.adapter.interactions.1.extractor.attn.attn.value_proj.bias - torch.Size([1024]): 
The value is the same before and after calling `init_weights` of EncoderDecoder  

backbone.adapter.interactions.1.extractor.attn.attn.output_proj.weight - torch.Size([1024, 1024]): 
The value is the same before and after calling `init_weights` of EncoderDecoder  

backbone.adapter.interactions.1.extractor.attn.attn.output_proj.bias - torch.Size([1024]): 
The value is the same before and after calling `init_weights` of EncoderDecoder  

backbone.adapter.interactions.1.extractor.ffn.fc1.weight - torch.Size([256, 1024]): 
The value is the same before and after calling `init_weights` of EncoderDecoder  

backbone.adapter.interactions.1.extractor.ffn.fc1.bias - torch.Size([256]): 
The value is the same before and after calling `init_weights` of EncoderDecoder  

backbone.adapter.interactions.1.extractor.ffn.dwconv.dwconv.weight - torch.Size([256, 1, 3, 3]): 
The value is the same before and after calling `init_weights` of EncoderDecoder  

backbone.adapter.interactions.1.extractor.ffn.dwconv.dwconv.bias - torch.Size([256]): 
The value is the same before and after calling `init_weights` of EncoderDecoder  

backbone.adapter.interactions.1.extractor.ffn.fc2.weight - torch.Size([1024, 256]): 
The value is the same before and after calling `init_weights` of EncoderDecoder  

backbone.adapter.interactions.1.extractor.ffn.fc2.bias - torch.Size([1024]): 
The value is the same before and after calling `init_weights` of EncoderDecoder  

backbone.adapter.interactions.1.extractor.ffn_norm.weight - torch.Size([1024]): 
The value is the same before and after calling `init_weights` of EncoderDecoder  

backbone.adapter.interactions.1.extractor.ffn_norm.bias - torch.Size([1024]): 
The value is the same before and after calling `init_weights` of EncoderDecoder  

backbone.adapter.interactions.2.extractor.query_norm.weight - torch.Size([1024]): 
The value is the same before and after calling `init_weights` of EncoderDecoder  

backbone.adapter.interactions.2.extractor.query_norm.bias - torch.Size([1024]): 
The value is the same before and after calling `init_weights` of EncoderDecoder  

backbone.adapter.interactions.2.extractor.feat_norm.weight - torch.Size([1024]): 
The value is the same before and after calling `init_weights` of EncoderDecoder  

backbone.adapter.interactions.2.extractor.feat_norm.bias - torch.Size([1024]): 
The value is the same before and after calling `init_weights` of EncoderDecoder  

backbone.adapter.interactions.2.extractor.attn.attn.sampling_offsets.weight - torch.Size([128, 1024]): 
The value is the same before and after calling `init_weights` of EncoderDecoder  

backbone.adapter.interactions.2.extractor.attn.attn.sampling_offsets.bias - torch.Size([128]): 
The value is the same before and after calling `init_weights` of EncoderDecoder  

backbone.adapter.interactions.2.extractor.attn.attn.attention_weights.weight - torch.Size([64, 1024]): 
The value is the same before and after calling `init_weights` of EncoderDecoder  

backbone.adapter.interactions.2.extractor.attn.attn.attention_weights.bias - torch.Size([64]): 
The value is the same before and after calling `init_weights` of EncoderDecoder  

backbone.adapter.interactions.2.extractor.attn.attn.value_proj.weight - torch.Size([1024, 1024]): 
The value is the same before and after calling `init_weights` of EncoderDecoder  

backbone.adapter.interactions.2.extractor.attn.attn.value_proj.bias - torch.Size([1024]): 
The value is the same before and after calling `init_weights` of EncoderDecoder  

backbone.adapter.interactions.2.extractor.attn.attn.output_proj.weight - torch.Size([1024, 1024]): 
The value is the same before and after calling `init_weights` of EncoderDecoder  

backbone.adapter.interactions.2.extractor.attn.attn.output_proj.bias - torch.Size([1024]): 
The value is the same before and after calling `init_weights` of EncoderDecoder  

backbone.adapter.interactions.2.extractor.ffn.fc1.weight - torch.Size([256, 1024]): 
The value is the same before and after calling `init_weights` of EncoderDecoder  

backbone.adapter.interactions.2.extractor.ffn.fc1.bias - torch.Size([256]): 
The value is the same before and after calling `init_weights` of EncoderDecoder  

backbone.adapter.interactions.2.extractor.ffn.dwconv.dwconv.weight - torch.Size([256, 1, 3, 3]): 
The value is the same before and after calling `init_weights` of EncoderDecoder  

backbone.adapter.interactions.2.extractor.ffn.dwconv.dwconv.bias - torch.Size([256]): 
The value is the same before and after calling `init_weights` of EncoderDecoder  

backbone.adapter.interactions.2.extractor.ffn.fc2.weight - torch.Size([1024, 256]): 
The value is the same before and after calling `init_weights` of EncoderDecoder  

backbone.adapter.interactions.2.extractor.ffn.fc2.bias - torch.Size([1024]): 
The value is the same before and after calling `init_weights` of EncoderDecoder  

backbone.adapter.interactions.2.extractor.ffn_norm.weight - torch.Size([1024]): 
The value is the same before and after calling `init_weights` of EncoderDecoder  

backbone.adapter.interactions.2.extractor.ffn_norm.bias - torch.Size([1024]): 
The value is the same before and after calling `init_weights` of EncoderDecoder  

backbone.adapter.interactions.3.extractor.query_norm.weight - torch.Size([1024]): 
The value is the same before and after calling `init_weights` of EncoderDecoder  

backbone.adapter.interactions.3.extractor.query_norm.bias - torch.Size([1024]): 
The value is the same before and after calling `init_weights` of EncoderDecoder  

backbone.adapter.interactions.3.extractor.feat_norm.weight - torch.Size([1024]): 
The value is the same before and after calling `init_weights` of EncoderDecoder  

backbone.adapter.interactions.3.extractor.feat_norm.bias - torch.Size([1024]): 
The value is the same before and after calling `init_weights` of EncoderDecoder  

backbone.adapter.interactions.3.extractor.attn.attn.sampling_offsets.weight - torch.Size([128, 1024]): 
The value is the same before and after calling `init_weights` of EncoderDecoder  

backbone.adapter.interactions.3.extractor.attn.attn.sampling_offsets.bias - torch.Size([128]): 
The value is the same before and after calling `init_weights` of EncoderDecoder  

backbone.adapter.interactions.3.extractor.attn.attn.attention_weights.weight - torch.Size([64, 1024]): 
The value is the same before and after calling `init_weights` of EncoderDecoder  

backbone.adapter.interactions.3.extractor.attn.attn.attention_weights.bias - torch.Size([64]): 
The value is the same before and after calling `init_weights` of EncoderDecoder  

backbone.adapter.interactions.3.extractor.attn.attn.value_proj.weight - torch.Size([1024, 1024]): 
The value is the same before and after calling `init_weights` of EncoderDecoder  

backbone.adapter.interactions.3.extractor.attn.attn.value_proj.bias - torch.Size([1024]): 
The value is the same before and after calling `init_weights` of EncoderDecoder  

backbone.adapter.interactions.3.extractor.attn.attn.output_proj.weight - torch.Size([1024, 1024]): 
The value is the same before and after calling `init_weights` of EncoderDecoder  

backbone.adapter.interactions.3.extractor.attn.attn.output_proj.bias - torch.Size([1024]): 
The value is the same before and after calling `init_weights` of EncoderDecoder  

backbone.adapter.interactions.3.extractor.ffn.fc1.weight - torch.Size([256, 1024]): 
The value is the same before and after calling `init_weights` of EncoderDecoder  

backbone.adapter.interactions.3.extractor.ffn.fc1.bias - torch.Size([256]): 
The value is the same before and after calling `init_weights` of EncoderDecoder  

backbone.adapter.interactions.3.extractor.ffn.dwconv.dwconv.weight - torch.Size([256, 1, 3, 3]): 
The value is the same before and after calling `init_weights` of EncoderDecoder  

backbone.adapter.interactions.3.extractor.ffn.dwconv.dwconv.bias - torch.Size([256]): 
The value is the same before and after calling `init_weights` of EncoderDecoder  

backbone.adapter.interactions.3.extractor.ffn.fc2.weight - torch.Size([1024, 256]): 
The value is the same before and after calling `init_weights` of EncoderDecoder  

backbone.adapter.interactions.3.extractor.ffn.fc2.bias - torch.Size([1024]): 
The value is the same before and after calling `init_weights` of EncoderDecoder  

backbone.adapter.interactions.3.extractor.ffn_norm.weight - torch.Size([1024]): 
The value is the same before and after calling `init_weights` of EncoderDecoder  

backbone.adapter.interactions.3.extractor.ffn_norm.bias - torch.Size([1024]): 
The value is the same before and after calling `init_weights` of EncoderDecoder  

backbone.adapter.interactions.3.extra_extractors.0.query_norm.weight - torch.Size([1024]): 
The value is the same before and after calling `init_weights` of EncoderDecoder  

backbone.adapter.interactions.3.extra_extractors.0.query_norm.bias - torch.Size([1024]): 
The value is the same before and after calling `init_weights` of EncoderDecoder  

backbone.adapter.interactions.3.extra_extractors.0.feat_norm.weight - torch.Size([1024]): 
The value is the same before and after calling `init_weights` of EncoderDecoder  

backbone.adapter.interactions.3.extra_extractors.0.feat_norm.bias - torch.Size([1024]): 
The value is the same before and after calling `init_weights` of EncoderDecoder  

backbone.adapter.interactions.3.extra_extractors.0.attn.attn.sampling_offsets.weight - torch.Size([128, 1024]): 
The value is the same before and after calling `init_weights` of EncoderDecoder  

backbone.adapter.interactions.3.extra_extractors.0.attn.attn.sampling_offsets.bias - torch.Size([128]): 
The value is the same before and after calling `init_weights` of EncoderDecoder  

backbone.adapter.interactions.3.extra_extractors.0.attn.attn.attention_weights.weight - torch.Size([64, 1024]): 
The value is the same before and after calling `init_weights` of EncoderDecoder  

backbone.adapter.interactions.3.extra_extractors.0.attn.attn.attention_weights.bias - torch.Size([64]): 
The value is the same before and after calling `init_weights` of EncoderDecoder  

backbone.adapter.interactions.3.extra_extractors.0.attn.attn.value_proj.weight - torch.Size([1024, 1024]): 
The value is the same before and after calling `init_weights` of EncoderDecoder  

backbone.adapter.interactions.3.extra_extractors.0.attn.attn.value_proj.bias - torch.Size([1024]): 
The value is the same before and after calling `init_weights` of EncoderDecoder  

backbone.adapter.interactions.3.extra_extractors.0.attn.attn.output_proj.weight - torch.Size([1024, 1024]): 
The value is the same before and after calling `init_weights` of EncoderDecoder  

backbone.adapter.interactions.3.extra_extractors.0.attn.attn.output_proj.bias - torch.Size([1024]): 
The value is the same before and after calling `init_weights` of EncoderDecoder  

backbone.adapter.interactions.3.extra_extractors.0.ffn.fc1.weight - torch.Size([256, 1024]): 
The value is the same before and after calling `init_weights` of EncoderDecoder  

backbone.adapter.interactions.3.extra_extractors.0.ffn.fc1.bias - torch.Size([256]): 
The value is the same before and after calling `init_weights` of EncoderDecoder  

backbone.adapter.interactions.3.extra_extractors.0.ffn.dwconv.dwconv.weight - torch.Size([256, 1, 3, 3]): 
The value is the same before and after calling `init_weights` of EncoderDecoder  

backbone.adapter.interactions.3.extra_extractors.0.ffn.dwconv.dwconv.bias - torch.Size([256]): 
The value is the same before and after calling `init_weights` of EncoderDecoder  

backbone.adapter.interactions.3.extra_extractors.0.ffn.fc2.weight - torch.Size([1024, 256]): 
The value is the same before and after calling `init_weights` of EncoderDecoder  

backbone.adapter.interactions.3.extra_extractors.0.ffn.fc2.bias - torch.Size([1024]): 
The value is the same before and after calling `init_weights` of EncoderDecoder  

backbone.adapter.interactions.3.extra_extractors.0.ffn_norm.weight - torch.Size([1024]): 
The value is the same before and after calling `init_weights` of EncoderDecoder  

backbone.adapter.interactions.3.extra_extractors.0.ffn_norm.bias - torch.Size([1024]): 
The value is the same before and after calling `init_weights` of EncoderDecoder  

backbone.adapter.interactions.3.extra_extractors.1.query_norm.weight - torch.Size([1024]): 
The value is the same before and after calling `init_weights` of EncoderDecoder  

backbone.adapter.interactions.3.extra_extractors.1.query_norm.bias - torch.Size([1024]): 
The value is the same before and after calling `init_weights` of EncoderDecoder  

backbone.adapter.interactions.3.extra_extractors.1.feat_norm.weight - torch.Size([1024]): 
The value is the same before and after calling `init_weights` of EncoderDecoder  

backbone.adapter.interactions.3.extra_extractors.1.feat_norm.bias - torch.Size([1024]): 
The value is the same before and after calling `init_weights` of EncoderDecoder  

backbone.adapter.interactions.3.extra_extractors.1.attn.attn.sampling_offsets.weight - torch.Size([128, 1024]): 
The value is the same before and after calling `init_weights` of EncoderDecoder  

backbone.adapter.interactions.3.extra_extractors.1.attn.attn.sampling_offsets.bias - torch.Size([128]): 
The value is the same before and after calling `init_weights` of EncoderDecoder  

backbone.adapter.interactions.3.extra_extractors.1.attn.attn.attention_weights.weight - torch.Size([64, 1024]): 
The value is the same before and after calling `init_weights` of EncoderDecoder  

backbone.adapter.interactions.3.extra_extractors.1.attn.attn.attention_weights.bias - torch.Size([64]): 
The value is the same before and after calling `init_weights` of EncoderDecoder  

backbone.adapter.interactions.3.extra_extractors.1.attn.attn.value_proj.weight - torch.Size([1024, 1024]): 
The value is the same before and after calling `init_weights` of EncoderDecoder  

backbone.adapter.interactions.3.extra_extractors.1.attn.attn.value_proj.bias - torch.Size([1024]): 
The value is the same before and after calling `init_weights` of EncoderDecoder  

backbone.adapter.interactions.3.extra_extractors.1.attn.attn.output_proj.weight - torch.Size([1024, 1024]): 
The value is the same before and after calling `init_weights` of EncoderDecoder  

backbone.adapter.interactions.3.extra_extractors.1.attn.attn.output_proj.bias - torch.Size([1024]): 
The value is the same before and after calling `init_weights` of EncoderDecoder  

backbone.adapter.interactions.3.extra_extractors.1.ffn.fc1.weight - torch.Size([256, 1024]): 
The value is the same before and after calling `init_weights` of EncoderDecoder  

backbone.adapter.interactions.3.extra_extractors.1.ffn.fc1.bias - torch.Size([256]): 
The value is the same before and after calling `init_weights` of EncoderDecoder  

backbone.adapter.interactions.3.extra_extractors.1.ffn.dwconv.dwconv.weight - torch.Size([256, 1, 3, 3]): 
The value is the same before and after calling `init_weights` of EncoderDecoder  

backbone.adapter.interactions.3.extra_extractors.1.ffn.dwconv.dwconv.bias - torch.Size([256]): 
The value is the same before and after calling `init_weights` of EncoderDecoder  

backbone.adapter.interactions.3.extra_extractors.1.ffn.fc2.weight - torch.Size([1024, 256]): 
The value is the same before and after calling `init_weights` of EncoderDecoder  

backbone.adapter.interactions.3.extra_extractors.1.ffn.fc2.bias - torch.Size([1024]): 
The value is the same before and after calling `init_weights` of EncoderDecoder  

backbone.adapter.interactions.3.extra_extractors.1.ffn_norm.weight - torch.Size([1024]): 
The value is the same before and after calling `init_weights` of EncoderDecoder  

backbone.adapter.interactions.3.extra_extractors.1.ffn_norm.bias - torch.Size([1024]): 
The value is the same before and after calling `init_weights` of EncoderDecoder  

backbone.adapter.up.weight - torch.Size([1024, 1024, 2, 2]): 
The value is the same before and after calling `init_weights` of EncoderDecoder  

backbone.adapter.up.bias - torch.Size([1024]): 
The value is the same before and after calling `init_weights` of EncoderDecoder  

backbone.adapter.norm1.weight - torch.Size([1024]): 
The value is the same before and after calling `init_weights` of EncoderDecoder  

backbone.adapter.norm1.bias - torch.Size([1024]): 
The value is the same before and after calling `init_weights` of EncoderDecoder  

backbone.adapter.norm2.weight - torch.Size([1024]): 
The value is the same before and after calling `init_weights` of EncoderDecoder  

backbone.adapter.norm2.bias - torch.Size([1024]): 
The value is the same before and after calling `init_weights` of EncoderDecoder  

backbone.adapter.norm3.weight - torch.Size([1024]): 
The value is the same before and after calling `init_weights` of EncoderDecoder  

backbone.adapter.norm3.bias - torch.Size([1024]): 
The value is the same before and after calling `init_weights` of EncoderDecoder  

backbone.adapter.norm4.weight - torch.Size([1024]): 
The value is the same before and after calling `init_weights` of EncoderDecoder  

backbone.adapter.norm4.bias - torch.Size([1024]): 
The value is the same before and after calling `init_weights` of EncoderDecoder  

decode_head.pixel_decoder.input_convs.0.conv.weight - torch.Size([256, 1024, 1, 1]): 
Initialized by user-defined `init_weights` in Mask2FormerHead  

decode_head.pixel_decoder.input_convs.0.conv.bias - torch.Size([256]): 
The value is the same before and after calling `init_weights` of EncoderDecoder  

decode_head.pixel_decoder.input_convs.0.gn.weight - torch.Size([256]): 
The value is the same before and after calling `init_weights` of EncoderDecoder  

decode_head.pixel_decoder.input_convs.0.gn.bias - torch.Size([256]): 
The value is the same before and after calling `init_weights` of EncoderDecoder  

decode_head.pixel_decoder.input_convs.1.conv.weight - torch.Size([256, 1024, 1, 1]): 
Initialized by user-defined `init_weights` in Mask2FormerHead  

decode_head.pixel_decoder.input_convs.1.conv.bias - torch.Size([256]): 
The value is the same before and after calling `init_weights` of EncoderDecoder  

decode_head.pixel_decoder.input_convs.1.gn.weight - torch.Size([256]): 
The value is the same before and after calling `init_weights` of EncoderDecoder  

decode_head.pixel_decoder.input_convs.1.gn.bias - torch.Size([256]): 
The value is the same before and after calling `init_weights` of EncoderDecoder  

decode_head.pixel_decoder.input_convs.2.conv.weight - torch.Size([256, 1024, 1, 1]): 
Initialized by user-defined `init_weights` in Mask2FormerHead  

decode_head.pixel_decoder.input_convs.2.conv.bias - torch.Size([256]): 
The value is the same before and after calling `init_weights` of EncoderDecoder  

decode_head.pixel_decoder.input_convs.2.gn.weight - torch.Size([256]): 
The value is the same before and after calling `init_weights` of EncoderDecoder  

decode_head.pixel_decoder.input_convs.2.gn.bias - torch.Size([256]): 
The value is the same before and after calling `init_weights` of EncoderDecoder  

decode_head.pixel_decoder.encoder.layers.0.self_attn.sampling_offsets.weight - torch.Size([192, 256]): 
The value is the same before and after calling `init_weights` of EncoderDecoder  

decode_head.pixel_decoder.encoder.layers.0.self_attn.sampling_offsets.bias - torch.Size([192]): 
Initialized by user-defined `init_weights` in Mask2FormerHead  

decode_head.pixel_decoder.encoder.layers.0.self_attn.attention_weights.weight - torch.Size([96, 256]): 
The value is the same before and after calling `init_weights` of EncoderDecoder  

decode_head.pixel_decoder.encoder.layers.0.self_attn.attention_weights.bias - torch.Size([96]): 
The value is the same before and after calling `init_weights` of EncoderDecoder  

decode_head.pixel_decoder.encoder.layers.0.self_attn.value_proj.weight - torch.Size([256, 256]): 
Initialized by user-defined `init_weights` in Mask2FormerHead  

decode_head.pixel_decoder.encoder.layers.0.self_attn.value_proj.bias - torch.Size([256]): 
The value is the same before and after calling `init_weights` of EncoderDecoder  

decode_head.pixel_decoder.encoder.layers.0.self_attn.output_proj.weight - torch.Size([256, 256]): 
Initialized by user-defined `init_weights` in Mask2FormerHead  

decode_head.pixel_decoder.encoder.layers.0.self_attn.output_proj.bias - torch.Size([256]): 
The value is the same before and after calling `init_weights` of EncoderDecoder  

decode_head.pixel_decoder.encoder.layers.0.ffn.layers.0.0.weight - torch.Size([1024, 256]): 
Initialized by user-defined `init_weights` in Mask2FormerHead  

decode_head.pixel_decoder.encoder.layers.0.ffn.layers.0.0.bias - torch.Size([1024]): 
The value is the same before and after calling `init_weights` of EncoderDecoder  

decode_head.pixel_decoder.encoder.layers.0.ffn.layers.1.weight - torch.Size([256, 1024]): 
Initialized by user-defined `init_weights` in Mask2FormerHead  

decode_head.pixel_decoder.encoder.layers.0.ffn.layers.1.bias - torch.Size([256]): 
The value is the same before and after calling `init_weights` of EncoderDecoder  

decode_head.pixel_decoder.encoder.layers.0.norms.0.weight - torch.Size([256]): 
The value is the same before and after calling `init_weights` of EncoderDecoder  

decode_head.pixel_decoder.encoder.layers.0.norms.0.bias - torch.Size([256]): 
The value is the same before and after calling `init_weights` of EncoderDecoder  

decode_head.pixel_decoder.encoder.layers.0.norms.1.weight - torch.Size([256]): 
The value is the same before and after calling `init_weights` of EncoderDecoder  

decode_head.pixel_decoder.encoder.layers.0.norms.1.bias - torch.Size([256]): 
The value is the same before and after calling `init_weights` of EncoderDecoder  

decode_head.pixel_decoder.encoder.layers.1.self_attn.sampling_offsets.weight - torch.Size([192, 256]): 
The value is the same before and after calling `init_weights` of EncoderDecoder  

decode_head.pixel_decoder.encoder.layers.1.self_attn.sampling_offsets.bias - torch.Size([192]): 
Initialized by user-defined `init_weights` in Mask2FormerHead  

decode_head.pixel_decoder.encoder.layers.1.self_attn.attention_weights.weight - torch.Size([96, 256]): 
The value is the same before and after calling `init_weights` of EncoderDecoder  

decode_head.pixel_decoder.encoder.layers.1.self_attn.attention_weights.bias - torch.Size([96]): 
The value is the same before and after calling `init_weights` of EncoderDecoder  

decode_head.pixel_decoder.encoder.layers.1.self_attn.value_proj.weight - torch.Size([256, 256]): 
Initialized by user-defined `init_weights` in Mask2FormerHead  

decode_head.pixel_decoder.encoder.layers.1.self_attn.value_proj.bias - torch.Size([256]): 
The value is the same before and after calling `init_weights` of EncoderDecoder  

decode_head.pixel_decoder.encoder.layers.1.self_attn.output_proj.weight - torch.Size([256, 256]): 
Initialized by user-defined `init_weights` in Mask2FormerHead  

decode_head.pixel_decoder.encoder.layers.1.self_attn.output_proj.bias - torch.Size([256]): 
The value is the same before and after calling `init_weights` of EncoderDecoder  

decode_head.pixel_decoder.encoder.layers.1.ffn.layers.0.0.weight - torch.Size([1024, 256]): 
Initialized by user-defined `init_weights` in Mask2FormerHead  

decode_head.pixel_decoder.encoder.layers.1.ffn.layers.0.0.bias - torch.Size([1024]): 
The value is the same before and after calling `init_weights` of EncoderDecoder  

decode_head.pixel_decoder.encoder.layers.1.ffn.layers.1.weight - torch.Size([256, 1024]): 
Initialized by user-defined `init_weights` in Mask2FormerHead  

decode_head.pixel_decoder.encoder.layers.1.ffn.layers.1.bias - torch.Size([256]): 
The value is the same before and after calling `init_weights` of EncoderDecoder  

decode_head.pixel_decoder.encoder.layers.1.norms.0.weight - torch.Size([256]): 
The value is the same before and after calling `init_weights` of EncoderDecoder  

decode_head.pixel_decoder.encoder.layers.1.norms.0.bias - torch.Size([256]): 
The value is the same before and after calling `init_weights` of EncoderDecoder  

decode_head.pixel_decoder.encoder.layers.1.norms.1.weight - torch.Size([256]): 
The value is the same before and after calling `init_weights` of EncoderDecoder  

decode_head.pixel_decoder.encoder.layers.1.norms.1.bias - torch.Size([256]): 
The value is the same before and after calling `init_weights` of EncoderDecoder  

decode_head.pixel_decoder.encoder.layers.2.self_attn.sampling_offsets.weight - torch.Size([192, 256]): 
The value is the same before and after calling `init_weights` of EncoderDecoder  

decode_head.pixel_decoder.encoder.layers.2.self_attn.sampling_offsets.bias - torch.Size([192]): 
Initialized by user-defined `init_weights` in Mask2FormerHead  

decode_head.pixel_decoder.encoder.layers.2.self_attn.attention_weights.weight - torch.Size([96, 256]): 
The value is the same before and after calling `init_weights` of EncoderDecoder  

decode_head.pixel_decoder.encoder.layers.2.self_attn.attention_weights.bias - torch.Size([96]): 
The value is the same before and after calling `init_weights` of EncoderDecoder  

decode_head.pixel_decoder.encoder.layers.2.self_attn.value_proj.weight - torch.Size([256, 256]): 
Initialized by user-defined `init_weights` in Mask2FormerHead  

decode_head.pixel_decoder.encoder.layers.2.self_attn.value_proj.bias - torch.Size([256]): 
The value is the same before and after calling `init_weights` of EncoderDecoder  

decode_head.pixel_decoder.encoder.layers.2.self_attn.output_proj.weight - torch.Size([256, 256]): 
Initialized by user-defined `init_weights` in Mask2FormerHead  

decode_head.pixel_decoder.encoder.layers.2.self_attn.output_proj.bias - torch.Size([256]): 
The value is the same before and after calling `init_weights` of EncoderDecoder  

decode_head.pixel_decoder.encoder.layers.2.ffn.layers.0.0.weight - torch.Size([1024, 256]): 
Initialized by user-defined `init_weights` in Mask2FormerHead  

decode_head.pixel_decoder.encoder.layers.2.ffn.layers.0.0.bias - torch.Size([1024]): 
The value is the same before and after calling `init_weights` of EncoderDecoder  

decode_head.pixel_decoder.encoder.layers.2.ffn.layers.1.weight - torch.Size([256, 1024]): 
Initialized by user-defined `init_weights` in Mask2FormerHead  

decode_head.pixel_decoder.encoder.layers.2.ffn.layers.1.bias - torch.Size([256]): 
The value is the same before and after calling `init_weights` of EncoderDecoder  

decode_head.pixel_decoder.encoder.layers.2.norms.0.weight - torch.Size([256]): 
The value is the same before and after calling `init_weights` of EncoderDecoder  

decode_head.pixel_decoder.encoder.layers.2.norms.0.bias - torch.Size([256]): 
The value is the same before and after calling `init_weights` of EncoderDecoder  

decode_head.pixel_decoder.encoder.layers.2.norms.1.weight - torch.Size([256]): 
The value is the same before and after calling `init_weights` of EncoderDecoder  

decode_head.pixel_decoder.encoder.layers.2.norms.1.bias - torch.Size([256]): 
The value is the same before and after calling `init_weights` of EncoderDecoder  

decode_head.pixel_decoder.encoder.layers.3.self_attn.sampling_offsets.weight - torch.Size([192, 256]): 
The value is the same before and after calling `init_weights` of EncoderDecoder  

decode_head.pixel_decoder.encoder.layers.3.self_attn.sampling_offsets.bias - torch.Size([192]): 
Initialized by user-defined `init_weights` in Mask2FormerHead  

decode_head.pixel_decoder.encoder.layers.3.self_attn.attention_weights.weight - torch.Size([96, 256]): 
The value is the same before and after calling `init_weights` of EncoderDecoder  

decode_head.pixel_decoder.encoder.layers.3.self_attn.attention_weights.bias - torch.Size([96]): 
The value is the same before and after calling `init_weights` of EncoderDecoder  

decode_head.pixel_decoder.encoder.layers.3.self_attn.value_proj.weight - torch.Size([256, 256]): 
Initialized by user-defined `init_weights` in Mask2FormerHead  

decode_head.pixel_decoder.encoder.layers.3.self_attn.value_proj.bias - torch.Size([256]): 
The value is the same before and after calling `init_weights` of EncoderDecoder  

decode_head.pixel_decoder.encoder.layers.3.self_attn.output_proj.weight - torch.Size([256, 256]): 
Initialized by user-defined `init_weights` in Mask2FormerHead  

decode_head.pixel_decoder.encoder.layers.3.self_attn.output_proj.bias - torch.Size([256]): 
The value is the same before and after calling `init_weights` of EncoderDecoder  

decode_head.pixel_decoder.encoder.layers.3.ffn.layers.0.0.weight - torch.Size([1024, 256]): 
Initialized by user-defined `init_weights` in Mask2FormerHead  

decode_head.pixel_decoder.encoder.layers.3.ffn.layers.0.0.bias - torch.Size([1024]): 
The value is the same before and after calling `init_weights` of EncoderDecoder  

decode_head.pixel_decoder.encoder.layers.3.ffn.layers.1.weight - torch.Size([256, 1024]): 
Initialized by user-defined `init_weights` in Mask2FormerHead  

decode_head.pixel_decoder.encoder.layers.3.ffn.layers.1.bias - torch.Size([256]): 
The value is the same before and after calling `init_weights` of EncoderDecoder  

decode_head.pixel_decoder.encoder.layers.3.norms.0.weight - torch.Size([256]): 
The value is the same before and after calling `init_weights` of EncoderDecoder  

decode_head.pixel_decoder.encoder.layers.3.norms.0.bias - torch.Size([256]): 
The value is the same before and after calling `init_weights` of EncoderDecoder  

decode_head.pixel_decoder.encoder.layers.3.norms.1.weight - torch.Size([256]): 
The value is the same before and after calling `init_weights` of EncoderDecoder  

decode_head.pixel_decoder.encoder.layers.3.norms.1.bias - torch.Size([256]): 
The value is the same before and after calling `init_weights` of EncoderDecoder  

decode_head.pixel_decoder.encoder.layers.4.self_attn.sampling_offsets.weight - torch.Size([192, 256]): 
The value is the same before and after calling `init_weights` of EncoderDecoder  

decode_head.pixel_decoder.encoder.layers.4.self_attn.sampling_offsets.bias - torch.Size([192]): 
Initialized by user-defined `init_weights` in Mask2FormerHead  

decode_head.pixel_decoder.encoder.layers.4.self_attn.attention_weights.weight - torch.Size([96, 256]): 
The value is the same before and after calling `init_weights` of EncoderDecoder  

decode_head.pixel_decoder.encoder.layers.4.self_attn.attention_weights.bias - torch.Size([96]): 
The value is the same before and after calling `init_weights` of EncoderDecoder  

decode_head.pixel_decoder.encoder.layers.4.self_attn.value_proj.weight - torch.Size([256, 256]): 
Initialized by user-defined `init_weights` in Mask2FormerHead  

decode_head.pixel_decoder.encoder.layers.4.self_attn.value_proj.bias - torch.Size([256]): 
The value is the same before and after calling `init_weights` of EncoderDecoder  

decode_head.pixel_decoder.encoder.layers.4.self_attn.output_proj.weight - torch.Size([256, 256]): 
Initialized by user-defined `init_weights` in Mask2FormerHead  

decode_head.pixel_decoder.encoder.layers.4.self_attn.output_proj.bias - torch.Size([256]): 
The value is the same before and after calling `init_weights` of EncoderDecoder  

decode_head.pixel_decoder.encoder.layers.4.ffn.layers.0.0.weight - torch.Size([1024, 256]): 
Initialized by user-defined `init_weights` in Mask2FormerHead  

decode_head.pixel_decoder.encoder.layers.4.ffn.layers.0.0.bias - torch.Size([1024]): 
The value is the same before and after calling `init_weights` of EncoderDecoder  

decode_head.pixel_decoder.encoder.layers.4.ffn.layers.1.weight - torch.Size([256, 1024]): 
Initialized by user-defined `init_weights` in Mask2FormerHead  

decode_head.pixel_decoder.encoder.layers.4.ffn.layers.1.bias - torch.Size([256]): 
The value is the same before and after calling `init_weights` of EncoderDecoder  

decode_head.pixel_decoder.encoder.layers.4.norms.0.weight - torch.Size([256]): 
The value is the same before and after calling `init_weights` of EncoderDecoder  

decode_head.pixel_decoder.encoder.layers.4.norms.0.bias - torch.Size([256]): 
The value is the same before and after calling `init_weights` of EncoderDecoder  

decode_head.pixel_decoder.encoder.layers.4.norms.1.weight - torch.Size([256]): 
The value is the same before and after calling `init_weights` of EncoderDecoder  

decode_head.pixel_decoder.encoder.layers.4.norms.1.bias - torch.Size([256]): 
The value is the same before and after calling `init_weights` of EncoderDecoder  

decode_head.pixel_decoder.encoder.layers.5.self_attn.sampling_offsets.weight - torch.Size([192, 256]): 
The value is the same before and after calling `init_weights` of EncoderDecoder  

decode_head.pixel_decoder.encoder.layers.5.self_attn.sampling_offsets.bias - torch.Size([192]): 
Initialized by user-defined `init_weights` in Mask2FormerHead  

decode_head.pixel_decoder.encoder.layers.5.self_attn.attention_weights.weight - torch.Size([96, 256]): 
The value is the same before and after calling `init_weights` of EncoderDecoder  

decode_head.pixel_decoder.encoder.layers.5.self_attn.attention_weights.bias - torch.Size([96]): 
The value is the same before and after calling `init_weights` of EncoderDecoder  

decode_head.pixel_decoder.encoder.layers.5.self_attn.value_proj.weight - torch.Size([256, 256]): 
Initialized by user-defined `init_weights` in Mask2FormerHead  

decode_head.pixel_decoder.encoder.layers.5.self_attn.value_proj.bias - torch.Size([256]): 
The value is the same before and after calling `init_weights` of EncoderDecoder  

decode_head.pixel_decoder.encoder.layers.5.self_attn.output_proj.weight - torch.Size([256, 256]): 
Initialized by user-defined `init_weights` in Mask2FormerHead  

decode_head.pixel_decoder.encoder.layers.5.self_attn.output_proj.bias - torch.Size([256]): 
The value is the same before and after calling `init_weights` of EncoderDecoder  

decode_head.pixel_decoder.encoder.layers.5.ffn.layers.0.0.weight - torch.Size([1024, 256]): 
Initialized by user-defined `init_weights` in Mask2FormerHead  

decode_head.pixel_decoder.encoder.layers.5.ffn.layers.0.0.bias - torch.Size([1024]): 
The value is the same before and after calling `init_weights` of EncoderDecoder  

decode_head.pixel_decoder.encoder.layers.5.ffn.layers.1.weight - torch.Size([256, 1024]): 
Initialized by user-defined `init_weights` in Mask2FormerHead  

decode_head.pixel_decoder.encoder.layers.5.ffn.layers.1.bias - torch.Size([256]): 
The value is the same before and after calling `init_weights` of EncoderDecoder  

decode_head.pixel_decoder.encoder.layers.5.norms.0.weight - torch.Size([256]): 
The value is the same before and after calling `init_weights` of EncoderDecoder  

decode_head.pixel_decoder.encoder.layers.5.norms.0.bias - torch.Size([256]): 
The value is the same before and after calling `init_weights` of EncoderDecoder  

decode_head.pixel_decoder.encoder.layers.5.norms.1.weight - torch.Size([256]): 
The value is the same before and after calling `init_weights` of EncoderDecoder  

decode_head.pixel_decoder.encoder.layers.5.norms.1.bias - torch.Size([256]): 
The value is the same before and after calling `init_weights` of EncoderDecoder  

decode_head.pixel_decoder.level_encoding.weight - torch.Size([3, 256]): 
Initialized by user-defined `init_weights` in Mask2FormerHead  

decode_head.pixel_decoder.lateral_convs.0.conv.weight - torch.Size([256, 1024, 1, 1]): 
Initialized by user-defined `init_weights` in Mask2FormerHead  

decode_head.pixel_decoder.lateral_convs.0.gn.weight - torch.Size([256]): 
The value is the same before and after calling `init_weights` of EncoderDecoder  

decode_head.pixel_decoder.lateral_convs.0.gn.bias - torch.Size([256]): 
The value is the same before and after calling `init_weights` of EncoderDecoder  

decode_head.pixel_decoder.output_convs.0.conv.weight - torch.Size([256, 256, 3, 3]): 
Initialized by user-defined `init_weights` in Mask2FormerHead  

decode_head.pixel_decoder.output_convs.0.gn.weight - torch.Size([256]): 
The value is the same before and after calling `init_weights` of EncoderDecoder  

decode_head.pixel_decoder.output_convs.0.gn.bias - torch.Size([256]): 
The value is the same before and after calling `init_weights` of EncoderDecoder  

decode_head.pixel_decoder.mask_feature.weight - torch.Size([256, 256, 1, 1]): 
Initialized by user-defined `init_weights` in Mask2FormerHead  

decode_head.pixel_decoder.mask_feature.bias - torch.Size([256]): 
Initialized by user-defined `init_weights` in Mask2FormerHead  

decode_head.transformer_decoder.layers.0.self_attn.attn.in_proj_weight - torch.Size([768, 256]): 
Initialized by user-defined `init_weights` in Mask2FormerHead  

decode_head.transformer_decoder.layers.0.self_attn.attn.in_proj_bias - torch.Size([768]): 
The value is the same before and after calling `init_weights` of EncoderDecoder  

decode_head.transformer_decoder.layers.0.self_attn.attn.out_proj.weight - torch.Size([256, 256]): 
Initialized by user-defined `init_weights` in Mask2FormerHead  

decode_head.transformer_decoder.layers.0.self_attn.attn.out_proj.bias - torch.Size([256]): 
The value is the same before and after calling `init_weights` of EncoderDecoder  

decode_head.transformer_decoder.layers.0.cross_attn.attn.in_proj_weight - torch.Size([768, 256]): 
Initialized by user-defined `init_weights` in Mask2FormerHead  

decode_head.transformer_decoder.layers.0.cross_attn.attn.in_proj_bias - torch.Size([768]): 
The value is the same before and after calling `init_weights` of EncoderDecoder  

decode_head.transformer_decoder.layers.0.cross_attn.attn.out_proj.weight - torch.Size([256, 256]): 
Initialized by user-defined `init_weights` in Mask2FormerHead  

decode_head.transformer_decoder.layers.0.cross_attn.attn.out_proj.bias - torch.Size([256]): 
The value is the same before and after calling `init_weights` of EncoderDecoder  

decode_head.transformer_decoder.layers.0.ffn.layers.0.0.weight - torch.Size([2048, 256]): 
Initialized by user-defined `init_weights` in Mask2FormerHead  

decode_head.transformer_decoder.layers.0.ffn.layers.0.0.bias - torch.Size([2048]): 
The value is the same before and after calling `init_weights` of EncoderDecoder  

decode_head.transformer_decoder.layers.0.ffn.layers.1.weight - torch.Size([256, 2048]): 
Initialized by user-defined `init_weights` in Mask2FormerHead  

decode_head.transformer_decoder.layers.0.ffn.layers.1.bias - torch.Size([256]): 
The value is the same before and after calling `init_weights` of EncoderDecoder  

decode_head.transformer_decoder.layers.0.norms.0.weight - torch.Size([256]): 
The value is the same before and after calling `init_weights` of EncoderDecoder  

decode_head.transformer_decoder.layers.0.norms.0.bias - torch.Size([256]): 
The value is the same before and after calling `init_weights` of EncoderDecoder  

decode_head.transformer_decoder.layers.0.norms.1.weight - torch.Size([256]): 
The value is the same before and after calling `init_weights` of EncoderDecoder  

decode_head.transformer_decoder.layers.0.norms.1.bias - torch.Size([256]): 
The value is the same before and after calling `init_weights` of EncoderDecoder  

decode_head.transformer_decoder.layers.0.norms.2.weight - torch.Size([256]): 
The value is the same before and after calling `init_weights` of EncoderDecoder  

decode_head.transformer_decoder.layers.0.norms.2.bias - torch.Size([256]): 
The value is the same before and after calling `init_weights` of EncoderDecoder  

decode_head.transformer_decoder.layers.1.self_attn.attn.in_proj_weight - torch.Size([768, 256]): 
Initialized by user-defined `init_weights` in Mask2FormerHead  

decode_head.transformer_decoder.layers.1.self_attn.attn.in_proj_bias - torch.Size([768]): 
The value is the same before and after calling `init_weights` of EncoderDecoder  

decode_head.transformer_decoder.layers.1.self_attn.attn.out_proj.weight - torch.Size([256, 256]): 
Initialized by user-defined `init_weights` in Mask2FormerHead  

decode_head.transformer_decoder.layers.1.self_attn.attn.out_proj.bias - torch.Size([256]): 
The value is the same before and after calling `init_weights` of EncoderDecoder  

decode_head.transformer_decoder.layers.1.cross_attn.attn.in_proj_weight - torch.Size([768, 256]): 
Initialized by user-defined `init_weights` in Mask2FormerHead  

decode_head.transformer_decoder.layers.1.cross_attn.attn.in_proj_bias - torch.Size([768]): 
The value is the same before and after calling `init_weights` of EncoderDecoder  

decode_head.transformer_decoder.layers.1.cross_attn.attn.out_proj.weight - torch.Size([256, 256]): 
Initialized by user-defined `init_weights` in Mask2FormerHead  

decode_head.transformer_decoder.layers.1.cross_attn.attn.out_proj.bias - torch.Size([256]): 
The value is the same before and after calling `init_weights` of EncoderDecoder  

decode_head.transformer_decoder.layers.1.ffn.layers.0.0.weight - torch.Size([2048, 256]): 
Initialized by user-defined `init_weights` in Mask2FormerHead  

decode_head.transformer_decoder.layers.1.ffn.layers.0.0.bias - torch.Size([2048]): 
The value is the same before and after calling `init_weights` of EncoderDecoder  

decode_head.transformer_decoder.layers.1.ffn.layers.1.weight - torch.Size([256, 2048]): 
Initialized by user-defined `init_weights` in Mask2FormerHead  

decode_head.transformer_decoder.layers.1.ffn.layers.1.bias - torch.Size([256]): 
The value is the same before and after calling `init_weights` of EncoderDecoder  

decode_head.transformer_decoder.layers.1.norms.0.weight - torch.Size([256]): 
The value is the same before and after calling `init_weights` of EncoderDecoder  

decode_head.transformer_decoder.layers.1.norms.0.bias - torch.Size([256]): 
The value is the same before and after calling `init_weights` of EncoderDecoder  

decode_head.transformer_decoder.layers.1.norms.1.weight - torch.Size([256]): 
The value is the same before and after calling `init_weights` of EncoderDecoder  

decode_head.transformer_decoder.layers.1.norms.1.bias - torch.Size([256]): 
The value is the same before and after calling `init_weights` of EncoderDecoder  

decode_head.transformer_decoder.layers.1.norms.2.weight - torch.Size([256]): 
The value is the same before and after calling `init_weights` of EncoderDecoder  

decode_head.transformer_decoder.layers.1.norms.2.bias - torch.Size([256]): 
The value is the same before and after calling `init_weights` of EncoderDecoder  

decode_head.transformer_decoder.layers.2.self_attn.attn.in_proj_weight - torch.Size([768, 256]): 
Initialized by user-defined `init_weights` in Mask2FormerHead  

decode_head.transformer_decoder.layers.2.self_attn.attn.in_proj_bias - torch.Size([768]): 
The value is the same before and after calling `init_weights` of EncoderDecoder  

decode_head.transformer_decoder.layers.2.self_attn.attn.out_proj.weight - torch.Size([256, 256]): 
Initialized by user-defined `init_weights` in Mask2FormerHead  

decode_head.transformer_decoder.layers.2.self_attn.attn.out_proj.bias - torch.Size([256]): 
The value is the same before and after calling `init_weights` of EncoderDecoder  

decode_head.transformer_decoder.layers.2.cross_attn.attn.in_proj_weight - torch.Size([768, 256]): 
Initialized by user-defined `init_weights` in Mask2FormerHead  

decode_head.transformer_decoder.layers.2.cross_attn.attn.in_proj_bias - torch.Size([768]): 
The value is the same before and after calling `init_weights` of EncoderDecoder  

decode_head.transformer_decoder.layers.2.cross_attn.attn.out_proj.weight - torch.Size([256, 256]): 
Initialized by user-defined `init_weights` in Mask2FormerHead  

decode_head.transformer_decoder.layers.2.cross_attn.attn.out_proj.bias - torch.Size([256]): 
The value is the same before and after calling `init_weights` of EncoderDecoder  

decode_head.transformer_decoder.layers.2.ffn.layers.0.0.weight - torch.Size([2048, 256]): 
Initialized by user-defined `init_weights` in Mask2FormerHead  

decode_head.transformer_decoder.layers.2.ffn.layers.0.0.bias - torch.Size([2048]): 
The value is the same before and after calling `init_weights` of EncoderDecoder  

decode_head.transformer_decoder.layers.2.ffn.layers.1.weight - torch.Size([256, 2048]): 
Initialized by user-defined `init_weights` in Mask2FormerHead  

decode_head.transformer_decoder.layers.2.ffn.layers.1.bias - torch.Size([256]): 
The value is the same before and after calling `init_weights` of EncoderDecoder  

decode_head.transformer_decoder.layers.2.norms.0.weight - torch.Size([256]): 
The value is the same before and after calling `init_weights` of EncoderDecoder  

decode_head.transformer_decoder.layers.2.norms.0.bias - torch.Size([256]): 
The value is the same before and after calling `init_weights` of EncoderDecoder  

decode_head.transformer_decoder.layers.2.norms.1.weight - torch.Size([256]): 
The value is the same before and after calling `init_weights` of EncoderDecoder  

decode_head.transformer_decoder.layers.2.norms.1.bias - torch.Size([256]): 
The value is the same before and after calling `init_weights` of EncoderDecoder  

decode_head.transformer_decoder.layers.2.norms.2.weight - torch.Size([256]): 
The value is the same before and after calling `init_weights` of EncoderDecoder  

decode_head.transformer_decoder.layers.2.norms.2.bias - torch.Size([256]): 
The value is the same before and after calling `init_weights` of EncoderDecoder  

decode_head.transformer_decoder.layers.3.self_attn.attn.in_proj_weight - torch.Size([768, 256]): 
Initialized by user-defined `init_weights` in Mask2FormerHead  

decode_head.transformer_decoder.layers.3.self_attn.attn.in_proj_bias - torch.Size([768]): 
The value is the same before and after calling `init_weights` of EncoderDecoder  

decode_head.transformer_decoder.layers.3.self_attn.attn.out_proj.weight - torch.Size([256, 256]): 
Initialized by user-defined `init_weights` in Mask2FormerHead  

decode_head.transformer_decoder.layers.3.self_attn.attn.out_proj.bias - torch.Size([256]): 
The value is the same before and after calling `init_weights` of EncoderDecoder  

decode_head.transformer_decoder.layers.3.cross_attn.attn.in_proj_weight - torch.Size([768, 256]): 
Initialized by user-defined `init_weights` in Mask2FormerHead  

decode_head.transformer_decoder.layers.3.cross_attn.attn.in_proj_bias - torch.Size([768]): 
The value is the same before and after calling `init_weights` of EncoderDecoder  

decode_head.transformer_decoder.layers.3.cross_attn.attn.out_proj.weight - torch.Size([256, 256]): 
Initialized by user-defined `init_weights` in Mask2FormerHead  

decode_head.transformer_decoder.layers.3.cross_attn.attn.out_proj.bias - torch.Size([256]): 
The value is the same before and after calling `init_weights` of EncoderDecoder  

decode_head.transformer_decoder.layers.3.ffn.layers.0.0.weight - torch.Size([2048, 256]): 
Initialized by user-defined `init_weights` in Mask2FormerHead  

decode_head.transformer_decoder.layers.3.ffn.layers.0.0.bias - torch.Size([2048]): 
The value is the same before and after calling `init_weights` of EncoderDecoder  

decode_head.transformer_decoder.layers.3.ffn.layers.1.weight - torch.Size([256, 2048]): 
Initialized by user-defined `init_weights` in Mask2FormerHead  

decode_head.transformer_decoder.layers.3.ffn.layers.1.bias - torch.Size([256]): 
The value is the same before and after calling `init_weights` of EncoderDecoder  

decode_head.transformer_decoder.layers.3.norms.0.weight - torch.Size([256]): 
The value is the same before and after calling `init_weights` of EncoderDecoder  

decode_head.transformer_decoder.layers.3.norms.0.bias - torch.Size([256]): 
The value is the same before and after calling `init_weights` of EncoderDecoder  

decode_head.transformer_decoder.layers.3.norms.1.weight - torch.Size([256]): 
The value is the same before and after calling `init_weights` of EncoderDecoder  

decode_head.transformer_decoder.layers.3.norms.1.bias - torch.Size([256]): 
The value is the same before and after calling `init_weights` of EncoderDecoder  

decode_head.transformer_decoder.layers.3.norms.2.weight - torch.Size([256]): 
The value is the same before and after calling `init_weights` of EncoderDecoder  

decode_head.transformer_decoder.layers.3.norms.2.bias - torch.Size([256]): 
The value is the same before and after calling `init_weights` of EncoderDecoder  

decode_head.transformer_decoder.layers.4.self_attn.attn.in_proj_weight - torch.Size([768, 256]): 
Initialized by user-defined `init_weights` in Mask2FormerHead  

decode_head.transformer_decoder.layers.4.self_attn.attn.in_proj_bias - torch.Size([768]): 
The value is the same before and after calling `init_weights` of EncoderDecoder  

decode_head.transformer_decoder.layers.4.self_attn.attn.out_proj.weight - torch.Size([256, 256]): 
Initialized by user-defined `init_weights` in Mask2FormerHead  

decode_head.transformer_decoder.layers.4.self_attn.attn.out_proj.bias - torch.Size([256]): 
The value is the same before and after calling `init_weights` of EncoderDecoder  

decode_head.transformer_decoder.layers.4.cross_attn.attn.in_proj_weight - torch.Size([768, 256]): 
Initialized by user-defined `init_weights` in Mask2FormerHead  

decode_head.transformer_decoder.layers.4.cross_attn.attn.in_proj_bias - torch.Size([768]): 
The value is the same before and after calling `init_weights` of EncoderDecoder  

decode_head.transformer_decoder.layers.4.cross_attn.attn.out_proj.weight - torch.Size([256, 256]): 
Initialized by user-defined `init_weights` in Mask2FormerHead  

decode_head.transformer_decoder.layers.4.cross_attn.attn.out_proj.bias - torch.Size([256]): 
The value is the same before and after calling `init_weights` of EncoderDecoder  

decode_head.transformer_decoder.layers.4.ffn.layers.0.0.weight - torch.Size([2048, 256]): 
Initialized by user-defined `init_weights` in Mask2FormerHead  

decode_head.transformer_decoder.layers.4.ffn.layers.0.0.bias - torch.Size([2048]): 
The value is the same before and after calling `init_weights` of EncoderDecoder  

decode_head.transformer_decoder.layers.4.ffn.layers.1.weight - torch.Size([256, 2048]): 
Initialized by user-defined `init_weights` in Mask2FormerHead  

decode_head.transformer_decoder.layers.4.ffn.layers.1.bias - torch.Size([256]): 
The value is the same before and after calling `init_weights` of EncoderDecoder  

decode_head.transformer_decoder.layers.4.norms.0.weight - torch.Size([256]): 
The value is the same before and after calling `init_weights` of EncoderDecoder  

decode_head.transformer_decoder.layers.4.norms.0.bias - torch.Size([256]): 
The value is the same before and after calling `init_weights` of EncoderDecoder  

decode_head.transformer_decoder.layers.4.norms.1.weight - torch.Size([256]): 
The value is the same before and after calling `init_weights` of EncoderDecoder  

decode_head.transformer_decoder.layers.4.norms.1.bias - torch.Size([256]): 
The value is the same before and after calling `init_weights` of EncoderDecoder  

decode_head.transformer_decoder.layers.4.norms.2.weight - torch.Size([256]): 
The value is the same before and after calling `init_weights` of EncoderDecoder  

decode_head.transformer_decoder.layers.4.norms.2.bias - torch.Size([256]): 
The value is the same before and after calling `init_weights` of EncoderDecoder  

decode_head.transformer_decoder.layers.5.self_attn.attn.in_proj_weight - torch.Size([768, 256]): 
Initialized by user-defined `init_weights` in Mask2FormerHead  

decode_head.transformer_decoder.layers.5.self_attn.attn.in_proj_bias - torch.Size([768]): 
The value is the same before and after calling `init_weights` of EncoderDecoder  

decode_head.transformer_decoder.layers.5.self_attn.attn.out_proj.weight - torch.Size([256, 256]): 
Initialized by user-defined `init_weights` in Mask2FormerHead  

decode_head.transformer_decoder.layers.5.self_attn.attn.out_proj.bias - torch.Size([256]): 
The value is the same before and after calling `init_weights` of EncoderDecoder  

decode_head.transformer_decoder.layers.5.cross_attn.attn.in_proj_weight - torch.Size([768, 256]): 
Initialized by user-defined `init_weights` in Mask2FormerHead  

decode_head.transformer_decoder.layers.5.cross_attn.attn.in_proj_bias - torch.Size([768]): 
The value is the same before and after calling `init_weights` of EncoderDecoder  

decode_head.transformer_decoder.layers.5.cross_attn.attn.out_proj.weight - torch.Size([256, 256]): 
Initialized by user-defined `init_weights` in Mask2FormerHead  

decode_head.transformer_decoder.layers.5.cross_attn.attn.out_proj.bias - torch.Size([256]): 
The value is the same before and after calling `init_weights` of EncoderDecoder  

decode_head.transformer_decoder.layers.5.ffn.layers.0.0.weight - torch.Size([2048, 256]): 
Initialized by user-defined `init_weights` in Mask2FormerHead  

decode_head.transformer_decoder.layers.5.ffn.layers.0.0.bias - torch.Size([2048]): 
The value is the same before and after calling `init_weights` of EncoderDecoder  

decode_head.transformer_decoder.layers.5.ffn.layers.1.weight - torch.Size([256, 2048]): 
Initialized by user-defined `init_weights` in Mask2FormerHead  

decode_head.transformer_decoder.layers.5.ffn.layers.1.bias - torch.Size([256]): 
The value is the same before and after calling `init_weights` of EncoderDecoder  

decode_head.transformer_decoder.layers.5.norms.0.weight - torch.Size([256]): 
The value is the same before and after calling `init_weights` of EncoderDecoder  

decode_head.transformer_decoder.layers.5.norms.0.bias - torch.Size([256]): 
The value is the same before and after calling `init_weights` of EncoderDecoder  

decode_head.transformer_decoder.layers.5.norms.1.weight - torch.Size([256]): 
The value is the same before and after calling `init_weights` of EncoderDecoder  

decode_head.transformer_decoder.layers.5.norms.1.bias - torch.Size([256]): 
The value is the same before and after calling `init_weights` of EncoderDecoder  

decode_head.transformer_decoder.layers.5.norms.2.weight - torch.Size([256]): 
The value is the same before and after calling `init_weights` of EncoderDecoder  

decode_head.transformer_decoder.layers.5.norms.2.bias - torch.Size([256]): 
The value is the same before and after calling `init_weights` of EncoderDecoder  

decode_head.transformer_decoder.layers.6.self_attn.attn.in_proj_weight - torch.Size([768, 256]): 
Initialized by user-defined `init_weights` in Mask2FormerHead  

decode_head.transformer_decoder.layers.6.self_attn.attn.in_proj_bias - torch.Size([768]): 
The value is the same before and after calling `init_weights` of EncoderDecoder  

decode_head.transformer_decoder.layers.6.self_attn.attn.out_proj.weight - torch.Size([256, 256]): 
Initialized by user-defined `init_weights` in Mask2FormerHead  

decode_head.transformer_decoder.layers.6.self_attn.attn.out_proj.bias - torch.Size([256]): 
The value is the same before and after calling `init_weights` of EncoderDecoder  

decode_head.transformer_decoder.layers.6.cross_attn.attn.in_proj_weight - torch.Size([768, 256]): 
Initialized by user-defined `init_weights` in Mask2FormerHead  

decode_head.transformer_decoder.layers.6.cross_attn.attn.in_proj_bias - torch.Size([768]): 
The value is the same before and after calling `init_weights` of EncoderDecoder  

decode_head.transformer_decoder.layers.6.cross_attn.attn.out_proj.weight - torch.Size([256, 256]): 
Initialized by user-defined `init_weights` in Mask2FormerHead  

decode_head.transformer_decoder.layers.6.cross_attn.attn.out_proj.bias - torch.Size([256]): 
The value is the same before and after calling `init_weights` of EncoderDecoder  

decode_head.transformer_decoder.layers.6.ffn.layers.0.0.weight - torch.Size([2048, 256]): 
Initialized by user-defined `init_weights` in Mask2FormerHead  

decode_head.transformer_decoder.layers.6.ffn.layers.0.0.bias - torch.Size([2048]): 
The value is the same before and after calling `init_weights` of EncoderDecoder  

decode_head.transformer_decoder.layers.6.ffn.layers.1.weight - torch.Size([256, 2048]): 
Initialized by user-defined `init_weights` in Mask2FormerHead  

decode_head.transformer_decoder.layers.6.ffn.layers.1.bias - torch.Size([256]): 
The value is the same before and after calling `init_weights` of EncoderDecoder  

decode_head.transformer_decoder.layers.6.norms.0.weight - torch.Size([256]): 
The value is the same before and after calling `init_weights` of EncoderDecoder  

decode_head.transformer_decoder.layers.6.norms.0.bias - torch.Size([256]): 
The value is the same before and after calling `init_weights` of EncoderDecoder  

decode_head.transformer_decoder.layers.6.norms.1.weight - torch.Size([256]): 
The value is the same before and after calling `init_weights` of EncoderDecoder  

decode_head.transformer_decoder.layers.6.norms.1.bias - torch.Size([256]): 
The value is the same before and after calling `init_weights` of EncoderDecoder  

decode_head.transformer_decoder.layers.6.norms.2.weight - torch.Size([256]): 
The value is the same before and after calling `init_weights` of EncoderDecoder  

decode_head.transformer_decoder.layers.6.norms.2.bias - torch.Size([256]): 
The value is the same before and after calling `init_weights` of EncoderDecoder  

decode_head.transformer_decoder.layers.7.self_attn.attn.in_proj_weight - torch.Size([768, 256]): 
Initialized by user-defined `init_weights` in Mask2FormerHead  

decode_head.transformer_decoder.layers.7.self_attn.attn.in_proj_bias - torch.Size([768]): 
The value is the same before and after calling `init_weights` of EncoderDecoder  

decode_head.transformer_decoder.layers.7.self_attn.attn.out_proj.weight - torch.Size([256, 256]): 
Initialized by user-defined `init_weights` in Mask2FormerHead  

decode_head.transformer_decoder.layers.7.self_attn.attn.out_proj.bias - torch.Size([256]): 
The value is the same before and after calling `init_weights` of EncoderDecoder  

decode_head.transformer_decoder.layers.7.cross_attn.attn.in_proj_weight - torch.Size([768, 256]): 
Initialized by user-defined `init_weights` in Mask2FormerHead  

decode_head.transformer_decoder.layers.7.cross_attn.attn.in_proj_bias - torch.Size([768]): 
The value is the same before and after calling `init_weights` of EncoderDecoder  

decode_head.transformer_decoder.layers.7.cross_attn.attn.out_proj.weight - torch.Size([256, 256]): 
Initialized by user-defined `init_weights` in Mask2FormerHead  

decode_head.transformer_decoder.layers.7.cross_attn.attn.out_proj.bias - torch.Size([256]): 
The value is the same before and after calling `init_weights` of EncoderDecoder  

decode_head.transformer_decoder.layers.7.ffn.layers.0.0.weight - torch.Size([2048, 256]): 
Initialized by user-defined `init_weights` in Mask2FormerHead  

decode_head.transformer_decoder.layers.7.ffn.layers.0.0.bias - torch.Size([2048]): 
The value is the same before and after calling `init_weights` of EncoderDecoder  

decode_head.transformer_decoder.layers.7.ffn.layers.1.weight - torch.Size([256, 2048]): 
Initialized by user-defined `init_weights` in Mask2FormerHead  

decode_head.transformer_decoder.layers.7.ffn.layers.1.bias - torch.Size([256]): 
The value is the same before and after calling `init_weights` of EncoderDecoder  

decode_head.transformer_decoder.layers.7.norms.0.weight - torch.Size([256]): 
The value is the same before and after calling `init_weights` of EncoderDecoder  

decode_head.transformer_decoder.layers.7.norms.0.bias - torch.Size([256]): 
The value is the same before and after calling `init_weights` of EncoderDecoder  

decode_head.transformer_decoder.layers.7.norms.1.weight - torch.Size([256]): 
The value is the same before and after calling `init_weights` of EncoderDecoder  

decode_head.transformer_decoder.layers.7.norms.1.bias - torch.Size([256]): 
The value is the same before and after calling `init_weights` of EncoderDecoder  

decode_head.transformer_decoder.layers.7.norms.2.weight - torch.Size([256]): 
The value is the same before and after calling `init_weights` of EncoderDecoder  

decode_head.transformer_decoder.layers.7.norms.2.bias - torch.Size([256]): 
The value is the same before and after calling `init_weights` of EncoderDecoder  

decode_head.transformer_decoder.layers.8.self_attn.attn.in_proj_weight - torch.Size([768, 256]): 
Initialized by user-defined `init_weights` in Mask2FormerHead  

decode_head.transformer_decoder.layers.8.self_attn.attn.in_proj_bias - torch.Size([768]): 
The value is the same before and after calling `init_weights` of EncoderDecoder  

decode_head.transformer_decoder.layers.8.self_attn.attn.out_proj.weight - torch.Size([256, 256]): 
Initialized by user-defined `init_weights` in Mask2FormerHead  

decode_head.transformer_decoder.layers.8.self_attn.attn.out_proj.bias - torch.Size([256]): 
The value is the same before and after calling `init_weights` of EncoderDecoder  

decode_head.transformer_decoder.layers.8.cross_attn.attn.in_proj_weight - torch.Size([768, 256]): 
Initialized by user-defined `init_weights` in Mask2FormerHead  

decode_head.transformer_decoder.layers.8.cross_attn.attn.in_proj_bias - torch.Size([768]): 
The value is the same before and after calling `init_weights` of EncoderDecoder  

decode_head.transformer_decoder.layers.8.cross_attn.attn.out_proj.weight - torch.Size([256, 256]): 
Initialized by user-defined `init_weights` in Mask2FormerHead  

decode_head.transformer_decoder.layers.8.cross_attn.attn.out_proj.bias - torch.Size([256]): 
The value is the same before and after calling `init_weights` of EncoderDecoder  

decode_head.transformer_decoder.layers.8.ffn.layers.0.0.weight - torch.Size([2048, 256]): 
Initialized by user-defined `init_weights` in Mask2FormerHead  

decode_head.transformer_decoder.layers.8.ffn.layers.0.0.bias - torch.Size([2048]): 
The value is the same before and after calling `init_weights` of EncoderDecoder  

decode_head.transformer_decoder.layers.8.ffn.layers.1.weight - torch.Size([256, 2048]): 
Initialized by user-defined `init_weights` in Mask2FormerHead  

decode_head.transformer_decoder.layers.8.ffn.layers.1.bias - torch.Size([256]): 
The value is the same before and after calling `init_weights` of EncoderDecoder  

decode_head.transformer_decoder.layers.8.norms.0.weight - torch.Size([256]): 
The value is the same before and after calling `init_weights` of EncoderDecoder  

decode_head.transformer_decoder.layers.8.norms.0.bias - torch.Size([256]): 
The value is the same before and after calling `init_weights` of EncoderDecoder  

decode_head.transformer_decoder.layers.8.norms.1.weight - torch.Size([256]): 
The value is the same before and after calling `init_weights` of EncoderDecoder  

decode_head.transformer_decoder.layers.8.norms.1.bias - torch.Size([256]): 
The value is the same before and after calling `init_weights` of EncoderDecoder  

decode_head.transformer_decoder.layers.8.norms.2.weight - torch.Size([256]): 
The value is the same before and after calling `init_weights` of EncoderDecoder  

decode_head.transformer_decoder.layers.8.norms.2.bias - torch.Size([256]): 
The value is the same before and after calling `init_weights` of EncoderDecoder  

decode_head.transformer_decoder.post_norm.weight - torch.Size([256]): 
The value is the same before and after calling `init_weights` of EncoderDecoder  

decode_head.transformer_decoder.post_norm.bias - torch.Size([256]): 
The value is the same before and after calling `init_weights` of EncoderDecoder  

decode_head.query_embed.weight - torch.Size([50, 256]): 
The value is the same before and after calling `init_weights` of EncoderDecoder  

decode_head.query_feat.weight - torch.Size([50, 256]): 
The value is the same before and after calling `init_weights` of EncoderDecoder  

decode_head.level_embed.weight - torch.Size([3, 256]): 
The value is the same before and after calling `init_weights` of EncoderDecoder  

decode_head.cls_embed.weight - torch.Size([6, 256]): 
The value is the same before and after calling `init_weights` of EncoderDecoder  

decode_head.cls_embed.bias - torch.Size([6]): 
The value is the same before and after calling `init_weights` of EncoderDecoder  

decode_head.mask_embed.0.weight - torch.Size([256, 256]): 
The value is the same before and after calling `init_weights` of EncoderDecoder  

decode_head.mask_embed.0.bias - torch.Size([256]): 
The value is the same before and after calling `init_weights` of EncoderDecoder  

decode_head.mask_embed.2.weight - torch.Size([256, 256]): 
The value is the same before and after calling `init_weights` of EncoderDecoder  

decode_head.mask_embed.2.bias - torch.Size([256]): 
The value is the same before and after calling `init_weights` of EncoderDecoder  

decode_head.mask_embed.4.weight - torch.Size([256, 256]): 
The value is the same before and after calling `init_weights` of EncoderDecoder  

decode_head.mask_embed.4.bias - torch.Size([256]): 
The value is the same before and after calling `init_weights` of EncoderDecoder  
2026/07/23 10:20:17 - mmengine - WARNING - "FileClient" will be deprecated in future. Please use io functions in https://mmengine.readthedocs.io/en/latest/api/fileio.html#file-io
2026/07/23 10:20:17 - mmengine - WARNING - "HardDiskBackend" is the alias of "LocalBackend" and the former will be deprecated in future.
2026/07/23 10:20:17 - mmengine - INFO - Checkpoints will be saved to /mnt/qh2-nas3/00-model/00-fb/fusion_potsdam/work_dirs/fusion_vits_m2f_9999.
2026/07/23 10:21:43 - mmengine - INFO - Iter(train) [  100/80000]  base_lr: 1.6989e-06 lr: 1.6989e-06  eta: 19:09:33  time: 0.6460  data_time: 0.0185  memory: 41124  grad_norm: 266.8698  loss: 80.3437  decode.loss_cls: 1.0914  decode.loss_mask: 3.2584  decode.loss_dice: 3.5179  decode.d0.loss_cls: 3.9925  decode.d0.loss_mask: 2.5631  decode.d0.loss_dice: 3.2301  decode.d1.loss_cls: 2.9786  decode.d1.loss_mask: 2.5927  decode.d1.loss_dice: 3.2689  decode.d2.loss_cls: 1.4512  decode.d2.loss_mask: 2.7583  decode.d2.loss_dice: 3.3051  decode.d3.loss_cls: 1.2966  decode.d3.loss_mask: 2.8538  decode.d3.loss_dice: 3.3663  decode.d4.loss_cls: 0.7542  decode.d4.loss_mask: 2.9451  decode.d4.loss_dice: 3.3851  decode.d5.loss_cls: 0.7664  decode.d5.loss_mask: 3.2320  decode.d5.loss_dice: 3.5793  decode.d6.loss_cls: 0.9115  decode.d6.loss_mask: 3.0728  decode.d6.loss_dice: 3.4942  decode.d7.loss_cls: 1.2727  decode.d7.loss_mask: 3.2058  decode.d7.loss_dice: 3.5015  decode.d8.loss_cls: 1.8021  decode.d8.loss_mask: 3.2785  decode.d8.loss_dice: 3.6176
2026/07/23 10:22:48 - mmengine - INFO - Iter(train) [  200/80000]  base_lr: 3.3645e-06 lr: 3.3645e-06  eta: 16:49:06  time: 0.6519  data_time: 0.0172  memory: 8426  grad_norm: 73.6135  loss: 72.2650  decode.loss_cls: 0.8692  decode.loss_mask: 2.5131  decode.loss_dice: 3.7395  decode.d0.loss_cls: 3.9377  decode.d0.loss_mask: 2.4371  decode.d0.loss_dice: 3.4669  decode.d1.loss_cls: 1.0775  decode.d1.loss_mask: 2.4021  decode.d1.loss_dice: 3.5366  decode.d2.loss_cls: 0.8548  decode.d2.loss_mask: 2.4055  decode.d2.loss_dice: 3.5535  decode.d3.loss_cls: 0.8505  decode.d3.loss_mask: 2.3868  decode.d3.loss_dice: 3.5469  decode.d4.loss_cls: 0.8501  decode.d4.loss_mask: 2.3656  decode.d4.loss_dice: 3.5997  decode.d5.loss_cls: 0.8634  decode.d5.loss_mask: 2.4808  decode.d5.loss_dice: 3.5468  decode.d6.loss_cls: 0.8807  decode.d6.loss_mask: 2.3636  decode.d6.loss_dice: 3.7019  decode.d7.loss_cls: 0.8749  decode.d7.loss_mask: 2.4229  decode.d7.loss_dice: 3.6869  decode.d8.loss_cls: 0.8739  decode.d8.loss_mask: 2.4917  decode.d8.loss_dice: 3.6844
2026/07/23 10:23:51 - mmengine - INFO - Iter(train) [  300/80000]  base_lr: 5.0300e-06 lr: 5.0300e-06  eta: 15:49:24  time: 0.6169  data_time: 0.0165  memory: 8435  grad_norm: 148.4430  loss: 64.4106  decode.loss_cls: 0.7337  decode.loss_mask: 2.3728  decode.loss_dice: 3.1977  decode.d0.loss_cls: 3.9288  decode.d0.loss_mask: 2.3245  decode.d0.loss_dice: 3.1647  decode.d1.loss_cls: 0.8129  decode.d1.loss_mask: 2.2817  decode.d1.loss_dice: 3.1315  decode.d2.loss_cls: 0.7192  decode.d2.loss_mask: 2.2886  decode.d2.loss_dice: 3.0825  decode.d3.loss_cls: 0.7160  decode.d3.loss_mask: 2.2346  decode.d3.loss_dice: 3.1043  decode.d4.loss_cls: 0.7153  decode.d4.loss_mask: 2.2386  decode.d4.loss_dice: 3.0522  decode.d5.loss_cls: 0.7235  decode.d5.loss_mask: 2.2162  decode.d5.loss_dice: 3.0618  decode.d6.loss_cls: 0.7332  decode.d6.loss_mask: 2.1903  decode.d6.loss_dice: 2.9948  decode.d7.loss_cls: 0.7276  decode.d7.loss_mask: 2.2699  decode.d7.loss_dice: 3.1097  decode.d8.loss_cls: 0.7485  decode.d8.loss_mask: 2.3199  decode.d8.loss_dice: 3.2158
2026/07/23 10:24:53 - mmengine - INFO - Iter(train) [  400/80000]  base_lr: 6.6956e-06 lr: 6.6956e-06  eta: 15:17:10  time: 0.6043  data_time: 0.0153  memory: 8435  grad_norm: 146.6957  loss: 59.9332  decode.loss_cls: 0.7666  decode.loss_mask: 2.0847  decode.loss_dice: 2.8845  decode.d0.loss_cls: 3.9137  decode.d0.loss_mask: 2.1758  decode.d0.loss_dice: 3.0317  decode.d1.loss_cls: 0.7963  decode.d1.loss_mask: 2.1173  decode.d1.loss_dice: 2.9457  decode.d2.loss_cls: 0.7324  decode.d2.loss_mask: 2.0788  decode.d2.loss_dice: 2.8502  decode.d3.loss_cls: 0.7044  decode.d3.loss_mask: 2.0612  decode.d3.loss_dice: 2.8029  decode.d4.loss_cls: 0.6897  decode.d4.loss_mask: 2.0371  decode.d4.loss_dice: 2.7726  decode.d5.loss_cls: 0.6975  decode.d5.loss_mask: 2.0856  decode.d5.loss_dice: 2.7951  decode.d6.loss_cls: 0.7322  decode.d6.loss_mask: 2.0499  decode.d6.loss_dice: 2.7878  decode.d7.loss_cls: 0.7264  decode.d7.loss_mask: 2.0641  decode.d7.loss_dice: 2.8246  decode.d8.loss_cls: 0.7494  decode.d8.loss_mask: 2.0903  decode.d8.loss_dice: 2.8847
2026/07/23 10:25:55 - mmengine - INFO - Iter(train) [  500/80000]  base_lr: 8.3611e-06 lr: 8.3611e-06  eta: 14:58:00  time: 0.6079  data_time: 0.0155  memory: 8426  grad_norm: 178.3232  loss: 46.4818  decode.loss_cls: 0.6124  decode.loss_mask: 1.5752  decode.loss_dice: 2.1089  decode.d0.loss_cls: 3.8827  decode.d0.loss_mask: 1.8154  decode.d0.loss_dice: 2.5649  decode.d1.loss_cls: 0.6972  decode.d1.loss_mask: 1.6558  decode.d1.loss_dice: 2.2922  decode.d2.loss_cls: 0.6083  decode.d2.loss_mask: 1.6081  decode.d2.loss_dice: 2.1778  decode.d3.loss_cls: 0.5548  decode.d3.loss_mask: 1.5886  decode.d3.loss_dice: 2.0985  decode.d4.loss_cls: 0.5262  decode.d4.loss_mask: 1.5468  decode.d4.loss_dice: 2.0144  decode.d5.loss_cls: 0.5524  decode.d5.loss_mask: 1.5426  decode.d5.loss_dice: 2.0145  decode.d6.loss_cls: 0.5603  decode.d6.loss_mask: 1.5439  decode.d6.loss_dice: 2.0222  decode.d7.loss_cls: 0.5705  decode.d7.loss_mask: 1.5576  decode.d7.loss_dice: 1.9987  decode.d8.loss_cls: 0.5860  decode.d8.loss_mask: 1.5502  decode.d8.loss_dice: 2.0547
2026/07/23 10:26:58 - mmengine - INFO - Iter(train) [  600/80000]  base_lr: 1.0027e-05 lr: 1.0027e-05  eta: 14:44:29  time: 0.6135  data_time: 0.0154  memory: 8435  grad_norm: 260.0922  loss: 48.4521  decode.loss_cls: 0.6042  decode.loss_mask: 1.8736  decode.loss_dice: 2.0698  decode.d0.loss_cls: 3.8230  decode.d0.loss_mask: 1.9488  decode.d0.loss_dice: 2.4274  decode.d1.loss_cls: 0.6464  decode.d1.loss_mask: 1.8742  decode.d1.loss_dice: 2.2472  decode.d2.loss_cls: 0.5811  decode.d2.loss_mask: 1.8366  decode.d2.loss_dice: 2.1216  decode.d3.loss_cls: 0.5381  decode.d3.loss_mask: 1.7983  decode.d3.loss_dice: 2.0498  decode.d4.loss_cls: 0.5202  decode.d4.loss_mask: 1.8084  decode.d4.loss_dice: 2.0382  decode.d5.loss_cls: 0.5305  decode.d5.loss_mask: 1.8351  decode.d5.loss_dice: 2.0369  decode.d6.loss_cls: 0.5542  decode.d6.loss_mask: 1.8070  decode.d6.loss_dice: 1.9918  decode.d7.loss_cls: 0.5603  decode.d7.loss_mask: 1.8116  decode.d7.loss_dice: 2.0504  decode.d8.loss_cls: 0.5700  decode.d8.loss_mask: 1.8147  decode.d8.loss_dice: 2.0826
2026/07/23 10:27:59 - mmengine - INFO - Iter(train) [  700/80000]  base_lr: 1.1692e-05 lr: 1.1692e-05  eta: 14:34:03  time: 0.6253  data_time: 0.0163  memory: 8435  grad_norm: 188.7303  loss: 42.4321  decode.loss_cls: 0.5189  decode.loss_mask: 1.5255  decode.loss_dice: 1.7993  decode.d0.loss_cls: 3.7622  decode.d0.loss_mask: 1.6858  decode.d0.loss_dice: 2.2858  decode.d1.loss_cls: 0.6138  decode.d1.loss_mask: 1.5344  decode.d1.loss_dice: 1.9474  decode.d2.loss_cls: 0.5158  decode.d2.loss_mask: 1.5673  decode.d2.loss_dice: 1.8515  decode.d3.loss_cls: 0.4450  decode.d3.loss_mask: 1.5666  decode.d3.loss_dice: 1.8360  decode.d4.loss_cls: 0.4280  decode.d4.loss_mask: 1.5560  decode.d4.loss_dice: 1.7858  decode.d5.loss_cls: 0.4601  decode.d5.loss_mask: 1.5254  decode.d5.loss_dice: 1.8040  decode.d6.loss_cls: 0.4648  decode.d6.loss_mask: 1.5361  decode.d6.loss_dice: 1.8115  decode.d7.loss_cls: 0.4820  decode.d7.loss_mask: 1.5372  decode.d7.loss_dice: 1.8065  decode.d8.loss_cls: 0.4955  decode.d8.loss_mask: 1.4999  decode.d8.loss_dice: 1.7843
2026/07/23 10:29:02 - mmengine - INFO - Iter(train) [  800/80000]  base_lr: 1.3358e-05 lr: 1.3358e-05  eta: 14:26:36  time: 0.6037  data_time: 0.0150  memory: 8435  grad_norm: 213.2926  loss: 46.7555  decode.loss_cls: 0.4099  decode.loss_mask: 1.9561  decode.loss_dice: 1.9499  decode.d0.loss_cls: 3.6868  decode.d0.loss_mask: 1.9338  decode.d0.loss_dice: 2.2152  decode.d1.loss_cls: 0.5569  decode.d1.loss_mask: 1.9417  decode.d1.loss_dice: 1.9810  decode.d2.loss_cls: 0.4559  decode.d2.loss_mask: 1.9580  decode.d2.loss_dice: 1.9602  decode.d3.loss_cls: 0.3962  decode.d3.loss_mask: 1.9680  decode.d3.loss_dice: 1.9430  decode.d4.loss_cls: 0.3854  decode.d4.loss_mask: 1.9830  decode.d4.loss_dice: 1.9380  decode.d5.loss_cls: 0.4167  decode.d5.loss_mask: 1.9598  decode.d5.loss_dice: 1.9370  decode.d6.loss_cls: 0.3737  decode.d6.loss_mask: 1.9555  decode.d6.loss_dice: 1.9046  decode.d7.loss_cls: 0.4049  decode.d7.loss_mask: 1.9713  decode.d7.loss_dice: 1.9165  decode.d8.loss_cls: 0.3974  decode.d8.loss_mask: 1.9476  decode.d8.loss_dice: 1.9518
2026/07/23 10:29:43 - mmengine - INFO - Exp name: fusion_vits_m2f_9999_20260723_101840
2026/07/23 10:29:43 - mmengine - WARNING - Reach the end of the dataloader, it will be restarted and continue to iterate. It is recommended to use `mmengine.dataset.InfiniteSampler` to enable the dataloader to iterate infinitely.
2026/07/23 10:30:10 - mmengine - INFO - Iter(train) [  900/80000]  base_lr: 1.5023e-05 lr: 1.5023e-05  eta: 14:29:30  time: 0.6659  data_time: 0.0186  memory: 8435  grad_norm: 246.5853  loss: 43.2963  decode.loss_cls: 0.4089  decode.loss_mask: 1.7135  decode.loss_dice: 1.8479  decode.d0.loss_cls: 3.7337  decode.d0.loss_mask: 1.7025  decode.d0.loss_dice: 2.1406  decode.d1.loss_cls: 0.4472  decode.d1.loss_mask: 1.7295  decode.d1.loss_dice: 1.9240  decode.d2.loss_cls: 0.3921  decode.d2.loss_mask: 1.7086  decode.d2.loss_dice: 1.8582  decode.d3.loss_cls: 0.3460  decode.d3.loss_mask: 1.7551  decode.d3.loss_dice: 1.8429  decode.d4.loss_cls: 0.3500  decode.d4.loss_mask: 1.7543  decode.d4.loss_dice: 1.8112  decode.d5.loss_cls: 0.3511  decode.d5.loss_mask: 1.7846  decode.d5.loss_dice: 1.8396  decode.d6.loss_cls: 0.3715  decode.d6.loss_mask: 1.7441  decode.d6.loss_dice: 1.8149  decode.d7.loss_cls: 0.3881  decode.d7.loss_mask: 1.7195  decode.d7.loss_dice: 1.8362  decode.d8.loss_cls: 0.3877  decode.d8.loss_mask: 1.7278  decode.d8.loss_dice: 1.8648
2026/07/23 10:31:17 - mmengine - INFO - Exp name: fusion_vits_m2f_9999_20260723_101840
2026/07/23 10:31:17 - mmengine - INFO - Iter(train) [ 1000/80000]  base_lr: 1.6689e-05 lr: 1.6689e-05  eta: 14:30:00  time: 0.6608  data_time: 0.0194  memory: 8426  grad_norm: 181.7503  loss: 39.3094  decode.loss_cls: 0.3211  decode.loss_mask: 1.6914  decode.loss_dice: 1.5608  decode.d0.loss_cls: 3.5954  decode.d0.loss_mask: 1.7053  decode.d0.loss_dice: 1.8049  decode.d1.loss_cls: 0.4157  decode.d1.loss_mask: 1.7204  decode.d1.loss_dice: 1.6060  decode.d2.loss_cls: 0.3024  decode.d2.loss_mask: 1.7310  decode.d2.loss_dice: 1.5813  decode.d3.loss_cls: 0.2535  decode.d3.loss_mask: 1.7283  decode.d3.loss_dice: 1.5883  decode.d4.loss_cls: 0.2468  decode.d4.loss_mask: 1.7468  decode.d4.loss_dice: 1.5767  decode.d5.loss_cls: 0.2734  decode.d5.loss_mask: 1.7203  decode.d5.loss_dice: 1.5453  decode.d6.loss_cls: 0.2635  decode.d6.loss_mask: 1.7319  decode.d6.loss_dice: 1.5305  decode.d7.loss_cls: 0.2834  decode.d7.loss_mask: 1.7349  decode.d7.loss_dice: 1.5407  decode.d8.loss_cls: 0.2979  decode.d8.loss_mask: 1.6885  decode.d8.loss_dice: 1.5231
2026/07/23 10:32:23 - mmengine - INFO - Iter(train) [ 1100/80000]  base_lr: 1.8354e-05 lr: 1.8354e-05  eta: 14:27:57  time: 0.6685  data_time: 0.0197  memory: 8435  grad_norm: 175.7997  loss: 39.0927  decode.loss_cls: 0.2323  decode.loss_mask: 1.7216  decode.loss_dice: 1.5999  decode.d0.loss_cls: 3.5275  decode.d0.loss_mask: 1.6798  decode.d0.loss_dice: 1.7932  decode.d1.loss_cls: 0.3441  decode.d1.loss_mask: 1.7543  decode.d1.loss_dice: 1.6035  decode.d2.loss_cls: 0.2163  decode.d2.loss_mask: 1.7857  decode.d2.loss_dice: 1.5930  decode.d3.loss_cls: 0.1695  decode.d3.loss_mask: 1.7707  decode.d3.loss_dice: 1.6157  decode.d4.loss_cls: 0.1513  decode.d4.loss_mask: 1.7808  decode.d4.loss_dice: 1.6335  decode.d5.loss_cls: 0.1656  decode.d5.loss_mask: 1.7663  decode.d5.loss_dice: 1.5918  decode.d6.loss_cls: 0.1688  decode.d6.loss_mask: 1.7301  decode.d6.loss_dice: 1.6410  decode.d7.loss_cls: 0.1640  decode.d7.loss_mask: 1.7438  decode.d7.loss_dice: 1.6133  decode.d8.loss_cls: 0.1866  decode.d8.loss_mask: 1.7279  decode.d8.loss_dice: 1.6208
2026/07/23 10:33:28 - mmengine - INFO - Iter(train) [ 1200/80000]  base_lr: 2.0020e-05 lr: 2.0020e-05  eta: 14:26:07  time: 0.6496  data_time: 0.0188  memory: 8435  grad_norm: 200.4188  loss: 42.2451  decode.loss_cls: 0.2113  decode.loss_mask: 1.7469  decode.loss_dice: 1.8933  decode.d0.loss_cls: 3.4387  decode.d0.loss_mask: 1.7035  decode.d0.loss_dice: 2.1515  decode.d1.loss_cls: 0.3096  decode.d1.loss_mask: 1.7630  decode.d1.loss_dice: 1.9420  decode.d2.loss_cls: 0.2194  decode.d2.loss_mask: 1.7755  decode.d2.loss_dice: 1.9585  decode.d3.loss_cls: 0.1947  decode.d3.loss_mask: 1.7635  decode.d3.loss_dice: 1.9342  decode.d4.loss_cls: 0.2016  decode.d4.loss_mask: 1.7612  decode.d4.loss_dice: 1.8828  decode.d5.loss_cls: 0.2031  decode.d5.loss_mask: 1.7439  decode.d5.loss_dice: 1.8609  decode.d6.loss_cls: 0.1975  decode.d6.loss_mask: 1.7432  decode.d6.loss_dice: 1.8802  decode.d7.loss_cls: 0.2073  decode.d7.loss_mask: 1.7548  decode.d7.loss_dice: 1.9007  decode.d8.loss_cls: 0.2066  decode.d8.loss_mask: 1.7903  decode.d8.loss_dice: 1.9055
2026/07/23 10:34:33 - mmengine - INFO - Iter(train) [ 1300/80000]  base_lr: 2.1686e-05 lr: 2.1686e-05  eta: 14:23:59  time: 0.6659  data_time: 0.0181  memory: 8426  grad_norm: 201.7866  loss: 35.1543  decode.loss_cls: 0.1650  decode.loss_mask: 1.5102  decode.loss_dice: 1.4991  decode.d0.loss_cls: 3.3938  decode.d0.loss_mask: 1.5350  decode.d0.loss_dice: 1.7077  decode.d1.loss_cls: 0.2671  decode.d1.loss_mask: 1.5205  decode.d1.loss_dice: 1.5220  decode.d2.loss_cls: 0.1857  decode.d2.loss_mask: 1.5218  decode.d2.loss_dice: 1.5036  decode.d3.loss_cls: 0.1627  decode.d3.loss_mask: 1.5239  decode.d3.loss_dice: 1.4993  decode.d4.loss_cls: 0.1646  decode.d4.loss_mask: 1.4868  decode.d4.loss_dice: 1.4793  decode.d5.loss_cls: 0.1679  decode.d5.loss_mask: 1.5023  decode.d5.loss_dice: 1.4526  decode.d6.loss_cls: 0.1637  decode.d6.loss_mask: 1.4872  decode.d6.loss_dice: 1.4664  decode.d7.loss_cls: 0.1545  decode.d7.loss_mask: 1.5180  decode.d7.loss_dice: 1.4548  decode.d8.loss_cls: 0.1538  decode.d8.loss_mask: 1.5096  decode.d8.loss_dice: 1.4753
2026/07/23 10:35:39 - mmengine - INFO - Iter(train) [ 1400/80000]  base_lr: 2.3351e-05 lr: 2.3351e-05  eta: 14:22:54  time: 0.6667  data_time: 0.0195  memory: 8435  grad_norm: 166.7080  loss: 34.4190  decode.loss_cls: 0.1418  decode.loss_mask: 1.4744  decode.loss_dice: 1.5005  decode.d0.loss_cls: 3.2370  decode.d0.loss_mask: 1.4729  decode.d0.loss_dice: 1.6308  decode.d1.loss_cls: 0.1840  decode.d1.loss_mask: 1.4875  decode.d1.loss_dice: 1.5052  decode.d2.loss_cls: 0.1271  decode.d2.loss_mask: 1.4863  decode.d2.loss_dice: 1.5046  decode.d3.loss_cls: 0.1191  decode.d3.loss_mask: 1.5031  decode.d3.loss_dice: 1.5171  decode.d4.loss_cls: 0.1303  decode.d4.loss_mask: 1.4745  decode.d4.loss_dice: 1.4931  decode.d5.loss_cls: 0.1427  decode.d5.loss_mask: 1.4513  decode.d5.loss_dice: 1.4941  decode.d6.loss_cls: 0.1341  decode.d6.loss_mask: 1.4900  decode.d6.loss_dice: 1.5035  decode.d7.loss_cls: 0.1382  decode.d7.loss_mask: 1.4868  decode.d7.loss_dice: 1.4860  decode.d8.loss_cls: 0.1540  decode.d8.loss_mask: 1.4726  decode.d8.loss_dice: 1.4764
2026/07/23 10:36:43 - mmengine - INFO - Iter(train) [ 1500/80000]  base_lr: 2.5017e-05 lr: 2.5017e-05  eta: 14:20:39  time: 0.6270  data_time: 0.0167  memory: 8435  grad_norm: 139.8268  loss: 33.8631  decode.loss_cls: 0.1442  decode.loss_mask: 1.4378  decode.loss_dice: 1.4716  decode.d0.loss_cls: 3.1358  decode.d0.loss_mask: 1.4011  decode.d0.loss_dice: 1.6601  decode.d1.loss_cls: 0.2147  decode.d1.loss_mask: 1.4136  decode.d1.loss_dice: 1.4773  decode.d2.loss_cls: 0.1529  decode.d2.loss_mask: 1.4456  decode.d2.loss_dice: 1.4590  decode.d3.loss_cls: 0.1326  decode.d3.loss_mask: 1.4561  decode.d3.loss_dice: 1.4882  decode.d4.loss_cls: 0.1248  decode.d4.loss_mask: 1.4654  decode.d4.loss_dice: 1.4856  decode.d5.loss_cls: 0.1218  decode.d5.loss_mask: 1.4660  decode.d5.loss_dice: 1.5236  decode.d6.loss_cls: 0.1437  decode.d6.loss_mask: 1.4337  decode.d6.loss_dice: 1.4818  decode.d7.loss_cls: 0.1520  decode.d7.loss_mask: 1.4404  decode.d7.loss_dice: 1.4858  decode.d8.loss_cls: 0.1450  decode.d8.loss_mask: 1.4369  decode.d8.loss_dice: 1.4659
2026/07/23 10:37:48 - mmengine - INFO - Iter(train) [ 1600/80000]  base_lr: 2.6682e-05 lr: 2.6682e-05  eta: 14:19:00  time: 0.6387  data_time: 0.0187  memory: 8435  grad_norm: 145.1284  loss: 31.8936  decode.loss_cls: 0.1724  decode.loss_mask: 1.3348  decode.loss_dice: 1.3793  decode.d0.loss_cls: 3.0709  decode.d0.loss_mask: 1.3745  decode.d0.loss_dice: 1.4503  decode.d1.loss_cls: 0.2199  decode.d1.loss_mask: 1.3221  decode.d1.loss_dice: 1.3730  decode.d2.loss_cls: 0.1859  decode.d2.loss_mask: 1.3309  decode.d2.loss_dice: 1.3639  decode.d3.loss_cls: 0.1498  decode.d3.loss_mask: 1.3854  decode.d3.loss_dice: 1.3756  decode.d4.loss_cls: 0.1631  decode.d4.loss_mask: 1.3663  decode.d4.loss_dice: 1.3840  decode.d5.loss_cls: 0.1728  decode.d5.loss_mask: 1.3271  decode.d5.loss_dice: 1.3819  decode.d6.loss_cls: 0.1708  decode.d6.loss_mask: 1.3406  decode.d6.loss_dice: 1.3855  decode.d7.loss_cls: 0.1828  decode.d7.loss_mask: 1.3138  decode.d7.loss_dice: 1.3745  decode.d8.loss_cls: 0.1833  decode.d8.loss_mask: 1.3041  decode.d8.loss_dice: 1.3540
2026/07/23 10:38:54 - mmengine - INFO - Iter(train) [ 1700/80000]  base_lr: 2.8348e-05 lr: 2.8348e-05  eta: 14:17:46  time: 0.6551  data_time: 0.0192  memory: 8435  grad_norm: 115.6252  loss: 32.5668  decode.loss_cls: 0.0658  decode.loss_mask: 1.4566  decode.loss_dice: 1.4286  decode.d0.loss_cls: 2.8720  decode.d0.loss_mask: 1.3924  decode.d0.loss_dice: 1.5989  decode.d1.loss_cls: 0.1369  decode.d1.loss_mask: 1.4006  decode.d1.loss_dice: 1.4808  decode.d2.loss_cls: 0.0952  decode.d2.loss_mask: 1.4028  decode.d2.loss_dice: 1.4360  decode.d3.loss_cls: 0.0727  decode.d3.loss_mask: 1.4301  decode.d3.loss_dice: 1.4440  decode.d4.loss_cls: 0.0637  decode.d4.loss_mask: 1.4449  decode.d4.loss_dice: 1.4558  decode.d5.loss_cls: 0.0695  decode.d5.loss_mask: 1.4651  decode.d5.loss_dice: 1.4497  decode.d6.loss_cls: 0.0628  decode.d6.loss_mask: 1.4458  decode.d6.loss_dice: 1.4389  decode.d7.loss_cls: 0.0577  decode.d7.loss_mask: 1.4887  decode.d7.loss_dice: 1.4525  decode.d8.loss_cls: 0.0695  decode.d8.loss_mask: 1.4636  decode.d8.loss_dice: 1.4249
2026/07/23 10:40:02 - mmengine - INFO - Iter(train) [ 1800/80000]  base_lr: 3.0013e-05 lr: 3.0013e-05  eta: 14:18:15  time: 0.6503  data_time: 0.0185  memory: 8435  grad_norm: 159.1636  loss: 36.6305  decode.loss_cls: 0.1821  decode.loss_mask: 1.6638  decode.loss_dice: 1.5785  decode.d0.loss_cls: 2.7584  decode.d0.loss_mask: 1.6552  decode.d0.loss_dice: 1.6589  decode.d1.loss_cls: 0.1903  decode.d1.loss_mask: 1.6740  decode.d1.loss_dice: 1.5833  decode.d2.loss_cls: 0.1568  decode.d2.loss_mask: 1.6808  decode.d2.loss_dice: 1.5751  decode.d3.loss_cls: 0.1997  decode.d3.loss_mask: 1.6377  decode.d3.loss_dice: 1.5393  decode.d4.loss_cls: 0.1951  decode.d4.loss_mask: 1.6573  decode.d4.loss_dice: 1.5220  decode.d5.loss_cls: 0.1866  decode.d5.loss_mask: 1.6466  decode.d5.loss_dice: 1.5195  decode.d6.loss_cls: 0.1973  decode.d6.loss_mask: 1.6550  decode.d6.loss_dice: 1.5353  decode.d7.loss_cls: 0.2018  decode.d7.loss_mask: 1.6539  decode.d7.loss_dice: 1.5142  decode.d8.loss_cls: 0.2049  decode.d8.loss_mask: 1.6702  decode.d8.loss_dice: 1.5369
2026/07/23 10:41:06 - mmengine - INFO - Iter(train) [ 1900/80000]  base_lr: 3.1679e-05 lr: 3.1679e-05  eta: 14:16:10  time: 0.6720  data_time: 0.0203  memory: 8426  grad_norm: 138.5177  loss: 32.1889  decode.loss_cls: 0.0915  decode.loss_mask: 1.4328  decode.loss_dice: 1.4462  decode.d0.loss_cls: 2.5998  decode.d0.loss_mask: 1.4185  decode.d0.loss_dice: 1.5433  decode.d1.loss_cls: 0.1426  decode.d1.loss_mask: 1.4218  decode.d1.loss_dice: 1.4474  decode.d2.loss_cls: 0.0991  decode.d2.loss_mask: 1.4412  decode.d2.loss_dice: 1.4383  decode.d3.loss_cls: 0.0871  decode.d3.loss_mask: 1.4338  decode.d3.loss_dice: 1.4364  decode.d4.loss_cls: 0.0860  decode.d4.loss_mask: 1.4301  decode.d4.loss_dice: 1.4303  decode.d5.loss_cls: 0.0828  decode.d5.loss_mask: 1.4272  decode.d5.loss_dice: 1.4310  decode.d6.loss_cls: 0.0925  decode.d6.loss_mask: 1.4310  decode.d6.loss_dice: 1.4166  decode.d7.loss_cls: 0.0874  decode.d7.loss_mask: 1.4326  decode.d7.loss_dice: 1.4115  decode.d8.loss_cls: 0.0921  decode.d8.loss_mask: 1.4293  decode.d8.loss_dice: 1.4287
2026/07/23 10:42:12 - mmengine - INFO - Exp name: fusion_vits_m2f_9999_20260723_101840
2026/07/23 10:42:12 - mmengine - INFO - Iter(train) [ 2000/80000]  base_lr: 3.3344e-05 lr: 3.3344e-05  eta: 14:14:51  time: 0.6576  data_time: 0.0181  memory: 8435  grad_norm: 112.7387  loss: 30.6686  decode.loss_cls: 0.0710  decode.loss_mask: 1.4074  decode.loss_dice: 1.3265  decode.d0.loss_cls: 2.3506  decode.d0.loss_mask: 1.4149  decode.d0.loss_dice: 1.4338  decode.d1.loss_cls: 0.1107  decode.d1.loss_mask: 1.4187  decode.d1.loss_dice: 1.3623  decode.d2.loss_cls: 0.0745  decode.d2.loss_mask: 1.4193  decode.d2.loss_dice: 1.3372  decode.d3.loss_cls: 0.0725  decode.d3.loss_mask: 1.4156  decode.d3.loss_dice: 1.3385  decode.d4.loss_cls: 0.0728  decode.d4.loss_mask: 1.4082  decode.d4.loss_dice: 1.3387  decode.d5.loss_cls: 0.0825  decode.d5.loss_mask: 1.4244  decode.d5.loss_dice: 1.3449  decode.d6.loss_cls: 0.0763  decode.d6.loss_mask: 1.4168  decode.d6.loss_dice: 1.3402  decode.d7.loss_cls: 0.0818  decode.d7.loss_mask: 1.4023  decode.d7.loss_dice: 1.3242  decode.d8.loss_cls: 0.0798  decode.d8.loss_mask: 1.3951  decode.d8.loss_dice: 1.3272
2026/07/23 10:42:12 - mmengine - INFO - Saving checkpoint at 2000 iterations
2026/07/23 10:43:06 - mmengine - INFO - Iter(val) [100/504]    eta: 0:01:30  time: 0.2087  data_time: 0.0090  memory: 3244  
2026/07/23 10:43:27 - mmengine - INFO - Iter(val) [200/504]    eta: 0:01:05  time: 0.2081  data_time: 0.0102  memory: 3244  
2026/07/23 10:43:48 - mmengine - INFO - Iter(val) [300/504]    eta: 0:00:43  time: 0.2234  data_time: 0.0108  memory: 3244  
2026/07/23 10:44:09 - mmengine - INFO - Iter(val) [400/504]    eta: 0:00:22  time: 0.2093  data_time: 0.0088  memory: 3244  
2026/07/23 10:44:30 - mmengine - INFO - Iter(val) [500/504]    eta: 0:00:00  time: 0.2109  data_time: 0.0091  memory: 3244  
2026/07/23 10:44:34 - mmengine - INFO - per class results:
2026/07/23 10:44:34 - mmengine - INFO - 
+--------------------+-------+-------+--------+-----------+--------+
|       Class        |  IoU  |  Acc  | Fscore | Precision | Recall |
+--------------------+-------+-------+--------+-----------+--------+
| impervious_surface | 85.81 | 93.84 | 92.36  |   90.94   | 93.84  |
|      building      | 92.92 | 96.69 | 96.33  |   95.97   | 96.69  |
|   low_vegetation   | 78.37 | 86.82 | 87.87  |   88.95   | 86.82  |
|        tree        | 81.35 | 89.04 | 89.72  |    90.4   | 89.04  |
|        car         | 90.39 | 93.38 | 94.95  |   96.59   | 93.38  |
+--------------------+-------+-------+--------+-----------+--------+
2026/07/23 10:44:34 - mmengine - INFO - Iter(val) [504/504]    aAcc: 91.6300  mIoU: 85.7700  mAcc: 91.9500  mFscore: 92.2500  mPrecision: 92.5700  mRecall: 91.9500  data_time: 0.0118  time: 0.2125
2026/07/23 10:44:54 - mmengine - INFO - The best checkpoint with 85.7700 mIoU at 2000 iter is saved to best_mIoU_iter_2000.pth.
2026/07/23 10:46:27 - mmengine - INFO - Iter(train) [ 2100/80000]  base_lr: 3.5010e-05 lr: 3.5010e-05  eta: 14:44:34  time: 0.6413  data_time: 0.0189  memory: 8435  grad_norm: 110.2285  loss: 34.3197  decode.loss_cls: 0.0539  decode.loss_mask: 1.5905  decode.loss_dice: 1.6438  decode.d0.loss_cls: 2.1511  decode.d0.loss_mask: 1.5962  decode.d0.loss_dice: 1.5938  decode.d1.loss_cls: 0.0916  decode.d1.loss_mask: 1.5786  decode.d1.loss_dice: 1.5634  decode.d2.loss_cls: 0.0703  decode.d2.loss_mask: 1.5775  decode.d2.loss_dice: 1.5702  decode.d3.loss_cls: 0.0632  decode.d3.loss_mask: 1.5773  decode.d3.loss_dice: 1.5480  decode.d4.loss_cls: 0.0540  decode.d4.loss_mask: 1.5753  decode.d4.loss_dice: 1.5623  decode.d5.loss_cls: 0.0619  decode.d5.loss_mask: 1.5614  decode.d5.loss_dice: 1.5401  decode.d6.loss_cls: 0.0599  decode.d6.loss_mask: 1.5692  decode.d6.loss_dice: 1.5740  decode.d7.loss_cls: 0.0496  decode.d7.loss_mask: 1.5946  decode.d7.loss_dice: 1.5957  decode.d8.loss_cls: 0.0522  decode.d8.loss_mask: 1.5920  decode.d8.loss_dice: 1.6083
2026/07/23 10:47:32 - mmengine - INFO - Iter(train) [ 2200/80000]  base_lr: 3.6676e-05 lr: 3.6676e-05  eta: 14:41:29  time: 0.6357  data_time: 0.0172  memory: 8426  grad_norm: 129.9938  loss: 34.3072  decode.loss_cls: 0.1207  decode.loss_mask: 1.5449  decode.loss_dice: 1.5690  decode.d0.loss_cls: 2.0334  decode.d0.loss_mask: 1.5590  decode.d0.loss_dice: 1.7052  decode.d1.loss_cls: 0.1520  decode.d1.loss_mask: 1.5059  decode.d1.loss_dice: 1.6022  decode.d2.loss_cls: 0.1337  decode.d2.loss_mask: 1.5421  decode.d2.loss_dice: 1.5525  decode.d3.loss_cls: 0.1285  decode.d3.loss_mask: 1.5232  decode.d3.loss_dice: 1.5758  decode.d4.loss_cls: 0.1277  decode.d4.loss_mask: 1.5178  decode.d4.loss_dice: 1.5727  decode.d5.loss_cls: 0.1166  decode.d5.loss_mask: 1.5416  decode.d5.loss_dice: 1.5880  decode.d6.loss_cls: 0.1207  decode.d6.loss_mask: 1.5252  decode.d6.loss_dice: 1.5517  decode.d7.loss_cls: 0.1202  decode.d7.loss_mask: 1.5255  decode.d7.loss_dice: 1.5589  decode.d8.loss_cls: 0.1166  decode.d8.loss_mask: 1.5127  decode.d8.loss_dice: 1.5636
2026/07/23 10:48:37 - mmengine - INFO - Iter(train) [ 2300/80000]  base_lr: 3.8341e-05 lr: 3.8341e-05  eta: 14:39:00  time: 0.6708  data_time: 0.0199  memory: 8435  grad_norm: 200.3308  loss: 38.9607  decode.loss_cls: 0.1965  decode.loss_mask: 1.8353  decode.loss_dice: 1.7407  decode.d0.loss_cls: 2.0018  decode.d0.loss_mask: 1.6853  decode.d0.loss_dice: 1.7487  decode.d1.loss_cls: 0.2847  decode.d1.loss_mask: 1.7112  decode.d1.loss_dice: 1.6703  decode.d2.loss_cls: 0.2497  decode.d2.loss_mask: 1.7636  decode.d2.loss_dice: 1.6776  decode.d3.loss_cls: 0.2167  decode.d3.loss_mask: 1.7598  decode.d3.loss_dice: 1.6674  decode.d4.loss_cls: 0.2311  decode.d4.loss_mask: 1.7402  decode.d4.loss_dice: 1.6770  decode.d5.loss_cls: 0.1906  decode.d5.loss_mask: 1.7686  decode.d5.loss_dice: 1.7000  decode.d6.loss_cls: 0.2101  decode.d6.loss_mask: 1.8237  decode.d6.loss_dice: 1.7562  decode.d7.loss_cls: 0.1922  decode.d7.loss_mask: 1.9016  decode.d7.loss_dice: 1.7567  decode.d8.loss_cls: 0.2020  decode.d8.loss_mask: 1.8718  decode.d8.loss_dice: 1.7295
2026/07/23 10:49:43 - mmengine - INFO - Iter(train) [ 2400/80000]  base_lr: 4.0007e-05 lr: 4.0007e-05  eta: 14:36:33  time: 0.6505  data_time: 0.0183  memory: 8435  grad_norm: 147.7849  loss: 33.3797  decode.loss_cls: 0.1244  decode.loss_mask: 1.5025  decode.loss_dice: 1.5217  decode.d0.loss_cls: 1.7070  decode.d0.loss_mask: 1.5983  decode.d0.loss_dice: 1.6024  decode.d1.loss_cls: 0.1766  decode.d1.loss_mask: 1.5409  decode.d1.loss_dice: 1.5896  decode.d2.loss_cls: 0.1480  decode.d2.loss_mask: 1.5364  decode.d2.loss_dice: 1.5872  decode.d3.loss_cls: 0.1416  decode.d3.loss_mask: 1.5073  decode.d3.loss_dice: 1.5277  decode.d4.loss_cls: 0.1491  decode.d4.loss_mask: 1.4999  decode.d4.loss_dice: 1.4870  decode.d5.loss_cls: 0.1773  decode.d5.loss_mask: 1.4864  decode.d5.loss_dice: 1.4732  decode.d6.loss_cls: 0.1324  decode.d6.loss_mask: 1.4912  decode.d6.loss_dice: 1.4782  decode.d7.loss_cls: 0.1276  decode.d7.loss_mask: 1.5111  decode.d7.loss_dice: 1.4863  decode.d8.loss_cls: 0.1243  decode.d8.loss_mask: 1.4971  decode.d8.loss_dice: 1.4468
2026/07/23 10:50:47 - mmengine - INFO - Iter(train) [ 2500/80000]  base_lr: 4.1672e-05 lr: 4.1672e-05  eta: 14:33:46  time: 0.6411  data_time: 0.0183  memory: 8435  grad_norm: 130.3611  loss: 34.9750  decode.loss_cls: 0.0682  decode.loss_mask: 1.6450  decode.loss_dice: 1.6946  decode.d0.loss_cls: 1.4614  decode.d0.loss_mask: 1.6263  decode.d0.loss_dice: 1.7127  decode.d1.loss_cls: 0.1088  decode.d1.loss_mask: 1.6199  decode.d1.loss_dice: 1.6230  decode.d2.loss_cls: 0.0897  decode.d2.loss_mask: 1.5940  decode.d2.loss_dice: 1.6394  decode.d3.loss_cls: 0.0879  decode.d3.loss_mask: 1.6016  decode.d3.loss_dice: 1.6396  decode.d4.loss_cls: 0.0740  decode.d4.loss_mask: 1.6079  decode.d4.loss_dice: 1.6542  decode.d5.loss_cls: 0.0755  decode.d5.loss_mask: 1.6206  decode.d5.loss_dice: 1.6558  decode.d6.loss_cls: 0.0809  decode.d6.loss_mask: 1.5967  decode.d6.loss_dice: 1.6477  decode.d7.loss_cls: 0.0822  decode.d7.loss_mask: 1.6098  decode.d7.loss_dice: 1.6769  decode.d8.loss_cls: 0.0864  decode.d8.loss_mask: 1.6234  decode.d8.loss_dice: 1.6710
2026/07/23 10:51:55 - mmengine - INFO - Iter(train) [ 2600/80000]  base_lr: 4.3338e-05 lr: 4.3338e-05  eta: 14:32:56  time: 0.9485  data_time: 0.3216  memory: 8435  grad_norm: 140.8926  loss: 30.5720  decode.loss_cls: 0.1810  decode.loss_mask: 1.5369  decode.loss_dice: 1.2488  decode.d0.loss_cls: 1.4457  decode.d0.loss_mask: 1.4943  decode.d0.loss_dice: 1.3459  decode.d1.loss_cls: 0.2155  decode.d1.loss_mask: 1.4903  decode.d1.loss_dice: 1.2160  decode.d2.loss_cls: 0.1973  decode.d2.loss_mask: 1.4869  decode.d2.loss_dice: 1.2391  decode.d3.loss_cls: 0.1835  decode.d3.loss_mask: 1.4818  decode.d3.loss_dice: 1.2266  decode.d4.loss_cls: 0.2069  decode.d4.loss_mask: 1.4775  decode.d4.loss_dice: 1.2277  decode.d5.loss_cls: 0.2020  decode.d5.loss_mask: 1.4924  decode.d5.loss_dice: 1.2114  decode.d6.loss_cls: 0.2249  decode.d6.loss_mask: 1.4769  decode.d6.loss_dice: 1.2146  decode.d7.loss_cls: 0.2076  decode.d7.loss_mask: 1.4942  decode.d7.loss_dice: 1.2263  decode.d8.loss_cls: 0.2132  decode.d8.loss_mask: 1.4841  decode.d8.loss_dice: 1.2226
2026/07/23 10:53:01 - mmengine - INFO - Iter(train) [ 2700/80000]  base_lr: 4.5003e-05 lr: 4.5003e-05  eta: 14:30:34  time: 0.6154  data_time: 0.0173  memory: 8426  grad_norm: 138.1316  loss: 35.9675  decode.loss_cls: 0.1776  decode.loss_mask: 1.7398  decode.loss_dice: 1.5406  decode.d0.loss_cls: 1.2843  decode.d0.loss_mask: 1.7075  decode.d0.loss_dice: 1.7018  decode.d1.loss_cls: 0.1625  decode.d1.loss_mask: 1.7704  decode.d1.loss_dice: 1.6330  decode.d2.loss_cls: 0.1664  decode.d2.loss_mask: 1.7428  decode.d2.loss_dice: 1.5897  decode.d3.loss_cls: 0.1685  decode.d3.loss_mask: 1.7458  decode.d3.loss_dice: 1.5871  decode.d4.loss_cls: 0.1581  decode.d4.loss_mask: 1.7110  decode.d4.loss_dice: 1.5671  decode.d5.loss_cls: 0.1532  decode.d5.loss_mask: 1.7320  decode.d5.loss_dice: 1.5737  decode.d6.loss_cls: 0.1552  decode.d6.loss_mask: 1.7375  decode.d6.loss_dice: 1.5494  decode.d7.loss_cls: 0.1690  decode.d7.loss_mask: 1.7237  decode.d7.loss_dice: 1.5575  decode.d8.loss_cls: 0.1641  decode.d8.loss_mask: 1.7519  decode.d8.loss_dice: 1.5463
2026/07/23 10:54:05 - mmengine - INFO - Iter(train) [ 2800/80000]  base_lr: 4.6669e-05 lr: 4.6669e-05  eta: 14:28:06  time: 0.6470  data_time: 0.0180  memory: 8435  grad_norm: 102.6926  loss: 31.4573  decode.loss_cls: 0.0893  decode.loss_mask: 1.5919  decode.loss_dice: 1.4009  decode.d0.loss_cls: 1.0052  decode.d0.loss_mask: 1.5425  decode.d0.loss_dice: 1.5360  decode.d1.loss_cls: 0.0952  decode.d1.loss_mask: 1.5334  decode.d1.loss_dice: 1.4024  decode.d2.loss_cls: 0.0822  decode.d2.loss_mask: 1.5441  decode.d2.loss_dice: 1.4044  decode.d3.loss_cls: 0.0751  decode.d3.loss_mask: 1.5464  decode.d3.loss_dice: 1.4077  decode.d4.loss_cls: 0.0782  decode.d4.loss_mask: 1.5468  decode.d4.loss_dice: 1.4090  decode.d5.loss_cls: 0.0863  decode.d5.loss_mask: 1.5409  decode.d5.loss_dice: 1.4100  decode.d6.loss_cls: 0.0900  decode.d6.loss_mask: 1.5376  decode.d6.loss_dice: 1.3989  decode.d7.loss_cls: 0.0865  decode.d7.loss_mask: 1.5616  decode.d7.loss_dice: 1.3879  decode.d8.loss_cls: 0.1010  decode.d8.loss_mask: 1.5726  decode.d8.loss_dice: 1.3930
2026/07/23 10:55:10 - mmengine - INFO - Iter(train) [ 2900/80000]  base_lr: 4.8334e-05 lr: 4.8334e-05  eta: 14:25:48  time: 0.6375  data_time: 0.0173  memory: 8435  grad_norm: 80.1159  loss: 18.7083  decode.loss_cls: 0.0630  decode.loss_mask: 0.8165  decode.loss_dice: 0.8676  decode.d0.loss_cls: 0.8305  decode.d0.loss_mask: 0.8875  decode.d0.loss_dice: 1.0555  decode.d1.loss_cls: 0.0704  decode.d1.loss_mask: 0.8275  decode.d1.loss_dice: 0.9406  decode.d2.loss_cls: 0.0715  decode.d2.loss_mask: 0.8152  decode.d2.loss_dice: 0.8943  decode.d3.loss_cls: 0.0773  decode.d3.loss_mask: 0.8016  decode.d3.loss_dice: 0.8796  decode.d4.loss_cls: 0.0711  decode.d4.loss_mask: 0.8142  decode.d4.loss_dice: 0.8800  decode.d5.loss_cls: 0.0670  decode.d5.loss_mask: 0.8120  decode.d5.loss_dice: 0.8839  decode.d6.loss_cls: 0.0615  decode.d6.loss_mask: 0.8132  decode.d6.loss_dice: 0.8893  decode.d7.loss_cls: 0.0704  decode.d7.loss_mask: 0.8200  decode.d7.loss_dice: 0.8666  decode.d8.loss_cls: 0.0668  decode.d8.loss_mask: 0.8170  decode.d8.loss_dice: 0.8767
2026/07/23 10:56:14 - mmengine - INFO - Exp name: fusion_vits_m2f_9999_20260723_101840
2026/07/23 10:56:14 - mmengine - INFO - Iter(train) [ 3000/80000]  base_lr: 5.0000e-05 lr: 5.0000e-05  eta: 14:23:24  time: 0.6451  data_time: 0.0188  memory: 8435  grad_norm: 133.4222  loss: 32.6306  decode.loss_cls: 0.1348  decode.loss_mask: 1.6575  decode.loss_dice: 1.4195  decode.d0.loss_cls: 0.8203  decode.d0.loss_mask: 1.6773  decode.d0.loss_dice: 1.4127  decode.d1.loss_cls: 0.1475  decode.d1.loss_mask: 1.6772  decode.d1.loss_dice: 1.4154  decode.d2.loss_cls: 0.1570  decode.d2.loss_mask: 1.6110  decode.d2.loss_dice: 1.3935  decode.d3.loss_cls: 0.1425  decode.d3.loss_mask: 1.6156  decode.d3.loss_dice: 1.3988  decode.d4.loss_cls: 0.1707  decode.d4.loss_mask: 1.5962  decode.d4.loss_dice: 1.3802  decode.d5.loss_cls: 0.1471  decode.d5.loss_mask: 1.6523  decode.d5.loss_dice: 1.4108  decode.d6.loss_cls: 0.1661  decode.d6.loss_mask: 1.6223  decode.d6.loss_dice: 1.3842  decode.d7.loss_cls: 0.1551  decode.d7.loss_mask: 1.6424  decode.d7.loss_dice: 1.4046  decode.d8.loss_cls: 0.1375  decode.d8.loss_mask: 1.6635  decode.d8.loss_dice: 1.4173
2026/07/23 10:57:20 - mmengine - INFO - Iter(train) [ 3100/80000]  base_lr: 4.9942e-05 lr: 4.9942e-05  eta: 14:21:24  time: 0.6581  data_time: 0.0187  memory: 8426  grad_norm: 74.6809  loss: 23.9268  decode.loss_cls: 0.1137  decode.loss_mask: 1.0910  decode.loss_dice: 1.1293  decode.d0.loss_cls: 0.6785  decode.d0.loss_mask: 1.0294  decode.d0.loss_dice: 1.2320  decode.d1.loss_cls: 0.1187  decode.d1.loss_mask: 1.0809  decode.d1.loss_dice: 1.1449  decode.d2.loss_cls: 0.1203  decode.d2.loss_mask: 1.0582  decode.d2.loss_dice: 1.1446  decode.d3.loss_cls: 0.1046  decode.d3.loss_mask: 1.0818  decode.d3.loss_dice: 1.1242  decode.d4.loss_cls: 0.1047  decode.d4.loss_mask: 1.0900  decode.d4.loss_dice: 1.1308  decode.d5.loss_cls: 0.1016  decode.d5.loss_mask: 1.0930  decode.d5.loss_dice: 1.1332  decode.d6.loss_cls: 0.1154  decode.d6.loss_mask: 1.0867  decode.d6.loss_dice: 1.1274  decode.d7.loss_cls: 0.1145  decode.d7.loss_mask: 1.1009  decode.d7.loss_dice: 1.1359  decode.d8.loss_cls: 0.1126  decode.d8.loss_mask: 1.0998  decode.d8.loss_dice: 1.1283
2026/07/23 10:58:25 - mmengine - INFO - Iter(train) [ 3200/80000]  base_lr: 4.9884e-05 lr: 4.9884e-05  eta: 14:19:32  time: 0.6590  data_time: 0.0187  memory: 8435  grad_norm: 95.1100  loss: 28.3029  decode.loss_cls: 0.0766  decode.loss_mask: 1.5085  decode.loss_dice: 1.2091  decode.d0.loss_cls: 0.6008  decode.d0.loss_mask: 1.4838  decode.d0.loss_dice: 1.2865  decode.d1.loss_cls: 0.1085  decode.d1.loss_mask: 1.4746  decode.d1.loss_dice: 1.1916  decode.d2.loss_cls: 0.0788  decode.d2.loss_mask: 1.4742  decode.d2.loss_dice: 1.2168  decode.d3.loss_cls: 0.0770  decode.d3.loss_mask: 1.4747  decode.d3.loss_dice: 1.1850  decode.d4.loss_cls: 0.0846  decode.d4.loss_mask: 1.4802  decode.d4.loss_dice: 1.1821  decode.d5.loss_cls: 0.0867  decode.d5.loss_mask: 1.4697  decode.d5.loss_dice: 1.2104  decode.d6.loss_cls: 0.0821  decode.d6.loss_mask: 1.4874  decode.d6.loss_dice: 1.2005  decode.d7.loss_cls: 0.0849  decode.d7.loss_mask: 1.5020  decode.d7.loss_dice: 1.2031  decode.d8.loss_cls: 0.0784  decode.d8.loss_mask: 1.5123  decode.d8.loss_dice: 1.1919
2026/07/23 10:59:29 - mmengine - INFO - Iter(train) [ 3300/80000]  base_lr: 4.9825e-05 lr: 4.9825e-05  eta: 14:17:25  time: 0.6385  data_time: 0.0179  memory: 8435  grad_norm: 83.2349  loss: 25.5781  decode.loss_cls: 0.0807  decode.loss_mask: 1.1905  decode.loss_dice: 1.2673  decode.d0.loss_cls: 0.5245  decode.d0.loss_mask: 1.1822  decode.d0.loss_dice: 1.2296  decode.d1.loss_cls: 0.0694  decode.d1.loss_mask: 1.1770  decode.d1.loss_dice: 1.2307  decode.d2.loss_cls: 0.0792  decode.d2.loss_mask: 1.1713  decode.d2.loss_dice: 1.2214  decode.d3.loss_cls: 0.0593  decode.d3.loss_mask: 1.1967  decode.d3.loss_dice: 1.2362  decode.d4.loss_cls: 0.0653  decode.d4.loss_mask: 1.2099  decode.d4.loss_dice: 1.2505  decode.d5.loss_cls: 0.0655  decode.d5.loss_mask: 1.2048  decode.d5.loss_dice: 1.2648  decode.d6.loss_cls: 0.0701  decode.d6.loss_mask: 1.2089  decode.d6.loss_dice: 1.2515  decode.d7.loss_cls: 0.0862  decode.d7.loss_mask: 1.1864  decode.d7.loss_dice: 1.2502  decode.d8.loss_cls: 0.0851  decode.d8.loss_mask: 1.1876  decode.d8.loss_dice: 1.2751
2026/07/23 11:00:34 - mmengine - INFO - Iter(train) [ 3400/80000]  base_lr: 4.9767e-05 lr: 4.9767e-05  eta: 14:15:28  time: 0.6646  data_time: 0.0188  memory: 8435  grad_norm: 73.1270  loss: 30.8020  decode.loss_cls: 0.0431  decode.loss_mask: 1.4796  decode.loss_dice: 1.5326  decode.d0.loss_cls: 0.4271  decode.d0.loss_mask: 1.5282  decode.d0.loss_dice: 1.4870  decode.d1.loss_cls: 0.0595  decode.d1.loss_mask: 1.4973  decode.d1.loss_dice: 1.4848  decode.d2.loss_cls: 0.0501  decode.d2.loss_mask: 1.4732  decode.d2.loss_dice: 1.4944  decode.d3.loss_cls: 0.0517  decode.d3.loss_mask: 1.4764  decode.d3.loss_dice: 1.5119  decode.d4.loss_cls: 0.0502  decode.d4.loss_mask: 1.4742  decode.d4.loss_dice: 1.4958  decode.d5.loss_cls: 0.0585  decode.d5.loss_mask: 1.4789  decode.d5.loss_dice: 1.4955  decode.d6.loss_cls: 0.0453  decode.d6.loss_mask: 1.4891  decode.d6.loss_dice: 1.5183  decode.d7.loss_cls: 0.0435  decode.d7.loss_mask: 1.4825  decode.d7.loss_dice: 1.5185  decode.d8.loss_cls: 0.0411  decode.d8.loss_mask: 1.4906  decode.d8.loss_dice: 1.5234
2026/07/23 11:01:42 - mmengine - INFO - Iter(train) [ 3500/80000]  base_lr: 4.9708e-05 lr: 4.9708e-05  eta: 14:14:35  time: 0.6440  data_time: 0.0186  memory: 8435  grad_norm: 120.6640  loss: 34.0934  decode.loss_cls: 0.1024  decode.loss_mask: 1.8313  decode.loss_dice: 1.4923  decode.d0.loss_cls: 0.4651  decode.d0.loss_mask: 1.8819  decode.d0.loss_dice: 1.4760  decode.d1.loss_cls: 0.1005  decode.d1.loss_mask: 1.7965  decode.d1.loss_dice: 1.4861  decode.d2.loss_cls: 0.1027  decode.d2.loss_mask: 1.7911  decode.d2.loss_dice: 1.4738  decode.d3.loss_cls: 0.0939  decode.d3.loss_mask: 1.7793  decode.d3.loss_dice: 1.4702  decode.d4.loss_cls: 0.0898  decode.d4.loss_mask: 1.7655  decode.d4.loss_dice: 1.4642  decode.d5.loss_cls: 0.1008  decode.d5.loss_mask: 1.7684  decode.d5.loss_dice: 1.4564  decode.d6.loss_cls: 0.1174  decode.d6.loss_mask: 1.7980  decode.d6.loss_dice: 1.4424  decode.d7.loss_cls: 0.0935  decode.d7.loss_mask: 1.8148  decode.d7.loss_dice: 1.4434  decode.d8.loss_cls: 0.1037  decode.d8.loss_mask: 1.8219  decode.d8.loss_dice: 1.4703
2026/07/23 11:02:47 - mmengine - INFO - Iter(train) [ 3600/80000]  base_lr: 4.9650e-05 lr: 4.9650e-05  eta: 14:12:37  time: 0.6403  data_time: 0.0185  memory: 8426  grad_norm: 83.6920  loss: 29.0151  decode.loss_cls: 0.0752  decode.loss_mask: 1.4679  decode.loss_dice: 1.2980  decode.d0.loss_cls: 0.3763  decode.d0.loss_mask: 1.5189  decode.d0.loss_dice: 1.4193  decode.d1.loss_cls: 0.0856  decode.d1.loss_mask: 1.4718  decode.d1.loss_dice: 1.3493  decode.d2.loss_cls: 0.0582  decode.d2.loss_mask: 1.4659  decode.d2.loss_dice: 1.3414  decode.d3.loss_cls: 0.0566  decode.d3.loss_mask: 1.4636  decode.d3.loss_dice: 1.3429  decode.d4.loss_cls: 0.0465  decode.d4.loss_mask: 1.4666  decode.d4.loss_dice: 1.3384  decode.d5.loss_cls: 0.0487  decode.d5.loss_mask: 1.4681  decode.d5.loss_dice: 1.3372  decode.d6.loss_cls: 0.0461  decode.d6.loss_mask: 1.4691  decode.d6.loss_dice: 1.3290  decode.d7.loss_cls: 0.0629  decode.d7.loss_mask: 1.4579  decode.d7.loss_dice: 1.3206  decode.d8.loss_cls: 0.0550  decode.d8.loss_mask: 1.4643  decode.d8.loss_dice: 1.3137
2026/07/23 11:03:52 - mmengine - INFO - Iter(train) [ 3700/80000]  base_lr: 4.9591e-05 lr: 4.9591e-05  eta: 14:10:51  time: 0.6649  data_time: 0.0186  memory: 8435  grad_norm: 71.8137  loss: 28.8034  decode.loss_cls: 0.0261  decode.loss_mask: 1.4098  decode.loss_dice: 1.4326  decode.d0.loss_cls: 0.3160  decode.d0.loss_mask: 1.4299  decode.d0.loss_dice: 1.3892  decode.d1.loss_cls: 0.0298  decode.d1.loss_mask: 1.4255  decode.d1.loss_dice: 1.3822  decode.d2.loss_cls: 0.0268  decode.d2.loss_mask: 1.4105  decode.d2.loss_dice: 1.3756  decode.d3.loss_cls: 0.0285  decode.d3.loss_mask: 1.4085  decode.d3.loss_dice: 1.4145  decode.d4.loss_cls: 0.0283  decode.d4.loss_mask: 1.4250  decode.d4.loss_dice: 1.4241  decode.d5.loss_cls: 0.0262  decode.d5.loss_mask: 1.4376  decode.d5.loss_dice: 1.4004  decode.d6.loss_cls: 0.0270  decode.d6.loss_mask: 1.4292  decode.d6.loss_dice: 1.3936  decode.d7.loss_cls: 0.0260  decode.d7.loss_mask: 1.4235  decode.d7.loss_dice: 1.4076  decode.d8.loss_cls: 0.0250  decode.d8.loss_mask: 1.4172  decode.d8.loss_dice: 1.4072
2026/07/23 11:04:57 - mmengine - INFO - Iter(train) [ 3800/80000]  base_lr: 4.9533e-05 lr: 4.9533e-05  eta: 14:09:05  time: 0.6475  data_time: 0.0184  memory: 8435  grad_norm: 88.8238  loss: 30.0001  decode.loss_cls: 0.1428  decode.loss_mask: 1.3609  decode.loss_dice: 1.4913  decode.d0.loss_cls: 0.3277  decode.d0.loss_mask: 1.4221  decode.d0.loss_dice: 1.5741  decode.d1.loss_cls: 0.0968  decode.d1.loss_mask: 1.4025  decode.d1.loss_dice: 1.4998  decode.d2.loss_cls: 0.0963  decode.d2.loss_mask: 1.3544  decode.d2.loss_dice: 1.4965  decode.d3.loss_cls: 0.1021  decode.d3.loss_mask: 1.3688  decode.d3.loss_dice: 1.4999  decode.d4.loss_cls: 0.1133  decode.d4.loss_mask: 1.3712  decode.d4.loss_dice: 1.4602  decode.d5.loss_cls: 0.1042  decode.d5.loss_mask: 1.3700  decode.d5.loss_dice: 1.4687  decode.d6.loss_cls: 0.1337  decode.d6.loss_mask: 1.3579  decode.d6.loss_dice: 1.4640  decode.d7.loss_cls: 0.1321  decode.d7.loss_mask: 1.3596  decode.d7.loss_dice: 1.4550  decode.d8.loss_cls: 0.1233  decode.d8.loss_mask: 1.3749  decode.d8.loss_dice: 1.4758
2026/07/23 11:06:02 - mmengine - INFO - Iter(train) [ 3900/80000]  base_lr: 4.9474e-05 lr: 4.9474e-05  eta: 14:07:20  time: 0.6320  data_time: 0.0178  memory: 8426  grad_norm: 77.6190  loss: 25.8393  decode.loss_cls: 0.0752  decode.loss_mask: 1.1822  decode.loss_dice: 1.3050  decode.d0.loss_cls: 0.2779  decode.d0.loss_mask: 1.2001  decode.d0.loss_dice: 1.3910  decode.d1.loss_cls: 0.0718  decode.d1.loss_mask: 1.1606  decode.d1.loss_dice: 1.3320  decode.d2.loss_cls: 0.0662  decode.d2.loss_mask: 1.1723  decode.d2.loss_dice: 1.3287  decode.d3.loss_cls: 0.0801  decode.d3.loss_mask: 1.1658  decode.d3.loss_dice: 1.2909  decode.d4.loss_cls: 0.0788  decode.d4.loss_mask: 1.1813  decode.d4.loss_dice: 1.2996  decode.d5.loss_cls: 0.0786  decode.d5.loss_mask: 1.1829  decode.d5.loss_dice: 1.2981  decode.d6.loss_cls: 0.0743  decode.d6.loss_mask: 1.1727  decode.d6.loss_dice: 1.3011  decode.d7.loss_cls: 0.0630  decode.d7.loss_mask: 1.1748  decode.d7.loss_dice: 1.3040  decode.d8.loss_cls: 0.0686  decode.d8.loss_mask: 1.1665  decode.d8.loss_dice: 1.2954
2026/07/23 11:07:06 - mmengine - INFO - Exp name: fusion_vits_m2f_9999_20260723_101840
2026/07/23 11:07:06 - mmengine - INFO - Iter(train) [ 4000/80000]  base_lr: 4.9416e-05 lr: 4.9416e-05  eta: 14:05:33  time: 0.6402  data_time: 0.0183  memory: 8435  grad_norm: 103.6374  loss: 29.7344  decode.loss_cls: 0.2336  decode.loss_mask: 1.4316  decode.loss_dice: 1.2938  decode.d0.loss_cls: 0.4540  decode.d0.loss_mask: 1.3983  decode.d0.loss_dice: 1.4118  decode.d1.loss_cls: 0.2568  decode.d1.loss_mask: 1.4119  decode.d1.loss_dice: 1.2968  decode.d2.loss_cls: 0.2610  decode.d2.loss_mask: 1.3882  decode.d2.loss_dice: 1.2672  decode.d3.loss_cls: 0.2421  decode.d3.loss_mask: 1.3999  decode.d3.loss_dice: 1.2711  decode.d4.loss_cls: 0.2330  decode.d4.loss_mask: 1.4008  decode.d4.loss_dice: 1.2777  decode.d5.loss_cls: 0.2274  decode.d5.loss_mask: 1.4184  decode.d5.loss_dice: 1.3063  decode.d6.loss_cls: 0.2182  decode.d6.loss_mask: 1.4312  decode.d6.loss_dice: 1.3021  decode.d7.loss_cls: 0.2271  decode.d7.loss_mask: 1.4261  decode.d7.loss_dice: 1.2918  decode.d8.loss_cls: 0.2289  decode.d8.loss_mask: 1.4340  decode.d8.loss_dice: 1.2934
2026/07/23 11:07:06 - mmengine - INFO - Saving checkpoint at 4000 iterations
2026/07/23 11:07:53 - mmengine - INFO - Iter(val) [100/504]    eta: 0:01:27  time: 0.2030  data_time: 0.0083  memory: 3244  
2026/07/23 11:08:14 - mmengine - INFO - Iter(val) [200/504]    eta: 0:01:04  time: 0.2062  data_time: 0.0083  memory: 3244  
2026/07/23 11:08:35 - mmengine - INFO - Iter(val) [300/504]    eta: 0:00:43  time: 0.2069  data_time: 0.0080  memory: 3244  
2026/07/23 11:08:58 - mmengine - INFO - Iter(val) [400/504]    eta: 0:00:22  time: 0.2774  data_time: 0.0808  memory: 3244  
2026/07/23 11:09:33 - mmengine - INFO - Iter(val) [500/504]    eta: 0:00:00  time: 0.4184  data_time: 0.2217  memory: 3244  
2026/07/23 11:09:38 - mmengine - INFO - per class results:
2026/07/23 11:09:38 - mmengine - INFO - 
+--------------------+-------+-------+--------+-----------+--------+
|       Class        |  IoU  |  Acc  | Fscore | Precision | Recall |
+--------------------+-------+-------+--------+-----------+--------+
| impervious_surface | 84.55 | 96.15 | 91.63  |   87.51   | 96.15  |
|      building      |  94.9 | 97.87 | 97.38  |    96.9   | 97.87  |
|   low_vegetation   | 75.08 | 89.62 | 85.77  |   82.23   | 89.62  |
|        tree        |  74.2 | 76.06 | 85.19  |   96.81   | 76.06  |
|        car         | 84.66 | 86.62 | 91.69  |    97.4   | 86.62  |
+--------------------+-------+-------+--------+-----------+--------+
2026/07/23 11:09:38 - mmengine - INFO - Iter(val) [504/504]    aAcc: 90.1500  mIoU: 82.6800  mAcc: 89.2600  mFscore: 90.3300  mPrecision: 92.1700  mRecall: 89.2600  data_time: 0.0466  time: 0.2438
2026/07/23 11:10:40 - mmengine - INFO - Iter(train) [ 4100/80000]  base_lr: 4.9357e-05 lr: 4.9357e-05  eta: 14:04:02  time: 0.6217  data_time: 0.0163  memory: 8435  grad_norm: 72.3942  loss: 26.2699  decode.loss_cls: 0.1001  decode.loss_mask: 1.3185  decode.loss_dice: 1.2001  decode.d0.loss_cls: 0.2640  decode.d0.loss_mask: 1.3400  decode.d0.loss_dice: 1.2333  decode.d1.loss_cls: 0.0975  decode.d1.loss_mask: 1.3186  decode.d1.loss_dice: 1.1977  decode.d2.loss_cls: 0.0997  decode.d2.loss_mask: 1.3089  decode.d2.loss_dice: 1.1828  decode.d3.loss_cls: 0.1086  decode.d3.loss_mask: 1.3065  decode.d3.loss_dice: 1.1839  decode.d4.loss_cls: 0.0902  decode.d4.loss_mask: 1.3147  decode.d4.loss_dice: 1.2000  decode.d5.loss_cls: 0.0925  decode.d5.loss_mask: 1.3153  decode.d5.loss_dice: 1.2051  decode.d6.loss_cls: 0.1049  decode.d6.loss_mask: 1.3190  decode.d6.loss_dice: 1.1909  decode.d7.loss_cls: 0.1029  decode.d7.loss_mask: 1.3015  decode.d7.loss_dice: 1.1931  decode.d8.loss_cls: 0.1079  decode.d8.loss_mask: 1.2895  decode.d8.loss_dice: 1.1823
2026/07/23 11:11:42 - mmengine - INFO - Iter(train) [ 4200/80000]  base_lr: 4.9299e-05 lr: 4.9299e-05  eta: 14:01:24  time: 0.6299  data_time: 0.0164  memory: 8435  grad_norm: 81.5779  loss: 22.4032  decode.loss_cls: 0.1664  decode.loss_mask: 0.8897  decode.loss_dice: 1.1399  decode.d0.loss_cls: 0.3114  decode.d0.loss_mask: 1.0144  decode.d0.loss_dice: 1.2961  decode.d1.loss_cls: 0.1608  decode.d1.loss_mask: 0.9242  decode.d1.loss_dice: 1.1735  decode.d2.loss_cls: 0.1488  decode.d2.loss_mask: 0.9123  decode.d2.loss_dice: 1.1308  decode.d3.loss_cls: 0.1354  decode.d3.loss_mask: 0.9120  decode.d3.loss_dice: 1.1463  decode.d4.loss_cls: 0.1376  decode.d4.loss_mask: 0.9188  decode.d4.loss_dice: 1.1417  decode.d5.loss_cls: 0.1502  decode.d5.loss_mask: 0.9085  decode.d5.loss_dice: 1.1327  decode.d6.loss_cls: 0.1479  decode.d6.loss_mask: 0.9094  decode.d6.loss_dice: 1.1547  decode.d7.loss_cls: 0.1642  decode.d7.loss_mask: 0.8750  decode.d7.loss_dice: 1.1193  decode.d8.loss_cls: 0.1682  decode.d8.loss_mask: 0.8830  decode.d8.loss_dice: 1.1298
2026/07/23 11:12:46 - mmengine - INFO - Iter(train) [ 4300/80000]  base_lr: 4.9240e-05 lr: 4.9240e-05  eta: 13:59:35  time: 0.6732  data_time: 0.0158  memory: 8435  grad_norm: 74.2924  loss: 25.3500  decode.loss_cls: 0.0761  decode.loss_mask: 1.1945  decode.loss_dice: 1.2712  decode.d0.loss_cls: 0.2618  decode.d0.loss_mask: 1.2071  decode.d0.loss_dice: 1.3207  decode.d1.loss_cls: 0.0875  decode.d1.loss_mask: 1.1915  decode.d1.loss_dice: 1.2763  decode.d2.loss_cls: 0.0926  decode.d2.loss_mask: 1.1771  decode.d2.loss_dice: 1.2617  decode.d3.loss_cls: 0.0966  decode.d3.loss_mask: 1.1674  decode.d3.loss_dice: 1.2285  decode.d4.loss_cls: 0.1061  decode.d4.loss_mask: 1.1589  decode.d4.loss_dice: 1.2068  decode.d5.loss_cls: 0.0868  decode.d5.loss_mask: 1.1671  decode.d5.loss_dice: 1.2278  decode.d6.loss_cls: 0.0893  decode.d6.loss_mask: 1.1730  decode.d6.loss_dice: 1.2231  decode.d7.loss_cls: 0.0812  decode.d7.loss_mask: 1.1727  decode.d7.loss_dice: 1.2237  decode.d8.loss_cls: 0.0818  decode.d8.loss_mask: 1.2046  decode.d8.loss_dice: 1.2366
2026/07/23 11:13:55 - mmengine - INFO - Iter(train) [ 4400/80000]  base_lr: 4.9182e-05 lr: 4.9182e-05  eta: 13:59:04  time: 0.6688  data_time: 0.0195  memory: 8426  grad_norm: 85.9084  loss: 32.8585  decode.loss_cls: 0.1505  decode.loss_mask: 1.6404  decode.loss_dice: 1.4788  decode.d0.loss_cls: 0.3019  decode.d0.loss_mask: 1.6451  decode.d0.loss_dice: 1.5661  decode.d1.loss_cls: 0.1614  decode.d1.loss_mask: 1.5821  decode.d1.loss_dice: 1.5387  decode.d2.loss_cls: 0.1666  decode.d2.loss_mask: 1.5850  decode.d2.loss_dice: 1.4877  decode.d3.loss_cls: 0.1650  decode.d3.loss_mask: 1.5964  decode.d3.loss_dice: 1.4840  decode.d4.loss_cls: 0.1734  decode.d4.loss_mask: 1.5667  decode.d4.loss_dice: 1.4914  decode.d5.loss_cls: 0.1605  decode.d5.loss_mask: 1.6202  decode.d5.loss_dice: 1.4863  decode.d6.loss_cls: 0.1315  decode.d6.loss_mask: 1.6226  decode.d6.loss_dice: 1.4748  decode.d7.loss_cls: 0.1431  decode.d7.loss_mask: 1.6344  decode.d7.loss_dice: 1.4980  decode.d8.loss_cls: 0.1445  decode.d8.loss_mask: 1.6524  decode.d8.loss_dice: 1.5092
2026/07/23 11:15:00 - mmengine - INFO - Iter(train) [ 4500/80000]  base_lr: 4.9123e-05 lr: 4.9123e-05  eta: 13:57:36  time: 0.6606  data_time: 0.0185  memory: 8426  grad_norm: 73.1353  loss: 24.9733  decode.loss_cls: 0.0349  decode.loss_mask: 1.2743  decode.loss_dice: 1.1698  decode.d0.loss_cls: 0.2242  decode.d0.loss_mask: 1.2703  decode.d0.loss_dice: 1.2233  decode.d1.loss_cls: 0.0583  decode.d1.loss_mask: 1.2657  decode.d1.loss_dice: 1.1552  decode.d2.loss_cls: 0.0553  decode.d2.loss_mask: 1.2572  decode.d2.loss_dice: 1.1557  decode.d3.loss_cls: 0.0515  decode.d3.loss_mask: 1.2574  decode.d3.loss_dice: 1.1599  decode.d4.loss_cls: 0.0602  decode.d4.loss_mask: 1.2453  decode.d4.loss_dice: 1.1452  decode.d5.loss_cls: 0.0540  decode.d5.loss_mask: 1.2648  decode.d5.loss_dice: 1.1608  decode.d6.loss_cls: 0.0527  decode.d6.loss_mask: 1.2615  decode.d6.loss_dice: 1.1588  decode.d7.loss_cls: 0.0395  decode.d7.loss_mask: 1.2686  decode.d7.loss_dice: 1.1732  decode.d8.loss_cls: 0.0358  decode.d8.loss_mask: 1.2676  decode.d8.loss_dice: 1.1721
2026/07/23 11:16:05 - mmengine - INFO - Iter(train) [ 4600/80000]  base_lr: 4.9065e-05 lr: 4.9065e-05  eta: 13:56:12  time: 0.7126  data_time: 0.0206  memory: 8435  grad_norm: 76.4470  loss: 28.7468  decode.loss_cls: 0.0503  decode.loss_mask: 1.5262  decode.loss_dice: 1.2763  decode.d0.loss_cls: 0.1851  decode.d0.loss_mask: 1.5485  decode.d0.loss_dice: 1.3018  decode.d1.loss_cls: 0.0680  decode.d1.loss_mask: 1.5113  decode.d1.loss_dice: 1.3011  decode.d2.loss_cls: 0.0510  decode.d2.loss_mask: 1.5218  decode.d2.loss_dice: 1.2971  decode.d3.loss_cls: 0.0487  decode.d3.loss_mask: 1.5155  decode.d3.loss_dice: 1.2867  decode.d4.loss_cls: 0.0528  decode.d4.loss_mask: 1.5186  decode.d4.loss_dice: 1.2836  decode.d5.loss_cls: 0.0524  decode.d5.loss_mask: 1.5066  decode.d5.loss_dice: 1.2773  decode.d6.loss_cls: 0.0655  decode.d6.loss_mask: 1.4985  decode.d6.loss_dice: 1.2712  decode.d7.loss_cls: 0.0475  decode.d7.loss_mask: 1.5220  decode.d7.loss_dice: 1.2942  decode.d8.loss_cls: 0.0631  decode.d8.loss_mask: 1.5123  decode.d8.loss_dice: 1.2918
2026/07/23 11:17:11 - mmengine - INFO - Iter(train) [ 4700/80000]  base_lr: 4.9006e-05 lr: 4.9006e-05  eta: 13:54:47  time: 0.6368  data_time: 0.0181  memory: 8435  grad_norm: 75.4785  loss: 27.0716  decode.loss_cls: 0.0466  decode.loss_mask: 1.3700  decode.loss_dice: 1.2604  decode.d0.loss_cls: 0.1725  decode.d0.loss_mask: 1.4142  decode.d0.loss_dice: 1.2900  decode.d1.loss_cls: 0.0418  decode.d1.loss_mask: 1.3933  decode.d1.loss_dice: 1.2498  decode.d2.loss_cls: 0.0428  decode.d2.loss_mask: 1.3853  decode.d2.loss_dice: 1.2504  decode.d3.loss_cls: 0.0483  decode.d3.loss_mask: 1.3913  decode.d3.loss_dice: 1.2450  decode.d4.loss_cls: 0.0461  decode.d4.loss_mask: 1.4151  decode.d4.loss_dice: 1.2529  decode.d5.loss_cls: 0.0479  decode.d5.loss_mask: 1.4099  decode.d5.loss_dice: 1.2673  decode.d6.loss_cls: 0.0485  decode.d6.loss_mask: 1.3747  decode.d6.loss_dice: 1.2564  decode.d7.loss_cls: 0.0452  decode.d7.loss_mask: 1.3693  decode.d7.loss_dice: 1.2698  decode.d8.loss_cls: 0.0450  decode.d8.loss_mask: 1.3568  decode.d8.loss_dice: 1.2652
2026/07/23 11:18:16 - mmengine - INFO - Iter(train) [ 4800/80000]  base_lr: 4.8947e-05 lr: 4.8947e-05  eta: 13:53:19  time: 0.6383  data_time: 0.0187  memory: 8426  grad_norm: 79.0129  loss: 25.3736  decode.loss_cls: 0.0917  decode.loss_mask: 1.1073  decode.loss_dice: 1.2674  decode.d0.loss_cls: 0.2015  decode.d0.loss_mask: 1.1935  decode.d0.loss_dice: 1.3800  decode.d1.loss_cls: 0.0898  decode.d1.loss_mask: 1.1462  decode.d1.loss_dice: 1.3287  decode.d2.loss_cls: 0.0752  decode.d2.loss_mask: 1.1469  decode.d2.loss_dice: 1.3104  decode.d3.loss_cls: 0.0789  decode.d3.loss_mask: 1.1224  decode.d3.loss_dice: 1.3009  decode.d4.loss_cls: 0.0871  decode.d4.loss_mask: 1.1227  decode.d4.loss_dice: 1.2972  decode.d5.loss_cls: 0.0857  decode.d5.loss_mask: 1.1267  decode.d5.loss_dice: 1.3066  decode.d6.loss_cls: 0.0833  decode.d6.loss_mask: 1.1395  decode.d6.loss_dice: 1.3035  decode.d7.loss_cls: 0.0949  decode.d7.loss_mask: 1.1093  decode.d7.loss_dice: 1.2934  decode.d8.loss_cls: 0.0795  decode.d8.loss_mask: 1.1229  decode.d8.loss_dice: 1.2805
2026/07/23 11:19:19 - mmengine - INFO - Iter(train) [ 4900/80000]  base_lr: 4.8889e-05 lr: 4.8889e-05  eta: 13:51:15  time: 0.6227  data_time: 0.0175  memory: 8435  grad_norm: 111.9623  loss: 31.3087  decode.loss_cls: 0.1236  decode.loss_mask: 1.5349  decode.loss_dice: 1.5278  decode.d0.loss_cls: 0.2310  decode.d0.loss_mask: 1.5509  decode.d0.loss_dice: 1.5671  decode.d1.loss_cls: 0.1067  decode.d1.loss_mask: 1.5381  decode.d1.loss_dice: 1.4632  decode.d2.loss_cls: 0.1191  decode.d2.loss_mask: 1.4825  decode.d2.loss_dice: 1.4560  decode.d3.loss_cls: 0.1255  decode.d3.loss_mask: 1.5070  decode.d3.loss_dice: 1.4505  decode.d4.loss_cls: 0.1335  decode.d4.loss_mask: 1.5068  decode.d4.loss_dice: 1.4614  decode.d5.loss_cls: 0.1203  decode.d5.loss_mask: 1.4921  decode.d5.loss_dice: 1.4365  decode.d6.loss_cls: 0.1305  decode.d6.loss_mask: 1.5123  decode.d6.loss_dice: 1.4827  decode.d7.loss_cls: 0.1282  decode.d7.loss_mask: 1.4981  decode.d7.loss_dice: 1.5112  decode.d8.loss_cls: 0.1258  decode.d8.loss_mask: 1.4901  decode.d8.loss_dice: 1.4953
2026/07/23 11:20:21 - mmengine - INFO - Exp name: fusion_vits_m2f_9999_20260723_101840
2026/07/23 11:20:21 - mmengine - INFO - Iter(train) [ 5000/80000]  base_lr: 4.8830e-05 lr: 4.8830e-05  eta: 13:49:13  time: 0.6315  data_time: 0.0174  memory: 8435  grad_norm: 76.9810  loss: 25.8815  decode.loss_cls: 0.1158  decode.loss_mask: 1.2054  decode.loss_dice: 1.2545  decode.d0.loss_cls: 0.2259  decode.d0.loss_mask: 1.2445  decode.d0.loss_dice: 1.3580  decode.d1.loss_cls: 0.1161  decode.d1.loss_mask: 1.1874  decode.d1.loss_dice: 1.2903  decode.d2.loss_cls: 0.1117  decode.d2.loss_mask: 1.1850  decode.d2.loss_dice: 1.2726  decode.d3.loss_cls: 0.1067  decode.d3.loss_mask: 1.1885  decode.d3.loss_dice: 1.2617  decode.d4.loss_cls: 0.1106  decode.d4.loss_mask: 1.1879  decode.d4.loss_dice: 1.2452  decode.d5.loss_cls: 0.1143  decode.d5.loss_mask: 1.2035  decode.d5.loss_dice: 1.2244  decode.d6.loss_cls: 0.1182  decode.d6.loss_mask: 1.2091  decode.d6.loss_dice: 1.2363  decode.d7.loss_cls: 0.1089  decode.d7.loss_mask: 1.1984  decode.d7.loss_dice: 1.2537  decode.d8.loss_cls: 0.1040  decode.d8.loss_mask: 1.1850  decode.d8.loss_dice: 1.2579
2026/07/23 11:21:23 - mmengine - INFO - Iter(train) [ 5100/80000]  base_lr: 4.8772e-05 lr: 4.8772e-05  eta: 13:46:54  time: 0.5997  data_time: 0.0159  memory: 8435  grad_norm: 94.1923  loss: 28.7561  decode.loss_cls: 0.0764  decode.loss_mask: 1.4244  decode.loss_dice: 1.3190  decode.d0.loss_cls: 0.1887  decode.d0.loss_mask: 1.4441  decode.d0.loss_dice: 1.3697  decode.d1.loss_cls: 0.0919  decode.d1.loss_mask: 1.4443  decode.d1.loss_dice: 1.3387  decode.d2.loss_cls: 0.0697  decode.d2.loss_mask: 1.4731  decode.d2.loss_dice: 1.3645  decode.d3.loss_cls: 0.0847  decode.d3.loss_mask: 1.4501  decode.d3.loss_dice: 1.3395  decode.d4.loss_cls: 0.0980  decode.d4.loss_mask: 1.4546  decode.d4.loss_dice: 1.3312  decode.d5.loss_cls: 0.0726  decode.d5.loss_mask: 1.4633  decode.d5.loss_dice: 1.3593  decode.d6.loss_cls: 0.0795  decode.d6.loss_mask: 1.4273  decode.d6.loss_dice: 1.3393  decode.d7.loss_cls: 0.0692  decode.d7.loss_mask: 1.4457  decode.d7.loss_dice: 1.3276  decode.d8.loss_cls: 0.0873  decode.d8.loss_mask: 1.4064  decode.d8.loss_dice: 1.3160
2026/07/23 11:22:27 - mmengine - INFO - Iter(train) [ 5200/80000]  base_lr: 4.8713e-05 lr: 4.8713e-05  eta: 13:45:22  time: 0.6412  data_time: 0.0184  memory: 8435  grad_norm: 126.2578  loss: 28.0230  decode.loss_cls: 0.1223  decode.loss_mask: 1.5569  decode.loss_dice: 1.2250  decode.d0.loss_cls: 0.2836  decode.d0.loss_mask: 1.4531  decode.d0.loss_dice: 1.2706  decode.d1.loss_cls: 0.1059  decode.d1.loss_mask: 1.3814  decode.d1.loss_dice: 1.2416  decode.d2.loss_cls: 0.1277  decode.d2.loss_mask: 1.3786  decode.d2.loss_dice: 1.2085  decode.d3.loss_cls: 0.1245  decode.d3.loss_mask: 1.3976  decode.d3.loss_dice: 1.1851  decode.d4.loss_cls: 0.1292  decode.d4.loss_mask: 1.4453  decode.d4.loss_dice: 1.2153  decode.d5.loss_cls: 0.1343  decode.d5.loss_mask: 1.3876  decode.d5.loss_dice: 1.1865  decode.d6.loss_cls: 0.1141  decode.d6.loss_mask: 1.3930  decode.d6.loss_dice: 1.2353  decode.d7.loss_cls: 0.1254  decode.d7.loss_mask: 1.5028  decode.d7.loss_dice: 1.2443  decode.d8.loss_cls: 0.1146  decode.d8.loss_mask: 1.5252  decode.d8.loss_dice: 1.2079
2026/07/23 11:23:29 - mmengine - INFO - Iter(train) [ 5300/80000]  base_lr: 4.8654e-05 lr: 4.8654e-05  eta: 13:43:15  time: 0.6197  data_time: 0.0164  memory: 8426  grad_norm: 87.7795  loss: 28.3792  decode.loss_cls: 0.0540  decode.loss_mask: 1.5637  decode.loss_dice: 1.2347  decode.d0.loss_cls: 0.1845  decode.d0.loss_mask: 1.5372  decode.d0.loss_dice: 1.2684  decode.d1.loss_cls: 0.0622  decode.d1.loss_mask: 1.5267  decode.d1.loss_dice: 1.2268  decode.d2.loss_cls: 0.0554  decode.d2.loss_mask: 1.5333  decode.d2.loss_dice: 1.2477  decode.d3.loss_cls: 0.0560  decode.d3.loss_mask: 1.5291  decode.d3.loss_dice: 1.2238  decode.d4.loss_cls: 0.0551  decode.d4.loss_mask: 1.5335  decode.d4.loss_dice: 1.2063  decode.d5.loss_cls: 0.0601  decode.d5.loss_mask: 1.5429  decode.d5.loss_dice: 1.2066  decode.d6.loss_cls: 0.0539  decode.d6.loss_mask: 1.5479  decode.d6.loss_dice: 1.2019  decode.d7.loss_cls: 0.0530  decode.d7.loss_mask: 1.5652  decode.d7.loss_dice: 1.2247  decode.d8.loss_cls: 0.0546  decode.d8.loss_mask: 1.5483  decode.d8.loss_dice: 1.2216
2026/07/23 11:24:30 - mmengine - INFO - Iter(train) [ 5400/80000]  base_lr: 4.8596e-05 lr: 4.8596e-05  eta: 13:41:01  time: 0.6163  data_time: 0.0161  memory: 8435  grad_norm: 62.1386  loss: 26.5266  decode.loss_cls: 0.0601  decode.loss_mask: 1.3942  decode.loss_dice: 1.1869  decode.d0.loss_cls: 0.1786  decode.d0.loss_mask: 1.4107  decode.d0.loss_dice: 1.2298  decode.d1.loss_cls: 0.0813  decode.d1.loss_mask: 1.3785  decode.d1.loss_dice: 1.1668  decode.d2.loss_cls: 0.0733  decode.d2.loss_mask: 1.3789  decode.d2.loss_dice: 1.1794  decode.d3.loss_cls: 0.0734  decode.d3.loss_mask: 1.3874  decode.d3.loss_dice: 1.1871  decode.d4.loss_cls: 0.0610  decode.d4.loss_mask: 1.3903  decode.d4.loss_dice: 1.1919  decode.d5.loss_cls: 0.0705  decode.d5.loss_mask: 1.3774  decode.d5.loss_dice: 1.1788  decode.d6.loss_cls: 0.0690  decode.d6.loss_mask: 1.3824  decode.d6.loss_dice: 1.1775  decode.d7.loss_cls: 0.0684  decode.d7.loss_mask: 1.3948  decode.d7.loss_dice: 1.1775  decode.d8.loss_cls: 0.0599  decode.d8.loss_mask: 1.3852  decode.d8.loss_dice: 1.1755
2026/07/23 11:25:35 - mmengine - INFO - Iter(train) [ 5500/80000]  base_lr: 4.8537e-05 lr: 4.8537e-05  eta: 13:39:39  time: 0.6952  data_time: 0.0190  memory: 8435  grad_norm: 65.8121  loss: 21.3361  decode.loss_cls: 0.0452  decode.loss_mask: 1.1177  decode.loss_dice: 0.9539  decode.d0.loss_cls: 0.1334  decode.d0.loss_mask: 1.1244  decode.d0.loss_dice: 1.0492  decode.d1.loss_cls: 0.0717  decode.d1.loss_mask: 1.0869  decode.d1.loss_dice: 0.9535  decode.d2.loss_cls: 0.0618  decode.d2.loss_mask: 1.1070  decode.d2.loss_dice: 0.9354  decode.d3.loss_cls: 0.0583  decode.d3.loss_mask: 1.1098  decode.d3.loss_dice: 0.9511  decode.d4.loss_cls: 0.0605  decode.d4.loss_mask: 1.1053  decode.d4.loss_dice: 0.9305  decode.d5.loss_cls: 0.0556  decode.d5.loss_mask: 1.1061  decode.d5.loss_dice: 0.9442  decode.d6.loss_cls: 0.0559  decode.d6.loss_mask: 1.1148  decode.d6.loss_dice: 0.9595  decode.d7.loss_cls: 0.0604  decode.d7.loss_mask: 1.1003  decode.d7.loss_dice: 0.9591  decode.d8.loss_cls: 0.0508  decode.d8.loss_mask: 1.1155  decode.d8.loss_dice: 0.9582
2026/07/23 11:26:40 - mmengine - INFO - Iter(train) [ 5600/80000]  base_lr: 4.8478e-05 lr: 4.8478e-05  eta: 13:38:24  time: 0.6556  data_time: 0.0193  memory: 8435  grad_norm: 64.9555  loss: 22.1823  decode.loss_cls: 0.0815  decode.loss_mask: 1.1490  decode.loss_dice: 0.9515  decode.d0.loss_cls: 0.2267  decode.d0.loss_mask: 1.2225  decode.d0.loss_dice: 1.0285  decode.d1.loss_cls: 0.0779  decode.d1.loss_mask: 1.1465  decode.d1.loss_dice: 0.9828  decode.d2.loss_cls: 0.0668  decode.d2.loss_mask: 1.1375  decode.d2.loss_dice: 0.9742  decode.d3.loss_cls: 0.0642  decode.d3.loss_mask: 1.1325  decode.d3.loss_dice: 0.9723  decode.d4.loss_cls: 0.0730  decode.d4.loss_mask: 1.1304  decode.d4.loss_dice: 0.9772  decode.d5.loss_cls: 0.0822  decode.d5.loss_mask: 1.1449  decode.d5.loss_dice: 0.9669  decode.d6.loss_cls: 0.0776  decode.d6.loss_mask: 1.1555  decode.d6.loss_dice: 0.9576  decode.d7.loss_cls: 0.0858  decode.d7.loss_mask: 1.1466  decode.d7.loss_dice: 0.9652  decode.d8.loss_cls: 0.0808  decode.d8.loss_mask: 1.1562  decode.d8.loss_dice: 0.9681
2026/07/23 11:27:45 - mmengine - INFO - Iter(train) [ 5700/80000]  base_lr: 4.8420e-05 lr: 4.8420e-05  eta: 13:36:59  time: 0.6426  data_time: 0.0170  memory: 8426  grad_norm: 81.6381  loss: 24.8255  decode.loss_cls: 0.0973  decode.loss_mask: 1.2189  decode.loss_dice: 1.2102  decode.d0.loss_cls: 0.1787  decode.d0.loss_mask: 1.1941  decode.d0.loss_dice: 1.2868  decode.d1.loss_cls: 0.1095  decode.d1.loss_mask: 1.1669  decode.d1.loss_dice: 1.1895  decode.d2.loss_cls: 0.0890  decode.d2.loss_mask: 1.1685  decode.d2.loss_dice: 1.1724  decode.d3.loss_cls: 0.0935  decode.d3.loss_mask: 1.1602  decode.d3.loss_dice: 1.1668  decode.d4.loss_cls: 0.0978  decode.d4.loss_mask: 1.1701  decode.d4.loss_dice: 1.1938  decode.d5.loss_cls: 0.0933  decode.d5.loss_mask: 1.1830  decode.d5.loss_dice: 1.1878  decode.d6.loss_cls: 0.0927  decode.d6.loss_mask: 1.1840  decode.d6.loss_dice: 1.1830  decode.d7.loss_cls: 0.0930  decode.d7.loss_mask: 1.1881  decode.d7.loss_dice: 1.1593  decode.d8.loss_cls: 0.0849  decode.d8.loss_mask: 1.2248  decode.d8.loss_dice: 1.1875
2026/07/23 11:28:50 - mmengine - INFO - Iter(train) [ 5800/80000]  base_lr: 4.8361e-05 lr: 4.8361e-05  eta: 13:35:37  time: 0.6484  data_time: 0.0186  memory: 8435  grad_norm: 64.2813  loss: 26.0312  decode.loss_cls: 0.0285  decode.loss_mask: 1.3521  decode.loss_dice: 1.1915  decode.d0.loss_cls: 0.1618  decode.d0.loss_mask: 1.3654  decode.d0.loss_dice: 1.2228  decode.d1.loss_cls: 0.0543  decode.d1.loss_mask: 1.3473  decode.d1.loss_dice: 1.1783  decode.d2.loss_cls: 0.0457  decode.d2.loss_mask: 1.3517  decode.d2.loss_dice: 1.2071  decode.d3.loss_cls: 0.0440  decode.d3.loss_mask: 1.3535  decode.d3.loss_dice: 1.2086  decode.d4.loss_cls: 0.0547  decode.d4.loss_mask: 1.3433  decode.d4.loss_dice: 1.1944  decode.d5.loss_cls: 0.0540  decode.d5.loss_mask: 1.3341  decode.d5.loss_dice: 1.2005  decode.d6.loss_cls: 0.0471  decode.d6.loss_mask: 1.3456  decode.d6.loss_dice: 1.2048  decode.d7.loss_cls: 0.0520  decode.d7.loss_mask: 1.3403  decode.d7.loss_dice: 1.1723  decode.d8.loss_cls: 0.0471  decode.d8.loss_mask: 1.3553  decode.d8.loss_dice: 1.1732
2026/07/23 11:29:54 - mmengine - INFO - Iter(train) [ 5900/80000]  base_lr: 4.8303e-05 lr: 4.8303e-05  eta: 13:34:15  time: 0.6460  data_time: 0.0184  memory: 8435  grad_norm: 63.1232  loss: 18.9694  decode.loss_cls: 0.0560  decode.loss_mask: 0.9222  decode.loss_dice: 0.9120  decode.d0.loss_cls: 0.1347  decode.d0.loss_mask: 0.9938  decode.d0.loss_dice: 1.0086  decode.d1.loss_cls: 0.0815  decode.d1.loss_mask: 0.8957  decode.d1.loss_dice: 0.8942  decode.d2.loss_cls: 0.0711  decode.d2.loss_mask: 0.8942  decode.d2.loss_dice: 0.8968  decode.d3.loss_cls: 0.0637  decode.d3.loss_mask: 0.9337  decode.d3.loss_dice: 0.8925  decode.d4.loss_cls: 0.0704  decode.d4.loss_mask: 0.9191  decode.d4.loss_dice: 0.8885  decode.d5.loss_cls: 0.0621  decode.d5.loss_mask: 0.9221  decode.d5.loss_dice: 0.8869  decode.d6.loss_cls: 0.0545  decode.d6.loss_mask: 0.9128  decode.d6.loss_dice: 0.8822  decode.d7.loss_cls: 0.0588  decode.d7.loss_mask: 0.9143  decode.d7.loss_dice: 0.8737  decode.d8.loss_cls: 0.0627  decode.d8.loss_mask: 0.9185  decode.d8.loss_dice: 0.8920
2026/07/23 11:30:59 - mmengine - INFO - Exp name: fusion_vits_m2f_9999_20260723_101840
2026/07/23 11:30:59 - mmengine - INFO - Iter(train) [ 6000/80000]  base_lr: 4.8244e-05 lr: 4.8244e-05  eta: 13:32:51  time: 0.6487  data_time: 0.0177  memory: 8435  grad_norm: 74.7462  loss: 28.2044  decode.loss_cls: 0.0970  decode.loss_mask: 1.3743  decode.loss_dice: 1.3464  decode.d0.loss_cls: 0.1564  decode.d0.loss_mask: 1.4026  decode.d0.loss_dice: 1.3466  decode.d1.loss_cls: 0.1154  decode.d1.loss_mask: 1.3834  decode.d1.loss_dice: 1.3054  decode.d2.loss_cls: 0.1046  decode.d2.loss_mask: 1.3802  decode.d2.loss_dice: 1.3271  decode.d3.loss_cls: 0.1059  decode.d3.loss_mask: 1.3868  decode.d3.loss_dice: 1.3279  decode.d4.loss_cls: 0.0885  decode.d4.loss_mask: 1.3942  decode.d4.loss_dice: 1.3253  decode.d5.loss_cls: 0.0880  decode.d5.loss_mask: 1.3808  decode.d5.loss_dice: 1.3366  decode.d6.loss_cls: 0.0855  decode.d6.loss_mask: 1.3752  decode.d6.loss_dice: 1.3320  decode.d7.loss_cls: 0.0986  decode.d7.loss_mask: 1.3717  decode.d7.loss_dice: 1.3464  decode.d8.loss_cls: 0.0928  decode.d8.loss_mask: 1.3798  decode.d8.loss_dice: 1.3492
2026/07/23 11:30:59 - mmengine - INFO - Saving checkpoint at 6000 iterations
2026/07/23 11:31:49 - mmengine - INFO - Iter(val) [100/504]    eta: 0:01:29  time: 0.2119  data_time: 0.0099  memory: 3244  
2026/07/23 11:32:10 - mmengine - INFO - Iter(val) [200/504]    eta: 0:01:05  time: 0.2091  data_time: 0.0089  memory: 3244  
2026/07/23 11:32:31 - mmengine - INFO - Iter(val) [300/504]    eta: 0:00:43  time: 0.2092  data_time: 0.0090  memory: 3244  
2026/07/23 11:32:52 - mmengine - INFO - Iter(val) [400/504]    eta: 0:00:22  time: 0.2130  data_time: 0.0096  memory: 3244  
2026/07/23 11:33:13 - mmengine - INFO - Iter(val) [500/504]    eta: 0:00:00  time: 0.2118  data_time: 0.0090  memory: 3244  
2026/07/23 11:33:16 - mmengine - INFO - per class results:
2026/07/23 11:33:16 - mmengine - INFO - 
+--------------------+-------+-------+--------+-----------+--------+
|       Class        |  IoU  |  Acc  | Fscore | Precision | Recall |
+--------------------+-------+-------+--------+-----------+--------+
| impervious_surface | 86.83 | 93.02 | 92.95  |   92.89   | 93.02  |
|      building      |  94.4 | 97.99 | 97.12  |   96.26   | 97.99  |
|   low_vegetation   | 79.44 | 89.63 | 88.54  |   87.48   | 89.63  |
|        tree        | 80.96 | 87.37 | 89.48  |   91.68   | 87.37  |
|        car         | 92.18 | 95.29 | 95.93  |   96.57   | 95.29  |
+--------------------+-------+-------+--------+-----------+--------+
2026/07/23 11:33:16 - mmengine - INFO - Iter(val) [504/504]    aAcc: 92.1000  mIoU: 86.7600  mAcc: 92.6600  mFscore: 92.8000  mPrecision: 92.9800  mRecall: 92.6600  data_time: 0.0114  time: 0.2122
2026/07/23 11:33:17 - mmengine - INFO - The previous best checkpoint /mnt/qh2-nas3/00-model/00-fb/fusion_potsdam/work_dirs/fusion_vits_m2f_9999/best_mIoU_iter_2000.pth is removed
2026/07/23 11:33:38 - mmengine - INFO - The best checkpoint with 86.7600 mIoU at 6000 iter is saved to best_mIoU_iter_6000.pth.
2026/07/23 11:35:12 - mmengine - INFO - Iter(train) [ 6100/80000]  base_lr: 4.8185e-05 lr: 4.8185e-05  eta: 13:42:15  time: 0.6496  data_time: 0.0199  memory: 8435  grad_norm: 69.0723  loss: 27.5274  decode.loss_cls: 0.0418  decode.loss_mask: 1.3517  decode.loss_dice: 1.3378  decode.d0.loss_cls: 0.1319  decode.d0.loss_mask: 1.4070  decode.d0.loss_dice: 1.3351  decode.d1.loss_cls: 0.0458  decode.d1.loss_mask: 1.3609  decode.d1.loss_dice: 1.3417  decode.d2.loss_cls: 0.0264  decode.d2.loss_mask: 1.3619  decode.d2.loss_dice: 1.3392  decode.d3.loss_cls: 0.0253  decode.d3.loss_mask: 1.3519  decode.d3.loss_dice: 1.3452  decode.d4.loss_cls: 0.0263  decode.d4.loss_mask: 1.3594  decode.d4.loss_dice: 1.3241  decode.d5.loss_cls: 0.0385  decode.d5.loss_mask: 1.3551  decode.d5.loss_dice: 1.3631  decode.d6.loss_cls: 0.0402  decode.d6.loss_mask: 1.3569  decode.d6.loss_dice: 1.3824  decode.d7.loss_cls: 0.0335  decode.d7.loss_mask: 1.3598  decode.d7.loss_dice: 1.3412  decode.d8.loss_cls: 0.0387  decode.d8.loss_mask: 1.3719  decode.d8.loss_dice: 1.3325
2026/07/23 11:36:23 - mmengine - INFO - Iter(train) [ 6200/80000]  base_lr: 4.8126e-05 lr: 4.8126e-05  eta: 13:41:59  time: 0.6958  data_time: 0.0192  memory: 8426  grad_norm: 62.8027  loss: 21.4943  decode.loss_cls: 0.0319  decode.loss_mask: 1.1299  decode.loss_dice: 0.9648  decode.d0.loss_cls: 0.1369  decode.d0.loss_mask: 1.1911  decode.d0.loss_dice: 1.0794  decode.d1.loss_cls: 0.0404  decode.d1.loss_mask: 1.1253  decode.d1.loss_dice: 0.9321  decode.d2.loss_cls: 0.0329  decode.d2.loss_mask: 1.1271  decode.d2.loss_dice: 0.9592  decode.d3.loss_cls: 0.0296  decode.d3.loss_mask: 1.1232  decode.d3.loss_dice: 0.9699  decode.d4.loss_cls: 0.0271  decode.d4.loss_mask: 1.1292  decode.d4.loss_dice: 0.9771  decode.d5.loss_cls: 0.0262  decode.d5.loss_mask: 1.1246  decode.d5.loss_dice: 0.9715  decode.d6.loss_cls: 0.0252  decode.d6.loss_mask: 1.1308  decode.d6.loss_dice: 0.9680  decode.d7.loss_cls: 0.0289  decode.d7.loss_mask: 1.1259  decode.d7.loss_dice: 0.9616  decode.d8.loss_cls: 0.0292  decode.d8.loss_mask: 1.1237  decode.d8.loss_dice: 0.9713
2026/07/23 11:37:28 - mmengine - INFO - Iter(train) [ 6300/80000]  base_lr: 4.8068e-05 lr: 4.8068e-05  eta: 13:40:36  time: 0.6475  data_time: 0.0184  memory: 8435  grad_norm: 65.7013  loss: 25.5232  decode.loss_cls: 0.0233  decode.loss_mask: 1.3108  decode.loss_dice: 1.2108  decode.d0.loss_cls: 0.1037  decode.d0.loss_mask: 1.3536  decode.d0.loss_dice: 1.2040  decode.d1.loss_cls: 0.0275  decode.d1.loss_mask: 1.3088  decode.d1.loss_dice: 1.2335  decode.d2.loss_cls: 0.0315  decode.d2.loss_mask: 1.2947  decode.d2.loss_dice: 1.2158  decode.d3.loss_cls: 0.0209  decode.d3.loss_mask: 1.3018  decode.d3.loss_dice: 1.2241  decode.d4.loss_cls: 0.0202  decode.d4.loss_mask: 1.2988  decode.d4.loss_dice: 1.2042  decode.d5.loss_cls: 0.0202  decode.d5.loss_mask: 1.3008  decode.d5.loss_dice: 1.2189  decode.d6.loss_cls: 0.0258  decode.d6.loss_mask: 1.2988  decode.d6.loss_dice: 1.2097  decode.d7.loss_cls: 0.0224  decode.d7.loss_mask: 1.2968  decode.d7.loss_dice: 1.2101  decode.d8.loss_cls: 0.0254  decode.d8.loss_mask: 1.3110  decode.d8.loss_dice: 1.1955
2026/07/23 11:38:33 - mmengine - INFO - Iter(train) [ 6400/80000]  base_lr: 4.8009e-05 lr: 4.8009e-05  eta: 13:39:13  time: 0.6613  data_time: 0.0195  memory: 8435  grad_norm: 71.9729  loss: 23.1211  decode.loss_cls: 0.0397  decode.loss_mask: 1.1943  decode.loss_dice: 1.0737  decode.d0.loss_cls: 0.1188  decode.d0.loss_mask: 1.2266  decode.d0.loss_dice: 1.1033  decode.d1.loss_cls: 0.0426  decode.d1.loss_mask: 1.1921  decode.d1.loss_dice: 1.0456  decode.d2.loss_cls: 0.0412  decode.d2.loss_mask: 1.1918  decode.d2.loss_dice: 1.0519  decode.d3.loss_cls: 0.0417  decode.d3.loss_mask: 1.1880  decode.d3.loss_dice: 1.0554  decode.d4.loss_cls: 0.0378  decode.d4.loss_mask: 1.2003  decode.d4.loss_dice: 1.0671  decode.d5.loss_cls: 0.0383  decode.d5.loss_mask: 1.1922  decode.d5.loss_dice: 1.0612  decode.d6.loss_cls: 0.0391  decode.d6.loss_mask: 1.2019  decode.d6.loss_dice: 1.0528  decode.d7.loss_cls: 0.0475  decode.d7.loss_mask: 1.2029  decode.d7.loss_dice: 1.0733  decode.d8.loss_cls: 0.0367  decode.d8.loss_mask: 1.1957  decode.d8.loss_dice: 1.0677
2026/07/23 11:39:39 - mmengine - INFO - Iter(train) [ 6500/80000]  base_lr: 4.7950e-05 lr: 4.7950e-05  eta: 13:37:53  time: 0.6129  data_time: 0.0171  memory: 8426  grad_norm: 67.9835  loss: 20.2681  decode.loss_cls: 0.1140  decode.loss_mask: 1.0072  decode.loss_dice: 0.8577  decode.d0.loss_cls: 0.2315  decode.d0.loss_mask: 1.0178  decode.d0.loss_dice: 1.0449  decode.d1.loss_cls: 0.1385  decode.d1.loss_mask: 0.9868  decode.d1.loss_dice: 0.9434  decode.d2.loss_cls: 0.1078  decode.d2.loss_mask: 1.0209  decode.d2.loss_dice: 0.8987  decode.d3.loss_cls: 0.1236  decode.d3.loss_mask: 1.0294  decode.d3.loss_dice: 0.8711  decode.d4.loss_cls: 0.1026  decode.d4.loss_mask: 1.0153  decode.d4.loss_dice: 0.8879  decode.d5.loss_cls: 0.1031  decode.d5.loss_mask: 1.0024  decode.d5.loss_dice: 0.9003  decode.d6.loss_cls: 0.1000  decode.d6.loss_mask: 1.0002  decode.d6.loss_dice: 0.8616  decode.d7.loss_cls: 0.1013  decode.d7.loss_mask: 0.9969  decode.d7.loss_dice: 0.8562  decode.d8.loss_cls: 0.1041  decode.d8.loss_mask: 1.0009  decode.d8.loss_dice: 0.8421
2026/07/23 11:40:44 - mmengine - INFO - Iter(train) [ 6600/80000]  base_lr: 4.7892e-05 lr: 4.7892e-05  eta: 13:36:21  time: 0.6229  data_time: 0.0170  memory: 8435  grad_norm: 108.6134  loss: 37.4397  decode.loss_cls: 0.2489  decode.loss_mask: 1.8902  decode.loss_dice: 1.5728  decode.d0.loss_cls: 0.3937  decode.d0.loss_mask: 1.8806  decode.d0.loss_dice: 1.7672  decode.d1.loss_cls: 0.2474  decode.d1.loss_mask: 1.9280  decode.d1.loss_dice: 1.6389  decode.d2.loss_cls: 0.2256  decode.d2.loss_mask: 1.8901  decode.d2.loss_dice: 1.6133  decode.d3.loss_cls: 0.2437  decode.d3.loss_mask: 1.8672  decode.d3.loss_dice: 1.5895  decode.d4.loss_cls: 0.2413  decode.d4.loss_mask: 1.8747  decode.d4.loss_dice: 1.5523  decode.d5.loss_cls: 0.2322  decode.d5.loss_mask: 1.8794  decode.d5.loss_dice: 1.5600  decode.d6.loss_cls: 0.2431  decode.d6.loss_mask: 1.8968  decode.d6.loss_dice: 1.5564  decode.d7.loss_cls: 0.2553  decode.d7.loss_mask: 1.8780  decode.d7.loss_dice: 1.5722  decode.d8.loss_cls: 0.2592  decode.d8.loss_mask: 1.8784  decode.d8.loss_dice: 1.5635
2026/07/23 11:41:48 - mmengine - INFO - Iter(train) [ 6700/80000]  base_lr: 4.7833e-05 lr: 4.7833e-05  eta: 13:34:53  time: 0.6334  data_time: 0.0181  memory: 8435  grad_norm: 72.4519  loss: 21.9965  decode.loss_cls: 0.0283  decode.loss_mask: 1.1783  decode.loss_dice: 0.9737  decode.d0.loss_cls: 0.1756  decode.d0.loss_mask: 1.2239  decode.d0.loss_dice: 1.0219  decode.d1.loss_cls: 0.0546  decode.d1.loss_mask: 1.1652  decode.d1.loss_dice: 0.9809  decode.d2.loss_cls: 0.0424  decode.d2.loss_mask: 1.1576  decode.d2.loss_dice: 0.9744  decode.d3.loss_cls: 0.0422  decode.d3.loss_mask: 1.1639  decode.d3.loss_dice: 0.9782  decode.d4.loss_cls: 0.0432  decode.d4.loss_mask: 1.1619  decode.d4.loss_dice: 0.9730  decode.d5.loss_cls: 0.0466  decode.d5.loss_mask: 1.1592  decode.d5.loss_dice: 0.9659  decode.d6.loss_cls: 0.0422  decode.d6.loss_mask: 1.1531  decode.d6.loss_dice: 0.9690  decode.d7.loss_cls: 0.0302  decode.d7.loss_mask: 1.1644  decode.d7.loss_dice: 0.9632  decode.d8.loss_cls: 0.0292  decode.d8.loss_mask: 1.1680  decode.d8.loss_dice: 0.9663
2026/07/23 11:42:53 - mmengine - INFO - Iter(train) [ 6800/80000]  base_lr: 4.7774e-05 lr: 4.7774e-05  eta: 13:33:25  time: 0.6383  data_time: 0.0182  memory: 8435  grad_norm: 64.3154  loss: 18.6594  decode.loss_cls: 0.1145  decode.loss_mask: 0.7723  decode.loss_dice: 0.9586  decode.d0.loss_cls: 0.1546  decode.d0.loss_mask: 0.8160  decode.d0.loss_dice: 1.0743  decode.d1.loss_cls: 0.1101  decode.d1.loss_mask: 0.7968  decode.d1.loss_dice: 0.9772  decode.d2.loss_cls: 0.1182  decode.d2.loss_mask: 0.7593  decode.d2.loss_dice: 0.9552  decode.d3.loss_cls: 0.1192  decode.d3.loss_mask: 0.7730  decode.d3.loss_dice: 0.9563  decode.d4.loss_cls: 0.1164  decode.d4.loss_mask: 0.7879  decode.d4.loss_dice: 0.9594  decode.d5.loss_cls: 0.1265  decode.d5.loss_mask: 0.7734  decode.d5.loss_dice: 0.9517  decode.d6.loss_cls: 0.1215  decode.d6.loss_mask: 0.7742  decode.d6.loss_dice: 0.9495  decode.d7.loss_cls: 0.1121  decode.d7.loss_mask: 0.7713  decode.d7.loss_dice: 0.9374  decode.d8.loss_cls: 0.1105  decode.d8.loss_mask: 0.7751  decode.d8.loss_dice: 0.9369
2026/07/23 11:44:00 - mmengine - INFO - Iter(train) [ 6900/80000]  base_lr: 4.7715e-05 lr: 4.7715e-05  eta: 13:32:25  time: 0.6440  data_time: 0.0186  memory: 8435  grad_norm: 74.1962  loss: 26.1456  decode.loss_cls: 0.0980  decode.loss_mask: 1.2607  decode.loss_dice: 1.2045  decode.d0.loss_cls: 0.1896  decode.d0.loss_mask: 1.3556  decode.d0.loss_dice: 1.3513  decode.d1.loss_cls: 0.1152  decode.d1.loss_mask: 1.2440  decode.d1.loss_dice: 1.2198  decode.d2.loss_cls: 0.0929  decode.d2.loss_mask: 1.2659  decode.d2.loss_dice: 1.2160  decode.d3.loss_cls: 0.0840  decode.d3.loss_mask: 1.2812  decode.d3.loss_dice: 1.2234  decode.d4.loss_cls: 0.0865  decode.d4.loss_mask: 1.2780  decode.d4.loss_dice: 1.2292  decode.d5.loss_cls: 0.0909  decode.d5.loss_mask: 1.2753  decode.d5.loss_dice: 1.2303  decode.d6.loss_cls: 0.0873  decode.d6.loss_mask: 1.2847  decode.d6.loss_dice: 1.2240  decode.d7.loss_cls: 0.0995  decode.d7.loss_mask: 1.2587  decode.d7.loss_dice: 1.2233  decode.d8.loss_cls: 0.0998  decode.d8.loss_mask: 1.2690  decode.d8.loss_dice: 1.2071
2026/07/23 11:45:09 - mmengine - INFO - Exp name: fusion_vits_m2f_9999_20260723_101840
2026/07/23 11:45:09 - mmengine - INFO - Iter(train) [ 7000/80000]  base_lr: 4.7657e-05 lr: 4.7657e-05  eta: 13:31:37  time: 0.6519  data_time: 0.0186  memory: 8426  grad_norm: 50.2904  loss: 24.5752  decode.loss_cls: 0.0231  decode.loss_mask: 1.3307  decode.loss_dice: 1.0944  decode.d0.loss_cls: 0.1306  decode.d0.loss_mask: 1.3616  decode.d0.loss_dice: 1.0722  decode.d1.loss_cls: 0.0320  decode.d1.loss_mask: 1.3235  decode.d1.loss_dice: 1.1055  decode.d2.loss_cls: 0.0250  decode.d2.loss_mask: 1.3260  decode.d2.loss_dice: 1.0995  decode.d3.loss_cls: 0.0243  decode.d3.loss_mask: 1.3237  decode.d3.loss_dice: 1.0899  decode.d4.loss_cls: 0.0245  decode.d4.loss_mask: 1.3242  decode.d4.loss_dice: 1.0887  decode.d5.loss_cls: 0.0234  decode.d5.loss_mask: 1.3245  decode.d5.loss_dice: 1.0790  decode.d6.loss_cls: 0.0237  decode.d6.loss_mask: 1.3304  decode.d6.loss_dice: 1.0920  decode.d7.loss_cls: 0.0211  decode.d7.loss_mask: 1.3276  decode.d7.loss_dice: 1.1080  decode.d8.loss_cls: 0.0229  decode.d8.loss_mask: 1.3303  decode.d8.loss_dice: 1.0929
2026/07/23 11:46:13 - mmengine - INFO - Iter(train) [ 7100/80000]  base_lr: 4.7598e-05 lr: 4.7598e-05  eta: 13:30:08  time: 0.6591  data_time: 0.0191  memory: 8426  grad_norm: 43.4499  loss: 20.4135  decode.loss_cls: 0.0403  decode.loss_mask: 1.0637  decode.loss_dice: 0.9408  decode.d0.loss_cls: 0.1030  decode.d0.loss_mask: 1.0826  decode.d0.loss_dice: 0.9685  decode.d1.loss_cls: 0.0386  decode.d1.loss_mask: 1.0523  decode.d1.loss_dice: 0.9325  decode.d2.loss_cls: 0.0370  decode.d2.loss_mask: 1.0547  decode.d2.loss_dice: 0.9240  decode.d3.loss_cls: 0.0368  decode.d3.loss_mask: 1.0572  decode.d3.loss_dice: 0.9253  decode.d4.loss_cls: 0.0323  decode.d4.loss_mask: 1.0632  decode.d4.loss_dice: 0.9312  decode.d5.loss_cls: 0.0284  decode.d5.loss_mask: 1.0711  decode.d5.loss_dice: 0.9393  decode.d6.loss_cls: 0.0382  decode.d6.loss_mask: 1.0607  decode.d6.loss_dice: 0.9353  decode.d7.loss_cls: 0.0373  decode.d7.loss_mask: 1.0619  decode.d7.loss_dice: 0.9271  decode.d8.loss_cls: 0.0367  decode.d8.loss_mask: 1.0618  decode.d8.loss_dice: 0.9316
2026/07/23 11:47:21 - mmengine - INFO - Iter(train) [ 7200/80000]  base_lr: 4.7539e-05 lr: 4.7539e-05  eta: 13:29:10  time: 0.7243  data_time: 0.0215  memory: 8435  grad_norm: 52.6445  loss: 21.5874  decode.loss_cls: 0.0464  decode.loss_mask: 1.1109  decode.loss_dice: 0.9933  decode.d0.loss_cls: 0.1085  decode.d0.loss_mask: 1.1442  decode.d0.loss_dice: 1.0084  decode.d1.loss_cls: 0.0388  decode.d1.loss_mask: 1.1273  decode.d1.loss_dice: 0.9965  decode.d2.loss_cls: 0.0391  decode.d2.loss_mask: 1.1244  decode.d2.loss_dice: 0.9988  decode.d3.loss_cls: 0.0483  decode.d3.loss_mask: 1.1126  decode.d3.loss_dice: 0.9851  decode.d4.loss_cls: 0.0465  decode.d4.loss_mask: 1.1105  decode.d4.loss_dice: 0.9846  decode.d5.loss_cls: 0.0473  decode.d5.loss_mask: 1.1102  decode.d5.loss_dice: 0.9932  decode.d6.loss_cls: 0.0444  decode.d6.loss_mask: 1.1016  decode.d6.loss_dice: 0.9885  decode.d7.loss_cls: 0.0453  decode.d7.loss_mask: 1.1044  decode.d7.loss_dice: 0.9862  decode.d8.loss_cls: 0.0465  decode.d8.loss_mask: 1.1079  decode.d8.loss_dice: 0.9879
2026/07/23 11:48:26 - mmengine - INFO - Iter(train) [ 7300/80000]  base_lr: 4.7480e-05 lr: 4.7480e-05  eta: 13:27:52  time: 0.6505  data_time: 0.0192  memory: 8435  grad_norm: 45.4245  loss: 20.6880  decode.loss_cls: 0.0455  decode.loss_mask: 1.0136  decode.loss_dice: 0.9973  decode.d0.loss_cls: 0.1251  decode.d0.loss_mask: 1.0348  decode.d0.loss_dice: 1.0295  decode.d1.loss_cls: 0.0394  decode.d1.loss_mask: 1.0080  decode.d1.loss_dice: 1.0105  decode.d2.loss_cls: 0.0530  decode.d2.loss_mask: 1.0059  decode.d2.loss_dice: 0.9916  decode.d3.loss_cls: 0.0512  decode.d3.loss_mask: 1.0056  decode.d3.loss_dice: 0.9906  decode.d4.loss_cls: 0.0545  decode.d4.loss_mask: 1.0026  decode.d4.loss_dice: 0.9979  decode.d5.loss_cls: 0.0526  decode.d5.loss_mask: 1.0008  decode.d5.loss_dice: 0.9985  decode.d6.loss_cls: 0.0390  decode.d6.loss_mask: 1.0217  decode.d6.loss_dice: 1.0095  decode.d7.loss_cls: 0.0591  decode.d7.loss_mask: 1.0028  decode.d7.loss_dice: 0.9913  decode.d8.loss_cls: 0.0575  decode.d8.loss_mask: 1.0061  decode.d8.loss_dice: 0.9926
2026/07/23 11:49:31 - mmengine - INFO - Iter(train) [ 7400/80000]  base_lr: 4.7422e-05 lr: 4.7422e-05  eta: 13:26:27  time: 0.6464  data_time: 0.0176  memory: 8426  grad_norm: 64.0239  loss: 19.0946  decode.loss_cls: 0.0696  decode.loss_mask: 0.9403  decode.loss_dice: 0.8944  decode.d0.loss_cls: 0.1323  decode.d0.loss_mask: 0.9419  decode.d0.loss_dice: 0.9676  decode.d1.loss_cls: 0.0820  decode.d1.loss_mask: 0.9352  decode.d1.loss_dice: 0.8988  decode.d2.loss_cls: 0.0663  decode.d2.loss_mask: 0.9384  decode.d2.loss_dice: 0.8892  decode.d3.loss_cls: 0.0683  decode.d3.loss_mask: 0.9399  decode.d3.loss_dice: 0.8857  decode.d4.loss_cls: 0.0699  decode.d4.loss_mask: 0.9236  decode.d4.loss_dice: 0.8859  decode.d5.loss_cls: 0.0699  decode.d5.loss_mask: 0.9199  decode.d5.loss_dice: 0.8980  decode.d6.loss_cls: 0.0695  decode.d6.loss_mask: 0.9183  decode.d6.loss_dice: 0.9063  decode.d7.loss_cls: 0.0668  decode.d7.loss_mask: 0.9195  decode.d7.loss_dice: 0.9091  decode.d8.loss_cls: 0.0644  decode.d8.loss_mask: 0.9294  decode.d8.loss_dice: 0.8943
2026/07/23 11:50:37 - mmengine - INFO - Iter(train) [ 7500/80000]  base_lr: 4.7363e-05 lr: 4.7363e-05  eta: 13:25:10  time: 0.6577  data_time: 0.0200  memory: 8435  grad_norm: 71.1693  loss: 23.1714  decode.loss_cls: 0.1150  decode.loss_mask: 1.1204  decode.loss_dice: 1.0778  decode.d0.loss_cls: 0.1165  decode.d0.loss_mask: 1.2233  decode.d0.loss_dice: 1.1795  decode.d1.loss_cls: 0.0918  decode.d1.loss_mask: 1.1258  decode.d1.loss_dice: 1.0546  decode.d2.loss_cls: 0.0777  decode.d2.loss_mask: 1.1132  decode.d2.loss_dice: 1.0683  decode.d3.loss_cls: 0.0896  decode.d3.loss_mask: 1.1184  decode.d3.loss_dice: 1.0621  decode.d4.loss_cls: 0.1124  decode.d4.loss_mask: 1.1114  decode.d4.loss_dice: 1.0725  decode.d5.loss_cls: 0.1035  decode.d5.loss_mask: 1.1147  decode.d5.loss_dice: 1.0556  decode.d6.loss_cls: 0.1079  decode.d6.loss_mask: 1.1091  decode.d6.loss_dice: 1.0921  decode.d7.loss_cls: 0.1204  decode.d7.loss_mask: 1.1114  decode.d7.loss_dice: 1.0986  decode.d8.loss_cls: 0.1104  decode.d8.loss_mask: 1.1184  decode.d8.loss_dice: 1.0989
2026/07/23 11:51:43 - mmengine - INFO - Iter(train) [ 7600/80000]  base_lr: 4.7304e-05 lr: 4.7304e-05  eta: 13:24:02  time: 0.6005  data_time: 0.0170  memory: 8435  grad_norm: 75.9823  loss: 24.2604  decode.loss_cls: 0.1017  decode.loss_mask: 1.1885  decode.loss_dice: 1.1117  decode.d0.loss_cls: 0.1791  decode.d0.loss_mask: 1.2370  decode.d0.loss_dice: 1.1951  decode.d1.loss_cls: 0.1138  decode.d1.loss_mask: 1.1840  decode.d1.loss_dice: 1.0750  decode.d2.loss_cls: 0.1063  decode.d2.loss_mask: 1.2164  decode.d2.loss_dice: 1.0931  decode.d3.loss_cls: 0.1030  decode.d3.loss_mask: 1.2335  decode.d3.loss_dice: 1.0886  decode.d4.loss_cls: 0.0897  decode.d4.loss_mask: 1.2462  decode.d4.loss_dice: 1.1020  decode.d5.loss_cls: 0.0856  decode.d5.loss_mask: 1.2588  decode.d5.loss_dice: 1.0876  decode.d6.loss_cls: 0.1124  decode.d6.loss_mask: 1.1840  decode.d6.loss_dice: 1.0876  decode.d7.loss_cls: 0.1078  decode.d7.loss_mask: 1.1920  decode.d7.loss_dice: 1.1015  decode.d8.loss_cls: 0.0993  decode.d8.loss_mask: 1.1820  decode.d8.loss_dice: 1.0971
2026/07/23 11:52:48 - mmengine - INFO - Iter(train) [ 7700/80000]  base_lr: 4.7245e-05 lr: 4.7245e-05  eta: 13:22:37  time: 0.6062  data_time: 0.0167  memory: 8435  grad_norm: 93.2732  loss: 27.7095  decode.loss_cls: 0.1040  decode.loss_mask: 1.4149  decode.loss_dice: 1.2486  decode.d0.loss_cls: 0.1631  decode.d0.loss_mask: 1.4317  decode.d0.loss_dice: 1.2942  decode.d1.loss_cls: 0.1128  decode.d1.loss_mask: 1.3999  decode.d1.loss_dice: 1.2521  decode.d2.loss_cls: 0.1049  decode.d2.loss_mask: 1.4094  decode.d2.loss_dice: 1.2666  decode.d3.loss_cls: 0.1128  decode.d3.loss_mask: 1.4052  decode.d3.loss_dice: 1.2516  decode.d4.loss_cls: 0.1188  decode.d4.loss_mask: 1.3829  decode.d4.loss_dice: 1.2271  decode.d5.loss_cls: 0.1151  decode.d5.loss_mask: 1.3958  decode.d5.loss_dice: 1.2382  decode.d6.loss_cls: 0.1155  decode.d6.loss_mask: 1.4124  decode.d6.loss_dice: 1.2503  decode.d7.loss_cls: 0.1251  decode.d7.loss_mask: 1.3812  decode.d7.loss_dice: 1.2365  decode.d8.loss_cls: 0.1160  decode.d8.loss_mask: 1.3882  decode.d8.loss_dice: 1.2347
2026/07/23 11:53:56 - mmengine - INFO - Iter(train) [ 7800/80000]  base_lr: 4.7186e-05 lr: 4.7186e-05  eta: 13:21:47  time: 0.6615  data_time: 0.0180  memory: 8435  grad_norm: 84.3384  loss: 21.3825  decode.loss_cls: 0.1091  decode.loss_mask: 0.9818  decode.loss_dice: 1.0019  decode.d0.loss_cls: 0.2306  decode.d0.loss_mask: 1.0143  decode.d0.loss_dice: 1.1167  decode.d1.loss_cls: 0.1237  decode.d1.loss_mask: 0.9656  decode.d1.loss_dice: 0.9998  decode.d2.loss_cls: 0.1144  decode.d2.loss_mask: 0.9941  decode.d2.loss_dice: 1.0036  decode.d3.loss_cls: 0.1115  decode.d3.loss_mask: 0.9940  decode.d3.loss_dice: 1.0109  decode.d4.loss_cls: 0.1089  decode.d4.loss_mask: 0.9805  decode.d4.loss_dice: 1.0188  decode.d5.loss_cls: 0.0980  decode.d5.loss_mask: 0.9911  decode.d5.loss_dice: 1.0244  decode.d6.loss_cls: 0.1088  decode.d6.loss_mask: 1.0063  decode.d6.loss_dice: 1.0166  decode.d7.loss_cls: 0.1005  decode.d7.loss_mask: 1.0264  decode.d7.loss_dice: 1.0110  decode.d8.loss_cls: 0.1080  decode.d8.loss_mask: 0.9923  decode.d8.loss_dice: 1.0189
2026/07/23 11:55:02 - mmengine - INFO - Iter(train) [ 7900/80000]  base_lr: 4.7128e-05 lr: 4.7128e-05  eta: 13:20:32  time: 0.6693  data_time: 0.0185  memory: 8426  grad_norm: 66.5889  loss: 21.3802  decode.loss_cls: 0.0511  decode.loss_mask: 1.1450  decode.loss_dice: 0.9268  decode.d0.loss_cls: 0.1192  decode.d0.loss_mask: 1.1776  decode.d0.loss_dice: 0.9552  decode.d1.loss_cls: 0.0646  decode.d1.loss_mask: 1.1463  decode.d1.loss_dice: 0.9600  decode.d2.loss_cls: 0.0676  decode.d2.loss_mask: 1.1416  decode.d2.loss_dice: 0.9389  decode.d3.loss_cls: 0.0508  decode.d3.loss_mask: 1.1428  decode.d3.loss_dice: 0.9338  decode.d4.loss_cls: 0.0545  decode.d4.loss_mask: 1.1406  decode.d4.loss_dice: 0.9141  decode.d5.loss_cls: 0.0573  decode.d5.loss_mask: 1.1383  decode.d5.loss_dice: 0.9091  decode.d6.loss_cls: 0.0515  decode.d6.loss_mask: 1.1294  decode.d6.loss_dice: 0.9163  decode.d7.loss_cls: 0.0503  decode.d7.loss_mask: 1.1429  decode.d7.loss_dice: 0.9212  decode.d8.loss_cls: 0.0689  decode.d8.loss_mask: 1.1430  decode.d8.loss_dice: 0.9213
2026/07/23 11:56:13 - mmengine - INFO - Exp name: fusion_vits_m2f_9999_20260723_101840
2026/07/23 11:56:13 - mmengine - INFO - Iter(train) [ 8000/80000]  base_lr: 4.7069e-05 lr: 4.7069e-05  eta: 13:19:59  time: 0.6568  data_time: 0.0188  memory: 8435  grad_norm: 96.7354  loss: 29.1760  decode.loss_cls: 0.0686  decode.loss_mask: 1.5557  decode.loss_dice: 1.2787  decode.d0.loss_cls: 0.1421  decode.d0.loss_mask: 1.5850  decode.d0.loss_dice: 1.3156  decode.d1.loss_cls: 0.0767  decode.d1.loss_mask: 1.5426  decode.d1.loss_dice: 1.2969  decode.d2.loss_cls: 0.0652  decode.d2.loss_mask: 1.5556  decode.d2.loss_dice: 1.2923  decode.d3.loss_cls: 0.0545  decode.d3.loss_mask: 1.5304  decode.d3.loss_dice: 1.2832  decode.d4.loss_cls: 0.0555  decode.d4.loss_mask: 1.5346  decode.d4.loss_dice: 1.2825  decode.d5.loss_cls: 0.0623  decode.d5.loss_mask: 1.5367  decode.d5.loss_dice: 1.2950  decode.d6.loss_cls: 0.0604  decode.d6.loss_mask: 1.5514  decode.d6.loss_dice: 1.3071  decode.d7.loss_cls: 0.0551  decode.d7.loss_mask: 1.5572  decode.d7.loss_dice: 1.3040  decode.d8.loss_cls: 0.0586  decode.d8.loss_mask: 1.5671  decode.d8.loss_dice: 1.3055
2026/07/23 11:56:13 - mmengine - INFO - Saving checkpoint at 8000 iterations
2026/07/23 11:57:09 - mmengine - INFO - Iter(val) [100/504]    eta: 0:01:31  time: 0.2058  data_time: 0.0093  memory: 3244  
2026/07/23 11:57:30 - mmengine - INFO - Iter(val) [200/504]    eta: 0:01:06  time: 0.2064  data_time: 0.0085  memory: 3244  
2026/07/23 11:57:51 - mmengine - INFO - Iter(val) [300/504]    eta: 0:00:43  time: 0.2091  data_time: 0.0092  memory: 3244  
2026/07/23 11:58:12 - mmengine - INFO - Iter(val) [400/504]    eta: 0:00:22  time: 0.2089  data_time: 0.0091  memory: 3244  
2026/07/23 11:58:33 - mmengine - INFO - Iter(val) [500/504]    eta: 0:00:00  time: 0.2080  data_time: 0.0085  memory: 3244  
2026/07/23 11:58:36 - mmengine - INFO - per class results:
2026/07/23 11:58:36 - mmengine - INFO - 
+--------------------+-------+-------+--------+-----------+--------+
|       Class        |  IoU  |  Acc  | Fscore | Precision | Recall |
+--------------------+-------+-------+--------+-----------+--------+
| impervious_surface | 87.37 | 90.69 | 93.26  |   95.98   | 90.69  |
|      building      | 96.09 | 98.38 |  98.0  |   97.63   | 98.38  |
|   low_vegetation   |  77.5 | 96.66 | 87.32  |   79.63   | 96.66  |
|        tree        |  76.1 |  78.4 | 86.43  |   96.29   |  78.4  |
|        car         | 93.29 | 98.17 | 96.53  |   94.94   | 98.17  |
+--------------------+-------+-------+--------+-----------+--------+
2026/07/23 11:58:36 - mmengine - INFO - Iter(val) [504/504]    aAcc: 91.3600  mIoU: 86.0700  mAcc: 92.4600  mFscore: 92.3100  mPrecision: 92.8900  mRecall: 92.4600  data_time: 0.0124  time: 0.2119
2026/07/23 11:59:41 - mmengine - INFO - Iter(train) [ 8100/80000]  base_lr: 4.7010e-05 lr: 4.7010e-05  eta: 13:19:01  time: 0.6343  data_time: 0.0185  memory: 8435  grad_norm: 71.0649  loss: 20.8356  decode.loss_cls: 0.0757  decode.loss_mask: 1.0349  decode.loss_dice: 0.9468  decode.d0.loss_cls: 0.1440  decode.d0.loss_mask: 1.0591  decode.d0.loss_dice: 1.0288  decode.d1.loss_cls: 0.0828  decode.d1.loss_mask: 1.0538  decode.d1.loss_dice: 0.9561  decode.d2.loss_cls: 0.0716  decode.d2.loss_mask: 1.0493  decode.d2.loss_dice: 0.9284  decode.d3.loss_cls: 0.0717  decode.d3.loss_mask: 1.0356  decode.d3.loss_dice: 0.9452  decode.d4.loss_cls: 0.0728  decode.d4.loss_mask: 1.0337  decode.d4.loss_dice: 0.9373  decode.d5.loss_cls: 0.0754  decode.d5.loss_mask: 1.0432  decode.d5.loss_dice: 0.9609  decode.d6.loss_cls: 0.0776  decode.d6.loss_mask: 1.0377  decode.d6.loss_dice: 0.9608  decode.d7.loss_cls: 0.0760  decode.d7.loss_mask: 1.0386  decode.d7.loss_dice: 0.9581  decode.d8.loss_cls: 0.0758  decode.d8.loss_mask: 1.0415  decode.d8.loss_dice: 0.9623
2026/07/23 12:00:51 - mmengine - INFO - Iter(train) [ 8200/80000]  base_lr: 4.6951e-05 lr: 4.6951e-05  eta: 13:18:19  time: 0.7784  data_time: 0.0251  memory: 8435  grad_norm: 76.8795  loss: 25.4118  decode.loss_cls: 0.1210  decode.loss_mask: 1.2489  decode.loss_dice: 1.1245  decode.d0.loss_cls: 0.1237  decode.d0.loss_mask: 1.3562  decode.d0.loss_dice: 1.3137  decode.d1.loss_cls: 0.1168  decode.d1.loss_mask: 1.2826  decode.d1.loss_dice: 1.1665  decode.d2.loss_cls: 0.1193  decode.d2.loss_mask: 1.2509  decode.d2.loss_dice: 1.1601  decode.d3.loss_cls: 0.1218  decode.d3.loss_mask: 1.2440  decode.d3.loss_dice: 1.1330  decode.d4.loss_cls: 0.1123  decode.d4.loss_mask: 1.2537  decode.d4.loss_dice: 1.1404  decode.d5.loss_cls: 0.1200  decode.d5.loss_mask: 1.2519  decode.d5.loss_dice: 1.1203  decode.d6.loss_cls: 0.1121  decode.d6.loss_mask: 1.2533  decode.d6.loss_dice: 1.1343  decode.d7.loss_cls: 0.1166  decode.d7.loss_mask: 1.2519  decode.d7.loss_dice: 1.1525  decode.d8.loss_cls: 0.1081  decode.d8.loss_mask: 1.2592  decode.d8.loss_dice: 1.1420
2026/07/23 12:01:54 - mmengine - INFO - Iter(train) [ 8300/80000]  base_lr: 4.6892e-05 lr: 4.6892e-05  eta: 13:16:46  time: 0.6189  data_time: 0.0170  memory: 8435  grad_norm: 60.5975  loss: 17.6533  decode.loss_cls: 0.0597  decode.loss_mask: 0.8374  decode.loss_dice: 0.8403  decode.d0.loss_cls: 0.1292  decode.d0.loss_mask: 0.8914  decode.d0.loss_dice: 0.9467  decode.d1.loss_cls: 0.0695  decode.d1.loss_mask: 0.8400  decode.d1.loss_dice: 0.8584  decode.d2.loss_cls: 0.0665  decode.d2.loss_mask: 0.8295  decode.d2.loss_dice: 0.8554  decode.d3.loss_cls: 0.0681  decode.d3.loss_mask: 0.8309  decode.d3.loss_dice: 0.8527  decode.d4.loss_cls: 0.0526  decode.d4.loss_mask: 0.8330  decode.d4.loss_dice: 0.8424  decode.d5.loss_cls: 0.0611  decode.d5.loss_mask: 0.8375  decode.d5.loss_dice: 0.8425  decode.d6.loss_cls: 0.0691  decode.d6.loss_mask: 0.8247  decode.d6.loss_dice: 0.8482  decode.d7.loss_cls: 0.0731  decode.d7.loss_mask: 0.8256  decode.d7.loss_dice: 0.8290  decode.d8.loss_cls: 0.0620  decode.d8.loss_mask: 0.8331  decode.d8.loss_dice: 0.8434
2026/07/23 12:02:58 - mmengine - INFO - Iter(train) [ 8400/80000]  base_lr: 4.6833e-05 lr: 4.6833e-05  eta: 13:15:10  time: 0.6124  data_time: 0.0172  memory: 8435  grad_norm: 64.1646  loss: 23.7150  decode.loss_cls: 0.0354  decode.loss_mask: 1.2230  decode.loss_dice: 1.0986  decode.d0.loss_cls: 0.1088  decode.d0.loss_mask: 1.2461  decode.d0.loss_dice: 1.1572  decode.d1.loss_cls: 0.0504  decode.d1.loss_mask: 1.2231  decode.d1.loss_dice: 1.1049  decode.d2.loss_cls: 0.0411  decode.d2.loss_mask: 1.2310  decode.d2.loss_dice: 1.1047  decode.d3.loss_cls: 0.0367  decode.d3.loss_mask: 1.2344  decode.d3.loss_dice: 1.0921  decode.d4.loss_cls: 0.0348  decode.d4.loss_mask: 1.2363  decode.d4.loss_dice: 1.0884  decode.d5.loss_cls: 0.0308  decode.d5.loss_mask: 1.2287  decode.d5.loss_dice: 1.0786  decode.d6.loss_cls: 0.0341  decode.d6.loss_mask: 1.2256  decode.d6.loss_dice: 1.0801  decode.d7.loss_cls: 0.0322  decode.d7.loss_mask: 1.2223  decode.d7.loss_dice: 1.0898  decode.d8.loss_cls: 0.0335  decode.d8.loss_mask: 1.2159  decode.d8.loss_dice: 1.0962
2026/07/23 12:03:59 - mmengine - INFO - Iter(train) [ 8500/80000]  base_lr: 4.6774e-05 lr: 4.6774e-05  eta: 13:13:24  time: 0.6003  data_time: 0.0156  memory: 8435  grad_norm: 76.0536  loss: 19.0877  decode.loss_cls: 0.0453  decode.loss_mask: 0.9949  decode.loss_dice: 0.8260  decode.d0.loss_cls: 0.1344  decode.d0.loss_mask: 1.1163  decode.d0.loss_dice: 1.0308  decode.d1.loss_cls: 0.0664  decode.d1.loss_mask: 1.0010  decode.d1.loss_dice: 0.8364  decode.d2.loss_cls: 0.0622  decode.d2.loss_mask: 0.9901  decode.d2.loss_dice: 0.8353  decode.d3.loss_cls: 0.0522  decode.d3.loss_mask: 0.9909  decode.d3.loss_dice: 0.8315  decode.d4.loss_cls: 0.0550  decode.d4.loss_mask: 0.9816  decode.d4.loss_dice: 0.8261  decode.d5.loss_cls: 0.0549  decode.d5.loss_mask: 0.9789  decode.d5.loss_dice: 0.8312  decode.d6.loss_cls: 0.0499  decode.d6.loss_mask: 0.9764  decode.d6.loss_dice: 0.8106  decode.d7.loss_cls: 0.0498  decode.d7.loss_mask: 0.9825  decode.d7.loss_dice: 0.8195  decode.d8.loss_cls: 0.0479  decode.d8.loss_mask: 0.9877  decode.d8.loss_dice: 0.8222
2026/07/23 12:05:02 - mmengine - INFO - Iter(train) [ 8600/80000]  base_lr: 4.6716e-05 lr: 4.6716e-05  eta: 13:11:43  time: 0.6355  data_time: 0.0174  memory: 8435  grad_norm: 72.3417  loss: 23.1614  decode.loss_cls: 0.0283  decode.loss_mask: 1.1285  decode.loss_dice: 1.1432  decode.d0.loss_cls: 0.1038  decode.d0.loss_mask: 1.1648  decode.d0.loss_dice: 1.1682  decode.d1.loss_cls: 0.0350  decode.d1.loss_mask: 1.1305  decode.d1.loss_dice: 1.1443  decode.d2.loss_cls: 0.0355  decode.d2.loss_mask: 1.1372  decode.d2.loss_dice: 1.1493  decode.d3.loss_cls: 0.0280  decode.d3.loss_mask: 1.1354  decode.d3.loss_dice: 1.1403  decode.d4.loss_cls: 0.0266  decode.d4.loss_mask: 1.1276  decode.d4.loss_dice: 1.1346  decode.d5.loss_cls: 0.0377  decode.d5.loss_mask: 1.1301  decode.d5.loss_dice: 1.1256  decode.d6.loss_cls: 0.0260  decode.d6.loss_mask: 1.1268  decode.d6.loss_dice: 1.1451  decode.d7.loss_cls: 0.0279  decode.d7.loss_mask: 1.1286  decode.d7.loss_dice: 1.1537  decode.d8.loss_cls: 0.0273  decode.d8.loss_mask: 1.1255  decode.d8.loss_dice: 1.1456
2026/07/23 12:06:08 - mmengine - INFO - Iter(train) [ 8700/80000]  base_lr: 4.6657e-05 lr: 4.6657e-05  eta: 13:10:33  time: 0.6389  data_time: 0.0167  memory: 8435  grad_norm: 98.1219  loss: 28.2634  decode.loss_cls: 0.1750  decode.loss_mask: 1.4030  decode.loss_dice: 1.1944  decode.d0.loss_cls: 0.2829  decode.d0.loss_mask: 1.4701  decode.d0.loss_dice: 1.3273  decode.d1.loss_cls: 0.1827  decode.d1.loss_mask: 1.4197  decode.d1.loss_dice: 1.2684  decode.d2.loss_cls: 0.1722  decode.d2.loss_mask: 1.4069  decode.d2.loss_dice: 1.2319  decode.d3.loss_cls: 0.1751  decode.d3.loss_mask: 1.4051  decode.d3.loss_dice: 1.2245  decode.d4.loss_cls: 0.1769  decode.d4.loss_mask: 1.4251  decode.d4.loss_dice: 1.2195  decode.d5.loss_cls: 0.1685  decode.d5.loss_mask: 1.4055  decode.d5.loss_dice: 1.1877  decode.d6.loss_cls: 0.1593  decode.d6.loss_mask: 1.4021  decode.d6.loss_dice: 1.2212  decode.d7.loss_cls: 0.1814  decode.d7.loss_mask: 1.3859  decode.d7.loss_dice: 1.2040  decode.d8.loss_cls: 0.1672  decode.d8.loss_mask: 1.3934  decode.d8.loss_dice: 1.2266
2026/07/23 12:07:11 - mmengine - INFO - Iter(train) [ 8800/80000]  base_lr: 4.6598e-05 lr: 4.6598e-05  eta: 13:08:55  time: 0.6639  data_time: 0.0189  memory: 8426  grad_norm: 55.5670  loss: 19.5164  decode.loss_cls: 0.0307  decode.loss_mask: 0.9633  decode.loss_dice: 0.9232  decode.d0.loss_cls: 0.1022  decode.d0.loss_mask: 0.9998  decode.d0.loss_dice: 0.9391  decode.d1.loss_cls: 0.0422  decode.d1.loss_mask: 0.9704  decode.d1.loss_dice: 0.9233  decode.d2.loss_cls: 0.0533  decode.d2.loss_mask: 0.9669  decode.d2.loss_dice: 0.9361  decode.d3.loss_cls: 0.0404  decode.d3.loss_mask: 0.9721  decode.d3.loss_dice: 0.9398  decode.d4.loss_cls: 0.0393  decode.d4.loss_mask: 0.9750  decode.d4.loss_dice: 0.9258  decode.d5.loss_cls: 0.0373  decode.d5.loss_mask: 0.9689  decode.d5.loss_dice: 0.9472  decode.d6.loss_cls: 0.0291  decode.d6.loss_mask: 0.9694  decode.d6.loss_dice: 0.9492  decode.d7.loss_cls: 0.0316  decode.d7.loss_mask: 0.9702  decode.d7.loss_dice: 0.9316  decode.d8.loss_cls: 0.0318  decode.d8.loss_mask: 0.9749  decode.d8.loss_dice: 0.9322
2026/07/23 12:08:16 - mmengine - INFO - Iter(train) [ 8900/80000]  base_lr: 4.6539e-05 lr: 4.6539e-05  eta: 13:07:38  time: 0.6526  data_time: 0.0176  memory: 8435  grad_norm: 57.0230  loss: 22.3637  decode.loss_cls: 0.0473  decode.loss_mask: 1.2084  decode.loss_dice: 0.9648  decode.d0.loss_cls: 0.1051  decode.d0.loss_mask: 1.2233  decode.d0.loss_dice: 0.9621  decode.d1.loss_cls: 0.0549  decode.d1.loss_mask: 1.2013  decode.d1.loss_dice: 0.9889  decode.d2.loss_cls: 0.0552  decode.d2.loss_mask: 1.1972  decode.d2.loss_dice: 0.9874  decode.d3.loss_cls: 0.0520  decode.d3.loss_mask: 1.1976  decode.d3.loss_dice: 0.9841  decode.d4.loss_cls: 0.0462  decode.d4.loss_mask: 1.1979  decode.d4.loss_dice: 0.9751  decode.d5.loss_cls: 0.0459  decode.d5.loss_mask: 1.1992  decode.d5.loss_dice: 0.9822  decode.d6.loss_cls: 0.0473  decode.d6.loss_mask: 1.1982  decode.d6.loss_dice: 0.9869  decode.d7.loss_cls: 0.0485  decode.d7.loss_mask: 1.2041  decode.d7.loss_dice: 0.9774  decode.d8.loss_cls: 0.0444  decode.d8.loss_mask: 1.2032  decode.d8.loss_dice: 0.9778
2026/07/23 12:09:21 - mmengine - INFO - Exp name: fusion_vits_m2f_9999_20260723_101840
2026/07/23 12:09:21 - mmengine - INFO - Iter(train) [ 9000/80000]  base_lr: 4.6480e-05 lr: 4.6480e-05  eta: 13:06:23  time: 0.6620  data_time: 0.0207  memory: 8435  grad_norm: 62.3233  loss: 22.4343  decode.loss_cls: 0.0266  decode.loss_mask: 1.2046  decode.loss_dice: 1.0003  decode.d0.loss_cls: 0.0919  decode.d0.loss_mask: 1.2494  decode.d0.loss_dice: 1.0486  decode.d1.loss_cls: 0.0308  decode.d1.loss_mask: 1.2028  decode.d1.loss_dice: 0.9971  decode.d2.loss_cls: 0.0257  decode.d2.loss_mask: 1.2054  decode.d2.loss_dice: 1.0107  decode.d3.loss_cls: 0.0248  decode.d3.loss_mask: 1.1960  decode.d3.loss_dice: 0.9990  decode.d4.loss_cls: 0.0227  decode.d4.loss_mask: 1.1991  decode.d4.loss_dice: 1.0019  decode.d5.loss_cls: 0.0273  decode.d5.loss_mask: 1.1982  decode.d5.loss_dice: 1.0082  decode.d6.loss_cls: 0.0354  decode.d6.loss_mask: 1.2047  decode.d6.loss_dice: 0.9905  decode.d7.loss_cls: 0.0270  decode.d7.loss_mask: 1.1995  decode.d7.loss_dice: 0.9871  decode.d8.loss_cls: 0.0277  decode.d8.loss_mask: 1.2002  decode.d8.loss_dice: 0.9911
2026/07/23 12:10:26 - mmengine - INFO - Iter(train) [ 9100/80000]  base_lr: 4.6421e-05 lr: 4.6421e-05  eta: 13:05:03  time: 0.6542  data_time: 0.0185  memory: 8426  grad_norm: 54.2619  loss: 14.5780  decode.loss_cls: 0.0387  decode.loss_mask: 0.7353  decode.loss_dice: 0.6557  decode.d0.loss_cls: 0.1403  decode.d0.loss_mask: 0.7410  decode.d0.loss_dice: 0.7497  decode.d1.loss_cls: 0.0608  decode.d1.loss_mask: 0.7221  decode.d1.loss_dice: 0.6696  decode.d2.loss_cls: 0.0547  decode.d2.loss_mask: 0.7245  decode.d2.loss_dice: 0.6670  decode.d3.loss_cls: 0.0515  decode.d3.loss_mask: 0.7303  decode.d3.loss_dice: 0.6586  decode.d4.loss_cls: 0.0462  decode.d4.loss_mask: 0.7252  decode.d4.loss_dice: 0.6650  decode.d5.loss_cls: 0.0493  decode.d5.loss_mask: 0.7292  decode.d5.loss_dice: 0.6557  decode.d6.loss_cls: 0.0441  decode.d6.loss_mask: 0.7333  decode.d6.loss_dice: 0.6520  decode.d7.loss_cls: 0.0416  decode.d7.loss_mask: 0.7305  decode.d7.loss_dice: 0.6565  decode.d8.loss_cls: 0.0391  decode.d8.loss_mask: 0.7392  decode.d8.loss_dice: 0.6711
2026/07/23 12:11:31 - mmengine - INFO - Iter(train) [ 9200/80000]  base_lr: 4.6362e-05 lr: 4.6362e-05  eta: 13:03:47  time: 0.6429  data_time: 0.0189  memory: 8435  grad_norm: 92.3126  loss: 29.6342  decode.loss_cls: 0.0937  decode.loss_mask: 1.4943  decode.loss_dice: 1.3312  decode.d0.loss_cls: 0.2648  decode.d0.loss_mask: 1.6345  decode.d0.loss_dice: 1.4405  decode.d1.loss_cls: 0.1148  decode.d1.loss_mask: 1.5349  decode.d1.loss_dice: 1.3374  decode.d2.loss_cls: 0.1114  decode.d2.loss_mask: 1.5245  decode.d2.loss_dice: 1.3184  decode.d3.loss_cls: 0.1180  decode.d3.loss_mask: 1.4973  decode.d3.loss_dice: 1.3055  decode.d4.loss_cls: 0.1251  decode.d4.loss_mask: 1.4803  decode.d4.loss_dice: 1.2965  decode.d5.loss_cls: 0.1234  decode.d5.loss_mask: 1.4915  decode.d5.loss_dice: 1.2937  decode.d6.loss_cls: 0.1195  decode.d6.loss_mask: 1.4783  decode.d6.loss_dice: 1.2974  decode.d7.loss_cls: 0.1010  decode.d7.loss_mask: 1.4894  decode.d7.loss_dice: 1.3170  decode.d8.loss_cls: 0.0936  decode.d8.loss_mask: 1.4909  decode.d8.loss_dice: 1.3153
2026/07/23 12:12:36 - mmengine - INFO - Iter(train) [ 9300/80000]  base_lr: 4.6303e-05 lr: 4.6303e-05  eta: 13:02:30  time: 0.7101  data_time: 0.0240  memory: 8435  grad_norm: 75.4886  loss: 14.4149  decode.loss_cls: 0.1908  decode.loss_mask: 0.6593  decode.loss_dice: 0.5946  decode.d0.loss_cls: 0.3659  decode.d0.loss_mask: 0.7038  decode.d0.loss_dice: 0.7551  decode.d1.loss_cls: 0.1948  decode.d1.loss_mask: 0.6463  decode.d1.loss_dice: 0.5975  decode.d2.loss_cls: 0.1860  decode.d2.loss_mask: 0.6478  decode.d2.loss_dice: 0.5732  decode.d3.loss_cls: 0.1644  decode.d3.loss_mask: 0.6461  decode.d3.loss_dice: 0.5635  decode.d4.loss_cls: 0.1790  decode.d4.loss_mask: 0.6316  decode.d4.loss_dice: 0.5575  decode.d5.loss_cls: 0.1798  decode.d5.loss_mask: 0.6320  decode.d5.loss_dice: 0.5505  decode.d6.loss_cls: 0.1783  decode.d6.loss_mask: 0.6422  decode.d6.loss_dice: 0.5781  decode.d7.loss_cls: 0.1799  decode.d7.loss_mask: 0.6360  decode.d7.loss_dice: 0.5764  decode.d8.loss_cls: 0.1872  decode.d8.loss_mask: 0.6412  decode.d8.loss_dice: 0.5762
2026/07/23 12:13:43 - mmengine - INFO - Iter(train) [ 9400/80000]  base_lr: 4.6244e-05 lr: 4.6244e-05  eta: 13:01:25  time: 0.6578  data_time: 0.0190  memory: 8435  grad_norm: 77.5380  loss: 20.2038  decode.loss_cls: 0.0657  decode.loss_mask: 1.0152  decode.loss_dice: 0.9151  decode.d0.loss_cls: 0.1270  decode.d0.loss_mask: 1.1204  decode.d0.loss_dice: 1.0325  decode.d1.loss_cls: 0.0688  decode.d1.loss_mask: 1.0324  decode.d1.loss_dice: 0.9364  decode.d2.loss_cls: 0.0781  decode.d2.loss_mask: 1.0020  decode.d2.loss_dice: 0.8927  decode.d3.loss_cls: 0.0675  decode.d3.loss_mask: 1.0087  decode.d3.loss_dice: 0.9067  decode.d4.loss_cls: 0.0777  decode.d4.loss_mask: 0.9929  decode.d4.loss_dice: 0.8969  decode.d5.loss_cls: 0.0738  decode.d5.loss_mask: 1.0029  decode.d5.loss_dice: 0.9160  decode.d6.loss_cls: 0.0686  decode.d6.loss_mask: 1.0175  decode.d6.loss_dice: 0.9145  decode.d7.loss_cls: 0.0634  decode.d7.loss_mask: 1.0181  decode.d7.loss_dice: 0.9087  decode.d8.loss_cls: 0.0675  decode.d8.loss_mask: 1.0129  decode.d8.loss_dice: 0.9030
2026/07/23 12:14:48 - mmengine - INFO - Iter(train) [ 9500/80000]  base_lr: 4.6185e-05 lr: 4.6185e-05  eta: 13:00:10  time: 0.6467  data_time: 0.0180  memory: 8435  grad_norm: 60.2049  loss: 19.3340  decode.loss_cls: 0.0519  decode.loss_mask: 0.9713  decode.loss_dice: 0.9097  decode.d0.loss_cls: 0.1768  decode.d0.loss_mask: 0.9985  decode.d0.loss_dice: 0.9334  decode.d1.loss_cls: 0.0523  decode.d1.loss_mask: 0.9751  decode.d1.loss_dice: 0.8996  decode.d2.loss_cls: 0.0433  decode.d2.loss_mask: 0.9791  decode.d2.loss_dice: 0.8785  decode.d3.loss_cls: 0.0472  decode.d3.loss_mask: 0.9653  decode.d3.loss_dice: 0.8758  decode.d4.loss_cls: 0.0485  decode.d4.loss_mask: 0.9676  decode.d4.loss_dice: 0.8737  decode.d5.loss_cls: 0.0523  decode.d5.loss_mask: 0.9724  decode.d5.loss_dice: 0.8932  decode.d6.loss_cls: 0.0504  decode.d6.loss_mask: 0.9761  decode.d6.loss_dice: 0.9122  decode.d7.loss_cls: 0.0494  decode.d7.loss_mask: 0.9697  decode.d7.loss_dice: 0.8938  decode.d8.loss_cls: 0.0494  decode.d8.loss_mask: 0.9676  decode.d8.loss_dice: 0.9001
2026/07/23 12:15:57 - mmengine - INFO - Iter(train) [ 9600/80000]  base_lr: 4.6126e-05 lr: 4.6126e-05  eta: 12:59:21  time: 0.6418  data_time: 0.0178  memory: 8426  grad_norm: 83.7015  loss: 21.4981  decode.loss_cls: 0.0354  decode.loss_mask: 1.1576  decode.loss_dice: 0.9299  decode.d0.loss_cls: 0.1607  decode.d0.loss_mask: 1.2451  decode.d0.loss_dice: 1.0679  decode.d1.loss_cls: 0.0432  decode.d1.loss_mask: 1.1715  decode.d1.loss_dice: 0.9134  decode.d2.loss_cls: 0.0359  decode.d2.loss_mask: 1.1607  decode.d2.loss_dice: 0.9079  decode.d3.loss_cls: 0.0375  decode.d3.loss_mask: 1.1573  decode.d3.loss_dice: 0.9148  decode.d4.loss_cls: 0.0348  decode.d4.loss_mask: 1.1518  decode.d4.loss_dice: 0.9167  decode.d5.loss_cls: 0.0331  decode.d5.loss_mask: 1.1510  decode.d5.loss_dice: 0.9263  decode.d6.loss_cls: 0.0329  decode.d6.loss_mask: 1.1478  decode.d6.loss_dice: 0.9359  decode.d7.loss_cls: 0.0371  decode.d7.loss_mask: 1.1465  decode.d7.loss_dice: 0.9253  decode.d8.loss_cls: 0.0331  decode.d8.loss_mask: 1.1536  decode.d8.loss_dice: 0.9335
2026/07/23 12:17:02 - mmengine - INFO - Iter(train) [ 9700/80000]  base_lr: 4.6067e-05 lr: 4.6067e-05  eta: 12:58:05  time: 0.6282  data_time: 0.0173  memory: 8426  grad_norm: 50.0698  loss: 19.1838  decode.loss_cls: 0.0314  decode.loss_mask: 0.9552  decode.loss_dice: 0.9188  decode.d0.loss_cls: 0.0964  decode.d0.loss_mask: 0.9913  decode.d0.loss_dice: 0.9385  decode.d1.loss_cls: 0.0344  decode.d1.loss_mask: 0.9596  decode.d1.loss_dice: 0.9268  decode.d2.loss_cls: 0.0403  decode.d2.loss_mask: 0.9567  decode.d2.loss_dice: 0.9277  decode.d3.loss_cls: 0.0414  decode.d3.loss_mask: 0.9568  decode.d3.loss_dice: 0.9153  decode.d4.loss_cls: 0.0425  decode.d4.loss_mask: 0.9535  decode.d4.loss_dice: 0.9133  decode.d5.loss_cls: 0.0363  decode.d5.loss_mask: 0.9520  decode.d5.loss_dice: 0.9042  decode.d6.loss_cls: 0.0342  decode.d6.loss_mask: 0.9533  decode.d6.loss_dice: 0.9058  decode.d7.loss_cls: 0.0335  decode.d7.loss_mask: 0.9540  decode.d7.loss_dice: 0.9070  decode.d8.loss_cls: 0.0327  decode.d8.loss_mask: 0.9546  decode.d8.loss_dice: 0.9162
2026/07/23 12:18:06 - mmengine - INFO - Iter(train) [ 9800/80000]  base_lr: 4.6008e-05 lr: 4.6008e-05  eta: 12:56:40  time: 0.6185  data_time: 0.0168  memory: 8435  grad_norm: 44.1162  loss: 14.3680  decode.loss_cls: 0.0275  decode.loss_mask: 0.7553  decode.loss_dice: 0.6426  decode.d0.loss_cls: 0.1028  decode.d0.loss_mask: 0.7759  decode.d0.loss_dice: 0.6840  decode.d1.loss_cls: 0.0390  decode.d1.loss_mask: 0.7464  decode.d1.loss_dice: 0.6439  decode.d2.loss_cls: 0.0208  decode.d2.loss_mask: 0.7517  decode.d2.loss_dice: 0.6428  decode.d3.loss_cls: 0.0195  decode.d3.loss_mask: 0.7503  decode.d3.loss_dice: 0.6407  decode.d4.loss_cls: 0.0211  decode.d4.loss_mask: 0.7520  decode.d4.loss_dice: 0.6449  decode.d5.loss_cls: 0.0229  decode.d5.loss_mask: 0.7545  decode.d5.loss_dice: 0.6419  decode.d6.loss_cls: 0.0291  decode.d6.loss_mask: 0.7505  decode.d6.loss_dice: 0.6443  decode.d7.loss_cls: 0.0272  decode.d7.loss_mask: 0.7540  decode.d7.loss_dice: 0.6533  decode.d8.loss_cls: 0.0272  decode.d8.loss_mask: 0.7546  decode.d8.loss_dice: 0.6475
2026/07/23 12:19:10 - mmengine - INFO - Iter(train) [ 9900/80000]  base_lr: 4.5949e-05 lr: 4.5949e-05  eta: 12:55:21  time: 0.6146  data_time: 0.0165  memory: 8435  grad_norm: 60.7840  loss: 19.5723  decode.loss_cls: 0.0293  decode.loss_mask: 0.9464  decode.loss_dice: 0.9766  decode.d0.loss_cls: 0.1086  decode.d0.loss_mask: 0.9514  decode.d0.loss_dice: 1.0171  decode.d1.loss_cls: 0.0589  decode.d1.loss_mask: 0.9292  decode.d1.loss_dice: 0.9559  decode.d2.loss_cls: 0.0409  decode.d2.loss_mask: 0.9369  decode.d2.loss_dice: 0.9621  decode.d3.loss_cls: 0.0381  decode.d3.loss_mask: 0.9404  decode.d3.loss_dice: 0.9624  decode.d4.loss_cls: 0.0410  decode.d4.loss_mask: 0.9404  decode.d4.loss_dice: 0.9710  decode.d5.loss_cls: 0.0399  decode.d5.loss_mask: 0.9382  decode.d5.loss_dice: 0.9647  decode.d6.loss_cls: 0.0425  decode.d6.loss_mask: 0.9337  decode.d6.loss_dice: 0.9415  decode.d7.loss_cls: 0.0306  decode.d7.loss_mask: 0.9454  decode.d7.loss_dice: 0.9758  decode.d8.loss_cls: 0.0310  decode.d8.loss_mask: 0.9466  decode.d8.loss_dice: 0.9758
2026/07/23 12:20:15 - mmengine - INFO - Exp name: fusion_vits_m2f_9999_20260723_101840
2026/07/23 12:20:15 - mmengine - INFO - Iter(train) [10000/80000]  base_lr: 4.5890e-05 lr: 4.5890e-05  eta: 12:54:00  time: 0.6438  data_time: 0.0189  memory: 8426  grad_norm: 62.2970  loss: 16.2292  decode.loss_cls: 0.0368  decode.loss_mask: 0.8390  decode.loss_dice: 0.7233  decode.d0.loss_cls: 0.1003  decode.d0.loss_mask: 0.8732  decode.d0.loss_dice: 0.7981  decode.d1.loss_cls: 0.0374  decode.d1.loss_mask: 0.8426  decode.d1.loss_dice: 0.7466  decode.d2.loss_cls: 0.0261  decode.d2.loss_mask: 0.8451  decode.d2.loss_dice: 0.7416  decode.d3.loss_cls: 0.0277  decode.d3.loss_mask: 0.8444  decode.d3.loss_dice: 0.7306  decode.d4.loss_cls: 0.0323  decode.d4.loss_mask: 0.8362  decode.d4.loss_dice: 0.7290  decode.d5.loss_cls: 0.0323  decode.d5.loss_mask: 0.8458  decode.d5.loss_dice: 0.7167  decode.d6.loss_cls: 0.0304  decode.d6.loss_mask: 0.8418  decode.d6.loss_dice: 0.7250  decode.d7.loss_cls: 0.0241  decode.d7.loss_mask: 0.8591  decode.d7.loss_dice: 0.7364  decode.d8.loss_cls: 0.0301  decode.d8.loss_mask: 0.8448  decode.d8.loss_dice: 0.7324
2026/07/23 12:20:15 - mmengine - INFO - Saving checkpoint at 10000 iterations
2026/07/23 12:21:21 - mmengine - INFO - Iter(val) [100/504]    eta: 0:01:29  time: 0.2046  data_time: 0.0084  memory: 3244  
2026/07/23 12:21:41 - mmengine - INFO - Iter(val) [200/504]    eta: 0:01:05  time: 0.2077  data_time: 0.0077  memory: 3244  
2026/07/23 12:22:02 - mmengine - INFO - Iter(val) [300/504]    eta: 0:00:43  time: 0.2085  data_time: 0.0088  memory: 3244  
2026/07/23 12:22:23 - mmengine - INFO - Iter(val) [400/504]    eta: 0:00:22  time: 0.2093  data_time: 0.0090  memory: 3244  
2026/07/23 12:22:44 - mmengine - INFO - Iter(val) [500/504]    eta: 0:00:00  time: 0.2060  data_time: 0.0079  memory: 3244  
2026/07/23 12:22:47 - mmengine - INFO - per class results:
2026/07/23 12:22:47 - mmengine - INFO - 
+--------------------+-------+-------+--------+-----------+--------+
|       Class        |  IoU  |  Acc  | Fscore | Precision | Recall |
+--------------------+-------+-------+--------+-----------+--------+
| impervious_surface | 87.53 | 94.22 | 93.35  |    92.5   | 94.22  |
|      building      | 93.96 | 99.28 | 96.89  |   94.61   | 99.28  |
|   low_vegetation   | 79.53 | 89.31 |  88.6  |   87.89   | 89.31  |
|        tree        |  81.0 | 85.41 |  89.5  |    94.0   | 85.41  |
|        car         | 93.95 | 97.23 | 96.88  |   96.53   | 97.23  |
+--------------------+-------+-------+--------+-----------+--------+
2026/07/23 12:22:47 - mmengine - INFO - Iter(val) [504/504]    aAcc: 92.2100  mIoU: 87.1900  mAcc: 93.0900  mFscore: 93.0400  mPrecision: 93.1100  mRecall: 93.0900  data_time: 0.0118  time: 0.2112
2026/07/23 12:22:47 - mmengine - INFO - The previous best checkpoint /mnt/qh2-nas3/00-model/00-fb/fusion_potsdam/work_dirs/fusion_vits_m2f_9999/best_mIoU_iter_6000.pth is removed
2026/07/23 12:23:21 - mmengine - INFO - The best checkpoint with 87.1900 mIoU at 10000 iter is saved to best_mIoU_iter_10000.pth.
2026/07/23 12:25:04 - mmengine - INFO - Iter(train) [10100/80000]  base_lr: 4.5831e-05 lr: 4.5831e-05  eta: 13:01:16  time: 0.6289  data_time: 0.0173  memory: 8435  grad_norm: 69.0712  loss: 20.8972  decode.loss_cls: 0.0636  decode.loss_mask: 1.0235  decode.loss_dice: 0.9901  decode.d0.loss_cls: 0.1139  decode.d0.loss_mask: 1.1635  decode.d0.loss_dice: 1.0645  decode.d1.loss_cls: 0.0730  decode.d1.loss_mask: 1.0583  decode.d1.loss_dice: 0.9998  decode.d2.loss_cls: 0.0697  decode.d2.loss_mask: 1.0306  decode.d2.loss_dice: 0.9795  decode.d3.loss_cls: 0.0613  decode.d3.loss_mask: 1.0215  decode.d3.loss_dice: 0.9573  decode.d4.loss_cls: 0.0630  decode.d4.loss_mask: 1.0149  decode.d4.loss_dice: 0.9718  decode.d5.loss_cls: 0.0626  decode.d5.loss_mask: 1.0071  decode.d5.loss_dice: 0.9638  decode.d6.loss_cls: 0.0608  decode.d6.loss_mask: 1.0125  decode.d6.loss_dice: 0.9825  decode.d7.loss_cls: 0.0588  decode.d7.loss_mask: 1.0199  decode.d7.loss_dice: 0.9706  decode.d8.loss_cls: 0.0573  decode.d8.loss_mask: 1.0157  decode.d8.loss_dice: 0.9657
2026/07/23 12:26:06 - mmengine - INFO - Iter(train) [10200/80000]  base_lr: 4.5772e-05 lr: 4.5772e-05  eta: 12:59:39  time: 0.6130  data_time: 0.0173  memory: 8435  grad_norm: 61.8082  loss: 20.1649  decode.loss_cls: 0.0395  decode.loss_mask: 0.9690  decode.loss_dice: 0.9782  decode.d0.loss_cls: 0.1281  decode.d0.loss_mask: 1.0039  decode.d0.loss_dice: 1.0222  decode.d1.loss_cls: 0.0494  decode.d1.loss_mask: 0.9935  decode.d1.loss_dice: 0.9863  decode.d2.loss_cls: 0.0471  decode.d2.loss_mask: 0.9883  decode.d2.loss_dice: 0.9916  decode.d3.loss_cls: 0.0500  decode.d3.loss_mask: 0.9795  decode.d3.loss_dice: 0.9836  decode.d4.loss_cls: 0.0391  decode.d4.loss_mask: 0.9745  decode.d4.loss_dice: 0.9814  decode.d5.loss_cls: 0.0393  decode.d5.loss_mask: 0.9661  decode.d5.loss_dice: 0.9737  decode.d6.loss_cls: 0.0453  decode.d6.loss_mask: 0.9748  decode.d6.loss_dice: 0.9819  decode.d7.loss_cls: 0.0454  decode.d7.loss_mask: 0.9668  decode.d7.loss_dice: 0.9724  decode.d8.loss_cls: 0.0399  decode.d8.loss_mask: 0.9751  decode.d8.loss_dice: 0.9789
2026/07/23 12:27:09 - mmengine - INFO - Iter(train) [10300/80000]  base_lr: 4.5713e-05 lr: 4.5713e-05  eta: 12:58:00  time: 0.6221  data_time: 0.0174  memory: 8435  grad_norm: 59.7440  loss: 20.9811  decode.loss_cls: 0.0224  decode.loss_mask: 1.0852  decode.loss_dice: 0.9869  decode.d0.loss_cls: 0.0793  decode.d0.loss_mask: 1.1310  decode.d0.loss_dice: 0.9681  decode.d1.loss_cls: 0.0334  decode.d1.loss_mask: 1.0969  decode.d1.loss_dice: 0.9737  decode.d2.loss_cls: 0.0216  decode.d2.loss_mask: 1.0863  decode.d2.loss_dice: 0.9730  decode.d3.loss_cls: 0.0231  decode.d3.loss_mask: 1.0861  decode.d3.loss_dice: 0.9671  decode.d4.loss_cls: 0.0249  decode.d4.loss_mask: 1.0904  decode.d4.loss_dice: 0.9778  decode.d5.loss_cls: 0.0261  decode.d5.loss_mask: 1.0852  decode.d5.loss_dice: 0.9747  decode.d6.loss_cls: 0.0229  decode.d6.loss_mask: 1.0810  decode.d6.loss_dice: 0.9771  decode.d7.loss_cls: 0.0232  decode.d7.loss_mask: 1.0808  decode.d7.loss_dice: 0.9813  decode.d8.loss_cls: 0.0251  decode.d8.loss_mask: 1.0846  decode.d8.loss_dice: 0.9920
2026/07/23 12:28:14 - mmengine - INFO - Iter(train) [10400/80000]  base_lr: 4.5654e-05 lr: 4.5654e-05  eta: 12:56:45  time: 0.6197  data_time: 0.0185  memory: 8435  grad_norm: 97.9455  loss: 22.0916  decode.loss_cls: 0.1685  decode.loss_mask: 1.0678  decode.loss_dice: 0.9615  decode.d0.loss_cls: 0.2421  decode.d0.loss_mask: 1.1249  decode.d0.loss_dice: 1.1067  decode.d1.loss_cls: 0.1476  decode.d1.loss_mask: 1.0764  decode.d1.loss_dice: 0.9792  decode.d2.loss_cls: 0.1651  decode.d2.loss_mask: 1.0573  decode.d2.loss_dice: 0.9555  decode.d3.loss_cls: 0.1691  decode.d3.loss_mask: 1.0579  decode.d3.loss_dice: 0.9760  decode.d4.loss_cls: 0.1412  decode.d4.loss_mask: 1.0719  decode.d4.loss_dice: 0.9730  decode.d5.loss_cls: 0.1362  decode.d5.loss_mask: 1.0611  decode.d5.loss_dice: 0.9671  decode.d6.loss_cls: 0.1573  decode.d6.loss_mask: 1.0518  decode.d6.loss_dice: 0.9576  decode.d7.loss_cls: 0.1394  decode.d7.loss_mask: 1.0591  decode.d7.loss_dice: 0.9508  decode.d8.loss_cls: 0.1601  decode.d8.loss_mask: 1.0580  decode.d8.loss_dice: 0.9514
2026/07/23 12:29:16 - mmengine - INFO - Iter(train) [10500/80000]  base_lr: 4.5595e-05 lr: 4.5595e-05  eta: 12:55:04  time: 0.6132  data_time: 0.0169  memory: 8426  grad_norm: 63.4467  loss: 20.6698  decode.loss_cls: 0.0196  decode.loss_mask: 1.1146  decode.loss_dice: 0.9006  decode.d0.loss_cls: 0.0928  decode.d0.loss_mask: 1.2054  decode.d0.loss_dice: 0.9246  decode.d1.loss_cls: 0.0335  decode.d1.loss_mask: 1.1195  decode.d1.loss_dice: 0.9134  decode.d2.loss_cls: 0.0209  decode.d2.loss_mask: 1.1267  decode.d2.loss_dice: 0.9209  decode.d3.loss_cls: 0.0203  decode.d3.loss_mask: 1.1189  decode.d3.loss_dice: 0.9103  decode.d4.loss_cls: 0.0199  decode.d4.loss_mask: 1.1217  decode.d4.loss_dice: 0.9105  decode.d5.loss_cls: 0.0180  decode.d5.loss_mask: 1.1225  decode.d5.loss_dice: 0.9220  decode.d6.loss_cls: 0.0181  decode.d6.loss_mask: 1.1227  decode.d6.loss_dice: 0.9105  decode.d7.loss_cls: 0.0183  decode.d7.loss_mask: 1.1142  decode.d7.loss_dice: 0.9031  decode.d8.loss_cls: 0.0169  decode.d8.loss_mask: 1.1133  decode.d8.loss_dice: 0.8960
2026/07/23 12:30:19 - mmengine - INFO - Iter(train) [10600/80000]  base_lr: 4.5536e-05 lr: 4.5536e-05  eta: 12:53:26  time: 0.6200  data_time: 0.0171  memory: 8435  grad_norm: 73.6731  loss: 21.1772  decode.loss_cls: 0.0583  decode.loss_mask: 1.0675  decode.loss_dice: 0.9483  decode.d0.loss_cls: 0.1200  decode.d0.loss_mask: 1.1451  decode.d0.loss_dice: 0.9913  decode.d1.loss_cls: 0.0565  decode.d1.loss_mask: 1.0887  decode.d1.loss_dice: 0.9634  decode.d2.loss_cls: 0.0535  decode.d2.loss_mask: 1.0896  decode.d2.loss_dice: 0.9535  decode.d3.loss_cls: 0.0519  decode.d3.loss_mask: 1.0941  decode.d3.loss_dice: 0.9636  decode.d4.loss_cls: 0.0443  decode.d4.loss_mask: 1.0943  decode.d4.loss_dice: 0.9611  decode.d5.loss_cls: 0.0398  decode.d5.loss_mask: 1.0806  decode.d5.loss_dice: 0.9775  decode.d6.loss_cls: 0.0493  decode.d6.loss_mask: 1.0916  decode.d6.loss_dice: 0.9805  decode.d7.loss_cls: 0.0594  decode.d7.loss_mask: 1.0752  decode.d7.loss_dice: 0.9755  decode.d8.loss_cls: 0.0582  decode.d8.loss_mask: 1.0754  decode.d8.loss_dice: 0.9690
2026/07/23 12:31:21 - mmengine - INFO - Iter(train) [10700/80000]  base_lr: 4.5477e-05 lr: 4.5477e-05  eta: 12:51:52  time: 0.6198  data_time: 0.0161  memory: 8435  grad_norm: 88.9864  loss: 23.1144  decode.loss_cls: 0.0511  decode.loss_mask: 1.2061  decode.loss_dice: 1.0443  decode.d0.loss_cls: 0.1259  decode.d0.loss_mask: 1.2798  decode.d0.loss_dice: 1.1490  decode.d1.loss_cls: 0.0725  decode.d1.loss_mask: 1.2152  decode.d1.loss_dice: 1.0188  decode.d2.loss_cls: 0.0565  decode.d2.loss_mask: 1.2103  decode.d2.loss_dice: 1.0035  decode.d3.loss_cls: 0.0473  decode.d3.loss_mask: 1.2011  decode.d3.loss_dice: 1.0107  decode.d4.loss_cls: 0.0505  decode.d4.loss_mask: 1.1981  decode.d4.loss_dice: 1.0239  decode.d5.loss_cls: 0.0390  decode.d5.loss_mask: 1.2009  decode.d5.loss_dice: 1.0503  decode.d6.loss_cls: 0.0387  decode.d6.loss_mask: 1.1933  decode.d6.loss_dice: 1.0471  decode.d7.loss_cls: 0.0492  decode.d7.loss_mask: 1.1947  decode.d7.loss_dice: 1.0397  decode.d8.loss_cls: 0.0446  decode.d8.loss_mask: 1.2007  decode.d8.loss_dice: 1.0514
2026/07/23 12:32:23 - mmengine - INFO - Iter(train) [10800/80000]  base_lr: 4.5418e-05 lr: 4.5418e-05  eta: 12:50:16  time: 0.6129  data_time: 0.0164  memory: 8435  grad_norm: 59.2944  loss: 16.2388  decode.loss_cls: 0.0498  decode.loss_mask: 0.8444  decode.loss_dice: 0.7074  decode.d0.loss_cls: 0.1680  decode.d0.loss_mask: 0.8974  decode.d0.loss_dice: 0.7937  decode.d1.loss_cls: 0.0599  decode.d1.loss_mask: 0.8462  decode.d1.loss_dice: 0.7231  decode.d2.loss_cls: 0.0476  decode.d2.loss_mask: 0.8319  decode.d2.loss_dice: 0.7076  decode.d3.loss_cls: 0.0456  decode.d3.loss_mask: 0.8351  decode.d3.loss_dice: 0.7045  decode.d4.loss_cls: 0.0467  decode.d4.loss_mask: 0.8345  decode.d4.loss_dice: 0.7124  decode.d5.loss_cls: 0.0465  decode.d5.loss_mask: 0.8424  decode.d5.loss_dice: 0.7102  decode.d6.loss_cls: 0.0489  decode.d6.loss_mask: 0.8391  decode.d6.loss_dice: 0.7016  decode.d7.loss_cls: 0.0505  decode.d7.loss_mask: 0.8364  decode.d7.loss_dice: 0.7104  decode.d8.loss_cls: 0.0451  decode.d8.loss_mask: 0.8387  decode.d8.loss_dice: 0.7131
2026/07/23 12:33:25 - mmengine - INFO - Iter(train) [10900/80000]  base_lr: 4.5359e-05 lr: 4.5359e-05  eta: 12:48:35  time: 0.6028  data_time: 0.0159  memory: 8435  grad_norm: 51.9253  loss: 14.6323  decode.loss_cls: 0.0454  decode.loss_mask: 0.7229  decode.loss_dice: 0.6887  decode.d0.loss_cls: 0.0958  decode.d0.loss_mask: 0.7405  decode.d0.loss_dice: 0.7624  decode.d1.loss_cls: 0.0354  decode.d1.loss_mask: 0.7226  decode.d1.loss_dice: 0.7196  decode.d2.loss_cls: 0.0214  decode.d2.loss_mask: 0.7268  decode.d2.loss_dice: 0.6929  decode.d3.loss_cls: 0.0328  decode.d3.loss_mask: 0.7256  decode.d3.loss_dice: 0.6752  decode.d4.loss_cls: 0.0251  decode.d4.loss_mask: 0.7302  decode.d4.loss_dice: 0.6833  decode.d5.loss_cls: 0.0385  decode.d5.loss_mask: 0.7228  decode.d5.loss_dice: 0.6836  decode.d6.loss_cls: 0.0389  decode.d6.loss_mask: 0.7253  decode.d6.loss_dice: 0.6812  decode.d7.loss_cls: 0.0406  decode.d7.loss_mask: 0.7274  decode.d7.loss_dice: 0.6791  decode.d8.loss_cls: 0.0330  decode.d8.loss_mask: 0.7266  decode.d8.loss_dice: 0.6888
2026/07/23 12:34:26 - mmengine - INFO - Exp name: fusion_vits_m2f_9999_20260723_101840
2026/07/23 12:34:26 - mmengine - INFO - Iter(train) [11000/80000]  base_lr: 4.5300e-05 lr: 4.5300e-05  eta: 12:46:55  time: 0.6154  data_time: 0.0176  memory: 8435  grad_norm: 56.7562  loss: 19.3117  decode.loss_cls: 0.0339  decode.loss_mask: 1.0009  decode.loss_dice: 0.8600  decode.d0.loss_cls: 0.1186  decode.d0.loss_mask: 1.0303  decode.d0.loss_dice: 0.9094  decode.d1.loss_cls: 0.0636  decode.d1.loss_mask: 1.0247  decode.d1.loss_dice: 0.8833  decode.d2.loss_cls: 0.0577  decode.d2.loss_mask: 1.0140  decode.d2.loss_dice: 0.8791  decode.d3.loss_cls: 0.0385  decode.d3.loss_mask: 1.0125  decode.d3.loss_dice: 0.8704  decode.d4.loss_cls: 0.0408  decode.d4.loss_mask: 1.0037  decode.d4.loss_dice: 0.8624  decode.d5.loss_cls: 0.0399  decode.d5.loss_mask: 0.9990  decode.d5.loss_dice: 0.8659  decode.d6.loss_cls: 0.0412  decode.d6.loss_mask: 0.9992  decode.d6.loss_dice: 0.8717  decode.d7.loss_cls: 0.0387  decode.d7.loss_mask: 0.9989  decode.d7.loss_dice: 0.8600  decode.d8.loss_cls: 0.0380  decode.d8.loss_mask: 0.9997  decode.d8.loss_dice: 0.8559
2026/07/23 12:35:29 - mmengine - INFO - Iter(train) [11100/80000]  base_lr: 4.5241e-05 lr: 4.5241e-05  eta: 12:45:22  time: 0.6183  data_time: 0.0164  memory: 8435  grad_norm: 76.9278  loss: 17.9704  decode.loss_cls: 0.0635  decode.loss_mask: 0.9347  decode.loss_dice: 0.7797  decode.d0.loss_cls: 0.1580  decode.d0.loss_mask: 0.9868  decode.d0.loss_dice: 0.8357  decode.d1.loss_cls: 0.0627  decode.d1.loss_mask: 0.9516  decode.d1.loss_dice: 0.8003  decode.d2.loss_cls: 0.0588  decode.d2.loss_mask: 0.9413  decode.d2.loss_dice: 0.7894  decode.d3.loss_cls: 0.0674  decode.d3.loss_mask: 0.9302  decode.d3.loss_dice: 0.7809  decode.d4.loss_cls: 0.0658  decode.d4.loss_mask: 0.9377  decode.d4.loss_dice: 0.7811  decode.d5.loss_cls: 0.0615  decode.d5.loss_mask: 0.9245  decode.d5.loss_dice: 0.7763  decode.d6.loss_cls: 0.0635  decode.d6.loss_mask: 0.9239  decode.d6.loss_dice: 0.7678  decode.d7.loss_cls: 0.0591  decode.d7.loss_mask: 0.9256  decode.d7.loss_dice: 0.7749  decode.d8.loss_cls: 0.0588  decode.d8.loss_mask: 0.9277  decode.d8.loss_dice: 0.7813
2026/07/23 12:36:30 - mmengine - INFO - Iter(train) [11200/80000]  base_lr: 4.5182e-05 lr: 4.5182e-05  eta: 12:43:45  time: 0.6204  data_time: 0.0155  memory: 8435  grad_norm: 62.8500  loss: 18.5846  decode.loss_cls: 0.0179  decode.loss_mask: 0.9760  decode.loss_dice: 0.8585  decode.d0.loss_cls: 0.0875  decode.d0.loss_mask: 0.9994  decode.d0.loss_dice: 0.8489  decode.d1.loss_cls: 0.0321  decode.d1.loss_mask: 0.9759  decode.d1.loss_dice: 0.8567  decode.d2.loss_cls: 0.0185  decode.d2.loss_mask: 0.9761  decode.d2.loss_dice: 0.8551  decode.d3.loss_cls: 0.0196  decode.d3.loss_mask: 0.9779  decode.d3.loss_dice: 0.8558  decode.d4.loss_cls: 0.0193  decode.d4.loss_mask: 0.9740  decode.d4.loss_dice: 0.8550  decode.d5.loss_cls: 0.0161  decode.d5.loss_mask: 0.9721  decode.d5.loss_dice: 0.8471  decode.d6.loss_cls: 0.0179  decode.d6.loss_mask: 0.9763  decode.d6.loss_dice: 0.8566  decode.d7.loss_cls: 0.0171  decode.d7.loss_mask: 0.9681  decode.d7.loss_dice: 0.8617  decode.d8.loss_cls: 0.0175  decode.d8.loss_mask: 0.9686  decode.d8.loss_dice: 0.8614
2026/07/23 12:37:36 - mmengine - INFO - Iter(train) [11300/80000]  base_lr: 4.5123e-05 lr: 4.5123e-05  eta: 12:42:35  time: 0.6132  data_time: 0.0163  memory: 8435  grad_norm: 103.3513  loss: 22.4874  decode.loss_cls: 0.0972  decode.loss_mask: 1.1407  decode.loss_dice: 0.9773  decode.d0.loss_cls: 0.2073  decode.d0.loss_mask: 1.1635  decode.d0.loss_dice: 1.0613  decode.d1.loss_cls: 0.1124  decode.d1.loss_mask: 1.1456  decode.d1.loss_dice: 0.9841  decode.d2.loss_cls: 0.1049  decode.d2.loss_mask: 1.1291  decode.d2.loss_dice: 0.9548  decode.d3.loss_cls: 0.0948  decode.d3.loss_mask: 1.1574  decode.d3.loss_dice: 1.0095  decode.d4.loss_cls: 0.0987  decode.d4.loss_mask: 1.1767  decode.d4.loss_dice: 0.9947  decode.d5.loss_cls: 0.0939  decode.d5.loss_mask: 1.1666  decode.d5.loss_dice: 1.0174  decode.d6.loss_cls: 0.1112  decode.d6.loss_mask: 1.1386  decode.d6.loss_dice: 0.9792  decode.d7.loss_cls: 0.1030  decode.d7.loss_mask: 1.1137  decode.d7.loss_dice: 0.9625  decode.d8.loss_cls: 0.0966  decode.d8.loss_mask: 1.1291  decode.d8.loss_dice: 0.9658
2026/07/23 12:38:41 - mmengine - INFO - Iter(train) [11400/80000]  base_lr: 4.5064e-05 lr: 4.5064e-05  eta: 12:41:16  time: 0.6261  data_time: 0.0163  memory: 8426  grad_norm: 62.1152  loss: 16.9240  decode.loss_cls: 0.0194  decode.loss_mask: 0.8861  decode.loss_dice: 0.7783  decode.d0.loss_cls: 0.0934  decode.d0.loss_mask: 0.9043  decode.d0.loss_dice: 0.8167  decode.d1.loss_cls: 0.0265  decode.d1.loss_mask: 0.8833  decode.d1.loss_dice: 0.7630  decode.d2.loss_cls: 0.0233  decode.d2.loss_mask: 0.8800  decode.d2.loss_dice: 0.7834  decode.d3.loss_cls: 0.0215  decode.d3.loss_mask: 0.8798  decode.d3.loss_dice: 0.7774  decode.d4.loss_cls: 0.0214  decode.d4.loss_mask: 0.8755  decode.d4.loss_dice: 0.7826  decode.d5.loss_cls: 0.0318  decode.d5.loss_mask: 0.8769  decode.d5.loss_dice: 0.7709  decode.d6.loss_cls: 0.0216  decode.d6.loss_mask: 0.8812  decode.d6.loss_dice: 0.7766  decode.d7.loss_cls: 0.0219  decode.d7.loss_mask: 0.8811  decode.d7.loss_dice: 0.7714  decode.d8.loss_cls: 0.0175  decode.d8.loss_mask: 0.8838  decode.d8.loss_dice: 0.7734
2026/07/23 12:39:43 - mmengine - INFO - Iter(train) [11500/80000]  base_lr: 4.5004e-05 lr: 4.5004e-05  eta: 12:39:41  time: 0.6034  data_time: 0.0159  memory: 8435  grad_norm: 56.3763  loss: 18.0216  decode.loss_cls: 0.0289  decode.loss_mask: 0.9361  decode.loss_dice: 0.8324  decode.d0.loss_cls: 0.0776  decode.d0.loss_mask: 0.9627  decode.d0.loss_dice: 0.8306  decode.d1.loss_cls: 0.0286  decode.d1.loss_mask: 0.9330  decode.d1.loss_dice: 0.8452  decode.d2.loss_cls: 0.0287  decode.d2.loss_mask: 0.9350  decode.d2.loss_dice: 0.8371  decode.d3.loss_cls: 0.0299  decode.d3.loss_mask: 0.9391  decode.d3.loss_dice: 0.8240  decode.d4.loss_cls: 0.0293  decode.d4.loss_mask: 0.9336  decode.d4.loss_dice: 0.8196  decode.d5.loss_cls: 0.0285  decode.d5.loss_mask: 0.9310  decode.d5.loss_dice: 0.8222  decode.d6.loss_cls: 0.0295  decode.d6.loss_mask: 0.9301  decode.d6.loss_dice: 0.8282  decode.d7.loss_cls: 0.0292  decode.d7.loss_mask: 0.9359  decode.d7.loss_dice: 0.8375  decode.d8.loss_cls: 0.0297  decode.d8.loss_mask: 0.9344  decode.d8.loss_dice: 0.8339
2026/07/23 12:40:45 - mmengine - INFO - Iter(train) [11600/80000]  base_lr: 4.4945e-05 lr: 4.4945e-05  eta: 12:38:07  time: 0.6151  data_time: 0.0168  memory: 8435  grad_norm: 64.4163  loss: 20.3898  decode.loss_cls: 0.0139  decode.loss_mask: 1.0604  decode.loss_dice: 0.9446  decode.d0.loss_cls: 0.0801  decode.d0.loss_mask: 1.1170  decode.d0.loss_dice: 0.9724  decode.d1.loss_cls: 0.0291  decode.d1.loss_mask: 1.0718  decode.d1.loss_dice: 0.9416  decode.d2.loss_cls: 0.0236  decode.d2.loss_mask: 1.0656  decode.d2.loss_dice: 0.9299  decode.d3.loss_cls: 0.0140  decode.d3.loss_mask: 1.0594  decode.d3.loss_dice: 0.9391  decode.d4.loss_cls: 0.0178  decode.d4.loss_mask: 1.0609  decode.d4.loss_dice: 0.9595  decode.d5.loss_cls: 0.0153  decode.d5.loss_mask: 1.0526  decode.d5.loss_dice: 0.9468  decode.d6.loss_cls: 0.0208  decode.d6.loss_mask: 1.0599  decode.d6.loss_dice: 0.9440  decode.d7.loss_cls: 0.0161  decode.d7.loss_mask: 1.0603  decode.d7.loss_dice: 0.9513  decode.d8.loss_cls: 0.0140  decode.d8.loss_mask: 1.0598  decode.d8.loss_dice: 0.9483
2026/07/23 12:41:51 - mmengine - INFO - Iter(train) [11700/80000]  base_lr: 4.4886e-05 lr: 4.4886e-05  eta: 12:36:58  time: 0.6051  data_time: 0.0155  memory: 8426  grad_norm: 76.2007  loss: 19.2399  decode.loss_cls: 0.0643  decode.loss_mask: 0.9532  decode.loss_dice: 0.8717  decode.d0.loss_cls: 0.1262  decode.d0.loss_mask: 1.0062  decode.d0.loss_dice: 1.0047  decode.d1.loss_cls: 0.0619  decode.d1.loss_mask: 0.9620  decode.d1.loss_dice: 0.9259  decode.d2.loss_cls: 0.0581  decode.d2.loss_mask: 0.9575  decode.d2.loss_dice: 0.8836  decode.d3.loss_cls: 0.0559  decode.d3.loss_mask: 0.9626  decode.d3.loss_dice: 0.8689  decode.d4.loss_cls: 0.0648  decode.d4.loss_mask: 0.9520  decode.d4.loss_dice: 0.8824  decode.d5.loss_cls: 0.0574  decode.d5.loss_mask: 0.9581  decode.d5.loss_dice: 0.8741  decode.d6.loss_cls: 0.0574  decode.d6.loss_mask: 0.9638  decode.d6.loss_dice: 0.8717  decode.d7.loss_cls: 0.0597  decode.d7.loss_mask: 0.9555  decode.d7.loss_dice: 0.8766  decode.d8.loss_cls: 0.0715  decode.d8.loss_mask: 0.9507  decode.d8.loss_dice: 0.8814
2026/07/23 12:42:55 - mmengine - INFO - Iter(train) [11800/80000]  base_lr: 4.4827e-05 lr: 4.4827e-05  eta: 12:35:37  time: 0.6245  data_time: 0.0167  memory: 8435  grad_norm: 94.9498  loss: 20.7134  decode.loss_cls: 0.0878  decode.loss_mask: 1.0536  decode.loss_dice: 0.9180  decode.d0.loss_cls: 0.2361  decode.d0.loss_mask: 1.1034  decode.d0.loss_dice: 1.0084  decode.d1.loss_cls: 0.0919  decode.d1.loss_mask: 1.0460  decode.d1.loss_dice: 0.9351  decode.d2.loss_cls: 0.0764  decode.d2.loss_mask: 1.0376  decode.d2.loss_dice: 0.9201  decode.d3.loss_cls: 0.0683  decode.d3.loss_mask: 1.0424  decode.d3.loss_dice: 0.9229  decode.d4.loss_cls: 0.0637  decode.d4.loss_mask: 1.0546  decode.d4.loss_dice: 0.9240  decode.d5.loss_cls: 0.0908  decode.d5.loss_mask: 1.0280  decode.d5.loss_dice: 0.8868  decode.d6.loss_cls: 0.0668  decode.d6.loss_mask: 1.0434  decode.d6.loss_dice: 0.9222  decode.d7.loss_cls: 0.0869  decode.d7.loss_mask: 1.0294  decode.d7.loss_dice: 0.9099  decode.d8.loss_cls: 0.0873  decode.d8.loss_mask: 1.0557  decode.d8.loss_dice: 0.9157
2026/07/23 12:43:58 - mmengine - INFO - Iter(train) [11900/80000]  base_lr: 4.4768e-05 lr: 4.4768e-05  eta: 12:34:11  time: 0.6102  data_time: 0.0169  memory: 8435  grad_norm: 77.2750  loss: 17.3608  decode.loss_cls: 0.0782  decode.loss_mask: 0.8919  decode.loss_dice: 0.7520  decode.d0.loss_cls: 0.1774  decode.d0.loss_mask: 0.9264  decode.d0.loss_dice: 0.9032  decode.d1.loss_cls: 0.0852  decode.d1.loss_mask: 0.8804  decode.d1.loss_dice: 0.7292  decode.d2.loss_cls: 0.0797  decode.d2.loss_mask: 0.8842  decode.d2.loss_dice: 0.7593  decode.d3.loss_cls: 0.0747  decode.d3.loss_mask: 0.8852  decode.d3.loss_dice: 0.7378  decode.d4.loss_cls: 0.0753  decode.d4.loss_mask: 0.8882  decode.d4.loss_dice: 0.7245  decode.d5.loss_cls: 0.0687  decode.d5.loss_mask: 0.8896  decode.d5.loss_dice: 0.7340  decode.d6.loss_cls: 0.0712  decode.d6.loss_mask: 0.8868  decode.d6.loss_dice: 0.7362  decode.d7.loss_cls: 0.0775  decode.d7.loss_mask: 0.9002  decode.d7.loss_dice: 0.7412  decode.d8.loss_cls: 0.0797  decode.d8.loss_mask: 0.8879  decode.d8.loss_dice: 0.7551
2026/07/23 12:45:02 - mmengine - INFO - Exp name: fusion_vits_m2f_9999_20260723_101840
2026/07/23 12:45:02 - mmengine - INFO - Iter(train) [12000/80000]  base_lr: 4.4709e-05 lr: 4.4709e-05  eta: 12:32:53  time: 0.7085  data_time: 0.0214  memory: 8435  grad_norm: 59.5147  loss: 19.7005  decode.loss_cls: 0.0553  decode.loss_mask: 0.9722  decode.loss_dice: 0.9283  decode.d0.loss_cls: 0.1152  decode.d0.loss_mask: 1.0073  decode.d0.loss_dice: 0.9545  decode.d1.loss_cls: 0.0638  decode.d1.loss_mask: 0.9764  decode.d1.loss_dice: 0.9468  decode.d2.loss_cls: 0.0607  decode.d2.loss_mask: 0.9668  decode.d2.loss_dice: 0.9325  decode.d3.loss_cls: 0.0680  decode.d3.loss_mask: 0.9615  decode.d3.loss_dice: 0.9241  decode.d4.loss_cls: 0.0641  decode.d4.loss_mask: 0.9682  decode.d4.loss_dice: 0.9328  decode.d5.loss_cls: 0.0493  decode.d5.loss_mask: 0.9702  decode.d5.loss_dice: 0.9319  decode.d6.loss_cls: 0.0485  decode.d6.loss_mask: 0.9684  decode.d6.loss_dice: 0.9325  decode.d7.loss_cls: 0.0494  decode.d7.loss_mask: 0.9686  decode.d7.loss_dice: 0.9259  decode.d8.loss_cls: 0.0563  decode.d8.loss_mask: 0.9691  decode.d8.loss_dice: 0.9317
2026/07/23 12:45:02 - mmengine - INFO - Saving checkpoint at 12000 iterations
2026/07/23 12:45:56 - mmengine - INFO - Iter(val) [100/504]    eta: 0:01:28  time: 0.2070  data_time: 0.0082  memory: 3244  
2026/07/23 12:46:16 - mmengine - INFO - Iter(val) [200/504]    eta: 0:01:04  time: 0.2058  data_time: 0.0077  memory: 3244  
2026/07/23 12:46:37 - mmengine - INFO - Iter(val) [300/504]    eta: 0:00:42  time: 0.2040  data_time: 0.0080  memory: 3244  
2026/07/23 12:46:57 - mmengine - INFO - Iter(val) [400/504]    eta: 0:00:21  time: 0.2032  data_time: 0.0077  memory: 3244  
2026/07/23 12:47:18 - mmengine - INFO - Iter(val) [500/504]    eta: 0:00:00  time: 0.2050  data_time: 0.0080  memory: 3244  
2026/07/23 12:47:21 - mmengine - INFO - per class results:
2026/07/23 12:47:21 - mmengine - INFO - 
+--------------------+-------+-------+--------+-----------+--------+
|       Class        |  IoU  |  Acc  | Fscore | Precision | Recall |
+--------------------+-------+-------+--------+-----------+--------+
| impervious_surface | 84.85 | 91.95 |  91.8  |   91.66   | 91.95  |
|      building      | 92.91 | 94.87 | 96.33  |   97.82   | 94.87  |
|   low_vegetation   | 78.96 |  92.4 | 88.24  |   84.44   |  92.4  |
|        tree        | 80.37 | 85.74 | 89.12  |   92.77   | 85.74  |
|        car         | 94.08 | 96.64 | 96.95  |   97.27   | 96.64  |
+--------------------+-------+-------+--------+-----------+--------+
2026/07/23 12:47:21 - mmengine - INFO - Iter(val) [504/504]    aAcc: 91.4100  mIoU: 86.2300  mAcc: 92.3200  mFscore: 92.4900  mPrecision: 92.7900  mRecall: 92.3200  data_time: 0.0107  time: 0.2079
2026/07/23 12:48:27 - mmengine - INFO - Iter(train) [12100/80000]  base_lr: 4.4649e-05 lr: 4.4649e-05  eta: 12:31:56  time: 0.9769  data_time: 0.3763  memory: 8435  grad_norm: 67.9708  loss: 16.3919  decode.loss_cls: 0.0248  decode.loss_mask: 0.9205  decode.loss_dice: 0.6826  decode.d0.loss_cls: 0.1423  decode.d0.loss_mask: 0.9335  decode.d0.loss_dice: 0.7248  decode.d1.loss_cls: 0.0320  decode.d1.loss_mask: 0.9167  decode.d1.loss_dice: 0.6746  decode.d2.loss_cls: 0.0242  decode.d2.loss_mask: 0.9185  decode.d2.loss_dice: 0.6724  decode.d3.loss_cls: 0.0262  decode.d3.loss_mask: 0.9134  decode.d3.loss_dice: 0.6716  decode.d4.loss_cls: 0.0273  decode.d4.loss_mask: 0.9181  decode.d4.loss_dice: 0.6746  decode.d5.loss_cls: 0.0240  decode.d5.loss_mask: 0.9305  decode.d5.loss_dice: 0.6736  decode.d6.loss_cls: 0.0233  decode.d6.loss_mask: 0.9215  decode.d6.loss_dice: 0.6752  decode.d7.loss_cls: 0.0236  decode.d7.loss_mask: 0.9185  decode.d7.loss_dice: 0.6753  decode.d8.loss_cls: 0.0247  decode.d8.loss_mask: 0.9245  decode.d8.loss_dice: 0.6790
2026/07/23 12:49:29 - mmengine - INFO - Iter(train) [12200/80000]  base_lr: 4.4590e-05 lr: 4.4590e-05  eta: 12:30:28  time: 0.6030  data_time: 0.0162  memory: 8426  grad_norm: 116.8226  loss: 19.1687  decode.loss_cls: 0.0258  decode.loss_mask: 1.0271  decode.loss_dice: 0.8266  decode.d0.loss_cls: 0.1699  decode.d0.loss_mask: 1.1091  decode.d0.loss_dice: 0.8846  decode.d1.loss_cls: 0.0507  decode.d1.loss_mask: 1.0267  decode.d1.loss_dice: 0.8139  decode.d2.loss_cls: 0.0356  decode.d2.loss_mask: 1.0174  decode.d2.loss_dice: 0.8163  decode.d3.loss_cls: 0.0345  decode.d3.loss_mask: 1.0126  decode.d3.loss_dice: 0.8311  decode.d4.loss_cls: 0.0313  decode.d4.loss_mask: 1.0192  decode.d4.loss_dice: 0.8367  decode.d5.loss_cls: 0.0328  decode.d5.loss_mask: 1.0265  decode.d5.loss_dice: 0.8492  decode.d6.loss_cls: 0.0321  decode.d6.loss_mask: 1.0239  decode.d6.loss_dice: 0.8522  decode.d7.loss_cls: 0.0342  decode.d7.loss_mask: 1.0252  decode.d7.loss_dice: 0.8297  decode.d8.loss_cls: 0.0311  decode.d8.loss_mask: 1.0227  decode.d8.loss_dice: 0.8400
2026/07/23 12:50:32 - mmengine - INFO - Iter(train) [12300/80000]  base_lr: 4.4531e-05 lr: 4.4531e-05  eta: 12:28:59  time: 0.6141  data_time: 0.0167  memory: 8426  grad_norm: 58.3046  loss: 17.8806  decode.loss_cls: 0.0331  decode.loss_mask: 0.9035  decode.loss_dice: 0.8219  decode.d0.loss_cls: 0.0797  decode.d0.loss_mask: 0.9688  decode.d0.loss_dice: 0.8550  decode.d1.loss_cls: 0.0346  decode.d1.loss_mask: 0.9095  decode.d1.loss_dice: 0.8560  decode.d2.loss_cls: 0.0239  decode.d2.loss_mask: 0.9094  decode.d2.loss_dice: 0.8352  decode.d3.loss_cls: 0.0289  decode.d3.loss_mask: 0.9063  decode.d3.loss_dice: 0.8207  decode.d4.loss_cls: 0.0295  decode.d4.loss_mask: 0.9145  decode.d4.loss_dice: 0.8419  decode.d5.loss_cls: 0.0238  decode.d5.loss_mask: 0.9085  decode.d5.loss_dice: 0.8447  decode.d6.loss_cls: 0.0266  decode.d6.loss_mask: 0.9062  decode.d6.loss_dice: 0.8370  decode.d7.loss_cls: 0.0239  decode.d7.loss_mask: 0.9101  decode.d7.loss_dice: 0.8473  decode.d8.loss_cls: 0.0236  decode.d8.loss_mask: 0.9125  decode.d8.loss_dice: 0.8439
2026/07/23 12:51:34 - mmengine - INFO - Iter(train) [12400/80000]  base_lr: 4.4472e-05 lr: 4.4472e-05  eta: 12:27:33  time: 0.6438  data_time: 0.0169  memory: 8435  grad_norm: 38.7204  loss: 9.0209  decode.loss_cls: 0.0178  decode.loss_mask: 0.4568  decode.loss_dice: 0.3997  decode.d0.loss_cls: 0.1171  decode.d0.loss_mask: 0.4649  decode.d0.loss_dice: 0.4943  decode.d1.loss_cls: 0.0342  decode.d1.loss_mask: 0.4584  decode.d1.loss_dice: 0.4121  decode.d2.loss_cls: 0.0252  decode.d2.loss_mask: 0.4589  decode.d2.loss_dice: 0.4078  decode.d3.loss_cls: 0.0219  decode.d3.loss_mask: 0.4555  decode.d3.loss_dice: 0.4099  decode.d4.loss_cls: 0.0220  decode.d4.loss_mask: 0.4568  decode.d4.loss_dice: 0.3997  decode.d5.loss_cls: 0.0187  decode.d5.loss_mask: 0.4548  decode.d5.loss_dice: 0.4037  decode.d6.loss_cls: 0.0215  decode.d6.loss_mask: 0.4532  decode.d6.loss_dice: 0.3951  decode.d7.loss_cls: 0.0244  decode.d7.loss_mask: 0.4540  decode.d7.loss_dice: 0.4011  decode.d8.loss_cls: 0.0224  decode.d8.loss_mask: 0.4531  decode.d8.loss_dice: 0.4061
2026/07/23 12:52:36 - mmengine - INFO - Iter(train) [12500/80000]  base_lr: 4.4413e-05 lr: 4.4413e-05  eta: 12:26:02  time: 0.6239  data_time: 0.0170  memory: 8435  grad_norm: 75.2131  loss: 20.3078  decode.loss_cls: 0.0397  decode.loss_mask: 1.0879  decode.loss_dice: 0.8700  decode.d0.loss_cls: 0.1215  decode.d0.loss_mask: 1.1867  decode.d0.loss_dice: 0.9564  decode.d1.loss_cls: 0.0595  decode.d1.loss_mask: 1.0917  decode.d1.loss_dice: 0.8728  decode.d2.loss_cls: 0.0541  decode.d2.loss_mask: 1.0802  decode.d2.loss_dice: 0.8670  decode.d3.loss_cls: 0.0412  decode.d3.loss_mask: 1.0983  decode.d3.loss_dice: 0.8639  decode.d4.loss_cls: 0.0512  decode.d4.loss_mask: 1.0961  decode.d4.loss_dice: 0.8722  decode.d5.loss_cls: 0.0492  decode.d5.loss_mask: 1.1007  decode.d5.loss_dice: 0.8624  decode.d6.loss_cls: 0.0475  decode.d6.loss_mask: 1.0908  decode.d6.loss_dice: 0.8574  decode.d7.loss_cls: 0.0482  decode.d7.loss_mask: 1.0898  decode.d7.loss_dice: 0.8678  decode.d8.loss_cls: 0.0416  decode.d8.loss_mask: 1.0820  decode.d8.loss_dice: 0.8601
2026/07/23 12:53:40 - mmengine - INFO - Iter(train) [12600/80000]  base_lr: 4.4353e-05 lr: 4.4353e-05  eta: 12:24:40  time: 0.6784  data_time: 0.0195  memory: 8426  grad_norm: 54.5189  loss: 13.1227  decode.loss_cls: 0.0343  decode.loss_mask: 0.6240  decode.loss_dice: 0.6206  decode.d0.loss_cls: 0.1414  decode.d0.loss_mask: 0.6720  decode.d0.loss_dice: 0.7078  decode.d1.loss_cls: 0.0578  decode.d1.loss_mask: 0.6425  decode.d1.loss_dice: 0.6257  decode.d2.loss_cls: 0.0442  decode.d2.loss_mask: 0.6314  decode.d2.loss_dice: 0.6084  decode.d3.loss_cls: 0.0382  decode.d3.loss_mask: 0.6313  decode.d3.loss_dice: 0.6240  decode.d4.loss_cls: 0.0348  decode.d4.loss_mask: 0.6270  decode.d4.loss_dice: 0.6211  decode.d5.loss_cls: 0.0362  decode.d5.loss_mask: 0.6311  decode.d5.loss_dice: 0.6140  decode.d6.loss_cls: 0.0269  decode.d6.loss_mask: 0.6299  decode.d6.loss_dice: 0.6412  decode.d7.loss_cls: 0.0397  decode.d7.loss_mask: 0.6279  decode.d7.loss_dice: 0.6186  decode.d8.loss_cls: 0.0374  decode.d8.loss_mask: 0.6298  decode.d8.loss_dice: 0.6037
2026/07/23 12:54:42 - mmengine - INFO - Iter(train) [12700/80000]  base_lr: 4.4294e-05 lr: 4.4294e-05  eta: 12:23:12  time: 0.6141  data_time: 0.0172  memory: 8435  grad_norm: 63.8784  loss: 19.6449  decode.loss_cls: 0.0212  decode.loss_mask: 1.0662  decode.loss_dice: 0.8534  decode.d0.loss_cls: 0.1167  decode.d0.loss_mask: 1.1145  decode.d0.loss_dice: 0.8723  decode.d1.loss_cls: 0.0362  decode.d1.loss_mask: 1.0645  decode.d1.loss_dice: 0.8663  decode.d2.loss_cls: 0.0298  decode.d2.loss_mask: 1.0538  decode.d2.loss_dice: 0.8643  decode.d3.loss_cls: 0.0245  decode.d3.loss_mask: 1.0526  decode.d3.loss_dice: 0.8539  decode.d4.loss_cls: 0.0290  decode.d4.loss_mask: 1.0552  decode.d4.loss_dice: 0.8545  decode.d5.loss_cls: 0.0149  decode.d5.loss_mask: 1.0657  decode.d5.loss_dice: 0.8742  decode.d6.loss_cls: 0.0140  decode.d6.loss_mask: 1.0649  decode.d6.loss_dice: 0.8660  decode.d7.loss_cls: 0.0225  decode.d7.loss_mask: 1.0666  decode.d7.loss_dice: 0.8650  decode.d8.loss_cls: 0.0159  decode.d8.loss_mask: 1.0708  decode.d8.loss_dice: 0.8757
2026/07/23 12:55:44 - mmengine - INFO - Iter(train) [12800/80000]  base_lr: 4.4235e-05 lr: 4.4235e-05  eta: 12:21:46  time: 0.6240  data_time: 0.0168  memory: 8435  grad_norm: 66.9642  loss: 16.8753  decode.loss_cls: 0.0432  decode.loss_mask: 0.8734  decode.loss_dice: 0.7379  decode.d0.loss_cls: 0.1330  decode.d0.loss_mask: 0.9487  decode.d0.loss_dice: 0.7960  decode.d1.loss_cls: 0.0633  decode.d1.loss_mask: 0.8841  decode.d1.loss_dice: 0.7326  decode.d2.loss_cls: 0.0520  decode.d2.loss_mask: 0.8799  decode.d2.loss_dice: 0.7377  decode.d3.loss_cls: 0.0488  decode.d3.loss_mask: 0.8729  decode.d3.loss_dice: 0.7411  decode.d4.loss_cls: 0.0521  decode.d4.loss_mask: 0.8725  decode.d4.loss_dice: 0.7501  decode.d5.loss_cls: 0.0530  decode.d5.loss_mask: 0.8699  decode.d5.loss_dice: 0.7425  decode.d6.loss_cls: 0.0437  decode.d6.loss_mask: 0.8659  decode.d6.loss_dice: 0.7488  decode.d7.loss_cls: 0.0393  decode.d7.loss_mask: 0.8736  decode.d7.loss_dice: 0.7499  decode.d8.loss_cls: 0.0396  decode.d8.loss_mask: 0.8830  decode.d8.loss_dice: 0.7467
2026/07/23 12:56:47 - mmengine - INFO - Iter(train) [12900/80000]  base_lr: 4.4176e-05 lr: 4.4176e-05  eta: 12:20:20  time: 0.6155  data_time: 0.0177  memory: 8435  grad_norm: 67.9564  loss: 19.2867  decode.loss_cls: 0.0217  decode.loss_mask: 1.0062  decode.loss_dice: 0.8848  decode.d0.loss_cls: 0.0819  decode.d0.loss_mask: 1.0521  decode.d0.loss_dice: 0.8878  decode.d1.loss_cls: 0.0368  decode.d1.loss_mask: 1.0182  decode.d1.loss_dice: 0.8955  decode.d2.loss_cls: 0.0166  decode.d2.loss_mask: 1.0158  decode.d2.loss_dice: 0.8945  decode.d3.loss_cls: 0.0235  decode.d3.loss_mask: 1.0039  decode.d3.loss_dice: 0.8829  decode.d4.loss_cls: 0.0218  decode.d4.loss_mask: 1.0053  decode.d4.loss_dice: 0.8803  decode.d5.loss_cls: 0.0211  decode.d5.loss_mask: 1.0027  decode.d5.loss_dice: 0.8901  decode.d6.loss_cls: 0.0223  decode.d6.loss_mask: 1.0035  decode.d6.loss_dice: 0.8780  decode.d7.loss_cls: 0.0171  decode.d7.loss_mask: 1.0029  decode.d7.loss_dice: 0.8955  decode.d8.loss_cls: 0.0193  decode.d8.loss_mask: 1.0080  decode.d8.loss_dice: 0.8969
2026/07/23 12:57:52 - mmengine - INFO - Exp name: fusion_vits_m2f_9999_20260723_101840
2026/07/23 12:57:52 - mmengine - INFO - Iter(train) [13000/80000]  base_lr: 4.4116e-05 lr: 4.4116e-05  eta: 12:19:09  time: 0.6182  data_time: 0.0175  memory: 8435  grad_norm: 89.3784  loss: 21.4307  decode.loss_cls: 0.0610  decode.loss_mask: 1.1360  decode.loss_dice: 0.8991  decode.d0.loss_cls: 0.1649  decode.d0.loss_mask: 1.1972  decode.d0.loss_dice: 0.9555  decode.d1.loss_cls: 0.0693  decode.d1.loss_mask: 1.1460  decode.d1.loss_dice: 0.9387  decode.d2.loss_cls: 0.0610  decode.d2.loss_mask: 1.1421  decode.d2.loss_dice: 0.9131  decode.d3.loss_cls: 0.0590  decode.d3.loss_mask: 1.1459  decode.d3.loss_dice: 0.9217  decode.d4.loss_cls: 0.0527  decode.d4.loss_mask: 1.1489  decode.d4.loss_dice: 0.9107  decode.d5.loss_cls: 0.0521  decode.d5.loss_mask: 1.1530  decode.d5.loss_dice: 0.9196  decode.d6.loss_cls: 0.0520  decode.d6.loss_mask: 1.1596  decode.d6.loss_dice: 0.9145  decode.d7.loss_cls: 0.0668  decode.d7.loss_mask: 1.1451  decode.d7.loss_dice: 0.9126  decode.d8.loss_cls: 0.0646  decode.d8.loss_mask: 1.1448  decode.d8.loss_dice: 0.9229
2026/07/23 12:58:55 - mmengine - INFO - Iter(train) [13100/80000]  base_lr: 4.4057e-05 lr: 4.4057e-05  eta: 12:17:46  time: 0.6108  data_time: 0.0171  memory: 8426  grad_norm: 74.7038  loss: 18.4432  decode.loss_cls: 0.0045  decode.loss_mask: 1.0130  decode.loss_dice: 0.8053  decode.d0.loss_cls: 0.0964  decode.d0.loss_mask: 1.0333  decode.d0.loss_dice: 0.8170  decode.d1.loss_cls: 0.0325  decode.d1.loss_mask: 1.0092  decode.d1.loss_dice: 0.8117  decode.d2.loss_cls: 0.0139  decode.d2.loss_mask: 1.0005  decode.d2.loss_dice: 0.8262  decode.d3.loss_cls: 0.0064  decode.d3.loss_mask: 1.0052  decode.d3.loss_dice: 0.8179  decode.d4.loss_cls: 0.0060  decode.d4.loss_mask: 1.0110  decode.d4.loss_dice: 0.8078  decode.d5.loss_cls: 0.0054  decode.d5.loss_mask: 1.0013  decode.d5.loss_dice: 0.8152  decode.d6.loss_cls: 0.0055  decode.d6.loss_mask: 1.0151  decode.d6.loss_dice: 0.8074  decode.d7.loss_cls: 0.0060  decode.d7.loss_mask: 1.0159  decode.d7.loss_dice: 0.8107  decode.d8.loss_cls: 0.0052  decode.d8.loss_mask: 1.0147  decode.d8.loss_dice: 0.8231
2026/07/23 12:59:58 - mmengine - INFO - Iter(train) [13200/80000]  base_lr: 4.3998e-05 lr: 4.3998e-05  eta: 12:16:24  time: 0.6144  data_time: 0.0173  memory: 8435  grad_norm: 67.0284  loss: 19.2080  decode.loss_cls: 0.0160  decode.loss_mask: 0.9868  decode.loss_dice: 0.9033  decode.d0.loss_cls: 0.0918  decode.d0.loss_mask: 1.0554  decode.d0.loss_dice: 0.9291  decode.d1.loss_cls: 0.0288  decode.d1.loss_mask: 1.0046  decode.d1.loss_dice: 0.8923  decode.d2.loss_cls: 0.0248  decode.d2.loss_mask: 1.0019  decode.d2.loss_dice: 0.8748  decode.d3.loss_cls: 0.0231  decode.d3.loss_mask: 0.9927  decode.d3.loss_dice: 0.8864  decode.d4.loss_cls: 0.0234  decode.d4.loss_mask: 0.9910  decode.d4.loss_dice: 0.8867  decode.d5.loss_cls: 0.0239  decode.d5.loss_mask: 0.9892  decode.d5.loss_dice: 0.8900  decode.d6.loss_cls: 0.0178  decode.d6.loss_mask: 0.9851  decode.d6.loss_dice: 0.8969  decode.d7.loss_cls: 0.0236  decode.d7.loss_mask: 0.9876  decode.d7.loss_dice: 0.8846  decode.d8.loss_cls: 0.0260  decode.d8.loss_mask: 0.9833  decode.d8.loss_dice: 0.8873
2026/07/23 13:01:00 - mmengine - INFO - Iter(train) [13300/80000]  base_lr: 4.3939e-05 lr: 4.3939e-05  eta: 12:14:57  time: 0.6186  data_time: 0.0172  memory: 8435  grad_norm: 94.0996  loss: 21.0440  decode.loss_cls: 0.0389  decode.loss_mask: 1.0250  decode.loss_dice: 0.9951  decode.d0.loss_cls: 0.0958  decode.d0.loss_mask: 1.0766  decode.d0.loss_dice: 1.0648  decode.d1.loss_cls: 0.0906  decode.d1.loss_mask: 1.0328  decode.d1.loss_dice: 0.9919  decode.d2.loss_cls: 0.0835  decode.d2.loss_mask: 1.0414  decode.d2.loss_dice: 1.0123  decode.d3.loss_cls: 0.0640  decode.d3.loss_mask: 1.0298  decode.d3.loss_dice: 1.0027  decode.d4.loss_cls: 0.0474  decode.d4.loss_mask: 1.0266  decode.d4.loss_dice: 1.0108  decode.d5.loss_cls: 0.0479  decode.d5.loss_mask: 1.0262  decode.d5.loss_dice: 1.0176  decode.d6.loss_cls: 0.0421  decode.d6.loss_mask: 1.0250  decode.d6.loss_dice: 1.0092  decode.d7.loss_cls: 0.0314  decode.d7.loss_mask: 1.0260  decode.d7.loss_dice: 1.0163  decode.d8.loss_cls: 0.0400  decode.d8.loss_mask: 1.0238  decode.d8.loss_dice: 1.0083
2026/07/23 13:02:02 - mmengine - INFO - Iter(train) [13400/80000]  base_lr: 4.3879e-05 lr: 4.3879e-05  eta: 12:13:33  time: 0.6064  data_time: 0.0161  memory: 8426  grad_norm: 66.6178  loss: 14.9700  decode.loss_cls: 0.0213  decode.loss_mask: 0.7503  decode.loss_dice: 0.7149  decode.d0.loss_cls: 0.0990  decode.d0.loss_mask: 0.7734  decode.d0.loss_dice: 0.7685  decode.d1.loss_cls: 0.0449  decode.d1.loss_mask: 0.7495  decode.d1.loss_dice: 0.6977  decode.d2.loss_cls: 0.0303  decode.d2.loss_mask: 0.7455  decode.d2.loss_dice: 0.7037  decode.d3.loss_cls: 0.0240  decode.d3.loss_mask: 0.7447  decode.d3.loss_dice: 0.7071  decode.d4.loss_cls: 0.0276  decode.d4.loss_mask: 0.7470  decode.d4.loss_dice: 0.6985  decode.d5.loss_cls: 0.0237  decode.d5.loss_mask: 0.7506  decode.d5.loss_dice: 0.7050  decode.d6.loss_cls: 0.0232  decode.d6.loss_mask: 0.7506  decode.d6.loss_dice: 0.7127  decode.d7.loss_cls: 0.0217  decode.d7.loss_mask: 0.7454  decode.d7.loss_dice: 0.7083  decode.d8.loss_cls: 0.0226  decode.d8.loss_mask: 0.7485  decode.d8.loss_dice: 0.7099
2026/07/23 13:03:05 - mmengine - INFO - Iter(train) [13500/80000]  base_lr: 4.3820e-05 lr: 4.3820e-05  eta: 12:12:10  time: 0.6070  data_time: 0.0163  memory: 8435  grad_norm: 59.9434  loss: 11.4388  decode.loss_cls: 0.0161  decode.loss_mask: 0.5995  decode.loss_dice: 0.5174  decode.d0.loss_cls: 0.1130  decode.d0.loss_mask: 0.6086  decode.d0.loss_dice: 0.5568  decode.d1.loss_cls: 0.0249  decode.d1.loss_mask: 0.5919  decode.d1.loss_dice: 0.5403  decode.d2.loss_cls: 0.0172  decode.d2.loss_mask: 0.5894  decode.d2.loss_dice: 0.5332  decode.d3.loss_cls: 0.0117  decode.d3.loss_mask: 0.5913  decode.d3.loss_dice: 0.5222  decode.d4.loss_cls: 0.0131  decode.d4.loss_mask: 0.5909  decode.d4.loss_dice: 0.5165  decode.d5.loss_cls: 0.0158  decode.d5.loss_mask: 0.5903  decode.d5.loss_dice: 0.5180  decode.d6.loss_cls: 0.0137  decode.d6.loss_mask: 0.5905  decode.d6.loss_dice: 0.5124  decode.d7.loss_cls: 0.0151  decode.d7.loss_mask: 0.5923  decode.d7.loss_dice: 0.5113  decode.d8.loss_cls: 0.0133  decode.d8.loss_mask: 0.5950  decode.d8.loss_dice: 0.5169
2026/07/23 13:04:08 - mmengine - INFO - Iter(train) [13600/80000]  base_lr: 4.3761e-05 lr: 4.3761e-05  eta: 12:10:47  time: 0.6191  data_time: 0.0169  memory: 8435  grad_norm: 52.9539  loss: 13.7141  decode.loss_cls: 0.0251  decode.loss_mask: 0.6899  decode.loss_dice: 0.6375  decode.d0.loss_cls: 0.1078  decode.d0.loss_mask: 0.7278  decode.d0.loss_dice: 0.6818  decode.d1.loss_cls: 0.0519  decode.d1.loss_mask: 0.6918  decode.d1.loss_dice: 0.6418  decode.d2.loss_cls: 0.0453  decode.d2.loss_mask: 0.6907  decode.d2.loss_dice: 0.6316  decode.d3.loss_cls: 0.0271  decode.d3.loss_mask: 0.6907  decode.d3.loss_dice: 0.6302  decode.d4.loss_cls: 0.0253  decode.d4.loss_mask: 0.6931  decode.d4.loss_dice: 0.6371  decode.d5.loss_cls: 0.0254  decode.d5.loss_mask: 0.6911  decode.d5.loss_dice: 0.6347  decode.d6.loss_cls: 0.0243  decode.d6.loss_mask: 0.6910  decode.d6.loss_dice: 0.6303  decode.d7.loss_cls: 0.0244  decode.d7.loss_mask: 0.6908  decode.d7.loss_dice: 0.6338  decode.d8.loss_cls: 0.0240  decode.d8.loss_mask: 0.6874  decode.d8.loss_dice: 0.6302
2026/07/23 13:05:09 - mmengine - INFO - Iter(train) [13700/80000]  base_lr: 4.3701e-05 lr: 4.3701e-05  eta: 12:09:19  time: 0.6086  data_time: 0.0169  memory: 8435  grad_norm: 78.3029  loss: 12.2558  decode.loss_cls: 0.0863  decode.loss_mask: 0.5654  decode.loss_dice: 0.5646  decode.d0.loss_cls: 0.1451  decode.d0.loss_mask: 0.5835  decode.d0.loss_dice: 0.6563  decode.d1.loss_cls: 0.0733  decode.d1.loss_mask: 0.5692  decode.d1.loss_dice: 0.5678  decode.d2.loss_cls: 0.0783  decode.d2.loss_mask: 0.5721  decode.d2.loss_dice: 0.5651  decode.d3.loss_cls: 0.0786  decode.d3.loss_mask: 0.5678  decode.d3.loss_dice: 0.5507  decode.d4.loss_cls: 0.0728  decode.d4.loss_mask: 0.5651  decode.d4.loss_dice: 0.5595  decode.d5.loss_cls: 0.0742  decode.d5.loss_mask: 0.5658  decode.d5.loss_dice: 0.5485  decode.d6.loss_cls: 0.0780  decode.d6.loss_mask: 0.5753  decode.d6.loss_dice: 0.5691  decode.d7.loss_cls: 0.0785  decode.d7.loss_mask: 0.5713  decode.d7.loss_dice: 0.5733  decode.d8.loss_cls: 0.0799  decode.d8.loss_mask: 0.5638  decode.d8.loss_dice: 0.5568
2026/07/23 13:06:12 - mmengine - INFO - Iter(train) [13800/80000]  base_lr: 4.3642e-05 lr: 4.3642e-05  eta: 12:07:57  time: 0.6190  data_time: 0.0166  memory: 8435  grad_norm: 61.2600  loss: 13.7231  decode.loss_cls: 0.0172  decode.loss_mask: 0.6995  decode.loss_dice: 0.6295  decode.d0.loss_cls: 0.1118  decode.d0.loss_mask: 0.7437  decode.d0.loss_dice: 0.7120  decode.d1.loss_cls: 0.0265  decode.d1.loss_mask: 0.6969  decode.d1.loss_dice: 0.6460  decode.d2.loss_cls: 0.0234  decode.d2.loss_mask: 0.6898  decode.d2.loss_dice: 0.6358  decode.d3.loss_cls: 0.0172  decode.d3.loss_mask: 0.6924  decode.d3.loss_dice: 0.6295  decode.d4.loss_cls: 0.0167  decode.d4.loss_mask: 0.6932  decode.d4.loss_dice: 0.6415  decode.d5.loss_cls: 0.0162  decode.d5.loss_mask: 0.6950  decode.d5.loss_dice: 0.6424  decode.d6.loss_cls: 0.0168  decode.d6.loss_mask: 0.6926  decode.d6.loss_dice: 0.6416  decode.d7.loss_cls: 0.0177  decode.d7.loss_mask: 0.6913  decode.d7.loss_dice: 0.6224  decode.d8.loss_cls: 0.0175  decode.d8.loss_mask: 0.6984  decode.d8.loss_dice: 0.6487
2026/07/23 13:07:17 - mmengine - INFO - Iter(train) [13900/80000]  base_lr: 4.3583e-05 lr: 4.3583e-05  eta: 12:06:47  time: 0.6156  data_time: 0.0174  memory: 8435  grad_norm: 86.3708  loss: 20.4593  decode.loss_cls: 0.0865  decode.loss_mask: 1.0348  decode.loss_dice: 0.9103  decode.d0.loss_cls: 0.1465  decode.d0.loss_mask: 1.0784  decode.d0.loss_dice: 0.9791  decode.d1.loss_cls: 0.0959  decode.d1.loss_mask: 1.0211  decode.d1.loss_dice: 0.9093  decode.d2.loss_cls: 0.0886  decode.d2.loss_mask: 1.0336  decode.d2.loss_dice: 0.9178  decode.d3.loss_cls: 0.0872  decode.d3.loss_mask: 1.0400  decode.d3.loss_dice: 0.9042  decode.d4.loss_cls: 0.0817  decode.d4.loss_mask: 1.0443  decode.d4.loss_dice: 0.9055  decode.d5.loss_cls: 0.0770  decode.d5.loss_mask: 1.0379  decode.d5.loss_dice: 0.9008  decode.d6.loss_cls: 0.0896  decode.d6.loss_mask: 1.0376  decode.d6.loss_dice: 0.8975  decode.d7.loss_cls: 0.0874  decode.d7.loss_mask: 1.0300  decode.d7.loss_dice: 0.9043  decode.d8.loss_cls: 0.0878  decode.d8.loss_mask: 1.0327  decode.d8.loss_dice: 0.9122
2026/07/23 13:08:21 - mmengine - INFO - Exp name: fusion_vits_m2f_9999_20260723_101840
2026/07/23 13:08:21 - mmengine - INFO - Iter(train) [14000/80000]  base_lr: 4.3523e-05 lr: 4.3523e-05  eta: 12:05:31  time: 0.6280  data_time: 0.0170  memory: 8426  grad_norm: 65.8492  loss: 16.2245  decode.loss_cls: 0.0062  decode.loss_mask: 0.8674  decode.loss_dice: 0.7381  decode.d0.loss_cls: 0.0967  decode.d0.loss_mask: 0.8687  decode.d0.loss_dice: 0.7506  decode.d1.loss_cls: 0.0190  decode.d1.loss_mask: 0.8635  decode.d1.loss_dice: 0.7410  decode.d2.loss_cls: 0.0075  decode.d2.loss_mask: 0.8621  decode.d2.loss_dice: 0.7353  decode.d3.loss_cls: 0.0068  decode.d3.loss_mask: 0.8623  decode.d3.loss_dice: 0.7369  decode.d4.loss_cls: 0.0090  decode.d4.loss_mask: 0.8607  decode.d4.loss_dice: 0.7343  decode.d5.loss_cls: 0.0092  decode.d5.loss_mask: 0.8688  decode.d5.loss_dice: 0.7470  decode.d6.loss_cls: 0.0069  decode.d6.loss_mask: 0.8679  decode.d6.loss_dice: 0.7335  decode.d7.loss_cls: 0.0083  decode.d7.loss_mask: 0.8670  decode.d7.loss_dice: 0.7389  decode.d8.loss_cls: 0.0068  decode.d8.loss_mask: 0.8659  decode.d8.loss_dice: 0.7380
2026/07/23 13:08:21 - mmengine - INFO - Saving checkpoint at 14000 iterations
2026/07/23 13:09:08 - mmengine - INFO - Iter(val) [100/504]    eta: 0:01:29  time: 0.2089  data_time: 0.0087  memory: 3244  
2026/07/23 13:09:28 - mmengine - INFO - Iter(val) [200/504]    eta: 0:01:04  time: 0.2040  data_time: 0.0079  memory: 3244  
2026/07/23 13:09:49 - mmengine - INFO - Iter(val) [300/504]    eta: 0:00:43  time: 0.2050  data_time: 0.0081  memory: 3244  
2026/07/23 13:10:10 - mmengine - INFO - Iter(val) [400/504]    eta: 0:00:21  time: 0.2081  data_time: 0.0088  memory: 3244  
2026/07/23 13:10:30 - mmengine - INFO - Iter(val) [500/504]    eta: 0:00:00  time: 0.2082  data_time: 0.0084  memory: 3244  
2026/07/23 13:10:34 - mmengine - INFO - per class results:
2026/07/23 13:10:34 - mmengine - INFO - 
+--------------------+-------+-------+--------+-----------+--------+
|       Class        |  IoU  |  Acc  | Fscore | Precision | Recall |
+--------------------+-------+-------+--------+-----------+--------+
| impervious_surface |  87.2 | 91.74 | 93.16  |   94.63   | 91.74  |
|      building      | 95.15 | 96.53 | 97.52  |   98.52   | 96.53  |
|   low_vegetation   | 79.89 |  88.7 | 88.82  |   88.95   |  88.7  |
|        tree        |  82.3 | 93.03 | 90.29  |    87.7   | 93.03  |
|        car         | 93.99 | 95.24 |  96.9  |   98.62   | 95.24  |
+--------------------+-------+-------+--------+-----------+--------+
2026/07/23 13:10:34 - mmengine - INFO - Iter(val) [504/504]    aAcc: 92.4700  mIoU: 87.7100  mAcc: 93.0500  mFscore: 93.3400  mPrecision: 93.6800  mRecall: 93.0500  data_time: 0.0110  time: 0.2093
2026/07/23 13:10:34 - mmengine - INFO - The previous best checkpoint /mnt/qh2-nas3/00-model/00-fb/fusion_potsdam/work_dirs/fusion_vits_m2f_9999/best_mIoU_iter_10000.pth is removed
2026/07/23 13:11:09 - mmengine - INFO - The best checkpoint with 87.7100 mIoU at 14000 iter is saved to best_mIoU_iter_14000.pth.
2026/07/23 13:12:42 - mmengine - INFO - Iter(train) [14100/80000]  base_lr: 4.3464e-05 lr: 4.3464e-05  eta: 12:09:26  time: 0.6446  data_time: 0.0181  memory: 8435  grad_norm: 65.6987  loss: 18.7285  decode.loss_cls: 0.0593  decode.loss_mask: 1.0116  decode.loss_dice: 0.7939  decode.d0.loss_cls: 0.0908  decode.d0.loss_mask: 1.0404  decode.d0.loss_dice: 0.8180  decode.d1.loss_cls: 0.0592  decode.d1.loss_mask: 1.0106  decode.d1.loss_dice: 0.8055  decode.d2.loss_cls: 0.0502  decode.d2.loss_mask: 1.0214  decode.d2.loss_dice: 0.8007  decode.d3.loss_cls: 0.0579  decode.d3.loss_mask: 1.0058  decode.d3.loss_dice: 0.7889  decode.d4.loss_cls: 0.0517  decode.d4.loss_mask: 1.0010  decode.d4.loss_dice: 0.7965  decode.d5.loss_cls: 0.0527  decode.d5.loss_mask: 1.0059  decode.d5.loss_dice: 0.8017  decode.d6.loss_cls: 0.0497  decode.d6.loss_mask: 1.0231  decode.d6.loss_dice: 0.7954  decode.d7.loss_cls: 0.0512  decode.d7.loss_mask: 1.0126  decode.d7.loss_dice: 0.7975  decode.d8.loss_cls: 0.0573  decode.d8.loss_mask: 1.0227  decode.d8.loss_dice: 0.7954
2026/07/23 13:13:45 - mmengine - INFO - Iter(train) [14200/80000]  base_lr: 4.3405e-05 lr: 4.3405e-05  eta: 12:08:05  time: 0.6276  data_time: 0.0176  memory: 8435  grad_norm: 66.1075  loss: 18.2879  decode.loss_cls: 0.0247  decode.loss_mask: 0.9332  decode.loss_dice: 0.8498  decode.d0.loss_cls: 0.1020  decode.d0.loss_mask: 0.9760  decode.d0.loss_dice: 0.8573  decode.d1.loss_cls: 0.0319  decode.d1.loss_mask: 0.9483  decode.d1.loss_dice: 0.8534  decode.d2.loss_cls: 0.0345  decode.d2.loss_mask: 0.9373  decode.d2.loss_dice: 0.8519  decode.d3.loss_cls: 0.0358  decode.d3.loss_mask: 0.9323  decode.d3.loss_dice: 0.8554  decode.d4.loss_cls: 0.0360  decode.d4.loss_mask: 0.9310  decode.d4.loss_dice: 0.8538  decode.d5.loss_cls: 0.0305  decode.d5.loss_mask: 0.9297  decode.d5.loss_dice: 0.8558  decode.d6.loss_cls: 0.0254  decode.d6.loss_mask: 0.9318  decode.d6.loss_dice: 0.8536  decode.d7.loss_cls: 0.0235  decode.d7.loss_mask: 0.9326  decode.d7.loss_dice: 0.8532  decode.d8.loss_cls: 0.0229  decode.d8.loss_mask: 0.9354  decode.d8.loss_dice: 0.8489
2026/07/23 13:14:50 - mmengine - INFO - Iter(train) [14300/80000]  base_lr: 4.3345e-05 lr: 4.3345e-05  eta: 12:06:52  time: 0.6292  data_time: 0.0180  memory: 8426  grad_norm: 71.7037  loss: 15.4601  decode.loss_cls: 0.0313  decode.loss_mask: 0.7693  decode.loss_dice: 0.7183  decode.d0.loss_cls: 0.1239  decode.d0.loss_mask: 0.8192  decode.d0.loss_dice: 0.8004  decode.d1.loss_cls: 0.0447  decode.d1.loss_mask: 0.7766  decode.d1.loss_dice: 0.7460  decode.d2.loss_cls: 0.0342  decode.d2.loss_mask: 0.7647  decode.d2.loss_dice: 0.7235  decode.d3.loss_cls: 0.0311  decode.d3.loss_mask: 0.7660  decode.d3.loss_dice: 0.7275  decode.d4.loss_cls: 0.0287  decode.d4.loss_mask: 0.7626  decode.d4.loss_dice: 0.7093  decode.d5.loss_cls: 0.0291  decode.d5.loss_mask: 0.7612  decode.d5.loss_dice: 0.7286  decode.d6.loss_cls: 0.0299  decode.d6.loss_mask: 0.7644  decode.d6.loss_dice: 0.7206  decode.d7.loss_cls: 0.0317  decode.d7.loss_mask: 0.7704  decode.d7.loss_dice: 0.7222  decode.d8.loss_cls: 0.0286  decode.d8.loss_mask: 0.7711  decode.d8.loss_dice: 0.7250
2026/07/23 13:15:52 - mmengine - INFO - Iter(train) [14400/80000]  base_lr: 4.3286e-05 lr: 4.3286e-05  eta: 12:05:29  time: 0.6217  data_time: 0.0183  memory: 8435  grad_norm: 76.8878  loss: 18.1250  decode.loss_cls: 0.0841  decode.loss_mask: 0.9113  decode.loss_dice: 0.7710  decode.d0.loss_cls: 0.1468  decode.d0.loss_mask: 1.0408  decode.d0.loss_dice: 0.9205  decode.d1.loss_cls: 0.0896  decode.d1.loss_mask: 0.9371  decode.d1.loss_dice: 0.7883  decode.d2.loss_cls: 0.0886  decode.d2.loss_mask: 0.9282  decode.d2.loss_dice: 0.7830  decode.d3.loss_cls: 0.0754  decode.d3.loss_mask: 0.9297  decode.d3.loss_dice: 0.7727  decode.d4.loss_cls: 0.0729  decode.d4.loss_mask: 0.9276  decode.d4.loss_dice: 0.7988  decode.d5.loss_cls: 0.0725  decode.d5.loss_mask: 0.9138  decode.d5.loss_dice: 0.7801  decode.d6.loss_cls: 0.0910  decode.d6.loss_mask: 0.9084  decode.d6.loss_dice: 0.7822  decode.d7.loss_cls: 0.0910  decode.d7.loss_mask: 0.9050  decode.d7.loss_dice: 0.7560  decode.d8.loss_cls: 0.0886  decode.d8.loss_mask: 0.9083  decode.d8.loss_dice: 0.7617
2026/07/23 13:16:55 - mmengine - INFO - Iter(train) [14500/80000]  base_lr: 4.3227e-05 lr: 4.3227e-05  eta: 12:04:06  time: 0.6136  data_time: 0.0164  memory: 8435  grad_norm: 75.4711  loss: 17.0527  decode.loss_cls: 0.0718  decode.loss_mask: 0.8548  decode.loss_dice: 0.7549  decode.d0.loss_cls: 0.1471  decode.d0.loss_mask: 0.9052  decode.d0.loss_dice: 0.8270  decode.d1.loss_cls: 0.0951  decode.d1.loss_mask: 0.8736  decode.d1.loss_dice: 0.7640  decode.d2.loss_cls: 0.0832  decode.d2.loss_mask: 0.8725  decode.d2.loss_dice: 0.7596  decode.d3.loss_cls: 0.0782  decode.d3.loss_mask: 0.8555  decode.d3.loss_dice: 0.7416  decode.d4.loss_cls: 0.0855  decode.d4.loss_mask: 0.8582  decode.d4.loss_dice: 0.7344  decode.d5.loss_cls: 0.0790  decode.d5.loss_mask: 0.8545  decode.d5.loss_dice: 0.7372  decode.d6.loss_cls: 0.0631  decode.d6.loss_mask: 0.8532  decode.d6.loss_dice: 0.7590  decode.d7.loss_cls: 0.0614  decode.d7.loss_mask: 0.8552  decode.d7.loss_dice: 0.7474  decode.d8.loss_cls: 0.0606  decode.d8.loss_mask: 0.8612  decode.d8.loss_dice: 0.7587
2026/07/23 13:17:58 - mmengine - INFO - Iter(train) [14600/80000]  base_lr: 4.3167e-05 lr: 4.3167e-05  eta: 12:02:42  time: 0.6137  data_time: 0.0167  memory: 8435  grad_norm: 68.1730  loss: 17.5897  decode.loss_cls: 0.0622  decode.loss_mask: 0.8525  decode.loss_dice: 0.8203  decode.d0.loss_cls: 0.1285  decode.d0.loss_mask: 0.9334  decode.d0.loss_dice: 0.8945  decode.d1.loss_cls: 0.0822  decode.d1.loss_mask: 0.8605  decode.d1.loss_dice: 0.8392  decode.d2.loss_cls: 0.0773  decode.d2.loss_mask: 0.8485  decode.d2.loss_dice: 0.8273  decode.d3.loss_cls: 0.0639  decode.d3.loss_mask: 0.8470  decode.d3.loss_dice: 0.8166  decode.d4.loss_cls: 0.0761  decode.d4.loss_mask: 0.8475  decode.d4.loss_dice: 0.8153  decode.d5.loss_cls: 0.0572  decode.d5.loss_mask: 0.8445  decode.d5.loss_dice: 0.8179  decode.d6.loss_cls: 0.0609  decode.d6.loss_mask: 0.8454  decode.d6.loss_dice: 0.8101  decode.d7.loss_cls: 0.0701  decode.d7.loss_mask: 0.8560  decode.d7.loss_dice: 0.8087  decode.d8.loss_cls: 0.0580  decode.d8.loss_mask: 0.8495  decode.d8.loss_dice: 0.8188
2026/07/23 13:19:03 - mmengine - INFO - Iter(train) [14700/80000]  base_lr: 4.3108e-05 lr: 4.3108e-05  eta: 12:01:31  time: 0.6131  data_time: 0.0156  memory: 8435  grad_norm: 80.6726  loss: 16.5277  decode.loss_cls: 0.0289  decode.loss_mask: 0.9442  decode.loss_dice: 0.6604  decode.d0.loss_cls: 0.1303  decode.d0.loss_mask: 0.9593  decode.d0.loss_dice: 0.7013  decode.d1.loss_cls: 0.0316  decode.d1.loss_mask: 0.9439  decode.d1.loss_dice: 0.6690  decode.d2.loss_cls: 0.0304  decode.d2.loss_mask: 0.9443  decode.d2.loss_dice: 0.6610  decode.d3.loss_cls: 0.0232  decode.d3.loss_mask: 0.9528  decode.d3.loss_dice: 0.6625  decode.d4.loss_cls: 0.0311  decode.d4.loss_mask: 0.9290  decode.d4.loss_dice: 0.6651  decode.d5.loss_cls: 0.0317  decode.d5.loss_mask: 0.9336  decode.d5.loss_dice: 0.6662  decode.d6.loss_cls: 0.0212  decode.d6.loss_mask: 0.9604  decode.d6.loss_dice: 0.6617  decode.d7.loss_cls: 0.0201  decode.d7.loss_mask: 0.9626  decode.d7.loss_dice: 0.6571  decode.d8.loss_cls: 0.0295  decode.d8.loss_mask: 0.9533  decode.d8.loss_dice: 0.6617
2026/07/23 13:20:05 - mmengine - INFO - Iter(train) [14800/80000]  base_lr: 4.3048e-05 lr: 4.3048e-05  eta: 12:00:06  time: 0.6188  data_time: 0.0165  memory: 8426  grad_norm: 84.3468  loss: 20.3446  decode.loss_cls: 0.0229  decode.loss_mask: 1.1357  decode.loss_dice: 0.8718  decode.d0.loss_cls: 0.1541  decode.d0.loss_mask: 1.1582  decode.d0.loss_dice: 0.8940  decode.d1.loss_cls: 0.0598  decode.d1.loss_mask: 1.1331  decode.d1.loss_dice: 0.8674  decode.d2.loss_cls: 0.0463  decode.d2.loss_mask: 1.1338  decode.d2.loss_dice: 0.8423  decode.d3.loss_cls: 0.0329  decode.d3.loss_mask: 1.1305  decode.d3.loss_dice: 0.8364  decode.d4.loss_cls: 0.0258  decode.d4.loss_mask: 1.1372  decode.d4.loss_dice: 0.8353  decode.d5.loss_cls: 0.0294  decode.d5.loss_mask: 1.1314  decode.d5.loss_dice: 0.8422  decode.d6.loss_cls: 0.0195  decode.d6.loss_mask: 1.1295  decode.d6.loss_dice: 0.8490  decode.d7.loss_cls: 0.0201  decode.d7.loss_mask: 1.1291  decode.d7.loss_dice: 0.8532  decode.d8.loss_cls: 0.0258  decode.d8.loss_mask: 1.1306  decode.d8.loss_dice: 0.8673
2026/07/23 13:21:07 - mmengine - INFO - Iter(train) [14900/80000]  base_lr: 4.2989e-05 lr: 4.2989e-05  eta: 11:58:40  time: 0.6214  data_time: 0.0163  memory: 8435  grad_norm: 56.8367  loss: 15.1010  decode.loss_cls: 0.0380  decode.loss_mask: 0.7896  decode.loss_dice: 0.6563  decode.d0.loss_cls: 0.1075  decode.d0.loss_mask: 0.8339  decode.d0.loss_dice: 0.7031  decode.d1.loss_cls: 0.0522  decode.d1.loss_mask: 0.8011  decode.d1.loss_dice: 0.6823  decode.d2.loss_cls: 0.0489  decode.d2.loss_mask: 0.7900  decode.d2.loss_dice: 0.6548  decode.d3.loss_cls: 0.0380  decode.d3.loss_mask: 0.8037  decode.d3.loss_dice: 0.6656  decode.d4.loss_cls: 0.0304  decode.d4.loss_mask: 0.8003  decode.d4.loss_dice: 0.6700  decode.d5.loss_cls: 0.0315  decode.d5.loss_mask: 0.7941  decode.d5.loss_dice: 0.6662  decode.d6.loss_cls: 0.0334  decode.d6.loss_mask: 0.7931  decode.d6.loss_dice: 0.6588  decode.d7.loss_cls: 0.0357  decode.d7.loss_mask: 0.7874  decode.d7.loss_dice: 0.6549  decode.d8.loss_cls: 0.0376  decode.d8.loss_mask: 0.7847  decode.d8.loss_dice: 0.6581
2026/07/23 13:22:08 - mmengine - INFO - Exp name: fusion_vits_m2f_9999_20260723_101840
2026/07/23 13:22:08 - mmengine - INFO - Iter(train) [15000/80000]  base_lr: 4.2929e-05 lr: 4.2929e-05  eta: 11:57:14  time: 0.6205  data_time: 0.0177  memory: 8435  grad_norm: 44.5609  loss: 9.5378  decode.loss_cls: 0.0243  decode.loss_mask: 0.4713  decode.loss_dice: 0.4427  decode.d0.loss_cls: 0.0915  decode.d0.loss_mask: 0.4889  decode.d0.loss_dice: 0.5043  decode.d1.loss_cls: 0.0419  decode.d1.loss_mask: 0.4801  decode.d1.loss_dice: 0.4529  decode.d2.loss_cls: 0.0244  decode.d2.loss_mask: 0.4768  decode.d2.loss_dice: 0.4387  decode.d3.loss_cls: 0.0217  decode.d3.loss_mask: 0.4764  decode.d3.loss_dice: 0.4515  decode.d4.loss_cls: 0.0137  decode.d4.loss_mask: 0.4796  decode.d4.loss_dice: 0.4387  decode.d5.loss_cls: 0.0129  decode.d5.loss_mask: 0.4839  decode.d5.loss_dice: 0.4361  decode.d6.loss_cls: 0.0199  decode.d6.loss_mask: 0.4776  decode.d6.loss_dice: 0.4369  decode.d7.loss_cls: 0.0230  decode.d7.loss_mask: 0.4782  decode.d7.loss_dice: 0.4208  decode.d8.loss_cls: 0.0190  decode.d8.loss_mask: 0.4710  decode.d8.loss_dice: 0.4390
2026/07/23 13:23:11 - mmengine - INFO - Iter(train) [15100/80000]  base_lr: 4.2870e-05 lr: 4.2870e-05  eta: 11:55:54  time: 0.7378  data_time: 0.0237  memory: 8435  grad_norm: 57.1142  loss: 13.6909  decode.loss_cls: 0.0415  decode.loss_mask: 0.7376  decode.loss_dice: 0.5578  decode.d0.loss_cls: 0.1785  decode.d0.loss_mask: 0.8233  decode.d0.loss_dice: 0.6197  decode.d1.loss_cls: 0.0349  decode.d1.loss_mask: 0.7381  decode.d1.loss_dice: 0.5757  decode.d2.loss_cls: 0.0420  decode.d2.loss_mask: 0.7308  decode.d2.loss_dice: 0.5686  decode.d3.loss_cls: 0.0433  decode.d3.loss_mask: 0.7371  decode.d3.loss_dice: 0.5694  decode.d4.loss_cls: 0.0220  decode.d4.loss_mask: 0.7410  decode.d4.loss_dice: 0.5748  decode.d5.loss_cls: 0.0423  decode.d5.loss_mask: 0.7343  decode.d5.loss_dice: 0.5622  decode.d6.loss_cls: 0.0405  decode.d6.loss_mask: 0.7384  decode.d6.loss_dice: 0.5626  decode.d7.loss_cls: 0.0405  decode.d7.loss_mask: 0.7351  decode.d7.loss_dice: 0.5586  decode.d8.loss_cls: 0.0419  decode.d8.loss_mask: 0.7403  decode.d8.loss_dice: 0.5580
2026/07/23 13:24:17 - mmengine - INFO - Iter(train) [15200/80000]  base_lr: 4.2811e-05 lr: 4.2811e-05  eta: 11:54:44  time: 0.6132  data_time: 0.0165  memory: 8426  grad_norm: 79.7850  loss: 14.4326  decode.loss_cls: 0.0239  decode.loss_mask: 0.7298  decode.loss_dice: 0.6580  decode.d0.loss_cls: 0.1161  decode.d0.loss_mask: 0.7923  decode.d0.loss_dice: 0.7346  decode.d1.loss_cls: 0.0675  decode.d1.loss_mask: 0.7354  decode.d1.loss_dice: 0.6505  decode.d2.loss_cls: 0.0460  decode.d2.loss_mask: 0.7408  decode.d2.loss_dice: 0.6449  decode.d3.loss_cls: 0.0252  decode.d3.loss_mask: 0.7424  decode.d3.loss_dice: 0.6569  decode.d4.loss_cls: 0.0333  decode.d4.loss_mask: 0.7341  decode.d4.loss_dice: 0.6413  decode.d5.loss_cls: 0.0288  decode.d5.loss_mask: 0.7366  decode.d5.loss_dice: 0.6512  decode.d6.loss_cls: 0.0218  decode.d6.loss_mask: 0.7326  decode.d6.loss_dice: 0.6639  decode.d7.loss_cls: 0.0262  decode.d7.loss_mask: 0.7307  decode.d7.loss_dice: 0.6558  decode.d8.loss_cls: 0.0279  decode.d8.loss_mask: 0.7249  decode.d8.loss_dice: 0.6592
2026/07/23 13:25:19 - mmengine - INFO - Iter(train) [15300/80000]  base_lr: 4.2751e-05 lr: 4.2751e-05  eta: 11:53:21  time: 0.6324  data_time: 0.0177  memory: 8435  grad_norm: 65.8522  loss: 16.7396  decode.loss_cls: 0.0083  decode.loss_mask: 0.9340  decode.loss_dice: 0.7174  decode.d0.loss_cls: 0.1013  decode.d0.loss_mask: 0.9780  decode.d0.loss_dice: 0.7405  decode.d1.loss_cls: 0.0206  decode.d1.loss_mask: 0.9351  decode.d1.loss_dice: 0.7192  decode.d2.loss_cls: 0.0137  decode.d2.loss_mask: 0.9342  decode.d2.loss_dice: 0.7081  decode.d3.loss_cls: 0.0075  decode.d3.loss_mask: 0.9433  decode.d3.loss_dice: 0.7004  decode.d4.loss_cls: 0.0084  decode.d4.loss_mask: 0.9312  decode.d4.loss_dice: 0.7021  decode.d5.loss_cls: 0.0088  decode.d5.loss_mask: 0.9320  decode.d5.loss_dice: 0.7086  decode.d6.loss_cls: 0.0101  decode.d6.loss_mask: 0.9327  decode.d6.loss_dice: 0.7152  decode.d7.loss_cls: 0.0090  decode.d7.loss_mask: 0.9389  decode.d7.loss_dice: 0.7154  decode.d8.loss_cls: 0.0118  decode.d8.loss_mask: 0.9374  decode.d8.loss_dice: 0.7165
2026/07/23 13:26:22 - mmengine - INFO - Iter(train) [15400/80000]  base_lr: 4.2692e-05 lr: 4.2692e-05  eta: 11:52:04  time: 0.6278  data_time: 0.0196  memory: 8435  grad_norm: 38.4253  loss: 9.3211  decode.loss_cls: 0.0181  decode.loss_mask: 0.4807  decode.loss_dice: 0.4141  decode.d0.loss_cls: 0.1150  decode.d0.loss_mask: 0.5103  decode.d0.loss_dice: 0.4554  decode.d1.loss_cls: 0.0442  decode.d1.loss_mask: 0.4800  decode.d1.loss_dice: 0.4050  decode.d2.loss_cls: 0.0164  decode.d2.loss_mask: 0.4808  decode.d2.loss_dice: 0.4208  decode.d3.loss_cls: 0.0179  decode.d3.loss_mask: 0.4797  decode.d3.loss_dice: 0.4123  decode.d4.loss_cls: 0.0217  decode.d4.loss_mask: 0.4810  decode.d4.loss_dice: 0.4142  decode.d5.loss_cls: 0.0202  decode.d5.loss_mask: 0.4791  decode.d5.loss_dice: 0.4121  decode.d6.loss_cls: 0.0178  decode.d6.loss_mask: 0.4786  decode.d6.loss_dice: 0.4139  decode.d7.loss_cls: 0.0211  decode.d7.loss_mask: 0.4803  decode.d7.loss_dice: 0.4129  decode.d8.loss_cls: 0.0309  decode.d8.loss_mask: 0.4780  decode.d8.loss_dice: 0.4087
2026/07/23 13:27:24 - mmengine - INFO - Iter(train) [15500/80000]  base_lr: 4.2632e-05 lr: 4.2632e-05  eta: 11:50:40  time: 0.6282  data_time: 0.0174  memory: 8435  grad_norm: 72.4011  loss: 16.7046  decode.loss_cls: 0.0524  decode.loss_mask: 0.8514  decode.loss_dice: 0.7304  decode.d0.loss_cls: 0.1008  decode.d0.loss_mask: 0.8968  decode.d0.loss_dice: 0.7670  decode.d1.loss_cls: 0.0684  decode.d1.loss_mask: 0.8548  decode.d1.loss_dice: 0.7645  decode.d2.loss_cls: 0.0633  decode.d2.loss_mask: 0.8537  decode.d2.loss_dice: 0.7632  decode.d3.loss_cls: 0.0650  decode.d3.loss_mask: 0.8546  decode.d3.loss_dice: 0.7533  decode.d4.loss_cls: 0.0620  decode.d4.loss_mask: 0.8515  decode.d4.loss_dice: 0.7476  decode.d5.loss_cls: 0.0577  decode.d5.loss_mask: 0.8530  decode.d5.loss_dice: 0.7471  decode.d6.loss_cls: 0.0574  decode.d6.loss_mask: 0.8564  decode.d6.loss_dice: 0.7518  decode.d7.loss_cls: 0.0554  decode.d7.loss_mask: 0.8490  decode.d7.loss_dice: 0.7276  decode.d8.loss_cls: 0.0536  decode.d8.loss_mask: 0.8461  decode.d8.loss_dice: 0.7488
2026/07/23 13:28:30 - mmengine - INFO - Iter(train) [15600/80000]  base_lr: 4.2573e-05 lr: 4.2573e-05  eta: 11:49:32  time: 0.6228  data_time: 0.0170  memory: 8435  grad_norm: 78.7210  loss: 19.4639  decode.loss_cls: 0.0127  decode.loss_mask: 1.0518  decode.loss_dice: 0.8632  decode.d0.loss_cls: 0.1177  decode.d0.loss_mask: 1.0863  decode.d0.loss_dice: 0.8580  decode.d1.loss_cls: 0.0281  decode.d1.loss_mask: 1.0657  decode.d1.loss_dice: 0.8704  decode.d2.loss_cls: 0.0117  decode.d2.loss_mask: 1.0832  decode.d2.loss_dice: 0.8574  decode.d3.loss_cls: 0.0101  decode.d3.loss_mask: 1.0630  decode.d3.loss_dice: 0.8644  decode.d4.loss_cls: 0.0091  decode.d4.loss_mask: 1.0540  decode.d4.loss_dice: 0.8642  decode.d5.loss_cls: 0.0103  decode.d5.loss_mask: 1.0491  decode.d5.loss_dice: 0.8674  decode.d6.loss_cls: 0.0085  decode.d6.loss_mask: 1.0473  decode.d6.loss_dice: 0.8566  decode.d7.loss_cls: 0.0124  decode.d7.loss_mask: 1.0560  decode.d7.loss_dice: 0.8591  decode.d8.loss_cls: 0.0139  decode.d8.loss_mask: 1.0546  decode.d8.loss_dice: 0.8575
2026/07/23 13:29:32 - mmengine - INFO - Iter(train) [15700/80000]  base_lr: 4.2513e-05 lr: 4.2513e-05  eta: 11:48:09  time: 0.6157  data_time: 0.0174  memory: 8426  grad_norm: 73.8641  loss: 16.5548  decode.loss_cls: 0.0201  decode.loss_mask: 0.9161  decode.loss_dice: 0.7017  decode.d0.loss_cls: 0.1096  decode.d0.loss_mask: 0.9349  decode.d0.loss_dice: 0.7447  decode.d1.loss_cls: 0.0358  decode.d1.loss_mask: 0.9118  decode.d1.loss_dice: 0.7130  decode.d2.loss_cls: 0.0222  decode.d2.loss_mask: 0.9114  decode.d2.loss_dice: 0.7153  decode.d3.loss_cls: 0.0145  decode.d3.loss_mask: 0.9115  decode.d3.loss_dice: 0.7045  decode.d4.loss_cls: 0.0128  decode.d4.loss_mask: 0.9180  decode.d4.loss_dice: 0.7059  decode.d5.loss_cls: 0.0136  decode.d5.loss_mask: 0.9190  decode.d5.loss_dice: 0.7060  decode.d6.loss_cls: 0.0146  decode.d6.loss_mask: 0.9204  decode.d6.loss_dice: 0.6970  decode.d7.loss_cls: 0.0162  decode.d7.loss_mask: 0.9176  decode.d7.loss_dice: 0.7042  decode.d8.loss_cls: 0.0183  decode.d8.loss_mask: 0.9198  decode.d8.loss_dice: 0.7042
2026/07/23 13:30:34 - mmengine - INFO - Iter(train) [15800/80000]  base_lr: 4.2454e-05 lr: 4.2454e-05  eta: 11:46:48  time: 0.6494  data_time: 0.0189  memory: 8435  grad_norm: 65.9996  loss: 17.3504  decode.loss_cls: 0.0168  decode.loss_mask: 0.9127  decode.loss_dice: 0.7929  decode.d0.loss_cls: 0.0892  decode.d0.loss_mask: 0.9608  decode.d0.loss_dice: 0.8100  decode.d1.loss_cls: 0.0339  decode.d1.loss_mask: 0.9169  decode.d1.loss_dice: 0.7886  decode.d2.loss_cls: 0.0254  decode.d2.loss_mask: 0.9107  decode.d2.loss_dice: 0.7851  decode.d3.loss_cls: 0.0164  decode.d3.loss_mask: 0.9081  decode.d3.loss_dice: 0.7871  decode.d4.loss_cls: 0.0166  decode.d4.loss_mask: 0.9056  decode.d4.loss_dice: 0.7824  decode.d5.loss_cls: 0.0163  decode.d5.loss_mask: 0.9094  decode.d5.loss_dice: 0.7958  decode.d6.loss_cls: 0.0164  decode.d6.loss_mask: 0.9156  decode.d6.loss_dice: 0.7922  decode.d7.loss_cls: 0.0179  decode.d7.loss_mask: 0.9126  decode.d7.loss_dice: 0.7961  decode.d8.loss_cls: 0.0168  decode.d8.loss_mask: 0.9105  decode.d8.loss_dice: 0.7918
2026/07/23 13:31:38 - mmengine - INFO - Iter(train) [15900/80000]  base_lr: 4.2394e-05 lr: 4.2394e-05  eta: 11:45:31  time: 0.6249  data_time: 0.0167  memory: 8435  grad_norm: 88.0400  loss: 16.8812  decode.loss_cls: 0.0210  decode.loss_mask: 0.8396  decode.loss_dice: 0.8050  decode.d0.loss_cls: 0.0962  decode.d0.loss_mask: 0.8975  decode.d0.loss_dice: 0.8548  decode.d1.loss_cls: 0.0475  decode.d1.loss_mask: 0.8480  decode.d1.loss_dice: 0.7989  decode.d2.loss_cls: 0.0306  decode.d2.loss_mask: 0.8416  decode.d2.loss_dice: 0.8019  decode.d3.loss_cls: 0.0337  decode.d3.loss_mask: 0.8356  decode.d3.loss_dice: 0.8174  decode.d4.loss_cls: 0.0301  decode.d4.loss_mask: 0.8363  decode.d4.loss_dice: 0.7940  decode.d5.loss_cls: 0.0367  decode.d5.loss_mask: 0.8286  decode.d5.loss_dice: 0.7884  decode.d6.loss_cls: 0.0439  decode.d6.loss_mask: 0.8249  decode.d6.loss_dice: 0.7835  decode.d7.loss_cls: 0.0334  decode.d7.loss_mask: 0.8293  decode.d7.loss_dice: 0.8103  decode.d8.loss_cls: 0.0364  decode.d8.loss_mask: 0.8284  decode.d8.loss_dice: 0.8079
2026/07/23 13:32:41 - mmengine - INFO - Exp name: fusion_vits_m2f_9999_20260723_101840
2026/07/23 13:32:41 - mmengine - INFO - Iter(train) [16000/80000]  base_lr: 4.2335e-05 lr: 4.2335e-05  eta: 11:44:13  time: 0.6280  data_time: 0.0176  memory: 8426  grad_norm: 66.8180  loss: 13.0371  decode.loss_cls: 0.0242  decode.loss_mask: 0.6358  decode.loss_dice: 0.5998  decode.d0.loss_cls: 0.1461  decode.d0.loss_mask: 0.7231  decode.d0.loss_dice: 0.6858  decode.d1.loss_cls: 0.0713  decode.d1.loss_mask: 0.6512  decode.d1.loss_dice: 0.6067  decode.d2.loss_cls: 0.0582  decode.d2.loss_mask: 0.6403  decode.d2.loss_dice: 0.5912  decode.d3.loss_cls: 0.0349  decode.d3.loss_mask: 0.6339  decode.d3.loss_dice: 0.6011  decode.d4.loss_cls: 0.0413  decode.d4.loss_mask: 0.6327  decode.d4.loss_dice: 0.6069  decode.d5.loss_cls: 0.0273  decode.d5.loss_mask: 0.6342  decode.d5.loss_dice: 0.6023  decode.d6.loss_cls: 0.0252  decode.d6.loss_mask: 0.6363  decode.d6.loss_dice: 0.5984  decode.d7.loss_cls: 0.0254  decode.d7.loss_mask: 0.6327  decode.d7.loss_dice: 0.6093  decode.d8.loss_cls: 0.0296  decode.d8.loss_mask: 0.6311  decode.d8.loss_dice: 0.6009
2026/07/23 13:32:41 - mmengine - INFO - Saving checkpoint at 16000 iterations
2026/07/23 13:33:30 - mmengine - INFO - Iter(val) [100/504]    eta: 0:01:27  time: 0.2055  data_time: 0.0081  memory: 3244  
2026/07/23 13:33:51 - mmengine - INFO - Iter(val) [200/504]    eta: 0:01:04  time: 0.2086  data_time: 0.0087  memory: 3244  
2026/07/23 13:34:11 - mmengine - INFO - Iter(val) [300/504]    eta: 0:00:42  time: 0.2039  data_time: 0.0076  memory: 3244  
2026/07/23 13:34:32 - mmengine - INFO - Iter(val) [400/504]    eta: 0:00:21  time: 0.2059  data_time: 0.0079  memory: 3244  
2026/07/23 13:34:53 - mmengine - INFO - Iter(val) [500/504]    eta: 0:00:00  time: 0.2068  data_time: 0.0080  memory: 3244  
2026/07/23 13:34:56 - mmengine - INFO - per class results:
2026/07/23 13:34:56 - mmengine - INFO - 
+--------------------+-------+-------+--------+-----------+--------+
|       Class        |  IoU  |  Acc  | Fscore | Precision | Recall |
+--------------------+-------+-------+--------+-----------+--------+
| impervious_surface | 87.22 | 91.27 | 93.17  |   95.16   | 91.27  |
|      building      | 93.36 | 99.12 | 96.56  |   94.13   | 99.12  |
|   low_vegetation   |  79.0 | 90.58 | 88.27  |   86.08   | 90.58  |
|        tree        |  80.8 | 86.44 | 89.38  |   92.53   | 86.44  |
|        car         | 93.04 | 94.47 | 96.39  |   98.39   | 94.47  |
+--------------------+-------+-------+--------+-----------+--------+
2026/07/23 13:34:56 - mmengine - INFO - Iter(val) [504/504]    aAcc: 91.9400  mIoU: 86.6800  mAcc: 92.3800  mFscore: 92.7600  mPrecision: 93.2600  mRecall: 92.3800  data_time: 0.0106  time: 0.2078
2026/07/23 13:35:58 - mmengine - INFO - Iter(train) [16100/80000]  base_lr: 4.2275e-05 lr: 4.2275e-05  eta: 11:43:02  time: 0.6144  data_time: 0.0168  memory: 8435  grad_norm: 102.8556  loss: 20.0316  decode.loss_cls: 0.0823  decode.loss_mask: 1.0102  decode.loss_dice: 0.8447  decode.d0.loss_cls: 0.3838  decode.d0.loss_mask: 1.1422  decode.d0.loss_dice: 1.0322  decode.d1.loss_cls: 0.1371  decode.d1.loss_mask: 1.0389  decode.d1.loss_dice: 0.8384  decode.d2.loss_cls: 0.1122  decode.d2.loss_mask: 1.0222  decode.d2.loss_dice: 0.8325  decode.d3.loss_cls: 0.0920  decode.d3.loss_mask: 0.9990  decode.d3.loss_dice: 0.8265  decode.d4.loss_cls: 0.0997  decode.d4.loss_mask: 0.9990  decode.d4.loss_dice: 0.8199  decode.d5.loss_cls: 0.0887  decode.d5.loss_mask: 1.0100  decode.d5.loss_dice: 0.8410  decode.d6.loss_cls: 0.0881  decode.d6.loss_mask: 1.0073  decode.d6.loss_dice: 0.8312  decode.d7.loss_cls: 0.0869  decode.d7.loss_mask: 1.0065  decode.d7.loss_dice: 0.8288  decode.d8.loss_cls: 0.0614  decode.d8.loss_mask: 1.0214  decode.d8.loss_dice: 0.8477
2026/07/23 13:37:00 - mmengine - INFO - Iter(train) [16200/80000]  base_lr: 4.2216e-05 lr: 4.2216e-05  eta: 11:41:41  time: 0.6159  data_time: 0.0173  memory: 8435  grad_norm: 55.6898  loss: 13.2551  decode.loss_cls: 0.0093  decode.loss_mask: 0.7110  decode.loss_dice: 0.5835  decode.d0.loss_cls: 0.0945  decode.d0.loss_mask: 0.7498  decode.d0.loss_dice: 0.6148  decode.d1.loss_cls: 0.0235  decode.d1.loss_mask: 0.7143  decode.d1.loss_dice: 0.5898  decode.d2.loss_cls: 0.0124  decode.d2.loss_mask: 0.7109  decode.d2.loss_dice: 0.5938  decode.d3.loss_cls: 0.0095  decode.d3.loss_mask: 0.7112  decode.d3.loss_dice: 0.5882  decode.d4.loss_cls: 0.0095  decode.d4.loss_mask: 0.7086  decode.d4.loss_dice: 0.5892  decode.d5.loss_cls: 0.0095  decode.d5.loss_mask: 0.7097  decode.d5.loss_dice: 0.5865  decode.d6.loss_cls: 0.0112  decode.d6.loss_mask: 0.7106  decode.d6.loss_dice: 0.5854  decode.d7.loss_cls: 0.0101  decode.d7.loss_mask: 0.7117  decode.d7.loss_dice: 0.5891  decode.d8.loss_cls: 0.0109  decode.d8.loss_mask: 0.7102  decode.d8.loss_dice: 0.5864
2026/07/23 13:38:03 - mmengine - INFO - Iter(train) [16300/80000]  base_lr: 4.2156e-05 lr: 4.2156e-05  eta: 11:40:20  time: 0.6376  data_time: 0.0169  memory: 8435  grad_norm: 45.7222  loss: 10.6300  decode.loss_cls: 0.0644  decode.loss_mask: 0.4118  decode.loss_dice: 0.5784  decode.d0.loss_cls: 0.1227  decode.d0.loss_mask: 0.4415  decode.d0.loss_dice: 0.6843  decode.d1.loss_cls: 0.0988  decode.d1.loss_mask: 0.4094  decode.d1.loss_dice: 0.5927  decode.d2.loss_cls: 0.0736  decode.d2.loss_mask: 0.4043  decode.d2.loss_dice: 0.5684  decode.d3.loss_cls: 0.0655  decode.d3.loss_mask: 0.4050  decode.d3.loss_dice: 0.5796  decode.d4.loss_cls: 0.0556  decode.d4.loss_mask: 0.4017  decode.d4.loss_dice: 0.5650  decode.d5.loss_cls: 0.0525  decode.d5.loss_mask: 0.3995  decode.d5.loss_dice: 0.5371  decode.d6.loss_cls: 0.0569  decode.d6.loss_mask: 0.4068  decode.d6.loss_dice: 0.5850  decode.d7.loss_cls: 0.0644  decode.d7.loss_mask: 0.4084  decode.d7.loss_dice: 0.5582  decode.d8.loss_cls: 0.0571  decode.d8.loss_mask: 0.4102  decode.d8.loss_dice: 0.5713
2026/07/23 13:39:05 - mmengine - INFO - Iter(train) [16400/80000]  base_lr: 4.2096e-05 lr: 4.2096e-05  eta: 11:39:00  time: 0.6223  data_time: 0.0173  memory: 8435  grad_norm: 63.0194  loss: 13.7761  decode.loss_cls: 0.0191  decode.loss_mask: 0.6744  decode.loss_dice: 0.6527  decode.d0.loss_cls: 0.1285  decode.d0.loss_mask: 0.7202  decode.d0.loss_dice: 0.7174  decode.d1.loss_cls: 0.0357  decode.d1.loss_mask: 0.6774  decode.d1.loss_dice: 0.6745  decode.d2.loss_cls: 0.0222  decode.d2.loss_mask: 0.6762  decode.d2.loss_dice: 0.6654  decode.d3.loss_cls: 0.0175  decode.d3.loss_mask: 0.6750  decode.d3.loss_dice: 0.6533  decode.d4.loss_cls: 0.0128  decode.d4.loss_mask: 0.6816  decode.d4.loss_dice: 0.6579  decode.d5.loss_cls: 0.0205  decode.d5.loss_mask: 0.6774  decode.d5.loss_dice: 0.6534  decode.d6.loss_cls: 0.0142  decode.d6.loss_mask: 0.6827  decode.d6.loss_dice: 0.6555  decode.d7.loss_cls: 0.0182  decode.d7.loss_mask: 0.6779  decode.d7.loss_dice: 0.6548  decode.d8.loss_cls: 0.0115  decode.d8.loss_mask: 0.6852  decode.d8.loss_dice: 0.6629
2026/07/23 13:40:11 - mmengine - INFO - Iter(train) [16500/80000]  base_lr: 4.2037e-05 lr: 4.2037e-05  eta: 11:37:53  time: 0.6404  data_time: 0.0178  memory: 8426  grad_norm: 67.6480  loss: 17.4326  decode.loss_cls: 0.0365  decode.loss_mask: 0.9309  decode.loss_dice: 0.7574  decode.d0.loss_cls: 0.1230  decode.d0.loss_mask: 0.9718  decode.d0.loss_dice: 0.7645  decode.d1.loss_cls: 0.0479  decode.d1.loss_mask: 0.9329  decode.d1.loss_dice: 0.7637  decode.d2.loss_cls: 0.0413  decode.d2.loss_mask: 0.9318  decode.d2.loss_dice: 0.7699  decode.d3.loss_cls: 0.0358  decode.d3.loss_mask: 0.9400  decode.d3.loss_dice: 0.7630  decode.d4.loss_cls: 0.0335  decode.d4.loss_mask: 0.9366  decode.d4.loss_dice: 0.7635  decode.d5.loss_cls: 0.0383  decode.d5.loss_mask: 0.9319  decode.d5.loss_dice: 0.7432  decode.d6.loss_cls: 0.0355  decode.d6.loss_mask: 0.9379  decode.d6.loss_dice: 0.7534  decode.d7.loss_cls: 0.0352  decode.d7.loss_mask: 0.9290  decode.d7.loss_dice: 0.7618  decode.d8.loss_cls: 0.0366  decode.d8.loss_mask: 0.9315  decode.d8.loss_dice: 0.7543
2026/07/23 13:41:13 - mmengine - INFO - Iter(train) [16600/80000]  base_lr: 4.1977e-05 lr: 4.1977e-05  eta: 11:36:32  time: 0.6160  data_time: 0.0169  memory: 8426  grad_norm: 55.7589  loss: 13.7061  decode.loss_cls: 0.0240  decode.loss_mask: 0.7171  decode.loss_dice: 0.6208  decode.d0.loss_cls: 0.0965  decode.d0.loss_mask: 0.7334  decode.d0.loss_dice: 0.6290  decode.d1.loss_cls: 0.0460  decode.d1.loss_mask: 0.7217  decode.d1.loss_dice: 0.6206  decode.d2.loss_cls: 0.0231  decode.d2.loss_mask: 0.7234  decode.d2.loss_dice: 0.6078  decode.d3.loss_cls: 0.0256  decode.d3.loss_mask: 0.7198  decode.d3.loss_dice: 0.6174  decode.d4.loss_cls: 0.0282  decode.d4.loss_mask: 0.7246  decode.d4.loss_dice: 0.6056  decode.d5.loss_cls: 0.0224  decode.d5.loss_mask: 0.7217  decode.d5.loss_dice: 0.6103  decode.d6.loss_cls: 0.0239  decode.d6.loss_mask: 0.7225  decode.d6.loss_dice: 0.6129  decode.d7.loss_cls: 0.0225  decode.d7.loss_mask: 0.7199  decode.d7.loss_dice: 0.6074  decode.d8.loss_cls: 0.0316  decode.d8.loss_mask: 0.7128  decode.d8.loss_dice: 0.6135
2026/07/23 13:42:15 - mmengine - INFO - Iter(train) [16700/80000]  base_lr: 4.1918e-05 lr: 4.1918e-05  eta: 11:35:14  time: 0.6009  data_time: 0.0155  memory: 8435  grad_norm: 64.9908  loss: 14.4736  decode.loss_cls: 0.0059  decode.loss_mask: 0.7830  decode.loss_dice: 0.6445  decode.d0.loss_cls: 0.0639  decode.d0.loss_mask: 0.8156  decode.d0.loss_dice: 0.6620  decode.d1.loss_cls: 0.0137  decode.d1.loss_mask: 0.7898  decode.d1.loss_dice: 0.6499  decode.d2.loss_cls: 0.0065  decode.d2.loss_mask: 0.7907  decode.d2.loss_dice: 0.6474  decode.d3.loss_cls: 0.0058  decode.d3.loss_mask: 0.7836  decode.d3.loss_dice: 0.6398  decode.d4.loss_cls: 0.0057  decode.d4.loss_mask: 0.7841  decode.d4.loss_dice: 0.6355  decode.d5.loss_cls: 0.0071  decode.d5.loss_mask: 0.7831  decode.d5.loss_dice: 0.6465  decode.d6.loss_cls: 0.0074  decode.d6.loss_mask: 0.7835  decode.d6.loss_dice: 0.6461  decode.d7.loss_cls: 0.0063  decode.d7.loss_mask: 0.7816  decode.d7.loss_dice: 0.6451  decode.d8.loss_cls: 0.0066  decode.d8.loss_mask: 0.7839  decode.d8.loss_dice: 0.6493
2026/07/23 13:43:18 - mmengine - INFO - Iter(train) [16800/80000]  base_lr: 4.1858e-05 lr: 4.1858e-05  eta: 11:33:55  time: 0.6170  data_time: 0.0162  memory: 8435  grad_norm: 57.5187  loss: 15.2291  decode.loss_cls: 0.0086  decode.loss_mask: 0.7747  decode.loss_dice: 0.7288  decode.d0.loss_cls: 0.0851  decode.d0.loss_mask: 0.7985  decode.d0.loss_dice: 0.7170  decode.d1.loss_cls: 0.0191  decode.d1.loss_mask: 0.7736  decode.d1.loss_dice: 0.7266  decode.d2.loss_cls: 0.0118  decode.d2.loss_mask: 0.7668  decode.d2.loss_dice: 0.7195  decode.d3.loss_cls: 0.0076  decode.d3.loss_mask: 0.7730  decode.d3.loss_dice: 0.7343  decode.d4.loss_cls: 0.0080  decode.d4.loss_mask: 0.7712  decode.d4.loss_dice: 0.7332  decode.d5.loss_cls: 0.0075  decode.d5.loss_mask: 0.7707  decode.d5.loss_dice: 0.7370  decode.d6.loss_cls: 0.0077  decode.d6.loss_mask: 0.7713  decode.d6.loss_dice: 0.7329  decode.d7.loss_cls: 0.0094  decode.d7.loss_mask: 0.7791  decode.d7.loss_dice: 0.7392  decode.d8.loss_cls: 0.0100  decode.d8.loss_mask: 0.7752  decode.d8.loss_dice: 0.7316
2026/07/23 13:44:21 - mmengine - INFO - Iter(train) [16900/80000]  base_lr: 4.1798e-05 lr: 4.1798e-05  eta: 11:32:38  time: 0.6174  data_time: 0.0169  memory: 8426  grad_norm: 56.0428  loss: 13.2331  decode.loss_cls: 0.0124  decode.loss_mask: 0.6725  decode.loss_dice: 0.6132  decode.d0.loss_cls: 0.1072  decode.d0.loss_mask: 0.6979  decode.d0.loss_dice: 0.6764  decode.d1.loss_cls: 0.0395  decode.d1.loss_mask: 0.6805  decode.d1.loss_dice: 0.6390  decode.d2.loss_cls: 0.0294  decode.d2.loss_mask: 0.6737  decode.d2.loss_dice: 0.6184  decode.d3.loss_cls: 0.0155  decode.d3.loss_mask: 0.6721  decode.d3.loss_dice: 0.6128  decode.d4.loss_cls: 0.0154  decode.d4.loss_mask: 0.6744  decode.d4.loss_dice: 0.6073  decode.d5.loss_cls: 0.0161  decode.d5.loss_mask: 0.6662  decode.d5.loss_dice: 0.6082  decode.d6.loss_cls: 0.0144  decode.d6.loss_mask: 0.6659  decode.d6.loss_dice: 0.6122  decode.d7.loss_cls: 0.0185  decode.d7.loss_mask: 0.6679  decode.d7.loss_dice: 0.6114  decode.d8.loss_cls: 0.0174  decode.d8.loss_mask: 0.6709  decode.d8.loss_dice: 0.6062
2026/07/23 13:45:22 - mmengine - INFO - Exp name: fusion_vits_m2f_9999_20260723_101840
2026/07/23 13:45:22 - mmengine - INFO - Iter(train) [17000/80000]  base_lr: 4.1739e-05 lr: 4.1739e-05  eta: 11:31:16  time: 0.6041  data_time: 0.0168  memory: 8435  grad_norm: 130.7654  loss: 20.6801  decode.loss_cls: 0.0686  decode.loss_mask: 1.0199  decode.loss_dice: 0.9387  decode.d0.loss_cls: 0.1677  decode.d0.loss_mask: 1.1702  decode.d0.loss_dice: 1.0859  decode.d1.loss_cls: 0.0879  decode.d1.loss_mask: 1.0304  decode.d1.loss_dice: 0.9551  decode.d2.loss_cls: 0.0896  decode.d2.loss_mask: 1.0089  decode.d2.loss_dice: 0.9316  decode.d3.loss_cls: 0.0688  decode.d3.loss_mask: 1.0086  decode.d3.loss_dice: 0.9516  decode.d4.loss_cls: 0.0796  decode.d4.loss_mask: 1.0080  decode.d4.loss_dice: 0.9445  decode.d5.loss_cls: 0.0798  decode.d5.loss_mask: 1.0019  decode.d5.loss_dice: 0.9249  decode.d6.loss_cls: 0.0744  decode.d6.loss_mask: 1.0081  decode.d6.loss_dice: 0.9206  decode.d7.loss_cls: 0.0660  decode.d7.loss_mask: 1.0153  decode.d7.loss_dice: 0.9511  decode.d8.loss_cls: 0.0684  decode.d8.loss_mask: 1.0164  decode.d8.loss_dice: 0.9373
2026/07/23 13:46:24 - mmengine - INFO - Iter(train) [17100/80000]  base_lr: 4.1679e-05 lr: 4.1679e-05  eta: 11:29:55  time: 0.6161  data_time: 0.0172  memory: 8435  grad_norm: 73.3209  loss: 13.5335  decode.loss_cls: 0.0592  decode.loss_mask: 0.6764  decode.loss_dice: 0.6095  decode.d0.loss_cls: 0.1358  decode.d0.loss_mask: 0.7224  decode.d0.loss_dice: 0.6799  decode.d1.loss_cls: 0.0703  decode.d1.loss_mask: 0.6837  decode.d1.loss_dice: 0.6057  decode.d2.loss_cls: 0.0574  decode.d2.loss_mask: 0.6848  decode.d2.loss_dice: 0.6005  decode.d3.loss_cls: 0.0551  decode.d3.loss_mask: 0.6734  decode.d3.loss_dice: 0.5999  decode.d4.loss_cls: 0.0498  decode.d4.loss_mask: 0.6709  decode.d4.loss_dice: 0.5885  decode.d5.loss_cls: 0.0512  decode.d5.loss_mask: 0.6761  decode.d5.loss_dice: 0.6063  decode.d6.loss_cls: 0.0467  decode.d6.loss_mask: 0.6728  decode.d6.loss_dice: 0.5964  decode.d7.loss_cls: 0.0549  decode.d7.loss_mask: 0.6763  decode.d7.loss_dice: 0.6005  decode.d8.loss_cls: 0.0487  decode.d8.loss_mask: 0.6752  decode.d8.loss_dice: 0.6053
2026/07/23 13:47:26 - mmengine - INFO - Iter(train) [17200/80000]  base_lr: 4.1620e-05 lr: 4.1620e-05  eta: 11:28:36  time: 0.6056  data_time: 0.0164  memory: 8435  grad_norm: 92.1858  loss: 18.7292  decode.loss_cls: 0.0830  decode.loss_mask: 0.9669  decode.loss_dice: 0.7963  decode.d0.loss_cls: 0.1645  decode.d0.loss_mask: 1.0605  decode.d0.loss_dice: 0.8781  decode.d1.loss_cls: 0.0999  decode.d1.loss_mask: 0.9690  decode.d1.loss_dice: 0.8319  decode.d2.loss_cls: 0.0768  decode.d2.loss_mask: 0.9629  decode.d2.loss_dice: 0.8003  decode.d3.loss_cls: 0.0788  decode.d3.loss_mask: 0.9650  decode.d3.loss_dice: 0.7895  decode.d4.loss_cls: 0.0836  decode.d4.loss_mask: 0.9545  decode.d4.loss_dice: 0.7824  decode.d5.loss_cls: 0.0865  decode.d5.loss_mask: 0.9500  decode.d5.loss_dice: 0.7907  decode.d6.loss_cls: 0.0773  decode.d6.loss_mask: 0.9687  decode.d6.loss_dice: 0.8072  decode.d7.loss_cls: 0.0881  decode.d7.loss_mask: 0.9660  decode.d7.loss_dice: 0.7953  decode.d8.loss_cls: 0.0877  decode.d8.loss_mask: 0.9668  decode.d8.loss_dice: 0.8009
2026/07/23 13:48:31 - mmengine - INFO - Iter(train) [17300/80000]  base_lr: 4.1560e-05 lr: 4.1560e-05  eta: 11:27:28  time: 0.6277  data_time: 0.0164  memory: 8435  grad_norm: 76.8700  loss: 13.2718  decode.loss_cls: 0.0823  decode.loss_mask: 0.6491  decode.loss_dice: 0.5453  decode.d0.loss_cls: 0.1802  decode.d0.loss_mask: 0.7785  decode.d0.loss_dice: 0.6582  decode.d1.loss_cls: 0.0949  decode.d1.loss_mask: 0.6633  decode.d1.loss_dice: 0.5548  decode.d2.loss_cls: 0.0910  decode.d2.loss_mask: 0.6655  decode.d2.loss_dice: 0.5497  decode.d3.loss_cls: 0.0957  decode.d3.loss_mask: 0.6596  decode.d3.loss_dice: 0.5478  decode.d4.loss_cls: 0.0866  decode.d4.loss_mask: 0.6506  decode.d4.loss_dice: 0.5376  decode.d5.loss_cls: 0.0847  decode.d5.loss_mask: 0.6511  decode.d5.loss_dice: 0.5525  decode.d6.loss_cls: 0.0854  decode.d6.loss_mask: 0.6655  decode.d6.loss_dice: 0.5439  decode.d7.loss_cls: 0.0836  decode.d7.loss_mask: 0.6697  decode.d7.loss_dice: 0.5452  decode.d8.loss_cls: 0.0904  decode.d8.loss_mask: 0.6645  decode.d8.loss_dice: 0.5443
2026/07/23 13:49:34 - mmengine - INFO - Iter(train) [17400/80000]  base_lr: 4.1500e-05 lr: 4.1500e-05  eta: 11:26:12  time: 0.6383  data_time: 0.0170  memory: 8426  grad_norm: 58.2921  loss: 15.0902  decode.loss_cls: 0.0188  decode.loss_mask: 0.8219  decode.loss_dice: 0.6474  decode.d0.loss_cls: 0.1021  decode.d0.loss_mask: 0.8640  decode.d0.loss_dice: 0.6810  decode.d1.loss_cls: 0.0306  decode.d1.loss_mask: 0.8219  decode.d1.loss_dice: 0.6517  decode.d2.loss_cls: 0.0200  decode.d2.loss_mask: 0.8273  decode.d2.loss_dice: 0.6403  decode.d3.loss_cls: 0.0168  decode.d3.loss_mask: 0.8272  decode.d3.loss_dice: 0.6570  decode.d4.loss_cls: 0.0141  decode.d4.loss_mask: 0.8240  decode.d4.loss_dice: 0.6500  decode.d5.loss_cls: 0.0168  decode.d5.loss_mask: 0.8219  decode.d5.loss_dice: 0.6546  decode.d6.loss_cls: 0.0171  decode.d6.loss_mask: 0.8214  decode.d6.loss_dice: 0.6564  decode.d7.loss_cls: 0.0045  decode.d7.loss_mask: 0.8225  decode.d7.loss_dice: 0.6708  decode.d8.loss_cls: 0.0043  decode.d8.loss_mask: 0.8176  decode.d8.loss_dice: 0.6663
2026/07/23 13:50:36 - mmengine - INFO - Iter(train) [17500/80000]  base_lr: 4.1441e-05 lr: 4.1441e-05  eta: 11:24:53  time: 0.6177  data_time: 0.0169  memory: 8435  grad_norm: 86.1355  loss: 18.1505  decode.loss_cls: 0.0111  decode.loss_mask: 1.0349  decode.loss_dice: 0.7509  decode.d0.loss_cls: 0.1121  decode.d0.loss_mask: 1.0867  decode.d0.loss_dice: 0.8348  decode.d1.loss_cls: 0.0317  decode.d1.loss_mask: 1.0289  decode.d1.loss_dice: 0.7535  decode.d2.loss_cls: 0.0188  decode.d2.loss_mask: 1.0274  decode.d2.loss_dice: 0.7423  decode.d3.loss_cls: 0.0131  decode.d3.loss_mask: 1.0304  decode.d3.loss_dice: 0.7475  decode.d4.loss_cls: 0.0128  decode.d4.loss_mask: 1.0226  decode.d4.loss_dice: 0.7371  decode.d5.loss_cls: 0.0114  decode.d5.loss_mask: 1.0318  decode.d5.loss_dice: 0.7449  decode.d6.loss_cls: 0.0119  decode.d6.loss_mask: 1.0277  decode.d6.loss_dice: 0.7390  decode.d7.loss_cls: 0.0131  decode.d7.loss_mask: 1.0389  decode.d7.loss_dice: 0.7436  decode.d8.loss_cls: 0.0130  decode.d8.loss_mask: 1.0341  decode.d8.loss_dice: 0.7446
2026/07/23 13:51:42 - mmengine - INFO - Iter(train) [17600/80000]  base_lr: 4.1381e-05 lr: 4.1381e-05  eta: 11:23:46  time: 0.6208  data_time: 0.0177  memory: 8435  grad_norm: 68.2196  loss: 12.9541  decode.loss_cls: 0.0290  decode.loss_mask: 0.7084  decode.loss_dice: 0.5452  decode.d0.loss_cls: 0.1016  decode.d0.loss_mask: 0.7424  decode.d0.loss_dice: 0.5860  decode.d1.loss_cls: 0.0582  decode.d1.loss_mask: 0.7009  decode.d1.loss_dice: 0.5386  decode.d2.loss_cls: 0.0363  decode.d2.loss_mask: 0.7024  decode.d2.loss_dice: 0.5363  decode.d3.loss_cls: 0.0224  decode.d3.loss_mask: 0.7043  decode.d3.loss_dice: 0.5382  decode.d4.loss_cls: 0.0346  decode.d4.loss_mask: 0.7068  decode.d4.loss_dice: 0.5399  decode.d5.loss_cls: 0.0306  decode.d5.loss_mask: 0.7083  decode.d5.loss_dice: 0.5548  decode.d6.loss_cls: 0.0243  decode.d6.loss_mask: 0.7046  decode.d6.loss_dice: 0.5479  decode.d7.loss_cls: 0.0241  decode.d7.loss_mask: 0.7061  decode.d7.loss_dice: 0.5404  decode.d8.loss_cls: 0.0259  decode.d8.loss_mask: 0.7096  decode.d8.loss_dice: 0.5463
2026/07/23 13:52:44 - mmengine - INFO - Iter(train) [17700/80000]  base_lr: 4.1321e-05 lr: 4.1321e-05  eta: 11:22:28  time: 0.6320  data_time: 0.0173  memory: 8435  grad_norm: 87.5640  loss: 14.2210  decode.loss_cls: 0.0321  decode.loss_mask: 0.7493  decode.loss_dice: 0.6152  decode.d0.loss_cls: 0.1436  decode.d0.loss_mask: 0.8499  decode.d0.loss_dice: 0.6727  decode.d1.loss_cls: 0.0422  decode.d1.loss_mask: 0.7506  decode.d1.loss_dice: 0.6157  decode.d2.loss_cls: 0.0205  decode.d2.loss_mask: 0.7452  decode.d2.loss_dice: 0.6184  decode.d3.loss_cls: 0.0238  decode.d3.loss_mask: 0.7483  decode.d3.loss_dice: 0.6238  decode.d4.loss_cls: 0.0274  decode.d4.loss_mask: 0.7499  decode.d4.loss_dice: 0.6249  decode.d5.loss_cls: 0.0249  decode.d5.loss_mask: 0.7448  decode.d5.loss_dice: 0.6215  decode.d6.loss_cls: 0.0262  decode.d6.loss_mask: 0.7449  decode.d6.loss_dice: 0.6127  decode.d7.loss_cls: 0.0300  decode.d7.loss_mask: 0.7441  decode.d7.loss_dice: 0.6221  decode.d8.loss_cls: 0.0313  decode.d8.loss_mask: 0.7505  decode.d8.loss_dice: 0.6146
2026/07/23 13:53:46 - mmengine - INFO - Iter(train) [17800/80000]  base_lr: 4.1261e-05 lr: 4.1261e-05  eta: 11:21:08  time: 0.6181  data_time: 0.0167  memory: 8426  grad_norm: 70.2986  loss: 13.2446  decode.loss_cls: 0.0149  decode.loss_mask: 0.6752  decode.loss_dice: 0.6036  decode.d0.loss_cls: 0.0958  decode.d0.loss_mask: 0.7300  decode.d0.loss_dice: 0.6751  decode.d1.loss_cls: 0.0291  decode.d1.loss_mask: 0.6864  decode.d1.loss_dice: 0.6149  decode.d2.loss_cls: 0.0313  decode.d2.loss_mask: 0.6804  decode.d2.loss_dice: 0.5987  decode.d3.loss_cls: 0.0276  decode.d3.loss_mask: 0.6794  decode.d3.loss_dice: 0.6095  decode.d4.loss_cls: 0.0245  decode.d4.loss_mask: 0.6720  decode.d4.loss_dice: 0.6150  decode.d5.loss_cls: 0.0169  decode.d5.loss_mask: 0.6758  decode.d5.loss_dice: 0.6020  decode.d6.loss_cls: 0.0179  decode.d6.loss_mask: 0.6753  decode.d6.loss_dice: 0.6069  decode.d7.loss_cls: 0.0185  decode.d7.loss_mask: 0.6754  decode.d7.loss_dice: 0.5944  decode.d8.loss_cls: 0.0169  decode.d8.loss_mask: 0.6774  decode.d8.loss_dice: 0.6037
2026/07/23 13:54:48 - mmengine - INFO - Iter(train) [17900/80000]  base_lr: 4.1202e-05 lr: 4.1202e-05  eta: 11:19:50  time: 0.6127  data_time: 0.0160  memory: 8435  grad_norm: 80.2234  loss: 16.5174  decode.loss_cls: 0.0302  decode.loss_mask: 0.9107  decode.loss_dice: 0.6963  decode.d0.loss_cls: 0.0897  decode.d0.loss_mask: 0.9662  decode.d0.loss_dice: 0.7508  decode.d1.loss_cls: 0.0167  decode.d1.loss_mask: 0.9150  decode.d1.loss_dice: 0.7143  decode.d2.loss_cls: 0.0210  decode.d2.loss_mask: 0.9121  decode.d2.loss_dice: 0.6938  decode.d3.loss_cls: 0.0266  decode.d3.loss_mask: 0.9097  decode.d3.loss_dice: 0.6835  decode.d4.loss_cls: 0.0309  decode.d4.loss_mask: 0.8995  decode.d4.loss_dice: 0.6933  decode.d5.loss_cls: 0.0229  decode.d5.loss_mask: 0.9079  decode.d5.loss_dice: 0.7038  decode.d6.loss_cls: 0.0204  decode.d6.loss_mask: 0.9161  decode.d6.loss_dice: 0.7125  decode.d7.loss_cls: 0.0216  decode.d7.loss_mask: 0.9120  decode.d7.loss_dice: 0.7020  decode.d8.loss_cls: 0.0224  decode.d8.loss_mask: 0.9107  decode.d8.loss_dice: 0.7048
2026/07/23 13:55:51 - mmengine - INFO - Exp name: fusion_vits_m2f_9999_20260723_101840
2026/07/23 13:55:51 - mmengine - INFO - Iter(train) [18000/80000]  base_lr: 4.1142e-05 lr: 4.1142e-05  eta: 11:18:34  time: 0.6220  data_time: 0.0165  memory: 8435  grad_norm: 66.3552  loss: 10.5872  decode.loss_cls: 0.0127  decode.loss_mask: 0.5743  decode.loss_dice: 0.4582  decode.d0.loss_cls: 0.1051  decode.d0.loss_mask: 0.5932  decode.d0.loss_dice: 0.4816  decode.d1.loss_cls: 0.0213  decode.d1.loss_mask: 0.5758  decode.d1.loss_dice: 0.4532  decode.d2.loss_cls: 0.0210  decode.d2.loss_mask: 0.5662  decode.d2.loss_dice: 0.4674  decode.d3.loss_cls: 0.0225  decode.d3.loss_mask: 0.5657  decode.d3.loss_dice: 0.4696  decode.d4.loss_cls: 0.0198  decode.d4.loss_mask: 0.5711  decode.d4.loss_dice: 0.4531  decode.d5.loss_cls: 0.0202  decode.d5.loss_mask: 0.5716  decode.d5.loss_dice: 0.4534  decode.d6.loss_cls: 0.0154  decode.d6.loss_mask: 0.5718  decode.d6.loss_dice: 0.4466  decode.d7.loss_cls: 0.0216  decode.d7.loss_mask: 0.5704  decode.d7.loss_dice: 0.4436  decode.d8.loss_cls: 0.0178  decode.d8.loss_mask: 0.5679  decode.d8.loss_dice: 0.4552
2026/07/23 13:55:51 - mmengine - INFO - Saving checkpoint at 18000 iterations
2026/07/23 13:57:04 - mmengine - INFO - Iter(val) [100/504]    eta: 0:01:28  time: 0.2048  data_time: 0.0082  memory: 3244  
2026/07/23 13:57:24 - mmengine - INFO - Iter(val) [200/504]    eta: 0:01:04  time: 0.2124  data_time: 0.0087  memory: 3244  
2026/07/23 13:57:45 - mmengine - INFO - Iter(val) [300/504]    eta: 0:00:42  time: 0.2078  data_time: 0.0083  memory: 3244  
2026/07/23 13:58:06 - mmengine - INFO - Iter(val) [400/504]    eta: 0:00:21  time: 0.2042  data_time: 0.0084  memory: 3244  
2026/07/23 13:58:26 - mmengine - INFO - Iter(val) [500/504]    eta: 0:00:00  time: 0.2082  data_time: 0.0079  memory: 3244  
2026/07/23 13:58:30 - mmengine - INFO - per class results:
2026/07/23 13:58:30 - mmengine - INFO - 
+--------------------+-------+-------+--------+-----------+--------+
|       Class        |  IoU  |  Acc  | Fscore | Precision | Recall |
+--------------------+-------+-------+--------+-----------+--------+
| impervious_surface |  87.1 | 91.88 | 93.11  |   94.36   | 91.88  |
|      building      | 96.23 |  98.5 | 98.08  |   97.65   |  98.5  |
|   low_vegetation   | 78.11 |  87.9 | 87.71  |   87.52   |  87.9  |
|        tree        | 80.35 | 89.87 | 89.11  |   88.36   | 89.87  |
|        car         | 93.03 | 95.13 | 96.39  |   97.68   | 95.13  |
+--------------------+-------+-------+--------+-----------+--------+
2026/07/23 13:58:30 - mmengine - INFO - Iter(val) [504/504]    aAcc: 92.0600  mIoU: 86.9600  mAcc: 92.6600  mFscore: 92.8800  mPrecision: 93.1200  mRecall: 92.6600  data_time: 0.0110  time: 0.2090
2026/07/23 13:59:33 - mmengine - INFO - Iter(train) [18100/80000]  base_lr: 4.1082e-05 lr: 4.1082e-05  eta: 11:17:29  time: 0.6430  data_time: 0.0179  memory: 8435  grad_norm: 64.0324  loss: 14.2936  decode.loss_cls: 0.0672  decode.loss_mask: 0.6872  decode.loss_dice: 0.6350  decode.d0.loss_cls: 0.1204  decode.d0.loss_mask: 0.7442  decode.d0.loss_dice: 0.7002  decode.d1.loss_cls: 0.0736  decode.d1.loss_mask: 0.7029  decode.d1.loss_dice: 0.6655  decode.d2.loss_cls: 0.0829  decode.d2.loss_mask: 0.7090  decode.d2.loss_dice: 0.6528  decode.d3.loss_cls: 0.0820  decode.d3.loss_mask: 0.6940  decode.d3.loss_dice: 0.6288  decode.d4.loss_cls: 0.0713  decode.d4.loss_mask: 0.7004  decode.d4.loss_dice: 0.6536  decode.d5.loss_cls: 0.0808  decode.d5.loss_mask: 0.6958  decode.d5.loss_dice: 0.6500  decode.d6.loss_cls: 0.0733  decode.d6.loss_mask: 0.6887  decode.d6.loss_dice: 0.6415  decode.d7.loss_cls: 0.0709  decode.d7.loss_mask: 0.6852  decode.d7.loss_dice: 0.6404  decode.d8.loss_cls: 0.0722  decode.d8.loss_mask: 0.6860  decode.d8.loss_dice: 0.6378
2026/07/23 14:00:38 - mmengine - INFO - Iter(train) [18200/80000]  base_lr: 4.1023e-05 lr: 4.1023e-05  eta: 11:16:20  time: 0.5978  data_time: 0.0158  memory: 8435  grad_norm: 90.8705  loss: 17.0756  decode.loss_cls: 0.0380  decode.loss_mask: 0.8836  decode.loss_dice: 0.7611  decode.d0.loss_cls: 0.1505  decode.d0.loss_mask: 0.9202  decode.d0.loss_dice: 0.7814  decode.d1.loss_cls: 0.0671  decode.d1.loss_mask: 0.8975  decode.d1.loss_dice: 0.7622  decode.d2.loss_cls: 0.0619  decode.d2.loss_mask: 0.8919  decode.d2.loss_dice: 0.7610  decode.d3.loss_cls: 0.0449  decode.d3.loss_mask: 0.8891  decode.d3.loss_dice: 0.7640  decode.d4.loss_cls: 0.0440  decode.d4.loss_mask: 0.8858  decode.d4.loss_dice: 0.7709  decode.d5.loss_cls: 0.0362  decode.d5.loss_mask: 0.8834  decode.d5.loss_dice: 0.7390  decode.d6.loss_cls: 0.0357  decode.d6.loss_mask: 0.8832  decode.d6.loss_dice: 0.7534  decode.d7.loss_cls: 0.0395  decode.d7.loss_mask: 0.8856  decode.d7.loss_dice: 0.7683  decode.d8.loss_cls: 0.0406  decode.d8.loss_mask: 0.8850  decode.d8.loss_dice: 0.7507
2026/07/23 14:01:39 - mmengine - INFO - Iter(train) [18300/80000]  base_lr: 4.0963e-05 lr: 4.0963e-05  eta: 11:15:01  time: 0.6180  data_time: 0.0164  memory: 8426  grad_norm: 66.4426  loss: 12.0736  decode.loss_cls: 0.0024  decode.loss_mask: 0.6900  decode.loss_dice: 0.5076  decode.d0.loss_cls: 0.0868  decode.d0.loss_mask: 0.7123  decode.d0.loss_dice: 0.5143  decode.d1.loss_cls: 0.0139  decode.d1.loss_mask: 0.6877  decode.d1.loss_dice: 0.5096  decode.d2.loss_cls: 0.0038  decode.d2.loss_mask: 0.6856  decode.d2.loss_dice: 0.5062  decode.d3.loss_cls: 0.0032  decode.d3.loss_mask: 0.6890  decode.d3.loss_dice: 0.5008  decode.d4.loss_cls: 0.0030  decode.d4.loss_mask: 0.6852  decode.d4.loss_dice: 0.4990  decode.d5.loss_cls: 0.0025  decode.d5.loss_mask: 0.6859  decode.d5.loss_dice: 0.4980  decode.d6.loss_cls: 0.0021  decode.d6.loss_mask: 0.6902  decode.d6.loss_dice: 0.5010  decode.d7.loss_cls: 0.0028  decode.d7.loss_mask: 0.6895  decode.d7.loss_dice: 0.5045  decode.d8.loss_cls: 0.0027  decode.d8.loss_mask: 0.6858  decode.d8.loss_dice: 0.5082
2026/07/23 14:02:40 - mmengine - INFO - Iter(train) [18400/80000]  base_lr: 4.0903e-05 lr: 4.0903e-05  eta: 11:13:40  time: 0.6058  data_time: 0.0166  memory: 8435  grad_norm: 60.6478  loss: 15.0292  decode.loss_cls: 0.0103  decode.loss_mask: 0.8039  decode.loss_dice: 0.6769  decode.d0.loss_cls: 0.0752  decode.d0.loss_mask: 0.8582  decode.d0.loss_dice: 0.7011  decode.d1.loss_cls: 0.0295  decode.d1.loss_mask: 0.8036  decode.d1.loss_dice: 0.6848  decode.d2.loss_cls: 0.0171  decode.d2.loss_mask: 0.8013  decode.d2.loss_dice: 0.6815  decode.d3.loss_cls: 0.0148  decode.d3.loss_mask: 0.7946  decode.d3.loss_dice: 0.6714  decode.d4.loss_cls: 0.0168  decode.d4.loss_mask: 0.7980  decode.d4.loss_dice: 0.6661  decode.d5.loss_cls: 0.0131  decode.d5.loss_mask: 0.7947  decode.d5.loss_dice: 0.6658  decode.d6.loss_cls: 0.0112  decode.d6.loss_mask: 0.7944  decode.d6.loss_dice: 0.6662  decode.d7.loss_cls: 0.0088  decode.d7.loss_mask: 0.8028  decode.d7.loss_dice: 0.6755  decode.d8.loss_cls: 0.0111  decode.d8.loss_mask: 0.8042  decode.d8.loss_dice: 0.6762
2026/07/23 14:03:44 - mmengine - INFO - Iter(train) [18500/80000]  base_lr: 4.0843e-05 lr: 4.0843e-05  eta: 11:12:28  time: 0.6148  data_time: 0.0173  memory: 8435  grad_norm: 74.1384  loss: 13.8535  decode.loss_cls: 0.0161  decode.loss_mask: 0.7300  decode.loss_dice: 0.6280  decode.d0.loss_cls: 0.0860  decode.d0.loss_mask: 0.7484  decode.d0.loss_dice: 0.6438  decode.d1.loss_cls: 0.0188  decode.d1.loss_mask: 0.7194  decode.d1.loss_dice: 0.6355  decode.d2.loss_cls: 0.0133  decode.d2.loss_mask: 0.7256  decode.d2.loss_dice: 0.6439  decode.d3.loss_cls: 0.0088  decode.d3.loss_mask: 0.7336  decode.d3.loss_dice: 0.6385  decode.d4.loss_cls: 0.0161  decode.d4.loss_mask: 0.7306  decode.d4.loss_dice: 0.6334  decode.d5.loss_cls: 0.0142  decode.d5.loss_mask: 0.7258  decode.d5.loss_dice: 0.6410  decode.d6.loss_cls: 0.0131  decode.d6.loss_mask: 0.7279  decode.d6.loss_dice: 0.6291  decode.d7.loss_cls: 0.0139  decode.d7.loss_mask: 0.7295  decode.d7.loss_dice: 0.6272  decode.d8.loss_cls: 0.0147  decode.d8.loss_mask: 0.7252  decode.d8.loss_dice: 0.6224
2026/07/23 14:04:48 - mmengine - INFO - Iter(train) [18600/80000]  base_lr: 4.0784e-05 lr: 4.0784e-05  eta: 11:11:15  time: 0.6134  data_time: 0.0167  memory: 8426  grad_norm: 75.2553  loss: 11.4874  decode.loss_cls: 0.0255  decode.loss_mask: 0.5674  decode.loss_dice: 0.5216  decode.d0.loss_cls: 0.1554  decode.d0.loss_mask: 0.6822  decode.d0.loss_dice: 0.6298  decode.d1.loss_cls: 0.0485  decode.d1.loss_mask: 0.6009  decode.d1.loss_dice: 0.5106  decode.d2.loss_cls: 0.0389  decode.d2.loss_mask: 0.5694  decode.d2.loss_dice: 0.5073  decode.d3.loss_cls: 0.0262  decode.d3.loss_mask: 0.5529  decode.d3.loss_dice: 0.5091  decode.d4.loss_cls: 0.0285  decode.d4.loss_mask: 0.5578  decode.d4.loss_dice: 0.5108  decode.d5.loss_cls: 0.0274  decode.d5.loss_mask: 0.5565  decode.d5.loss_dice: 0.5160  decode.d6.loss_cls: 0.0268  decode.d6.loss_mask: 0.5591  decode.d6.loss_dice: 0.5267  decode.d7.loss_cls: 0.0281  decode.d7.loss_mask: 0.5631  decode.d7.loss_dice: 0.5280  decode.d8.loss_cls: 0.0256  decode.d8.loss_mask: 0.5609  decode.d8.loss_dice: 0.5265
2026/07/23 14:05:49 - mmengine - INFO - Iter(train) [18700/80000]  base_lr: 4.0724e-05 lr: 4.0724e-05  eta: 11:09:57  time: 0.6023  data_time: 0.0157  memory: 8435  grad_norm: 99.1108  loss: 22.3108  decode.loss_cls: 0.0744  decode.loss_mask: 1.1878  decode.loss_dice: 0.9218  decode.d0.loss_cls: 0.2832  decode.d0.loss_mask: 1.3698  decode.d0.loss_dice: 1.0796  decode.d1.loss_cls: 0.1506  decode.d1.loss_mask: 1.2018  decode.d1.loss_dice: 0.9329  decode.d2.loss_cls: 0.1033  decode.d2.loss_mask: 1.1916  decode.d2.loss_dice: 0.9057  decode.d3.loss_cls: 0.0807  decode.d3.loss_mask: 1.1778  decode.d3.loss_dice: 0.8918  decode.d4.loss_cls: 0.0857  decode.d4.loss_mask: 1.1721  decode.d4.loss_dice: 0.8974  decode.d5.loss_cls: 0.0720  decode.d5.loss_mask: 1.1740  decode.d5.loss_dice: 0.8948  decode.d6.loss_cls: 0.0720  decode.d6.loss_mask: 1.1797  decode.d6.loss_dice: 0.8968  decode.d7.loss_cls: 0.0804  decode.d7.loss_mask: 1.1598  decode.d7.loss_dice: 0.9054  decode.d8.loss_cls: 0.0735  decode.d8.loss_mask: 1.1768  decode.d8.loss_dice: 0.9179
2026/07/23 14:06:51 - mmengine - INFO - Iter(train) [18800/80000]  base_lr: 4.0664e-05 lr: 4.0664e-05  eta: 11:08:38  time: 0.6800  data_time: 0.0731  memory: 8435  grad_norm: 64.5165  loss: 9.8380  decode.loss_cls: 0.0549  decode.loss_mask: 0.5062  decode.loss_dice: 0.3920  decode.d0.loss_cls: 0.2232  decode.d0.loss_mask: 0.5393  decode.d0.loss_dice: 0.4462  decode.d1.loss_cls: 0.0669  decode.d1.loss_mask: 0.5031  decode.d1.loss_dice: 0.3909  decode.d2.loss_cls: 0.0722  decode.d2.loss_mask: 0.4981  decode.d2.loss_dice: 0.4068  decode.d3.loss_cls: 0.0553  decode.d3.loss_mask: 0.5014  decode.d3.loss_dice: 0.3821  decode.d4.loss_cls: 0.0476  decode.d4.loss_mask: 0.4978  decode.d4.loss_dice: 0.3972  decode.d5.loss_cls: 0.0418  decode.d5.loss_mask: 0.5101  decode.d5.loss_dice: 0.3923  decode.d6.loss_cls: 0.0503  decode.d6.loss_mask: 0.5147  decode.d6.loss_dice: 0.4229  decode.d7.loss_cls: 0.0486  decode.d7.loss_mask: 0.5114  decode.d7.loss_dice: 0.3974  decode.d8.loss_cls: 0.0547  decode.d8.loss_mask: 0.5122  decode.d8.loss_dice: 0.4002
2026/07/23 14:07:53 - mmengine - INFO - Iter(train) [18900/80000]  base_lr: 4.0604e-05 lr: 4.0604e-05  eta: 11:07:22  time: 0.6144  data_time: 0.0152  memory: 8435  grad_norm: 77.2026  loss: 11.9324  decode.loss_cls: 0.0257  decode.loss_mask: 0.5618  decode.loss_dice: 0.5765  decode.d0.loss_cls: 0.1109  decode.d0.loss_mask: 0.6159  decode.d0.loss_dice: 0.6461  decode.d1.loss_cls: 0.0397  decode.d1.loss_mask: 0.5658  decode.d1.loss_dice: 0.5863  decode.d2.loss_cls: 0.0466  decode.d2.loss_mask: 0.5603  decode.d2.loss_dice: 0.5916  decode.d3.loss_cls: 0.0327  decode.d3.loss_mask: 0.5664  decode.d3.loss_dice: 0.5834  decode.d4.loss_cls: 0.0270  decode.d4.loss_mask: 0.5626  decode.d4.loss_dice: 0.5857  decode.d5.loss_cls: 0.0332  decode.d5.loss_mask: 0.5568  decode.d5.loss_dice: 0.5669  decode.d6.loss_cls: 0.0261  decode.d6.loss_mask: 0.5625  decode.d6.loss_dice: 0.5654  decode.d7.loss_cls: 0.0228  decode.d7.loss_mask: 0.5677  decode.d7.loss_dice: 0.5722  decode.d8.loss_cls: 0.0306  decode.d8.loss_mask: 0.5579  decode.d8.loss_dice: 0.5854
2026/07/23 14:08:56 - mmengine - INFO - Exp name: fusion_vits_m2f_9999_20260723_101840
2026/07/23 14:08:56 - mmengine - INFO - Iter(train) [19000/80000]  base_lr: 4.0544e-05 lr: 4.0544e-05  eta: 11:06:09  time: 0.6171  data_time: 0.0158  memory: 8435  grad_norm: 66.1013  loss: 14.6046  decode.loss_cls: 0.0168  decode.loss_mask: 0.8011  decode.loss_dice: 0.6144  decode.d0.loss_cls: 0.1356  decode.d0.loss_mask: 0.8587  decode.d0.loss_dice: 0.6403  decode.d1.loss_cls: 0.0234  decode.d1.loss_mask: 0.8212  decode.d1.loss_dice: 0.6316  decode.d2.loss_cls: 0.0253  decode.d2.loss_mask: 0.8052  decode.d2.loss_dice: 0.6145  decode.d3.loss_cls: 0.0139  decode.d3.loss_mask: 0.8068  decode.d3.loss_dice: 0.6159  decode.d4.loss_cls: 0.0141  decode.d4.loss_mask: 0.8097  decode.d4.loss_dice: 0.6189  decode.d5.loss_cls: 0.0158  decode.d5.loss_mask: 0.8073  decode.d5.loss_dice: 0.6215  decode.d6.loss_cls: 0.0192  decode.d6.loss_mask: 0.8029  decode.d6.loss_dice: 0.6057  decode.d7.loss_cls: 0.0181  decode.d7.loss_mask: 0.8016  decode.d7.loss_dice: 0.6115  decode.d8.loss_cls: 0.0165  decode.d8.loss_mask: 0.8013  decode.d8.loss_dice: 0.6160
2026/07/23 14:10:03 - mmengine - INFO - Iter(train) [19100/80000]  base_lr: 4.0485e-05 lr: 4.0485e-05  eta: 11:05:08  time: 0.6372  data_time: 0.0168  memory: 8426  grad_norm: 57.2770  loss: 13.2947  decode.loss_cls: 0.0019  decode.loss_mask: 0.7473  decode.loss_dice: 0.5681  decode.d0.loss_cls: 0.1109  decode.d0.loss_mask: 0.7887  decode.d0.loss_dice: 0.5663  decode.d1.loss_cls: 0.0099  decode.d1.loss_mask: 0.7482  decode.d1.loss_dice: 0.5704  decode.d2.loss_cls: 0.0045  decode.d2.loss_mask: 0.7490  decode.d2.loss_dice: 0.5618  decode.d3.loss_cls: 0.0027  decode.d3.loss_mask: 0.7474  decode.d3.loss_dice: 0.5588  decode.d4.loss_cls: 0.0025  decode.d4.loss_mask: 0.7504  decode.d4.loss_dice: 0.5638  decode.d5.loss_cls: 0.0018  decode.d5.loss_mask: 0.7511  decode.d5.loss_dice: 0.5618  decode.d6.loss_cls: 0.0018  decode.d6.loss_mask: 0.7432  decode.d6.loss_dice: 0.5562  decode.d7.loss_cls: 0.0023  decode.d7.loss_mask: 0.7499  decode.d7.loss_dice: 0.5641  decode.d8.loss_cls: 0.0019  decode.d8.loss_mask: 0.7485  decode.d8.loss_dice: 0.5595
2026/07/23 14:11:06 - mmengine - INFO - Iter(train) [19200/80000]  base_lr: 4.0425e-05 lr: 4.0425e-05  eta: 11:03:55  time: 0.6320  data_time: 0.0170  memory: 8426  grad_norm: 56.2733  loss: 13.6101  decode.loss_cls: 0.0286  decode.loss_mask: 0.6916  decode.loss_dice: 0.6165  decode.d0.loss_cls: 0.0889  decode.d0.loss_mask: 0.7245  decode.d0.loss_dice: 0.6555  decode.d1.loss_cls: 0.0510  decode.d1.loss_mask: 0.6977  decode.d1.loss_dice: 0.6152  decode.d2.loss_cls: 0.0513  decode.d2.loss_mask: 0.6946  decode.d2.loss_dice: 0.6080  decode.d3.loss_cls: 0.0410  decode.d3.loss_mask: 0.6934  decode.d3.loss_dice: 0.6149  decode.d4.loss_cls: 0.0374  decode.d4.loss_mask: 0.6912  decode.d4.loss_dice: 0.6062  decode.d5.loss_cls: 0.0441  decode.d5.loss_mask: 0.6939  decode.d5.loss_dice: 0.6089  decode.d6.loss_cls: 0.0378  decode.d6.loss_mask: 0.6905  decode.d6.loss_dice: 0.6130  decode.d7.loss_cls: 0.0462  decode.d7.loss_mask: 0.6878  decode.d7.loss_dice: 0.6208  decode.d8.loss_cls: 0.0454  decode.d8.loss_mask: 0.6878  decode.d8.loss_dice: 0.6262
2026/07/23 14:12:09 - mmengine - INFO - Iter(train) [19300/80000]  base_lr: 4.0365e-05 lr: 4.0365e-05  eta: 11:02:41  time: 0.6234  data_time: 0.0169  memory: 8435  grad_norm: 41.4932  loss: 10.6406  decode.loss_cls: 0.0168  decode.loss_mask: 0.5784  decode.loss_dice: 0.4618  decode.d0.loss_cls: 0.0715  decode.d0.loss_mask: 0.5938  decode.d0.loss_dice: 0.4743  decode.d1.loss_cls: 0.0073  decode.d1.loss_mask: 0.5791  decode.d1.loss_dice: 0.4679  decode.d2.loss_cls: 0.0058  decode.d2.loss_mask: 0.5792  decode.d2.loss_dice: 0.4558  decode.d3.loss_cls: 0.0106  decode.d3.loss_mask: 0.5790  decode.d3.loss_dice: 0.4601  decode.d4.loss_cls: 0.0148  decode.d4.loss_mask: 0.5825  decode.d4.loss_dice: 0.4684  decode.d5.loss_cls: 0.0113  decode.d5.loss_mask: 0.5840  decode.d5.loss_dice: 0.4613  decode.d6.loss_cls: 0.0122  decode.d6.loss_mask: 0.5821  decode.d6.loss_dice: 0.4665  decode.d7.loss_cls: 0.0119  decode.d7.loss_mask: 0.5806  decode.d7.loss_dice: 0.4675  decode.d8.loss_cls: 0.0137  decode.d8.loss_mask: 0.5793  decode.d8.loss_dice: 0.4632
2026/07/23 14:13:12 - mmengine - INFO - Iter(train) [19400/80000]  base_lr: 4.0305e-05 lr: 4.0305e-05  eta: 11:01:28  time: 0.6296  data_time: 0.0186  memory: 8435  grad_norm: 57.4333  loss: 12.5940  decode.loss_cls: 0.0034  decode.loss_mask: 0.6188  decode.loss_dice: 0.6235  decode.d0.loss_cls: 0.0931  decode.d0.loss_mask: 0.6505  decode.d0.loss_dice: 0.6517  decode.d1.loss_cls: 0.0148  decode.d1.loss_mask: 0.6165  decode.d1.loss_dice: 0.6316  decode.d2.loss_cls: 0.0049  decode.d2.loss_mask: 0.6147  decode.d2.loss_dice: 0.6328  decode.d3.loss_cls: 0.0064  decode.d3.loss_mask: 0.6142  decode.d3.loss_dice: 0.6237  decode.d4.loss_cls: 0.0069  decode.d4.loss_mask: 0.6152  decode.d4.loss_dice: 0.6198  decode.d5.loss_cls: 0.0126  decode.d5.loss_mask: 0.6127  decode.d5.loss_dice: 0.6207  decode.d6.loss_cls: 0.0070  decode.d6.loss_mask: 0.6109  decode.d6.loss_dice: 0.6142  decode.d7.loss_cls: 0.0037  decode.d7.loss_mask: 0.6163  decode.d7.loss_dice: 0.6149  decode.d8.loss_cls: 0.0031  decode.d8.loss_mask: 0.6167  decode.d8.loss_dice: 0.6188
2026/07/23 14:14:16 - mmengine - INFO - Iter(train) [19500/80000]  base_lr: 4.0245e-05 lr: 4.0245e-05  eta: 11:00:16  time: 0.5980  data_time: 0.0158  memory: 8426  grad_norm: 56.2506  loss: 10.6825  decode.loss_cls: 0.0033  decode.loss_mask: 0.5592  decode.loss_dice: 0.4860  decode.d0.loss_cls: 0.1044  decode.d0.loss_mask: 0.5778  decode.d0.loss_dice: 0.5251  decode.d1.loss_cls: 0.0244  decode.d1.loss_mask: 0.5513  decode.d1.loss_dice: 0.4851  decode.d2.loss_cls: 0.0102  decode.d2.loss_mask: 0.5585  decode.d2.loss_dice: 0.4890  decode.d3.loss_cls: 0.0051  decode.d3.loss_mask: 0.5596  decode.d3.loss_dice: 0.4879  decode.d4.loss_cls: 0.0042  decode.d4.loss_mask: 0.5559  decode.d4.loss_dice: 0.4902  decode.d5.loss_cls: 0.0038  decode.d5.loss_mask: 0.5578  decode.d5.loss_dice: 0.4874  decode.d6.loss_cls: 0.0035  decode.d6.loss_mask: 0.5563  decode.d6.loss_dice: 0.4917  decode.d7.loss_cls: 0.0036  decode.d7.loss_mask: 0.5559  decode.d7.loss_dice: 0.4904  decode.d8.loss_cls: 0.0032  decode.d8.loss_mask: 0.5577  decode.d8.loss_dice: 0.4939
2026/07/23 14:15:17 - mmengine - INFO - Iter(train) [19600/80000]  base_lr: 4.0185e-05 lr: 4.0185e-05  eta: 10:58:57  time: 0.6152  data_time: 0.0166  memory: 8435  grad_norm: 68.8655  loss: 13.1512  decode.loss_cls: 0.0357  decode.loss_mask: 0.6451  decode.loss_dice: 0.5618  decode.d0.loss_cls: 0.1231  decode.d0.loss_mask: 0.8529  decode.d0.loss_dice: 0.7333  decode.d1.loss_cls: 0.0867  decode.d1.loss_mask: 0.6845  decode.d1.loss_dice: 0.6139  decode.d2.loss_cls: 0.0588  decode.d2.loss_mask: 0.6603  decode.d2.loss_dice: 0.5737  decode.d3.loss_cls: 0.0351  decode.d3.loss_mask: 0.6529  decode.d3.loss_dice: 0.5710  decode.d4.loss_cls: 0.0355  decode.d4.loss_mask: 0.6532  decode.d4.loss_dice: 0.5708  decode.d5.loss_cls: 0.0404  decode.d5.loss_mask: 0.6484  decode.d5.loss_dice: 0.5691  decode.d6.loss_cls: 0.0334  decode.d6.loss_mask: 0.6512  decode.d6.loss_dice: 0.5649  decode.d7.loss_cls: 0.0353  decode.d7.loss_mask: 0.6510  decode.d7.loss_dice: 0.5763  decode.d8.loss_cls: 0.0356  decode.d8.loss_mask: 0.6404  decode.d8.loss_dice: 0.5570
2026/07/23 14:16:22 - mmengine - INFO - Iter(train) [19700/80000]  base_lr: 4.0125e-05 lr: 4.0125e-05  eta: 10:57:50  time: 0.6326  data_time: 0.0174  memory: 8435  grad_norm: 96.7826  loss: 13.7793  decode.loss_cls: 0.0366  decode.loss_mask: 0.6617  decode.loss_dice: 0.6433  decode.d0.loss_cls: 0.1032  decode.d0.loss_mask: 0.7481  decode.d0.loss_dice: 0.7234  decode.d1.loss_cls: 0.0683  decode.d1.loss_mask: 0.6725  decode.d1.loss_dice: 0.6413  decode.d2.loss_cls: 0.0472  decode.d2.loss_mask: 0.6712  decode.d2.loss_dice: 0.6387  decode.d3.loss_cls: 0.0396  decode.d3.loss_mask: 0.6798  decode.d3.loss_dice: 0.6532  decode.d4.loss_cls: 0.0446  decode.d4.loss_mask: 0.6672  decode.d4.loss_dice: 0.6513  decode.d5.loss_cls: 0.0484  decode.d5.loss_mask: 0.6655  decode.d5.loss_dice: 0.6320  decode.d6.loss_cls: 0.0335  decode.d6.loss_mask: 0.6642  decode.d6.loss_dice: 0.6524  decode.d7.loss_cls: 0.0409  decode.d7.loss_mask: 0.6632  decode.d7.loss_dice: 0.6374  decode.d8.loss_cls: 0.0427  decode.d8.loss_mask: 0.6610  decode.d8.loss_dice: 0.6468
2026/07/23 14:17:25 - mmengine - INFO - Iter(train) [19800/80000]  base_lr: 4.0065e-05 lr: 4.0065e-05  eta: 10:56:38  time: 0.6266  data_time: 0.0167  memory: 8435  grad_norm: 52.6643  loss: 13.3259  decode.loss_cls: 0.0092  decode.loss_mask: 0.7224  decode.loss_dice: 0.5896  decode.d0.loss_cls: 0.0730  decode.d0.loss_mask: 0.7482  decode.d0.loss_dice: 0.6008  decode.d1.loss_cls: 0.0221  decode.d1.loss_mask: 0.7196  decode.d1.loss_dice: 0.6128  decode.d2.loss_cls: 0.0095  decode.d2.loss_mask: 0.7198  decode.d2.loss_dice: 0.6039  decode.d3.loss_cls: 0.0082  decode.d3.loss_mask: 0.7153  decode.d3.loss_dice: 0.5946  decode.d4.loss_cls: 0.0091  decode.d4.loss_mask: 0.7127  decode.d4.loss_dice: 0.5887  decode.d5.loss_cls: 0.0081  decode.d5.loss_mask: 0.7203  decode.d5.loss_dice: 0.5904  decode.d6.loss_cls: 0.0092  decode.d6.loss_mask: 0.7174  decode.d6.loss_dice: 0.5847  decode.d7.loss_cls: 0.0085  decode.d7.loss_mask: 0.7224  decode.d7.loss_dice: 0.5864  decode.d8.loss_cls: 0.0079  decode.d8.loss_mask: 0.7220  decode.d8.loss_dice: 0.5888
2026/07/23 14:18:31 - mmengine - INFO - Iter(train) [19900/80000]  base_lr: 4.0006e-05 lr: 4.0006e-05  eta: 10:55:34  time: 0.6244  data_time: 0.0156  memory: 8435  grad_norm: 68.1158  loss: 11.6317  decode.loss_cls: 0.0532  decode.loss_mask: 0.5310  decode.loss_dice: 0.5365  decode.d0.loss_cls: 0.2265  decode.d0.loss_mask: 0.5636  decode.d0.loss_dice: 0.6193  decode.d1.loss_cls: 0.0937  decode.d1.loss_mask: 0.5369  decode.d1.loss_dice: 0.5239  decode.d2.loss_cls: 0.0752  decode.d2.loss_mask: 0.5435  decode.d2.loss_dice: 0.5392  decode.d3.loss_cls: 0.0668  decode.d3.loss_mask: 0.5386  decode.d3.loss_dice: 0.5445  decode.d4.loss_cls: 0.0711  decode.d4.loss_mask: 0.5330  decode.d4.loss_dice: 0.5162  decode.d5.loss_cls: 0.0675  decode.d5.loss_mask: 0.5331  decode.d5.loss_dice: 0.5225  decode.d6.loss_cls: 0.0592  decode.d6.loss_mask: 0.5383  decode.d6.loss_dice: 0.5475  decode.d7.loss_cls: 0.0656  decode.d7.loss_mask: 0.5321  decode.d7.loss_dice: 0.5393  decode.d8.loss_cls: 0.0560  decode.d8.loss_mask: 0.5321  decode.d8.loss_dice: 0.5260
2026/07/23 14:19:42 - mmengine - INFO - Exp name: fusion_vits_m2f_9999_20260723_101840
2026/07/23 14:19:42 - mmengine - INFO - Iter(train) [20000/80000]  base_lr: 3.9946e-05 lr: 3.9946e-05  eta: 10:54:45  time: 0.6124  data_time: 0.0155  memory: 8426  grad_norm: 49.4579  loss: 13.0517  decode.loss_cls: 0.0018  decode.loss_mask: 0.7087  decode.loss_dice: 0.5938  decode.d0.loss_cls: 0.0889  decode.d0.loss_mask: 0.7319  decode.d0.loss_dice: 0.5778  decode.d1.loss_cls: 0.0307  decode.d1.loss_mask: 0.7092  decode.d1.loss_dice: 0.5563  decode.d2.loss_cls: 0.0221  decode.d2.loss_mask: 0.7092  decode.d2.loss_dice: 0.5504  decode.d3.loss_cls: 0.0169  decode.d3.loss_mask: 0.7104  decode.d3.loss_dice: 0.5584  decode.d4.loss_cls: 0.0028  decode.d4.loss_mask: 0.7074  decode.d4.loss_dice: 0.5843  decode.d5.loss_cls: 0.0181  decode.d5.loss_mask: 0.7079  decode.d5.loss_dice: 0.5730  decode.d6.loss_cls: 0.0157  decode.d6.loss_mask: 0.7081  decode.d6.loss_dice: 0.5764  decode.d7.loss_cls: 0.0032  decode.d7.loss_mask: 0.7070  decode.d7.loss_dice: 0.5826  decode.d8.loss_cls: 0.0156  decode.d8.loss_mask: 0.7059  decode.d8.loss_dice: 0.5771
2026/07/23 14:19:42 - mmengine - INFO - Saving checkpoint at 20000 iterations
2026/07/23 14:20:33 - mmengine - INFO - Iter(val) [100/504]    eta: 0:01:29  time: 0.2014  data_time: 0.0072  memory: 3244  
2026/07/23 14:20:54 - mmengine - INFO - Iter(val) [200/504]    eta: 0:01:05  time: 0.2087  data_time: 0.0084  memory: 3244  
2026/07/23 14:21:15 - mmengine - INFO - Iter(val) [300/504]    eta: 0:00:43  time: 0.2103  data_time: 0.0081  memory: 3244  
2026/07/23 14:21:36 - mmengine - INFO - Iter(val) [400/504]    eta: 0:00:22  time: 0.2059  data_time: 0.0082  memory: 3244  
2026/07/23 14:21:56 - mmengine - INFO - Iter(val) [500/504]    eta: 0:00:00  time: 0.2122  data_time: 0.0085  memory: 3244  
2026/07/23 14:22:00 - mmengine - INFO - per class results:
2026/07/23 14:22:00 - mmengine - INFO - 
+--------------------+-------+-------+--------+-----------+--------+
|       Class        |  IoU  |  Acc  | Fscore | Precision | Recall |
+--------------------+-------+-------+--------+-----------+--------+
| impervious_surface | 85.99 | 91.48 | 92.47  |   93.48   | 91.48  |
|      building      | 94.36 | 96.01 |  97.1  |   98.22   | 96.01  |
|   low_vegetation   | 78.69 | 94.25 | 88.08  |   82.66   | 94.25  |
|        tree        | 80.12 | 84.19 | 88.96  |    94.3   | 84.19  |
|        car         | 94.13 | 96.41 | 96.98  |   97.55   | 96.41  |
+--------------------+-------+-------+--------+-----------+--------+
2026/07/23 14:22:00 - mmengine - INFO - Iter(val) [504/504]    aAcc: 91.6800  mIoU: 86.6600  mAcc: 92.4700  mFscore: 92.7200  mPrecision: 93.2400  mRecall: 92.4700  data_time: 0.0128  time: 0.2112
2026/07/23 14:23:11 - mmengine - INFO - Iter(train) [20100/80000]  base_lr: 3.9886e-05 lr: 3.9886e-05  eta: 10:54:05  time: 0.7461  data_time: 0.0217  memory: 8435  grad_norm: 86.1009  loss: 16.1081  decode.loss_cls: 0.0260  decode.loss_mask: 0.9035  decode.loss_dice: 0.6551  decode.d0.loss_cls: 0.1374  decode.d0.loss_mask: 0.9451  decode.d0.loss_dice: 0.7005  decode.d1.loss_cls: 0.0536  decode.d1.loss_mask: 0.9159  decode.d1.loss_dice: 0.6606  decode.d2.loss_cls: 0.0407  decode.d2.loss_mask: 0.9103  decode.d2.loss_dice: 0.6612  decode.d3.loss_cls: 0.0319  decode.d3.loss_mask: 0.9042  decode.d3.loss_dice: 0.6434  decode.d4.loss_cls: 0.0256  decode.d4.loss_mask: 0.9032  decode.d4.loss_dice: 0.6486  decode.d5.loss_cls: 0.0252  decode.d5.loss_mask: 0.9073  decode.d5.loss_dice: 0.6679  decode.d6.loss_cls: 0.0227  decode.d6.loss_mask: 0.8979  decode.d6.loss_dice: 0.6448  decode.d7.loss_cls: 0.0238  decode.d7.loss_mask: 0.9014  decode.d7.loss_dice: 0.6498  decode.d8.loss_cls: 0.0283  decode.d8.loss_mask: 0.9086  decode.d8.loss_dice: 0.6635
2026/07/23 14:24:22 - mmengine - INFO - Iter(train) [20200/80000]  base_lr: 3.9826e-05 lr: 3.9826e-05  eta: 10:53:15  time: 0.7019  data_time: 0.0190  memory: 8435  grad_norm: 69.6562  loss: 12.3498  decode.loss_cls: 0.0286  decode.loss_mask: 0.6190  decode.loss_dice: 0.5907  decode.d0.loss_cls: 0.1153  decode.d0.loss_mask: 0.6514  decode.d0.loss_dice: 0.6519  decode.d1.loss_cls: 0.0371  decode.d1.loss_mask: 0.6127  decode.d1.loss_dice: 0.5922  decode.d2.loss_cls: 0.0178  decode.d2.loss_mask: 0.6155  decode.d2.loss_dice: 0.5322  decode.d3.loss_cls: 0.0239  decode.d3.loss_mask: 0.6193  decode.d3.loss_dice: 0.5642  decode.d4.loss_cls: 0.0191  decode.d4.loss_mask: 0.6131  decode.d4.loss_dice: 0.5990  decode.d5.loss_cls: 0.0202  decode.d5.loss_mask: 0.6142  decode.d5.loss_dice: 0.5540  decode.d6.loss_cls: 0.0183  decode.d6.loss_mask: 0.6162  decode.d6.loss_dice: 0.5672  decode.d7.loss_cls: 0.0211  decode.d7.loss_mask: 0.6147  decode.d7.loss_dice: 0.5769  decode.d8.loss_cls: 0.0213  decode.d8.loss_mask: 0.6220  decode.d8.loss_dice: 0.6008
2026/07/23 14:25:31 - mmengine - INFO - Iter(train) [20300/80000]  base_lr: 3.9766e-05 lr: 3.9766e-05  eta: 10:52:20  time: 0.7277  data_time: 0.0202  memory: 8435  grad_norm: 64.4186  loss: 12.3654  decode.loss_cls: 0.0161  decode.loss_mask: 0.6441  decode.loss_dice: 0.5564  decode.d0.loss_cls: 0.1152  decode.d0.loss_mask: 0.7149  decode.d0.loss_dice: 0.6487  decode.d1.loss_cls: 0.0329  decode.d1.loss_mask: 0.6381  decode.d1.loss_dice: 0.5754  decode.d2.loss_cls: 0.0219  decode.d2.loss_mask: 0.6355  decode.d2.loss_dice: 0.5506  decode.d3.loss_cls: 0.0151  decode.d3.loss_mask: 0.6337  decode.d3.loss_dice: 0.5492  decode.d4.loss_cls: 0.0077  decode.d4.loss_mask: 0.6344  decode.d4.loss_dice: 0.5523  decode.d5.loss_cls: 0.0092  decode.d5.loss_mask: 0.6390  decode.d5.loss_dice: 0.5593  decode.d6.loss_cls: 0.0092  decode.d6.loss_mask: 0.6386  decode.d6.loss_dice: 0.5549  decode.d7.loss_cls: 0.0170  decode.d7.loss_mask: 0.6417  decode.d7.loss_dice: 0.5543  decode.d8.loss_cls: 0.0108  decode.d8.loss_mask: 0.6398  decode.d8.loss_dice: 0.5491
2026/07/23 14:26:43 - mmengine - INFO - Iter(train) [20400/80000]  base_lr: 3.9706e-05 lr: 3.9706e-05  eta: 10:51:33  time: 0.7089  data_time: 0.0226  memory: 8435  grad_norm: 52.0601  loss: 9.5545  decode.loss_cls: 0.0175  decode.loss_mask: 0.4441  decode.loss_dice: 0.4893  decode.d0.loss_cls: 0.1019  decode.d0.loss_mask: 0.4493  decode.d0.loss_dice: 0.4979  decode.d1.loss_cls: 0.0395  decode.d1.loss_mask: 0.4430  decode.d1.loss_dice: 0.4916  decode.d2.loss_cls: 0.0170  decode.d2.loss_mask: 0.4432  decode.d2.loss_dice: 0.4797  decode.d3.loss_cls: 0.0224  decode.d3.loss_mask: 0.4403  decode.d3.loss_dice: 0.4887  decode.d4.loss_cls: 0.0157  decode.d4.loss_mask: 0.4419  decode.d4.loss_dice: 0.4745  decode.d5.loss_cls: 0.0164  decode.d5.loss_mask: 0.4422  decode.d5.loss_dice: 0.4600  decode.d6.loss_cls: 0.0162  decode.d6.loss_mask: 0.4402  decode.d6.loss_dice: 0.4826  decode.d7.loss_cls: 0.0311  decode.d7.loss_mask: 0.4446  decode.d7.loss_dice: 0.4930  decode.d8.loss_cls: 0.0197  decode.d8.loss_mask: 0.4430  decode.d8.loss_dice: 0.4679
2026/07/23 14:28:00 - mmengine - INFO - Iter(train) [20500/80000]  base_lr: 3.9646e-05 lr: 3.9646e-05  eta: 10:50:59  time: 0.8207  data_time: 0.2123  memory: 8435  grad_norm: 68.7893  loss: 13.4899  decode.loss_cls: 0.0252  decode.loss_mask: 0.7127  decode.loss_dice: 0.5929  decode.d0.loss_cls: 0.1186  decode.d0.loss_mask: 0.7456  decode.d0.loss_dice: 0.6462  decode.d1.loss_cls: 0.0622  decode.d1.loss_mask: 0.7117  decode.d1.loss_dice: 0.5907  decode.d2.loss_cls: 0.0399  decode.d2.loss_mask: 0.7098  decode.d2.loss_dice: 0.6024  decode.d3.loss_cls: 0.0170  decode.d3.loss_mask: 0.7125  decode.d3.loss_dice: 0.6003  decode.d4.loss_cls: 0.0177  decode.d4.loss_mask: 0.7052  decode.d4.loss_dice: 0.5941  decode.d5.loss_cls: 0.0180  decode.d5.loss_mask: 0.7013  decode.d5.loss_dice: 0.5957  decode.d6.loss_cls: 0.0163  decode.d6.loss_mask: 0.7075  decode.d6.loss_dice: 0.5992  decode.d7.loss_cls: 0.0144  decode.d7.loss_mask: 0.7081  decode.d7.loss_dice: 0.6037  decode.d8.loss_cls: 0.0156  decode.d8.loss_mask: 0.7047  decode.d8.loss_dice: 0.6006
2026/07/23 14:29:07 - mmengine - INFO - Iter(train) [20600/80000]  base_lr: 3.9586e-05 lr: 3.9586e-05  eta: 10:49:57  time: 0.6397  data_time: 0.0197  memory: 8435  grad_norm: 74.6819  loss: 12.1958  decode.loss_cls: 0.0086  decode.loss_mask: 0.6643  decode.loss_dice: 0.5294  decode.d0.loss_cls: 0.1444  decode.d0.loss_mask: 0.6946  decode.d0.loss_dice: 0.5543  decode.d1.loss_cls: 0.0490  decode.d1.loss_mask: 0.6501  decode.d1.loss_dice: 0.5182  decode.d2.loss_cls: 0.0250  decode.d2.loss_mask: 0.6453  decode.d2.loss_dice: 0.5179  decode.d3.loss_cls: 0.0227  decode.d3.loss_mask: 0.6511  decode.d3.loss_dice: 0.5219  decode.d4.loss_cls: 0.0214  decode.d4.loss_mask: 0.6449  decode.d4.loss_dice: 0.5204  decode.d5.loss_cls: 0.0085  decode.d5.loss_mask: 0.6656  decode.d5.loss_dice: 0.5271  decode.d6.loss_cls: 0.0088  decode.d6.loss_mask: 0.6662  decode.d6.loss_dice: 0.5360  decode.d7.loss_cls: 0.0076  decode.d7.loss_mask: 0.6700  decode.d7.loss_dice: 0.5277  decode.d8.loss_cls: 0.0087  decode.d8.loss_mask: 0.6614  decode.d8.loss_dice: 0.5248
2026/07/23 14:30:29 - mmengine - INFO - Iter(train) [20700/80000]  base_lr: 3.9526e-05 lr: 3.9526e-05  eta: 10:49:39  time: 0.8902  data_time: 0.2519  memory: 8435  grad_norm: 72.1475  loss: 14.6374  decode.loss_cls: 0.0055  decode.loss_mask: 0.7696  decode.loss_dice: 0.6674  decode.d0.loss_cls: 0.0837  decode.d0.loss_mask: 0.8021  decode.d0.loss_dice: 0.7142  decode.d1.loss_cls: 0.0289  decode.d1.loss_mask: 0.7664  decode.d1.loss_dice: 0.6745  decode.d2.loss_cls: 0.0097  decode.d2.loss_mask: 0.7639  decode.d2.loss_dice: 0.6730  decode.d3.loss_cls: 0.0066  decode.d3.loss_mask: 0.7700  decode.d3.loss_dice: 0.6704  decode.d4.loss_cls: 0.0054  decode.d4.loss_mask: 0.7679  decode.d4.loss_dice: 0.6775  decode.d5.loss_cls: 0.0046  decode.d5.loss_mask: 0.7630  decode.d5.loss_dice: 0.6699  decode.d6.loss_cls: 0.0056  decode.d6.loss_mask: 0.7714  decode.d6.loss_dice: 0.6827  decode.d7.loss_cls: 0.0042  decode.d7.loss_mask: 0.7705  decode.d7.loss_dice: 0.6692  decode.d8.loss_cls: 0.0057  decode.d8.loss_mask: 0.7693  decode.d8.loss_dice: 0.6646
2026/07/23 14:31:36 - mmengine - INFO - Iter(train) [20800/80000]  base_lr: 3.9466e-05 lr: 3.9466e-05  eta: 10:48:38  time: 0.6141  data_time: 0.0148  memory: 8435  grad_norm: 130.2982  loss: 17.2594  decode.loss_cls: 0.0688  decode.loss_mask: 0.8331  decode.loss_dice: 0.7671  decode.d0.loss_cls: 0.2621  decode.d0.loss_mask: 0.9173  decode.d0.loss_dice: 0.8828  decode.d1.loss_cls: 0.1048  decode.d1.loss_mask: 0.8477  decode.d1.loss_dice: 0.7846  decode.d2.loss_cls: 0.1065  decode.d2.loss_mask: 0.8311  decode.d2.loss_dice: 0.7760  decode.d3.loss_cls: 0.0790  decode.d3.loss_mask: 0.8432  decode.d3.loss_dice: 0.7613  decode.d4.loss_cls: 0.0774  decode.d4.loss_mask: 0.8592  decode.d4.loss_dice: 0.7624  decode.d5.loss_cls: 0.1002  decode.d5.loss_mask: 0.8471  decode.d5.loss_dice: 0.7479  decode.d6.loss_cls: 0.0929  decode.d6.loss_mask: 0.8376  decode.d6.loss_dice: 0.7458  decode.d7.loss_cls: 0.0828  decode.d7.loss_mask: 0.8286  decode.d7.loss_dice: 0.7515  decode.d8.loss_cls: 0.0758  decode.d8.loss_mask: 0.8342  decode.d8.loss_dice: 0.7504
2026/07/23 14:32:38 - mmengine - INFO - Iter(train) [20900/80000]  base_lr: 3.9406e-05 lr: 3.9406e-05  eta: 10:47:19  time: 0.6012  data_time: 0.0157  memory: 8426  grad_norm: 65.7948  loss: 11.4836  decode.loss_cls: 0.0214  decode.loss_mask: 0.5877  decode.loss_dice: 0.5198  decode.d0.loss_cls: 0.0910  decode.d0.loss_mask: 0.5928  decode.d0.loss_dice: 0.5724  decode.d1.loss_cls: 0.0311  decode.d1.loss_mask: 0.5798  decode.d1.loss_dice: 0.5277  decode.d2.loss_cls: 0.0377  decode.d2.loss_mask: 0.5776  decode.d2.loss_dice: 0.5153  decode.d3.loss_cls: 0.0239  decode.d3.loss_mask: 0.5804  decode.d3.loss_dice: 0.5251  decode.d4.loss_cls: 0.0288  decode.d4.loss_mask: 0.5818  decode.d4.loss_dice: 0.5210  decode.d5.loss_cls: 0.0274  decode.d5.loss_mask: 0.5832  decode.d5.loss_dice: 0.5101  decode.d6.loss_cls: 0.0370  decode.d6.loss_mask: 0.5854  decode.d6.loss_dice: 0.5231  decode.d7.loss_cls: 0.0230  decode.d7.loss_mask: 0.5829  decode.d7.loss_dice: 0.5446  decode.d8.loss_cls: 0.0180  decode.d8.loss_mask: 0.5875  decode.d8.loss_dice: 0.5460
2026/07/23 14:33:40 - mmengine - INFO - Exp name: fusion_vits_m2f_9999_20260723_101840
2026/07/23 14:33:40 - mmengine - INFO - Iter(train) [21000/80000]  base_lr: 3.9346e-05 lr: 3.9346e-05  eta: 10:46:05  time: 0.6302  data_time: 0.0161  memory: 8435  grad_norm: 67.2654  loss: 14.1624  decode.loss_cls: 0.0180  decode.loss_mask: 0.7711  decode.loss_dice: 0.5956  decode.d0.loss_cls: 0.0916  decode.d0.loss_mask: 0.8447  decode.d0.loss_dice: 0.6451  decode.d1.loss_cls: 0.0163  decode.d1.loss_mask: 0.7776  decode.d1.loss_dice: 0.6284  decode.d2.loss_cls: 0.0137  decode.d2.loss_mask: 0.7799  decode.d2.loss_dice: 0.6311  decode.d3.loss_cls: 0.0138  decode.d3.loss_mask: 0.7735  decode.d3.loss_dice: 0.6173  decode.d4.loss_cls: 0.0123  decode.d4.loss_mask: 0.7740  decode.d4.loss_dice: 0.6077  decode.d5.loss_cls: 0.0154  decode.d5.loss_mask: 0.7714  decode.d5.loss_dice: 0.6019  decode.d6.loss_cls: 0.0165  decode.d6.loss_mask: 0.7694  decode.d6.loss_dice: 0.5989  decode.d7.loss_cls: 0.0158  decode.d7.loss_mask: 0.7704  decode.d7.loss_dice: 0.6027  decode.d8.loss_cls: 0.0180  decode.d8.loss_mask: 0.7742  decode.d8.loss_dice: 0.5962
2026/07/23 14:34:45 - mmengine - INFO - Iter(train) [21100/80000]  base_lr: 3.9286e-05 lr: 3.9286e-05  eta: 10:44:57  time: 0.6437  data_time: 0.0182  memory: 8435  grad_norm: 76.2122  loss: 14.4753  decode.loss_cls: 0.0010  decode.loss_mask: 0.8236  decode.loss_dice: 0.6034  decode.d0.loss_cls: 0.0781  decode.d0.loss_mask: 0.8491  decode.d0.loss_dice: 0.6273  decode.d1.loss_cls: 0.0189  decode.d1.loss_mask: 0.8252  decode.d1.loss_dice: 0.6118  decode.d2.loss_cls: 0.0055  decode.d2.loss_mask: 0.8224  decode.d2.loss_dice: 0.6090  decode.d3.loss_cls: 0.0023  decode.d3.loss_mask: 0.8242  decode.d3.loss_dice: 0.6139  decode.d4.loss_cls: 0.0029  decode.d4.loss_mask: 0.8157  decode.d4.loss_dice: 0.6035  decode.d5.loss_cls: 0.0027  decode.d5.loss_mask: 0.8170  decode.d5.loss_dice: 0.6052  decode.d6.loss_cls: 0.0016  decode.d6.loss_mask: 0.8227  decode.d6.loss_dice: 0.6147  decode.d7.loss_cls: 0.0011  decode.d7.loss_mask: 0.8214  decode.d7.loss_dice: 0.6095  decode.d8.loss_cls: 0.0012  decode.d8.loss_mask: 0.8258  decode.d8.loss_dice: 0.6144
2026/07/23 14:35:51 - mmengine - INFO - Iter(train) [21200/80000]  base_lr: 3.9226e-05 lr: 3.9226e-05  eta: 10:43:51  time: 0.6464  data_time: 0.0190  memory: 8426  grad_norm: 69.0906  loss: 11.8328  decode.loss_cls: 0.0332  decode.loss_mask: 0.5953  decode.loss_dice: 0.5299  decode.d0.loss_cls: 0.1210  decode.d0.loss_mask: 0.6432  decode.d0.loss_dice: 0.5951  decode.d1.loss_cls: 0.0511  decode.d1.loss_mask: 0.5884  decode.d1.loss_dice: 0.5440  decode.d2.loss_cls: 0.0345  decode.d2.loss_mask: 0.5912  decode.d2.loss_dice: 0.5433  decode.d3.loss_cls: 0.0348  decode.d3.loss_mask: 0.5940  decode.d3.loss_dice: 0.5353  decode.d4.loss_cls: 0.0328  decode.d4.loss_mask: 0.5891  decode.d4.loss_dice: 0.5334  decode.d5.loss_cls: 0.0319  decode.d5.loss_mask: 0.5961  decode.d5.loss_dice: 0.5401  decode.d6.loss_cls: 0.0302  decode.d6.loss_mask: 0.6004  decode.d6.loss_dice: 0.5372  decode.d7.loss_cls: 0.0298  decode.d7.loss_mask: 0.5933  decode.d7.loss_dice: 0.5261  decode.d8.loss_cls: 0.0331  decode.d8.loss_mask: 0.5922  decode.d8.loss_dice: 0.5328
2026/07/23 14:37:01 - mmengine - INFO - Iter(train) [21300/80000]  base_lr: 3.9166e-05 lr: 3.9166e-05  eta: 10:42:57  time: 0.7180  data_time: 0.0206  memory: 8435  grad_norm: 76.1849  loss: 15.4812  decode.loss_cls: 0.0361  decode.loss_mask: 0.7900  decode.loss_dice: 0.6878  decode.d0.loss_cls: 0.2015  decode.d0.loss_mask: 0.8803  decode.d0.loss_dice: 0.8238  decode.d1.loss_cls: 0.0812  decode.d1.loss_mask: 0.7839  decode.d1.loss_dice: 0.6962  decode.d2.loss_cls: 0.0411  decode.d2.loss_mask: 0.7834  decode.d2.loss_dice: 0.6728  decode.d3.loss_cls: 0.0339  decode.d3.loss_mask: 0.7874  decode.d3.loss_dice: 0.6717  decode.d4.loss_cls: 0.0319  decode.d4.loss_mask: 0.7857  decode.d4.loss_dice: 0.6802  decode.d5.loss_cls: 0.0304  decode.d5.loss_mask: 0.7849  decode.d5.loss_dice: 0.6807  decode.d6.loss_cls: 0.0284  decode.d6.loss_mask: 0.7845  decode.d6.loss_dice: 0.6809  decode.d7.loss_cls: 0.0410  decode.d7.loss_mask: 0.7936  decode.d7.loss_dice: 0.6794  decode.d8.loss_cls: 0.0330  decode.d8.loss_mask: 0.7885  decode.d8.loss_dice: 0.6871
2026/07/23 14:38:04 - mmengine - INFO - Iter(train) [21400/80000]  base_lr: 3.9106e-05 lr: 3.9106e-05  eta: 10:41:46  time: 0.6238  data_time: 0.0172  memory: 8435  grad_norm: 71.2309  loss: 8.3914  decode.loss_cls: 0.0475  decode.loss_mask: 0.3887  decode.loss_dice: 0.3696  decode.d0.loss_cls: 0.2927  decode.d0.loss_mask: 0.4455  decode.d0.loss_dice: 0.4624  decode.d1.loss_cls: 0.0910  decode.d1.loss_mask: 0.4010  decode.d1.loss_dice: 0.3555  decode.d2.loss_cls: 0.0604  decode.d2.loss_mask: 0.3916  decode.d2.loss_dice: 0.3368  decode.d3.loss_cls: 0.0523  decode.d3.loss_mask: 0.3879  decode.d3.loss_dice: 0.3583  decode.d4.loss_cls: 0.0482  decode.d4.loss_mask: 0.3870  decode.d4.loss_dice: 0.3662  decode.d5.loss_cls: 0.0463  decode.d5.loss_mask: 0.3923  decode.d5.loss_dice: 0.3489  decode.d6.loss_cls: 0.0479  decode.d6.loss_mask: 0.3936  decode.d6.loss_dice: 0.3551  decode.d7.loss_cls: 0.0434  decode.d7.loss_mask: 0.3899  decode.d7.loss_dice: 0.3566  decode.d8.loss_cls: 0.0456  decode.d8.loss_mask: 0.3913  decode.d8.loss_dice: 0.3379
2026/07/23 14:39:08 - mmengine - INFO - Iter(train) [21500/80000]  base_lr: 3.9046e-05 lr: 3.9046e-05  eta: 10:40:35  time: 0.6373  data_time: 0.0170  memory: 8435  grad_norm: 93.4904  loss: 13.5692  decode.loss_cls: 0.0193  decode.loss_mask: 0.6879  decode.loss_dice: 0.6203  decode.d0.loss_cls: 0.1104  decode.d0.loss_mask: 0.7784  decode.d0.loss_dice: 0.6904  decode.d1.loss_cls: 0.0311  decode.d1.loss_mask: 0.7197  decode.d1.loss_dice: 0.6362  decode.d2.loss_cls: 0.0243  decode.d2.loss_mask: 0.7030  decode.d2.loss_dice: 0.6202  decode.d3.loss_cls: 0.0252  decode.d3.loss_mask: 0.7023  decode.d3.loss_dice: 0.6132  decode.d4.loss_cls: 0.0232  decode.d4.loss_mask: 0.6983  decode.d4.loss_dice: 0.6017  decode.d5.loss_cls: 0.0232  decode.d5.loss_mask: 0.6879  decode.d5.loss_dice: 0.6057  decode.d6.loss_cls: 0.0206  decode.d6.loss_mask: 0.6879  decode.d6.loss_dice: 0.6089  decode.d7.loss_cls: 0.0178  decode.d7.loss_mask: 0.6923  decode.d7.loss_dice: 0.6082  decode.d8.loss_cls: 0.0206  decode.d8.loss_mask: 0.6862  decode.d8.loss_dice: 0.6046
2026/07/23 14:40:11 - mmengine - INFO - Iter(train) [21600/80000]  base_lr: 3.8986e-05 lr: 3.8986e-05  eta: 10:39:21  time: 0.6202  data_time: 0.0174  memory: 8435  grad_norm: 53.3081  loss: 8.9680  decode.loss_cls: 0.0161  decode.loss_mask: 0.4534  decode.loss_dice: 0.4152  decode.d0.loss_cls: 0.1506  decode.d0.loss_mask: 0.4645  decode.d0.loss_dice: 0.4487  decode.d1.loss_cls: 0.0134  decode.d1.loss_mask: 0.4548  decode.d1.loss_dice: 0.4203  decode.d2.loss_cls: 0.0086  decode.d2.loss_mask: 0.4462  decode.d2.loss_dice: 0.4261  decode.d3.loss_cls: 0.0068  decode.d3.loss_mask: 0.4477  decode.d3.loss_dice: 0.4133  decode.d4.loss_cls: 0.0072  decode.d4.loss_mask: 0.4528  decode.d4.loss_dice: 0.4165  decode.d5.loss_cls: 0.0062  decode.d5.loss_mask: 0.4519  decode.d5.loss_dice: 0.4181  decode.d6.loss_cls: 0.0073  decode.d6.loss_mask: 0.4525  decode.d6.loss_dice: 0.4112  decode.d7.loss_cls: 0.0076  decode.d7.loss_mask: 0.4557  decode.d7.loss_dice: 0.4190  decode.d8.loss_cls: 0.0071  decode.d8.loss_mask: 0.4528  decode.d8.loss_dice: 0.4163
2026/07/23 14:41:18 - mmengine - INFO - Iter(train) [21700/80000]  base_lr: 3.8926e-05 lr: 3.8926e-05  eta: 10:38:20  time: 0.6376  data_time: 0.0182  memory: 8426  grad_norm: 132.3832  loss: 12.3314  decode.loss_cls: 0.0027  decode.loss_mask: 0.6753  decode.loss_dice: 0.5141  decode.d0.loss_cls: 0.1788  decode.d0.loss_mask: 0.7707  decode.d0.loss_dice: 0.6071  decode.d1.loss_cls: 0.0266  decode.d1.loss_mask: 0.6653  decode.d1.loss_dice: 0.5266  decode.d2.loss_cls: 0.0193  decode.d2.loss_mask: 0.6699  decode.d2.loss_dice: 0.5099  decode.d3.loss_cls: 0.0149  decode.d3.loss_mask: 0.6633  decode.d3.loss_dice: 0.5074  decode.d4.loss_cls: 0.0036  decode.d4.loss_mask: 0.6670  decode.d4.loss_dice: 0.5401  decode.d5.loss_cls: 0.0039  decode.d5.loss_mask: 0.6698  decode.d5.loss_dice: 0.5227  decode.d6.loss_cls: 0.0028  decode.d6.loss_mask: 0.6709  decode.d6.loss_dice: 0.5116  decode.d7.loss_cls: 0.0025  decode.d7.loss_mask: 0.6726  decode.d7.loss_dice: 0.5158  decode.d8.loss_cls: 0.0023  decode.d8.loss_mask: 0.6779  decode.d8.loss_dice: 0.5159
2026/07/23 14:42:21 - mmengine - INFO - Iter(train) [21800/80000]  base_lr: 3.8865e-05 lr: 3.8865e-05  eta: 10:37:07  time: 0.6179  data_time: 0.0166  memory: 8426  grad_norm: 61.2155  loss: 12.8103  decode.loss_cls: 0.0127  decode.loss_mask: 0.6734  decode.loss_dice: 0.5749  decode.d0.loss_cls: 0.0776  decode.d0.loss_mask: 0.7095  decode.d0.loss_dice: 0.6130  decode.d1.loss_cls: 0.0220  decode.d1.loss_mask: 0.6766  decode.d1.loss_dice: 0.6006  decode.d2.loss_cls: 0.0105  decode.d2.loss_mask: 0.6776  decode.d2.loss_dice: 0.5858  decode.d3.loss_cls: 0.0086  decode.d3.loss_mask: 0.6768  decode.d3.loss_dice: 0.5797  decode.d4.loss_cls: 0.0129  decode.d4.loss_mask: 0.6687  decode.d4.loss_dice: 0.5756  decode.d5.loss_cls: 0.0110  decode.d5.loss_mask: 0.6780  decode.d5.loss_dice: 0.5785  decode.d6.loss_cls: 0.0096  decode.d6.loss_mask: 0.6747  decode.d6.loss_dice: 0.5704  decode.d7.loss_cls: 0.0120  decode.d7.loss_mask: 0.6782  decode.d7.loss_dice: 0.5746  decode.d8.loss_cls: 0.0119  decode.d8.loss_mask: 0.6755  decode.d8.loss_dice: 0.5792
2026/07/23 14:43:25 - mmengine - INFO - Iter(train) [21900/80000]  base_lr: 3.8805e-05 lr: 3.8805e-05  eta: 10:35:55  time: 0.6246  data_time: 0.0169  memory: 8435  grad_norm: 51.0923  loss: 8.2239  decode.loss_cls: 0.0076  decode.loss_mask: 0.4157  decode.loss_dice: 0.3929  decode.d0.loss_cls: 0.1236  decode.d0.loss_mask: 0.4289  decode.d0.loss_dice: 0.4168  decode.d1.loss_cls: 0.0239  decode.d1.loss_mask: 0.4186  decode.d1.loss_dice: 0.3668  decode.d2.loss_cls: 0.0114  decode.d2.loss_mask: 0.4091  decode.d2.loss_dice: 0.3628  decode.d3.loss_cls: 0.0121  decode.d3.loss_mask: 0.4121  decode.d3.loss_dice: 0.3846  decode.d4.loss_cls: 0.0072  decode.d4.loss_mask: 0.4126  decode.d4.loss_dice: 0.3925  decode.d5.loss_cls: 0.0076  decode.d5.loss_mask: 0.4137  decode.d5.loss_dice: 0.3777  decode.d6.loss_cls: 0.0136  decode.d6.loss_mask: 0.4120  decode.d6.loss_dice: 0.3809  decode.d7.loss_cls: 0.0129  decode.d7.loss_mask: 0.4140  decode.d7.loss_dice: 0.3868  decode.d8.loss_cls: 0.0078  decode.d8.loss_mask: 0.4131  decode.d8.loss_dice: 0.3845
2026/07/23 14:44:27 - mmengine - INFO - Exp name: fusion_vits_m2f_9999_20260723_101840
2026/07/23 14:44:27 - mmengine - INFO - Iter(train) [22000/80000]  base_lr: 3.8745e-05 lr: 3.8745e-05  eta: 10:34:41  time: 0.6488  data_time: 0.0173  memory: 8435  grad_norm: 60.8253  loss: 13.7420  decode.loss_cls: 0.0059  decode.loss_mask: 0.7554  decode.loss_dice: 0.5967  decode.d0.loss_cls: 0.0919  decode.d0.loss_mask: 0.7955  decode.d0.loss_dice: 0.6266  decode.d1.loss_cls: 0.0098  decode.d1.loss_mask: 0.7574  decode.d1.loss_dice: 0.6033  decode.d2.loss_cls: 0.0064  decode.d2.loss_mask: 0.7500  decode.d2.loss_dice: 0.5955  decode.d3.loss_cls: 0.0060  decode.d3.loss_mask: 0.7526  decode.d3.loss_dice: 0.5965  decode.d4.loss_cls: 0.0049  decode.d4.loss_mask: 0.7523  decode.d4.loss_dice: 0.5954  decode.d5.loss_cls: 0.0053  decode.d5.loss_mask: 0.7570  decode.d5.loss_dice: 0.5957  decode.d6.loss_cls: 0.0056  decode.d6.loss_mask: 0.7553  decode.d6.loss_dice: 0.5996  decode.d7.loss_cls: 0.0063  decode.d7.loss_mask: 0.7534  decode.d7.loss_dice: 0.6007  decode.d8.loss_cls: 0.0060  decode.d8.loss_mask: 0.7557  decode.d8.loss_dice: 0.5992
2026/07/23 14:44:27 - mmengine - INFO - Saving checkpoint at 22000 iterations
2026/07/23 14:45:15 - mmengine - INFO - Iter(val) [100/504]    eta: 0:01:28  time: 0.2062  data_time: 0.0080  memory: 3244  
2026/07/23 14:45:35 - mmengine - INFO - Iter(val) [200/504]    eta: 0:01:04  time: 0.2055  data_time: 0.0074  memory: 3244  
2026/07/23 14:45:55 - mmengine - INFO - Iter(val) [300/504]    eta: 0:00:42  time: 0.2063  data_time: 0.0079  memory: 3244  
2026/07/23 14:46:16 - mmengine - INFO - Iter(val) [400/504]    eta: 0:00:21  time: 0.2008  data_time: 0.0073  memory: 3244  
2026/07/23 14:46:37 - mmengine - INFO - Iter(val) [500/504]    eta: 0:00:00  time: 0.2069  data_time: 0.0076  memory: 3244  
2026/07/23 14:46:41 - mmengine - INFO - per class results:
2026/07/23 14:46:41 - mmengine - INFO - 
+--------------------+-------+-------+--------+-----------+--------+
|       Class        |  IoU  |  Acc  | Fscore | Precision | Recall |
+--------------------+-------+-------+--------+-----------+--------+
| impervious_surface | 87.85 | 94.14 | 93.53  |   92.93   | 94.14  |
|      building      | 95.35 | 97.87 | 97.62  |   97.38   | 97.87  |
|   low_vegetation   | 80.01 | 90.28 | 88.89  |   87.55   | 90.28  |
|        tree        | 81.79 | 87.59 | 89.98  |   92.51   | 87.59  |
|        car         | 94.26 | 96.02 | 97.05  |   98.09   | 96.02  |
+--------------------+-------+-------+--------+-----------+--------+
2026/07/23 14:46:41 - mmengine - INFO - Iter(val) [504/504]    aAcc: 92.5800  mIoU: 87.8500  mAcc: 93.1800  mFscore: 93.4100  mPrecision: 93.6900  mRecall: 93.1800  data_time: 0.0106  time: 0.2078
2026/07/23 14:46:41 - mmengine - INFO - The previous best checkpoint /mnt/qh2-nas3/00-model/00-fb/fusion_potsdam/work_dirs/fusion_vits_m2f_9999/best_mIoU_iter_14000.pth is removed
2026/07/23 14:47:04 - mmengine - INFO - The best checkpoint with 87.8500 mIoU at 22000 iter is saved to best_mIoU_iter_22000.pth.
2026/07/23 14:48:30 - mmengine - INFO - Iter(train) [22100/80000]  base_lr: 3.8685e-05 lr: 3.8685e-05  eta: 10:35:39  time: 0.6388  data_time: 0.0161  memory: 8426  grad_norm: 52.7980  loss: 9.8309  decode.loss_cls: 0.0033  decode.loss_mask: 0.4973  decode.loss_dice: 0.4686  decode.d0.loss_cls: 0.0997  decode.d0.loss_mask: 0.5079  decode.d0.loss_dice: 0.4946  decode.d1.loss_cls: 0.0319  decode.d1.loss_mask: 0.5080  decode.d1.loss_dice: 0.4598  decode.d2.loss_cls: 0.0241  decode.d2.loss_mask: 0.4958  decode.d2.loss_dice: 0.4468  decode.d3.loss_cls: 0.0048  decode.d3.loss_mask: 0.4971  decode.d3.loss_dice: 0.4610  decode.d4.loss_cls: 0.0048  decode.d4.loss_mask: 0.4988  decode.d4.loss_dice: 0.4703  decode.d5.loss_cls: 0.0051  decode.d5.loss_mask: 0.4970  decode.d5.loss_dice: 0.4556  decode.d6.loss_cls: 0.0048  decode.d6.loss_mask: 0.5011  decode.d6.loss_dice: 0.4672  decode.d7.loss_cls: 0.0033  decode.d7.loss_mask: 0.4967  decode.d7.loss_dice: 0.4640  decode.d8.loss_cls: 0.0044  decode.d8.loss_mask: 0.4978  decode.d8.loss_dice: 0.4596
2026/07/23 14:49:34 - mmengine - INFO - Iter(train) [22200/80000]  base_lr: 3.8625e-05 lr: 3.8625e-05  eta: 10:34:28  time: 0.6551  data_time: 0.0173  memory: 8435  grad_norm: 67.4189  loss: 12.9945  decode.loss_cls: 0.0110  decode.loss_mask: 0.6818  decode.loss_dice: 0.5897  decode.d0.loss_cls: 0.0950  decode.d0.loss_mask: 0.7822  decode.d0.loss_dice: 0.6185  decode.d1.loss_cls: 0.0443  decode.d1.loss_mask: 0.6794  decode.d1.loss_dice: 0.5808  decode.d2.loss_cls: 0.0219  decode.d2.loss_mask: 0.6759  decode.d2.loss_dice: 0.5765  decode.d3.loss_cls: 0.0183  decode.d3.loss_mask: 0.6710  decode.d3.loss_dice: 0.5954  decode.d4.loss_cls: 0.0194  decode.d4.loss_mask: 0.6653  decode.d4.loss_dice: 0.5675  decode.d5.loss_cls: 0.0202  decode.d5.loss_mask: 0.6685  decode.d5.loss_dice: 0.5802  decode.d6.loss_cls: 0.0172  decode.d6.loss_mask: 0.6740  decode.d6.loss_dice: 0.5901  decode.d7.loss_cls: 0.0204  decode.d7.loss_mask: 0.6721  decode.d7.loss_dice: 0.5853  decode.d8.loss_cls: 0.0201  decode.d8.loss_mask: 0.6770  decode.d8.loss_dice: 0.5755
2026/07/23 14:50:37 - mmengine - INFO - Iter(train) [22300/80000]  base_lr: 3.8565e-05 lr: 3.8565e-05  eta: 10:33:13  time: 0.6119  data_time: 0.0157  memory: 8435  grad_norm: 76.0448  loss: 12.7257  decode.loss_cls: 0.0088  decode.loss_mask: 0.6485  decode.loss_dice: 0.5859  decode.d0.loss_cls: 0.1167  decode.d0.loss_mask: 0.7146  decode.d0.loss_dice: 0.6260  decode.d1.loss_cls: 0.0476  decode.d1.loss_mask: 0.6656  decode.d1.loss_dice: 0.5847  decode.d2.loss_cls: 0.0381  decode.d2.loss_mask: 0.6625  decode.d2.loss_dice: 0.5835  decode.d3.loss_cls: 0.0300  decode.d3.loss_mask: 0.6420  decode.d3.loss_dice: 0.5729  decode.d4.loss_cls: 0.0287  decode.d4.loss_mask: 0.6405  decode.d4.loss_dice: 0.5685  decode.d5.loss_cls: 0.0220  decode.d5.loss_mask: 0.6382  decode.d5.loss_dice: 0.5764  decode.d6.loss_cls: 0.0245  decode.d6.loss_mask: 0.6364  decode.d6.loss_dice: 0.5771  decode.d7.loss_cls: 0.0232  decode.d7.loss_mask: 0.6360  decode.d7.loss_dice: 0.5701  decode.d8.loss_cls: 0.0197  decode.d8.loss_mask: 0.6491  decode.d8.loss_dice: 0.5878
2026/07/23 14:51:41 - mmengine - INFO - Iter(train) [22400/80000]  base_lr: 3.8505e-05 lr: 3.8505e-05  eta: 10:32:04  time: 0.6584  data_time: 0.0181  memory: 8435  grad_norm: 70.8903  loss: 13.9023  decode.loss_cls: 0.0017  decode.loss_mask: 0.7648  decode.loss_dice: 0.6055  decode.d0.loss_cls: 0.0747  decode.d0.loss_mask: 0.7987  decode.d0.loss_dice: 0.6379  decode.d1.loss_cls: 0.0181  decode.d1.loss_mask: 0.7620  decode.d1.loss_dice: 0.6234  decode.d2.loss_cls: 0.0040  decode.d2.loss_mask: 0.7607  decode.d2.loss_dice: 0.6219  decode.d3.loss_cls: 0.0018  decode.d3.loss_mask: 0.7598  decode.d3.loss_dice: 0.6127  decode.d4.loss_cls: 0.0021  decode.d4.loss_mask: 0.7577  decode.d4.loss_dice: 0.6124  decode.d5.loss_cls: 0.0022  decode.d5.loss_mask: 0.7566  decode.d5.loss_dice: 0.6106  decode.d6.loss_cls: 0.0015  decode.d6.loss_mask: 0.7598  decode.d6.loss_dice: 0.6123  decode.d7.loss_cls: 0.0015  decode.d7.loss_mask: 0.7611  decode.d7.loss_dice: 0.6082  decode.d8.loss_cls: 0.0016  decode.d8.loss_mask: 0.7574  decode.d8.loss_dice: 0.6097
2026/07/23 14:52:49 - mmengine - INFO - Iter(train) [22500/80000]  base_lr: 3.8445e-05 lr: 3.8445e-05  eta: 10:31:04  time: 0.6285  data_time: 0.0178  memory: 8435  grad_norm: 86.9939  loss: 16.3832  decode.loss_cls: 0.0411  decode.loss_mask: 0.8301  decode.loss_dice: 0.7402  decode.d0.loss_cls: 0.2113  decode.d0.loss_mask: 0.8779  decode.d0.loss_dice: 0.7675  decode.d1.loss_cls: 0.0939  decode.d1.loss_mask: 0.8185  decode.d1.loss_dice: 0.7260  decode.d2.loss_cls: 0.0602  decode.d2.loss_mask: 0.8171  decode.d2.loss_dice: 0.7316  decode.d3.loss_cls: 0.0536  decode.d3.loss_mask: 0.8209  decode.d3.loss_dice: 0.7054  decode.d4.loss_cls: 0.0598  decode.d4.loss_mask: 0.8170  decode.d4.loss_dice: 0.6950  decode.d5.loss_cls: 0.0528  decode.d5.loss_mask: 0.8201  decode.d5.loss_dice: 0.7625  decode.d6.loss_cls: 0.0549  decode.d6.loss_mask: 0.8174  decode.d6.loss_dice: 0.7125  decode.d7.loss_cls: 0.0670  decode.d7.loss_mask: 0.8192  decode.d7.loss_dice: 0.7600  decode.d8.loss_cls: 0.0483  decode.d8.loss_mask: 0.8307  decode.d8.loss_dice: 0.7709
2026/07/23 14:53:54 - mmengine - INFO - Iter(train) [22600/80000]  base_lr: 3.8384e-05 lr: 3.8384e-05  eta: 10:29:54  time: 0.6177  data_time: 0.0171  memory: 8426  grad_norm: 63.0946  loss: 13.4898  decode.loss_cls: 0.0105  decode.loss_mask: 0.7532  decode.loss_dice: 0.5813  decode.d0.loss_cls: 0.0849  decode.d0.loss_mask: 0.7711  decode.d0.loss_dice: 0.5739  decode.d1.loss_cls: 0.0177  decode.d1.loss_mask: 0.7480  decode.d1.loss_dice: 0.5814  decode.d2.loss_cls: 0.0130  decode.d2.loss_mask: 0.7491  decode.d2.loss_dice: 0.5819  decode.d3.loss_cls: 0.0133  decode.d3.loss_mask: 0.7462  decode.d3.loss_dice: 0.5833  decode.d4.loss_cls: 0.0117  decode.d4.loss_mask: 0.7468  decode.d4.loss_dice: 0.5763  decode.d5.loss_cls: 0.0103  decode.d5.loss_mask: 0.7493  decode.d5.loss_dice: 0.5821  decode.d6.loss_cls: 0.0120  decode.d6.loss_mask: 0.7461  decode.d6.loss_dice: 0.5775  decode.d7.loss_cls: 0.0137  decode.d7.loss_mask: 0.7456  decode.d7.loss_dice: 0.5799  decode.d8.loss_cls: 0.0104  decode.d8.loss_mask: 0.7457  decode.d8.loss_dice: 0.5737
2026/07/23 14:54:58 - mmengine - INFO - Iter(train) [22700/80000]  base_lr: 3.8324e-05 lr: 3.8324e-05  eta: 10:28:44  time: 0.6429  data_time: 0.0174  memory: 8435  grad_norm: 61.5999  loss: 14.1787  decode.loss_cls: 0.0024  decode.loss_mask: 0.7745  decode.loss_dice: 0.6301  decode.d0.loss_cls: 0.0735  decode.d0.loss_mask: 0.8089  decode.d0.loss_dice: 0.6238  decode.d1.loss_cls: 0.0160  decode.d1.loss_mask: 0.7844  decode.d1.loss_dice: 0.6327  decode.d2.loss_cls: 0.0052  decode.d2.loss_mask: 0.7795  decode.d2.loss_dice: 0.6262  decode.d3.loss_cls: 0.0043  decode.d3.loss_mask: 0.7705  decode.d3.loss_dice: 0.6165  decode.d4.loss_cls: 0.0044  decode.d4.loss_mask: 0.7774  decode.d4.loss_dice: 0.6287  decode.d5.loss_cls: 0.0035  decode.d5.loss_mask: 0.7752  decode.d5.loss_dice: 0.6310  decode.d6.loss_cls: 0.0020  decode.d6.loss_mask: 0.7680  decode.d6.loss_dice: 0.6281  decode.d7.loss_cls: 0.0021  decode.d7.loss_mask: 0.7682  decode.d7.loss_dice: 0.6263  decode.d8.loss_cls: 0.0030  decode.d8.loss_mask: 0.7743  decode.d8.loss_dice: 0.6380
2026/07/23 14:56:02 - mmengine - INFO - Iter(train) [22800/80000]  base_lr: 3.8264e-05 lr: 3.8264e-05  eta: 10:27:34  time: 0.6523  data_time: 0.0176  memory: 8435  grad_norm: 80.9744  loss: 14.3864  decode.loss_cls: 0.0110  decode.loss_mask: 0.7784  decode.loss_dice: 0.6271  decode.d0.loss_cls: 0.0761  decode.d0.loss_mask: 0.8000  decode.d0.loss_dice: 0.6635  decode.d1.loss_cls: 0.0374  decode.d1.loss_mask: 0.7785  decode.d1.loss_dice: 0.6458  decode.d2.loss_cls: 0.0177  decode.d2.loss_mask: 0.7805  decode.d2.loss_dice: 0.6426  decode.d3.loss_cls: 0.0174  decode.d3.loss_mask: 0.7800  decode.d3.loss_dice: 0.6259  decode.d4.loss_cls: 0.0136  decode.d4.loss_mask: 0.7792  decode.d4.loss_dice: 0.6235  decode.d5.loss_cls: 0.0115  decode.d5.loss_mask: 0.7773  decode.d5.loss_dice: 0.6255  decode.d6.loss_cls: 0.0095  decode.d6.loss_mask: 0.7782  decode.d6.loss_dice: 0.6449  decode.d7.loss_cls: 0.0099  decode.d7.loss_mask: 0.7717  decode.d7.loss_dice: 0.6359  decode.d8.loss_cls: 0.0129  decode.d8.loss_mask: 0.7736  decode.d8.loss_dice: 0.6372
2026/07/23 14:57:07 - mmengine - INFO - Iter(train) [22900/80000]  base_lr: 3.8204e-05 lr: 3.8204e-05  eta: 10:26:25  time: 0.6396  data_time: 0.0181  memory: 8426  grad_norm: 61.9769  loss: 10.6285  decode.loss_cls: 0.0027  decode.loss_mask: 0.5865  decode.loss_dice: 0.4572  decode.d0.loss_cls: 0.1239  decode.d0.loss_mask: 0.6244  decode.d0.loss_dice: 0.4968  decode.d1.loss_cls: 0.0122  decode.d1.loss_mask: 0.5885  decode.d1.loss_dice: 0.4603  decode.d2.loss_cls: 0.0048  decode.d2.loss_mask: 0.5829  decode.d2.loss_dice: 0.4472  decode.d3.loss_cls: 0.0050  decode.d3.loss_mask: 0.5825  decode.d3.loss_dice: 0.4529  decode.d4.loss_cls: 0.0027  decode.d4.loss_mask: 0.5850  decode.d4.loss_dice: 0.4529  decode.d5.loss_cls: 0.0023  decode.d5.loss_mask: 0.5845  decode.d5.loss_dice: 0.4487  decode.d6.loss_cls: 0.0031  decode.d6.loss_mask: 0.5878  decode.d6.loss_dice: 0.4557  decode.d7.loss_cls: 0.0027  decode.d7.loss_mask: 0.5839  decode.d7.loss_dice: 0.4530  decode.d8.loss_cls: 0.0023  decode.d8.loss_mask: 0.5838  decode.d8.loss_dice: 0.4521
2026/07/23 14:58:11 - mmengine - INFO - Exp name: fusion_vits_m2f_9999_20260723_101840
2026/07/23 14:58:11 - mmengine - INFO - Iter(train) [23000/80000]  base_lr: 3.8144e-05 lr: 3.8144e-05  eta: 10:25:16  time: 0.6369  data_time: 0.0180  memory: 8435  grad_norm: 61.5694  loss: 10.2677  decode.loss_cls: 0.0052  decode.loss_mask: 0.5102  decode.loss_dice: 0.4887  decode.d0.loss_cls: 0.0815  decode.d0.loss_mask: 0.5524  decode.d0.loss_dice: 0.5196  decode.d1.loss_cls: 0.0400  decode.d1.loss_mask: 0.5171  decode.d1.loss_dice: 0.4813  decode.d2.loss_cls: 0.0110  decode.d2.loss_mask: 0.5106  decode.d2.loss_dice: 0.4948  decode.d3.loss_cls: 0.0086  decode.d3.loss_mask: 0.5108  decode.d3.loss_dice: 0.4900  decode.d4.loss_cls: 0.0066  decode.d4.loss_mask: 0.5083  decode.d4.loss_dice: 0.4985  decode.d5.loss_cls: 0.0068  decode.d5.loss_mask: 0.5055  decode.d5.loss_dice: 0.4968  decode.d6.loss_cls: 0.0099  decode.d6.loss_mask: 0.5065  decode.d6.loss_dice: 0.4954  decode.d7.loss_cls: 0.0087  decode.d7.loss_mask: 0.5069  decode.d7.loss_dice: 0.4913  decode.d8.loss_cls: 0.0094  decode.d8.loss_mask: 0.5086  decode.d8.loss_dice: 0.4870
2026/07/23 14:59:15 - mmengine - INFO - Iter(train) [23100/80000]  base_lr: 3.8083e-05 lr: 3.8083e-05  eta: 10:24:06  time: 0.6212  data_time: 0.0164  memory: 8435  grad_norm: 52.3094  loss: 10.8415  decode.loss_cls: 0.0021  decode.loss_mask: 0.5775  decode.loss_dice: 0.4870  decode.d0.loss_cls: 0.0804  decode.d0.loss_mask: 0.6283  decode.d0.loss_dice: 0.5197  decode.d1.loss_cls: 0.0214  decode.d1.loss_mask: 0.5785  decode.d1.loss_dice: 0.4939  decode.d2.loss_cls: 0.0169  decode.d2.loss_mask: 0.5727  decode.d2.loss_dice: 0.4844  decode.d3.loss_cls: 0.0010  decode.d3.loss_mask: 0.5796  decode.d3.loss_dice: 0.4894  decode.d4.loss_cls: 0.0007  decode.d4.loss_mask: 0.5739  decode.d4.loss_dice: 0.4875  decode.d5.loss_cls: 0.0012  decode.d5.loss_mask: 0.5775  decode.d5.loss_dice: 0.4841  decode.d6.loss_cls: 0.0007  decode.d6.loss_mask: 0.5756  decode.d6.loss_dice: 0.4824  decode.d7.loss_cls: 0.0009  decode.d7.loss_mask: 0.5776  decode.d7.loss_dice: 0.4825  decode.d8.loss_cls: 0.0015  decode.d8.loss_mask: 0.5768  decode.d8.loss_dice: 0.4857
2026/07/23 15:00:18 - mmengine - INFO - Iter(train) [23200/80000]  base_lr: 3.8023e-05 lr: 3.8023e-05  eta: 10:22:54  time: 0.6263  data_time: 0.0155  memory: 8435  grad_norm: 52.4506  loss: 9.8102  decode.loss_cls: 0.0133  decode.loss_mask: 0.4876  decode.loss_dice: 0.4606  decode.d0.loss_cls: 0.1181  decode.d0.loss_mask: 0.5153  decode.d0.loss_dice: 0.4943  decode.d1.loss_cls: 0.0206  decode.d1.loss_mask: 0.4982  decode.d1.loss_dice: 0.4700  decode.d2.loss_cls: 0.0163  decode.d2.loss_mask: 0.4906  decode.d2.loss_dice: 0.4557  decode.d3.loss_cls: 0.0109  decode.d3.loss_mask: 0.4832  decode.d3.loss_dice: 0.4619  decode.d4.loss_cls: 0.0139  decode.d4.loss_mask: 0.4877  decode.d4.loss_dice: 0.4582  decode.d5.loss_cls: 0.0128  decode.d5.loss_mask: 0.4883  decode.d5.loss_dice: 0.4674  decode.d6.loss_cls: 0.0138  decode.d6.loss_mask: 0.4837  decode.d6.loss_dice: 0.4672  decode.d7.loss_cls: 0.0161  decode.d7.loss_mask: 0.4875  decode.d7.loss_dice: 0.4588  decode.d8.loss_cls: 0.0179  decode.d8.loss_mask: 0.4882  decode.d8.loss_dice: 0.4522
2026/07/23 15:01:47 - mmengine - INFO - Iter(train) [23300/80000]  base_lr: 3.7963e-05 lr: 3.7963e-05  eta: 10:22:43  time: 1.2502  data_time: 0.6752  memory: 8435  grad_norm: 47.9258  loss: 10.3204  decode.loss_cls: 0.0029  decode.loss_mask: 0.5234  decode.loss_dice: 0.4804  decode.d0.loss_cls: 0.0815  decode.d0.loss_mask: 0.5558  decode.d0.loss_dice: 0.5245  decode.d1.loss_cls: 0.0117  decode.d1.loss_mask: 0.5300  decode.d1.loss_dice: 0.5157  decode.d2.loss_cls: 0.0086  decode.d2.loss_mask: 0.5196  decode.d2.loss_dice: 0.4881  decode.d3.loss_cls: 0.0049  decode.d3.loss_mask: 0.5205  decode.d3.loss_dice: 0.4949  decode.d4.loss_cls: 0.0141  decode.d4.loss_mask: 0.5163  decode.d4.loss_dice: 0.4849  decode.d5.loss_cls: 0.0040  decode.d5.loss_mask: 0.5210  decode.d5.loss_dice: 0.4949  decode.d6.loss_cls: 0.0035  decode.d6.loss_mask: 0.5204  decode.d6.loss_dice: 0.4888  decode.d7.loss_cls: 0.0033  decode.d7.loss_mask: 0.5186  decode.d7.loss_dice: 0.4825  decode.d8.loss_cls: 0.0034  decode.d8.loss_mask: 0.5198  decode.d8.loss_dice: 0.4825
2026/07/23 15:03:38 - mmengine - INFO - Iter(train) [23400/80000]  base_lr: 3.7903e-05 lr: 3.7903e-05  eta: 10:23:27  time: 0.6139  data_time: 0.0179  memory: 8435  grad_norm: 102.9371  loss: 14.4202  decode.loss_cls: 0.0336  decode.loss_mask: 0.7402  decode.loss_dice: 0.6300  decode.d0.loss_cls: 0.1091  decode.d0.loss_mask: 0.8109  decode.d0.loss_dice: 0.6943  decode.d1.loss_cls: 0.0526  decode.d1.loss_mask: 0.7452  decode.d1.loss_dice: 0.6452  decode.d2.loss_cls: 0.0308  decode.d2.loss_mask: 0.7495  decode.d2.loss_dice: 0.6326  decode.d3.loss_cls: 0.0314  decode.d3.loss_mask: 0.7446  decode.d3.loss_dice: 0.6409  decode.d4.loss_cls: 0.0258  decode.d4.loss_mask: 0.7384  decode.d4.loss_dice: 0.6372  decode.d5.loss_cls: 0.0211  decode.d5.loss_mask: 0.7508  decode.d5.loss_dice: 0.6545  decode.d6.loss_cls: 0.0221  decode.d6.loss_mask: 0.7458  decode.d6.loss_dice: 0.6601  decode.d7.loss_cls: 0.0173  decode.d7.loss_mask: 0.7539  decode.d7.loss_dice: 0.6587  decode.d8.loss_cls: 0.0198  decode.d8.loss_mask: 0.7709  decode.d8.loss_dice: 0.6529
2026/07/23 15:04:42 - mmengine - INFO - Iter(train) [23500/80000]  base_lr: 3.7842e-05 lr: 3.7842e-05  eta: 10:22:14  time: 0.6332  data_time: 0.0214  memory: 8426  grad_norm: 74.1442  loss: 11.9827  decode.loss_cls: 0.0037  decode.loss_mask: 0.6605  decode.loss_dice: 0.5224  decode.d0.loss_cls: 0.0911  decode.d0.loss_mask: 0.6666  decode.d0.loss_dice: 0.5345  decode.d1.loss_cls: 0.0097  decode.d1.loss_mask: 0.6633  decode.d1.loss_dice: 0.5179  decode.d2.loss_cls: 0.0047  decode.d2.loss_mask: 0.6615  decode.d2.loss_dice: 0.5192  decode.d3.loss_cls: 0.0024  decode.d3.loss_mask: 0.6687  decode.d3.loss_dice: 0.5247  decode.d4.loss_cls: 0.0027  decode.d4.loss_mask: 0.6629  decode.d4.loss_dice: 0.5236  decode.d5.loss_cls: 0.0023  decode.d5.loss_mask: 0.6640  decode.d5.loss_dice: 0.5255  decode.d6.loss_cls: 0.0025  decode.d6.loss_mask: 0.6651  decode.d6.loss_dice: 0.5239  decode.d7.loss_cls: 0.0039  decode.d7.loss_mask: 0.6616  decode.d7.loss_dice: 0.5175  decode.d8.loss_cls: 0.0034  decode.d8.loss_mask: 0.6590  decode.d8.loss_dice: 0.5141
2026/07/23 15:05:44 - mmengine - INFO - Iter(train) [23600/80000]  base_lr: 3.7782e-05 lr: 3.7782e-05  eta: 10:21:01  time: 0.6298  data_time: 0.0187  memory: 8435  grad_norm: 55.3493  loss: 11.5628  decode.loss_cls: 0.0204  decode.loss_mask: 0.6271  decode.loss_dice: 0.4993  decode.d0.loss_cls: 0.0829  decode.d0.loss_mask: 0.6714  decode.d0.loss_dice: 0.5174  decode.d1.loss_cls: 0.0342  decode.d1.loss_mask: 0.6283  decode.d1.loss_dice: 0.4945  decode.d2.loss_cls: 0.0145  decode.d2.loss_mask: 0.6341  decode.d2.loss_dice: 0.4987  decode.d3.loss_cls: 0.0199  decode.d3.loss_mask: 0.6189  decode.d3.loss_dice: 0.4962  decode.d4.loss_cls: 0.0168  decode.d4.loss_mask: 0.6276  decode.d4.loss_dice: 0.5037  decode.d5.loss_cls: 0.0157  decode.d5.loss_mask: 0.6260  decode.d5.loss_dice: 0.4961  decode.d6.loss_cls: 0.0152  decode.d6.loss_mask: 0.6285  decode.d6.loss_dice: 0.4914  decode.d7.loss_cls: 0.0194  decode.d7.loss_mask: 0.6215  decode.d7.loss_dice: 0.4968  decode.d8.loss_cls: 0.0203  decode.d8.loss_mask: 0.6260  decode.d8.loss_dice: 0.4998
2026/07/23 15:06:48 - mmengine - INFO - Iter(train) [23700/80000]  base_lr: 3.7722e-05 lr: 3.7722e-05  eta: 10:19:48  time: 0.6312  data_time: 0.0177  memory: 8435  grad_norm: 63.8483  loss: 13.5982  decode.loss_cls: 0.0031  decode.loss_mask: 0.7577  decode.loss_dice: 0.5897  decode.d0.loss_cls: 0.0717  decode.d0.loss_mask: 0.7839  decode.d0.loss_dice: 0.6180  decode.d1.loss_cls: 0.0095  decode.d1.loss_mask: 0.7568  decode.d1.loss_dice: 0.6070  decode.d2.loss_cls: 0.0045  decode.d2.loss_mask: 0.7529  decode.d2.loss_dice: 0.5923  decode.d3.loss_cls: 0.0062  decode.d3.loss_mask: 0.7538  decode.d3.loss_dice: 0.5920  decode.d4.loss_cls: 0.0073  decode.d4.loss_mask: 0.7490  decode.d4.loss_dice: 0.5912  decode.d5.loss_cls: 0.0072  decode.d5.loss_mask: 0.7516  decode.d5.loss_dice: 0.5858  decode.d6.loss_cls: 0.0035  decode.d6.loss_mask: 0.7505  decode.d6.loss_dice: 0.5870  decode.d7.loss_cls: 0.0033  decode.d7.loss_mask: 0.7503  decode.d7.loss_dice: 0.5790  decode.d8.loss_cls: 0.0033  decode.d8.loss_mask: 0.7501  decode.d8.loss_dice: 0.5800
2026/07/23 15:07:53 - mmengine - INFO - Iter(train) [23800/80000]  base_lr: 3.7661e-05 lr: 3.7661e-05  eta: 10:18:39  time: 0.6286  data_time: 0.0167  memory: 8426  grad_norm: 71.6027  loss: 11.8110  decode.loss_cls: 0.0195  decode.loss_mask: 0.6196  decode.loss_dice: 0.5269  decode.d0.loss_cls: 0.1396  decode.d0.loss_mask: 0.6553  decode.d0.loss_dice: 0.5745  decode.d1.loss_cls: 0.0319  decode.d1.loss_mask: 0.6141  decode.d1.loss_dice: 0.5338  decode.d2.loss_cls: 0.0191  decode.d2.loss_mask: 0.6149  decode.d2.loss_dice: 0.5199  decode.d3.loss_cls: 0.0158  decode.d3.loss_mask: 0.6206  decode.d3.loss_dice: 0.5283  decode.d4.loss_cls: 0.0097  decode.d4.loss_mask: 0.6157  decode.d4.loss_dice: 0.5200  decode.d5.loss_cls: 0.0170  decode.d5.loss_mask: 0.6202  decode.d5.loss_dice: 0.5212  decode.d6.loss_cls: 0.0217  decode.d6.loss_mask: 0.6152  decode.d6.loss_dice: 0.5193  decode.d7.loss_cls: 0.0158  decode.d7.loss_mask: 0.6144  decode.d7.loss_dice: 0.5187  decode.d8.loss_cls: 0.0220  decode.d8.loss_mask: 0.6205  decode.d8.loss_dice: 0.5257
2026/07/23 15:08:56 - mmengine - INFO - Iter(train) [23900/80000]  base_lr: 3.7601e-05 lr: 3.7601e-05  eta: 10:17:27  time: 0.6541  data_time: 0.0193  memory: 8435  grad_norm: 96.1348  loss: 12.3964  decode.loss_cls: 0.0212  decode.loss_mask: 0.6612  decode.loss_dice: 0.5459  decode.d0.loss_cls: 0.1548  decode.d0.loss_mask: 0.7118  decode.d0.loss_dice: 0.6121  decode.d1.loss_cls: 0.0439  decode.d1.loss_mask: 0.6492  decode.d1.loss_dice: 0.5392  decode.d2.loss_cls: 0.0186  decode.d2.loss_mask: 0.6525  decode.d2.loss_dice: 0.5370  decode.d3.loss_cls: 0.0189  decode.d3.loss_mask: 0.6670  decode.d3.loss_dice: 0.5317  decode.d4.loss_cls: 0.0180  decode.d4.loss_mask: 0.6717  decode.d4.loss_dice: 0.5293  decode.d5.loss_cls: 0.0177  decode.d5.loss_mask: 0.6610  decode.d5.loss_dice: 0.5262  decode.d6.loss_cls: 0.0168  decode.d6.loss_mask: 0.6479  decode.d6.loss_dice: 0.5264  decode.d7.loss_cls: 0.0154  decode.d7.loss_mask: 0.6508  decode.d7.loss_dice: 0.5340  decode.d8.loss_cls: 0.0210  decode.d8.loss_mask: 0.6559  decode.d8.loss_dice: 0.5393
2026/07/23 15:10:05 - mmengine - INFO - Exp name: fusion_vits_m2f_9999_20260723_101840
2026/07/23 15:10:05 - mmengine - INFO - Iter(train) [24000/80000]  base_lr: 3.7541e-05 lr: 3.7541e-05  eta: 10:16:28  time: 0.6651  data_time: 0.0191  memory: 8435  grad_norm: 61.4869  loss: 11.4260  decode.loss_cls: 0.0118  decode.loss_mask: 0.6092  decode.loss_dice: 0.4955  decode.d0.loss_cls: 0.1423  decode.d0.loss_mask: 0.6475  decode.d0.loss_dice: 0.5522  decode.d1.loss_cls: 0.0543  decode.d1.loss_mask: 0.6145  decode.d1.loss_dice: 0.5052  decode.d2.loss_cls: 0.0196  decode.d2.loss_mask: 0.6099  decode.d2.loss_dice: 0.4968  decode.d3.loss_cls: 0.0164  decode.d3.loss_mask: 0.6080  decode.d3.loss_dice: 0.4860  decode.d4.loss_cls: 0.0132  decode.d4.loss_mask: 0.6046  decode.d4.loss_dice: 0.5084  decode.d5.loss_cls: 0.0106  decode.d5.loss_mask: 0.6101  decode.d5.loss_dice: 0.4905  decode.d6.loss_cls: 0.0129  decode.d6.loss_mask: 0.6125  decode.d6.loss_dice: 0.4844  decode.d7.loss_cls: 0.0125  decode.d7.loss_mask: 0.6118  decode.d7.loss_dice: 0.4788  decode.d8.loss_cls: 0.0124  decode.d8.loss_mask: 0.6082  decode.d8.loss_dice: 0.4858
2026/07/23 15:10:05 - mmengine - INFO - Saving checkpoint at 24000 iterations
2026/07/23 15:11:00 - mmengine - INFO - Iter(val) [100/504]    eta: 0:01:33  time: 0.2737  data_time: 0.0748  memory: 3244  
2026/07/23 15:11:25 - mmengine - INFO - Iter(val) [200/504]    eta: 0:01:13  time: 0.2175  data_time: 0.0106  memory: 3244  
2026/07/23 15:11:46 - mmengine - INFO - Iter(val) [300/504]    eta: 0:00:47  time: 0.2056  data_time: 0.0085  memory: 3244  
2026/07/23 15:12:07 - mmengine - INFO - Iter(val) [400/504]    eta: 0:00:23  time: 0.2082  data_time: 0.0082  memory: 3244  
2026/07/23 15:12:28 - mmengine - INFO - Iter(val) [500/504]    eta: 0:00:00  time: 0.2205  data_time: 0.0085  memory: 3244  
2026/07/23 15:12:32 - mmengine - INFO - per class results:
2026/07/23 15:12:32 - mmengine - INFO - 
+--------------------+-------+-------+--------+-----------+--------+
|       Class        |  IoU  |  Acc  | Fscore | Precision | Recall |
+--------------------+-------+-------+--------+-----------+--------+
| impervious_surface | 85.78 | 91.55 | 92.34  |   93.16   | 91.55  |
|      building      | 89.08 | 99.27 | 94.23  |   89.67   | 99.27  |
|   low_vegetation   | 73.31 | 85.17 |  84.6  |   84.03   | 85.17  |
|        tree        | 78.58 | 83.25 |  88.0  |   93.33   | 83.25  |
|        car         | 93.34 |  95.8 | 96.56  |   97.32   |  95.8  |
+--------------------+-------+-------+--------+-----------+--------+
2026/07/23 15:12:32 - mmengine - INFO - Iter(val) [504/504]    aAcc: 89.9500  mIoU: 84.0200  mAcc: 91.0100  mFscore: 91.1500  mPrecision: 91.5000  mRecall: 91.0100  data_time: 0.0218  time: 0.2213
2026/07/23 15:13:36 - mmengine - INFO - Iter(train) [24100/80000]  base_lr: 3.7480e-05 lr: 3.7480e-05  eta: 10:15:24  time: 0.5993  data_time: 0.0143  memory: 8435  grad_norm: 59.5359  loss: 12.5714  decode.loss_cls: 0.0115  decode.loss_mask: 0.6294  decode.loss_dice: 0.5794  decode.d0.loss_cls: 0.0972  decode.d0.loss_mask: 0.7118  decode.d0.loss_dice: 0.6626  decode.d1.loss_cls: 0.0331  decode.d1.loss_mask: 0.6412  decode.d1.loss_dice: 0.6114  decode.d2.loss_cls: 0.0200  decode.d2.loss_mask: 0.6321  decode.d2.loss_dice: 0.5960  decode.d3.loss_cls: 0.0107  decode.d3.loss_mask: 0.6364  decode.d3.loss_dice: 0.5824  decode.d4.loss_cls: 0.0086  decode.d4.loss_mask: 0.6320  decode.d4.loss_dice: 0.5809  decode.d5.loss_cls: 0.0127  decode.d5.loss_mask: 0.6332  decode.d5.loss_dice: 0.5859  decode.d6.loss_cls: 0.0123  decode.d6.loss_mask: 0.6344  decode.d6.loss_dice: 0.5777  decode.d7.loss_cls: 0.0106  decode.d7.loss_mask: 0.6330  decode.d7.loss_dice: 0.5797  decode.d8.loss_cls: 0.0135  decode.d8.loss_mask: 0.6280  decode.d8.loss_dice: 0.5735
2026/07/23 15:14:41 - mmengine - INFO - Iter(train) [24200/80000]  base_lr: 3.7420e-05 lr: 3.7420e-05  eta: 10:14:16  time: 0.9803  data_time: 0.3921  memory: 8435  grad_norm: 58.7923  loss: 10.5732  decode.loss_cls: 0.0188  decode.loss_mask: 0.6028  decode.loss_dice: 0.4173  decode.d0.loss_cls: 0.1509  decode.d0.loss_mask: 0.6249  decode.d0.loss_dice: 0.4454  decode.d1.loss_cls: 0.0278  decode.d1.loss_mask: 0.5999  decode.d1.loss_dice: 0.4225  decode.d2.loss_cls: 0.0198  decode.d2.loss_mask: 0.6025  decode.d2.loss_dice: 0.4164  decode.d3.loss_cls: 0.0123  decode.d3.loss_mask: 0.6048  decode.d3.loss_dice: 0.4219  decode.d4.loss_cls: 0.0131  decode.d4.loss_mask: 0.6030  decode.d4.loss_dice: 0.4129  decode.d5.loss_cls: 0.0123  decode.d5.loss_mask: 0.6033  decode.d5.loss_dice: 0.4211  decode.d6.loss_cls: 0.0146  decode.d6.loss_mask: 0.6062  decode.d6.loss_dice: 0.4175  decode.d7.loss_cls: 0.0150  decode.d7.loss_mask: 0.6076  decode.d7.loss_dice: 0.4240  decode.d8.loss_cls: 0.0173  decode.d8.loss_mask: 0.6015  decode.d8.loss_dice: 0.4159
2026/07/23 15:15:43 - mmengine - INFO - Iter(train) [24300/80000]  base_lr: 3.7360e-05 lr: 3.7360e-05  eta: 10:13:02  time: 0.6426  data_time: 0.0180  memory: 8426  grad_norm: 108.4763  loss: 13.6246  decode.loss_cls: 0.0127  decode.loss_mask: 0.7482  decode.loss_dice: 0.5635  decode.d0.loss_cls: 0.1492  decode.d0.loss_mask: 0.8103  decode.d0.loss_dice: 0.6253  decode.d1.loss_cls: 0.0399  decode.d1.loss_mask: 0.7505  decode.d1.loss_dice: 0.5808  decode.d2.loss_cls: 0.0181  decode.d2.loss_mask: 0.7527  decode.d2.loss_dice: 0.5588  decode.d3.loss_cls: 0.0098  decode.d3.loss_mask: 0.7531  decode.d3.loss_dice: 0.5728  decode.d4.loss_cls: 0.0217  decode.d4.loss_mask: 0.7491  decode.d4.loss_dice: 0.5808  decode.d5.loss_cls: 0.0090  decode.d5.loss_mask: 0.7507  decode.d5.loss_dice: 0.5953  decode.d6.loss_cls: 0.0078  decode.d6.loss_mask: 0.7496  decode.d6.loss_dice: 0.5751  decode.d7.loss_cls: 0.0067  decode.d7.loss_mask: 0.7520  decode.d7.loss_dice: 0.5697  decode.d8.loss_cls: 0.0085  decode.d8.loss_mask: 0.7419  decode.d8.loss_dice: 0.5610
2026/07/23 15:16:47 - mmengine - INFO - Iter(train) [24400/80000]  base_lr: 3.7299e-05 lr: 3.7299e-05  eta: 10:11:50  time: 0.6367  data_time: 0.0176  memory: 8435  grad_norm: 60.3560  loss: 12.5208  decode.loss_cls: 0.0034  decode.loss_mask: 0.6741  decode.loss_dice: 0.5625  decode.d0.loss_cls: 0.0721  decode.d0.loss_mask: 0.6989  decode.d0.loss_dice: 0.5721  decode.d1.loss_cls: 0.0261  decode.d1.loss_mask: 0.6681  decode.d1.loss_dice: 0.5624  decode.d2.loss_cls: 0.0080  decode.d2.loss_mask: 0.6692  decode.d2.loss_dice: 0.5674  decode.d3.loss_cls: 0.0054  decode.d3.loss_mask: 0.6700  decode.d3.loss_dice: 0.5622  decode.d4.loss_cls: 0.0054  decode.d4.loss_mask: 0.6690  decode.d4.loss_dice: 0.5613  decode.d5.loss_cls: 0.0045  decode.d5.loss_mask: 0.6696  decode.d5.loss_dice: 0.5629  decode.d6.loss_cls: 0.0099  decode.d6.loss_mask: 0.6668  decode.d6.loss_dice: 0.5663  decode.d7.loss_cls: 0.0030  decode.d7.loss_mask: 0.6701  decode.d7.loss_dice: 0.5637  decode.d8.loss_cls: 0.0035  decode.d8.loss_mask: 0.6728  decode.d8.loss_dice: 0.5700
2026/07/23 15:17:50 - mmengine - INFO - Iter(train) [24500/80000]  base_lr: 3.7239e-05 lr: 3.7239e-05  eta: 10:10:39  time: 0.6357  data_time: 0.0168  memory: 8435  grad_norm: 42.7792  loss: 6.3528  decode.loss_cls: 0.0030  decode.loss_mask: 0.3240  decode.loss_dice: 0.2955  decode.d0.loss_cls: 0.0763  decode.d0.loss_mask: 0.3274  decode.d0.loss_dice: 0.3239  decode.d1.loss_cls: 0.0229  decode.d1.loss_mask: 0.3278  decode.d1.loss_dice: 0.2980  decode.d2.loss_cls: 0.0028  decode.d2.loss_mask: 0.3226  decode.d2.loss_dice: 0.2956  decode.d3.loss_cls: 0.0018  decode.d3.loss_mask: 0.3247  decode.d3.loss_dice: 0.2948  decode.d4.loss_cls: 0.0025  decode.d4.loss_mask: 0.3235  decode.d4.loss_dice: 0.2949  decode.d5.loss_cls: 0.0027  decode.d5.loss_mask: 0.3266  decode.d5.loss_dice: 0.2952  decode.d6.loss_cls: 0.0032  decode.d6.loss_mask: 0.3253  decode.d6.loss_dice: 0.2935  decode.d7.loss_cls: 0.0034  decode.d7.loss_mask: 0.3260  decode.d7.loss_dice: 0.2921  decode.d8.loss_cls: 0.0024  decode.d8.loss_mask: 0.3261  decode.d8.loss_dice: 0.2941
2026/07/23 15:18:53 - mmengine - INFO - Iter(train) [24600/80000]  base_lr: 3.7179e-05 lr: 3.7179e-05  eta: 10:09:24  time: 0.6308  data_time: 0.0172  memory: 8435  grad_norm: 50.3502  loss: 11.7952  decode.loss_cls: 0.0189  decode.loss_mask: 0.6620  decode.loss_dice: 0.4754  decode.d0.loss_cls: 0.1609  decode.d0.loss_mask: 0.7190  decode.d0.loss_dice: 0.5039  decode.d1.loss_cls: 0.0413  decode.d1.loss_mask: 0.6684  decode.d1.loss_dice: 0.4727  decode.d2.loss_cls: 0.0206  decode.d2.loss_mask: 0.6618  decode.d2.loss_dice: 0.4735  decode.d3.loss_cls: 0.0161  decode.d3.loss_mask: 0.6667  decode.d3.loss_dice: 0.4751  decode.d4.loss_cls: 0.0147  decode.d4.loss_mask: 0.6621  decode.d4.loss_dice: 0.4727  decode.d5.loss_cls: 0.0146  decode.d5.loss_mask: 0.6615  decode.d5.loss_dice: 0.4722  decode.d6.loss_cls: 0.0118  decode.d6.loss_mask: 0.6649  decode.d6.loss_dice: 0.4724  decode.d7.loss_cls: 0.0164  decode.d7.loss_mask: 0.6680  decode.d7.loss_dice: 0.4728  decode.d8.loss_cls: 0.0178  decode.d8.loss_mask: 0.6629  decode.d8.loss_dice: 0.4743
2026/07/23 15:19:58 - mmengine - INFO - Iter(train) [24700/80000]  base_lr: 3.7118e-05 lr: 3.7118e-05  eta: 10:08:16  time: 0.6594  data_time: 0.0187  memory: 8426  grad_norm: 50.9236  loss: 9.2625  decode.loss_cls: 0.0015  decode.loss_mask: 0.4656  decode.loss_dice: 0.4454  decode.d0.loss_cls: 0.1088  decode.d0.loss_mask: 0.4812  decode.d0.loss_dice: 0.4754  decode.d1.loss_cls: 0.0309  decode.d1.loss_mask: 0.4634  decode.d1.loss_dice: 0.4293  decode.d2.loss_cls: 0.0223  decode.d2.loss_mask: 0.4643  decode.d2.loss_dice: 0.4524  decode.d3.loss_cls: 0.0028  decode.d3.loss_mask: 0.4601  decode.d3.loss_dice: 0.4418  decode.d4.loss_cls: 0.0031  decode.d4.loss_mask: 0.4588  decode.d4.loss_dice: 0.4459  decode.d5.loss_cls: 0.0033  decode.d5.loss_mask: 0.4638  decode.d5.loss_dice: 0.4413  decode.d6.loss_cls: 0.0020  decode.d6.loss_mask: 0.4593  decode.d6.loss_dice: 0.4433  decode.d7.loss_cls: 0.0011  decode.d7.loss_mask: 0.4613  decode.d7.loss_dice: 0.4309  decode.d8.loss_cls: 0.0021  decode.d8.loss_mask: 0.4606  decode.d8.loss_dice: 0.4407
2026/07/23 15:21:04 - mmengine - INFO - Iter(train) [24800/80000]  base_lr: 3.7058e-05 lr: 3.7058e-05  eta: 10:07:10  time: 0.6767  data_time: 0.0203  memory: 8435  grad_norm: 67.1195  loss: 12.7552  decode.loss_cls: 0.0035  decode.loss_mask: 0.7047  decode.loss_dice: 0.5435  decode.d0.loss_cls: 0.0959  decode.d0.loss_mask: 0.7700  decode.d0.loss_dice: 0.5789  decode.d1.loss_cls: 0.0131  decode.d1.loss_mask: 0.7112  decode.d1.loss_dice: 0.5472  decode.d2.loss_cls: 0.0066  decode.d2.loss_mask: 0.7047  decode.d2.loss_dice: 0.5493  decode.d3.loss_cls: 0.0034  decode.d3.loss_mask: 0.7030  decode.d3.loss_dice: 0.5448  decode.d4.loss_cls: 0.0042  decode.d4.loss_mask: 0.7072  decode.d4.loss_dice: 0.5411  decode.d5.loss_cls: 0.0042  decode.d5.loss_mask: 0.7039  decode.d5.loss_dice: 0.5441  decode.d6.loss_cls: 0.0038  decode.d6.loss_mask: 0.7086  decode.d6.loss_dice: 0.5498  decode.d7.loss_cls: 0.0031  decode.d7.loss_mask: 0.7076  decode.d7.loss_dice: 0.5441  decode.d8.loss_cls: 0.0054  decode.d8.loss_mask: 0.7070  decode.d8.loss_dice: 0.5413
2026/07/23 15:22:07 - mmengine - INFO - Iter(train) [24900/80000]  base_lr: 3.6997e-05 lr: 3.6997e-05  eta: 10:05:58  time: 0.6405  data_time: 0.0193  memory: 8435  grad_norm: 54.9795  loss: 8.7649  decode.loss_cls: 0.0086  decode.loss_mask: 0.4483  decode.loss_dice: 0.4037  decode.d0.loss_cls: 0.1108  decode.d0.loss_mask: 0.4858  decode.d0.loss_dice: 0.4122  decode.d1.loss_cls: 0.0336  decode.d1.loss_mask: 0.4471  decode.d1.loss_dice: 0.3997  decode.d2.loss_cls: 0.0090  decode.d2.loss_mask: 0.4443  decode.d2.loss_dice: 0.4015  decode.d3.loss_cls: 0.0110  decode.d3.loss_mask: 0.4438  decode.d3.loss_dice: 0.4058  decode.d4.loss_cls: 0.0126  decode.d4.loss_mask: 0.4446  decode.d4.loss_dice: 0.3988  decode.d5.loss_cls: 0.0105  decode.d5.loss_mask: 0.4453  decode.d5.loss_dice: 0.4023  decode.d6.loss_cls: 0.0185  decode.d6.loss_mask: 0.4478  decode.d6.loss_dice: 0.3987  decode.d7.loss_cls: 0.0154  decode.d7.loss_mask: 0.4444  decode.d7.loss_dice: 0.4053  decode.d8.loss_cls: 0.0085  decode.d8.loss_mask: 0.4463  decode.d8.loss_dice: 0.4006
2026/07/23 15:23:11 - mmengine - INFO - Exp name: fusion_vits_m2f_9999_20260723_101840
2026/07/23 15:23:11 - mmengine - INFO - Iter(train) [25000/80000]  base_lr: 3.6937e-05 lr: 3.6937e-05  eta: 10:04:48  time: 0.6481  data_time: 0.0183  memory: 8435  grad_norm: 61.1992  loss: 12.5673  decode.loss_cls: 0.0010  decode.loss_mask: 0.7026  decode.loss_dice: 0.5447  decode.d0.loss_cls: 0.0712  decode.d0.loss_mask: 0.7161  decode.d0.loss_dice: 0.5333  decode.d1.loss_cls: 0.0157  decode.d1.loss_mask: 0.7041  decode.d1.loss_dice: 0.5621  decode.d2.loss_cls: 0.0025  decode.d2.loss_mask: 0.6937  decode.d2.loss_dice: 0.5528  decode.d3.loss_cls: 0.0011  decode.d3.loss_mask: 0.6952  decode.d3.loss_dice: 0.5442  decode.d4.loss_cls: 0.0009  decode.d4.loss_mask: 0.6996  decode.d4.loss_dice: 0.5458  decode.d5.loss_cls: 0.0009  decode.d5.loss_mask: 0.6949  decode.d5.loss_dice: 0.5487  decode.d6.loss_cls: 0.0009  decode.d6.loss_mask: 0.6958  decode.d6.loss_dice: 0.5495  decode.d7.loss_cls: 0.0010  decode.d7.loss_mask: 0.6937  decode.d7.loss_dice: 0.5475  decode.d8.loss_cls: 0.0009  decode.d8.loss_mask: 0.6980  decode.d8.loss_dice: 0.5488
2026/07/23 15:24:19 - mmengine - INFO - Iter(train) [25100/80000]  base_lr: 3.6876e-05 lr: 3.6876e-05  eta: 10:03:47  time: 0.6255  data_time: 0.0172  memory: 8435  grad_norm: 73.3335  loss: 15.3229  decode.loss_cls: 0.0100  decode.loss_mask: 0.8573  decode.loss_dice: 0.6416  decode.d0.loss_cls: 0.1377  decode.d0.loss_mask: 0.9277  decode.d0.loss_dice: 0.6451  decode.d1.loss_cls: 0.0347  decode.d1.loss_mask: 0.8784  decode.d1.loss_dice: 0.6288  decode.d2.loss_cls: 0.0167  decode.d2.loss_mask: 0.8646  decode.d2.loss_dice: 0.6510  decode.d3.loss_cls: 0.0092  decode.d3.loss_mask: 0.8633  decode.d3.loss_dice: 0.6254  decode.d4.loss_cls: 0.0078  decode.d4.loss_mask: 0.8603  decode.d4.loss_dice: 0.6245  decode.d5.loss_cls: 0.0156  decode.d5.loss_mask: 0.8604  decode.d5.loss_dice: 0.6404  decode.d6.loss_cls: 0.0079  decode.d6.loss_mask: 0.8651  decode.d6.loss_dice: 0.6378  decode.d7.loss_cls: 0.0069  decode.d7.loss_mask: 0.8607  decode.d7.loss_dice: 0.6311  decode.d8.loss_cls: 0.0077  decode.d8.loss_mask: 0.8568  decode.d8.loss_dice: 0.6485
2026/07/23 15:25:25 - mmengine - INFO - Iter(train) [25200/80000]  base_lr: 3.6816e-05 lr: 3.6816e-05  eta: 10:02:40  time: 0.6332  data_time: 0.0176  memory: 8426  grad_norm: 73.2451  loss: 13.5718  decode.loss_cls: 0.0046  decode.loss_mask: 0.7351  decode.loss_dice: 0.5977  decode.d0.loss_cls: 0.0957  decode.d0.loss_mask: 0.7628  decode.d0.loss_dice: 0.6106  decode.d1.loss_cls: 0.0279  decode.d1.loss_mask: 0.7410  decode.d1.loss_dice: 0.6065  decode.d2.loss_cls: 0.0087  decode.d2.loss_mask: 0.7405  decode.d2.loss_dice: 0.5978  decode.d3.loss_cls: 0.0061  decode.d3.loss_mask: 0.7407  decode.d3.loss_dice: 0.5775  decode.d4.loss_cls: 0.0046  decode.d4.loss_mask: 0.7442  decode.d4.loss_dice: 0.5870  decode.d5.loss_cls: 0.0049  decode.d5.loss_mask: 0.7433  decode.d5.loss_dice: 0.5924  decode.d6.loss_cls: 0.0072  decode.d6.loss_mask: 0.7461  decode.d6.loss_dice: 0.5948  decode.d7.loss_cls: 0.0100  decode.d7.loss_mask: 0.7467  decode.d7.loss_dice: 0.5863  decode.d8.loss_cls: 0.0079  decode.d8.loss_mask: 0.7416  decode.d8.loss_dice: 0.6014
2026/07/23 15:26:29 - mmengine - INFO - Iter(train) [25300/80000]  base_lr: 3.6755e-05 lr: 3.6755e-05  eta: 10:01:30  time: 0.6608  data_time: 0.0191  memory: 8435  grad_norm: 56.3943  loss: 12.8858  decode.loss_cls: 0.0014  decode.loss_mask: 0.6874  decode.loss_dice: 0.5861  decode.d0.loss_cls: 0.0785  decode.d0.loss_mask: 0.7207  decode.d0.loss_dice: 0.5974  decode.d1.loss_cls: 0.0121  decode.d1.loss_mask: 0.6899  decode.d1.loss_dice: 0.5912  decode.d2.loss_cls: 0.0074  decode.d2.loss_mask: 0.6822  decode.d2.loss_dice: 0.5855  decode.d3.loss_cls: 0.0103  decode.d3.loss_mask: 0.6856  decode.d3.loss_dice: 0.5882  decode.d4.loss_cls: 0.0025  decode.d4.loss_mask: 0.6847  decode.d4.loss_dice: 0.5805  decode.d5.loss_cls: 0.0011  decode.d5.loss_mask: 0.6849  decode.d5.loss_dice: 0.5834  decode.d6.loss_cls: 0.0012  decode.d6.loss_mask: 0.6856  decode.d6.loss_dice: 0.5908  decode.d7.loss_cls: 0.0014  decode.d7.loss_mask: 0.6878  decode.d7.loss_dice: 0.5852  decode.d8.loss_cls: 0.0012  decode.d8.loss_mask: 0.6831  decode.d8.loss_dice: 0.5886
2026/07/23 15:27:33 - mmengine - INFO - Iter(train) [25400/80000]  base_lr: 3.6695e-05 lr: 3.6695e-05  eta: 10:00:18  time: 0.6078  data_time: 0.0156  memory: 8435  grad_norm: 70.0751  loss: 11.9669  decode.loss_cls: 0.0102  decode.loss_mask: 0.6148  decode.loss_dice: 0.5405  decode.d0.loss_cls: 0.0903  decode.d0.loss_mask: 0.6506  decode.d0.loss_dice: 0.5828  decode.d1.loss_cls: 0.0448  decode.d1.loss_mask: 0.6250  decode.d1.loss_dice: 0.5442  decode.d2.loss_cls: 0.0315  decode.d2.loss_mask: 0.6225  decode.d2.loss_dice: 0.5342  decode.d3.loss_cls: 0.0218  decode.d3.loss_mask: 0.6162  decode.d3.loss_dice: 0.5440  decode.d4.loss_cls: 0.0180  decode.d4.loss_mask: 0.6173  decode.d4.loss_dice: 0.5355  decode.d5.loss_cls: 0.0214  decode.d5.loss_mask: 0.6138  decode.d5.loss_dice: 0.5361  decode.d6.loss_cls: 0.0174  decode.d6.loss_mask: 0.6168  decode.d6.loss_dice: 0.5611  decode.d7.loss_cls: 0.0130  decode.d7.loss_mask: 0.6170  decode.d7.loss_dice: 0.5503  decode.d8.loss_cls: 0.0198  decode.d8.loss_mask: 0.6132  decode.d8.loss_dice: 0.5427
2026/07/23 15:28:36 - mmengine - INFO - Iter(train) [25500/80000]  base_lr: 3.6635e-05 lr: 3.6635e-05  eta: 9:59:07  time: 0.6301  data_time: 0.0171  memory: 8426  grad_norm: 68.5603  loss: 11.9316  decode.loss_cls: 0.0123  decode.loss_mask: 0.6135  decode.loss_dice: 0.5575  decode.d0.loss_cls: 0.1030  decode.d0.loss_mask: 0.6433  decode.d0.loss_dice: 0.6302  decode.d1.loss_cls: 0.0550  decode.d1.loss_mask: 0.6026  decode.d1.loss_dice: 0.5630  decode.d2.loss_cls: 0.0242  decode.d2.loss_mask: 0.5973  decode.d2.loss_dice: 0.5477  decode.d3.loss_cls: 0.0096  decode.d3.loss_mask: 0.5961  decode.d3.loss_dice: 0.5444  decode.d4.loss_cls: 0.0071  decode.d4.loss_mask: 0.6034  decode.d4.loss_dice: 0.5588  decode.d5.loss_cls: 0.0064  decode.d5.loss_mask: 0.6047  decode.d5.loss_dice: 0.5508  decode.d6.loss_cls: 0.0146  decode.d6.loss_mask: 0.5994  decode.d6.loss_dice: 0.5505  decode.d7.loss_cls: 0.0161  decode.d7.loss_mask: 0.6008  decode.d7.loss_dice: 0.5456  decode.d8.loss_cls: 0.0109  decode.d8.loss_mask: 0.6077  decode.d8.loss_dice: 0.5551
2026/07/23 15:29:38 - mmengine - INFO - Iter(train) [25600/80000]  base_lr: 3.6574e-05 lr: 3.6574e-05  eta: 9:57:53  time: 0.6127  data_time: 0.0160  memory: 8435  grad_norm: 67.2090  loss: 11.4685  decode.loss_cls: 0.0104  decode.loss_mask: 0.6087  decode.loss_dice: 0.4748  decode.d0.loss_cls: 0.1787  decode.d0.loss_mask: 0.6680  decode.d0.loss_dice: 0.5852  decode.d1.loss_cls: 0.0506  decode.d1.loss_mask: 0.6138  decode.d1.loss_dice: 0.4964  decode.d2.loss_cls: 0.0292  decode.d2.loss_mask: 0.6078  decode.d2.loss_dice: 0.4943  decode.d3.loss_cls: 0.0092  decode.d3.loss_mask: 0.6086  decode.d3.loss_dice: 0.4984  decode.d4.loss_cls: 0.0093  decode.d4.loss_mask: 0.6112  decode.d4.loss_dice: 0.4947  decode.d5.loss_cls: 0.0162  decode.d5.loss_mask: 0.6095  decode.d5.loss_dice: 0.4890  decode.d6.loss_cls: 0.0090  decode.d6.loss_mask: 0.6038  decode.d6.loss_dice: 0.4838  decode.d7.loss_cls: 0.0106  decode.d7.loss_mask: 0.6055  decode.d7.loss_dice: 0.4906  decode.d8.loss_cls: 0.0103  decode.d8.loss_mask: 0.6095  decode.d8.loss_dice: 0.4813
2026/07/23 15:30:41 - mmengine - INFO - Iter(train) [25700/80000]  base_lr: 3.6513e-05 lr: 3.6513e-05  eta: 9:56:40  time: 0.6168  data_time: 0.0157  memory: 8435  grad_norm: 51.8306  loss: 9.6978  decode.loss_cls: 0.0096  decode.loss_mask: 0.5082  decode.loss_dice: 0.4457  decode.d0.loss_cls: 0.0833  decode.d0.loss_mask: 0.5276  decode.d0.loss_dice: 0.4485  decode.d1.loss_cls: 0.0256  decode.d1.loss_mask: 0.5063  decode.d1.loss_dice: 0.4418  decode.d2.loss_cls: 0.0129  decode.d2.loss_mask: 0.5077  decode.d2.loss_dice: 0.4401  decode.d3.loss_cls: 0.0059  decode.d3.loss_mask: 0.5058  decode.d3.loss_dice: 0.4425  decode.d4.loss_cls: 0.0096  decode.d4.loss_mask: 0.5028  decode.d4.loss_dice: 0.4388  decode.d5.loss_cls: 0.0098  decode.d5.loss_mask: 0.5084  decode.d5.loss_dice: 0.4401  decode.d6.loss_cls: 0.0042  decode.d6.loss_mask: 0.5120  decode.d6.loss_dice: 0.4412  decode.d7.loss_cls: 0.0011  decode.d7.loss_mask: 0.5100  decode.d7.loss_dice: 0.4474  decode.d8.loss_cls: 0.0120  decode.d8.loss_mask: 0.5079  decode.d8.loss_dice: 0.4411
2026/07/23 15:31:43 - mmengine - INFO - Iter(train) [25800/80000]  base_lr: 3.6453e-05 lr: 3.6453e-05  eta: 9:55:27  time: 0.6259  data_time: 0.0167  memory: 8435  grad_norm: 52.1781  loss: 8.6838  decode.loss_cls: 0.0459  decode.loss_mask: 0.3330  decode.loss_dice: 0.4522  decode.d0.loss_cls: 0.1720  decode.d0.loss_mask: 0.3793  decode.d0.loss_dice: 0.5357  decode.d1.loss_cls: 0.0871  decode.d1.loss_mask: 0.3385  decode.d1.loss_dice: 0.4642  decode.d2.loss_cls: 0.0665  decode.d2.loss_mask: 0.3375  decode.d2.loss_dice: 0.4678  decode.d3.loss_cls: 0.0410  decode.d3.loss_mask: 0.3368  decode.d3.loss_dice: 0.4599  decode.d4.loss_cls: 0.0293  decode.d4.loss_mask: 0.3342  decode.d4.loss_dice: 0.4555  decode.d5.loss_cls: 0.0403  decode.d5.loss_mask: 0.3380  decode.d5.loss_dice: 0.4629  decode.d6.loss_cls: 0.0328  decode.d6.loss_mask: 0.3317  decode.d6.loss_dice: 0.4481  decode.d7.loss_cls: 0.0402  decode.d7.loss_mask: 0.3359  decode.d7.loss_dice: 0.4614  decode.d8.loss_cls: 0.0447  decode.d8.loss_mask: 0.3359  decode.d8.loss_dice: 0.4755
2026/07/23 15:32:47 - mmengine - INFO - Iter(train) [25900/80000]  base_lr: 3.6392e-05 lr: 3.6392e-05  eta: 9:54:17  time: 0.6350  data_time: 0.0174  memory: 8435  grad_norm: 52.5863  loss: 9.6695  decode.loss_cls: 0.0031  decode.loss_mask: 0.4837  decode.loss_dice: 0.4696  decode.d0.loss_cls: 0.0881  decode.d0.loss_mask: 0.5020  decode.d0.loss_dice: 0.5129  decode.d1.loss_cls: 0.0170  decode.d1.loss_mask: 0.4845  decode.d1.loss_dice: 0.4781  decode.d2.loss_cls: 0.0066  decode.d2.loss_mask: 0.4788  decode.d2.loss_dice: 0.4562  decode.d3.loss_cls: 0.0055  decode.d3.loss_mask: 0.4794  decode.d3.loss_dice: 0.4638  decode.d4.loss_cls: 0.0042  decode.d4.loss_mask: 0.4811  decode.d4.loss_dice: 0.4607  decode.d5.loss_cls: 0.0048  decode.d5.loss_mask: 0.4820  decode.d5.loss_dice: 0.4631  decode.d6.loss_cls: 0.0030  decode.d6.loss_mask: 0.4780  decode.d6.loss_dice: 0.4670  decode.d7.loss_cls: 0.0036  decode.d7.loss_mask: 0.4796  decode.d7.loss_dice: 0.4649  decode.d8.loss_cls: 0.0038  decode.d8.loss_mask: 0.4820  decode.d8.loss_dice: 0.4623
2026/07/23 15:33:56 - mmengine - INFO - Exp name: fusion_vits_m2f_9999_20260723_101840
2026/07/23 15:33:56 - mmengine - INFO - Iter(train) [26000/80000]  base_lr: 3.6332e-05 lr: 3.6332e-05  eta: 9:53:17  time: 0.7039  data_time: 0.0199  memory: 8426  grad_norm: 92.6325  loss: 13.8376  decode.loss_cls: 0.0266  decode.loss_mask: 0.7489  decode.loss_dice: 0.5749  decode.d0.loss_cls: 0.1560  decode.d0.loss_mask: 0.8544  decode.d0.loss_dice: 0.6484  decode.d1.loss_cls: 0.0699  decode.d1.loss_mask: 0.7560  decode.d1.loss_dice: 0.5907  decode.d2.loss_cls: 0.0447  decode.d2.loss_mask: 0.7478  decode.d2.loss_dice: 0.5756  decode.d3.loss_cls: 0.0310  decode.d3.loss_mask: 0.7488  decode.d3.loss_dice: 0.5813  decode.d4.loss_cls: 0.0328  decode.d4.loss_mask: 0.7458  decode.d4.loss_dice: 0.5728  decode.d5.loss_cls: 0.0272  decode.d5.loss_mask: 0.7406  decode.d5.loss_dice: 0.5674  decode.d6.loss_cls: 0.0217  decode.d6.loss_mask: 0.7464  decode.d6.loss_dice: 0.5560  decode.d7.loss_cls: 0.0211  decode.d7.loss_mask: 0.7411  decode.d7.loss_dice: 0.5747  decode.d8.loss_cls: 0.0240  decode.d8.loss_mask: 0.7377  decode.d8.loss_dice: 0.5731
2026/07/23 15:33:56 - mmengine - INFO - Saving checkpoint at 26000 iterations
2026/07/23 15:34:41 - mmengine - INFO - Iter(val) [100/504]    eta: 0:01:31  time: 0.2082  data_time: 0.0093  memory: 3244  
2026/07/23 15:35:02 - mmengine - INFO - Iter(val) [200/504]    eta: 0:01:05  time: 0.2041  data_time: 0.0078  memory: 3244  
2026/07/23 15:35:23 - mmengine - INFO - Iter(val) [300/504]    eta: 0:00:43  time: 0.2096  data_time: 0.0090  memory: 3244  
2026/07/23 15:35:44 - mmengine - INFO - Iter(val) [400/504]    eta: 0:00:22  time: 0.2090  data_time: 0.0088  memory: 3244  
2026/07/23 15:36:05 - mmengine - INFO - Iter(val) [500/504]    eta: 0:00:00  time: 0.2045  data_time: 0.0076  memory: 3244  
2026/07/23 15:36:08 - mmengine - INFO - per class results:
2026/07/23 15:36:08 - mmengine - INFO - 
+--------------------+-------+-------+--------+-----------+--------+
|       Class        |  IoU  |  Acc  | Fscore | Precision | Recall |
+--------------------+-------+-------+--------+-----------+--------+
| impervious_surface | 85.87 | 92.59 |  92.4  |   92.21   | 92.59  |
|      building      | 93.92 | 95.39 | 96.86  |   98.38   | 95.39  |
|   low_vegetation   | 78.72 | 92.94 | 88.09  |   83.73   | 92.94  |
|        tree        | 80.58 | 85.07 | 89.25  |   93.86   | 85.07  |
|        car         | 93.59 | 95.79 | 96.69  |   97.61   | 95.79  |
+--------------------+-------+-------+--------+-----------+--------+
2026/07/23 15:36:08 - mmengine - INFO - Iter(val) [504/504]    aAcc: 91.6800  mIoU: 86.5400  mAcc: 92.3600  mFscore: 92.6600  mPrecision: 93.1600  mRecall: 92.3600  data_time: 0.0117  time: 0.2127
2026/07/23 15:37:11 - mmengine - INFO - Iter(train) [26100/80000]  base_lr: 3.6271e-05 lr: 3.6271e-05  eta: 9:52:10  time: 0.6463  data_time: 0.0180  memory: 8426  grad_norm: 66.4384  loss: 10.9961  decode.loss_cls: 0.0024  decode.loss_mask: 0.5892  decode.loss_dice: 0.4909  decode.d0.loss_cls: 0.0983  decode.d0.loss_mask: 0.6217  decode.d0.loss_dice: 0.5111  decode.d1.loss_cls: 0.0341  decode.d1.loss_mask: 0.5976  decode.d1.loss_dice: 0.4916  decode.d2.loss_cls: 0.0054  decode.d2.loss_mask: 0.5980  decode.d2.loss_dice: 0.4844  decode.d3.loss_cls: 0.0043  decode.d3.loss_mask: 0.5985  decode.d3.loss_dice: 0.4824  decode.d4.loss_cls: 0.0046  decode.d4.loss_mask: 0.5885  decode.d4.loss_dice: 0.4826  decode.d5.loss_cls: 0.0023  decode.d5.loss_mask: 0.5914  decode.d5.loss_dice: 0.4882  decode.d6.loss_cls: 0.0032  decode.d6.loss_mask: 0.5898  decode.d6.loss_dice: 0.4846  decode.d7.loss_cls: 0.0023  decode.d7.loss_mask: 0.5915  decode.d7.loss_dice: 0.4825  decode.d8.loss_cls: 0.0025  decode.d8.loss_mask: 0.5876  decode.d8.loss_dice: 0.4848
2026/07/23 15:38:16 - mmengine - INFO - Iter(train) [26200/80000]  base_lr: 3.6211e-05 lr: 3.6211e-05  eta: 9:51:01  time: 0.6657  data_time: 0.0178  memory: 8435  grad_norm: 57.8201  loss: 12.2613  decode.loss_cls: 0.0045  decode.loss_mask: 0.6757  decode.loss_dice: 0.5172  decode.d0.loss_cls: 0.0818  decode.d0.loss_mask: 0.7377  decode.d0.loss_dice: 0.5624  decode.d1.loss_cls: 0.0283  decode.d1.loss_mask: 0.6782  decode.d1.loss_dice: 0.5328  decode.d2.loss_cls: 0.0066  decode.d2.loss_mask: 0.6782  decode.d2.loss_dice: 0.5315  decode.d3.loss_cls: 0.0037  decode.d3.loss_mask: 0.6694  decode.d3.loss_dice: 0.5262  decode.d4.loss_cls: 0.0044  decode.d4.loss_mask: 0.6739  decode.d4.loss_dice: 0.5250  decode.d5.loss_cls: 0.0042  decode.d5.loss_mask: 0.6801  decode.d5.loss_dice: 0.5246  decode.d6.loss_cls: 0.0033  decode.d6.loss_mask: 0.6773  decode.d6.loss_dice: 0.5200  decode.d7.loss_cls: 0.0022  decode.d7.loss_mask: 0.6762  decode.d7.loss_dice: 0.5252  decode.d8.loss_cls: 0.0034  decode.d8.loss_mask: 0.6806  decode.d8.loss_dice: 0.5266
2026/07/23 15:39:21 - mmengine - INFO - Iter(train) [26300/80000]  base_lr: 3.6150e-05 lr: 3.6150e-05  eta: 9:49:54  time: 0.6521  data_time: 0.0192  memory: 8435  grad_norm: 57.1655  loss: 11.4644  decode.loss_cls: 0.0101  decode.loss_mask: 0.6106  decode.loss_dice: 0.5104  decode.d0.loss_cls: 0.0763  decode.d0.loss_mask: 0.6296  decode.d0.loss_dice: 0.5365  decode.d1.loss_cls: 0.0215  decode.d1.loss_mask: 0.6123  decode.d1.loss_dice: 0.5146  decode.d2.loss_cls: 0.0148  decode.d2.loss_mask: 0.6142  decode.d2.loss_dice: 0.5126  decode.d3.loss_cls: 0.0145  decode.d3.loss_mask: 0.6129  decode.d3.loss_dice: 0.5094  decode.d4.loss_cls: 0.0137  decode.d4.loss_mask: 0.6098  decode.d4.loss_dice: 0.5118  decode.d5.loss_cls: 0.0133  decode.d5.loss_mask: 0.6047  decode.d5.loss_dice: 0.5037  decode.d6.loss_cls: 0.0141  decode.d6.loss_mask: 0.6112  decode.d6.loss_dice: 0.5140  decode.d7.loss_cls: 0.0128  decode.d7.loss_mask: 0.6073  decode.d7.loss_dice: 0.5114  decode.d8.loss_cls: 0.0112  decode.d8.loss_mask: 0.6117  decode.d8.loss_dice: 0.5133
2026/07/23 15:40:27 - mmengine - INFO - Iter(train) [26400/80000]  base_lr: 3.6090e-05 lr: 3.6090e-05  eta: 9:48:49  time: 0.6887  data_time: 0.0195  memory: 8426  grad_norm: 59.5777  loss: 10.0600  decode.loss_cls: 0.0134  decode.loss_mask: 0.5204  decode.loss_dice: 0.4542  decode.d0.loss_cls: 0.1194  decode.d0.loss_mask: 0.5397  decode.d0.loss_dice: 0.4894  decode.d1.loss_cls: 0.0457  decode.d1.loss_mask: 0.5206  decode.d1.loss_dice: 0.4519  decode.d2.loss_cls: 0.0190  decode.d2.loss_mask: 0.5213  decode.d2.loss_dice: 0.4640  decode.d3.loss_cls: 0.0093  decode.d3.loss_mask: 0.5173  decode.d3.loss_dice: 0.4578  decode.d4.loss_cls: 0.0088  decode.d4.loss_mask: 0.5230  decode.d4.loss_dice: 0.4542  decode.d5.loss_cls: 0.0080  decode.d5.loss_mask: 0.5176  decode.d5.loss_dice: 0.4447  decode.d6.loss_cls: 0.0086  decode.d6.loss_mask: 0.5250  decode.d6.loss_dice: 0.4502  decode.d7.loss_cls: 0.0100  decode.d7.loss_mask: 0.5210  decode.d7.loss_dice: 0.4621  decode.d8.loss_cls: 0.0098  decode.d8.loss_mask: 0.5221  decode.d8.loss_dice: 0.4515
2026/07/23 15:41:33 - mmengine - INFO - Iter(train) [26500/80000]  base_lr: 3.6029e-05 lr: 3.6029e-05  eta: 9:47:44  time: 0.6339  data_time: 0.0176  memory: 8435  grad_norm: 66.6937  loss: 13.8876  decode.loss_cls: 0.0253  decode.loss_mask: 0.7149  decode.loss_dice: 0.6007  decode.d0.loss_cls: 0.1361  decode.d0.loss_mask: 0.8087  decode.d0.loss_dice: 0.7130  decode.d1.loss_cls: 0.0628  decode.d1.loss_mask: 0.7439  decode.d1.loss_dice: 0.6188  decode.d2.loss_cls: 0.0439  decode.d2.loss_mask: 0.7227  decode.d2.loss_dice: 0.6115  decode.d3.loss_cls: 0.0278  decode.d3.loss_mask: 0.7219  decode.d3.loss_dice: 0.5979  decode.d4.loss_cls: 0.0263  decode.d4.loss_mask: 0.7132  decode.d4.loss_dice: 0.5999  decode.d5.loss_cls: 0.0311  decode.d5.loss_mask: 0.7120  decode.d5.loss_dice: 0.6068  decode.d6.loss_cls: 0.0265  decode.d6.loss_mask: 0.7128  decode.d6.loss_dice: 0.6021  decode.d7.loss_cls: 0.0248  decode.d7.loss_mask: 0.7189  decode.d7.loss_dice: 0.6051  decode.d8.loss_cls: 0.0229  decode.d8.loss_mask: 0.7200  decode.d8.loss_dice: 0.6155
2026/07/23 15:42:40 - mmengine - INFO - Iter(train) [26600/80000]  base_lr: 3.5968e-05 lr: 3.5968e-05  eta: 9:46:39  time: 0.7300  data_time: 0.0238  memory: 8435  grad_norm: 67.2635  loss: 9.5513  decode.loss_cls: 0.0030  decode.loss_mask: 0.4950  decode.loss_dice: 0.4306  decode.d0.loss_cls: 0.1095  decode.d0.loss_mask: 0.5189  decode.d0.loss_dice: 0.4625  decode.d1.loss_cls: 0.0452  decode.d1.loss_mask: 0.4980  decode.d1.loss_dice: 0.4205  decode.d2.loss_cls: 0.0330  decode.d2.loss_mask: 0.4992  decode.d2.loss_dice: 0.4265  decode.d3.loss_cls: 0.0280  decode.d3.loss_mask: 0.4994  decode.d3.loss_dice: 0.4237  decode.d4.loss_cls: 0.0117  decode.d4.loss_mask: 0.5018  decode.d4.loss_dice: 0.4252  decode.d5.loss_cls: 0.0080  decode.d5.loss_mask: 0.4960  decode.d5.loss_dice: 0.4227  decode.d6.loss_cls: 0.0082  decode.d6.loss_mask: 0.4972  decode.d6.loss_dice: 0.4249  decode.d7.loss_cls: 0.0045  decode.d7.loss_mask: 0.4965  decode.d7.loss_dice: 0.4271  decode.d8.loss_cls: 0.0040  decode.d8.loss_mask: 0.5005  decode.d8.loss_dice: 0.4302
2026/07/23 15:43:47 - mmengine - INFO - Iter(train) [26700/80000]  base_lr: 3.5908e-05 lr: 3.5908e-05  eta: 9:45:36  time: 0.6555  data_time: 0.0190  memory: 8435  grad_norm: 76.2979  loss: 11.7806  decode.loss_cls: 0.0428  decode.loss_mask: 0.6090  decode.loss_dice: 0.5380  decode.d0.loss_cls: 0.1123  decode.d0.loss_mask: 0.6508  decode.d0.loss_dice: 0.5772  decode.d1.loss_cls: 0.0533  decode.d1.loss_mask: 0.5884  decode.d1.loss_dice: 0.5258  decode.d2.loss_cls: 0.0475  decode.d2.loss_mask: 0.5851  decode.d2.loss_dice: 0.5336  decode.d3.loss_cls: 0.0366  decode.d3.loss_mask: 0.5781  decode.d3.loss_dice: 0.5122  decode.d4.loss_cls: 0.0354  decode.d4.loss_mask: 0.5767  decode.d4.loss_dice: 0.5212  decode.d5.loss_cls: 0.0369  decode.d5.loss_mask: 0.5871  decode.d5.loss_dice: 0.5335  decode.d6.loss_cls: 0.0330  decode.d6.loss_mask: 0.5777  decode.d6.loss_dice: 0.5268  decode.d7.loss_cls: 0.0414  decode.d7.loss_mask: 0.6163  decode.d7.loss_dice: 0.5342  decode.d8.loss_cls: 0.0368  decode.d8.loss_mask: 0.5952  decode.d8.loss_dice: 0.5374
2026/07/23 15:44:58 - mmengine - INFO - Iter(train) [26800/80000]  base_lr: 3.5847e-05 lr: 3.5847e-05  eta: 9:44:40  time: 0.6849  data_time: 0.0197  memory: 8435  grad_norm: 91.8533  loss: 10.5904  decode.loss_cls: 0.0313  decode.loss_mask: 0.5716  decode.loss_dice: 0.4121  decode.d0.loss_cls: 0.1489  decode.d0.loss_mask: 0.6755  decode.d0.loss_dice: 0.5307  decode.d1.loss_cls: 0.0403  decode.d1.loss_mask: 0.5974  decode.d1.loss_dice: 0.4223  decode.d2.loss_cls: 0.0533  decode.d2.loss_mask: 0.5743  decode.d2.loss_dice: 0.4119  decode.d3.loss_cls: 0.0305  decode.d3.loss_mask: 0.5829  decode.d3.loss_dice: 0.4153  decode.d4.loss_cls: 0.0266  decode.d4.loss_mask: 0.5801  decode.d4.loss_dice: 0.4168  decode.d5.loss_cls: 0.0346  decode.d5.loss_mask: 0.5693  decode.d5.loss_dice: 0.4158  decode.d6.loss_cls: 0.0340  decode.d6.loss_mask: 0.5707  decode.d6.loss_dice: 0.4101  decode.d7.loss_cls: 0.0358  decode.d7.loss_mask: 0.5686  decode.d7.loss_dice: 0.4105  decode.d8.loss_cls: 0.0313  decode.d8.loss_mask: 0.5731  decode.d8.loss_dice: 0.4149
2026/07/23 15:46:05 - mmengine - INFO - Iter(train) [26900/80000]  base_lr: 3.5786e-05 lr: 3.5786e-05  eta: 9:43:36  time: 0.6630  data_time: 0.0187  memory: 8426  grad_norm: 71.8929  loss: 14.0427  decode.loss_cls: 0.0090  decode.loss_mask: 0.7935  decode.loss_dice: 0.5936  decode.d0.loss_cls: 0.1084  decode.d0.loss_mask: 0.8425  decode.d0.loss_dice: 0.5985  decode.d1.loss_cls: 0.0229  decode.d1.loss_mask: 0.7939  decode.d1.loss_dice: 0.5971  decode.d2.loss_cls: 0.0090  decode.d2.loss_mask: 0.7873  decode.d2.loss_dice: 0.5839  decode.d3.loss_cls: 0.0112  decode.d3.loss_mask: 0.7879  decode.d3.loss_dice: 0.5735  decode.d4.loss_cls: 0.0179  decode.d4.loss_mask: 0.7922  decode.d4.loss_dice: 0.5810  decode.d5.loss_cls: 0.0137  decode.d5.loss_mask: 0.7879  decode.d5.loss_dice: 0.5763  decode.d6.loss_cls: 0.0140  decode.d6.loss_mask: 0.7879  decode.d6.loss_dice: 0.5867  decode.d7.loss_cls: 0.0086  decode.d7.loss_mask: 0.7886  decode.d7.loss_dice: 0.5895  decode.d8.loss_cls: 0.0121  decode.d8.loss_mask: 0.7891  decode.d8.loss_dice: 0.5850
2026/07/23 15:47:14 - mmengine - INFO - Exp name: fusion_vits_m2f_9999_20260723_101840
2026/07/23 15:47:14 - mmengine - INFO - Iter(train) [27000/80000]  base_lr: 3.5726e-05 lr: 3.5726e-05  eta: 9:42:36  time: 0.7654  data_time: 0.0224  memory: 8435  grad_norm: 69.6885  loss: 12.3874  decode.loss_cls: 0.0035  decode.loss_mask: 0.6873  decode.loss_dice: 0.5291  decode.d0.loss_cls: 0.0861  decode.d0.loss_mask: 0.7156  decode.d0.loss_dice: 0.5592  decode.d1.loss_cls: 0.0121  decode.d1.loss_mask: 0.6890  decode.d1.loss_dice: 0.5386  decode.d2.loss_cls: 0.0053  decode.d2.loss_mask: 0.6822  decode.d2.loss_dice: 0.5330  decode.d3.loss_cls: 0.0031  decode.d3.loss_mask: 0.6853  decode.d3.loss_dice: 0.5355  decode.d4.loss_cls: 0.0022  decode.d4.loss_mask: 0.6852  decode.d4.loss_dice: 0.5358  decode.d5.loss_cls: 0.0025  decode.d5.loss_mask: 0.6912  decode.d5.loss_dice: 0.5300  decode.d6.loss_cls: 0.0033  decode.d6.loss_mask: 0.6920  decode.d6.loss_dice: 0.5300  decode.d7.loss_cls: 0.0038  decode.d7.loss_mask: 0.6910  decode.d7.loss_dice: 0.5321  decode.d8.loss_cls: 0.0037  decode.d8.loss_mask: 0.6895  decode.d8.loss_dice: 0.5303
2026/07/23 15:48:26 - mmengine - INFO - Iter(train) [27100/80000]  base_lr: 3.5665e-05 lr: 3.5665e-05  eta: 9:41:41  time: 0.7280  data_time: 0.0229  memory: 8435  grad_norm: 48.6767  loss: 8.5232  decode.loss_cls: 0.0030  decode.loss_mask: 0.4529  decode.loss_dice: 0.3789  decode.d0.loss_cls: 0.0790  decode.d0.loss_mask: 0.4623  decode.d0.loss_dice: 0.4010  decode.d1.loss_cls: 0.0406  decode.d1.loss_mask: 0.4559  decode.d1.loss_dice: 0.3782  decode.d2.loss_cls: 0.0121  decode.d2.loss_mask: 0.4533  decode.d2.loss_dice: 0.3715  decode.d3.loss_cls: 0.0061  decode.d3.loss_mask: 0.4515  decode.d3.loss_dice: 0.3823  decode.d4.loss_cls: 0.0094  decode.d4.loss_mask: 0.4560  decode.d4.loss_dice: 0.3754  decode.d5.loss_cls: 0.0064  decode.d5.loss_mask: 0.4562  decode.d5.loss_dice: 0.3875  decode.d6.loss_cls: 0.0032  decode.d6.loss_mask: 0.4531  decode.d6.loss_dice: 0.3788  decode.d7.loss_cls: 0.0026  decode.d7.loss_mask: 0.4539  decode.d7.loss_dice: 0.3780  decode.d8.loss_cls: 0.0028  decode.d8.loss_mask: 0.4543  decode.d8.loss_dice: 0.3769
2026/07/23 15:49:33 - mmengine - INFO - Iter(train) [27200/80000]  base_lr: 3.5604e-05 lr: 3.5604e-05  eta: 9:40:38  time: 0.6602  data_time: 0.0197  memory: 8435  grad_norm: 49.3840  loss: 9.4010  decode.loss_cls: 0.0106  decode.loss_mask: 0.5164  decode.loss_dice: 0.3825  decode.d0.loss_cls: 0.1545  decode.d0.loss_mask: 0.5487  decode.d0.loss_dice: 0.4096  decode.d1.loss_cls: 0.0287  decode.d1.loss_mask: 0.5227  decode.d1.loss_dice: 0.3931  decode.d2.loss_cls: 0.0207  decode.d2.loss_mask: 0.5186  decode.d2.loss_dice: 0.3881  decode.d3.loss_cls: 0.0111  decode.d3.loss_mask: 0.5194  decode.d3.loss_dice: 0.3969  decode.d4.loss_cls: 0.0074  decode.d4.loss_mask: 0.5262  decode.d4.loss_dice: 0.3921  decode.d5.loss_cls: 0.0119  decode.d5.loss_mask: 0.5156  decode.d5.loss_dice: 0.3858  decode.d6.loss_cls: 0.0124  decode.d6.loss_mask: 0.5136  decode.d6.loss_dice: 0.3908  decode.d7.loss_cls: 0.0159  decode.d7.loss_mask: 0.5134  decode.d7.loss_dice: 0.3859  decode.d8.loss_cls: 0.0124  decode.d8.loss_mask: 0.5131  decode.d8.loss_dice: 0.3829
2026/07/23 15:50:38 - mmengine - INFO - Iter(train) [27300/80000]  base_lr: 3.5544e-05 lr: 3.5544e-05  eta: 9:39:30  time: 0.6598  data_time: 0.0199  memory: 8426  grad_norm: 56.5634  loss: 9.4451  decode.loss_cls: 0.0024  decode.loss_mask: 0.4967  decode.loss_dice: 0.4176  decode.d0.loss_cls: 0.0870  decode.d0.loss_mask: 0.5494  decode.d0.loss_dice: 0.4806  decode.d1.loss_cls: 0.0187  decode.d1.loss_mask: 0.5026  decode.d1.loss_dice: 0.4278  decode.d2.loss_cls: 0.0101  decode.d2.loss_mask: 0.5007  decode.d2.loss_dice: 0.4212  decode.d3.loss_cls: 0.0015  decode.d3.loss_mask: 0.4974  decode.d3.loss_dice: 0.4235  decode.d4.loss_cls: 0.0027  decode.d4.loss_mask: 0.4945  decode.d4.loss_dice: 0.4224  decode.d5.loss_cls: 0.0021  decode.d5.loss_mask: 0.4966  decode.d5.loss_dice: 0.4251  decode.d6.loss_cls: 0.0019  decode.d6.loss_mask: 0.4961  decode.d6.loss_dice: 0.4228  decode.d7.loss_cls: 0.0034  decode.d7.loss_mask: 0.4959  decode.d7.loss_dice: 0.4247  decode.d8.loss_cls: 0.0033  decode.d8.loss_mask: 0.4982  decode.d8.loss_dice: 0.4181
2026/07/23 15:51:48 - mmengine - INFO - Iter(train) [27400/80000]  base_lr: 3.5483e-05 lr: 3.5483e-05  eta: 9:38:31  time: 0.7200  data_time: 0.0209  memory: 8435  grad_norm: 70.0067  loss: 12.0055  decode.loss_cls: 0.0042  decode.loss_mask: 0.6704  decode.loss_dice: 0.5119  decode.d0.loss_cls: 0.0916  decode.d0.loss_mask: 0.6776  decode.d0.loss_dice: 0.5285  decode.d1.loss_cls: 0.0198  decode.d1.loss_mask: 0.6626  decode.d1.loss_dice: 0.5178  decode.d2.loss_cls: 0.0084  decode.d2.loss_mask: 0.6714  decode.d2.loss_dice: 0.5244  decode.d3.loss_cls: 0.0037  decode.d3.loss_mask: 0.6690  decode.d3.loss_dice: 0.5218  decode.d4.loss_cls: 0.0028  decode.d4.loss_mask: 0.6630  decode.d4.loss_dice: 0.5142  decode.d5.loss_cls: 0.0030  decode.d5.loss_mask: 0.6630  decode.d5.loss_dice: 0.5164  decode.d6.loss_cls: 0.0021  decode.d6.loss_mask: 0.6627  decode.d6.loss_dice: 0.5140  decode.d7.loss_cls: 0.0025  decode.d7.loss_mask: 0.6682  decode.d7.loss_dice: 0.5181  decode.d8.loss_cls: 0.0028  decode.d8.loss_mask: 0.6719  decode.d8.loss_dice: 0.5176
2026/07/23 15:52:56 - mmengine - INFO - Iter(train) [27500/80000]  base_lr: 3.5422e-05 lr: 3.5422e-05  eta: 9:37:30  time: 0.6622  data_time: 0.0206  memory: 8435  grad_norm: 49.8899  loss: 7.3083  decode.loss_cls: 0.0107  decode.loss_mask: 0.3780  decode.loss_dice: 0.3320  decode.d0.loss_cls: 0.0974  decode.d0.loss_mask: 0.4160  decode.d0.loss_dice: 0.3475  decode.d1.loss_cls: 0.0178  decode.d1.loss_mask: 0.3844  decode.d1.loss_dice: 0.3272  decode.d2.loss_cls: 0.0138  decode.d2.loss_mask: 0.3782  decode.d2.loss_dice: 0.3200  decode.d3.loss_cls: 0.0049  decode.d3.loss_mask: 0.3806  decode.d3.loss_dice: 0.3206  decode.d4.loss_cls: 0.0036  decode.d4.loss_mask: 0.3851  decode.d4.loss_dice: 0.3305  decode.d5.loss_cls: 0.0032  decode.d5.loss_mask: 0.3777  decode.d5.loss_dice: 0.3354  decode.d6.loss_cls: 0.0033  decode.d6.loss_mask: 0.3755  decode.d6.loss_dice: 0.3387  decode.d7.loss_cls: 0.0039  decode.d7.loss_mask: 0.3759  decode.d7.loss_dice: 0.3354  decode.d8.loss_cls: 0.0039  decode.d8.loss_mask: 0.3775  decode.d8.loss_dice: 0.3295
2026/07/23 15:54:06 - mmengine - INFO - Iter(train) [27600/80000]  base_lr: 3.5362e-05 lr: 3.5362e-05  eta: 9:36:30  time: 0.6672  data_time: 0.0198  memory: 8435  grad_norm: 52.5717  loss: 10.2690  decode.loss_cls: 0.0141  decode.loss_mask: 0.5288  decode.loss_dice: 0.4539  decode.d0.loss_cls: 0.1067  decode.d0.loss_mask: 0.5851  decode.d0.loss_dice: 0.4971  decode.d1.loss_cls: 0.0219  decode.d1.loss_mask: 0.5524  decode.d1.loss_dice: 0.4649  decode.d2.loss_cls: 0.0133  decode.d2.loss_mask: 0.5340  decode.d2.loss_dice: 0.4634  decode.d3.loss_cls: 0.0130  decode.d3.loss_mask: 0.5314  decode.d3.loss_dice: 0.4531  decode.d4.loss_cls: 0.0108  decode.d4.loss_mask: 0.5292  decode.d4.loss_dice: 0.4704  decode.d5.loss_cls: 0.0117  decode.d5.loss_mask: 0.5283  decode.d5.loss_dice: 0.4649  decode.d6.loss_cls: 0.0134  decode.d6.loss_mask: 0.5280  decode.d6.loss_dice: 0.4704  decode.d7.loss_cls: 0.0114  decode.d7.loss_mask: 0.5244  decode.d7.loss_dice: 0.4654  decode.d8.loss_cls: 0.0144  decode.d8.loss_mask: 0.5248  decode.d8.loss_dice: 0.4682
2026/07/23 15:55:20 - mmengine - INFO - Iter(train) [27700/80000]  base_lr: 3.5301e-05 lr: 3.5301e-05  eta: 9:35:40  time: 0.6756  data_time: 0.0206  memory: 8435  grad_norm: 76.0594  loss: 13.2046  decode.loss_cls: 0.0022  decode.loss_mask: 0.7101  decode.loss_dice: 0.5765  decode.d0.loss_cls: 0.0900  decode.d0.loss_mask: 0.7955  decode.d0.loss_dice: 0.6050  decode.d1.loss_cls: 0.0213  decode.d1.loss_mask: 0.7277  decode.d1.loss_dice: 0.5839  decode.d2.loss_cls: 0.0047  decode.d2.loss_mask: 0.7189  decode.d2.loss_dice: 0.5781  decode.d3.loss_cls: 0.0036  decode.d3.loss_mask: 0.7173  decode.d3.loss_dice: 0.5814  decode.d4.loss_cls: 0.0031  decode.d4.loss_mask: 0.7098  decode.d4.loss_dice: 0.5763  decode.d5.loss_cls: 0.0039  decode.d5.loss_mask: 0.7110  decode.d5.loss_dice: 0.5792  decode.d6.loss_cls: 0.0042  decode.d6.loss_mask: 0.7150  decode.d6.loss_dice: 0.5874  decode.d7.loss_cls: 0.0030  decode.d7.loss_mask: 0.7110  decode.d7.loss_dice: 0.5824  decode.d8.loss_cls: 0.0024  decode.d8.loss_mask: 0.7126  decode.d8.loss_dice: 0.5871
2026/07/23 15:56:29 - mmengine - INFO - Iter(train) [27800/80000]  base_lr: 3.5240e-05 lr: 3.5240e-05  eta: 9:34:38  time: 0.6976  data_time: 0.0213  memory: 8426  grad_norm: 58.6196  loss: 9.8046  decode.loss_cls: 0.0016  decode.loss_mask: 0.5519  decode.loss_dice: 0.4145  decode.d0.loss_cls: 0.0864  decode.d0.loss_mask: 0.5628  decode.d0.loss_dice: 0.4267  decode.d1.loss_cls: 0.0120  decode.d1.loss_mask: 0.5545  decode.d1.loss_dice: 0.4293  decode.d2.loss_cls: 0.0033  decode.d2.loss_mask: 0.5479  decode.d2.loss_dice: 0.4225  decode.d3.loss_cls: 0.0025  decode.d3.loss_mask: 0.5491  decode.d3.loss_dice: 0.4138  decode.d4.loss_cls: 0.0018  decode.d4.loss_mask: 0.5459  decode.d4.loss_dice: 0.4109  decode.d5.loss_cls: 0.0013  decode.d5.loss_mask: 0.5478  decode.d5.loss_dice: 0.4184  decode.d6.loss_cls: 0.0012  decode.d6.loss_mask: 0.5454  decode.d6.loss_dice: 0.4202  decode.d7.loss_cls: 0.0018  decode.d7.loss_mask: 0.5487  decode.d7.loss_dice: 0.4155  decode.d8.loss_cls: 0.0018  decode.d8.loss_mask: 0.5452  decode.d8.loss_dice: 0.4199
2026/07/23 15:57:35 - mmengine - INFO - Iter(train) [27900/80000]  base_lr: 3.5179e-05 lr: 3.5179e-05  eta: 9:33:33  time: 0.6333  data_time: 0.0172  memory: 8435  grad_norm: 60.8249  loss: 11.2239  decode.loss_cls: 0.0022  decode.loss_mask: 0.6103  decode.loss_dice: 0.4977  decode.d0.loss_cls: 0.0651  decode.d0.loss_mask: 0.6355  decode.d0.loss_dice: 0.5085  decode.d1.loss_cls: 0.0112  decode.d1.loss_mask: 0.6146  decode.d1.loss_dice: 0.5049  decode.d2.loss_cls: 0.0108  decode.d2.loss_mask: 0.6110  decode.d2.loss_dice: 0.4934  decode.d3.loss_cls: 0.0026  decode.d3.loss_mask: 0.6089  decode.d3.loss_dice: 0.4946  decode.d4.loss_cls: 0.0022  decode.d4.loss_mask: 0.6143  decode.d4.loss_dice: 0.4963  decode.d5.loss_cls: 0.0029  decode.d5.loss_mask: 0.6080  decode.d5.loss_dice: 0.4992  decode.d6.loss_cls: 0.0023  decode.d6.loss_mask: 0.6064  decode.d6.loss_dice: 0.5005  decode.d7.loss_cls: 0.0028  decode.d7.loss_mask: 0.6098  decode.d7.loss_dice: 0.4951  decode.d8.loss_cls: 0.0030  decode.d8.loss_mask: 0.6107  decode.d8.loss_dice: 0.4990
2026/07/23 15:58:39 - mmengine - INFO - Exp name: fusion_vits_m2f_9999_20260723_101840
2026/07/23 15:58:39 - mmengine - INFO - Iter(train) [28000/80000]  base_lr: 3.5119e-05 lr: 3.5119e-05  eta: 9:32:22  time: 0.6322  data_time: 0.0176  memory: 8435  grad_norm: 65.1176  loss: 10.6599  decode.loss_cls: 0.0012  decode.loss_mask: 0.5837  decode.loss_dice: 0.4626  decode.d0.loss_cls: 0.0795  decode.d0.loss_mask: 0.6219  decode.d0.loss_dice: 0.4794  decode.d1.loss_cls: 0.0103  decode.d1.loss_mask: 0.5888  decode.d1.loss_dice: 0.4677  decode.d2.loss_cls: 0.0082  decode.d2.loss_mask: 0.5900  decode.d2.loss_dice: 0.4581  decode.d3.loss_cls: 0.0024  decode.d3.loss_mask: 0.5850  decode.d3.loss_dice: 0.4577  decode.d4.loss_cls: 0.0021  decode.d4.loss_mask: 0.5848  decode.d4.loss_dice: 0.4644  decode.d5.loss_cls: 0.0023  decode.d5.loss_mask: 0.5833  decode.d5.loss_dice: 0.4655  decode.d6.loss_cls: 0.0016  decode.d6.loss_mask: 0.5879  decode.d6.loss_dice: 0.4644  decode.d7.loss_cls: 0.0015  decode.d7.loss_mask: 0.5870  decode.d7.loss_dice: 0.4686  decode.d8.loss_cls: 0.0011  decode.d8.loss_mask: 0.5839  decode.d8.loss_dice: 0.4652
2026/07/23 15:58:39 - mmengine - INFO - Saving checkpoint at 28000 iterations
2026/07/23 15:59:24 - mmengine - INFO - Iter(val) [100/504]    eta: 0:01:27  time: 0.2037  data_time: 0.0080  memory: 3244  
2026/07/23 15:59:45 - mmengine - INFO - Iter(val) [200/504]    eta: 0:01:05  time: 0.2095  data_time: 0.0093  memory: 3244  
2026/07/23 16:00:06 - mmengine - INFO - Iter(val) [300/504]    eta: 0:00:43  time: 0.2062  data_time: 0.0086  memory: 3244  
2026/07/23 16:00:27 - mmengine - INFO - Iter(val) [400/504]    eta: 0:00:21  time: 0.2047  data_time: 0.0084  memory: 3244  
2026/07/23 16:00:47 - mmengine - INFO - Iter(val) [500/504]    eta: 0:00:00  time: 0.2118  data_time: 0.0090  memory: 3244  
2026/07/23 16:00:51 - mmengine - INFO - per class results:
2026/07/23 16:00:51 - mmengine - INFO - 
+--------------------+-------+-------+--------+-----------+--------+
|       Class        |  IoU  |  Acc  | Fscore | Precision | Recall |
+--------------------+-------+-------+--------+-----------+--------+
| impervious_surface | 86.97 | 91.24 | 93.03  |    94.9   | 91.24  |
|      building      | 95.58 | 97.14 | 97.74  |   98.35   | 97.14  |
|   low_vegetation   | 78.43 | 88.28 | 87.91  |   87.55   | 88.28  |
|        tree        | 80.25 | 91.26 | 89.04  |   86.93   | 91.26  |
|        car         |  93.5 | 94.38 | 96.64  |   99.02   | 94.38  |
+--------------------+-------+-------+--------+-----------+--------+
2026/07/23 16:00:51 - mmengine - INFO - Iter(val) [504/504]    aAcc: 91.9700  mIoU: 86.9500  mAcc: 92.4600  mFscore: 92.8700  mPrecision: 93.3500  mRecall: 92.4600  data_time: 0.0110  time: 0.2105
2026/07/23 16:01:56 - mmengine - INFO - Iter(train) [28100/80000]  base_lr: 3.5058e-05 lr: 3.5058e-05  eta: 9:31:18  time: 0.6229  data_time: 0.0167  memory: 8426  grad_norm: 61.5076  loss: 9.0997  decode.loss_cls: 0.0081  decode.loss_mask: 0.4614  decode.loss_dice: 0.4273  decode.d0.loss_cls: 0.1443  decode.d0.loss_mask: 0.4914  decode.d0.loss_dice: 0.4691  decode.d1.loss_cls: 0.0362  decode.d1.loss_mask: 0.4540  decode.d1.loss_dice: 0.4161  decode.d2.loss_cls: 0.0224  decode.d2.loss_mask: 0.4520  decode.d2.loss_dice: 0.4197  decode.d3.loss_cls: 0.0138  decode.d3.loss_mask: 0.4484  decode.d3.loss_dice: 0.4237  decode.d4.loss_cls: 0.0124  decode.d4.loss_mask: 0.4437  decode.d4.loss_dice: 0.4198  decode.d5.loss_cls: 0.0134  decode.d5.loss_mask: 0.4526  decode.d5.loss_dice: 0.4164  decode.d6.loss_cls: 0.0073  decode.d6.loss_mask: 0.4497  decode.d6.loss_dice: 0.4239  decode.d7.loss_cls: 0.0086  decode.d7.loss_mask: 0.4510  decode.d7.loss_dice: 0.4246  decode.d8.loss_cls: 0.0083  decode.d8.loss_mask: 0.4581  decode.d8.loss_dice: 0.4221
2026/07/23 16:03:01 - mmengine - INFO - Iter(train) [28200/80000]  base_lr: 3.4997e-05 lr: 3.4997e-05  eta: 9:30:11  time: 0.6295  data_time: 0.0216  memory: 8435  grad_norm: 86.8318  loss: 15.2581  decode.loss_cls: 0.0424  decode.loss_mask: 0.8073  decode.loss_dice: 0.5918  decode.d0.loss_cls: 0.2383  decode.d0.loss_mask: 0.9993  decode.d0.loss_dice: 0.7713  decode.d1.loss_cls: 0.0883  decode.d1.loss_mask: 0.8189  decode.d1.loss_dice: 0.6191  decode.d2.loss_cls: 0.0782  decode.d2.loss_mask: 0.8146  decode.d2.loss_dice: 0.6173  decode.d3.loss_cls: 0.0452  decode.d3.loss_mask: 0.8260  decode.d3.loss_dice: 0.6191  decode.d4.loss_cls: 0.0351  decode.d4.loss_mask: 0.8142  decode.d4.loss_dice: 0.6179  decode.d5.loss_cls: 0.0352  decode.d5.loss_mask: 0.8132  decode.d5.loss_dice: 0.6122  decode.d6.loss_cls: 0.0407  decode.d6.loss_mask: 0.8047  decode.d6.loss_dice: 0.5984  decode.d7.loss_cls: 0.0463  decode.d7.loss_mask: 0.8073  decode.d7.loss_dice: 0.6011  decode.d8.loss_cls: 0.0420  decode.d8.loss_mask: 0.8140  decode.d8.loss_dice: 0.5991
2026/07/23 16:04:04 - mmengine - INFO - Iter(train) [28300/80000]  base_lr: 3.4936e-05 lr: 3.4936e-05  eta: 9:29:00  time: 0.6674  data_time: 0.0235  memory: 8435  grad_norm: 51.9000  loss: 8.9544  decode.loss_cls: 0.0035  decode.loss_mask: 0.4857  decode.loss_dice: 0.3858  decode.d0.loss_cls: 0.1246  decode.d0.loss_mask: 0.5266  decode.d0.loss_dice: 0.3950  decode.d1.loss_cls: 0.0119  decode.d1.loss_mask: 0.4957  decode.d1.loss_dice: 0.3895  decode.d2.loss_cls: 0.0039  decode.d2.loss_mask: 0.4920  decode.d2.loss_dice: 0.3815  decode.d3.loss_cls: 0.0020  decode.d3.loss_mask: 0.4905  decode.d3.loss_dice: 0.3835  decode.d4.loss_cls: 0.0029  decode.d4.loss_mask: 0.4902  decode.d4.loss_dice: 0.3843  decode.d5.loss_cls: 0.0034  decode.d5.loss_mask: 0.4908  decode.d5.loss_dice: 0.3868  decode.d6.loss_cls: 0.0014  decode.d6.loss_mask: 0.4877  decode.d6.loss_dice: 0.3829  decode.d7.loss_cls: 0.0033  decode.d7.loss_mask: 0.4900  decode.d7.loss_dice: 0.3862  decode.d8.loss_cls: 0.0028  decode.d8.loss_mask: 0.4857  decode.d8.loss_dice: 0.3841
2026/07/23 16:05:09 - mmengine - INFO - Iter(train) [28400/80000]  base_lr: 3.4875e-05 lr: 3.4875e-05  eta: 9:27:51  time: 0.6206  data_time: 0.0167  memory: 8435  grad_norm: 49.3582  loss: 8.3171  decode.loss_cls: 0.0023  decode.loss_mask: 0.3854  decode.loss_dice: 0.4266  decode.d0.loss_cls: 0.1008  decode.d0.loss_mask: 0.3997  decode.d0.loss_dice: 0.4682  decode.d1.loss_cls: 0.0212  decode.d1.loss_mask: 0.3780  decode.d1.loss_dice: 0.4331  decode.d2.loss_cls: 0.0123  decode.d2.loss_mask: 0.3806  decode.d2.loss_dice: 0.4325  decode.d3.loss_cls: 0.0112  decode.d3.loss_mask: 0.3796  decode.d3.loss_dice: 0.4174  decode.d4.loss_cls: 0.0112  decode.d4.loss_mask: 0.3818  decode.d4.loss_dice: 0.4322  decode.d5.loss_cls: 0.0033  decode.d5.loss_mask: 0.3813  decode.d5.loss_dice: 0.4244  decode.d6.loss_cls: 0.0041  decode.d6.loss_mask: 0.3824  decode.d6.loss_dice: 0.4405  decode.d7.loss_cls: 0.0037  decode.d7.loss_mask: 0.3813  decode.d7.loss_dice: 0.4236  decode.d8.loss_cls: 0.0031  decode.d8.loss_mask: 0.3814  decode.d8.loss_dice: 0.4141
2026/07/23 16:06:13 - mmengine - INFO - Iter(train) [28500/80000]  base_lr: 3.4814e-05 lr: 3.4814e-05  eta: 9:26:41  time: 0.6299  data_time: 0.0174  memory: 8435  grad_norm: 69.2221  loss: 11.5067  decode.loss_cls: 0.0011  decode.loss_mask: 0.6385  decode.loss_dice: 0.4889  decode.d0.loss_cls: 0.1220  decode.d0.loss_mask: 0.6529  decode.d0.loss_dice: 0.5320  decode.d1.loss_cls: 0.0206  decode.d1.loss_mask: 0.6468  decode.d1.loss_dice: 0.4994  decode.d2.loss_cls: 0.0044  decode.d2.loss_mask: 0.6393  decode.d2.loss_dice: 0.4885  decode.d3.loss_cls: 0.0047  decode.d3.loss_mask: 0.6425  decode.d3.loss_dice: 0.4955  decode.d4.loss_cls: 0.0033  decode.d4.loss_mask: 0.6366  decode.d4.loss_dice: 0.4918  decode.d5.loss_cls: 0.0023  decode.d5.loss_mask: 0.6351  decode.d5.loss_dice: 0.4883  decode.d6.loss_cls: 0.0015  decode.d6.loss_mask: 0.6366  decode.d6.loss_dice: 0.4849  decode.d7.loss_cls: 0.0009  decode.d7.loss_mask: 0.6341  decode.d7.loss_dice: 0.4908  decode.d8.loss_cls: 0.0008  decode.d8.loss_mask: 0.6380  decode.d8.loss_dice: 0.4849
2026/07/23 16:07:20 - mmengine - INFO - Iter(train) [28600/80000]  base_lr: 3.4754e-05 lr: 3.4754e-05  eta: 9:25:38  time: 0.6433  data_time: 0.0184  memory: 8426  grad_norm: 76.9725  loss: 13.1521  decode.loss_cls: 0.0034  decode.loss_mask: 0.7315  decode.loss_dice: 0.5363  decode.d0.loss_cls: 0.1065  decode.d0.loss_mask: 0.8264  decode.d0.loss_dice: 0.5635  decode.d1.loss_cls: 0.0206  decode.d1.loss_mask: 0.7541  decode.d1.loss_dice: 0.5596  decode.d2.loss_cls: 0.0130  decode.d2.loss_mask: 0.7428  decode.d2.loss_dice: 0.5532  decode.d3.loss_cls: 0.0083  decode.d3.loss_mask: 0.7393  decode.d3.loss_dice: 0.5523  decode.d4.loss_cls: 0.0065  decode.d4.loss_mask: 0.7376  decode.d4.loss_dice: 0.5506  decode.d5.loss_cls: 0.0053  decode.d5.loss_mask: 0.7374  decode.d5.loss_dice: 0.5530  decode.d6.loss_cls: 0.0054  decode.d6.loss_mask: 0.7347  decode.d6.loss_dice: 0.5493  decode.d7.loss_cls: 0.0045  decode.d7.loss_mask: 0.7275  decode.d7.loss_dice: 0.5449  decode.d8.loss_cls: 0.0037  decode.d8.loss_mask: 0.7338  decode.d8.loss_dice: 0.5471
2026/07/23 16:08:24 - mmengine - INFO - Iter(train) [28700/80000]  base_lr: 3.4693e-05 lr: 3.4693e-05  eta: 9:24:28  time: 0.6275  data_time: 0.0167  memory: 8426  grad_norm: 54.6778  loss: 10.9718  decode.loss_cls: 0.0130  decode.loss_mask: 0.5988  decode.loss_dice: 0.4744  decode.d0.loss_cls: 0.0971  decode.d0.loss_mask: 0.6180  decode.d0.loss_dice: 0.4588  decode.d1.loss_cls: 0.0307  decode.d1.loss_mask: 0.6065  decode.d1.loss_dice: 0.4618  decode.d2.loss_cls: 0.0488  decode.d2.loss_mask: 0.5990  decode.d2.loss_dice: 0.4654  decode.d3.loss_cls: 0.0181  decode.d3.loss_mask: 0.6008  decode.d3.loss_dice: 0.4640  decode.d4.loss_cls: 0.0312  decode.d4.loss_mask: 0.5977  decode.d4.loss_dice: 0.4561  decode.d5.loss_cls: 0.0124  decode.d5.loss_mask: 0.5946  decode.d5.loss_dice: 0.4786  decode.d6.loss_cls: 0.0186  decode.d6.loss_mask: 0.5997  decode.d6.loss_dice: 0.4714  decode.d7.loss_cls: 0.0104  decode.d7.loss_mask: 0.5982  decode.d7.loss_dice: 0.4736  decode.d8.loss_cls: 0.0149  decode.d8.loss_mask: 0.5931  decode.d8.loss_dice: 0.4661
2026/07/23 16:09:28 - mmengine - INFO - Iter(train) [28800/80000]  base_lr: 3.4632e-05 lr: 3.4632e-05  eta: 9:23:17  time: 0.6265  data_time: 0.0168  memory: 8435  grad_norm: 35.8457  loss: 8.5789  decode.loss_cls: 0.0024  decode.loss_mask: 0.4733  decode.loss_dice: 0.3746  decode.d0.loss_cls: 0.0628  decode.d0.loss_mask: 0.4830  decode.d0.loss_dice: 0.3768  decode.d1.loss_cls: 0.0103  decode.d1.loss_mask: 0.4689  decode.d1.loss_dice: 0.3819  decode.d2.loss_cls: 0.0054  decode.d2.loss_mask: 0.4743  decode.d2.loss_dice: 0.3770  decode.d3.loss_cls: 0.0050  decode.d3.loss_mask: 0.4718  decode.d3.loss_dice: 0.3731  decode.d4.loss_cls: 0.0034  decode.d4.loss_mask: 0.4731  decode.d4.loss_dice: 0.3716  decode.d5.loss_cls: 0.0023  decode.d5.loss_mask: 0.4734  decode.d5.loss_dice: 0.3705  decode.d6.loss_cls: 0.0036  decode.d6.loss_mask: 0.4710  decode.d6.loss_dice: 0.3679  decode.d7.loss_cls: 0.0036  decode.d7.loss_mask: 0.4741  decode.d7.loss_dice: 0.3733  decode.d8.loss_cls: 0.0032  decode.d8.loss_mask: 0.4731  decode.d8.loss_dice: 0.3742
2026/07/23 16:10:34 - mmengine - INFO - Iter(train) [28900/80000]  base_lr: 3.4571e-05 lr: 3.4571e-05  eta: 9:22:12  time: 0.6288  data_time: 0.0175  memory: 8435  grad_norm: 58.2343  loss: 9.7134  decode.loss_cls: 0.0084  decode.loss_mask: 0.4969  decode.loss_dice: 0.4538  decode.d0.loss_cls: 0.1096  decode.d0.loss_mask: 0.5135  decode.d0.loss_dice: 0.4690  decode.d1.loss_cls: 0.0155  decode.d1.loss_mask: 0.5040  decode.d1.loss_dice: 0.4620  decode.d2.loss_cls: 0.0066  decode.d2.loss_mask: 0.4933  decode.d2.loss_dice: 0.4493  decode.d3.loss_cls: 0.0036  decode.d3.loss_mask: 0.4959  decode.d3.loss_dice: 0.4541  decode.d4.loss_cls: 0.0036  decode.d4.loss_mask: 0.4958  decode.d4.loss_dice: 0.4565  decode.d5.loss_cls: 0.0031  decode.d5.loss_mask: 0.4936  decode.d5.loss_dice: 0.4572  decode.d6.loss_cls: 0.0025  decode.d6.loss_mask: 0.4943  decode.d6.loss_dice: 0.4539  decode.d7.loss_cls: 0.0036  decode.d7.loss_mask: 0.4960  decode.d7.loss_dice: 0.4582  decode.d8.loss_cls: 0.0088  decode.d8.loss_mask: 0.4935  decode.d8.loss_dice: 0.4575
2026/07/23 16:11:41 - mmengine - INFO - Exp name: fusion_vits_m2f_9999_20260723_101840
2026/07/23 16:11:41 - mmengine - INFO - Iter(train) [29000/80000]  base_lr: 3.4510e-05 lr: 3.4510e-05  eta: 9:21:07  time: 0.6811  data_time: 0.0209  memory: 8426  grad_norm: 43.9671  loss: 7.8478  decode.loss_cls: 0.0007  decode.loss_mask: 0.3931  decode.loss_dice: 0.3708  decode.d0.loss_cls: 0.1054  decode.d0.loss_mask: 0.4080  decode.d0.loss_dice: 0.3951  decode.d1.loss_cls: 0.0231  decode.d1.loss_mask: 0.4008  decode.d1.loss_dice: 0.3733  decode.d2.loss_cls: 0.0016  decode.d2.loss_mask: 0.3965  decode.d2.loss_dice: 0.3705  decode.d3.loss_cls: 0.0009  decode.d3.loss_mask: 0.3950  decode.d3.loss_dice: 0.3676  decode.d4.loss_cls: 0.0008  decode.d4.loss_mask: 0.3944  decode.d4.loss_dice: 0.3709  decode.d5.loss_cls: 0.0005  decode.d5.loss_mask: 0.3953  decode.d5.loss_dice: 0.3776  decode.d6.loss_cls: 0.0005  decode.d6.loss_mask: 0.3982  decode.d6.loss_dice: 0.3727  decode.d7.loss_cls: 0.0006  decode.d7.loss_mask: 0.3932  decode.d7.loss_dice: 0.3701  decode.d8.loss_cls: 0.0007  decode.d8.loss_mask: 0.3959  decode.d8.loss_dice: 0.3736
2026/07/23 16:12:48 - mmengine - INFO - Iter(train) [29100/80000]  base_lr: 3.4449e-05 lr: 3.4449e-05  eta: 9:20:04  time: 0.6920  data_time: 0.0206  memory: 8435  grad_norm: 59.5872  loss: 10.9641  decode.loss_cls: 0.0237  decode.loss_mask: 0.5566  decode.loss_dice: 0.4801  decode.d0.loss_cls: 0.1025  decode.d0.loss_mask: 0.7279  decode.d0.loss_dice: 0.6098  decode.d1.loss_cls: 0.0453  decode.d1.loss_mask: 0.5768  decode.d1.loss_dice: 0.4946  decode.d2.loss_cls: 0.0338  decode.d2.loss_mask: 0.5508  decode.d2.loss_dice: 0.4839  decode.d3.loss_cls: 0.0232  decode.d3.loss_mask: 0.5466  decode.d3.loss_dice: 0.4848  decode.d4.loss_cls: 0.0243  decode.d4.loss_mask: 0.5428  decode.d4.loss_dice: 0.4753  decode.d5.loss_cls: 0.0141  decode.d5.loss_mask: 0.5445  decode.d5.loss_dice: 0.4844  decode.d6.loss_cls: 0.0186  decode.d6.loss_mask: 0.5447  decode.d6.loss_dice: 0.4863  decode.d7.loss_cls: 0.0106  decode.d7.loss_mask: 0.5510  decode.d7.loss_dice: 0.4791  decode.d8.loss_cls: 0.0208  decode.d8.loss_mask: 0.5493  decode.d8.loss_dice: 0.4779
2026/07/23 16:13:55 - mmengine - INFO - Iter(train) [29200/80000]  base_lr: 3.4388e-05 lr: 3.4388e-05  eta: 9:19:00  time: 0.6405  data_time: 0.0186  memory: 8435  grad_norm: 66.1835  loss: 9.4717  decode.loss_cls: 0.0087  decode.loss_mask: 0.4958  decode.loss_dice: 0.4205  decode.d0.loss_cls: 0.1212  decode.d0.loss_mask: 0.5365  decode.d0.loss_dice: 0.4412  decode.d1.loss_cls: 0.0212  decode.d1.loss_mask: 0.5030  decode.d1.loss_dice: 0.4220  decode.d2.loss_cls: 0.0222  decode.d2.loss_mask: 0.4945  decode.d2.loss_dice: 0.4206  decode.d3.loss_cls: 0.0176  decode.d3.loss_mask: 0.4947  decode.d3.loss_dice: 0.4157  decode.d4.loss_cls: 0.0185  decode.d4.loss_mask: 0.4971  decode.d4.loss_dice: 0.4191  decode.d5.loss_cls: 0.0160  decode.d5.loss_mask: 0.4976  decode.d5.loss_dice: 0.4157  decode.d6.loss_cls: 0.0088  decode.d6.loss_mask: 0.4954  decode.d6.loss_dice: 0.4171  decode.d7.loss_cls: 0.0083  decode.d7.loss_mask: 0.4952  decode.d7.loss_dice: 0.4137  decode.d8.loss_cls: 0.0133  decode.d8.loss_mask: 0.4975  decode.d8.loss_dice: 0.4227
2026/07/23 16:15:02 - mmengine - INFO - Iter(train) [29300/80000]  base_lr: 3.4327e-05 lr: 3.4327e-05  eta: 9:17:55  time: 0.6641  data_time: 0.0205  memory: 8435  grad_norm: 63.8208  loss: 11.5159  decode.loss_cls: 0.0202  decode.loss_mask: 0.6158  decode.loss_dice: 0.4841  decode.d0.loss_cls: 0.1086  decode.d0.loss_mask: 0.6986  decode.d0.loss_dice: 0.5273  decode.d1.loss_cls: 0.0537  decode.d1.loss_mask: 0.6214  decode.d1.loss_dice: 0.4963  decode.d2.loss_cls: 0.0295  decode.d2.loss_mask: 0.6181  decode.d2.loss_dice: 0.4987  decode.d3.loss_cls: 0.0257  decode.d3.loss_mask: 0.6138  decode.d3.loss_dice: 0.4815  decode.d4.loss_cls: 0.0307  decode.d4.loss_mask: 0.6094  decode.d4.loss_dice: 0.4811  decode.d5.loss_cls: 0.0281  decode.d5.loss_mask: 0.6101  decode.d5.loss_dice: 0.4847  decode.d6.loss_cls: 0.0281  decode.d6.loss_mask: 0.6104  decode.d6.loss_dice: 0.4827  decode.d7.loss_cls: 0.0273  decode.d7.loss_mask: 0.6158  decode.d7.loss_dice: 0.4855  decode.d8.loss_cls: 0.0152  decode.d8.loss_mask: 0.6160  decode.d8.loss_dice: 0.4973
2026/07/23 16:16:11 - mmengine - INFO - Iter(train) [29400/80000]  base_lr: 3.4266e-05 lr: 3.4266e-05  eta: 9:16:55  time: 0.6885  data_time: 0.0199  memory: 8435  grad_norm: 70.6843  loss: 9.1768  decode.loss_cls: 0.0307  decode.loss_mask: 0.4859  decode.loss_dice: 0.3652  decode.d0.loss_cls: 0.1805  decode.d0.loss_mask: 0.4955  decode.d0.loss_dice: 0.4591  decode.d1.loss_cls: 0.0652  decode.d1.loss_mask: 0.4862  decode.d1.loss_dice: 0.3836  decode.d2.loss_cls: 0.0469  decode.d2.loss_mask: 0.4768  decode.d2.loss_dice: 0.3711  decode.d3.loss_cls: 0.0260  decode.d3.loss_mask: 0.4736  decode.d3.loss_dice: 0.3794  decode.d4.loss_cls: 0.0379  decode.d4.loss_mask: 0.4734  decode.d4.loss_dice: 0.3718  decode.d5.loss_cls: 0.0298  decode.d5.loss_mask: 0.4774  decode.d5.loss_dice: 0.3725  decode.d6.loss_cls: 0.0364  decode.d6.loss_mask: 0.4775  decode.d6.loss_dice: 0.3738  decode.d7.loss_cls: 0.0354  decode.d7.loss_mask: 0.4865  decode.d7.loss_dice: 0.3870  decode.d8.loss_cls: 0.0310  decode.d8.loss_mask: 0.4856  decode.d8.loss_dice: 0.3750
2026/07/23 16:17:17 - mmengine - INFO - Iter(train) [29500/80000]  base_lr: 3.4205e-05 lr: 3.4205e-05  eta: 9:15:48  time: 0.6573  data_time: 0.0177  memory: 8426  grad_norm: 42.9435  loss: 8.8435  decode.loss_cls: 0.0081  decode.loss_mask: 0.4764  decode.loss_dice: 0.3870  decode.d0.loss_cls: 0.1042  decode.d0.loss_mask: 0.5026  decode.d0.loss_dice: 0.3840  decode.d1.loss_cls: 0.0218  decode.d1.loss_mask: 0.4827  decode.d1.loss_dice: 0.3935  decode.d2.loss_cls: 0.0064  decode.d2.loss_mask: 0.4816  decode.d2.loss_dice: 0.3773  decode.d3.loss_cls: 0.0113  decode.d3.loss_mask: 0.4766  decode.d3.loss_dice: 0.3838  decode.d4.loss_cls: 0.0096  decode.d4.loss_mask: 0.4791  decode.d4.loss_dice: 0.3792  decode.d5.loss_cls: 0.0098  decode.d5.loss_mask: 0.4789  decode.d5.loss_dice: 0.3866  decode.d6.loss_cls: 0.0087  decode.d6.loss_mask: 0.4767  decode.d6.loss_dice: 0.3678  decode.d7.loss_cls: 0.0100  decode.d7.loss_mask: 0.4771  decode.d7.loss_dice: 0.3850  decode.d8.loss_cls: 0.0071  decode.d8.loss_mask: 0.4786  decode.d8.loss_dice: 0.3920
2026/07/23 16:18:23 - mmengine - INFO - Iter(train) [29600/80000]  base_lr: 3.4145e-05 lr: 3.4145e-05  eta: 9:14:42  time: 0.6689  data_time: 0.0198  memory: 8435  grad_norm: 78.3235  loss: 12.7347  decode.loss_cls: 0.0029  decode.loss_mask: 0.7193  decode.loss_dice: 0.5390  decode.d0.loss_cls: 0.1013  decode.d0.loss_mask: 0.7626  decode.d0.loss_dice: 0.5674  decode.d1.loss_cls: 0.0295  decode.d1.loss_mask: 0.7182  decode.d1.loss_dice: 0.5394  decode.d2.loss_cls: 0.0191  decode.d2.loss_mask: 0.7177  decode.d2.loss_dice: 0.5313  decode.d3.loss_cls: 0.0028  decode.d3.loss_mask: 0.7121  decode.d3.loss_dice: 0.5208  decode.d4.loss_cls: 0.0025  decode.d4.loss_mask: 0.7117  decode.d4.loss_dice: 0.5220  decode.d5.loss_cls: 0.0107  decode.d5.loss_mask: 0.7158  decode.d5.loss_dice: 0.5283  decode.d6.loss_cls: 0.0023  decode.d6.loss_mask: 0.7175  decode.d6.loss_dice: 0.5251  decode.d7.loss_cls: 0.0020  decode.d7.loss_mask: 0.7278  decode.d7.loss_dice: 0.5267  decode.d8.loss_cls: 0.0026  decode.d8.loss_mask: 0.7237  decode.d8.loss_dice: 0.5325
2026/07/23 16:19:34 - mmengine - INFO - Iter(train) [29700/80000]  base_lr: 3.4084e-05 lr: 3.4084e-05  eta: 9:13:44  time: 0.7285  data_time: 0.0230  memory: 8435  grad_norm: 53.7446  loss: 8.1611  decode.loss_cls: 0.0016  decode.loss_mask: 0.4027  decode.loss_dice: 0.4002  decode.d0.loss_cls: 0.0981  decode.d0.loss_mask: 0.4491  decode.d0.loss_dice: 0.4434  decode.d1.loss_cls: 0.0477  decode.d1.loss_mask: 0.3954  decode.d1.loss_dice: 0.3659  decode.d2.loss_cls: 0.0090  decode.d2.loss_mask: 0.4004  decode.d2.loss_dice: 0.3870  decode.d3.loss_cls: 0.0137  decode.d3.loss_mask: 0.4007  decode.d3.loss_dice: 0.3698  decode.d4.loss_cls: 0.0155  decode.d4.loss_mask: 0.3982  decode.d4.loss_dice: 0.3753  decode.d5.loss_cls: 0.0040  decode.d5.loss_mask: 0.3992  decode.d5.loss_dice: 0.3923  decode.d6.loss_cls: 0.0050  decode.d6.loss_mask: 0.4008  decode.d6.loss_dice: 0.3886  decode.d7.loss_cls: 0.0035  decode.d7.loss_mask: 0.4005  decode.d7.loss_dice: 0.3880  decode.d8.loss_cls: 0.0025  decode.d8.loss_mask: 0.4003  decode.d8.loss_dice: 0.4030
2026/07/23 16:20:46 - mmengine - INFO - Iter(train) [29800/80000]  base_lr: 3.4023e-05 lr: 3.4023e-05  eta: 9:12:48  time: 0.7086  data_time: 0.0228  memory: 8435  grad_norm: 54.1493  loss: 9.5632  decode.loss_cls: 0.0018  decode.loss_mask: 0.5037  decode.loss_dice: 0.4237  decode.d0.loss_cls: 0.0928  decode.d0.loss_mask: 0.5500  decode.d0.loss_dice: 0.4720  decode.d1.loss_cls: 0.0334  decode.d1.loss_mask: 0.5043  decode.d1.loss_dice: 0.4212  decode.d2.loss_cls: 0.0127  decode.d2.loss_mask: 0.5050  decode.d2.loss_dice: 0.4316  decode.d3.loss_cls: 0.0033  decode.d3.loss_mask: 0.5008  decode.d3.loss_dice: 0.4355  decode.d4.loss_cls: 0.0022  decode.d4.loss_mask: 0.5007  decode.d4.loss_dice: 0.4300  decode.d5.loss_cls: 0.0024  decode.d5.loss_mask: 0.4993  decode.d5.loss_dice: 0.4293  decode.d6.loss_cls: 0.0026  decode.d6.loss_mask: 0.5005  decode.d6.loss_dice: 0.4325  decode.d7.loss_cls: 0.0027  decode.d7.loss_mask: 0.5031  decode.d7.loss_dice: 0.4282  decode.d8.loss_cls: 0.0016  decode.d8.loss_mask: 0.5059  decode.d8.loss_dice: 0.4304
2026/07/23 16:21:58 - mmengine - INFO - Iter(train) [29900/80000]  base_lr: 3.3962e-05 lr: 3.3962e-05  eta: 9:11:52  time: 0.7003  data_time: 0.0224  memory: 8435  grad_norm: 39.3810  loss: 7.9329  decode.loss_cls: 0.0133  decode.loss_mask: 0.3958  decode.loss_dice: 0.3699  decode.d0.loss_cls: 0.1100  decode.d0.loss_mask: 0.4054  decode.d0.loss_dice: 0.3983  decode.d1.loss_cls: 0.0202  decode.d1.loss_mask: 0.3954  decode.d1.loss_dice: 0.3735  decode.d2.loss_cls: 0.0291  decode.d2.loss_mask: 0.3938  decode.d2.loss_dice: 0.3643  decode.d3.loss_cls: 0.0096  decode.d3.loss_mask: 0.3946  decode.d3.loss_dice: 0.3810  decode.d4.loss_cls: 0.0116  decode.d4.loss_mask: 0.3971  decode.d4.loss_dice: 0.3711  decode.d5.loss_cls: 0.0098  decode.d5.loss_mask: 0.3936  decode.d5.loss_dice: 0.3774  decode.d6.loss_cls: 0.0093  decode.d6.loss_mask: 0.3967  decode.d6.loss_dice: 0.3649  decode.d7.loss_cls: 0.0131  decode.d7.loss_mask: 0.3962  decode.d7.loss_dice: 0.3655  decode.d8.loss_cls: 0.0110  decode.d8.loss_mask: 0.3931  decode.d8.loss_dice: 0.3684
2026/07/23 16:23:11 - mmengine - INFO - Exp name: fusion_vits_m2f_9999_20260723_101840
2026/07/23 16:23:11 - mmengine - INFO - Iter(train) [30000/80000]  base_lr: 3.3901e-05 lr: 3.3901e-05  eta: 9:10:57  time: 0.6806  data_time: 0.0195  memory: 8435  grad_norm: 61.4795  loss: 11.0192  decode.loss_cls: 0.0104  decode.loss_mask: 0.5911  decode.loss_dice: 0.4860  decode.d0.loss_cls: 0.0966  decode.d0.loss_mask: 0.6090  decode.d0.loss_dice: 0.4850  decode.d1.loss_cls: 0.0144  decode.d1.loss_mask: 0.5956  decode.d1.loss_dice: 0.4917  decode.d2.loss_cls: 0.0109  decode.d2.loss_mask: 0.5941  decode.d2.loss_dice: 0.4900  decode.d3.loss_cls: 0.0110  decode.d3.loss_mask: 0.5912  decode.d3.loss_dice: 0.4845  decode.d4.loss_cls: 0.0083  decode.d4.loss_mask: 0.5912  decode.d4.loss_dice: 0.4857  decode.d5.loss_cls: 0.0119  decode.d5.loss_mask: 0.5936  decode.d5.loss_dice: 0.4842  decode.d6.loss_cls: 0.0134  decode.d6.loss_mask: 0.5904  decode.d6.loss_dice: 0.4790  decode.d7.loss_cls: 0.0161  decode.d7.loss_mask: 0.5942  decode.d7.loss_dice: 0.4871  decode.d8.loss_cls: 0.0118  decode.d8.loss_mask: 0.5957  decode.d8.loss_dice: 0.4950
2026/07/23 16:23:11 - mmengine - INFO - Saving checkpoint at 30000 iterations
2026/07/23 16:24:04 - mmengine - INFO - Iter(val) [100/504]    eta: 0:01:49  time: 0.2133  data_time: 0.0108  memory: 3244  
2026/07/23 16:24:25 - mmengine - INFO - Iter(val) [200/504]    eta: 0:01:13  time: 0.2149  data_time: 0.0092  memory: 3244  
2026/07/23 16:24:47 - mmengine - INFO - Iter(val) [300/504]    eta: 0:00:47  time: 0.2108  data_time: 0.0097  memory: 3244  
2026/07/23 16:25:08 - mmengine - INFO - Iter(val) [400/504]    eta: 0:00:23  time: 0.2198  data_time: 0.0114  memory: 3244  
2026/07/23 16:25:30 - mmengine - INFO - Iter(val) [500/504]    eta: 0:00:00  time: 0.2084  data_time: 0.0092  memory: 3244  
2026/07/23 16:25:34 - mmengine - INFO - per class results:
2026/07/23 16:25:34 - mmengine - INFO - 
+--------------------+-------+-------+--------+-----------+--------+
|       Class        |  IoU  |  Acc  | Fscore | Precision | Recall |
+--------------------+-------+-------+--------+-----------+--------+
| impervious_surface | 87.09 | 93.43 |  93.1  |   92.77   | 93.43  |
|      building      | 95.12 | 97.09 |  97.5  |   97.91   | 97.09  |
|   low_vegetation   | 78.69 | 91.14 | 88.08  |   85.21   | 91.14  |
|        tree        | 79.25 | 85.12 | 88.42  |   91.99   | 85.12  |
|        car         |  93.4 | 95.15 | 96.59  |   98.07   | 95.15  |
+--------------------+-------+-------+--------+-----------+--------+
2026/07/23 16:25:34 - mmengine - INFO - Iter(val) [504/504]    aAcc: 91.8500  mIoU: 86.7100  mAcc: 92.3900  mFscore: 92.7400  mPrecision: 93.1900  mRecall: 92.3900  data_time: 0.0215  time: 0.2256
2026/07/23 16:26:41 - mmengine - INFO - Iter(train) [30100/80000]  base_lr: 3.3839e-05 lr: 3.3839e-05  eta: 9:09:59  time: 0.6877  data_time: 0.0214  memory: 8435  grad_norm: 55.5960  loss: 8.5721  decode.loss_cls: 0.0005  decode.loss_mask: 0.4672  decode.loss_dice: 0.3711  decode.d0.loss_cls: 0.1121  decode.d0.loss_mask: 0.4917  decode.d0.loss_dice: 0.3794  decode.d1.loss_cls: 0.0267  decode.d1.loss_mask: 0.4665  decode.d1.loss_dice: 0.3658  decode.d2.loss_cls: 0.0086  decode.d2.loss_mask: 0.4607  decode.d2.loss_dice: 0.3650  decode.d3.loss_cls: 0.0011  decode.d3.loss_mask: 0.4678  decode.d3.loss_dice: 0.3756  decode.d4.loss_cls: 0.0009  decode.d4.loss_mask: 0.4687  decode.d4.loss_dice: 0.3772  decode.d5.loss_cls: 0.0008  decode.d5.loss_mask: 0.4711  decode.d5.loss_dice: 0.3699  decode.d6.loss_cls: 0.0006  decode.d6.loss_mask: 0.4675  decode.d6.loss_dice: 0.3800  decode.d7.loss_cls: 0.0005  decode.d7.loss_mask: 0.4632  decode.d7.loss_dice: 0.3745  decode.d8.loss_cls: 0.0005  decode.d8.loss_mask: 0.4640  decode.d8.loss_dice: 0.3729
2026/07/23 16:27:51 - mmengine - INFO - Iter(train) [30200/80000]  base_lr: 3.3778e-05 lr: 3.3778e-05  eta: 9:08:58  time: 0.7134  data_time: 0.0209  memory: 8435  grad_norm: 52.2773  loss: 10.3097  decode.loss_cls: 0.0008  decode.loss_mask: 0.5266  decode.loss_dice: 0.4847  decode.d0.loss_cls: 0.0713  decode.d0.loss_mask: 0.5620  decode.d0.loss_dice: 0.5008  decode.d1.loss_cls: 0.0207  decode.d1.loss_mask: 0.5262  decode.d1.loss_dice: 0.4973  decode.d2.loss_cls: 0.0077  decode.d2.loss_mask: 0.5224  decode.d2.loss_dice: 0.4925  decode.d3.loss_cls: 0.0008  decode.d3.loss_mask: 0.5240  decode.d3.loss_dice: 0.4899  decode.d4.loss_cls: 0.0006  decode.d4.loss_mask: 0.5259  decode.d4.loss_dice: 0.4878  decode.d5.loss_cls: 0.0005  decode.d5.loss_mask: 0.5243  decode.d5.loss_dice: 0.4868  decode.d6.loss_cls: 0.0007  decode.d6.loss_mask: 0.5265  decode.d6.loss_dice: 0.4888  decode.d7.loss_cls: 0.0006  decode.d7.loss_mask: 0.5275  decode.d7.loss_dice: 0.4913  decode.d8.loss_cls: 0.0005  decode.d8.loss_mask: 0.5275  decode.d8.loss_dice: 0.4927
2026/07/23 16:29:07 - mmengine - INFO - Iter(train) [30300/80000]  base_lr: 3.3717e-05 lr: 3.3717e-05  eta: 9:08:08  time: 0.6809  data_time: 0.0216  memory: 8435  grad_norm: 112.5468  loss: 12.2582  decode.loss_cls: 0.0338  decode.loss_mask: 0.6449  decode.loss_dice: 0.5038  decode.d0.loss_cls: 0.2114  decode.d0.loss_mask: 0.7636  decode.d0.loss_dice: 0.6000  decode.d1.loss_cls: 0.0920  decode.d1.loss_mask: 0.6495  decode.d1.loss_dice: 0.5145  decode.d2.loss_cls: 0.0702  decode.d2.loss_mask: 0.6416  decode.d2.loss_dice: 0.5116  decode.d3.loss_cls: 0.0401  decode.d3.loss_mask: 0.6355  decode.d3.loss_dice: 0.4936  decode.d4.loss_cls: 0.0332  decode.d4.loss_mask: 0.6270  decode.d4.loss_dice: 0.4957  decode.d5.loss_cls: 0.0378  decode.d5.loss_mask: 0.6307  decode.d5.loss_dice: 0.4993  decode.d6.loss_cls: 0.0286  decode.d6.loss_mask: 0.6299  decode.d6.loss_dice: 0.5108  decode.d7.loss_cls: 0.0349  decode.d7.loss_mask: 0.6293  decode.d7.loss_dice: 0.5098  decode.d8.loss_cls: 0.0283  decode.d8.loss_mask: 0.6444  decode.d8.loss_dice: 0.5120
2026/07/23 16:30:17 - mmengine - INFO - Iter(train) [30400/80000]  base_lr: 3.3656e-05 lr: 3.3656e-05  eta: 9:07:10  time: 0.6954  data_time: 0.0205  memory: 8426  grad_norm: 54.4824  loss: 9.1892  decode.loss_cls: 0.0166  decode.loss_mask: 0.4784  decode.loss_dice: 0.4057  decode.d0.loss_cls: 0.0987  decode.d0.loss_mask: 0.4957  decode.d0.loss_dice: 0.4212  decode.d1.loss_cls: 0.0286  decode.d1.loss_mask: 0.4805  decode.d1.loss_dice: 0.4077  decode.d2.loss_cls: 0.0205  decode.d2.loss_mask: 0.4841  decode.d2.loss_dice: 0.4003  decode.d3.loss_cls: 0.0148  decode.d3.loss_mask: 0.4804  decode.d3.loss_dice: 0.4098  decode.d4.loss_cls: 0.0173  decode.d4.loss_mask: 0.4777  decode.d4.loss_dice: 0.4183  decode.d5.loss_cls: 0.0214  decode.d5.loss_mask: 0.4772  decode.d5.loss_dice: 0.4052  decode.d6.loss_cls: 0.0134  decode.d6.loss_mask: 0.4795  decode.d6.loss_dice: 0.4174  decode.d7.loss_cls: 0.0093  decode.d7.loss_mask: 0.4812  decode.d7.loss_dice: 0.4124  decode.d8.loss_cls: 0.0209  decode.d8.loss_mask: 0.4825  decode.d8.loss_dice: 0.4127
2026/07/23 16:31:27 - mmengine - INFO - Iter(train) [30500/80000]  base_lr: 3.3595e-05 lr: 3.3595e-05  eta: 9:06:09  time: 0.6446  data_time: 0.0198  memory: 8435  grad_norm: 54.4937  loss: 10.4156  decode.loss_cls: 0.0040  decode.loss_mask: 0.5842  decode.loss_dice: 0.4327  decode.d0.loss_cls: 0.0746  decode.d0.loss_mask: 0.6195  decode.d0.loss_dice: 0.4439  decode.d1.loss_cls: 0.0162  decode.d1.loss_mask: 0.5977  decode.d1.loss_dice: 0.4489  decode.d2.loss_cls: 0.0078  decode.d2.loss_mask: 0.5913  decode.d2.loss_dice: 0.4421  decode.d3.loss_cls: 0.0047  decode.d3.loss_mask: 0.5833  decode.d3.loss_dice: 0.4346  decode.d4.loss_cls: 0.0029  decode.d4.loss_mask: 0.5870  decode.d4.loss_dice: 0.4387  decode.d5.loss_cls: 0.0039  decode.d5.loss_mask: 0.5858  decode.d5.loss_dice: 0.4354  decode.d6.loss_cls: 0.0029  decode.d6.loss_mask: 0.5852  decode.d6.loss_dice: 0.4314  decode.d7.loss_cls: 0.0046  decode.d7.loss_mask: 0.5905  decode.d7.loss_dice: 0.4357  decode.d8.loss_cls: 0.0045  decode.d8.loss_mask: 0.5866  decode.d8.loss_dice: 0.4351
2026/07/23 16:32:40 - mmengine - INFO - Iter(train) [30600/80000]  base_lr: 3.3534e-05 lr: 3.3534e-05  eta: 9:05:13  time: 0.7892  data_time: 0.0335  memory: 8435  grad_norm: 61.7577  loss: 10.6714  decode.loss_cls: 0.0099  decode.loss_mask: 0.5832  decode.loss_dice: 0.4681  decode.d0.loss_cls: 0.0778  decode.d0.loss_mask: 0.5960  decode.d0.loss_dice: 0.4724  decode.d1.loss_cls: 0.0192  decode.d1.loss_mask: 0.5791  decode.d1.loss_dice: 0.4680  decode.d2.loss_cls: 0.0112  decode.d2.loss_mask: 0.5809  decode.d2.loss_dice: 0.4714  decode.d3.loss_cls: 0.0150  decode.d3.loss_mask: 0.5789  decode.d3.loss_dice: 0.4632  decode.d4.loss_cls: 0.0105  decode.d4.loss_mask: 0.5787  decode.d4.loss_dice: 0.4649  decode.d5.loss_cls: 0.0105  decode.d5.loss_mask: 0.5818  decode.d5.loss_dice: 0.4711  decode.d6.loss_cls: 0.0117  decode.d6.loss_mask: 0.5788  decode.d6.loss_dice: 0.4576  decode.d7.loss_cls: 0.0109  decode.d7.loss_mask: 0.5754  decode.d7.loss_dice: 0.4666  decode.d8.loss_cls: 0.0106  decode.d8.loss_mask: 0.5802  decode.d8.loss_dice: 0.4679
2026/07/23 16:33:51 - mmengine - INFO - Iter(train) [30700/80000]  base_lr: 3.3473e-05 lr: 3.3473e-05  eta: 9:04:15  time: 0.6766  data_time: 0.0195  memory: 8426  grad_norm: 46.0855  loss: 7.2551  decode.loss_cls: 0.0007  decode.loss_mask: 0.3680  decode.loss_dice: 0.3446  decode.d0.loss_cls: 0.1048  decode.d0.loss_mask: 0.3844  decode.d0.loss_dice: 0.3690  decode.d1.loss_cls: 0.0167  decode.d1.loss_mask: 0.3672  decode.d1.loss_dice: 0.3512  decode.d2.loss_cls: 0.0036  decode.d2.loss_mask: 0.3648  decode.d2.loss_dice: 0.3445  decode.d3.loss_cls: 0.0012  decode.d3.loss_mask: 0.3644  decode.d3.loss_dice: 0.3430  decode.d4.loss_cls: 0.0012  decode.d4.loss_mask: 0.3656  decode.d4.loss_dice: 0.3315  decode.d5.loss_cls: 0.0010  decode.d5.loss_mask: 0.3681  decode.d5.loss_dice: 0.3380  decode.d6.loss_cls: 0.0007  decode.d6.loss_mask: 0.3671  decode.d6.loss_dice: 0.3390  decode.d7.loss_cls: 0.0009  decode.d7.loss_mask: 0.3687  decode.d7.loss_dice: 0.3389  decode.d8.loss_cls: 0.0008  decode.d8.loss_mask: 0.3690  decode.d8.loss_dice: 0.3361
2026/07/23 16:35:03 - mmengine - INFO - Iter(train) [30800/80000]  base_lr: 3.3412e-05 lr: 3.3412e-05  eta: 9:03:19  time: 0.7151  data_time: 0.0220  memory: 8435  grad_norm: 63.7683  loss: 13.7416  decode.loss_cls: 0.0197  decode.loss_mask: 0.7702  decode.loss_dice: 0.5416  decode.d0.loss_cls: 0.1553  decode.d0.loss_mask: 0.9380  decode.d0.loss_dice: 0.6581  decode.d1.loss_cls: 0.0453  decode.d1.loss_mask: 0.7864  decode.d1.loss_dice: 0.5583  decode.d2.loss_cls: 0.0235  decode.d2.loss_mask: 0.7707  decode.d2.loss_dice: 0.5507  decode.d3.loss_cls: 0.0194  decode.d3.loss_mask: 0.7684  decode.d3.loss_dice: 0.5453  decode.d4.loss_cls: 0.0160  decode.d4.loss_mask: 0.7687  decode.d4.loss_dice: 0.5466  decode.d5.loss_cls: 0.0157  decode.d5.loss_mask: 0.7621  decode.d5.loss_dice: 0.5396  decode.d6.loss_cls: 0.0160  decode.d6.loss_mask: 0.7592  decode.d6.loss_dice: 0.5272  decode.d7.loss_cls: 0.0145  decode.d7.loss_mask: 0.7618  decode.d7.loss_dice: 0.5396  decode.d8.loss_cls: 0.0136  decode.d8.loss_mask: 0.7705  decode.d8.loss_dice: 0.5396
2026/07/23 16:36:15 - mmengine - INFO - Iter(train) [30900/80000]  base_lr: 3.3351e-05 lr: 3.3351e-05  eta: 9:02:21  time: 0.7566  data_time: 0.0253  memory: 8435  grad_norm: 43.4050  loss: 5.3133  decode.loss_cls: 0.0158  decode.loss_mask: 0.2544  decode.loss_dice: 0.2226  decode.d0.loss_cls: 0.3291  decode.d0.loss_mask: 0.2624  decode.d0.loss_dice: 0.2545  decode.d1.loss_cls: 0.0522  decode.d1.loss_mask: 0.2495  decode.d1.loss_dice: 0.2273  decode.d2.loss_cls: 0.0269  decode.d2.loss_mask: 0.2512  decode.d2.loss_dice: 0.2205  decode.d3.loss_cls: 0.0258  decode.d3.loss_mask: 0.2460  decode.d3.loss_dice: 0.2141  decode.d4.loss_cls: 0.0177  decode.d4.loss_mask: 0.2510  decode.d4.loss_dice: 0.2243  decode.d5.loss_cls: 0.0227  decode.d5.loss_mask: 0.2524  decode.d5.loss_dice: 0.2163  decode.d6.loss_cls: 0.0249  decode.d6.loss_mask: 0.2508  decode.d6.loss_dice: 0.2148  decode.d7.loss_cls: 0.0258  decode.d7.loss_mask: 0.2497  decode.d7.loss_dice: 0.2115  decode.d8.loss_cls: 0.0231  decode.d8.loss_mask: 0.2520  decode.d8.loss_dice: 0.2239
2026/07/23 16:37:28 - mmengine - INFO - Exp name: fusion_vits_m2f_9999_20260723_101840
2026/07/23 16:37:28 - mmengine - INFO - Iter(train) [31000/80000]  base_lr: 3.3290e-05 lr: 3.3290e-05  eta: 9:01:25  time: 0.8217  data_time: 0.0259  memory: 8435  grad_norm: 63.5874  loss: 9.6568  decode.loss_cls: 0.0108  decode.loss_mask: 0.5045  decode.loss_dice: 0.4064  decode.d0.loss_cls: 0.0975  decode.d0.loss_mask: 0.5607  decode.d0.loss_dice: 0.4537  decode.d1.loss_cls: 0.0312  decode.d1.loss_mask: 0.5212  decode.d1.loss_dice: 0.4403  decode.d2.loss_cls: 0.0179  decode.d2.loss_mask: 0.5095  decode.d2.loss_dice: 0.4266  decode.d3.loss_cls: 0.0223  decode.d3.loss_mask: 0.5079  decode.d3.loss_dice: 0.4212  decode.d4.loss_cls: 0.0078  decode.d4.loss_mask: 0.5061  decode.d4.loss_dice: 0.4345  decode.d5.loss_cls: 0.0255  decode.d5.loss_mask: 0.5068  decode.d5.loss_dice: 0.4249  decode.d6.loss_cls: 0.0209  decode.d6.loss_mask: 0.5058  decode.d6.loss_dice: 0.4197  decode.d7.loss_cls: 0.0087  decode.d7.loss_mask: 0.5040  decode.d7.loss_dice: 0.4165  decode.d8.loss_cls: 0.0116  decode.d8.loss_mask: 0.5061  decode.d8.loss_dice: 0.4262
2026/07/23 16:38:40 - mmengine - INFO - Iter(train) [31100/80000]  base_lr: 3.3229e-05 lr: 3.3229e-05  eta: 9:00:27  time: 0.7035  data_time: 0.0198  memory: 8435  grad_norm: 60.7107  loss: 9.3853  decode.loss_cls: 0.0023  decode.loss_mask: 0.5065  decode.loss_dice: 0.4212  decode.d0.loss_cls: 0.1272  decode.d0.loss_mask: 0.5275  decode.d0.loss_dice: 0.4286  decode.d1.loss_cls: 0.0153  decode.d1.loss_mask: 0.5114  decode.d1.loss_dice: 0.4123  decode.d2.loss_cls: 0.0034  decode.d2.loss_mask: 0.5048  decode.d2.loss_dice: 0.4229  decode.d3.loss_cls: 0.0039  decode.d3.loss_mask: 0.5003  decode.d3.loss_dice: 0.4108  decode.d4.loss_cls: 0.0037  decode.d4.loss_mask: 0.5038  decode.d4.loss_dice: 0.4106  decode.d5.loss_cls: 0.0016  decode.d5.loss_mask: 0.5082  decode.d5.loss_dice: 0.4114  decode.d6.loss_cls: 0.0025  decode.d6.loss_mask: 0.5046  decode.d6.loss_dice: 0.4071  decode.d7.loss_cls: 0.0030  decode.d7.loss_mask: 0.5033  decode.d7.loss_dice: 0.4105  decode.d8.loss_cls: 0.0014  decode.d8.loss_mask: 0.5038  decode.d8.loss_dice: 0.4116
2026/07/23 16:39:55 - mmengine - INFO - Iter(train) [31200/80000]  base_lr: 3.3167e-05 lr: 3.3167e-05  eta: 8:59:35  time: 0.7378  data_time: 0.0231  memory: 8426  grad_norm: 63.9858  loss: 9.5907  decode.loss_cls: 0.0020  decode.loss_mask: 0.5432  decode.loss_dice: 0.3844  decode.d0.loss_cls: 0.1502  decode.d0.loss_mask: 0.5804  decode.d0.loss_dice: 0.4238  decode.d1.loss_cls: 0.0221  decode.d1.loss_mask: 0.5399  decode.d1.loss_dice: 0.4215  decode.d2.loss_cls: 0.0058  decode.d2.loss_mask: 0.5378  decode.d2.loss_dice: 0.3922  decode.d3.loss_cls: 0.0033  decode.d3.loss_mask: 0.5394  decode.d3.loss_dice: 0.3911  decode.d4.loss_cls: 0.0023  decode.d4.loss_mask: 0.5418  decode.d4.loss_dice: 0.3901  decode.d5.loss_cls: 0.0014  decode.d5.loss_mask: 0.5424  decode.d5.loss_dice: 0.3895  decode.d6.loss_cls: 0.0010  decode.d6.loss_mask: 0.5412  decode.d6.loss_dice: 0.3828  decode.d7.loss_cls: 0.0014  decode.d7.loss_mask: 0.5403  decode.d7.loss_dice: 0.3898  decode.d8.loss_cls: 0.0014  decode.d8.loss_mask: 0.5417  decode.d8.loss_dice: 0.3865
2026/07/23 16:41:08 - mmengine - INFO - Iter(train) [31300/80000]  base_lr: 3.3106e-05 lr: 3.3106e-05  eta: 8:58:40  time: 0.7319  data_time: 0.0232  memory: 8426  grad_norm: 50.8650  loss: 9.5139  decode.loss_cls: 0.0039  decode.loss_mask: 0.5013  decode.loss_dice: 0.4320  decode.d0.loss_cls: 0.0769  decode.d0.loss_mask: 0.5366  decode.d0.loss_dice: 0.4402  decode.d1.loss_cls: 0.0239  decode.d1.loss_mask: 0.5102  decode.d1.loss_dice: 0.4391  decode.d2.loss_cls: 0.0299  decode.d2.loss_mask: 0.5053  decode.d2.loss_dice: 0.4372  decode.d3.loss_cls: 0.0082  decode.d3.loss_mask: 0.5020  decode.d3.loss_dice: 0.4339  decode.d4.loss_cls: 0.0124  decode.d4.loss_mask: 0.5001  decode.d4.loss_dice: 0.4191  decode.d5.loss_cls: 0.0089  decode.d5.loss_mask: 0.5012  decode.d5.loss_dice: 0.4173  decode.d6.loss_cls: 0.0048  decode.d6.loss_mask: 0.4970  decode.d6.loss_dice: 0.4254  decode.d7.loss_cls: 0.0047  decode.d7.loss_mask: 0.4995  decode.d7.loss_dice: 0.4153  decode.d8.loss_cls: 0.0048  decode.d8.loss_mask: 0.5007  decode.d8.loss_dice: 0.4220
2026/07/23 16:42:22 - mmengine - INFO - Iter(train) [31400/80000]  base_lr: 3.3045e-05 lr: 3.3045e-05  eta: 8:57:45  time: 0.7871  data_time: 0.0223  memory: 8435  grad_norm: 41.1791  loss: 6.9277  decode.loss_cls: 0.0043  decode.loss_mask: 0.3751  decode.loss_dice: 0.3042  decode.d0.loss_cls: 0.0918  decode.d0.loss_mask: 0.3787  decode.d0.loss_dice: 0.3262  decode.d1.loss_cls: 0.0061  decode.d1.loss_mask: 0.3748  decode.d1.loss_dice: 0.3093  decode.d2.loss_cls: 0.0029  decode.d2.loss_mask: 0.3740  decode.d2.loss_dice: 0.3023  decode.d3.loss_cls: 0.0014  decode.d3.loss_mask: 0.3748  decode.d3.loss_dice: 0.3032  decode.d4.loss_cls: 0.0025  decode.d4.loss_mask: 0.3753  decode.d4.loss_dice: 0.3069  decode.d5.loss_cls: 0.0017  decode.d5.loss_mask: 0.3759  decode.d5.loss_dice: 0.3064  decode.d6.loss_cls: 0.0020  decode.d6.loss_mask: 0.3758  decode.d6.loss_dice: 0.3068  decode.d7.loss_cls: 0.0032  decode.d7.loss_mask: 0.3737  decode.d7.loss_dice: 0.2860  decode.d8.loss_cls: 0.0043  decode.d8.loss_mask: 0.3749  decode.d8.loss_dice: 0.3033
2026/07/23 16:43:34 - mmengine - INFO - Iter(train) [31500/80000]  base_lr: 3.2984e-05 lr: 3.2984e-05  eta: 8:56:46  time: 0.7399  data_time: 0.0248  memory: 8435  grad_norm: 65.4628  loss: 9.8954  decode.loss_cls: 0.0042  decode.loss_mask: 0.4934  decode.loss_dice: 0.4700  decode.d0.loss_cls: 0.0741  decode.d0.loss_mask: 0.5293  decode.d0.loss_dice: 0.5060  decode.d1.loss_cls: 0.0266  decode.d1.loss_mask: 0.4998  decode.d1.loss_dice: 0.4737  decode.d2.loss_cls: 0.0085  decode.d2.loss_mask: 0.5014  decode.d2.loss_dice: 0.4787  decode.d3.loss_cls: 0.0023  decode.d3.loss_mask: 0.4961  decode.d3.loss_dice: 0.4766  decode.d4.loss_cls: 0.0022  decode.d4.loss_mask: 0.4952  decode.d4.loss_dice: 0.4755  decode.d5.loss_cls: 0.0026  decode.d5.loss_mask: 0.4975  decode.d5.loss_dice: 0.4770  decode.d6.loss_cls: 0.0026  decode.d6.loss_mask: 0.4934  decode.d6.loss_dice: 0.4699  decode.d7.loss_cls: 0.0046  decode.d7.loss_mask: 0.4936  decode.d7.loss_dice: 0.4748  decode.d8.loss_cls: 0.0042  decode.d8.loss_mask: 0.4921  decode.d8.loss_dice: 0.4697
2026/07/23 16:44:47 - mmengine - INFO - Iter(train) [31600/80000]  base_lr: 3.2923e-05 lr: 3.2923e-05  eta: 8:55:51  time: 0.7396  data_time: 0.0215  memory: 8426  grad_norm: 44.0709  loss: 7.7288  decode.loss_cls: 0.0004  decode.loss_mask: 0.4055  decode.loss_dice: 0.3510  decode.d0.loss_cls: 0.0894  decode.d0.loss_mask: 0.4196  decode.d0.loss_dice: 0.3688  decode.d1.loss_cls: 0.0165  decode.d1.loss_mask: 0.4064  decode.d1.loss_dice: 0.3568  decode.d2.loss_cls: 0.0014  decode.d2.loss_mask: 0.4085  decode.d2.loss_dice: 0.3557  decode.d3.loss_cls: 0.0018  decode.d3.loss_mask: 0.4058  decode.d3.loss_dice: 0.3559  decode.d4.loss_cls: 0.0003  decode.d4.loss_mask: 0.4076  decode.d4.loss_dice: 0.3533  decode.d5.loss_cls: 0.0003  decode.d5.loss_mask: 0.4054  decode.d5.loss_dice: 0.3542  decode.d6.loss_cls: 0.0003  decode.d6.loss_mask: 0.4036  decode.d6.loss_dice: 0.3477  decode.d7.loss_cls: 0.0002  decode.d7.loss_mask: 0.4041  decode.d7.loss_dice: 0.3483  decode.d8.loss_cls: 0.0002  decode.d8.loss_mask: 0.4061  decode.d8.loss_dice: 0.3535
2026/07/23 16:46:00 - mmengine - INFO - Iter(train) [31700/80000]  base_lr: 3.2861e-05 lr: 3.2861e-05  eta: 8:54:55  time: 0.7260  data_time: 0.0229  memory: 8435  grad_norm: 43.7712  loss: 8.9523  decode.loss_cls: 0.0055  decode.loss_mask: 0.4605  decode.loss_dice: 0.4055  decode.d0.loss_cls: 0.0814  decode.d0.loss_mask: 0.5502  decode.d0.loss_dice: 0.4600  decode.d1.loss_cls: 0.0241  decode.d1.loss_mask: 0.4609  decode.d1.loss_dice: 0.4057  decode.d2.loss_cls: 0.0085  decode.d2.loss_mask: 0.4602  decode.d2.loss_dice: 0.4059  decode.d3.loss_cls: 0.0094  decode.d3.loss_mask: 0.4614  decode.d3.loss_dice: 0.3996  decode.d4.loss_cls: 0.0085  decode.d4.loss_mask: 0.4632  decode.d4.loss_dice: 0.4094  decode.d5.loss_cls: 0.0101  decode.d5.loss_mask: 0.4608  decode.d5.loss_dice: 0.4009  decode.d6.loss_cls: 0.0076  decode.d6.loss_mask: 0.4620  decode.d6.loss_dice: 0.4002  decode.d7.loss_cls: 0.0056  decode.d7.loss_mask: 0.4590  decode.d7.loss_dice: 0.4001  decode.d8.loss_cls: 0.0067  decode.d8.loss_mask: 0.4604  decode.d8.loss_dice: 0.3991
2026/07/23 16:47:11 - mmengine - INFO - Iter(train) [31800/80000]  base_lr: 3.2800e-05 lr: 3.2800e-05  eta: 8:53:55  time: 0.7569  data_time: 0.0247  memory: 8435  grad_norm: 54.3539  loss: 9.4439  decode.loss_cls: 0.0038  decode.loss_mask: 0.4740  decode.loss_dice: 0.4413  decode.d0.loss_cls: 0.1062  decode.d0.loss_mask: 0.5393  decode.d0.loss_dice: 0.4569  decode.d1.loss_cls: 0.0508  decode.d1.loss_mask: 0.4809  decode.d1.loss_dice: 0.4320  decode.d2.loss_cls: 0.0396  decode.d2.loss_mask: 0.4805  decode.d2.loss_dice: 0.4310  decode.d3.loss_cls: 0.0135  decode.d3.loss_mask: 0.4794  decode.d3.loss_dice: 0.4383  decode.d4.loss_cls: 0.0124  decode.d4.loss_mask: 0.4760  decode.d4.loss_dice: 0.4350  decode.d5.loss_cls: 0.0106  decode.d5.loss_mask: 0.4773  decode.d5.loss_dice: 0.4319  decode.d6.loss_cls: 0.0112  decode.d6.loss_mask: 0.4758  decode.d6.loss_dice: 0.4283  decode.d7.loss_cls: 0.0082  decode.d7.loss_mask: 0.4734  decode.d7.loss_dice: 0.4305  decode.d8.loss_cls: 0.0031  decode.d8.loss_mask: 0.4747  decode.d8.loss_dice: 0.4278
2026/07/23 16:48:25 - mmengine - INFO - Iter(train) [31900/80000]  base_lr: 3.2739e-05 lr: 3.2739e-05  eta: 8:53:00  time: 0.6957  data_time: 0.0241  memory: 8435  grad_norm: 61.9849  loss: 10.3705  decode.loss_cls: 0.0002  decode.loss_mask: 0.5676  decode.loss_dice: 0.4570  decode.d0.loss_cls: 0.0633  decode.d0.loss_mask: 0.6191  decode.d0.loss_dice: 0.4729  decode.d1.loss_cls: 0.0175  decode.d1.loss_mask: 0.5732  decode.d1.loss_dice: 0.4619  decode.d2.loss_cls: 0.0023  decode.d2.loss_mask: 0.5703  decode.d2.loss_dice: 0.4574  decode.d3.loss_cls: 0.0007  decode.d3.loss_mask: 0.5617  decode.d3.loss_dice: 0.4515  decode.d4.loss_cls: 0.0006  decode.d4.loss_mask: 0.5642  decode.d4.loss_dice: 0.4512  decode.d5.loss_cls: 0.0007  decode.d5.loss_mask: 0.5621  decode.d5.loss_dice: 0.4547  decode.d6.loss_cls: 0.0003  decode.d6.loss_mask: 0.5639  decode.d6.loss_dice: 0.4510  decode.d7.loss_cls: 0.0003  decode.d7.loss_mask: 0.5670  decode.d7.loss_dice: 0.4546  decode.d8.loss_cls: 0.0003  decode.d8.loss_mask: 0.5670  decode.d8.loss_dice: 0.4563
2026/07/23 16:49:41 - mmengine - INFO - Exp name: fusion_vits_m2f_9999_20260723_101840
2026/07/23 16:49:41 - mmengine - INFO - Iter(train) [32000/80000]  base_lr: 3.2678e-05 lr: 3.2678e-05  eta: 8:52:08  time: 0.7171  data_time: 0.0211  memory: 8435  grad_norm: 72.4262  loss: 10.1545  decode.loss_cls: 0.0254  decode.loss_mask: 0.5105  decode.loss_dice: 0.4369  decode.d0.loss_cls: 0.1890  decode.d0.loss_mask: 0.5919  decode.d0.loss_dice: 0.5237  decode.d1.loss_cls: 0.0480  decode.d1.loss_mask: 0.5086  decode.d1.loss_dice: 0.4410  decode.d2.loss_cls: 0.0327  decode.d2.loss_mask: 0.5081  decode.d2.loss_dice: 0.4547  decode.d3.loss_cls: 0.0259  decode.d3.loss_mask: 0.5111  decode.d3.loss_dice: 0.4500  decode.d4.loss_cls: 0.0336  decode.d4.loss_mask: 0.5139  decode.d4.loss_dice: 0.4449  decode.d5.loss_cls: 0.0323  decode.d5.loss_mask: 0.5105  decode.d5.loss_dice: 0.4407  decode.d6.loss_cls: 0.0336  decode.d6.loss_mask: 0.5119  decode.d6.loss_dice: 0.4460  decode.d7.loss_cls: 0.0266  decode.d7.loss_mask: 0.5102  decode.d7.loss_dice: 0.4337  decode.d8.loss_cls: 0.0245  decode.d8.loss_mask: 0.5021  decode.d8.loss_dice: 0.4324
2026/07/23 16:49:41 - mmengine - INFO - Saving checkpoint at 32000 iterations
2026/07/23 16:50:30 - mmengine - INFO - Iter(val) [100/504]    eta: 0:01:31  time: 0.2140  data_time: 0.0093  memory: 3244  
2026/07/23 16:50:51 - mmengine - INFO - Iter(val) [200/504]    eta: 0:01:06  time: 0.2145  data_time: 0.0103  memory: 3244  
2026/07/23 16:51:16 - mmengine - INFO - Iter(val) [300/504]    eta: 0:00:46  time: 0.2148  data_time: 0.0118  memory: 3244  
2026/07/23 16:51:37 - mmengine - INFO - Iter(val) [400/504]    eta: 0:00:23  time: 0.2111  data_time: 0.0095  memory: 3244  
2026/07/23 16:51:59 - mmengine - INFO - Iter(val) [500/504]    eta: 0:00:00  time: 0.2075  data_time: 0.0090  memory: 3244  
2026/07/23 16:52:04 - mmengine - INFO - per class results:
2026/07/23 16:52:04 - mmengine - INFO - 
+--------------------+-------+-------+--------+-----------+--------+
|       Class        |  IoU  |  Acc  | Fscore | Precision | Recall |
+--------------------+-------+-------+--------+-----------+--------+
| impervious_surface | 85.64 | 91.22 | 92.26  |   93.33   | 91.22  |
|      building      | 95.74 | 97.11 | 97.82  |   98.55   | 97.11  |
|   low_vegetation   | 73.59 | 96.79 | 84.79  |   75.43   | 96.79  |
|        tree        | 69.15 | 70.56 | 81.76  |   97.19   | 70.56  |
|        car         |  93.2 | 96.91 | 96.48  |   96.05   | 96.91  |
+--------------------+-------+-------+--------+-----------+--------+
2026/07/23 16:52:04 - mmengine - INFO - Iter(val) [504/504]    aAcc: 89.4000  mIoU: 83.4700  mAcc: 90.5200  mFscore: 90.6200  mPrecision: 92.1100  mRecall: 90.5200  data_time: 0.0191  time: 0.2217
2026/07/23 16:53:10 - mmengine - INFO - Iter(train) [32100/80000]  base_lr: 3.2616e-05 lr: 3.2616e-05  eta: 8:51:06  time: 0.7140  data_time: 0.1051  memory: 8426  grad_norm: 53.6721  loss: 9.8328  decode.loss_cls: 0.0054  decode.loss_mask: 0.5395  decode.loss_dice: 0.4280  decode.d0.loss_cls: 0.0822  decode.d0.loss_mask: 0.5513  decode.d0.loss_dice: 0.4157  decode.d1.loss_cls: 0.0177  decode.d1.loss_mask: 0.5458  decode.d1.loss_dice: 0.4320  decode.d2.loss_cls: 0.0076  decode.d2.loss_mask: 0.5473  decode.d2.loss_dice: 0.4268  decode.d3.loss_cls: 0.0056  decode.d3.loss_mask: 0.5434  decode.d3.loss_dice: 0.4238  decode.d4.loss_cls: 0.0054  decode.d4.loss_mask: 0.5410  decode.d4.loss_dice: 0.4245  decode.d5.loss_cls: 0.0064  decode.d5.loss_mask: 0.5395  decode.d5.loss_dice: 0.4215  decode.d6.loss_cls: 0.0070  decode.d6.loss_mask: 0.5410  decode.d6.loss_dice: 0.4251  decode.d7.loss_cls: 0.0056  decode.d7.loss_mask: 0.5420  decode.d7.loss_dice: 0.4252  decode.d8.loss_cls: 0.0074  decode.d8.loss_mask: 0.5390  decode.d8.loss_dice: 0.4302
2026/07/23 16:54:13 - mmengine - INFO - Iter(train) [32200/80000]  base_lr: 3.2555e-05 lr: 3.2555e-05  eta: 8:49:55  time: 0.6288  data_time: 0.0178  memory: 8435  grad_norm: 65.1432  loss: 11.1776  decode.loss_cls: 0.0058  decode.loss_mask: 0.6181  decode.loss_dice: 0.4721  decode.d0.loss_cls: 0.1060  decode.d0.loss_mask: 0.6434  decode.d0.loss_dice: 0.4946  decode.d1.loss_cls: 0.0295  decode.d1.loss_mask: 0.6212  decode.d1.loss_dice: 0.4749  decode.d2.loss_cls: 0.0190  decode.d2.loss_mask: 0.6218  decode.d2.loss_dice: 0.4708  decode.d3.loss_cls: 0.0035  decode.d3.loss_mask: 0.6276  decode.d3.loss_dice: 0.4729  decode.d4.loss_cls: 0.0148  decode.d4.loss_mask: 0.6253  decode.d4.loss_dice: 0.4636  decode.d5.loss_cls: 0.0192  decode.d5.loss_mask: 0.6217  decode.d5.loss_dice: 0.4580  decode.d6.loss_cls: 0.0155  decode.d6.loss_mask: 0.6168  decode.d6.loss_dice: 0.4657  decode.d7.loss_cls: 0.0023  decode.d7.loss_mask: 0.6232  decode.d7.loss_dice: 0.4693  decode.d8.loss_cls: 0.0058  decode.d8.loss_mask: 0.6199  decode.d8.loss_dice: 0.4753
2026/07/23 16:55:16 - mmengine - INFO - Iter(train) [32300/80000]  base_lr: 3.2494e-05 lr: 3.2494e-05  eta: 8:48:44  time: 0.6199  data_time: 0.0180  memory: 8435  grad_norm: 73.8820  loss: 10.3798  decode.loss_cls: 0.0036  decode.loss_mask: 0.5447  decode.loss_dice: 0.4611  decode.d0.loss_cls: 0.1027  decode.d0.loss_mask: 0.5810  decode.d0.loss_dice: 0.5009  decode.d1.loss_cls: 0.0290  decode.d1.loss_mask: 0.5464  decode.d1.loss_dice: 0.4809  decode.d2.loss_cls: 0.0061  decode.d2.loss_mask: 0.5481  decode.d2.loss_dice: 0.4720  decode.d3.loss_cls: 0.0031  decode.d3.loss_mask: 0.5439  decode.d3.loss_dice: 0.4622  decode.d4.loss_cls: 0.0024  decode.d4.loss_mask: 0.5455  decode.d4.loss_dice: 0.4681  decode.d5.loss_cls: 0.0027  decode.d5.loss_mask: 0.5467  decode.d5.loss_dice: 0.4685  decode.d6.loss_cls: 0.0026  decode.d6.loss_mask: 0.5432  decode.d6.loss_dice: 0.4723  decode.d7.loss_cls: 0.0023  decode.d7.loss_mask: 0.5448  decode.d7.loss_dice: 0.4761  decode.d8.loss_cls: 0.0026  decode.d8.loss_mask: 0.5455  decode.d8.loss_dice: 0.4707
2026/07/23 16:56:20 - mmengine - INFO - Iter(train) [32400/80000]  base_lr: 3.2432e-05 lr: 3.2432e-05  eta: 8:47:33  time: 0.6417  data_time: 0.0168  memory: 8435  grad_norm: 57.9255  loss: 8.0924  decode.loss_cls: 0.0024  decode.loss_mask: 0.4366  decode.loss_dice: 0.3537  decode.d0.loss_cls: 0.1384  decode.d0.loss_mask: 0.4771  decode.d0.loss_dice: 0.3803  decode.d1.loss_cls: 0.0219  decode.d1.loss_mask: 0.4322  decode.d1.loss_dice: 0.3503  decode.d2.loss_cls: 0.0078  decode.d2.loss_mask: 0.4300  decode.d2.loss_dice: 0.3549  decode.d3.loss_cls: 0.0017  decode.d3.loss_mask: 0.4294  decode.d3.loss_dice: 0.3536  decode.d4.loss_cls: 0.0017  decode.d4.loss_mask: 0.4286  decode.d4.loss_dice: 0.3482  decode.d5.loss_cls: 0.0020  decode.d5.loss_mask: 0.4300  decode.d5.loss_dice: 0.3475  decode.d6.loss_cls: 0.0028  decode.d6.loss_mask: 0.4355  decode.d6.loss_dice: 0.3527  decode.d7.loss_cls: 0.0029  decode.d7.loss_mask: 0.4326  decode.d7.loss_dice: 0.3530  decode.d8.loss_cls: 0.0026  decode.d8.loss_mask: 0.4329  decode.d8.loss_dice: 0.3492
2026/07/23 16:57:23 - mmengine - INFO - Iter(train) [32500/80000]  base_lr: 3.2371e-05 lr: 3.2371e-05  eta: 8:46:22  time: 0.6246  data_time: 0.0174  memory: 8435  grad_norm: 38.0466  loss: 7.5455  decode.loss_cls: 0.0010  decode.loss_mask: 0.3658  decode.loss_dice: 0.3803  decode.d0.loss_cls: 0.0864  decode.d0.loss_mask: 0.3787  decode.d0.loss_dice: 0.3852  decode.d1.loss_cls: 0.0250  decode.d1.loss_mask: 0.3712  decode.d1.loss_dice: 0.3626  decode.d2.loss_cls: 0.0137  decode.d2.loss_mask: 0.3689  decode.d2.loss_dice: 0.3650  decode.d3.loss_cls: 0.0009  decode.d3.loss_mask: 0.3700  decode.d3.loss_dice: 0.3727  decode.d4.loss_cls: 0.0007  decode.d4.loss_mask: 0.3681  decode.d4.loss_dice: 0.3542  decode.d5.loss_cls: 0.0008  decode.d5.loss_mask: 0.3697  decode.d5.loss_dice: 0.3739  decode.d6.loss_cls: 0.0003  decode.d6.loss_mask: 0.3704  decode.d6.loss_dice: 0.3736  decode.d7.loss_cls: 0.0183  decode.d7.loss_mask: 0.3696  decode.d7.loss_dice: 0.3615  decode.d8.loss_cls: 0.0005  decode.d8.loss_mask: 0.3679  decode.d8.loss_dice: 0.3685
2026/07/23 16:58:40 - mmengine - INFO - Iter(train) [32600/80000]  base_lr: 3.2310e-05 lr: 3.2310e-05  eta: 8:45:31  time: 0.9371  data_time: 0.3376  memory: 8435  grad_norm: 55.4160  loss: 9.5434  decode.loss_cls: 0.0028  decode.loss_mask: 0.5076  decode.loss_dice: 0.4257  decode.d0.loss_cls: 0.1050  decode.d0.loss_mask: 0.5311  decode.d0.loss_dice: 0.4436  decode.d1.loss_cls: 0.0256  decode.d1.loss_mask: 0.5074  decode.d1.loss_dice: 0.4258  decode.d2.loss_cls: 0.0156  decode.d2.loss_mask: 0.5074  decode.d2.loss_dice: 0.4182  decode.d3.loss_cls: 0.0028  decode.d3.loss_mask: 0.5068  decode.d3.loss_dice: 0.4216  decode.d4.loss_cls: 0.0022  decode.d4.loss_mask: 0.5090  decode.d4.loss_dice: 0.4279  decode.d5.loss_cls: 0.0034  decode.d5.loss_mask: 0.5084  decode.d5.loss_dice: 0.4234  decode.d6.loss_cls: 0.0030  decode.d6.loss_mask: 0.5100  decode.d6.loss_dice: 0.4271  decode.d7.loss_cls: 0.0098  decode.d7.loss_mask: 0.5077  decode.d7.loss_dice: 0.4268  decode.d8.loss_cls: 0.0040  decode.d8.loss_mask: 0.5090  decode.d8.loss_dice: 0.4249
2026/07/23 16:59:56 - mmengine - INFO - Iter(train) [32700/80000]  base_lr: 3.2248e-05 lr: 3.2248e-05  eta: 8:44:37  time: 0.6246  data_time: 0.0171  memory: 8435  grad_norm: 50.1618  loss: 9.4234  decode.loss_cls: 0.0031  decode.loss_mask: 0.5057  decode.loss_dice: 0.4188  decode.d0.loss_cls: 0.1271  decode.d0.loss_mask: 0.5253  decode.d0.loss_dice: 0.4219  decode.d1.loss_cls: 0.0184  decode.d1.loss_mask: 0.5050  decode.d1.loss_dice: 0.4243  decode.d2.loss_cls: 0.0051  decode.d2.loss_mask: 0.5035  decode.d2.loss_dice: 0.4200  decode.d3.loss_cls: 0.0039  decode.d3.loss_mask: 0.5005  decode.d3.loss_dice: 0.4187  decode.d4.loss_cls: 0.0036  decode.d4.loss_mask: 0.4996  decode.d4.loss_dice: 0.4201  decode.d5.loss_cls: 0.0023  decode.d5.loss_mask: 0.5044  decode.d5.loss_dice: 0.4184  decode.d6.loss_cls: 0.0016  decode.d6.loss_mask: 0.5033  decode.d6.loss_dice: 0.4235  decode.d7.loss_cls: 0.0022  decode.d7.loss_mask: 0.5008  decode.d7.loss_dice: 0.4209  decode.d8.loss_cls: 0.0023  decode.d8.loss_mask: 0.5021  decode.d8.loss_dice: 0.4170
2026/07/23 17:00:59 - mmengine - INFO - Iter(train) [32800/80000]  base_lr: 3.2187e-05 lr: 3.2187e-05  eta: 8:43:26  time: 0.6272  data_time: 0.0177  memory: 8435  grad_norm: 59.4348  loss: 9.4323  decode.loss_cls: 0.0004  decode.loss_mask: 0.5081  decode.loss_dice: 0.4274  decode.d0.loss_cls: 0.0706  decode.d0.loss_mask: 0.5317  decode.d0.loss_dice: 0.4311  decode.d1.loss_cls: 0.0140  decode.d1.loss_mask: 0.5035  decode.d1.loss_dice: 0.4349  decode.d2.loss_cls: 0.0027  decode.d2.loss_mask: 0.5015  decode.d2.loss_dice: 0.4273  decode.d3.loss_cls: 0.0010  decode.d3.loss_mask: 0.5028  decode.d3.loss_dice: 0.4253  decode.d4.loss_cls: 0.0019  decode.d4.loss_mask: 0.5031  decode.d4.loss_dice: 0.4294  decode.d5.loss_cls: 0.0008  decode.d5.loss_mask: 0.5009  decode.d5.loss_dice: 0.4226  decode.d6.loss_cls: 0.0004  decode.d6.loss_mask: 0.5040  decode.d6.loss_dice: 0.4263  decode.d7.loss_cls: 0.0004  decode.d7.loss_mask: 0.5037  decode.d7.loss_dice: 0.4238  decode.d8.loss_cls: 0.0005  decode.d8.loss_mask: 0.5046  decode.d8.loss_dice: 0.4276
2026/07/23 17:02:07 - mmengine - INFO - Iter(train) [32900/80000]  base_lr: 3.2126e-05 lr: 3.2126e-05  eta: 8:42:21  time: 0.6197  data_time: 0.0177  memory: 8435  grad_norm: 75.6344  loss: 9.8431  decode.loss_cls: 0.0059  decode.loss_mask: 0.5170  decode.loss_dice: 0.4466  decode.d0.loss_cls: 0.1307  decode.d0.loss_mask: 0.5764  decode.d0.loss_dice: 0.5097  decode.d1.loss_cls: 0.0406  decode.d1.loss_mask: 0.5207  decode.d1.loss_dice: 0.4370  decode.d2.loss_cls: 0.0179  decode.d2.loss_mask: 0.5160  decode.d2.loss_dice: 0.4356  decode.d3.loss_cls: 0.0039  decode.d3.loss_mask: 0.5102  decode.d3.loss_dice: 0.4221  decode.d4.loss_cls: 0.0041  decode.d4.loss_mask: 0.5094  decode.d4.loss_dice: 0.4336  decode.d5.loss_cls: 0.0048  decode.d5.loss_mask: 0.5155  decode.d5.loss_dice: 0.4236  decode.d6.loss_cls: 0.0050  decode.d6.loss_mask: 0.5106  decode.d6.loss_dice: 0.4271  decode.d7.loss_cls: 0.0053  decode.d7.loss_mask: 0.5179  decode.d7.loss_dice: 0.4387  decode.d8.loss_cls: 0.0077  decode.d8.loss_mask: 0.5162  decode.d8.loss_dice: 0.4334
2026/07/23 17:03:10 - mmengine - INFO - Exp name: fusion_vits_m2f_9999_20260723_101840
2026/07/23 17:03:10 - mmengine - INFO - Iter(train) [33000/80000]  base_lr: 3.2064e-05 lr: 3.2064e-05  eta: 8:41:10  time: 0.6191  data_time: 0.0160  memory: 8426  grad_norm: 63.5701  loss: 9.5408  decode.loss_cls: 0.0060  decode.loss_mask: 0.5120  decode.loss_dice: 0.4203  decode.d0.loss_cls: 0.0845  decode.d0.loss_mask: 0.5264  decode.d0.loss_dice: 0.4447  decode.d1.loss_cls: 0.0111  decode.d1.loss_mask: 0.5156  decode.d1.loss_dice: 0.4274  decode.d2.loss_cls: 0.0116  decode.d2.loss_mask: 0.5175  decode.d2.loss_dice: 0.4262  decode.d3.loss_cls: 0.0072  decode.d3.loss_mask: 0.5192  decode.d3.loss_dice: 0.4196  decode.d4.loss_cls: 0.0019  decode.d4.loss_mask: 0.5200  decode.d4.loss_dice: 0.4157  decode.d5.loss_cls: 0.0021  decode.d5.loss_mask: 0.5170  decode.d5.loss_dice: 0.4359  decode.d6.loss_cls: 0.0031  decode.d6.loss_mask: 0.5149  decode.d6.loss_dice: 0.4181  decode.d7.loss_cls: 0.0041  decode.d7.loss_mask: 0.5125  decode.d7.loss_dice: 0.4170  decode.d8.loss_cls: 0.0036  decode.d8.loss_mask: 0.5117  decode.d8.loss_dice: 0.4139
2026/07/23 17:04:13 - mmengine - INFO - Iter(train) [33100/80000]  base_lr: 3.2003e-05 lr: 3.2003e-05  eta: 8:39:59  time: 0.6196  data_time: 0.0182  memory: 8435  grad_norm: 42.6889  loss: 8.8346  decode.loss_cls: 0.0015  decode.loss_mask: 0.4852  decode.loss_dice: 0.3859  decode.d0.loss_cls: 0.0672  decode.d0.loss_mask: 0.4989  decode.d0.loss_dice: 0.3875  decode.d1.loss_cls: 0.0052  decode.d1.loss_mask: 0.4823  decode.d1.loss_dice: 0.3930  decode.d2.loss_cls: 0.0038  decode.d2.loss_mask: 0.4865  decode.d2.loss_dice: 0.3894  decode.d3.loss_cls: 0.0011  decode.d3.loss_mask: 0.4815  decode.d3.loss_dice: 0.3896  decode.d4.loss_cls: 0.0019  decode.d4.loss_mask: 0.4870  decode.d4.loss_dice: 0.3874  decode.d5.loss_cls: 0.0014  decode.d5.loss_mask: 0.4836  decode.d5.loss_dice: 0.3852  decode.d6.loss_cls: 0.0037  decode.d6.loss_mask: 0.4875  decode.d6.loss_dice: 0.3889  decode.d7.loss_cls: 0.0026  decode.d7.loss_mask: 0.4865  decode.d7.loss_dice: 0.3876  decode.d8.loss_cls: 0.0017  decode.d8.loss_mask: 0.4839  decode.d8.loss_dice: 0.3871
2026/07/23 17:05:17 - mmengine - INFO - Iter(train) [33200/80000]  base_lr: 3.1941e-05 lr: 3.1941e-05  eta: 8:38:48  time: 0.6382  data_time: 0.0161  memory: 8435  grad_norm: 66.6312  loss: 10.6491  decode.loss_cls: 0.0103  decode.loss_mask: 0.5726  decode.loss_dice: 0.4696  decode.d0.loss_cls: 0.0712  decode.d0.loss_mask: 0.6032  decode.d0.loss_dice: 0.4947  decode.d1.loss_cls: 0.0162  decode.d1.loss_mask: 0.5756  decode.d1.loss_dice: 0.4747  decode.d2.loss_cls: 0.0163  decode.d2.loss_mask: 0.5754  decode.d2.loss_dice: 0.4707  decode.d3.loss_cls: 0.0121  decode.d3.loss_mask: 0.5729  decode.d3.loss_dice: 0.4682  decode.d4.loss_cls: 0.0112  decode.d4.loss_mask: 0.5730  decode.d4.loss_dice: 0.4676  decode.d5.loss_cls: 0.0040  decode.d5.loss_mask: 0.5695  decode.d5.loss_dice: 0.4721  decode.d6.loss_cls: 0.0088  decode.d6.loss_mask: 0.5711  decode.d6.loss_dice: 0.4711  decode.d7.loss_cls: 0.0024  decode.d7.loss_mask: 0.5690  decode.d7.loss_dice: 0.4723  decode.d8.loss_cls: 0.0082  decode.d8.loss_mask: 0.5722  decode.d8.loss_dice: 0.4727
2026/07/23 17:06:19 - mmengine - INFO - Iter(train) [33300/80000]  base_lr: 3.1880e-05 lr: 3.1880e-05  eta: 8:37:36  time: 0.6162  data_time: 0.0164  memory: 8426  grad_norm: 51.8042  loss: 9.0637  decode.loss_cls: 0.0093  decode.loss_mask: 0.4687  decode.loss_dice: 0.4139  decode.d0.loss_cls: 0.0940  decode.d0.loss_mask: 0.4895  decode.d0.loss_dice: 0.4680  decode.d1.loss_cls: 0.0170  decode.d1.loss_mask: 0.4652  decode.d1.loss_dice: 0.4133  decode.d2.loss_cls: 0.0144  decode.d2.loss_mask: 0.4691  decode.d2.loss_dice: 0.4125  decode.d3.loss_cls: 0.0083  decode.d3.loss_mask: 0.4698  decode.d3.loss_dice: 0.4143  decode.d4.loss_cls: 0.0088  decode.d4.loss_mask: 0.4702  decode.d4.loss_dice: 0.4098  decode.d5.loss_cls: 0.0073  decode.d5.loss_mask: 0.4658  decode.d5.loss_dice: 0.4096  decode.d6.loss_cls: 0.0112  decode.d6.loss_mask: 0.4682  decode.d6.loss_dice: 0.4069  decode.d7.loss_cls: 0.0068  decode.d7.loss_mask: 0.4716  decode.d7.loss_dice: 0.4093  decode.d8.loss_cls: 0.0094  decode.d8.loss_mask: 0.4674  decode.d8.loss_dice: 0.4141
2026/07/23 17:07:23 - mmengine - INFO - Iter(train) [33400/80000]  base_lr: 3.1819e-05 lr: 3.1819e-05  eta: 8:36:25  time: 0.6305  data_time: 0.0166  memory: 8435  grad_norm: 57.2796  loss: 9.1343  decode.loss_cls: 0.0033  decode.loss_mask: 0.4691  decode.loss_dice: 0.3948  decode.d0.loss_cls: 0.1606  decode.d0.loss_mask: 0.5380  decode.d0.loss_dice: 0.4813  decode.d1.loss_cls: 0.0366  decode.d1.loss_mask: 0.4837  decode.d1.loss_dice: 0.4055  decode.d2.loss_cls: 0.0123  decode.d2.loss_mask: 0.4811  decode.d2.loss_dice: 0.3955  decode.d3.loss_cls: 0.0096  decode.d3.loss_mask: 0.4755  decode.d3.loss_dice: 0.3968  decode.d4.loss_cls: 0.0070  decode.d4.loss_mask: 0.4782  decode.d4.loss_dice: 0.3990  decode.d5.loss_cls: 0.0069  decode.d5.loss_mask: 0.4756  decode.d5.loss_dice: 0.3978  decode.d6.loss_cls: 0.0044  decode.d6.loss_mask: 0.4718  decode.d6.loss_dice: 0.3946  decode.d7.loss_cls: 0.0043  decode.d7.loss_mask: 0.4770  decode.d7.loss_dice: 0.3967  decode.d8.loss_cls: 0.0033  decode.d8.loss_mask: 0.4731  decode.d8.loss_dice: 0.4011
2026/07/23 17:08:26 - mmengine - INFO - Iter(train) [33500/80000]  base_lr: 3.1757e-05 lr: 3.1757e-05  eta: 8:35:14  time: 0.6132  data_time: 0.0170  memory: 8435  grad_norm: 64.6248  loss: 8.2592  decode.loss_cls: 0.0066  decode.loss_mask: 0.4387  decode.loss_dice: 0.3612  decode.d0.loss_cls: 0.1732  decode.d0.loss_mask: 0.4733  decode.d0.loss_dice: 0.3812  decode.d1.loss_cls: 0.0383  decode.d1.loss_mask: 0.4381  decode.d1.loss_dice: 0.3713  decode.d2.loss_cls: 0.0056  decode.d2.loss_mask: 0.4348  decode.d2.loss_dice: 0.3633  decode.d3.loss_cls: 0.0026  decode.d3.loss_mask: 0.4411  decode.d3.loss_dice: 0.3508  decode.d4.loss_cls: 0.0029  decode.d4.loss_mask: 0.4379  decode.d4.loss_dice: 0.3600  decode.d5.loss_cls: 0.0037  decode.d5.loss_mask: 0.4383  decode.d5.loss_dice: 0.3497  decode.d6.loss_cls: 0.0056  decode.d6.loss_mask: 0.4376  decode.d6.loss_dice: 0.3507  decode.d7.loss_cls: 0.0066  decode.d7.loss_mask: 0.4368  decode.d7.loss_dice: 0.3554  decode.d8.loss_cls: 0.0072  decode.d8.loss_mask: 0.4351  decode.d8.loss_dice: 0.3518
2026/07/23 17:09:29 - mmengine - INFO - Iter(train) [33600/80000]  base_lr: 3.1696e-05 lr: 3.1696e-05  eta: 8:34:02  time: 0.6189  data_time: 0.0179  memory: 8435  grad_norm: 61.0565  loss: 10.2569  decode.loss_cls: 0.0079  decode.loss_mask: 0.5236  decode.loss_dice: 0.4809  decode.d0.loss_cls: 0.0976  decode.d0.loss_mask: 0.5714  decode.d0.loss_dice: 0.5070  decode.d1.loss_cls: 0.0182  decode.d1.loss_mask: 0.5279  decode.d1.loss_dice: 0.4682  decode.d2.loss_cls: 0.0165  decode.d2.loss_mask: 0.5287  decode.d2.loss_dice: 0.4779  decode.d3.loss_cls: 0.0089  decode.d3.loss_mask: 0.5268  decode.d3.loss_dice: 0.4687  decode.d4.loss_cls: 0.0097  decode.d4.loss_mask: 0.5215  decode.d4.loss_dice: 0.4624  decode.d5.loss_cls: 0.0090  decode.d5.loss_mask: 0.5192  decode.d5.loss_dice: 0.4731  decode.d6.loss_cls: 0.0083  decode.d6.loss_mask: 0.5256  decode.d6.loss_dice: 0.4734  decode.d7.loss_cls: 0.0076  decode.d7.loss_mask: 0.5233  decode.d7.loss_dice: 0.4826  decode.d8.loss_cls: 0.0072  decode.d8.loss_mask: 0.5251  decode.d8.loss_dice: 0.4787
2026/07/23 17:10:37 - mmengine - INFO - Iter(train) [33700/80000]  base_lr: 3.1634e-05 lr: 3.1634e-05  eta: 8:32:58  time: 1.0789  data_time: 0.4702  memory: 8435  grad_norm: 62.3651  loss: 8.0701  decode.loss_cls: 0.0016  decode.loss_mask: 0.4492  decode.loss_dice: 0.3444  decode.d0.loss_cls: 0.1372  decode.d0.loss_mask: 0.4620  decode.d0.loss_dice: 0.3512  decode.d1.loss_cls: 0.0170  decode.d1.loss_mask: 0.4489  decode.d1.loss_dice: 0.3393  decode.d2.loss_cls: 0.0085  decode.d2.loss_mask: 0.4406  decode.d2.loss_dice: 0.3397  decode.d3.loss_cls: 0.0025  decode.d3.loss_mask: 0.4411  decode.d3.loss_dice: 0.3405  decode.d4.loss_cls: 0.0022  decode.d4.loss_mask: 0.4440  decode.d4.loss_dice: 0.3409  decode.d5.loss_cls: 0.0038  decode.d5.loss_mask: 0.4412  decode.d5.loss_dice: 0.3422  decode.d6.loss_cls: 0.0019  decode.d6.loss_mask: 0.4447  decode.d6.loss_dice: 0.3427  decode.d7.loss_cls: 0.0015  decode.d7.loss_mask: 0.4491  decode.d7.loss_dice: 0.3470  decode.d8.loss_cls: 0.0037  decode.d8.loss_mask: 0.4416  decode.d8.loss_dice: 0.3399
2026/07/23 17:11:43 - mmengine - INFO - Iter(train) [33800/80000]  base_lr: 3.1573e-05 lr: 3.1573e-05  eta: 8:31:51  time: 0.6188  data_time: 0.0161  memory: 8426  grad_norm: 75.3531  loss: 8.5149  decode.loss_cls: 0.0003  decode.loss_mask: 0.4628  decode.loss_dice: 0.3553  decode.d0.loss_cls: 0.1623  decode.d0.loss_mask: 0.5084  decode.d0.loss_dice: 0.3849  decode.d1.loss_cls: 0.0161  decode.d1.loss_mask: 0.4658  decode.d1.loss_dice: 0.3574  decode.d2.loss_cls: 0.0037  decode.d2.loss_mask: 0.4628  decode.d2.loss_dice: 0.3713  decode.d3.loss_cls: 0.0088  decode.d3.loss_mask: 0.4650  decode.d3.loss_dice: 0.3588  decode.d4.loss_cls: 0.0011  decode.d4.loss_mask: 0.4624  decode.d4.loss_dice: 0.3598  decode.d5.loss_cls: 0.0012  decode.d5.loss_mask: 0.4610  decode.d5.loss_dice: 0.3716  decode.d6.loss_cls: 0.0006  decode.d6.loss_mask: 0.4632  decode.d6.loss_dice: 0.3635  decode.d7.loss_cls: 0.0004  decode.d7.loss_mask: 0.4650  decode.d7.loss_dice: 0.3546  decode.d8.loss_cls: 0.0004  decode.d8.loss_mask: 0.4648  decode.d8.loss_dice: 0.3615
2026/07/23 17:12:50 - mmengine - INFO - Iter(train) [33900/80000]  base_lr: 3.1511e-05 lr: 3.1511e-05  eta: 8:30:45  time: 0.6567  data_time: 0.0195  memory: 8426  grad_norm: 54.8811  loss: 9.3855  decode.loss_cls: 0.0034  decode.loss_mask: 0.4909  decode.loss_dice: 0.4343  decode.d0.loss_cls: 0.0719  decode.d0.loss_mask: 0.5104  decode.d0.loss_dice: 0.4456  decode.d1.loss_cls: 0.0211  decode.d1.loss_mask: 0.4897  decode.d1.loss_dice: 0.4324  decode.d2.loss_cls: 0.0198  decode.d2.loss_mask: 0.4895  decode.d2.loss_dice: 0.4279  decode.d3.loss_cls: 0.0055  decode.d3.loss_mask: 0.4875  decode.d3.loss_dice: 0.4342  decode.d4.loss_cls: 0.0036  decode.d4.loss_mask: 0.4902  decode.d4.loss_dice: 0.4372  decode.d5.loss_cls: 0.0017  decode.d5.loss_mask: 0.4889  decode.d5.loss_dice: 0.4214  decode.d6.loss_cls: 0.0014  decode.d6.loss_mask: 0.4910  decode.d6.loss_dice: 0.4369  decode.d7.loss_cls: 0.0016  decode.d7.loss_mask: 0.4932  decode.d7.loss_dice: 0.4327  decode.d8.loss_cls: 0.0019  decode.d8.loss_mask: 0.4906  decode.d8.loss_dice: 0.4292
2026/07/23 17:14:02 - mmengine - INFO - Exp name: fusion_vits_m2f_9999_20260723_101840
2026/07/23 17:14:02 - mmengine - INFO - Iter(train) [34000/80000]  base_lr: 3.1450e-05 lr: 3.1450e-05  eta: 8:29:47  time: 0.7456  data_time: 0.0223  memory: 8435  grad_norm: 40.3282  loss: 5.5087  decode.loss_cls: 0.0021  decode.loss_mask: 0.2872  decode.loss_dice: 0.2449  decode.d0.loss_cls: 0.1114  decode.d0.loss_mask: 0.2861  decode.d0.loss_dice: 0.2786  decode.d1.loss_cls: 0.0101  decode.d1.loss_mask: 0.2830  decode.d1.loss_dice: 0.2472  decode.d2.loss_cls: 0.0038  decode.d2.loss_mask: 0.2833  decode.d2.loss_dice: 0.2499  decode.d3.loss_cls: 0.0039  decode.d3.loss_mask: 0.2834  decode.d3.loss_dice: 0.2493  decode.d4.loss_cls: 0.0025  decode.d4.loss_mask: 0.2863  decode.d4.loss_dice: 0.2430  decode.d5.loss_cls: 0.0096  decode.d5.loss_mask: 0.2870  decode.d5.loss_dice: 0.2515  decode.d6.loss_cls: 0.0026  decode.d6.loss_mask: 0.2881  decode.d6.loss_dice: 0.2390  decode.d7.loss_cls: 0.0019  decode.d7.loss_mask: 0.2882  decode.d7.loss_dice: 0.2557  decode.d8.loss_cls: 0.0010  decode.d8.loss_mask: 0.2882  decode.d8.loss_dice: 0.2401
2026/07/23 17:14:03 - mmengine - INFO - Saving checkpoint at 34000 iterations
2026/07/23 17:15:13 - mmengine - INFO - Iter(val) [100/504]    eta: 0:02:28  time: 0.2067  data_time: 0.0085  memory: 3244  
2026/07/23 17:15:34 - mmengine - INFO - Iter(val) [200/504]    eta: 0:01:27  time: 0.2089  data_time: 0.0096  memory: 3244  
2026/07/23 17:15:55 - mmengine - INFO - Iter(val) [300/504]    eta: 0:00:53  time: 0.2103  data_time: 0.0094  memory: 3244  
2026/07/23 17:16:16 - mmengine - INFO - Iter(val) [400/504]    eta: 0:00:25  time: 0.2054  data_time: 0.0083  memory: 3244  
2026/07/23 17:16:37 - mmengine - INFO - Iter(val) [500/504]    eta: 0:00:00  time: 0.2068  data_time: 0.0088  memory: 3244  
2026/07/23 17:16:41 - mmengine - INFO - per class results:
2026/07/23 17:16:41 - mmengine - INFO - 
+--------------------+-------+-------+--------+-----------+--------+
|       Class        |  IoU  |  Acc  | Fscore | Precision | Recall |
+--------------------+-------+-------+--------+-----------+--------+
| impervious_surface | 87.21 | 94.33 | 93.17  |   92.03   | 94.33  |
|      building      | 94.88 |  97.0 | 97.37  |   97.75   |  97.0  |
|   low_vegetation   |  79.3 | 88.33 | 88.46  |   88.59   | 88.33  |
|        tree        | 81.85 |  89.3 | 90.02  |   90.75   |  89.3  |
|        car         | 94.25 | 96.48 | 97.04  |   97.61   | 96.48  |
+--------------------+-------+-------+--------+-----------+--------+
2026/07/23 17:16:41 - mmengine - INFO - Iter(val) [504/504]    aAcc: 92.3200  mIoU: 87.5000  mAcc: 93.0900  mFscore: 93.2100  mPrecision: 93.3500  mRecall: 93.0900  data_time: 0.0406  time: 0.2405
2026/07/23 17:17:45 - mmengine - INFO - Iter(train) [34100/80000]  base_lr: 3.1388e-05 lr: 3.1388e-05  eta: 8:28:42  time: 0.6355  data_time: 0.0176  memory: 8435  grad_norm: 61.7981  loss: 10.8089  decode.loss_cls: 0.0006  decode.loss_mask: 0.6055  decode.loss_dice: 0.4570  decode.d0.loss_cls: 0.1005  decode.d0.loss_mask: 0.6504  decode.d0.loss_dice: 0.4653  decode.d1.loss_cls: 0.0170  decode.d1.loss_mask: 0.6195  decode.d1.loss_dice: 0.4507  decode.d2.loss_cls: 0.0041  decode.d2.loss_mask: 0.6091  decode.d2.loss_dice: 0.4523  decode.d3.loss_cls: 0.0012  decode.d3.loss_mask: 0.6101  decode.d3.loss_dice: 0.4532  decode.d4.loss_cls: 0.0010  decode.d4.loss_mask: 0.6039  decode.d4.loss_dice: 0.4539  decode.d5.loss_cls: 0.0020  decode.d5.loss_mask: 0.6044  decode.d5.loss_dice: 0.4554  decode.d6.loss_cls: 0.0008  decode.d6.loss_mask: 0.6057  decode.d6.loss_dice: 0.4586  decode.d7.loss_cls: 0.0010  decode.d7.loss_mask: 0.6053  decode.d7.loss_dice: 0.4540  decode.d8.loss_cls: 0.0006  decode.d8.loss_mask: 0.6054  decode.d8.loss_dice: 0.4603
2026/07/23 17:18:49 - mmengine - INFO - Iter(train) [34200/80000]  base_lr: 3.1327e-05 lr: 3.1327e-05  eta: 8:27:32  time: 0.6286  data_time: 0.0174  memory: 8426  grad_norm: 42.3639  loss: 7.1017  decode.loss_cls: 0.0004  decode.loss_mask: 0.3544  decode.loss_dice: 0.3421  decode.d0.loss_cls: 0.1130  decode.d0.loss_mask: 0.3637  decode.d0.loss_dice: 0.3615  decode.d1.loss_cls: 0.0227  decode.d1.loss_mask: 0.3541  decode.d1.loss_dice: 0.3331  decode.d2.loss_cls: 0.0041  decode.d2.loss_mask: 0.3543  decode.d2.loss_dice: 0.3200  decode.d3.loss_cls: 0.0078  decode.d3.loss_mask: 0.3542  decode.d3.loss_dice: 0.3343  decode.d4.loss_cls: 0.0098  decode.d4.loss_mask: 0.3538  decode.d4.loss_dice: 0.3310  decode.d5.loss_cls: 0.0023  decode.d5.loss_mask: 0.3550  decode.d5.loss_dice: 0.3352  decode.d6.loss_cls: 0.0005  decode.d6.loss_mask: 0.3549  decode.d6.loss_dice: 0.3490  decode.d7.loss_cls: 0.0005  decode.d7.loss_mask: 0.3549  decode.d7.loss_dice: 0.3389  decode.d8.loss_cls: 0.0003  decode.d8.loss_mask: 0.3548  decode.d8.loss_dice: 0.3410
2026/07/23 17:19:53 - mmengine - INFO - Iter(train) [34300/80000]  base_lr: 3.1265e-05 lr: 3.1265e-05  eta: 8:26:22  time: 0.6245  data_time: 0.0166  memory: 8435  grad_norm: 59.1287  loss: 10.2301  decode.loss_cls: 0.0008  decode.loss_mask: 0.5687  decode.loss_dice: 0.4267  decode.d0.loss_cls: 0.0964  decode.d0.loss_mask: 0.6709  decode.d0.loss_dice: 0.4802  decode.d1.loss_cls: 0.0149  decode.d1.loss_mask: 0.5783  decode.d1.loss_dice: 0.4369  decode.d2.loss_cls: 0.0120  decode.d2.loss_mask: 0.5692  decode.d2.loss_dice: 0.4269  decode.d3.loss_cls: 0.0013  decode.d3.loss_mask: 0.5676  decode.d3.loss_dice: 0.4202  decode.d4.loss_cls: 0.0020  decode.d4.loss_mask: 0.5700  decode.d4.loss_dice: 0.4218  decode.d5.loss_cls: 0.0021  decode.d5.loss_mask: 0.5675  decode.d5.loss_dice: 0.4214  decode.d6.loss_cls: 0.0010  decode.d6.loss_mask: 0.5644  decode.d6.loss_dice: 0.4222  decode.d7.loss_cls: 0.0011  decode.d7.loss_mask: 0.5644  decode.d7.loss_dice: 0.4213  decode.d8.loss_cls: 0.0012  decode.d8.loss_mask: 0.5686  decode.d8.loss_dice: 0.4299
2026/07/23 17:20:56 - mmengine - INFO - Iter(train) [34400/80000]  base_lr: 3.1203e-05 lr: 3.1203e-05  eta: 8:25:11  time: 0.6413  data_time: 0.0179  memory: 8435  grad_norm: 48.6572  loss: 7.9139  decode.loss_cls: 0.0007  decode.loss_mask: 0.4163  decode.loss_dice: 0.3584  decode.d0.loss_cls: 0.0996  decode.d0.loss_mask: 0.4843  decode.d0.loss_dice: 0.3737  decode.d1.loss_cls: 0.0197  decode.d1.loss_mask: 0.4212  decode.d1.loss_dice: 0.3577  decode.d2.loss_cls: 0.0034  decode.d2.loss_mask: 0.4137  decode.d2.loss_dice: 0.3509  decode.d3.loss_cls: 0.0013  decode.d3.loss_mask: 0.4124  decode.d3.loss_dice: 0.3535  decode.d4.loss_cls: 0.0006  decode.d4.loss_mask: 0.4149  decode.d4.loss_dice: 0.3571  decode.d5.loss_cls: 0.0007  decode.d5.loss_mask: 0.4146  decode.d5.loss_dice: 0.3529  decode.d6.loss_cls: 0.0004  decode.d6.loss_mask: 0.4157  decode.d6.loss_dice: 0.3544  decode.d7.loss_cls: 0.0004  decode.d7.loss_mask: 0.4141  decode.d7.loss_dice: 0.3527  decode.d8.loss_cls: 0.0004  decode.d8.loss_mask: 0.4136  decode.d8.loss_dice: 0.3546
2026/07/23 17:22:01 - mmengine - INFO - Iter(train) [34500/80000]  base_lr: 3.1142e-05 lr: 3.1142e-05  eta: 8:24:02  time: 0.6262  data_time: 0.0172  memory: 8435  grad_norm: 46.3848  loss: 8.9115  decode.loss_cls: 0.0003  decode.loss_mask: 0.4945  decode.loss_dice: 0.3774  decode.d0.loss_cls: 0.0611  decode.d0.loss_mask: 0.5132  decode.d0.loss_dice: 0.3838  decode.d1.loss_cls: 0.0172  decode.d1.loss_mask: 0.5022  decode.d1.loss_dice: 0.3925  decode.d2.loss_cls: 0.0096  decode.d2.loss_mask: 0.4967  decode.d2.loss_dice: 0.3913  decode.d3.loss_cls: 0.0036  decode.d3.loss_mask: 0.4965  decode.d3.loss_dice: 0.3847  decode.d4.loss_cls: 0.0022  decode.d4.loss_mask: 0.4938  decode.d4.loss_dice: 0.3817  decode.d5.loss_cls: 0.0031  decode.d5.loss_mask: 0.4944  decode.d5.loss_dice: 0.3848  decode.d6.loss_cls: 0.0009  decode.d6.loss_mask: 0.4931  decode.d6.loss_dice: 0.3790  decode.d7.loss_cls: 0.0012  decode.d7.loss_mask: 0.4965  decode.d7.loss_dice: 0.3788  decode.d8.loss_cls: 0.0012  decode.d8.loss_mask: 0.4948  decode.d8.loss_dice: 0.3812
2026/07/23 17:23:08 - mmengine - INFO - Iter(train) [34600/80000]  base_lr: 3.1080e-05 lr: 3.1080e-05  eta: 8:22:57  time: 0.6265  data_time: 0.0179  memory: 8435  grad_norm: 79.3953  loss: 11.4611  decode.loss_cls: 0.0043  decode.loss_mask: 0.6239  decode.loss_dice: 0.4611  decode.d0.loss_cls: 0.1473  decode.d0.loss_mask: 0.7383  decode.d0.loss_dice: 0.5510  decode.d1.loss_cls: 0.0123  decode.d1.loss_mask: 0.6284  decode.d1.loss_dice: 0.4829  decode.d2.loss_cls: 0.0039  decode.d2.loss_mask: 0.6304  decode.d2.loss_dice: 0.4906  decode.d3.loss_cls: 0.0035  decode.d3.loss_mask: 0.6262  decode.d3.loss_dice: 0.4634  decode.d4.loss_cls: 0.0031  decode.d4.loss_mask: 0.6270  decode.d4.loss_dice: 0.4789  decode.d5.loss_cls: 0.0019  decode.d5.loss_mask: 0.6286  decode.d5.loss_dice: 0.4892  decode.d6.loss_cls: 0.0036  decode.d6.loss_mask: 0.6251  decode.d6.loss_dice: 0.4999  decode.d7.loss_cls: 0.0041  decode.d7.loss_mask: 0.6212  decode.d7.loss_dice: 0.5047  decode.d8.loss_cls: 0.0030  decode.d8.loss_mask: 0.6265  decode.d8.loss_dice: 0.4767
2026/07/23 17:24:12 - mmengine - INFO - Iter(train) [34700/80000]  base_lr: 3.1019e-05 lr: 3.1019e-05  eta: 8:21:47  time: 0.6186  data_time: 0.0175  memory: 8426  grad_norm: 55.4991  loss: 9.4941  decode.loss_cls: 0.0006  decode.loss_mask: 0.5245  decode.loss_dice: 0.4067  decode.d0.loss_cls: 0.0758  decode.d0.loss_mask: 0.5327  decode.d0.loss_dice: 0.4120  decode.d1.loss_cls: 0.0119  decode.d1.loss_mask: 0.5355  decode.d1.loss_dice: 0.4192  decode.d2.loss_cls: 0.0030  decode.d2.loss_mask: 0.5286  decode.d2.loss_dice: 0.4120  decode.d3.loss_cls: 0.0009  decode.d3.loss_mask: 0.5277  decode.d3.loss_dice: 0.4051  decode.d4.loss_cls: 0.0006  decode.d4.loss_mask: 0.5273  decode.d4.loss_dice: 0.4078  decode.d5.loss_cls: 0.0006  decode.d5.loss_mask: 0.5271  decode.d5.loss_dice: 0.4051  decode.d6.loss_cls: 0.0007  decode.d6.loss_mask: 0.5277  decode.d6.loss_dice: 0.4199  decode.d7.loss_cls: 0.0005  decode.d7.loss_mask: 0.5243  decode.d7.loss_dice: 0.4157  decode.d8.loss_cls: 0.0006  decode.d8.loss_mask: 0.5278  decode.d8.loss_dice: 0.4123
2026/07/23 17:25:14 - mmengine - INFO - Iter(train) [34800/80000]  base_lr: 3.0957e-05 lr: 3.0957e-05  eta: 8:20:35  time: 0.6267  data_time: 0.0174  memory: 8435  grad_norm: 50.3930  loss: 10.4923  decode.loss_cls: 0.0051  decode.loss_mask: 0.5693  decode.loss_dice: 0.4613  decode.d0.loss_cls: 0.0612  decode.d0.loss_mask: 0.6001  decode.d0.loss_dice: 0.4685  decode.d1.loss_cls: 0.0115  decode.d1.loss_mask: 0.5715  decode.d1.loss_dice: 0.4701  decode.d2.loss_cls: 0.0090  decode.d2.loss_mask: 0.5681  decode.d2.loss_dice: 0.4675  decode.d3.loss_cls: 0.0043  decode.d3.loss_mask: 0.5668  decode.d3.loss_dice: 0.4614  decode.d4.loss_cls: 0.0042  decode.d4.loss_mask: 0.5728  decode.d4.loss_dice: 0.4670  decode.d5.loss_cls: 0.0037  decode.d5.loss_mask: 0.5661  decode.d5.loss_dice: 0.4609  decode.d6.loss_cls: 0.0035  decode.d6.loss_mask: 0.5693  decode.d6.loss_dice: 0.4634  decode.d7.loss_cls: 0.0039  decode.d7.loss_mask: 0.5698  decode.d7.loss_dice: 0.4643  decode.d8.loss_cls: 0.0040  decode.d8.loss_mask: 0.5710  decode.d8.loss_dice: 0.4727
2026/07/23 17:26:16 - mmengine - INFO - Iter(train) [34900/80000]  base_lr: 3.0895e-05 lr: 3.0895e-05  eta: 8:19:23  time: 0.6127  data_time: 0.0149  memory: 8435  grad_norm: 69.4462  loss: 10.0074  decode.loss_cls: 0.0025  decode.loss_mask: 0.5134  decode.loss_dice: 0.4701  decode.d0.loss_cls: 0.0652  decode.d0.loss_mask: 0.5513  decode.d0.loss_dice: 0.5143  decode.d1.loss_cls: 0.0335  decode.d1.loss_mask: 0.5259  decode.d1.loss_dice: 0.4665  decode.d2.loss_cls: 0.0191  decode.d2.loss_mask: 0.5194  decode.d2.loss_dice: 0.4700  decode.d3.loss_cls: 0.0038  decode.d3.loss_mask: 0.5149  decode.d3.loss_dice: 0.4487  decode.d4.loss_cls: 0.0031  decode.d4.loss_mask: 0.5156  decode.d4.loss_dice: 0.4585  decode.d5.loss_cls: 0.0022  decode.d5.loss_mask: 0.5160  decode.d5.loss_dice: 0.4597  decode.d6.loss_cls: 0.0029  decode.d6.loss_mask: 0.5114  decode.d6.loss_dice: 0.4676  decode.d7.loss_cls: 0.0022  decode.d7.loss_mask: 0.5141  decode.d7.loss_dice: 0.4748  decode.d8.loss_cls: 0.0023  decode.d8.loss_mask: 0.5108  decode.d8.loss_dice: 0.4472
2026/07/23 17:27:18 - mmengine - INFO - Exp name: fusion_vits_m2f_9999_20260723_101840
2026/07/23 17:27:18 - mmengine - INFO - Iter(train) [35000/80000]  base_lr: 3.0834e-05 lr: 3.0834e-05  eta: 8:18:11  time: 0.6242  data_time: 0.0156  memory: 8426  grad_norm: 58.5658  loss: 8.7603  decode.loss_cls: 0.0040  decode.loss_mask: 0.4534  decode.loss_dice: 0.3922  decode.d0.loss_cls: 0.1024  decode.d0.loss_mask: 0.4923  decode.d0.loss_dice: 0.4319  decode.d1.loss_cls: 0.0213  decode.d1.loss_mask: 0.4615  decode.d1.loss_dice: 0.4112  decode.d2.loss_cls: 0.0089  decode.d2.loss_mask: 0.4543  decode.d2.loss_dice: 0.3969  decode.d3.loss_cls: 0.0037  decode.d3.loss_mask: 0.4518  decode.d3.loss_dice: 0.3906  decode.d4.loss_cls: 0.0126  decode.d4.loss_mask: 0.4554  decode.d4.loss_dice: 0.3885  decode.d5.loss_cls: 0.0035  decode.d5.loss_mask: 0.4548  decode.d5.loss_dice: 0.3927  decode.d6.loss_cls: 0.0098  decode.d6.loss_mask: 0.4512  decode.d6.loss_dice: 0.3927  decode.d7.loss_cls: 0.0132  decode.d7.loss_mask: 0.4530  decode.d7.loss_dice: 0.3952  decode.d8.loss_cls: 0.0128  decode.d8.loss_mask: 0.4520  decode.d8.loss_dice: 0.3965
2026/07/23 17:28:21 - mmengine - INFO - Iter(train) [35100/80000]  base_lr: 3.0772e-05 lr: 3.0772e-05  eta: 8:16:59  time: 0.6224  data_time: 0.0175  memory: 8435  grad_norm: 41.5139  loss: 5.8245  decode.loss_cls: 0.0029  decode.loss_mask: 0.2984  decode.loss_dice: 0.2539  decode.d0.loss_cls: 0.1065  decode.d0.loss_mask: 0.3171  decode.d0.loss_dice: 0.2874  decode.d1.loss_cls: 0.0222  decode.d1.loss_mask: 0.3039  decode.d1.loss_dice: 0.2630  decode.d2.loss_cls: 0.0079  decode.d2.loss_mask: 0.3008  decode.d2.loss_dice: 0.2619  decode.d3.loss_cls: 0.0031  decode.d3.loss_mask: 0.3047  decode.d3.loss_dice: 0.2655  decode.d4.loss_cls: 0.0040  decode.d4.loss_mask: 0.3009  decode.d4.loss_dice: 0.2699  decode.d5.loss_cls: 0.0025  decode.d5.loss_mask: 0.2999  decode.d5.loss_dice: 0.2610  decode.d6.loss_cls: 0.0014  decode.d6.loss_mask: 0.3012  decode.d6.loss_dice: 0.2606  decode.d7.loss_cls: 0.0020  decode.d7.loss_mask: 0.3026  decode.d7.loss_dice: 0.2578  decode.d8.loss_cls: 0.0017  decode.d8.loss_mask: 0.2995  decode.d8.loss_dice: 0.2605
2026/07/23 17:29:27 - mmengine - INFO - Iter(train) [35200/80000]  base_lr: 3.0710e-05 lr: 3.0710e-05  eta: 8:15:52  time: 0.6415  data_time: 0.0177  memory: 8435  grad_norm: 39.3410  loss: 7.1168  decode.loss_cls: 0.0001  decode.loss_mask: 0.3763  decode.loss_dice: 0.3206  decode.d0.loss_cls: 0.0774  decode.d0.loss_mask: 0.3939  decode.d0.loss_dice: 0.3409  decode.d1.loss_cls: 0.0143  decode.d1.loss_mask: 0.3743  decode.d1.loss_dice: 0.3258  decode.d2.loss_cls: 0.0134  decode.d2.loss_mask: 0.3790  decode.d2.loss_dice: 0.3222  decode.d3.loss_cls: 0.0003  decode.d3.loss_mask: 0.3778  decode.d3.loss_dice: 0.3181  decode.d4.loss_cls: 0.0003  decode.d4.loss_mask: 0.3780  decode.d4.loss_dice: 0.3208  decode.d5.loss_cls: 0.0002  decode.d5.loss_mask: 0.3774  decode.d5.loss_dice: 0.3212  decode.d6.loss_cls: 0.0002  decode.d6.loss_mask: 0.3744  decode.d6.loss_dice: 0.3187  decode.d7.loss_cls: 0.0002  decode.d7.loss_mask: 0.3761  decode.d7.loss_dice: 0.3198  decode.d8.loss_cls: 0.0001  decode.d8.loss_mask: 0.3749  decode.d8.loss_dice: 0.3200
2026/07/23 17:30:30 - mmengine - INFO - Iter(train) [35300/80000]  base_lr: 3.0649e-05 lr: 3.0649e-05  eta: 8:14:42  time: 0.6608  data_time: 0.0172  memory: 8435  grad_norm: 40.2043  loss: 6.4791  decode.loss_cls: 0.0109  decode.loss_mask: 0.2980  decode.loss_dice: 0.3134  decode.d0.loss_cls: 0.1378  decode.d0.loss_mask: 0.3216  decode.d0.loss_dice: 0.3587  decode.d1.loss_cls: 0.0446  decode.d1.loss_mask: 0.3004  decode.d1.loss_dice: 0.3222  decode.d2.loss_cls: 0.0131  decode.d2.loss_mask: 0.3034  decode.d2.loss_dice: 0.3216  decode.d3.loss_cls: 0.0099  decode.d3.loss_mask: 0.3040  decode.d3.loss_dice: 0.3168  decode.d4.loss_cls: 0.0095  decode.d4.loss_mask: 0.2981  decode.d4.loss_dice: 0.3020  decode.d5.loss_cls: 0.0092  decode.d5.loss_mask: 0.2962  decode.d5.loss_dice: 0.3182  decode.d6.loss_cls: 0.0105  decode.d6.loss_mask: 0.2967  decode.d6.loss_dice: 0.3001  decode.d7.loss_cls: 0.0094  decode.d7.loss_mask: 0.2947  decode.d7.loss_dice: 0.3330  decode.d8.loss_cls: 0.0136  decode.d8.loss_mask: 0.2951  decode.d8.loss_dice: 0.3164
2026/07/23 17:31:32 - mmengine - INFO - Iter(train) [35400/80000]  base_lr: 3.0587e-05 lr: 3.0587e-05  eta: 8:13:30  time: 0.6143  data_time: 0.0154  memory: 8435  grad_norm: 42.1032  loss: 7.1342  decode.loss_cls: 0.0017  decode.loss_mask: 0.3604  decode.loss_dice: 0.3422  decode.d0.loss_cls: 0.0806  decode.d0.loss_mask: 0.3717  decode.d0.loss_dice: 0.3635  decode.d1.loss_cls: 0.0096  decode.d1.loss_mask: 0.3617  decode.d1.loss_dice: 0.3504  decode.d2.loss_cls: 0.0041  decode.d2.loss_mask: 0.3649  decode.d2.loss_dice: 0.3491  decode.d3.loss_cls: 0.0018  decode.d3.loss_mask: 0.3611  decode.d3.loss_dice: 0.3306  decode.d4.loss_cls: 0.0016  decode.d4.loss_mask: 0.3596  decode.d4.loss_dice: 0.3370  decode.d5.loss_cls: 0.0018  decode.d5.loss_mask: 0.3644  decode.d5.loss_dice: 0.3320  decode.d6.loss_cls: 0.0014  decode.d6.loss_mask: 0.3629  decode.d6.loss_dice: 0.3336  decode.d7.loss_cls: 0.0016  decode.d7.loss_mask: 0.3597  decode.d7.loss_dice: 0.3322  decode.d8.loss_cls: 0.0019  decode.d8.loss_mask: 0.3610  decode.d8.loss_dice: 0.3299
2026/07/23 17:32:38 - mmengine - INFO - Iter(train) [35500/80000]  base_lr: 3.0525e-05 lr: 3.0525e-05  eta: 8:12:23  time: 0.6235  data_time: 0.0171  memory: 8435  grad_norm: 72.4200  loss: 10.7288  decode.loss_cls: 0.0164  decode.loss_mask: 0.5486  decode.loss_dice: 0.4782  decode.d0.loss_cls: 0.1517  decode.d0.loss_mask: 0.5872  decode.d0.loss_dice: 0.4923  decode.d1.loss_cls: 0.0772  decode.d1.loss_mask: 0.5550  decode.d1.loss_dice: 0.4836  decode.d2.loss_cls: 0.0246  decode.d2.loss_mask: 0.5504  decode.d2.loss_dice: 0.4905  decode.d3.loss_cls: 0.0179  decode.d3.loss_mask: 0.5488  decode.d3.loss_dice: 0.4785  decode.d4.loss_cls: 0.0211  decode.d4.loss_mask: 0.5496  decode.d4.loss_dice: 0.4694  decode.d5.loss_cls: 0.0151  decode.d5.loss_mask: 0.5509  decode.d5.loss_dice: 0.4721  decode.d6.loss_cls: 0.0228  decode.d6.loss_mask: 0.5493  decode.d6.loss_dice: 0.4826  decode.d7.loss_cls: 0.0130  decode.d7.loss_mask: 0.5477  decode.d7.loss_dice: 0.4822  decode.d8.loss_cls: 0.0137  decode.d8.loss_mask: 0.5492  decode.d8.loss_dice: 0.4891
2026/07/23 17:33:42 - mmengine - INFO - Iter(train) [35600/80000]  base_lr: 3.0463e-05 lr: 3.0463e-05  eta: 8:11:14  time: 0.6374  data_time: 0.0172  memory: 8426  grad_norm: 71.6962  loss: 9.7970  decode.loss_cls: 0.0004  decode.loss_mask: 0.5250  decode.loss_dice: 0.4400  decode.d0.loss_cls: 0.0912  decode.d0.loss_mask: 0.5421  decode.d0.loss_dice: 0.4540  decode.d1.loss_cls: 0.0124  decode.d1.loss_mask: 0.5269  decode.d1.loss_dice: 0.4477  decode.d2.loss_cls: 0.0015  decode.d2.loss_mask: 0.5275  decode.d2.loss_dice: 0.4446  decode.d3.loss_cls: 0.0006  decode.d3.loss_mask: 0.5246  decode.d3.loss_dice: 0.4379  decode.d4.loss_cls: 0.0004  decode.d4.loss_mask: 0.5198  decode.d4.loss_dice: 0.4395  decode.d5.loss_cls: 0.0003  decode.d5.loss_mask: 0.5214  decode.d5.loss_dice: 0.4415  decode.d6.loss_cls: 0.0002  decode.d6.loss_mask: 0.5224  decode.d6.loss_dice: 0.4378  decode.d7.loss_cls: 0.0003  decode.d7.loss_mask: 0.5246  decode.d7.loss_dice: 0.4438  decode.d8.loss_cls: 0.0003  decode.d8.loss_mask: 0.5257  decode.d8.loss_dice: 0.4424
2026/07/23 17:34:46 - mmengine - INFO - Iter(train) [35700/80000]  base_lr: 3.0402e-05 lr: 3.0402e-05  eta: 8:10:04  time: 0.6415  data_time: 0.0218  memory: 8435  grad_norm: 57.3639  loss: 9.5843  decode.loss_cls: 0.0061  decode.loss_mask: 0.5359  decode.loss_dice: 0.3999  decode.d0.loss_cls: 0.0878  decode.d0.loss_mask: 0.5654  decode.d0.loss_dice: 0.4132  decode.d1.loss_cls: 0.0163  decode.d1.loss_mask: 0.5410  decode.d1.loss_dice: 0.4107  decode.d2.loss_cls: 0.0085  decode.d2.loss_mask: 0.5341  decode.d2.loss_dice: 0.4051  decode.d3.loss_cls: 0.0050  decode.d3.loss_mask: 0.5346  decode.d3.loss_dice: 0.4003  decode.d4.loss_cls: 0.0045  decode.d4.loss_mask: 0.5354  decode.d4.loss_dice: 0.4006  decode.d5.loss_cls: 0.0048  decode.d5.loss_mask: 0.5360  decode.d5.loss_dice: 0.4056  decode.d6.loss_cls: 0.0058  decode.d6.loss_mask: 0.5338  decode.d6.loss_dice: 0.4040  decode.d7.loss_cls: 0.0060  decode.d7.loss_mask: 0.5343  decode.d7.loss_dice: 0.3973  decode.d8.loss_cls: 0.0065  decode.d8.loss_mask: 0.5365  decode.d8.loss_dice: 0.4089
2026/07/23 17:35:49 - mmengine - INFO - Iter(train) [35800/80000]  base_lr: 3.0340e-05 lr: 3.0340e-05  eta: 8:08:54  time: 0.6398  data_time: 0.0179  memory: 8435  grad_norm: 60.8881  loss: 9.9917  decode.loss_cls: 0.0003  decode.loss_mask: 0.5390  decode.loss_dice: 0.4515  decode.d0.loss_cls: 0.0816  decode.d0.loss_mask: 0.5646  decode.d0.loss_dice: 0.4607  decode.d1.loss_cls: 0.0163  decode.d1.loss_mask: 0.5406  decode.d1.loss_dice: 0.4502  decode.d2.loss_cls: 0.0020  decode.d2.loss_mask: 0.5376  decode.d2.loss_dice: 0.4521  decode.d3.loss_cls: 0.0009  decode.d3.loss_mask: 0.5385  decode.d3.loss_dice: 0.4465  decode.d4.loss_cls: 0.0008  decode.d4.loss_mask: 0.5359  decode.d4.loss_dice: 0.4493  decode.d5.loss_cls: 0.0006  decode.d5.loss_mask: 0.5367  decode.d5.loss_dice: 0.4466  decode.d6.loss_cls: 0.0004  decode.d6.loss_mask: 0.5400  decode.d6.loss_dice: 0.4448  decode.d7.loss_cls: 0.0004  decode.d7.loss_mask: 0.5355  decode.d7.loss_dice: 0.4408  decode.d8.loss_cls: 0.0004  decode.d8.loss_mask: 0.5352  decode.d8.loss_dice: 0.4420
2026/07/23 17:36:55 - mmengine - INFO - Iter(train) [35900/80000]  base_lr: 3.0278e-05 lr: 3.0278e-05  eta: 8:07:47  time: 0.6388  data_time: 0.0186  memory: 8426  grad_norm: 52.5590  loss: 8.1194  decode.loss_cls: 0.0010  decode.loss_mask: 0.4256  decode.loss_dice: 0.3638  decode.d0.loss_cls: 0.1095  decode.d0.loss_mask: 0.4306  decode.d0.loss_dice: 0.4155  decode.d1.loss_cls: 0.0353  decode.d1.loss_mask: 0.4177  decode.d1.loss_dice: 0.3600  decode.d2.loss_cls: 0.0084  decode.d2.loss_mask: 0.4187  decode.d2.loss_dice: 0.3574  decode.d3.loss_cls: 0.0046  decode.d3.loss_mask: 0.4243  decode.d3.loss_dice: 0.3715  decode.d4.loss_cls: 0.0031  decode.d4.loss_mask: 0.4213  decode.d4.loss_dice: 0.3759  decode.d5.loss_cls: 0.0029  decode.d5.loss_mask: 0.4203  decode.d5.loss_dice: 0.3733  decode.d6.loss_cls: 0.0022  decode.d6.loss_mask: 0.4248  decode.d6.loss_dice: 0.3677  decode.d7.loss_cls: 0.0031  decode.d7.loss_mask: 0.4239  decode.d7.loss_dice: 0.3663  decode.d8.loss_cls: 0.0017  decode.d8.loss_mask: 0.4228  decode.d8.loss_dice: 0.3661
2026/07/23 17:38:03 - mmengine - INFO - Exp name: fusion_vits_m2f_9999_20260723_101840
2026/07/23 17:38:03 - mmengine - INFO - Iter(train) [36000/80000]  base_lr: 3.0216e-05 lr: 3.0216e-05  eta: 8:06:43  time: 0.7436  data_time: 0.0246  memory: 8435  grad_norm: 51.7350  loss: 9.6651  decode.loss_cls: 0.0194  decode.loss_mask: 0.5120  decode.loss_dice: 0.3960  decode.d0.loss_cls: 0.1299  decode.d0.loss_mask: 0.5536  decode.d0.loss_dice: 0.4688  decode.d1.loss_cls: 0.0565  decode.d1.loss_mask: 0.5269  decode.d1.loss_dice: 0.4262  decode.d2.loss_cls: 0.0314  decode.d2.loss_mask: 0.5225  decode.d2.loss_dice: 0.4118  decode.d3.loss_cls: 0.0273  decode.d3.loss_mask: 0.5172  decode.d3.loss_dice: 0.3963  decode.d4.loss_cls: 0.0174  decode.d4.loss_mask: 0.5154  decode.d4.loss_dice: 0.3971  decode.d5.loss_cls: 0.0202  decode.d5.loss_mask: 0.5145  decode.d5.loss_dice: 0.4003  decode.d6.loss_cls: 0.0162  decode.d6.loss_mask: 0.5160  decode.d6.loss_dice: 0.4008  decode.d7.loss_cls: 0.0175  decode.d7.loss_mask: 0.5121  decode.d7.loss_dice: 0.4052  decode.d8.loss_cls: 0.0166  decode.d8.loss_mask: 0.5114  decode.d8.loss_dice: 0.4084
2026/07/23 17:38:03 - mmengine - INFO - Saving checkpoint at 36000 iterations
2026/07/23 17:39:04 - mmengine - INFO - Iter(val) [100/504]    eta: 0:02:15  time: 0.5504  data_time: 0.3552  memory: 3244  
2026/07/23 17:39:37 - mmengine - INFO - Iter(val) [200/504]    eta: 0:01:41  time: 0.2905  data_time: 0.0944  memory: 3244  
2026/07/23 17:40:08 - mmengine - INFO - Iter(val) [300/504]    eta: 0:01:06  time: 0.2396  data_time: 0.0437  memory: 3244  
2026/07/23 17:40:45 - mmengine - INFO - Iter(val) [400/504]    eta: 0:00:34  time: 0.6472  data_time: 0.4512  memory: 3244  
2026/07/23 17:41:22 - mmengine - INFO - Iter(val) [500/504]    eta: 0:00:01  time: 0.2545  data_time: 0.0584  memory: 3244  
2026/07/23 17:41:29 - mmengine - INFO - per class results:
2026/07/23 17:41:29 - mmengine - INFO - 
+--------------------+-------+-------+--------+-----------+--------+
|       Class        |  IoU  |  Acc  | Fscore | Precision | Recall |
+--------------------+-------+-------+--------+-----------+--------+
| impervious_surface | 81.33 | 86.39 |  89.7  |   93.28   | 86.39  |
|      building      | 95.97 | 98.22 | 97.94  |   97.66   | 98.22  |
|   low_vegetation   | 70.29 | 96.79 | 82.55  |   71.96   | 96.79  |
|        tree        | 66.07 | 67.47 | 79.57  |   96.94   | 67.47  |
|        car         | 89.32 | 92.64 | 94.36  |   96.14   | 92.64  |
+--------------------+-------+-------+--------+-----------+--------+
2026/07/23 17:41:29 - mmengine - INFO - Iter(val) [504/504]    aAcc: 87.6600  mIoU: 80.5900  mAcc: 88.3000  mFscore: 88.8200  mPrecision: 91.2000  mRecall: 88.3000  data_time: 0.1455  time: 0.3425
2026/07/23 17:42:35 - mmengine - INFO - Iter(train) [36100/80000]  base_lr: 3.0154e-05 lr: 3.0154e-05  eta: 8:05:43  time: 0.7476  data_time: 0.1380  memory: 8435  grad_norm: 60.3450  loss: 9.1215  decode.loss_cls: 0.0067  decode.loss_mask: 0.4802  decode.loss_dice: 0.4043  decode.d0.loss_cls: 0.1059  decode.d0.loss_mask: 0.5219  decode.d0.loss_dice: 0.4305  decode.d1.loss_cls: 0.0294  decode.d1.loss_mask: 0.4842  decode.d1.loss_dice: 0.4195  decode.d2.loss_cls: 0.0055  decode.d2.loss_mask: 0.4809  decode.d2.loss_dice: 0.4092  decode.d3.loss_cls: 0.0032  decode.d3.loss_mask: 0.4806  decode.d3.loss_dice: 0.4042  decode.d4.loss_cls: 0.0030  decode.d4.loss_mask: 0.4793  decode.d4.loss_dice: 0.4015  decode.d5.loss_cls: 0.0087  decode.d5.loss_mask: 0.4807  decode.d5.loss_dice: 0.4059  decode.d6.loss_cls: 0.0023  decode.d6.loss_mask: 0.4821  decode.d6.loss_dice: 0.4059  decode.d7.loss_cls: 0.0026  decode.d7.loss_mask: 0.4849  decode.d7.loss_dice: 0.4108  decode.d8.loss_cls: 0.0023  decode.d8.loss_mask: 0.4806  decode.d8.loss_dice: 0.4041
2026/07/23 17:43:39 - mmengine - INFO - Iter(train) [36200/80000]  base_lr: 3.0093e-05 lr: 3.0093e-05  eta: 8:04:33  time: 0.7221  data_time: 0.1143  memory: 8435  grad_norm: 51.7667  loss: 8.8121  decode.loss_cls: 0.0095  decode.loss_mask: 0.4441  decode.loss_dice: 0.4022  decode.d0.loss_cls: 0.0764  decode.d0.loss_mask: 0.5165  decode.d0.loss_dice: 0.4658  decode.d1.loss_cls: 0.0189  decode.d1.loss_mask: 0.4465  decode.d1.loss_dice: 0.4093  decode.d2.loss_cls: 0.0219  decode.d2.loss_mask: 0.4436  decode.d2.loss_dice: 0.4093  decode.d3.loss_cls: 0.0099  decode.d3.loss_mask: 0.4470  decode.d3.loss_dice: 0.4050  decode.d4.loss_cls: 0.0067  decode.d4.loss_mask: 0.4442  decode.d4.loss_dice: 0.4058  decode.d5.loss_cls: 0.0121  decode.d5.loss_mask: 0.4450  decode.d5.loss_dice: 0.4042  decode.d6.loss_cls: 0.0083  decode.d6.loss_mask: 0.4449  decode.d6.loss_dice: 0.4025  decode.d7.loss_cls: 0.0049  decode.d7.loss_mask: 0.4441  decode.d7.loss_dice: 0.4056  decode.d8.loss_cls: 0.0063  decode.d8.loss_mask: 0.4430  decode.d8.loss_dice: 0.4083
2026/07/23 17:45:01 - mmengine - INFO - Iter(train) [36300/80000]  base_lr: 3.0031e-05 lr: 3.0031e-05  eta: 8:03:46  time: 0.9138  data_time: 0.3142  memory: 8435  grad_norm: 51.1976  loss: 7.8991  decode.loss_cls: 0.0007  decode.loss_mask: 0.4506  decode.loss_dice: 0.3297  decode.d0.loss_cls: 0.1178  decode.d0.loss_mask: 0.4567  decode.d0.loss_dice: 0.3428  decode.d1.loss_cls: 0.0104  decode.d1.loss_mask: 0.4458  decode.d1.loss_dice: 0.3295  decode.d2.loss_cls: 0.0018  decode.d2.loss_mask: 0.4442  decode.d2.loss_dice: 0.3282  decode.d3.loss_cls: 0.0012  decode.d3.loss_mask: 0.4461  decode.d3.loss_dice: 0.3234  decode.d4.loss_cls: 0.0013  decode.d4.loss_mask: 0.4448  decode.d4.loss_dice: 0.3242  decode.d5.loss_cls: 0.0016  decode.d5.loss_mask: 0.4451  decode.d5.loss_dice: 0.3271  decode.d6.loss_cls: 0.0009  decode.d6.loss_mask: 0.4470  decode.d6.loss_dice: 0.3258  decode.d7.loss_cls: 0.0009  decode.d7.loss_mask: 0.4484  decode.d7.loss_dice: 0.3272  decode.d8.loss_cls: 0.0015  decode.d8.loss_mask: 0.4476  decode.d8.loss_dice: 0.3265
2026/07/23 17:46:12 - mmengine - INFO - Iter(train) [36400/80000]  base_lr: 2.9969e-05 lr: 2.9969e-05  eta: 8:02:45  time: 0.9526  data_time: 0.3164  memory: 8426  grad_norm: 85.0617  loss: 11.9585  decode.loss_cls: 0.0231  decode.loss_mask: 0.6635  decode.loss_dice: 0.5011  decode.d0.loss_cls: 0.1235  decode.d0.loss_mask: 0.6924  decode.d0.loss_dice: 0.5195  decode.d1.loss_cls: 0.0278  decode.d1.loss_mask: 0.6751  decode.d1.loss_dice: 0.4994  decode.d2.loss_cls: 0.0158  decode.d2.loss_mask: 0.6588  decode.d2.loss_dice: 0.4995  decode.d3.loss_cls: 0.0156  decode.d3.loss_mask: 0.6619  decode.d3.loss_dice: 0.4906  decode.d4.loss_cls: 0.0094  decode.d4.loss_mask: 0.6647  decode.d4.loss_dice: 0.4881  decode.d5.loss_cls: 0.0180  decode.d5.loss_mask: 0.6595  decode.d5.loss_dice: 0.4988  decode.d6.loss_cls: 0.0114  decode.d6.loss_mask: 0.6624  decode.d6.loss_dice: 0.5080  decode.d7.loss_cls: 0.0161  decode.d7.loss_mask: 0.6589  decode.d7.loss_dice: 0.5027  decode.d8.loss_cls: 0.0159  decode.d8.loss_mask: 0.6651  decode.d8.loss_dice: 0.5121
2026/07/23 17:47:15 - mmengine - INFO - Iter(train) [36500/80000]  base_lr: 2.9907e-05 lr: 2.9907e-05  eta: 8:01:34  time: 0.6192  data_time: 0.0157  memory: 8435  grad_norm: 47.2326  loss: 8.3986  decode.loss_cls: 0.0006  decode.loss_mask: 0.4463  decode.loss_dice: 0.3830  decode.d0.loss_cls: 0.0717  decode.d0.loss_mask: 0.4620  decode.d0.loss_dice: 0.3793  decode.d1.loss_cls: 0.0090  decode.d1.loss_mask: 0.4474  decode.d1.loss_dice: 0.3852  decode.d2.loss_cls: 0.0096  decode.d2.loss_mask: 0.4466  decode.d2.loss_dice: 0.3894  decode.d3.loss_cls: 0.0030  decode.d3.loss_mask: 0.4427  decode.d3.loss_dice: 0.3798  decode.d4.loss_cls: 0.0023  decode.d4.loss_mask: 0.4424  decode.d4.loss_dice: 0.3825  decode.d5.loss_cls: 0.0007  decode.d5.loss_mask: 0.4413  decode.d5.loss_dice: 0.3789  decode.d6.loss_cls: 0.0005  decode.d6.loss_mask: 0.4438  decode.d6.loss_dice: 0.3937  decode.d7.loss_cls: 0.0005  decode.d7.loss_mask: 0.4434  decode.d7.loss_dice: 0.3839  decode.d8.loss_cls: 0.0004  decode.d8.loss_mask: 0.4464  decode.d8.loss_dice: 0.3823
2026/07/23 17:48:18 - mmengine - INFO - Iter(train) [36600/80000]  base_lr: 2.9845e-05 lr: 2.9845e-05  eta: 8:00:24  time: 0.6249  data_time: 0.0184  memory: 8435  grad_norm: 33.6886  loss: 5.8983  decode.loss_cls: 0.0005  decode.loss_mask: 0.3038  decode.loss_dice: 0.2697  decode.d0.loss_cls: 0.0669  decode.d0.loss_mask: 0.3034  decode.d0.loss_dice: 0.2982  decode.d1.loss_cls: 0.0248  decode.d1.loss_mask: 0.3021  decode.d1.loss_dice: 0.2804  decode.d2.loss_cls: 0.0008  decode.d2.loss_mask: 0.3013  decode.d2.loss_dice: 0.2829  decode.d3.loss_cls: 0.0003  decode.d3.loss_mask: 0.2994  decode.d3.loss_dice: 0.2745  decode.d4.loss_cls: 0.0002  decode.d4.loss_mask: 0.2996  decode.d4.loss_dice: 0.2790  decode.d5.loss_cls: 0.0002  decode.d5.loss_mask: 0.3004  decode.d5.loss_dice: 0.2696  decode.d6.loss_cls: 0.0003  decode.d6.loss_mask: 0.3040  decode.d6.loss_dice: 0.2790  decode.d7.loss_cls: 0.0011  decode.d7.loss_mask: 0.3017  decode.d7.loss_dice: 0.2714  decode.d8.loss_cls: 0.0006  decode.d8.loss_mask: 0.3025  decode.d8.loss_dice: 0.2797
2026/07/23 17:49:21 - mmengine - INFO - Iter(train) [36700/80000]  base_lr: 2.9783e-05 lr: 2.9783e-05  eta: 7:59:13  time: 0.6218  data_time: 0.0163  memory: 8435  grad_norm: 57.0444  loss: 7.7548  decode.loss_cls: 0.0046  decode.loss_mask: 0.4295  decode.loss_dice: 0.3080  decode.d0.loss_cls: 0.1773  decode.d0.loss_mask: 0.4746  decode.d0.loss_dice: 0.3335  decode.d1.loss_cls: 0.0105  decode.d1.loss_mask: 0.4384  decode.d1.loss_dice: 0.3216  decode.d2.loss_cls: 0.0060  decode.d2.loss_mask: 0.4314  decode.d2.loss_dice: 0.3204  decode.d3.loss_cls: 0.0066  decode.d3.loss_mask: 0.4340  decode.d3.loss_dice: 0.3117  decode.d4.loss_cls: 0.0033  decode.d4.loss_mask: 0.4330  decode.d4.loss_dice: 0.3136  decode.d5.loss_cls: 0.0028  decode.d5.loss_mask: 0.4323  decode.d5.loss_dice: 0.3136  decode.d6.loss_cls: 0.0041  decode.d6.loss_mask: 0.4342  decode.d6.loss_dice: 0.3134  decode.d7.loss_cls: 0.0050  decode.d7.loss_mask: 0.4340  decode.d7.loss_dice: 0.3092  decode.d8.loss_cls: 0.0053  decode.d8.loss_mask: 0.4305  decode.d8.loss_dice: 0.3125
2026/07/23 17:50:24 - mmengine - INFO - Iter(train) [36800/80000]  base_lr: 2.9721e-05 lr: 2.9721e-05  eta: 7:58:03  time: 0.6323  data_time: 0.0185  memory: 8426  grad_norm: 42.4164  loss: 7.5453  decode.loss_cls: 0.0004  decode.loss_mask: 0.3770  decode.loss_dice: 0.3392  decode.d0.loss_cls: 0.0863  decode.d0.loss_mask: 0.4140  decode.d0.loss_dice: 0.4155  decode.d1.loss_cls: 0.0284  decode.d1.loss_mask: 0.3788  decode.d1.loss_dice: 0.3641  decode.d2.loss_cls: 0.0157  decode.d2.loss_mask: 0.3793  decode.d2.loss_dice: 0.3574  decode.d3.loss_cls: 0.0010  decode.d3.loss_mask: 0.3784  decode.d3.loss_dice: 0.3507  decode.d4.loss_cls: 0.0007  decode.d4.loss_mask: 0.3766  decode.d4.loss_dice: 0.3587  decode.d5.loss_cls: 0.0003  decode.d5.loss_mask: 0.3755  decode.d5.loss_dice: 0.3567  decode.d6.loss_cls: 0.0003  decode.d6.loss_mask: 0.3805  decode.d6.loss_dice: 0.3478  decode.d7.loss_cls: 0.0004  decode.d7.loss_mask: 0.3797  decode.d7.loss_dice: 0.3509  decode.d8.loss_cls: 0.0004  decode.d8.loss_mask: 0.3792  decode.d8.loss_dice: 0.3518
2026/07/23 17:51:27 - mmengine - INFO - Iter(train) [36900/80000]  base_lr: 2.9659e-05 lr: 2.9659e-05  eta: 7:56:53  time: 0.6311  data_time: 0.0180  memory: 8435  grad_norm: 55.3673  loss: 9.7670  decode.loss_cls: 0.0051  decode.loss_mask: 0.5431  decode.loss_dice: 0.4192  decode.d0.loss_cls: 0.0940  decode.d0.loss_mask: 0.5754  decode.d0.loss_dice: 0.4229  decode.d1.loss_cls: 0.0239  decode.d1.loss_mask: 0.5410  decode.d1.loss_dice: 0.4168  decode.d2.loss_cls: 0.0077  decode.d2.loss_mask: 0.5415  decode.d2.loss_dice: 0.4121  decode.d3.loss_cls: 0.0042  decode.d3.loss_mask: 0.5387  decode.d3.loss_dice: 0.4075  decode.d4.loss_cls: 0.0077  decode.d4.loss_mask: 0.5384  decode.d4.loss_dice: 0.4103  decode.d5.loss_cls: 0.0087  decode.d5.loss_mask: 0.5428  decode.d5.loss_dice: 0.4158  decode.d6.loss_cls: 0.0049  decode.d6.loss_mask: 0.5409  decode.d6.loss_dice: 0.4126  decode.d7.loss_cls: 0.0056  decode.d7.loss_mask: 0.5426  decode.d7.loss_dice: 0.4163  decode.d8.loss_cls: 0.0042  decode.d8.loss_mask: 0.5464  decode.d8.loss_dice: 0.4167
2026/07/23 17:52:30 - mmengine - INFO - Exp name: fusion_vits_m2f_9999_20260723_101840
2026/07/23 17:52:30 - mmengine - INFO - Iter(train) [37000/80000]  base_lr: 2.9598e-05 lr: 2.9598e-05  eta: 7:55:43  time: 0.6243  data_time: 0.0168  memory: 8435  grad_norm: 48.7522  loss: 6.2049  decode.loss_cls: 0.0127  decode.loss_mask: 0.3158  decode.loss_dice: 0.2706  decode.d0.loss_cls: 0.1127  decode.d0.loss_mask: 0.3464  decode.d0.loss_dice: 0.2915  decode.d1.loss_cls: 0.0220  decode.d1.loss_mask: 0.3205  decode.d1.loss_dice: 0.2775  decode.d2.loss_cls: 0.0098  decode.d2.loss_mask: 0.3164  decode.d2.loss_dice: 0.2702  decode.d3.loss_cls: 0.0214  decode.d3.loss_mask: 0.3157  decode.d3.loss_dice: 0.2780  decode.d4.loss_cls: 0.0105  decode.d4.loss_mask: 0.3171  decode.d4.loss_dice: 0.2732  decode.d5.loss_cls: 0.0177  decode.d5.loss_mask: 0.3163  decode.d5.loss_dice: 0.2714  decode.d6.loss_cls: 0.0170  decode.d6.loss_mask: 0.3151  decode.d6.loss_dice: 0.2691  decode.d7.loss_cls: 0.0132  decode.d7.loss_mask: 0.3147  decode.d7.loss_dice: 0.2776  decode.d8.loss_cls: 0.0156  decode.d8.loss_mask: 0.3151  decode.d8.loss_dice: 0.2802
2026/07/23 17:53:33 - mmengine - INFO - Iter(train) [37100/80000]  base_lr: 2.9536e-05 lr: 2.9536e-05  eta: 7:54:32  time: 0.6258  data_time: 0.0166  memory: 8435  grad_norm: 49.3990  loss: 8.5971  decode.loss_cls: 0.0033  decode.loss_mask: 0.4784  decode.loss_dice: 0.3526  decode.d0.loss_cls: 0.1002  decode.d0.loss_mask: 0.4841  decode.d0.loss_dice: 0.3646  decode.d1.loss_cls: 0.0187  decode.d1.loss_mask: 0.4735  decode.d1.loss_dice: 0.3785  decode.d2.loss_cls: 0.0071  decode.d2.loss_mask: 0.4748  decode.d2.loss_dice: 0.3592  decode.d3.loss_cls: 0.0036  decode.d3.loss_mask: 0.4732  decode.d3.loss_dice: 0.3685  decode.d4.loss_cls: 0.0026  decode.d4.loss_mask: 0.4767  decode.d4.loss_dice: 0.3742  decode.d5.loss_cls: 0.0022  decode.d5.loss_mask: 0.4794  decode.d5.loss_dice: 0.3625  decode.d6.loss_cls: 0.0021  decode.d6.loss_mask: 0.4810  decode.d6.loss_dice: 0.3743  decode.d7.loss_cls: 0.0021  decode.d7.loss_mask: 0.4819  decode.d7.loss_dice: 0.3594  decode.d8.loss_cls: 0.0019  decode.d8.loss_mask: 0.4829  decode.d8.loss_dice: 0.3738
2026/07/23 17:54:42 - mmengine - INFO - Iter(train) [37200/80000]  base_lr: 2.9474e-05 lr: 2.9474e-05  eta: 7:53:29  time: 0.6214  data_time: 0.0182  memory: 8435  grad_norm: 66.5633  loss: 10.5552  decode.loss_cls: 0.0062  decode.loss_mask: 0.5875  decode.loss_dice: 0.4408  decode.d0.loss_cls: 0.1114  decode.d0.loss_mask: 0.6246  decode.d0.loss_dice: 0.4361  decode.d1.loss_cls: 0.0145  decode.d1.loss_mask: 0.5914  decode.d1.loss_dice: 0.4411  decode.d2.loss_cls: 0.0096  decode.d2.loss_mask: 0.5928  decode.d2.loss_dice: 0.4492  decode.d3.loss_cls: 0.0141  decode.d3.loss_mask: 0.5910  decode.d3.loss_dice: 0.4328  decode.d4.loss_cls: 0.0147  decode.d4.loss_mask: 0.5908  decode.d4.loss_dice: 0.4384  decode.d5.loss_cls: 0.0147  decode.d5.loss_mask: 0.5875  decode.d5.loss_dice: 0.4502  decode.d6.loss_cls: 0.0084  decode.d6.loss_mask: 0.5912  decode.d6.loss_dice: 0.4425  decode.d7.loss_cls: 0.0158  decode.d7.loss_mask: 0.5905  decode.d7.loss_dice: 0.4360  decode.d8.loss_cls: 0.0044  decode.d8.loss_mask: 0.5888  decode.d8.loss_dice: 0.4385
2026/07/23 17:55:45 - mmengine - INFO - Iter(train) [37300/80000]  base_lr: 2.9412e-05 lr: 2.9412e-05  eta: 7:52:18  time: 0.6175  data_time: 0.0157  memory: 8426  grad_norm: 62.2983  loss: 9.8023  decode.loss_cls: 0.0009  decode.loss_mask: 0.5382  decode.loss_dice: 0.4255  decode.d0.loss_cls: 0.1055  decode.d0.loss_mask: 0.5506  decode.d0.loss_dice: 0.4270  decode.d1.loss_cls: 0.0106  decode.d1.loss_mask: 0.5466  decode.d1.loss_dice: 0.4366  decode.d2.loss_cls: 0.0044  decode.d2.loss_mask: 0.5415  decode.d2.loss_dice: 0.4310  decode.d3.loss_cls: 0.0022  decode.d3.loss_mask: 0.5360  decode.d3.loss_dice: 0.4229  decode.d4.loss_cls: 0.0014  decode.d4.loss_mask: 0.5409  decode.d4.loss_dice: 0.4211  decode.d5.loss_cls: 0.0010  decode.d5.loss_mask: 0.5424  decode.d5.loss_dice: 0.4245  decode.d6.loss_cls: 0.0005  decode.d6.loss_mask: 0.5394  decode.d6.loss_dice: 0.4253  decode.d7.loss_cls: 0.0004  decode.d7.loss_mask: 0.5380  decode.d7.loss_dice: 0.4228  decode.d8.loss_cls: 0.0007  decode.d8.loss_mask: 0.5380  decode.d8.loss_dice: 0.4264
2026/07/23 17:56:47 - mmengine - INFO - Iter(train) [37400/80000]  base_lr: 2.9350e-05 lr: 2.9350e-05  eta: 7:51:07  time: 0.6251  data_time: 0.0178  memory: 8435  grad_norm: 54.9524  loss: 9.7444  decode.loss_cls: 0.0003  decode.loss_mask: 0.5328  decode.loss_dice: 0.4330  decode.d0.loss_cls: 0.0681  decode.d0.loss_mask: 0.5535  decode.d0.loss_dice: 0.4331  decode.d1.loss_cls: 0.0178  decode.d1.loss_mask: 0.5381  decode.d1.loss_dice: 0.4232  decode.d2.loss_cls: 0.0126  decode.d2.loss_mask: 0.5329  decode.d2.loss_dice: 0.4266  decode.d3.loss_cls: 0.0007  decode.d3.loss_mask: 0.5324  decode.d3.loss_dice: 0.4290  decode.d4.loss_cls: 0.0008  decode.d4.loss_mask: 0.5319  decode.d4.loss_dice: 0.4301  decode.d5.loss_cls: 0.0006  decode.d5.loss_mask: 0.5308  decode.d5.loss_dice: 0.4323  decode.d6.loss_cls: 0.0006  decode.d6.loss_mask: 0.5313  decode.d6.loss_dice: 0.4304  decode.d7.loss_cls: 0.0005  decode.d7.loss_mask: 0.5319  decode.d7.loss_dice: 0.4302  decode.d8.loss_cls: 0.0004  decode.d8.loss_mask: 0.5324  decode.d8.loss_dice: 0.4262
2026/07/23 17:57:49 - mmengine - INFO - Iter(train) [37500/80000]  base_lr: 2.9288e-05 lr: 2.9288e-05  eta: 7:49:57  time: 0.6299  data_time: 0.0175  memory: 8435  grad_norm: 56.9178  loss: 8.3088  decode.loss_cls: 0.0137  decode.loss_mask: 0.4292  decode.loss_dice: 0.3814  decode.d0.loss_cls: 0.0937  decode.d0.loss_mask: 0.4515  decode.d0.loss_dice: 0.3763  decode.d1.loss_cls: 0.0294  decode.d1.loss_mask: 0.4391  decode.d1.loss_dice: 0.3700  decode.d2.loss_cls: 0.0176  decode.d2.loss_mask: 0.4339  decode.d2.loss_dice: 0.3626  decode.d3.loss_cls: 0.0040  decode.d3.loss_mask: 0.4365  decode.d3.loss_dice: 0.3745  decode.d4.loss_cls: 0.0053  decode.d4.loss_mask: 0.4317  decode.d4.loss_dice: 0.3702  decode.d5.loss_cls: 0.0069  decode.d5.loss_mask: 0.4289  decode.d5.loss_dice: 0.3741  decode.d6.loss_cls: 0.0071  decode.d6.loss_mask: 0.4304  decode.d6.loss_dice: 0.3819  decode.d7.loss_cls: 0.0105  decode.d7.loss_mask: 0.4297  decode.d7.loss_dice: 0.3833  decode.d8.loss_cls: 0.0132  decode.d8.loss_mask: 0.4344  decode.d8.loss_dice: 0.3878
2026/07/23 17:58:52 - mmengine - INFO - Iter(train) [37600/80000]  base_lr: 2.9226e-05 lr: 2.9226e-05  eta: 7:48:46  time: 0.6090  data_time: 0.0155  memory: 8426  grad_norm: 55.0559  loss: 7.5986  decode.loss_cls: 0.0006  decode.loss_mask: 0.3836  decode.loss_dice: 0.3529  decode.d0.loss_cls: 0.1083  decode.d0.loss_mask: 0.4173  decode.d0.loss_dice: 0.3957  decode.d1.loss_cls: 0.0386  decode.d1.loss_mask: 0.3889  decode.d1.loss_dice: 0.3580  decode.d2.loss_cls: 0.0128  decode.d2.loss_mask: 0.3829  decode.d2.loss_dice: 0.3513  decode.d3.loss_cls: 0.0026  decode.d3.loss_mask: 0.3855  decode.d3.loss_dice: 0.3507  decode.d4.loss_cls: 0.0022  decode.d4.loss_mask: 0.3835  decode.d4.loss_dice: 0.3445  decode.d5.loss_cls: 0.0010  decode.d5.loss_mask: 0.3845  decode.d5.loss_dice: 0.3546  decode.d6.loss_cls: 0.0009  decode.d6.loss_mask: 0.3809  decode.d6.loss_dice: 0.3468  decode.d7.loss_cls: 0.0006  decode.d7.loss_mask: 0.3818  decode.d7.loss_dice: 0.3497  decode.d8.loss_cls: 0.0006  decode.d8.loss_mask: 0.3837  decode.d8.loss_dice: 0.3536
2026/07/23 17:59:56 - mmengine - INFO - Iter(train) [37700/80000]  base_lr: 2.9164e-05 lr: 2.9164e-05  eta: 7:47:36  time: 0.6607  data_time: 0.0184  memory: 8435  grad_norm: 63.3609  loss: 10.0556  decode.loss_cls: 0.0055  decode.loss_mask: 0.5421  decode.loss_dice: 0.4109  decode.d0.loss_cls: 0.2067  decode.d0.loss_mask: 0.6191  decode.d0.loss_dice: 0.4994  decode.d1.loss_cls: 0.0478  decode.d1.loss_mask: 0.5581  decode.d1.loss_dice: 0.4152  decode.d2.loss_cls: 0.0171  decode.d2.loss_mask: 0.5489  decode.d2.loss_dice: 0.4123  decode.d3.loss_cls: 0.0088  decode.d3.loss_mask: 0.5463  decode.d3.loss_dice: 0.4094  decode.d4.loss_cls: 0.0040  decode.d4.loss_mask: 0.5458  decode.d4.loss_dice: 0.4164  decode.d5.loss_cls: 0.0033  decode.d5.loss_mask: 0.5438  decode.d5.loss_dice: 0.4129  decode.d6.loss_cls: 0.0041  decode.d6.loss_mask: 0.5445  decode.d6.loss_dice: 0.4125  decode.d7.loss_cls: 0.0052  decode.d7.loss_mask: 0.5471  decode.d7.loss_dice: 0.4102  decode.d8.loss_cls: 0.0049  decode.d8.loss_mask: 0.5441  decode.d8.loss_dice: 0.4094
2026/07/23 18:00:59 - mmengine - INFO - Iter(train) [37800/80000]  base_lr: 2.9101e-05 lr: 2.9101e-05  eta: 7:46:27  time: 0.6275  data_time: 0.0174  memory: 8435  grad_norm: 44.2722  loss: 7.4033  decode.loss_cls: 0.0001  decode.loss_mask: 0.4008  decode.loss_dice: 0.3223  decode.d0.loss_cls: 0.0834  decode.d0.loss_mask: 0.4296  decode.d0.loss_dice: 0.3372  decode.d1.loss_cls: 0.0078  decode.d1.loss_mask: 0.4068  decode.d1.loss_dice: 0.3276  decode.d2.loss_cls: 0.0018  decode.d2.loss_mask: 0.4032  decode.d2.loss_dice: 0.3226  decode.d3.loss_cls: 0.0003  decode.d3.loss_mask: 0.4023  decode.d3.loss_dice: 0.3201  decode.d4.loss_cls: 0.0002  decode.d4.loss_mask: 0.4056  decode.d4.loss_dice: 0.3250  decode.d5.loss_cls: 0.0002  decode.d5.loss_mask: 0.4034  decode.d5.loss_dice: 0.3218  decode.d6.loss_cls: 0.0001  decode.d6.loss_mask: 0.4031  decode.d6.loss_dice: 0.3231  decode.d7.loss_cls: 0.0002  decode.d7.loss_mask: 0.4034  decode.d7.loss_dice: 0.3236  decode.d8.loss_cls: 0.0001  decode.d8.loss_mask: 0.4029  decode.d8.loss_dice: 0.3246
2026/07/23 18:02:04 - mmengine - INFO - Iter(train) [37900/80000]  base_lr: 2.9039e-05 lr: 2.9039e-05  eta: 7:45:19  time: 0.6846  data_time: 0.0185  memory: 8435  grad_norm: 34.3467  loss: 6.8166  decode.loss_cls: 0.0021  decode.loss_mask: 0.2609  decode.loss_dice: 0.4018  decode.d0.loss_cls: 0.1275  decode.d0.loss_mask: 0.2707  decode.d0.loss_dice: 0.4260  decode.d1.loss_cls: 0.0249  decode.d1.loss_mask: 0.2637  decode.d1.loss_dice: 0.3934  decode.d2.loss_cls: 0.0353  decode.d2.loss_mask: 0.2639  decode.d2.loss_dice: 0.3854  decode.d3.loss_cls: 0.0032  decode.d3.loss_mask: 0.2619  decode.d3.loss_dice: 0.4032  decode.d4.loss_cls: 0.0019  decode.d4.loss_mask: 0.2612  decode.d4.loss_dice: 0.4026  decode.d5.loss_cls: 0.0016  decode.d5.loss_mask: 0.2596  decode.d5.loss_dice: 0.4090  decode.d6.loss_cls: 0.0015  decode.d6.loss_mask: 0.2592  decode.d6.loss_dice: 0.3859  decode.d7.loss_cls: 0.0028  decode.d7.loss_mask: 0.2603  decode.d7.loss_dice: 0.3813  decode.d8.loss_cls: 0.0023  decode.d8.loss_mask: 0.2643  decode.d8.loss_dice: 0.3991
2026/07/23 18:03:08 - mmengine - INFO - Exp name: fusion_vits_m2f_9999_20260723_101840
2026/07/23 18:03:08 - mmengine - INFO - Iter(train) [38000/80000]  base_lr: 2.8977e-05 lr: 2.8977e-05  eta: 7:44:10  time: 0.6199  data_time: 0.0155  memory: 8435  grad_norm: 47.8031  loss: 7.7213  decode.loss_cls: 0.0010  decode.loss_mask: 0.3845  decode.loss_dice: 0.3717  decode.d0.loss_cls: 0.1017  decode.d0.loss_mask: 0.3924  decode.d0.loss_dice: 0.3930  decode.d1.loss_cls: 0.0113  decode.d1.loss_mask: 0.3808  decode.d1.loss_dice: 0.3824  decode.d2.loss_cls: 0.0015  decode.d2.loss_mask: 0.3812  decode.d2.loss_dice: 0.3726  decode.d3.loss_cls: 0.0008  decode.d3.loss_mask: 0.3795  decode.d3.loss_dice: 0.3758  decode.d4.loss_cls: 0.0026  decode.d4.loss_mask: 0.3811  decode.d4.loss_dice: 0.3743  decode.d5.loss_cls: 0.0039  decode.d5.loss_mask: 0.3819  decode.d5.loss_dice: 0.3733  decode.d6.loss_cls: 0.0049  decode.d6.loss_mask: 0.3836  decode.d6.loss_dice: 0.3695  decode.d7.loss_cls: 0.0042  decode.d7.loss_mask: 0.3826  decode.d7.loss_dice: 0.3688  decode.d8.loss_cls: 0.0020  decode.d8.loss_mask: 0.3826  decode.d8.loss_dice: 0.3757
2026/07/23 18:03:08 - mmengine - INFO - Saving checkpoint at 38000 iterations
2026/07/23 18:04:00 - mmengine - INFO - Iter(val) [100/504]    eta: 0:01:33  time: 0.2187  data_time: 0.0106  memory: 3244  
2026/07/23 18:04:22 - mmengine - INFO - Iter(val) [200/504]    eta: 0:01:08  time: 0.2074  data_time: 0.0087  memory: 3244  
2026/07/23 18:04:44 - mmengine - INFO - Iter(val) [300/504]    eta: 0:00:45  time: 0.2176  data_time: 0.0109  memory: 3244  
2026/07/23 18:05:06 - mmengine - INFO - Iter(val) [400/504]    eta: 0:00:23  time: 0.2135  data_time: 0.0090  memory: 3244  
2026/07/23 18:05:28 - mmengine - INFO - Iter(val) [500/504]    eta: 0:00:00  time: 0.2179  data_time: 0.0104  memory: 3244  
2026/07/23 18:05:31 - mmengine - INFO - per class results:
2026/07/23 18:05:31 - mmengine - INFO - 
+--------------------+-------+-------+--------+-----------+--------+
|       Class        |  IoU  |  Acc  | Fscore | Precision | Recall |
+--------------------+-------+-------+--------+-----------+--------+
| impervious_surface | 87.82 | 93.01 | 93.51  |   94.02   | 93.01  |
|      building      | 95.47 | 98.95 | 97.68  |   96.45   | 98.95  |
|   low_vegetation   | 79.16 | 90.64 | 88.37  |    86.2   | 90.64  |
|        tree        | 80.28 | 85.92 | 89.06  |   92.45   | 85.92  |
|        car         | 92.71 | 94.79 | 96.22  |   97.69   | 94.79  |
+--------------------+-------+-------+--------+-----------+--------+
2026/07/23 18:05:32 - mmengine - INFO - Iter(val) [504/504]    aAcc: 92.2400  mIoU: 87.0900  mAcc: 92.6600  mFscore: 92.9700  mPrecision: 93.3600  mRecall: 92.6600  data_time: 0.0134  time: 0.2210
2026/07/23 18:06:46 - mmengine - INFO - Iter(train) [38100/80000]  base_lr: 2.8915e-05 lr: 2.8915e-05  eta: 7:43:17  time: 0.6407  data_time: 0.0206  memory: 8426  grad_norm: 74.4608  loss: 11.5135  decode.loss_cls: 0.0024  decode.loss_mask: 0.6030  decode.loss_dice: 0.5445  decode.d0.loss_cls: 0.1176  decode.d0.loss_mask: 0.6210  decode.d0.loss_dice: 0.5199  decode.d1.loss_cls: 0.0347  decode.d1.loss_mask: 0.6017  decode.d1.loss_dice: 0.5486  decode.d2.loss_cls: 0.0113  decode.d2.loss_mask: 0.5982  decode.d2.loss_dice: 0.5426  decode.d3.loss_cls: 0.0047  decode.d3.loss_mask: 0.5916  decode.d3.loss_dice: 0.5308  decode.d4.loss_cls: 0.0031  decode.d4.loss_mask: 0.5934  decode.d4.loss_dice: 0.5370  decode.d5.loss_cls: 0.0040  decode.d5.loss_mask: 0.5949  decode.d5.loss_dice: 0.5264  decode.d6.loss_cls: 0.0034  decode.d6.loss_mask: 0.5966  decode.d6.loss_dice: 0.5255  decode.d7.loss_cls: 0.0025  decode.d7.loss_mask: 0.5966  decode.d7.loss_dice: 0.5374  decode.d8.loss_cls: 0.0021  decode.d8.loss_mask: 0.5973  decode.d8.loss_dice: 0.5206
2026/07/23 18:07:57 - mmengine - INFO - Iter(train) [38200/80000]  base_lr: 2.8853e-05 lr: 2.8853e-05  eta: 7:42:15  time: 0.8196  data_time: 0.0256  memory: 8426  grad_norm: 58.7624  loss: 9.2046  decode.loss_cls: 0.0085  decode.loss_mask: 0.4813  decode.loss_dice: 0.4204  decode.d0.loss_cls: 0.1092  decode.d0.loss_mask: 0.4936  decode.d0.loss_dice: 0.4180  decode.d1.loss_cls: 0.0397  decode.d1.loss_mask: 0.4821  decode.d1.loss_dice: 0.4116  decode.d2.loss_cls: 0.0242  decode.d2.loss_mask: 0.4823  decode.d2.loss_dice: 0.4114  decode.d3.loss_cls: 0.0133  decode.d3.loss_mask: 0.4819  decode.d3.loss_dice: 0.4070  decode.d4.loss_cls: 0.0125  decode.d4.loss_mask: 0.4803  decode.d4.loss_dice: 0.4064  decode.d5.loss_cls: 0.0103  decode.d5.loss_mask: 0.4810  decode.d5.loss_dice: 0.4092  decode.d6.loss_cls: 0.0124  decode.d6.loss_mask: 0.4806  decode.d6.loss_dice: 0.4196  decode.d7.loss_cls: 0.0112  decode.d7.loss_mask: 0.4815  decode.d7.loss_dice: 0.4069  decode.d8.loss_cls: 0.0116  decode.d8.loss_mask: 0.4796  decode.d8.loss_dice: 0.4171
2026/07/23 18:09:10 - mmengine - INFO - Iter(train) [38300/80000]  base_lr: 2.8791e-05 lr: 2.8791e-05  eta: 7:41:16  time: 0.7030  data_time: 0.0227  memory: 8435  grad_norm: 46.5640  loss: 8.1299  decode.loss_cls: 0.0004  decode.loss_mask: 0.4495  decode.loss_dice: 0.3490  decode.d0.loss_cls: 0.0598  decode.d0.loss_mask: 0.4713  decode.d0.loss_dice: 0.3637  decode.d1.loss_cls: 0.0049  decode.d1.loss_mask: 0.4528  decode.d1.loss_dice: 0.3602  decode.d2.loss_cls: 0.0019  decode.d2.loss_mask: 0.4533  decode.d2.loss_dice: 0.3549  decode.d3.loss_cls: 0.0009  decode.d3.loss_mask: 0.4487  decode.d3.loss_dice: 0.3500  decode.d4.loss_cls: 0.0008  decode.d4.loss_mask: 0.4488  decode.d4.loss_dice: 0.3491  decode.d5.loss_cls: 0.0005  decode.d5.loss_mask: 0.4534  decode.d5.loss_dice: 0.3530  decode.d6.loss_cls: 0.0003  decode.d6.loss_mask: 0.4500  decode.d6.loss_dice: 0.3473  decode.d7.loss_cls: 0.0004  decode.d7.loss_mask: 0.4506  decode.d7.loss_dice: 0.3524  decode.d8.loss_cls: 0.0006  decode.d8.loss_mask: 0.4512  decode.d8.loss_dice: 0.3504
2026/07/23 18:10:21 - mmengine - INFO - Iter(train) [38400/80000]  base_lr: 2.8729e-05 lr: 2.8729e-05  eta: 7:40:15  time: 0.6993  data_time: 0.0208  memory: 8435  grad_norm: 47.1766  loss: 8.8262  decode.loss_cls: 0.0009  decode.loss_mask: 0.4690  decode.loss_dice: 0.4011  decode.d0.loss_cls: 0.0821  decode.d0.loss_mask: 0.4846  decode.d0.loss_dice: 0.4139  decode.d1.loss_cls: 0.0106  decode.d1.loss_mask: 0.4710  decode.d1.loss_dice: 0.4015  decode.d2.loss_cls: 0.0009  decode.d2.loss_mask: 0.4643  decode.d2.loss_dice: 0.4002  decode.d3.loss_cls: 0.0006  decode.d3.loss_mask: 0.4698  decode.d3.loss_dice: 0.4061  decode.d4.loss_cls: 0.0006  decode.d4.loss_mask: 0.4695  decode.d4.loss_dice: 0.4075  decode.d5.loss_cls: 0.0006  decode.d5.loss_mask: 0.4675  decode.d5.loss_dice: 0.4007  decode.d6.loss_cls: 0.0006  decode.d6.loss_mask: 0.4686  decode.d6.loss_dice: 0.4023  decode.d7.loss_cls: 0.0007  decode.d7.loss_mask: 0.4624  decode.d7.loss_dice: 0.3985  decode.d8.loss_cls: 0.0006  decode.d8.loss_mask: 0.4664  decode.d8.loss_dice: 0.4032
2026/07/23 18:11:33 - mmengine - INFO - Iter(train) [38500/80000]  base_lr: 2.8667e-05 lr: 2.8667e-05  eta: 7:39:14  time: 0.7628  data_time: 0.0236  memory: 8426  grad_norm: 45.4107  loss: 7.9364  decode.loss_cls: 0.0004  decode.loss_mask: 0.4152  decode.loss_dice: 0.3696  decode.d0.loss_cls: 0.0865  decode.d0.loss_mask: 0.4305  decode.d0.loss_dice: 0.3810  decode.d1.loss_cls: 0.0211  decode.d1.loss_mask: 0.4191  decode.d1.loss_dice: 0.3654  decode.d2.loss_cls: 0.0074  decode.d2.loss_mask: 0.4117  decode.d2.loss_dice: 0.3699  decode.d3.loss_cls: 0.0081  decode.d3.loss_mask: 0.4128  decode.d3.loss_dice: 0.3567  decode.d4.loss_cls: 0.0012  decode.d4.loss_mask: 0.4132  decode.d4.loss_dice: 0.3593  decode.d5.loss_cls: 0.0103  decode.d5.loss_mask: 0.4116  decode.d5.loss_dice: 0.3576  decode.d6.loss_cls: 0.0011  decode.d6.loss_mask: 0.4112  decode.d6.loss_dice: 0.3638  decode.d7.loss_cls: 0.0006  decode.d7.loss_mask: 0.4109  decode.d7.loss_dice: 0.3684  decode.d8.loss_cls: 0.0004  decode.d8.loss_mask: 0.4123  decode.d8.loss_dice: 0.3591
2026/07/23 18:12:45 - mmengine - INFO - Iter(train) [38600/80000]  base_lr: 2.8604e-05 lr: 2.8604e-05  eta: 7:38:14  time: 0.7115  data_time: 0.0233  memory: 8435  grad_norm: 54.8017  loss: 10.3563  decode.loss_cls: 0.0258  decode.loss_mask: 0.5019  decode.loss_dice: 0.4608  decode.d0.loss_cls: 0.1097  decode.d0.loss_mask: 0.6137  decode.d0.loss_dice: 0.5619  decode.d1.loss_cls: 0.0785  decode.d1.loss_mask: 0.5237  decode.d1.loss_dice: 0.4892  decode.d2.loss_cls: 0.0530  decode.d2.loss_mask: 0.5163  decode.d2.loss_dice: 0.4836  decode.d3.loss_cls: 0.0360  decode.d3.loss_mask: 0.5062  decode.d3.loss_dice: 0.4680  decode.d4.loss_cls: 0.0198  decode.d4.loss_mask: 0.5038  decode.d4.loss_dice: 0.4727  decode.d5.loss_cls: 0.0252  decode.d5.loss_mask: 0.5010  decode.d5.loss_dice: 0.4650  decode.d6.loss_cls: 0.0265  decode.d6.loss_mask: 0.5022  decode.d6.loss_dice: 0.4591  decode.d7.loss_cls: 0.0210  decode.d7.loss_mask: 0.5004  decode.d7.loss_dice: 0.4625  decode.d8.loss_cls: 0.0192  decode.d8.loss_mask: 0.4993  decode.d8.loss_dice: 0.4507
2026/07/23 18:13:55 - mmengine - INFO - Iter(train) [38700/80000]  base_lr: 2.8542e-05 lr: 2.8542e-05  eta: 7:37:11  time: 0.6672  data_time: 0.0203  memory: 8435  grad_norm: 60.9137  loss: 7.4292  decode.loss_cls: 0.0081  decode.loss_mask: 0.3791  decode.loss_dice: 0.3369  decode.d0.loss_cls: 0.1430  decode.d0.loss_mask: 0.4102  decode.d0.loss_dice: 0.3533  decode.d1.loss_cls: 0.0258  decode.d1.loss_mask: 0.3847  decode.d1.loss_dice: 0.3305  decode.d2.loss_cls: 0.0264  decode.d2.loss_mask: 0.3783  decode.d2.loss_dice: 0.3407  decode.d3.loss_cls: 0.0095  decode.d3.loss_mask: 0.3769  decode.d3.loss_dice: 0.3351  decode.d4.loss_cls: 0.0114  decode.d4.loss_mask: 0.3791  decode.d4.loss_dice: 0.3406  decode.d5.loss_cls: 0.0069  decode.d5.loss_mask: 0.3788  decode.d5.loss_dice: 0.3315  decode.d6.loss_cls: 0.0110  decode.d6.loss_mask: 0.3770  decode.d6.loss_dice: 0.3285  decode.d7.loss_cls: 0.0118  decode.d7.loss_mask: 0.3766  decode.d7.loss_dice: 0.3324  decode.d8.loss_cls: 0.0105  decode.d8.loss_mask: 0.3742  decode.d8.loss_dice: 0.3203
2026/07/23 18:15:05 - mmengine - INFO - Iter(train) [38800/80000]  base_lr: 2.8480e-05 lr: 2.8480e-05  eta: 7:36:09  time: 0.7873  data_time: 0.0250  memory: 8435  grad_norm: 61.5122  loss: 8.9780  decode.loss_cls: 0.0108  decode.loss_mask: 0.4876  decode.loss_dice: 0.3752  decode.d0.loss_cls: 0.1212  decode.d0.loss_mask: 0.5381  decode.d0.loss_dice: 0.4075  decode.d1.loss_cls: 0.0328  decode.d1.loss_mask: 0.4923  decode.d1.loss_dice: 0.3830  decode.d2.loss_cls: 0.0135  decode.d2.loss_mask: 0.4938  decode.d2.loss_dice: 0.3814  decode.d3.loss_cls: 0.0117  decode.d3.loss_mask: 0.4912  decode.d3.loss_dice: 0.3763  decode.d4.loss_cls: 0.0099  decode.d4.loss_mask: 0.4938  decode.d4.loss_dice: 0.3730  decode.d5.loss_cls: 0.0075  decode.d5.loss_mask: 0.4914  decode.d5.loss_dice: 0.3746  decode.d6.loss_cls: 0.0089  decode.d6.loss_mask: 0.4887  decode.d6.loss_dice: 0.3714  decode.d7.loss_cls: 0.0112  decode.d7.loss_mask: 0.4869  decode.d7.loss_dice: 0.3707  decode.d8.loss_cls: 0.0117  decode.d8.loss_mask: 0.4888  decode.d8.loss_dice: 0.3732
2026/07/23 18:16:18 - mmengine - INFO - Iter(train) [38900/80000]  base_lr: 2.8418e-05 lr: 2.8418e-05  eta: 7:35:10  time: 0.6520  data_time: 0.0195  memory: 8435  grad_norm: 78.6753  loss: 7.4808  decode.loss_cls: 0.0025  decode.loss_mask: 0.4320  decode.loss_dice: 0.3034  decode.d0.loss_cls: 0.1600  decode.d0.loss_mask: 0.4497  decode.d0.loss_dice: 0.3439  decode.d1.loss_cls: 0.0349  decode.d1.loss_mask: 0.4044  decode.d1.loss_dice: 0.2913  decode.d2.loss_cls: 0.0088  decode.d2.loss_mask: 0.4124  decode.d2.loss_dice: 0.2916  decode.d3.loss_cls: 0.0069  decode.d3.loss_mask: 0.4212  decode.d3.loss_dice: 0.2945  decode.d4.loss_cls: 0.0124  decode.d4.loss_mask: 0.4144  decode.d4.loss_dice: 0.2900  decode.d5.loss_cls: 0.0099  decode.d5.loss_mask: 0.4109  decode.d5.loss_dice: 0.2873  decode.d6.loss_cls: 0.0097  decode.d6.loss_mask: 0.4175  decode.d6.loss_dice: 0.2843  decode.d7.loss_cls: 0.0071  decode.d7.loss_mask: 0.4341  decode.d7.loss_dice: 0.3117  decode.d8.loss_cls: 0.0148  decode.d8.loss_mask: 0.4160  decode.d8.loss_dice: 0.3030
2026/07/23 18:17:24 - mmengine - INFO - Exp name: fusion_vits_m2f_9999_20260723_101840
2026/07/23 18:17:24 - mmengine - INFO - Iter(train) [39000/80000]  base_lr: 2.8356e-05 lr: 2.8356e-05  eta: 7:34:02  time: 0.6367  data_time: 0.0181  memory: 8426  grad_norm: 56.1296  loss: 8.6823  decode.loss_cls: 0.0012  decode.loss_mask: 0.4866  decode.loss_dice: 0.3769  decode.d0.loss_cls: 0.0984  decode.d0.loss_mask: 0.5052  decode.d0.loss_dice: 0.3827  decode.d1.loss_cls: 0.0220  decode.d1.loss_mask: 0.4897  decode.d1.loss_dice: 0.3619  decode.d2.loss_cls: 0.0040  decode.d2.loss_mask: 0.4853  decode.d2.loss_dice: 0.3551  decode.d3.loss_cls: 0.0115  decode.d3.loss_mask: 0.4881  decode.d3.loss_dice: 0.3597  decode.d4.loss_cls: 0.0106  decode.d4.loss_mask: 0.4880  decode.d4.loss_dice: 0.3500  decode.d5.loss_cls: 0.0103  decode.d5.loss_mask: 0.4876  decode.d5.loss_dice: 0.3589  decode.d6.loss_cls: 0.0005  decode.d6.loss_mask: 0.4913  decode.d6.loss_dice: 0.3478  decode.d7.loss_cls: 0.0007  decode.d7.loss_mask: 0.4917  decode.d7.loss_dice: 0.3606  decode.d8.loss_cls: 0.0011  decode.d8.loss_mask: 0.4880  decode.d8.loss_dice: 0.3670
2026/07/23 18:18:33 - mmengine - INFO - Iter(train) [39100/80000]  base_lr: 2.8293e-05 lr: 2.8293e-05  eta: 7:32:58  time: 0.7279  data_time: 0.0235  memory: 8435  grad_norm: 73.7119  loss: 10.3478  decode.loss_cls: 0.0019  decode.loss_mask: 0.5715  decode.loss_dice: 0.4342  decode.d0.loss_cls: 0.0990  decode.d0.loss_mask: 0.6239  decode.d0.loss_dice: 0.4810  decode.d1.loss_cls: 0.0244  decode.d1.loss_mask: 0.5751  decode.d1.loss_dice: 0.4433  decode.d2.loss_cls: 0.0130  decode.d2.loss_mask: 0.5731  decode.d2.loss_dice: 0.4418  decode.d3.loss_cls: 0.0026  decode.d3.loss_mask: 0.5743  decode.d3.loss_dice: 0.4463  decode.d4.loss_cls: 0.0015  decode.d4.loss_mask: 0.5708  decode.d4.loss_dice: 0.4386  decode.d5.loss_cls: 0.0022  decode.d5.loss_mask: 0.5695  decode.d5.loss_dice: 0.4381  decode.d6.loss_cls: 0.0011  decode.d6.loss_mask: 0.5668  decode.d6.loss_dice: 0.4375  decode.d7.loss_cls: 0.0026  decode.d7.loss_mask: 0.5674  decode.d7.loss_dice: 0.4321  decode.d8.loss_cls: 0.0031  decode.d8.loss_mask: 0.5713  decode.d8.loss_dice: 0.4397
2026/07/23 18:19:45 - mmengine - INFO - Iter(train) [39200/80000]  base_lr: 2.8231e-05 lr: 2.8231e-05  eta: 7:31:57  time: 0.6626  data_time: 0.0202  memory: 8435  grad_norm: 41.7322  loss: 7.1406  decode.loss_cls: 0.0006  decode.loss_mask: 0.4005  decode.loss_dice: 0.2907  decode.d0.loss_cls: 0.0893  decode.d0.loss_mask: 0.4254  decode.d0.loss_dice: 0.3173  decode.d1.loss_cls: 0.0139  decode.d1.loss_mask: 0.4046  decode.d1.loss_dice: 0.2974  decode.d2.loss_cls: 0.0087  decode.d2.loss_mask: 0.4005  decode.d2.loss_dice: 0.3026  decode.d3.loss_cls: 0.0009  decode.d3.loss_mask: 0.4031  decode.d3.loss_dice: 0.2945  decode.d4.loss_cls: 0.0003  decode.d4.loss_mask: 0.4015  decode.d4.loss_dice: 0.2908  decode.d5.loss_cls: 0.0003  decode.d5.loss_mask: 0.4055  decode.d5.loss_dice: 0.2994  decode.d6.loss_cls: 0.0004  decode.d6.loss_mask: 0.4026  decode.d6.loss_dice: 0.2922  decode.d7.loss_cls: 0.0006  decode.d7.loss_mask: 0.4021  decode.d7.loss_dice: 0.2943  decode.d8.loss_cls: 0.0007  decode.d8.loss_mask: 0.4036  decode.d8.loss_dice: 0.2959
2026/07/23 18:20:55 - mmengine - INFO - Iter(train) [39300/80000]  base_lr: 2.8169e-05 lr: 2.8169e-05  eta: 7:30:55  time: 0.6572  data_time: 0.0192  memory: 8435  grad_norm: 45.6827  loss: 7.4530  decode.loss_cls: 0.0004  decode.loss_mask: 0.3986  decode.loss_dice: 0.3229  decode.d0.loss_cls: 0.1156  decode.d0.loss_mask: 0.4345  decode.d0.loss_dice: 0.3525  decode.d1.loss_cls: 0.0215  decode.d1.loss_mask: 0.4074  decode.d1.loss_dice: 0.3241  decode.d2.loss_cls: 0.0014  decode.d2.loss_mask: 0.4018  decode.d2.loss_dice: 0.3337  decode.d3.loss_cls: 0.0003  decode.d3.loss_mask: 0.4032  decode.d3.loss_dice: 0.3265  decode.d4.loss_cls: 0.0002  decode.d4.loss_mask: 0.3982  decode.d4.loss_dice: 0.3277  decode.d5.loss_cls: 0.0002  decode.d5.loss_mask: 0.3966  decode.d5.loss_dice: 0.3281  decode.d6.loss_cls: 0.0001  decode.d6.loss_mask: 0.3958  decode.d6.loss_dice: 0.3221  decode.d7.loss_cls: 0.0002  decode.d7.loss_mask: 0.3973  decode.d7.loss_dice: 0.3211  decode.d8.loss_cls: 0.0003  decode.d8.loss_mask: 0.3992  decode.d8.loss_dice: 0.3217
2026/07/23 18:22:08 - mmengine - INFO - Iter(train) [39400/80000]  base_lr: 2.8107e-05 lr: 2.8107e-05  eta: 7:29:55  time: 0.7634  data_time: 0.0245  memory: 8426  grad_norm: 39.0444  loss: 7.1708  decode.loss_cls: 0.0005  decode.loss_mask: 0.3713  decode.loss_dice: 0.3336  decode.d0.loss_cls: 0.0921  decode.d0.loss_mask: 0.3883  decode.d0.loss_dice: 0.3568  decode.d1.loss_cls: 0.0119  decode.d1.loss_mask: 0.3744  decode.d1.loss_dice: 0.3280  decode.d2.loss_cls: 0.0183  decode.d2.loss_mask: 0.3685  decode.d2.loss_dice: 0.3283  decode.d3.loss_cls: 0.0048  decode.d3.loss_mask: 0.3700  decode.d3.loss_dice: 0.3267  decode.d4.loss_cls: 0.0008  decode.d4.loss_mask: 0.3711  decode.d4.loss_dice: 0.3242  decode.d5.loss_cls: 0.0006  decode.d5.loss_mask: 0.3707  decode.d5.loss_dice: 0.3259  decode.d6.loss_cls: 0.0003  decode.d6.loss_mask: 0.3717  decode.d6.loss_dice: 0.3276  decode.d7.loss_cls: 0.0003  decode.d7.loss_mask: 0.3716  decode.d7.loss_dice: 0.3286  decode.d8.loss_cls: 0.0002  decode.d8.loss_mask: 0.3689  decode.d8.loss_dice: 0.3348
2026/07/23 18:23:19 - mmengine - INFO - Iter(train) [39500/80000]  base_lr: 2.8044e-05 lr: 2.8044e-05  eta: 7:28:53  time: 0.7024  data_time: 0.0196  memory: 8435  grad_norm: 54.8273  loss: 9.1305  decode.loss_cls: 0.0004  decode.loss_mask: 0.4881  decode.loss_dice: 0.4079  decode.d0.loss_cls: 0.0848  decode.d0.loss_mask: 0.5031  decode.d0.loss_dice: 0.4253  decode.d1.loss_cls: 0.0122  decode.d1.loss_mask: 0.4884  decode.d1.loss_dice: 0.4268  decode.d2.loss_cls: 0.0042  decode.d2.loss_mask: 0.4897  decode.d2.loss_dice: 0.4087  decode.d3.loss_cls: 0.0011  decode.d3.loss_mask: 0.4890  decode.d3.loss_dice: 0.4077  decode.d4.loss_cls: 0.0007  decode.d4.loss_mask: 0.4880  decode.d4.loss_dice: 0.4070  decode.d5.loss_cls: 0.0010  decode.d5.loss_mask: 0.4915  decode.d5.loss_dice: 0.4082  decode.d6.loss_cls: 0.0003  decode.d6.loss_mask: 0.4913  decode.d6.loss_dice: 0.4067  decode.d7.loss_cls: 0.0003  decode.d7.loss_mask: 0.4904  decode.d7.loss_dice: 0.4095  decode.d8.loss_cls: 0.0003  decode.d8.loss_mask: 0.4901  decode.d8.loss_dice: 0.4080
2026/07/23 18:24:29 - mmengine - INFO - Iter(train) [39600/80000]  base_lr: 2.7982e-05 lr: 2.7982e-05  eta: 7:27:50  time: 0.7083  data_time: 0.0231  memory: 8435  grad_norm: 35.0703  loss: 5.7703  decode.loss_cls: 0.0002  decode.loss_mask: 0.3057  decode.loss_dice: 0.2663  decode.d0.loss_cls: 0.1016  decode.d0.loss_mask: 0.3260  decode.d0.loss_dice: 0.2737  decode.d1.loss_cls: 0.0107  decode.d1.loss_mask: 0.3074  decode.d1.loss_dice: 0.2485  decode.d2.loss_cls: 0.0092  decode.d2.loss_mask: 0.3070  decode.d2.loss_dice: 0.2537  decode.d3.loss_cls: 0.0005  decode.d3.loss_mask: 0.3072  decode.d3.loss_dice: 0.2523  decode.d4.loss_cls: 0.0003  decode.d4.loss_mask: 0.3043  decode.d4.loss_dice: 0.2506  decode.d5.loss_cls: 0.0002  decode.d5.loss_mask: 0.3072  decode.d5.loss_dice: 0.2576  decode.d6.loss_cls: 0.0002  decode.d6.loss_mask: 0.3087  decode.d6.loss_dice: 0.2501  decode.d7.loss_cls: 0.0002  decode.d7.loss_mask: 0.3081  decode.d7.loss_dice: 0.2515  decode.d8.loss_cls: 0.0002  decode.d8.loss_mask: 0.3060  decode.d8.loss_dice: 0.2551
2026/07/23 18:25:38 - mmengine - INFO - Iter(train) [39700/80000]  base_lr: 2.7920e-05 lr: 2.7920e-05  eta: 7:26:46  time: 0.7414  data_time: 0.0204  memory: 8435  grad_norm: 39.1573  loss: 7.4332  decode.loss_cls: 0.0016  decode.loss_mask: 0.3829  decode.loss_dice: 0.3450  decode.d0.loss_cls: 0.1132  decode.d0.loss_mask: 0.4018  decode.d0.loss_dice: 0.3690  decode.d1.loss_cls: 0.0194  decode.d1.loss_mask: 0.3884  decode.d1.loss_dice: 0.3401  decode.d2.loss_cls: 0.0043  decode.d2.loss_mask: 0.3822  decode.d2.loss_dice: 0.3456  decode.d3.loss_cls: 0.0026  decode.d3.loss_mask: 0.3798  decode.d3.loss_dice: 0.3487  decode.d4.loss_cls: 0.0018  decode.d4.loss_mask: 0.3781  decode.d4.loss_dice: 0.3227  decode.d5.loss_cls: 0.0026  decode.d5.loss_mask: 0.3797  decode.d5.loss_dice: 0.3424  decode.d6.loss_cls: 0.0027  decode.d6.loss_mask: 0.3787  decode.d6.loss_dice: 0.3470  decode.d7.loss_cls: 0.0022  decode.d7.loss_mask: 0.3802  decode.d7.loss_dice: 0.3407  decode.d8.loss_cls: 0.0024  decode.d8.loss_mask: 0.3819  decode.d8.loss_dice: 0.3453
2026/07/23 18:26:53 - mmengine - INFO - Iter(train) [39800/80000]  base_lr: 2.7857e-05 lr: 2.7857e-05  eta: 7:25:48  time: 0.6941  data_time: 0.0214  memory: 8435  grad_norm: 74.7114  loss: 10.0223  decode.loss_cls: 0.0144  decode.loss_mask: 0.5390  decode.loss_dice: 0.4377  decode.d0.loss_cls: 0.1430  decode.d0.loss_mask: 0.5833  decode.d0.loss_dice: 0.4416  decode.d1.loss_cls: 0.0483  decode.d1.loss_mask: 0.5404  decode.d1.loss_dice: 0.4239  decode.d2.loss_cls: 0.0260  decode.d2.loss_mask: 0.5439  decode.d2.loss_dice: 0.4333  decode.d3.loss_cls: 0.0067  decode.d3.loss_mask: 0.5434  decode.d3.loss_dice: 0.4198  decode.d4.loss_cls: 0.0110  decode.d4.loss_mask: 0.5395  decode.d4.loss_dice: 0.4143  decode.d5.loss_cls: 0.0142  decode.d5.loss_mask: 0.5348  decode.d5.loss_dice: 0.4226  decode.d6.loss_cls: 0.0124  decode.d6.loss_mask: 0.5373  decode.d6.loss_dice: 0.4255  decode.d7.loss_cls: 0.0120  decode.d7.loss_mask: 0.5437  decode.d7.loss_dice: 0.4212  decode.d8.loss_cls: 0.0145  decode.d8.loss_mask: 0.5411  decode.d8.loss_dice: 0.4334
2026/07/23 18:27:59 - mmengine - INFO - Iter(train) [39900/80000]  base_lr: 2.7795e-05 lr: 2.7795e-05  eta: 7:24:41  time: 0.6206  data_time: 0.0167  memory: 8426  grad_norm: 47.2991  loss: 7.3740  decode.loss_cls: 0.0002  decode.loss_mask: 0.4149  decode.loss_dice: 0.3036  decode.d0.loss_cls: 0.0821  decode.d0.loss_mask: 0.4331  decode.d0.loss_dice: 0.3101  decode.d1.loss_cls: 0.0030  decode.d1.loss_mask: 0.4246  decode.d1.loss_dice: 0.3228  decode.d2.loss_cls: 0.0004  decode.d2.loss_mask: 0.4220  decode.d2.loss_dice: 0.3172  decode.d3.loss_cls: 0.0003  decode.d3.loss_mask: 0.4160  decode.d3.loss_dice: 0.3095  decode.d4.loss_cls: 0.0003  decode.d4.loss_mask: 0.4161  decode.d4.loss_dice: 0.3060  decode.d5.loss_cls: 0.0002  decode.d5.loss_mask: 0.4183  decode.d5.loss_dice: 0.3086  decode.d6.loss_cls: 0.0002  decode.d6.loss_mask: 0.4152  decode.d6.loss_dice: 0.3035  decode.d7.loss_cls: 0.0003  decode.d7.loss_mask: 0.4168  decode.d7.loss_dice: 0.3062  decode.d8.loss_cls: 0.0002  decode.d8.loss_mask: 0.4164  decode.d8.loss_dice: 0.3059
2026/07/23 18:29:01 - mmengine - INFO - Exp name: fusion_vits_m2f_9999_20260723_101840
2026/07/23 18:29:01 - mmengine - INFO - Iter(train) [40000/80000]  base_lr: 2.7732e-05 lr: 2.7732e-05  eta: 7:23:30  time: 0.6246  data_time: 0.0177  memory: 8435  grad_norm: 42.0283  loss: 7.7599  decode.loss_cls: 0.0001  decode.loss_mask: 0.4247  decode.loss_dice: 0.3395  decode.d0.loss_cls: 0.0617  decode.d0.loss_mask: 0.4347  decode.d0.loss_dice: 0.3533  decode.d1.loss_cls: 0.0128  decode.d1.loss_mask: 0.4226  decode.d1.loss_dice: 0.3463  decode.d2.loss_cls: 0.0025  decode.d2.loss_mask: 0.4247  decode.d2.loss_dice: 0.3467  decode.d3.loss_cls: 0.0004  decode.d3.loss_mask: 0.4229  decode.d3.loss_dice: 0.3441  decode.d4.loss_cls: 0.0002  decode.d4.loss_mask: 0.4232  decode.d4.loss_dice: 0.3472  decode.d5.loss_cls: 0.0001  decode.d5.loss_mask: 0.4241  decode.d5.loss_dice: 0.3427  decode.d6.loss_cls: 0.0001  decode.d6.loss_mask: 0.4204  decode.d6.loss_dice: 0.3378  decode.d7.loss_cls: 0.0001  decode.d7.loss_mask: 0.4235  decode.d7.loss_dice: 0.3396  decode.d8.loss_cls: 0.0001  decode.d8.loss_mask: 0.4221  decode.d8.loss_dice: 0.3418
2026/07/23 18:29:02 - mmengine - INFO - Saving checkpoint at 40000 iterations
2026/07/23 18:30:04 - mmengine - INFO - Iter(val) [100/504]    eta: 0:01:31  time: 0.2070  data_time: 0.0089  memory: 3244  
2026/07/23 18:30:25 - mmengine - INFO - Iter(val) [200/504]    eta: 0:01:06  time: 0.2088  data_time: 0.0098  memory: 3244  
2026/07/23 18:30:47 - mmengine - INFO - Iter(val) [300/504]    eta: 0:00:45  time: 0.3041  data_time: 0.1073  memory: 3244  
2026/07/23 18:31:09 - mmengine - INFO - Iter(val) [400/504]    eta: 0:00:22  time: 0.2035  data_time: 0.0079  memory: 3244  
2026/07/23 18:31:35 - mmengine - INFO - Iter(val) [500/504]    eta: 0:00:00  time: 0.2043  data_time: 0.0080  memory: 3244  
2026/07/23 18:31:41 - mmengine - INFO - per class results:
2026/07/23 18:31:41 - mmengine - INFO - 
+--------------------+-------+-------+--------+-----------+--------+
|       Class        |  IoU  |  Acc  | Fscore | Precision | Recall |
+--------------------+-------+-------+--------+-----------+--------+
| impervious_surface | 87.05 | 93.87 | 93.07  |   92.29   | 93.87  |
|      building      | 95.08 | 98.08 | 97.48  |   96.88   | 98.08  |
|   low_vegetation   | 78.81 | 92.22 | 88.15  |   84.43   | 92.22  |
|        tree        | 77.92 | 81.69 | 87.59  |   94.41   | 81.69  |
|        car         | 93.21 | 96.45 | 96.49  |   96.52   | 96.45  |
+--------------------+-------+-------+--------+-----------+--------+
2026/07/23 18:31:41 - mmengine - INFO - Iter(val) [504/504]    aAcc: 91.7100  mIoU: 86.4100  mAcc: 92.4600  mFscore: 92.5600  mPrecision: 92.9100  mRecall: 92.4600  data_time: 0.0301  time: 0.2287
2026/07/23 18:32:44 - mmengine - INFO - Iter(train) [40100/80000]  base_lr: 2.7670e-05 lr: 2.7670e-05  eta: 7:22:25  time: 0.6235  data_time: 0.0182  memory: 8435  grad_norm: 53.3025  loss: 7.7750  decode.loss_cls: 0.0014  decode.loss_mask: 0.4119  decode.loss_dice: 0.3507  decode.d0.loss_cls: 0.0914  decode.d0.loss_mask: 0.4480  decode.d0.loss_dice: 0.3613  decode.d1.loss_cls: 0.0176  decode.d1.loss_mask: 0.4196  decode.d1.loss_dice: 0.3445  decode.d2.loss_cls: 0.0103  decode.d2.loss_mask: 0.4138  decode.d2.loss_dice: 0.3454  decode.d3.loss_cls: 0.0060  decode.d3.loss_mask: 0.4116  decode.d3.loss_dice: 0.3364  decode.d4.loss_cls: 0.0041  decode.d4.loss_mask: 0.4101  decode.d4.loss_dice: 0.3369  decode.d5.loss_cls: 0.0015  decode.d5.loss_mask: 0.4102  decode.d5.loss_dice: 0.3496  decode.d6.loss_cls: 0.0079  decode.d6.loss_mask: 0.4130  decode.d6.loss_dice: 0.3446  decode.d7.loss_cls: 0.0016  decode.d7.loss_mask: 0.4095  decode.d7.loss_dice: 0.3494  decode.d8.loss_cls: 0.0014  decode.d8.loss_mask: 0.4103  decode.d8.loss_dice: 0.3551
2026/07/23 18:33:46 - mmengine - INFO - Iter(train) [40200/80000]  base_lr: 2.7608e-05 lr: 2.7608e-05  eta: 7:21:14  time: 0.6221  data_time: 0.0169  memory: 8426  grad_norm: 40.8356  loss: 6.2349  decode.loss_cls: 0.0003  decode.loss_mask: 0.3122  decode.loss_dice: 0.2943  decode.d0.loss_cls: 0.1351  decode.d0.loss_mask: 0.3197  decode.d0.loss_dice: 0.3095  decode.d1.loss_cls: 0.0184  decode.d1.loss_mask: 0.3100  decode.d1.loss_dice: 0.3056  decode.d2.loss_cls: 0.0091  decode.d2.loss_mask: 0.3122  decode.d2.loss_dice: 0.2918  decode.d3.loss_cls: 0.0006  decode.d3.loss_mask: 0.3099  decode.d3.loss_dice: 0.2925  decode.d4.loss_cls: 0.0006  decode.d4.loss_mask: 0.3101  decode.d4.loss_dice: 0.2852  decode.d5.loss_cls: 0.0004  decode.d5.loss_mask: 0.3130  decode.d5.loss_dice: 0.2977  decode.d6.loss_cls: 0.0003  decode.d6.loss_mask: 0.3138  decode.d6.loss_dice: 0.2837  decode.d7.loss_cls: 0.0004  decode.d7.loss_mask: 0.3142  decode.d7.loss_dice: 0.2842  decode.d8.loss_cls: 0.0003  decode.d8.loss_mask: 0.3135  decode.d8.loss_dice: 0.2964
2026/07/23 18:34:49 - mmengine - INFO - Iter(train) [40300/80000]  base_lr: 2.7545e-05 lr: 2.7545e-05  eta: 7:20:04  time: 0.6293  data_time: 0.0184  memory: 8435  grad_norm: 60.9932  loss: 11.8049  decode.loss_cls: 0.0113  decode.loss_mask: 0.6709  decode.loss_dice: 0.4609  decode.d0.loss_cls: 0.1997  decode.d0.loss_mask: 0.7664  decode.d0.loss_dice: 0.5103  decode.d1.loss_cls: 0.0574  decode.d1.loss_mask: 0.6781  decode.d1.loss_dice: 0.4583  decode.d2.loss_cls: 0.0220  decode.d2.loss_mask: 0.6728  decode.d2.loss_dice: 0.4592  decode.d3.loss_cls: 0.0216  decode.d3.loss_mask: 0.6664  decode.d3.loss_dice: 0.4575  decode.d4.loss_cls: 0.0132  decode.d4.loss_mask: 0.6655  decode.d4.loss_dice: 0.4613  decode.d5.loss_cls: 0.0104  decode.d5.loss_mask: 0.6621  decode.d5.loss_dice: 0.4589  decode.d6.loss_cls: 0.0155  decode.d6.loss_mask: 0.6676  decode.d6.loss_dice: 0.4562  decode.d7.loss_cls: 0.0102  decode.d7.loss_mask: 0.6722  decode.d7.loss_dice: 0.4580  decode.d8.loss_cls: 0.0104  decode.d8.loss_mask: 0.6739  decode.d8.loss_dice: 0.4569
2026/07/23 18:35:52 - mmengine - INFO - Iter(train) [40400/80000]  base_lr: 2.7483e-05 lr: 2.7483e-05  eta: 7:18:54  time: 0.6070  data_time: 0.0171  memory: 8435  grad_norm: 39.5171  loss: 5.3323  decode.loss_cls: 0.0129  decode.loss_mask: 0.2680  decode.loss_dice: 0.2170  decode.d0.loss_cls: 0.2211  decode.d0.loss_mask: 0.2849  decode.d0.loss_dice: 0.2558  decode.d1.loss_cls: 0.0274  decode.d1.loss_mask: 0.2690  decode.d1.loss_dice: 0.2207  decode.d2.loss_cls: 0.0174  decode.d2.loss_mask: 0.2701  decode.d2.loss_dice: 0.2230  decode.d3.loss_cls: 0.0129  decode.d3.loss_mask: 0.2705  decode.d3.loss_dice: 0.2332  decode.d4.loss_cls: 0.0132  decode.d4.loss_mask: 0.2676  decode.d4.loss_dice: 0.2318  decode.d5.loss_cls: 0.0047  decode.d5.loss_mask: 0.2703  decode.d5.loss_dice: 0.2221  decode.d6.loss_cls: 0.0074  decode.d6.loss_mask: 0.2723  decode.d6.loss_dice: 0.2297  decode.d7.loss_cls: 0.0080  decode.d7.loss_mask: 0.2739  decode.d7.loss_dice: 0.2273  decode.d8.loss_cls: 0.0116  decode.d8.loss_mask: 0.2721  decode.d8.loss_dice: 0.2163
2026/07/23 18:36:55 - mmengine - INFO - Iter(train) [40500/80000]  base_lr: 2.7420e-05 lr: 2.7420e-05  eta: 7:17:44  time: 0.6294  data_time: 0.0165  memory: 8435  grad_norm: 53.0623  loss: 7.4503  decode.loss_cls: 0.0048  decode.loss_mask: 0.3566  decode.loss_dice: 0.3654  decode.d0.loss_cls: 0.1014  decode.d0.loss_mask: 0.3778  decode.d0.loss_dice: 0.3894  decode.d1.loss_cls: 0.0116  decode.d1.loss_mask: 0.3584  decode.d1.loss_dice: 0.3733  decode.d2.loss_cls: 0.0170  decode.d2.loss_mask: 0.3539  decode.d2.loss_dice: 0.3769  decode.d3.loss_cls: 0.0058  decode.d3.loss_mask: 0.3531  decode.d3.loss_dice: 0.3753  decode.d4.loss_cls: 0.0049  decode.d4.loss_mask: 0.3520  decode.d4.loss_dice: 0.3614  decode.d5.loss_cls: 0.0043  decode.d5.loss_mask: 0.3516  decode.d5.loss_dice: 0.3620  decode.d6.loss_cls: 0.0117  decode.d6.loss_mask: 0.3537  decode.d6.loss_dice: 0.3615  decode.d7.loss_cls: 0.0143  decode.d7.loss_mask: 0.3514  decode.d7.loss_dice: 0.3648  decode.d8.loss_cls: 0.0049  decode.d8.loss_mask: 0.3564  decode.d8.loss_dice: 0.3743
2026/07/23 18:37:58 - mmengine - INFO - Iter(train) [40600/80000]  base_lr: 2.7358e-05 lr: 2.7358e-05  eta: 7:16:34  time: 0.6251  data_time: 0.0163  memory: 8435  grad_norm: 50.5573  loss: 8.6575  decode.loss_cls: 0.0004  decode.loss_mask: 0.4778  decode.loss_dice: 0.3665  decode.d0.loss_cls: 0.1161  decode.d0.loss_mask: 0.4961  decode.d0.loss_dice: 0.3791  decode.d1.loss_cls: 0.0093  decode.d1.loss_mask: 0.4786  decode.d1.loss_dice: 0.3693  decode.d2.loss_cls: 0.0018  decode.d2.loss_mask: 0.4804  decode.d2.loss_dice: 0.3802  decode.d3.loss_cls: 0.0009  decode.d3.loss_mask: 0.4753  decode.d3.loss_dice: 0.3798  decode.d4.loss_cls: 0.0005  decode.d4.loss_mask: 0.4763  decode.d4.loss_dice: 0.3657  decode.d5.loss_cls: 0.0003  decode.d5.loss_mask: 0.4780  decode.d5.loss_dice: 0.3699  decode.d6.loss_cls: 0.0006  decode.d6.loss_mask: 0.4734  decode.d6.loss_dice: 0.3644  decode.d7.loss_cls: 0.0003  decode.d7.loss_mask: 0.4775  decode.d7.loss_dice: 0.3728  decode.d8.loss_cls: 0.0006  decode.d8.loss_mask: 0.4806  decode.d8.loss_dice: 0.3850
2026/07/23 18:39:05 - mmengine - INFO - Iter(train) [40700/80000]  base_lr: 2.7295e-05 lr: 2.7295e-05  eta: 7:15:28  time: 0.6263  data_time: 0.0182  memory: 8426  grad_norm: 62.9944  loss: 9.2426  decode.loss_cls: 0.0002  decode.loss_mask: 0.5054  decode.loss_dice: 0.3997  decode.d0.loss_cls: 0.1076  decode.d0.loss_mask: 0.5440  decode.d0.loss_dice: 0.4028  decode.d1.loss_cls: 0.0065  decode.d1.loss_mask: 0.5099  decode.d1.loss_dice: 0.4020  decode.d2.loss_cls: 0.0010  decode.d2.loss_mask: 0.5073  decode.d2.loss_dice: 0.4002  decode.d3.loss_cls: 0.0023  decode.d3.loss_mask: 0.5093  decode.d3.loss_dice: 0.3968  decode.d4.loss_cls: 0.0031  decode.d4.loss_mask: 0.5134  decode.d4.loss_dice: 0.3990  decode.d5.loss_cls: 0.0020  decode.d5.loss_mask: 0.5090  decode.d5.loss_dice: 0.4005  decode.d6.loss_cls: 0.0006  decode.d6.loss_mask: 0.5100  decode.d6.loss_dice: 0.3984  decode.d7.loss_cls: 0.0002  decode.d7.loss_mask: 0.5063  decode.d7.loss_dice: 0.4006  decode.d8.loss_cls: 0.0001  decode.d8.loss_mask: 0.5043  decode.d8.loss_dice: 0.3999
2026/07/23 18:40:07 - mmengine - INFO - Iter(train) [40800/80000]  base_lr: 2.7233e-05 lr: 2.7233e-05  eta: 7:14:17  time: 0.6177  data_time: 0.0157  memory: 8426  grad_norm: 59.4377  loss: 8.3428  decode.loss_cls: 0.0035  decode.loss_mask: 0.4254  decode.loss_dice: 0.3844  decode.d0.loss_cls: 0.0851  decode.d0.loss_mask: 0.4501  decode.d0.loss_dice: 0.3941  decode.d1.loss_cls: 0.0320  decode.d1.loss_mask: 0.4288  decode.d1.loss_dice: 0.3899  decode.d2.loss_cls: 0.0356  decode.d2.loss_mask: 0.4311  decode.d2.loss_dice: 0.3784  decode.d3.loss_cls: 0.0125  decode.d3.loss_mask: 0.4281  decode.d3.loss_dice: 0.3816  decode.d4.loss_cls: 0.0129  decode.d4.loss_mask: 0.4286  decode.d4.loss_dice: 0.3789  decode.d5.loss_cls: 0.0022  decode.d5.loss_mask: 0.4322  decode.d5.loss_dice: 0.3889  decode.d6.loss_cls: 0.0022  decode.d6.loss_mask: 0.4286  decode.d6.loss_dice: 0.3761  decode.d7.loss_cls: 0.0029  decode.d7.loss_mask: 0.4276  decode.d7.loss_dice: 0.3861  decode.d8.loss_cls: 0.0022  decode.d8.loss_mask: 0.4267  decode.d8.loss_dice: 0.3861
2026/07/23 18:41:09 - mmengine - INFO - Iter(train) [40900/80000]  base_lr: 2.7170e-05 lr: 2.7170e-05  eta: 7:13:07  time: 0.6278  data_time: 0.0174  memory: 8435  grad_norm: 35.0528  loss: 6.3012  decode.loss_cls: 0.0002  decode.loss_mask: 0.3508  decode.loss_dice: 0.2715  decode.d0.loss_cls: 0.0680  decode.d0.loss_mask: 0.3533  decode.d0.loss_dice: 0.2744  decode.d1.loss_cls: 0.0026  decode.d1.loss_mask: 0.3520  decode.d1.loss_dice: 0.2732  decode.d2.loss_cls: 0.0010  decode.d2.loss_mask: 0.3531  decode.d2.loss_dice: 0.2726  decode.d3.loss_cls: 0.0004  decode.d3.loss_mask: 0.3501  decode.d3.loss_dice: 0.2713  decode.d4.loss_cls: 0.0006  decode.d4.loss_mask: 0.3520  decode.d4.loss_dice: 0.2712  decode.d5.loss_cls: 0.0004  decode.d5.loss_mask: 0.3492  decode.d5.loss_dice: 0.2740  decode.d6.loss_cls: 0.0003  decode.d6.loss_mask: 0.3502  decode.d6.loss_dice: 0.2720  decode.d7.loss_cls: 0.0004  decode.d7.loss_mask: 0.3484  decode.d7.loss_dice: 0.2702  decode.d8.loss_cls: 0.0002  decode.d8.loss_mask: 0.3483  decode.d8.loss_dice: 0.2693
2026/07/23 18:42:12 - mmengine - INFO - Exp name: fusion_vits_m2f_9999_20260723_101840
2026/07/23 18:42:12 - mmengine - INFO - Iter(train) [41000/80000]  base_lr: 2.7108e-05 lr: 2.7108e-05  eta: 7:11:57  time: 0.6125  data_time: 0.0151  memory: 8435  grad_norm: 47.1431  loss: 7.2739  decode.loss_cls: 0.0012  decode.loss_mask: 0.3657  decode.loss_dice: 0.3475  decode.d0.loss_cls: 0.0823  decode.d0.loss_mask: 0.3816  decode.d0.loss_dice: 0.3652  decode.d1.loss_cls: 0.0071  decode.d1.loss_mask: 0.3688  decode.d1.loss_dice: 0.3520  decode.d2.loss_cls: 0.0010  decode.d2.loss_mask: 0.3654  decode.d2.loss_dice: 0.3480  decode.d3.loss_cls: 0.0004  decode.d3.loss_mask: 0.3649  decode.d3.loss_dice: 0.3495  decode.d4.loss_cls: 0.0003  decode.d4.loss_mask: 0.3651  decode.d4.loss_dice: 0.3500  decode.d5.loss_cls: 0.0017  decode.d5.loss_mask: 0.3644  decode.d5.loss_dice: 0.3460  decode.d6.loss_cls: 0.0006  decode.d6.loss_mask: 0.3657  decode.d6.loss_dice: 0.3446  decode.d7.loss_cls: 0.0012  decode.d7.loss_mask: 0.3681  decode.d7.loss_dice: 0.3475  decode.d8.loss_cls: 0.0010  decode.d8.loss_mask: 0.3666  decode.d8.loss_dice: 0.3506
2026/07/23 18:43:15 - mmengine - INFO - Iter(train) [41100/80000]  base_lr: 2.7045e-05 lr: 2.7045e-05  eta: 7:10:48  time: 0.6403  data_time: 0.0177  memory: 8426  grad_norm: 38.8360  loss: 6.3484  decode.loss_cls: 0.0010  decode.loss_mask: 0.3328  decode.loss_dice: 0.2813  decode.d0.loss_cls: 0.1014  decode.d0.loss_mask: 0.3531  decode.d0.loss_dice: 0.2967  decode.d1.loss_cls: 0.0201  decode.d1.loss_mask: 0.3356  decode.d1.loss_dice: 0.2856  decode.d2.loss_cls: 0.0018  decode.d2.loss_mask: 0.3342  decode.d2.loss_dice: 0.2850  decode.d3.loss_cls: 0.0008  decode.d3.loss_mask: 0.3355  decode.d3.loss_dice: 0.2887  decode.d4.loss_cls: 0.0008  decode.d4.loss_mask: 0.3332  decode.d4.loss_dice: 0.2863  decode.d5.loss_cls: 0.0004  decode.d5.loss_mask: 0.3320  decode.d5.loss_dice: 0.2840  decode.d6.loss_cls: 0.0006  decode.d6.loss_mask: 0.3329  decode.d6.loss_dice: 0.2849  decode.d7.loss_cls: 0.0009  decode.d7.loss_mask: 0.3316  decode.d7.loss_dice: 0.2851  decode.d8.loss_cls: 0.0011  decode.d8.loss_mask: 0.3327  decode.d8.loss_dice: 0.2881
2026/07/23 18:44:18 - mmengine - INFO - Iter(train) [41200/80000]  base_lr: 2.6982e-05 lr: 2.6982e-05  eta: 7:09:38  time: 0.6269  data_time: 0.0172  memory: 8435  grad_norm: 44.2371  loss: 7.6558  decode.loss_cls: 0.0116  decode.loss_mask: 0.3900  decode.loss_dice: 0.3476  decode.d0.loss_cls: 0.0896  decode.d0.loss_mask: 0.4640  decode.d0.loss_dice: 0.4026  decode.d1.loss_cls: 0.0550  decode.d1.loss_mask: 0.3966  decode.d1.loss_dice: 0.3282  decode.d2.loss_cls: 0.0253  decode.d2.loss_mask: 0.3942  decode.d2.loss_dice: 0.3568  decode.d3.loss_cls: 0.0077  decode.d3.loss_mask: 0.3910  decode.d3.loss_dice: 0.3238  decode.d4.loss_cls: 0.0066  decode.d4.loss_mask: 0.3946  decode.d4.loss_dice: 0.3237  decode.d5.loss_cls: 0.0063  decode.d5.loss_mask: 0.3921  decode.d5.loss_dice: 0.3455  decode.d6.loss_cls: 0.0068  decode.d6.loss_mask: 0.3887  decode.d6.loss_dice: 0.3220  decode.d7.loss_cls: 0.0071  decode.d7.loss_mask: 0.3904  decode.d7.loss_dice: 0.3519  decode.d8.loss_cls: 0.0116  decode.d8.loss_mask: 0.3882  decode.d8.loss_dice: 0.3360
2026/07/23 18:45:21 - mmengine - INFO - Iter(train) [41300/80000]  base_lr: 2.6920e-05 lr: 2.6920e-05  eta: 7:08:27  time: 0.6145  data_time: 0.0164  memory: 8435  grad_norm: 48.2770  loss: 7.4646  decode.loss_cls: 0.0020  decode.loss_mask: 0.3785  decode.loss_dice: 0.3529  decode.d0.loss_cls: 0.0916  decode.d0.loss_mask: 0.4297  decode.d0.loss_dice: 0.3781  decode.d1.loss_cls: 0.0305  decode.d1.loss_mask: 0.3829  decode.d1.loss_dice: 0.3509  decode.d2.loss_cls: 0.0111  decode.d2.loss_mask: 0.3806  decode.d2.loss_dice: 0.3462  decode.d3.loss_cls: 0.0047  decode.d3.loss_mask: 0.3808  decode.d3.loss_dice: 0.3451  decode.d4.loss_cls: 0.0016  decode.d4.loss_mask: 0.3788  decode.d4.loss_dice: 0.3413  decode.d5.loss_cls: 0.0010  decode.d5.loss_mask: 0.3779  decode.d5.loss_dice: 0.3431  decode.d6.loss_cls: 0.0014  decode.d6.loss_mask: 0.3758  decode.d6.loss_dice: 0.3369  decode.d7.loss_cls: 0.0011  decode.d7.loss_mask: 0.3772  decode.d7.loss_dice: 0.3441  decode.d8.loss_cls: 0.0012  decode.d8.loss_mask: 0.3795  decode.d8.loss_dice: 0.3380
2026/07/23 18:46:24 - mmengine - INFO - Iter(train) [41400/80000]  base_lr: 2.6857e-05 lr: 2.6857e-05  eta: 7:07:18  time: 0.6400  data_time: 0.0177  memory: 8435  grad_norm: 41.9486  loss: 7.7340  decode.loss_cls: 0.0002  decode.loss_mask: 0.4138  decode.loss_dice: 0.3505  decode.d0.loss_cls: 0.0708  decode.d0.loss_mask: 0.4279  decode.d0.loss_dice: 0.3562  decode.d1.loss_cls: 0.0116  decode.d1.loss_mask: 0.4123  decode.d1.loss_dice: 0.3549  decode.d2.loss_cls: 0.0005  decode.d2.loss_mask: 0.4131  decode.d2.loss_dice: 0.3548  decode.d3.loss_cls: 0.0002  decode.d3.loss_mask: 0.4110  decode.d3.loss_dice: 0.3469  decode.d4.loss_cls: 0.0002  decode.d4.loss_mask: 0.4126  decode.d4.loss_dice: 0.3496  decode.d5.loss_cls: 0.0004  decode.d5.loss_mask: 0.4126  decode.d5.loss_dice: 0.3477  decode.d6.loss_cls: 0.0002  decode.d6.loss_mask: 0.4116  decode.d6.loss_dice: 0.3458  decode.d7.loss_cls: 0.0001  decode.d7.loss_mask: 0.4138  decode.d7.loss_dice: 0.3512  decode.d8.loss_cls: 0.0001  decode.d8.loss_mask: 0.4122  decode.d8.loss_dice: 0.3510
2026/07/23 18:47:34 - mmengine - INFO - Iter(train) [41500/80000]  base_lr: 2.6795e-05 lr: 2.6795e-05  eta: 7:06:15  time: 0.6744  data_time: 0.0185  memory: 8435  grad_norm: 58.2825  loss: 7.2245  decode.loss_cls: 0.0202  decode.loss_mask: 0.3274  decode.loss_dice: 0.3241  decode.d0.loss_cls: 0.1828  decode.d0.loss_mask: 0.3799  decode.d0.loss_dice: 0.3994  decode.d1.loss_cls: 0.0302  decode.d1.loss_mask: 0.3597  decode.d1.loss_dice: 0.3564  decode.d2.loss_cls: 0.0129  decode.d2.loss_mask: 0.3518  decode.d2.loss_dice: 0.3605  decode.d3.loss_cls: 0.0097  decode.d3.loss_mask: 0.3364  decode.d3.loss_dice: 0.3381  decode.d4.loss_cls: 0.0028  decode.d4.loss_mask: 0.3352  decode.d4.loss_dice: 0.3379  decode.d5.loss_cls: 0.0120  decode.d5.loss_mask: 0.3334  decode.d5.loss_dice: 0.3342  decode.d6.loss_cls: 0.0039  decode.d6.loss_mask: 0.3314  decode.d6.loss_dice: 0.3366  decode.d7.loss_cls: 0.0109  decode.d7.loss_mask: 0.3377  decode.d7.loss_dice: 0.3437  decode.d8.loss_cls: 0.0196  decode.d8.loss_mask: 0.3372  decode.d8.loss_dice: 0.3587
2026/07/23 18:48:39 - mmengine - INFO - Iter(train) [41600/80000]  base_lr: 2.6732e-05 lr: 2.6732e-05  eta: 7:05:08  time: 0.6991  data_time: 0.0216  memory: 8426  grad_norm: 48.9076  loss: 7.7029  decode.loss_cls: 0.0009  decode.loss_mask: 0.4303  decode.loss_dice: 0.3222  decode.d0.loss_cls: 0.0859  decode.d0.loss_mask: 0.4495  decode.d0.loss_dice: 0.3310  decode.d1.loss_cls: 0.0120  decode.d1.loss_mask: 0.4331  decode.d1.loss_dice: 0.3335  decode.d2.loss_cls: 0.0100  decode.d2.loss_mask: 0.4339  decode.d2.loss_dice: 0.3314  decode.d3.loss_cls: 0.0012  decode.d3.loss_mask: 0.4314  decode.d3.loss_dice: 0.3251  decode.d4.loss_cls: 0.0008  decode.d4.loss_mask: 0.4321  decode.d4.loss_dice: 0.3291  decode.d5.loss_cls: 0.0005  decode.d5.loss_mask: 0.4304  decode.d5.loss_dice: 0.3176  decode.d6.loss_cls: 0.0004  decode.d6.loss_mask: 0.4288  decode.d6.loss_dice: 0.3262  decode.d7.loss_cls: 0.0005  decode.d7.loss_mask: 0.4324  decode.d7.loss_dice: 0.3217  decode.d8.loss_cls: 0.0006  decode.d8.loss_mask: 0.4330  decode.d8.loss_dice: 0.3176
2026/07/23 18:49:50 - mmengine - INFO - Iter(train) [41700/80000]  base_lr: 2.6669e-05 lr: 2.6669e-05  eta: 7:04:05  time: 0.6864  data_time: 0.0195  memory: 8435  grad_norm: 75.6182  loss: 10.4091  decode.loss_cls: 0.0068  decode.loss_mask: 0.5601  decode.loss_dice: 0.4423  decode.d0.loss_cls: 0.1208  decode.d0.loss_mask: 0.6252  decode.d0.loss_dice: 0.4763  decode.d1.loss_cls: 0.0405  decode.d1.loss_mask: 0.5673  decode.d1.loss_dice: 0.4463  decode.d2.loss_cls: 0.0228  decode.d2.loss_mask: 0.5638  decode.d2.loss_dice: 0.4553  decode.d3.loss_cls: 0.0047  decode.d3.loss_mask: 0.5637  decode.d3.loss_dice: 0.4505  decode.d4.loss_cls: 0.0047  decode.d4.loss_mask: 0.5640  decode.d4.loss_dice: 0.4405  decode.d5.loss_cls: 0.0038  decode.d5.loss_mask: 0.5648  decode.d5.loss_dice: 0.4360  decode.d6.loss_cls: 0.0045  decode.d6.loss_mask: 0.5610  decode.d6.loss_dice: 0.4449  decode.d7.loss_cls: 0.0078  decode.d7.loss_mask: 0.5637  decode.d7.loss_dice: 0.4472  decode.d8.loss_cls: 0.0063  decode.d8.loss_mask: 0.5669  decode.d8.loss_dice: 0.4466
2026/07/23 18:51:04 - mmengine - INFO - Iter(train) [41800/80000]  base_lr: 2.6607e-05 lr: 2.6607e-05  eta: 7:03:05  time: 0.7356  data_time: 0.0217  memory: 8435  grad_norm: 47.5390  loss: 7.0601  decode.loss_cls: 0.0002  decode.loss_mask: 0.3312  decode.loss_dice: 0.3559  decode.d0.loss_cls: 0.0952  decode.d0.loss_mask: 0.3557  decode.d0.loss_dice: 0.3952  decode.d1.loss_cls: 0.0237  decode.d1.loss_mask: 0.3311  decode.d1.loss_dice: 0.3562  decode.d2.loss_cls: 0.0021  decode.d2.loss_mask: 0.3326  decode.d2.loss_dice: 0.3763  decode.d3.loss_cls: 0.0010  decode.d3.loss_mask: 0.3300  decode.d3.loss_dice: 0.3530  decode.d4.loss_cls: 0.0148  decode.d4.loss_mask: 0.3324  decode.d4.loss_dice: 0.3309  decode.d5.loss_cls: 0.0004  decode.d5.loss_mask: 0.3333  decode.d5.loss_dice: 0.3620  decode.d6.loss_cls: 0.0003  decode.d6.loss_mask: 0.3293  decode.d6.loss_dice: 0.3316  decode.d7.loss_cls: 0.0123  decode.d7.loss_mask: 0.3309  decode.d7.loss_dice: 0.3552  decode.d8.loss_cls: 0.0004  decode.d8.loss_mask: 0.3310  decode.d8.loss_dice: 0.3560
2026/07/23 18:52:17 - mmengine - INFO - Iter(train) [41900/80000]  base_lr: 2.6544e-05 lr: 2.6544e-05  eta: 7:02:05  time: 0.7643  data_time: 0.0217  memory: 8435  grad_norm: 51.8804  loss: 7.2326  decode.loss_cls: 0.0002  decode.loss_mask: 0.3812  decode.loss_dice: 0.3237  decode.d0.loss_cls: 0.1145  decode.d0.loss_mask: 0.3995  decode.d0.loss_dice: 0.3338  decode.d1.loss_cls: 0.0153  decode.d1.loss_mask: 0.3828  decode.d1.loss_dice: 0.3262  decode.d2.loss_cls: 0.0047  decode.d2.loss_mask: 0.3809  decode.d2.loss_dice: 0.3260  decode.d3.loss_cls: 0.0005  decode.d3.loss_mask: 0.3811  decode.d3.loss_dice: 0.3254  decode.d4.loss_cls: 0.0004  decode.d4.loss_mask: 0.3796  decode.d4.loss_dice: 0.3230  decode.d5.loss_cls: 0.0004  decode.d5.loss_mask: 0.3798  decode.d5.loss_dice: 0.3271  decode.d6.loss_cls: 0.0003  decode.d6.loss_mask: 0.3816  decode.d6.loss_dice: 0.3301  decode.d7.loss_cls: 0.0004  decode.d7.loss_mask: 0.3806  decode.d7.loss_dice: 0.3288  decode.d8.loss_cls: 0.0003  decode.d8.loss_mask: 0.3804  decode.d8.loss_dice: 0.3239
2026/07/23 18:53:32 - mmengine - INFO - Exp name: fusion_vits_m2f_9999_20260723_101840
2026/07/23 18:53:32 - mmengine - INFO - Iter(train) [42000/80000]  base_lr: 2.6481e-05 lr: 2.6481e-05  eta: 7:01:06  time: 0.7307  data_time: 0.0274  memory: 8435  grad_norm: 44.2740  loss: 6.3918  decode.loss_cls: 0.0252  decode.loss_mask: 0.2988  decode.loss_dice: 0.3048  decode.d0.loss_cls: 0.1015  decode.d0.loss_mask: 0.3054  decode.d0.loss_dice: 0.3275  decode.d1.loss_cls: 0.0311  decode.d1.loss_mask: 0.3030  decode.d1.loss_dice: 0.3213  decode.d2.loss_cls: 0.0221  decode.d2.loss_mask: 0.3009  decode.d2.loss_dice: 0.3023  decode.d3.loss_cls: 0.0280  decode.d3.loss_mask: 0.2986  decode.d3.loss_dice: 0.3178  decode.d4.loss_cls: 0.0207  decode.d4.loss_mask: 0.2985  decode.d4.loss_dice: 0.3019  decode.d5.loss_cls: 0.0243  decode.d5.loss_mask: 0.2974  decode.d5.loss_dice: 0.2981  decode.d6.loss_cls: 0.0160  decode.d6.loss_mask: 0.2973  decode.d6.loss_dice: 0.2982  decode.d7.loss_cls: 0.0175  decode.d7.loss_mask: 0.2979  decode.d7.loss_dice: 0.3113  decode.d8.loss_cls: 0.0200  decode.d8.loss_mask: 0.2990  decode.d8.loss_dice: 0.3055
2026/07/23 18:53:32 - mmengine - INFO - Saving checkpoint at 42000 iterations
2026/07/23 18:54:27 - mmengine - INFO - Iter(val) [100/504]    eta: 0:01:35  time: 0.2152  data_time: 0.0108  memory: 3244  
2026/07/23 18:54:49 - mmengine - INFO - Iter(val) [200/504]    eta: 0:01:08  time: 0.2080  data_time: 0.0090  memory: 3244  
2026/07/23 18:55:10 - mmengine - INFO - Iter(val) [300/504]    eta: 0:00:45  time: 0.2075  data_time: 0.0096  memory: 3244  
2026/07/23 18:55:31 - mmengine - INFO - Iter(val) [400/504]    eta: 0:00:22  time: 0.2074  data_time: 0.0088  memory: 3244  
2026/07/23 18:55:51 - mmengine - INFO - Iter(val) [500/504]    eta: 0:00:00  time: 0.2062  data_time: 0.0079  memory: 3244  
2026/07/23 18:55:55 - mmengine - INFO - per class results:
2026/07/23 18:55:55 - mmengine - INFO - 
+--------------------+-------+-------+--------+-----------+--------+
|       Class        |  IoU  |  Acc  | Fscore | Precision | Recall |
+--------------------+-------+-------+--------+-----------+--------+
| impervious_surface | 87.32 | 93.66 | 93.23  |    92.8   | 93.66  |
|      building      | 94.49 | 98.77 | 97.17  |   95.61   | 98.77  |
|   low_vegetation   | 79.08 |  89.3 | 88.32  |   87.35   |  89.3  |
|        tree        | 80.58 |  86.1 | 89.24  |   92.62   |  86.1  |
|        car         | 93.99 | 97.07 |  96.9  |   96.74   | 97.07  |
+--------------------+-------+-------+--------+-----------+--------+
2026/07/23 18:55:55 - mmengine - INFO - Iter(val) [504/504]    aAcc: 92.1000  mIoU: 87.0900  mAcc: 92.9800  mFscore: 92.9700  mPrecision: 93.0300  mRecall: 92.9800  data_time: 0.0143  time: 0.2156
2026/07/23 18:57:01 - mmengine - INFO - Iter(train) [42100/80000]  base_lr: 2.6419e-05 lr: 2.6419e-05  eta: 7:00:02  time: 0.6648  data_time: 0.0213  memory: 8435  grad_norm: 55.5349  loss: 8.0601  decode.loss_cls: 0.0041  decode.loss_mask: 0.4165  decode.loss_dice: 0.3641  decode.d0.loss_cls: 0.1066  decode.d0.loss_mask: 0.4341  decode.d0.loss_dice: 0.3777  decode.d1.loss_cls: 0.0132  decode.d1.loss_mask: 0.4266  decode.d1.loss_dice: 0.3755  decode.d2.loss_cls: 0.0089  decode.d2.loss_mask: 0.4259  decode.d2.loss_dice: 0.3743  decode.d3.loss_cls: 0.0016  decode.d3.loss_mask: 0.4200  decode.d3.loss_dice: 0.3611  decode.d4.loss_cls: 0.0006  decode.d4.loss_mask: 0.4213  decode.d4.loss_dice: 0.3696  decode.d5.loss_cls: 0.0007  decode.d5.loss_mask: 0.4199  decode.d5.loss_dice: 0.3650  decode.d6.loss_cls: 0.0013  decode.d6.loss_mask: 0.4247  decode.d6.loss_dice: 0.3693  decode.d7.loss_cls: 0.0021  decode.d7.loss_mask: 0.4194  decode.d7.loss_dice: 0.3667  decode.d8.loss_cls: 0.0026  decode.d8.loss_mask: 0.4202  decode.d8.loss_dice: 0.3668
2026/07/23 18:58:12 - mmengine - INFO - Iter(train) [42200/80000]  base_lr: 2.6356e-05 lr: 2.6356e-05  eta: 6:58:59  time: 0.7222  data_time: 0.0248  memory: 8435  grad_norm: 45.9731  loss: 7.4060  decode.loss_cls: 0.0002  decode.loss_mask: 0.4031  decode.loss_dice: 0.3190  decode.d0.loss_cls: 0.1365  decode.d0.loss_mask: 0.4285  decode.d0.loss_dice: 0.3244  decode.d1.loss_cls: 0.0212  decode.d1.loss_mask: 0.4048  decode.d1.loss_dice: 0.3224  decode.d2.loss_cls: 0.0030  decode.d2.loss_mask: 0.4042  decode.d2.loss_dice: 0.3163  decode.d3.loss_cls: 0.0010  decode.d3.loss_mask: 0.4031  decode.d3.loss_dice: 0.3194  decode.d4.loss_cls: 0.0006  decode.d4.loss_mask: 0.4033  decode.d4.loss_dice: 0.3178  decode.d5.loss_cls: 0.0005  decode.d5.loss_mask: 0.4029  decode.d5.loss_dice: 0.3205  decode.d6.loss_cls: 0.0003  decode.d6.loss_mask: 0.4024  decode.d6.loss_dice: 0.3172  decode.d7.loss_cls: 0.0003  decode.d7.loss_mask: 0.3993  decode.d7.loss_dice: 0.3183  decode.d8.loss_cls: 0.0003  decode.d8.loss_mask: 0.4021  decode.d8.loss_dice: 0.3132
2026/07/23 18:59:27 - mmengine - INFO - Iter(train) [42300/80000]  base_lr: 2.6293e-05 lr: 2.6293e-05  eta: 6:58:00  time: 0.7461  data_time: 0.0238  memory: 8435  grad_norm: 48.1313  loss: 7.8830  decode.loss_cls: 0.0004  decode.loss_mask: 0.4181  decode.loss_dice: 0.3492  decode.d0.loss_cls: 0.0801  decode.d0.loss_mask: 0.4432  decode.d0.loss_dice: 0.3697  decode.d1.loss_cls: 0.0095  decode.d1.loss_mask: 0.4240  decode.d1.loss_dice: 0.3587  decode.d2.loss_cls: 0.0009  decode.d2.loss_mask: 0.4195  decode.d2.loss_dice: 0.3549  decode.d3.loss_cls: 0.0005  decode.d3.loss_mask: 0.4240  decode.d3.loss_dice: 0.3564  decode.d4.loss_cls: 0.0004  decode.d4.loss_mask: 0.4224  decode.d4.loss_dice: 0.3546  decode.d5.loss_cls: 0.0005  decode.d5.loss_mask: 0.4200  decode.d5.loss_dice: 0.3553  decode.d6.loss_cls: 0.0009  decode.d6.loss_mask: 0.4219  decode.d6.loss_dice: 0.3487  decode.d7.loss_cls: 0.0009  decode.d7.loss_mask: 0.4225  decode.d7.loss_dice: 0.3560  decode.d8.loss_cls: 0.0002  decode.d8.loss_mask: 0.4192  decode.d8.loss_dice: 0.3505
2026/07/23 19:00:45 - mmengine - INFO - Iter(train) [42400/80000]  base_lr: 2.6230e-05 lr: 2.6230e-05  eta: 6:57:04  time: 0.6837  data_time: 0.0243  memory: 8435  grad_norm: 78.2892  loss: 8.0994  decode.loss_cls: 0.0248  decode.loss_mask: 0.4082  decode.loss_dice: 0.3462  decode.d0.loss_cls: 0.2311  decode.d0.loss_mask: 0.4480  decode.d0.loss_dice: 0.4237  decode.d1.loss_cls: 0.0445  decode.d1.loss_mask: 0.4114  decode.d1.loss_dice: 0.3297  decode.d2.loss_cls: 0.0202  decode.d2.loss_mask: 0.4086  decode.d2.loss_dice: 0.3429  decode.d3.loss_cls: 0.0138  decode.d3.loss_mask: 0.4107  decode.d3.loss_dice: 0.3373  decode.d4.loss_cls: 0.0097  decode.d4.loss_mask: 0.4086  decode.d4.loss_dice: 0.3579  decode.d5.loss_cls: 0.0131  decode.d5.loss_mask: 0.4121  decode.d5.loss_dice: 0.3534  decode.d6.loss_cls: 0.0119  decode.d6.loss_mask: 0.4187  decode.d6.loss_dice: 0.3600  decode.d7.loss_cls: 0.0124  decode.d7.loss_mask: 0.4115  decode.d7.loss_dice: 0.3517  decode.d8.loss_cls: 0.0115  decode.d8.loss_mask: 0.4086  decode.d8.loss_dice: 0.3574
2026/07/23 19:02:00 - mmengine - INFO - Iter(train) [42500/80000]  base_lr: 2.6167e-05 lr: 2.6167e-05  eta: 6:56:05  time: 0.6913  data_time: 0.0214  memory: 8426  grad_norm: 54.6161  loss: 6.9993  decode.loss_cls: 0.0008  decode.loss_mask: 0.3550  decode.loss_dice: 0.3174  decode.d0.loss_cls: 0.0881  decode.d0.loss_mask: 0.3621  decode.d0.loss_dice: 0.3481  decode.d1.loss_cls: 0.0419  decode.d1.loss_mask: 0.3562  decode.d1.loss_dice: 0.3225  decode.d2.loss_cls: 0.0217  decode.d2.loss_mask: 0.3567  decode.d2.loss_dice: 0.3327  decode.d3.loss_cls: 0.0031  decode.d3.loss_mask: 0.3548  decode.d3.loss_dice: 0.3157  decode.d4.loss_cls: 0.0009  decode.d4.loss_mask: 0.3548  decode.d4.loss_dice: 0.3228  decode.d5.loss_cls: 0.0005  decode.d5.loss_mask: 0.3533  decode.d5.loss_dice: 0.3310  decode.d6.loss_cls: 0.0010  decode.d6.loss_mask: 0.3525  decode.d6.loss_dice: 0.3322  decode.d7.loss_cls: 0.0012  decode.d7.loss_mask: 0.3554  decode.d7.loss_dice: 0.3284  decode.d8.loss_cls: 0.0008  decode.d8.loss_mask: 0.3553  decode.d8.loss_dice: 0.3323
2026/07/23 19:03:15 - mmengine - INFO - Iter(train) [42600/80000]  base_lr: 2.6105e-05 lr: 2.6105e-05  eta: 6:55:06  time: 0.6921  data_time: 0.0227  memory: 8435  grad_norm: 43.4597  loss: 7.7483  decode.loss_cls: 0.0004  decode.loss_mask: 0.4310  decode.loss_dice: 0.3313  decode.d0.loss_cls: 0.0774  decode.d0.loss_mask: 0.4486  decode.d0.loss_dice: 0.3511  decode.d1.loss_cls: 0.0040  decode.d1.loss_mask: 0.4315  decode.d1.loss_dice: 0.3352  decode.d2.loss_cls: 0.0022  decode.d2.loss_mask: 0.4258  decode.d2.loss_dice: 0.3338  decode.d3.loss_cls: 0.0006  decode.d3.loss_mask: 0.4289  decode.d3.loss_dice: 0.3323  decode.d4.loss_cls: 0.0003  decode.d4.loss_mask: 0.4309  decode.d4.loss_dice: 0.3327  decode.d5.loss_cls: 0.0003  decode.d5.loss_mask: 0.4307  decode.d5.loss_dice: 0.3316  decode.d6.loss_cls: 0.0003  decode.d6.loss_mask: 0.4272  decode.d6.loss_dice: 0.3300  decode.d7.loss_cls: 0.0010  decode.d7.loss_mask: 0.4310  decode.d7.loss_dice: 0.3318  decode.d8.loss_cls: 0.0007  decode.d8.loss_mask: 0.4304  decode.d8.loss_dice: 0.3350
2026/07/23 19:04:29 - mmengine - INFO - Iter(train) [42700/80000]  base_lr: 2.6042e-05 lr: 2.6042e-05  eta: 6:54:06  time: 0.7571  data_time: 0.0206  memory: 8435  grad_norm: 55.1831  loss: 8.3568  decode.loss_cls: 0.0043  decode.loss_mask: 0.4538  decode.loss_dice: 0.3659  decode.d0.loss_cls: 0.0752  decode.d0.loss_mask: 0.4810  decode.d0.loss_dice: 0.3699  decode.d1.loss_cls: 0.0177  decode.d1.loss_mask: 0.4587  decode.d1.loss_dice: 0.3688  decode.d2.loss_cls: 0.0062  decode.d2.loss_mask: 0.4590  decode.d2.loss_dice: 0.3729  decode.d3.loss_cls: 0.0012  decode.d3.loss_mask: 0.4518  decode.d3.loss_dice: 0.3632  decode.d4.loss_cls: 0.0009  decode.d4.loss_mask: 0.4518  decode.d4.loss_dice: 0.3668  decode.d5.loss_cls: 0.0020  decode.d5.loss_mask: 0.4573  decode.d5.loss_dice: 0.3725  decode.d6.loss_cls: 0.0024  decode.d6.loss_mask: 0.4518  decode.d6.loss_dice: 0.3636  decode.d7.loss_cls: 0.0023  decode.d7.loss_mask: 0.4507  decode.d7.loss_dice: 0.3650  decode.d8.loss_cls: 0.0039  decode.d8.loss_mask: 0.4516  decode.d8.loss_dice: 0.3646
2026/07/23 19:05:44 - mmengine - INFO - Iter(train) [42800/80000]  base_lr: 2.5979e-05 lr: 2.5979e-05  eta: 6:53:06  time: 0.7528  data_time: 0.0247  memory: 8426  grad_norm: 57.0539  loss: 7.4568  decode.loss_cls: 0.0009  decode.loss_mask: 0.3801  decode.loss_dice: 0.3413  decode.d0.loss_cls: 0.1013  decode.d0.loss_mask: 0.4113  decode.d0.loss_dice: 0.3735  decode.d1.loss_cls: 0.0132  decode.d1.loss_mask: 0.3805  decode.d1.loss_dice: 0.3509  decode.d2.loss_cls: 0.0077  decode.d2.loss_mask: 0.3826  decode.d2.loss_dice: 0.3481  decode.d3.loss_cls: 0.0118  decode.d3.loss_mask: 0.3796  decode.d3.loss_dice: 0.3468  decode.d4.loss_cls: 0.0007  decode.d4.loss_mask: 0.3800  decode.d4.loss_dice: 0.3514  decode.d5.loss_cls: 0.0006  decode.d5.loss_mask: 0.3780  decode.d5.loss_dice: 0.3477  decode.d6.loss_cls: 0.0012  decode.d6.loss_mask: 0.3758  decode.d6.loss_dice: 0.3461  decode.d7.loss_cls: 0.0010  decode.d7.loss_mask: 0.3755  decode.d7.loss_dice: 0.3479  decode.d8.loss_cls: 0.0017  decode.d8.loss_mask: 0.3758  decode.d8.loss_dice: 0.3439
2026/07/23 19:06:58 - mmengine - INFO - Iter(train) [42900/80000]  base_lr: 2.5916e-05 lr: 2.5916e-05  eta: 6:52:06  time: 0.7225  data_time: 0.0231  memory: 8435  grad_norm: 67.5071  loss: 9.8202  decode.loss_cls: 0.0144  decode.loss_mask: 0.5013  decode.loss_dice: 0.4103  decode.d0.loss_cls: 0.1566  decode.d0.loss_mask: 0.6741  decode.d0.loss_dice: 0.5351  decode.d1.loss_cls: 0.0367  decode.d1.loss_mask: 0.5210  decode.d1.loss_dice: 0.4262  decode.d2.loss_cls: 0.0375  decode.d2.loss_mask: 0.5071  decode.d2.loss_dice: 0.4093  decode.d3.loss_cls: 0.0301  decode.d3.loss_mask: 0.5010  decode.d3.loss_dice: 0.4090  decode.d4.loss_cls: 0.0197  decode.d4.loss_mask: 0.5059  decode.d4.loss_dice: 0.4104  decode.d5.loss_cls: 0.0197  decode.d5.loss_mask: 0.5032  decode.d5.loss_dice: 0.4152  decode.d6.loss_cls: 0.0184  decode.d6.loss_mask: 0.4970  decode.d6.loss_dice: 0.4104  decode.d7.loss_cls: 0.0158  decode.d7.loss_mask: 0.5000  decode.d7.loss_dice: 0.4118  decode.d8.loss_cls: 0.0140  decode.d8.loss_mask: 0.4983  decode.d8.loss_dice: 0.4104
2026/07/23 19:08:13 - mmengine - INFO - Exp name: fusion_vits_m2f_9999_20260723_101840
2026/07/23 19:08:13 - mmengine - INFO - Iter(train) [43000/80000]  base_lr: 2.5853e-05 lr: 2.5853e-05  eta: 6:51:07  time: 0.7532  data_time: 0.0263  memory: 8435  grad_norm: 44.1894  loss: 4.9719  decode.loss_cls: 0.0048  decode.loss_mask: 0.2297  decode.loss_dice: 0.2204  decode.d0.loss_cls: 0.2783  decode.d0.loss_mask: 0.2424  decode.d0.loss_dice: 0.2600  decode.d1.loss_cls: 0.0383  decode.d1.loss_mask: 0.2346  decode.d1.loss_dice: 0.2211  decode.d2.loss_cls: 0.0261  decode.d2.loss_mask: 0.2316  decode.d2.loss_dice: 0.2145  decode.d3.loss_cls: 0.0069  decode.d3.loss_mask: 0.2314  decode.d3.loss_dice: 0.2158  decode.d4.loss_cls: 0.0056  decode.d4.loss_mask: 0.2294  decode.d4.loss_dice: 0.2192  decode.d5.loss_cls: 0.0070  decode.d5.loss_mask: 0.2319  decode.d5.loss_dice: 0.2282  decode.d6.loss_cls: 0.0102  decode.d6.loss_mask: 0.2303  decode.d6.loss_dice: 0.2265  decode.d7.loss_cls: 0.0070  decode.d7.loss_mask: 0.2334  decode.d7.loss_dice: 0.2317  decode.d8.loss_cls: 0.0048  decode.d8.loss_mask: 0.2325  decode.d8.loss_dice: 0.2182
2026/07/23 19:09:27 - mmengine - INFO - Iter(train) [43100/80000]  base_lr: 2.5790e-05 lr: 2.5790e-05  eta: 6:50:07  time: 0.6779  data_time: 0.0224  memory: 8435  grad_norm: 44.2833  loss: 7.6196  decode.loss_cls: 0.0006  decode.loss_mask: 0.3924  decode.loss_dice: 0.3501  decode.d0.loss_cls: 0.0743  decode.d0.loss_mask: 0.4267  decode.d0.loss_dice: 0.3867  decode.d1.loss_cls: 0.0071  decode.d1.loss_mask: 0.4007  decode.d1.loss_dice: 0.3548  decode.d2.loss_cls: 0.0042  decode.d2.loss_mask: 0.3929  decode.d2.loss_dice: 0.3525  decode.d3.loss_cls: 0.0060  decode.d3.loss_mask: 0.3939  decode.d3.loss_dice: 0.3553  decode.d4.loss_cls: 0.0025  decode.d4.loss_mask: 0.3936  decode.d4.loss_dice: 0.3514  decode.d5.loss_cls: 0.0009  decode.d5.loss_mask: 0.3906  decode.d5.loss_dice: 0.3490  decode.d6.loss_cls: 0.0011  decode.d6.loss_mask: 0.3914  decode.d6.loss_dice: 0.3513  decode.d7.loss_cls: 0.0006  decode.d7.loss_mask: 0.3911  decode.d7.loss_dice: 0.3583  decode.d8.loss_cls: 0.0004  decode.d8.loss_mask: 0.3910  decode.d8.loss_dice: 0.3483
2026/07/23 19:10:42 - mmengine - INFO - Iter(train) [43200/80000]  base_lr: 2.5727e-05 lr: 2.5727e-05  eta: 6:49:07  time: 0.6890  data_time: 0.0231  memory: 8435  grad_norm: 41.3570  loss: 5.4329  decode.loss_cls: 0.0003  decode.loss_mask: 0.2766  decode.loss_dice: 0.2443  decode.d0.loss_cls: 0.1495  decode.d0.loss_mask: 0.2835  decode.d0.loss_dice: 0.2574  decode.d1.loss_cls: 0.0103  decode.d1.loss_mask: 0.2822  decode.d1.loss_dice: 0.2441  decode.d2.loss_cls: 0.0044  decode.d2.loss_mask: 0.2783  decode.d2.loss_dice: 0.2429  decode.d3.loss_cls: 0.0006  decode.d3.loss_mask: 0.2787  decode.d3.loss_dice: 0.2475  decode.d4.loss_cls: 0.0004  decode.d4.loss_mask: 0.2744  decode.d4.loss_dice: 0.2440  decode.d5.loss_cls: 0.0005  decode.d5.loss_mask: 0.2775  decode.d5.loss_dice: 0.2533  decode.d6.loss_cls: 0.0003  decode.d6.loss_mask: 0.2749  decode.d6.loss_dice: 0.2459  decode.d7.loss_cls: 0.0005  decode.d7.loss_mask: 0.2773  decode.d7.loss_dice: 0.2446  decode.d8.loss_cls: 0.0004  decode.d8.loss_mask: 0.2782  decode.d8.loss_dice: 0.2599
2026/07/23 19:12:00 - mmengine - INFO - Iter(train) [43300/80000]  base_lr: 2.5665e-05 lr: 2.5665e-05  eta: 6:48:10  time: 0.7755  data_time: 0.0237  memory: 8426  grad_norm: 82.8718  loss: 6.9157  decode.loss_cls: 0.0004  decode.loss_mask: 0.3899  decode.loss_dice: 0.2786  decode.d0.loss_cls: 0.1686  decode.d0.loss_mask: 0.3952  decode.d0.loss_dice: 0.3174  decode.d1.loss_cls: 0.0090  decode.d1.loss_mask: 0.3835  decode.d1.loss_dice: 0.3040  decode.d2.loss_cls: 0.0038  decode.d2.loss_mask: 0.3831  decode.d2.loss_dice: 0.2791  decode.d3.loss_cls: 0.0013  decode.d3.loss_mask: 0.3832  decode.d3.loss_dice: 0.2804  decode.d4.loss_cls: 0.0005  decode.d4.loss_mask: 0.3815  decode.d4.loss_dice: 0.2760  decode.d5.loss_cls: 0.0004  decode.d5.loss_mask: 0.3849  decode.d5.loss_dice: 0.2900  decode.d6.loss_cls: 0.0002  decode.d6.loss_mask: 0.3862  decode.d6.loss_dice: 0.2800  decode.d7.loss_cls: 0.0002  decode.d7.loss_mask: 0.3885  decode.d7.loss_dice: 0.2794  decode.d8.loss_cls: 0.0002  decode.d8.loss_mask: 0.3884  decode.d8.loss_dice: 0.2818
2026/07/23 19:13:18 - mmengine - INFO - Iter(train) [43400/80000]  base_lr: 2.5602e-05 lr: 2.5602e-05  eta: 6:47:13  time: 0.8263  data_time: 0.0279  memory: 8426  grad_norm: 50.5088  loss: 7.9803  decode.loss_cls: 0.0002  decode.loss_mask: 0.4158  decode.loss_dice: 0.3661  decode.d0.loss_cls: 0.0743  decode.d0.loss_mask: 0.4348  decode.d0.loss_dice: 0.3719  decode.d1.loss_cls: 0.0075  decode.d1.loss_mask: 0.4194  decode.d1.loss_dice: 0.3818  decode.d2.loss_cls: 0.0051  decode.d2.loss_mask: 0.4146  decode.d2.loss_dice: 0.3577  decode.d3.loss_cls: 0.0012  decode.d3.loss_mask: 0.4156  decode.d3.loss_dice: 0.3788  decode.d4.loss_cls: 0.0007  decode.d4.loss_mask: 0.4156  decode.d4.loss_dice: 0.3653  decode.d5.loss_cls: 0.0002  decode.d5.loss_mask: 0.4176  decode.d5.loss_dice: 0.3760  decode.d6.loss_cls: 0.0003  decode.d6.loss_mask: 0.4164  decode.d6.loss_dice: 0.3688  decode.d7.loss_cls: 0.0003  decode.d7.loss_mask: 0.4166  decode.d7.loss_dice: 0.3693  decode.d8.loss_cls: 0.0002  decode.d8.loss_mask: 0.4183  decode.d8.loss_dice: 0.3695
2026/07/23 19:14:35 - mmengine - INFO - Iter(train) [43500/80000]  base_lr: 2.5539e-05 lr: 2.5539e-05  eta: 6:46:14  time: 0.7806  data_time: 0.0270  memory: 8435  grad_norm: 36.3002  loss: 5.3575  decode.loss_cls: 0.0009  decode.loss_mask: 0.2681  decode.loss_dice: 0.2393  decode.d0.loss_cls: 0.1099  decode.d0.loss_mask: 0.2728  decode.d0.loss_dice: 0.2795  decode.d1.loss_cls: 0.0047  decode.d1.loss_mask: 0.2732  decode.d1.loss_dice: 0.2615  decode.d2.loss_cls: 0.0066  decode.d2.loss_mask: 0.2686  decode.d2.loss_dice: 0.2485  decode.d3.loss_cls: 0.0067  decode.d3.loss_mask: 0.2691  decode.d3.loss_dice: 0.2449  decode.d4.loss_cls: 0.0027  decode.d4.loss_mask: 0.2690  decode.d4.loss_dice: 0.2462  decode.d5.loss_cls: 0.0020  decode.d5.loss_mask: 0.2672  decode.d5.loss_dice: 0.2441  decode.d6.loss_cls: 0.0016  decode.d6.loss_mask: 0.2694  decode.d6.loss_dice: 0.2556  decode.d7.loss_cls: 0.0011  decode.d7.loss_mask: 0.2692  decode.d7.loss_dice: 0.2498  decode.d8.loss_cls: 0.0010  decode.d8.loss_mask: 0.2676  decode.d8.loss_dice: 0.2566
2026/07/23 19:15:54 - mmengine - INFO - Iter(train) [43600/80000]  base_lr: 2.5476e-05 lr: 2.5476e-05  eta: 6:45:17  time: 0.8122  data_time: 0.0258  memory: 8435  grad_norm: 44.7982  loss: 7.8656  decode.loss_cls: 0.0004  decode.loss_mask: 0.4167  decode.loss_dice: 0.3607  decode.d0.loss_cls: 0.0812  decode.d0.loss_mask: 0.4347  decode.d0.loss_dice: 0.3718  decode.d1.loss_cls: 0.0102  decode.d1.loss_mask: 0.4188  decode.d1.loss_dice: 0.3589  decode.d2.loss_cls: 0.0032  decode.d2.loss_mask: 0.4142  decode.d2.loss_dice: 0.3602  decode.d3.loss_cls: 0.0002  decode.d3.loss_mask: 0.4152  decode.d3.loss_dice: 0.3590  decode.d4.loss_cls: 0.0001  decode.d4.loss_mask: 0.4148  decode.d4.loss_dice: 0.3604  decode.d5.loss_cls: 0.0001  decode.d5.loss_mask: 0.4142  decode.d5.loss_dice: 0.3516  decode.d6.loss_cls: 0.0002  decode.d6.loss_mask: 0.4145  decode.d6.loss_dice: 0.3569  decode.d7.loss_cls: 0.0006  decode.d7.loss_mask: 0.4151  decode.d7.loss_dice: 0.3550  decode.d8.loss_cls: 0.0003  decode.d8.loss_mask: 0.4166  decode.d8.loss_dice: 0.3597
2026/07/23 19:17:09 - mmengine - INFO - Iter(train) [43700/80000]  base_lr: 2.5413e-05 lr: 2.5413e-05  eta: 6:44:18  time: 0.7993  data_time: 0.0301  memory: 8426  grad_norm: 37.4597  loss: 6.2221  decode.loss_cls: 0.0010  decode.loss_mask: 0.3176  decode.loss_dice: 0.2867  decode.d0.loss_cls: 0.0891  decode.d0.loss_mask: 0.3272  decode.d0.loss_dice: 0.3088  decode.d1.loss_cls: 0.0107  decode.d1.loss_mask: 0.3159  decode.d1.loss_dice: 0.2956  decode.d2.loss_cls: 0.0012  decode.d2.loss_mask: 0.3144  decode.d2.loss_dice: 0.3022  decode.d3.loss_cls: 0.0007  decode.d3.loss_mask: 0.3165  decode.d3.loss_dice: 0.2916  decode.d4.loss_cls: 0.0007  decode.d4.loss_mask: 0.3160  decode.d4.loss_dice: 0.2931  decode.d5.loss_cls: 0.0005  decode.d5.loss_mask: 0.3165  decode.d5.loss_dice: 0.2939  decode.d6.loss_cls: 0.0007  decode.d6.loss_mask: 0.3161  decode.d6.loss_dice: 0.2929  decode.d7.loss_cls: 0.0014  decode.d7.loss_mask: 0.3149  decode.d7.loss_dice: 0.2892  decode.d8.loss_cls: 0.0012  decode.d8.loss_mask: 0.3140  decode.d8.loss_dice: 0.2917
2026/07/23 19:18:27 - mmengine - INFO - Iter(train) [43800/80000]  base_lr: 2.5350e-05 lr: 2.5350e-05  eta: 6:43:20  time: 0.7785  data_time: 0.0273  memory: 8435  grad_norm: 48.8716  loss: 8.2004  decode.loss_cls: 0.0135  decode.loss_mask: 0.4284  decode.loss_dice: 0.3659  decode.d0.loss_cls: 0.0825  decode.d0.loss_mask: 0.4958  decode.d0.loss_dice: 0.4264  decode.d1.loss_cls: 0.0193  decode.d1.loss_mask: 0.4301  decode.d1.loss_dice: 0.3571  decode.d2.loss_cls: 0.0198  decode.d2.loss_mask: 0.4243  decode.d2.loss_dice: 0.3553  decode.d3.loss_cls: 0.0116  decode.d3.loss_mask: 0.4299  decode.d3.loss_dice: 0.3536  decode.d4.loss_cls: 0.0133  decode.d4.loss_mask: 0.4312  decode.d4.loss_dice: 0.3641  decode.d5.loss_cls: 0.0134  decode.d5.loss_mask: 0.4303  decode.d5.loss_dice: 0.3644  decode.d6.loss_cls: 0.0050  decode.d6.loss_mask: 0.4280  decode.d6.loss_dice: 0.3635  decode.d7.loss_cls: 0.0046  decode.d7.loss_mask: 0.4276  decode.d7.loss_dice: 0.3524  decode.d8.loss_cls: 0.0135  decode.d8.loss_mask: 0.4287  decode.d8.loss_dice: 0.3468
2026/07/23 19:19:43 - mmengine - INFO - Iter(train) [43900/80000]  base_lr: 2.5287e-05 lr: 2.5287e-05  eta: 6:42:21  time: 0.7749  data_time: 0.0312  memory: 8435  grad_norm: 50.6129  loss: 7.7083  decode.loss_cls: 0.0003  decode.loss_mask: 0.4036  decode.loss_dice: 0.3445  decode.d0.loss_cls: 0.0919  decode.d0.loss_mask: 0.4622  decode.d0.loss_dice: 0.3639  decode.d1.loss_cls: 0.0237  decode.d1.loss_mask: 0.4098  decode.d1.loss_dice: 0.3432  decode.d2.loss_cls: 0.0160  decode.d2.loss_mask: 0.4087  decode.d2.loss_dice: 0.3480  decode.d3.loss_cls: 0.0005  decode.d3.loss_mask: 0.4065  decode.d3.loss_dice: 0.3434  decode.d4.loss_cls: 0.0003  decode.d4.loss_mask: 0.4035  decode.d4.loss_dice: 0.3413  decode.d5.loss_cls: 0.0003  decode.d5.loss_mask: 0.4013  decode.d5.loss_dice: 0.3452  decode.d6.loss_cls: 0.0002  decode.d6.loss_mask: 0.4047  decode.d6.loss_dice: 0.3458  decode.d7.loss_cls: 0.0003  decode.d7.loss_mask: 0.4026  decode.d7.loss_dice: 0.3467  decode.d8.loss_cls: 0.0002  decode.d8.loss_mask: 0.4045  decode.d8.loss_dice: 0.3453
2026/07/23 19:21:01 - mmengine - INFO - Exp name: fusion_vits_m2f_9999_20260723_101840
2026/07/23 19:21:01 - mmengine - INFO - Iter(train) [44000/80000]  base_lr: 2.5224e-05 lr: 2.5224e-05  eta: 6:41:23  time: 0.7657  data_time: 0.0265  memory: 8435  grad_norm: 46.9491  loss: 7.7058  decode.loss_cls: 0.0008  decode.loss_mask: 0.4132  decode.loss_dice: 0.3436  decode.d0.loss_cls: 0.0640  decode.d0.loss_mask: 0.4309  decode.d0.loss_dice: 0.3519  decode.d1.loss_cls: 0.0103  decode.d1.loss_mask: 0.4191  decode.d1.loss_dice: 0.3550  decode.d2.loss_cls: 0.0031  decode.d2.loss_mask: 0.4136  decode.d2.loss_dice: 0.3519  decode.d3.loss_cls: 0.0004  decode.d3.loss_mask: 0.4148  decode.d3.loss_dice: 0.3485  decode.d4.loss_cls: 0.0002  decode.d4.loss_mask: 0.4127  decode.d4.loss_dice: 0.3433  decode.d5.loss_cls: 0.0003  decode.d5.loss_mask: 0.4124  decode.d5.loss_dice: 0.3476  decode.d6.loss_cls: 0.0003  decode.d6.loss_mask: 0.4142  decode.d6.loss_dice: 0.3404  decode.d7.loss_cls: 0.0006  decode.d7.loss_mask: 0.4114  decode.d7.loss_dice: 0.3419  decode.d8.loss_cls: 0.0003  decode.d8.loss_mask: 0.4134  decode.d8.loss_dice: 0.3457
2026/07/23 19:21:01 - mmengine - INFO - Saving checkpoint at 44000 iterations
2026/07/23 19:21:52 - mmengine - INFO - Iter(val) [100/504]    eta: 0:01:39  time: 0.2475  data_time: 0.0142  memory: 3244  
2026/07/23 19:22:15 - mmengine - INFO - Iter(val) [200/504]    eta: 0:01:11  time: 0.2271  data_time: 0.0128  memory: 3244  
2026/07/23 19:22:38 - mmengine - INFO - Iter(val) [300/504]    eta: 0:00:47  time: 0.2251  data_time: 0.0113  memory: 3244  
2026/07/23 19:23:00 - mmengine - INFO - Iter(val) [400/504]    eta: 0:00:24  time: 0.2352  data_time: 0.0360  memory: 3244  
2026/07/23 19:23:23 - mmengine - INFO - Iter(val) [500/504]    eta: 0:00:00  time: 0.2124  data_time: 0.0100  memory: 3244  
2026/07/23 19:23:28 - mmengine - INFO - per class results:
2026/07/23 19:23:28 - mmengine - INFO - 
+--------------------+-------+-------+--------+-----------+--------+
|       Class        |  IoU  |  Acc  | Fscore | Precision | Recall |
+--------------------+-------+-------+--------+-----------+--------+
| impervious_surface |  85.9 | 91.13 | 92.42  |   93.74   | 91.13  |
|      building      | 94.88 | 97.81 | 97.37  |   96.94   | 97.81  |
|   low_vegetation   | 77.97 | 93.41 | 87.62  |   82.51   | 93.41  |
|        tree        | 77.72 |  82.0 | 87.46  |   93.71   |  82.0  |
|        car         | 92.84 | 96.28 | 96.28  |   96.29   | 96.28  |
+--------------------+-------+-------+--------+-----------+--------+
2026/07/23 19:23:28 - mmengine - INFO - Iter(val) [504/504]    aAcc: 91.3100  mIoU: 85.8600  mAcc: 92.1300  mFscore: 92.2300  mPrecision: 92.6400  mRecall: 92.1300  data_time: 0.0198  time: 0.2307
2026/07/23 19:24:45 - mmengine - INFO - Iter(train) [44100/80000]  base_lr: 2.5160e-05 lr: 2.5160e-05  eta: 6:40:27  time: 0.6943  data_time: 0.0231  memory: 8435  grad_norm: 66.6747  loss: 9.3716  decode.loss_cls: 0.0035  decode.loss_mask: 0.4710  decode.loss_dice: 0.4288  decode.d0.loss_cls: 0.1657  decode.d0.loss_mask: 0.5326  decode.d0.loss_dice: 0.4664  decode.d1.loss_cls: 0.0280  decode.d1.loss_mask: 0.4699  decode.d1.loss_dice: 0.4256  decode.d2.loss_cls: 0.0118  decode.d2.loss_mask: 0.4660  decode.d2.loss_dice: 0.4225  decode.d3.loss_cls: 0.0035  decode.d3.loss_mask: 0.4671  decode.d3.loss_dice: 0.4505  decode.d4.loss_cls: 0.0025  decode.d4.loss_mask: 0.4663  decode.d4.loss_dice: 0.4540  decode.d5.loss_cls: 0.0024  decode.d5.loss_mask: 0.4658  decode.d5.loss_dice: 0.4544  decode.d6.loss_cls: 0.0022  decode.d6.loss_mask: 0.4640  decode.d6.loss_dice: 0.4234  decode.d7.loss_cls: 0.0043  decode.d7.loss_mask: 0.4629  decode.d7.loss_dice: 0.4239  decode.d8.loss_cls: 0.0063  decode.d8.loss_mask: 0.4667  decode.d8.loss_dice: 0.4597
