2026/07/30 20:45:15 - mmengine - INFO - 
------------------------------------------------------------
System environment:
    sys.platform: linux
    Python: 3.12.13 | packaged by Anaconda, Inc. | (main, Mar 19 2026, 20:20:58) [GCC 14.3.0]
    CUDA available: True
    MUSA available: False
    numpy_random_seed: 1049416454
    GPU 0,1,2,3: NVIDIA A40
    CUDA_HOME: /home/users_model/miniconda3/envs/mmseg_dino
    NVCC: Cuda compilation tools, release 12.9, V12.9.86
    GCC: gcc (Ubuntu 9.4.0-1ubuntu1~20.04.2) 9.4.0
    PyTorch: 2.7.1
    PyTorch compiling details: PyTorch built with:
  - GCC 14.3
  - C++ Version: 201703
  - Intel(R) oneAPI Math Kernel Library Version 2024.2.2-Product Build 20240823 for Intel(R) 64 architecture applications
  - Intel(R) MKL-DNN v3.7.1 (Git Hash d21fc6dbb4db827872fc8cf05e70f6771bd4937b)
  - OpenMP 201511 (a.k.a. OpenMP 4.5)
  - LAPACK is enabled (usually provided by MKL)
  - NNPACK is enabled
  - CPU capability usage: AVX512
  - CUDA Runtime 12.9
  - NVCC architecture flags: -gencode;arch=compute_50,code=sm_50;-gencode;arch=compute_60,code=sm_60;-gencode;arch=compute_70,code=sm_70;-gencode;arch=compute_75,code=sm_75;-gencode;arch=compute_80,code=sm_80;-gencode;arch=compute_86,code=sm_86;-gencode;arch=compute_90,code=sm_90;-gencode;arch=compute_100,code=sm_100;-gencode;arch=compute_120,code=sm_120;-gencode;arch=compute_120,code=compute_120
  - CuDNN 91.0.2
    - Built with CuDNN 91.0.1
  - Magma 2.9.0
  - Build settings: BLAS_INFO=mkl, BUILD_TYPE=Release, COMMIT_SHA=Unknown, CUDA_VERSION=12.9, CUDNN_VERSION=9.10.1, CXX_COMPILER=/home/conda/feedstock_root/build_artifacts/libtorch_1753846581042/_build_env/bin/x86_64-conda-linux-gnu-c++, CXX_FLAGS=-fmessage-length=0 -march=nocona -mtune=haswell -ftree-vectorize -fPIC -fstack-protector-strong -fno-plt -O2 -ffunction-sections -pipe -isystem /home/conda/feedstock_root/build_artifacts/libtorch_1753846581042/_h_env_placehold_placehold_placehold_placehold_placehold_placehold_placehold_placehold_placehold_placehold_placehold_placehold_placehold_placehold_placehold_placehold_placehold_placehold_pl/include -fdebug-prefix-map=/home/conda/feedstock_root/build_artifacts/libtorch_1753846581042/work=/usr/local/src/conda/libtorch-2.7.1 -fdebug-prefix-map=/home/conda/feedstock_root/build_artifacts/libtorch_1753846581042/_h_env_placehold_placehold_placehold_placehold_placehold_placehold_placehold_placehold_placehold_placehold_placehold_placehold_placehold_placehold_placehold_placehold_placehold_placehold_pl=/usr/local/src/conda-prefix -I/home/conda/feedstock_root/build_artifacts/libtorch_1753846581042/_h_env_placehold_placehold_placehold_placehold_placehold_placehold_placehold_placehold_placehold_placehold_placehold_placehold_placehold_placehold_placehold_placehold_placehold_placehold_pl/targets/x86_64-linux/include -I/home/conda/feedstock_root/build_artifacts/libtorch_1753846581042/_build_env/targets/x86_64-linux/include -w -Wno-deprecated-declarations -Wno-error=maybe-uninitialized -D_GLIBCXX_USE_CXX11_ABI=1 -fvisibility-inlines-hidden -DUSE_PTHREADPOOL -DNDEBUG -DUSE_KINETO -DLIBKINETO_NOROCTRACER -DLIBKINETO_NOXPUPTI=ON -DUSE_FBGEMM -DUSE_PYTORCH_QNNPACK -DUSE_XNNPACK -DSYMBOLICATE_MOBILE_DEBUG_HANDLE -O2 -fPIC -Wall -Wextra -Werror=return-type -Werror=non-virtual-dtor -Werror=range-loop-construct -Werror=bool-operation -Wnarrowing -Wno-missing-field-initializers -Wno-unknown-pragmas -Wno-unused-parameter -Wno-strict-overflow -Wno-strict-aliasing -Wno-stringop-overflow -Wsuggest-override -Wno-psabi -Wno-error=old-style-cast -fdiagnostics-color=always -faligned-new -Wno-maybe-uninitialized -fno-math-errno -fno-trapping-math -Werror=format -Wno-dangling-reference -Wno-error=dangling-reference -Wno-error=redundant-move -Wno-stringop-overflow, LAPACK_INFO=mkl, PERF_WITH_AVX=1, PERF_WITH_AVX2=1, TORCH_VERSION=2.7.1, USE_CUDA=1, USE_CUDNN=ON, USE_CUSPARSELT=OFF, USE_GFLAGS=OFF, USE_GLOG=OFF, USE_GLOO=ON, USE_MKL=ON, USE_MKLDNN=1, USE_MPI=OFF, USE_NCCL=ON, USE_NNPACK=ON, USE_OPENMP=ON, USE_ROCM=OFF, USE_ROCM_KERNEL_ASSERT=OFF, 

    TorchVision: 0.22.1
    OpenCV: 4.13.0
    MMEngine: 0.10.7

Runtime environment:
    cudnn_benchmark: True
    mp_cfg: {'mp_start_method': 'fork', 'opencv_num_threads': 0}
    dist_cfg: {'backend': 'nccl'}
    seed: 1049416454
    Distributed launcher: pytorch
    Distributed training: True
    GPU number: 4
------------------------------------------------------------

2026/07/30 20:45:15 - mmengine - INFO - Config:
DATA_ROOT = '/mnt/qh2-nas3/00-model/00-limx/datasets/potsdam/'
DINO_CKPT = '/mnt/qh2-nas3/00-model/00-wrs/zhejiang_earth_results/zhejiang_DinoViT_large_Olmoearth10m_128gpu_stage2_stage3_no_cl_gram_nofusion/4999_new.pt'
auto_scale_lr = dict(base_batch_size=16, enable=False)
crop_size = (
    512,
    512,
)
custom_imports = dict(
    allow_failed_imports=False,
    imports=[
        'custom_datasets.customPotsdam',
        'custom_models.dinov3_backbone',
    ])
data_preprocessor = dict(
    bgr_to_rgb=False,
    mean=None,
    pad_val=0,
    seg_pad_val=255,
    size=(
        512,
        512,
    ),
    std=None,
    test_cfg=dict(size_divisor=32),
    type='SegDataPreProcessor')
data_root = 'data/ade/ADEChallengeData2016'
dataset_type = 'ADE20KDataset'
default_hooks = dict(
    checkpoint=dict(
        by_epoch=False,
        interval=2000,
        max_keep_ckpts=1,
        save_best='mIoU',
        type='CheckpointHook'),
    logger=dict(interval=100, log_metric_by_epoch=False, type='LoggerHook'),
    param_scheduler=dict(type='ParamSchedulerHook'),
    sampler_seed=dict(type='DistSamplerSeedHook'),
    timer=dict(type='IterTimerHook'),
    visualization=dict(type='SegVisualizationHook'))
default_scope = 'mmseg'
embed_multi = dict(decay_mult=0.0, lr_mult=1.0)
env_cfg = dict(
    cudnn_benchmark=True,
    dist_cfg=dict(backend='nccl'),
    mp_cfg=dict(mp_start_method='fork', opencv_num_threads=0))
find_unused_parameters = True
img_ratios = [
    0.5,
    0.75,
    1.0,
    1.25,
    1.5,
    1.75,
]
img_size = 512
launcher = 'pytorch'
load_from = None
log_level = 'INFO'
log_processor = dict(by_epoch=False)
max_iters = 40000
model = dict(
    backbone=dict(
        arch='vit_large',
        checkpoint=
        '/mnt/qh2-nas3/00-model/00-wrs/zhejiang_earth_results/zhejiang_DinoViT_large_Olmoearth10m_128gpu_stage2_stage3_no_cl_gram_nofusion/4999_new.pt',
        finetune_vit=False,
        freeze_backbone=True,
        img_size=512,
        interaction_indexes=[
            5,
            11,
            17,
            23,
        ],
        layerscale_init=1e-05,
        mask_k_bias=True,
        n_storage_tokens=4,
        patch_size=16,
        type='DINOv3BackboneMmseg'),
    data_preprocessor=dict(
        bgr_to_rgb=False,
        mean=None,
        pad_val=0,
        seg_pad_val=255,
        size=(
            512,
            512,
        ),
        std=None,
        test_cfg=dict(size_divisor=32),
        type='SegDataPreProcessor'),
    decode_head=dict(
        align_corners=False,
        enforce_decoder_input_project=False,
        feat_channels=256,
        in_channels=[
            1024,
            1024,
            1024,
            1024,
        ],
        loss_cls=dict(
            class_weight=[
                1.0,
                1.0,
                1.0,
                1.0,
                1.0,
                1.0,
            ],
            loss_weight=2.0,
            reduction='mean',
            type='mmdet.CrossEntropyLoss',
            use_sigmoid=False),
        loss_dice=dict(
            activate=True,
            eps=1.0,
            loss_weight=5.0,
            naive_dice=True,
            reduction='mean',
            type='mmdet.DiceLoss',
            use_sigmoid=True),
        loss_mask=dict(
            loss_weight=5.0,
            reduction='mean',
            type='mmdet.CrossEntropyLoss',
            use_sigmoid=True),
        num_classes=5,
        num_queries=50,
        num_transformer_feat_level=3,
        out_channels=256,
        pixel_decoder=dict(
            act_cfg=dict(type='ReLU'),
            encoder=dict(
                init_cfg=None,
                layer_cfg=dict(
                    ffn_cfg=dict(
                        act_cfg=dict(inplace=True, type='ReLU'),
                        embed_dims=256,
                        feedforward_channels=1024,
                        ffn_drop=0.0,
                        num_fcs=2),
                    self_attn_cfg=dict(
                        batch_first=True,
                        dropout=0.0,
                        embed_dims=256,
                        im2col_step=64,
                        init_cfg=None,
                        norm_cfg=None,
                        num_heads=8,
                        num_levels=3,
                        num_points=4)),
                num_layers=6),
            init_cfg=None,
            norm_cfg=dict(num_groups=32, type='GN'),
            num_outs=3,
            positional_encoding=dict(normalize=True, num_feats=128),
            type='mmdet.MSDeformAttnPixelDecoder'),
        positional_encoding=dict(normalize=True, num_feats=128),
        strides=[
            4,
            8,
            16,
            32,
        ],
        train_cfg=dict(
            assigner=dict(
                match_costs=[
                    dict(type='mmdet.ClassificationCost', weight=2.0),
                    dict(
                        type='mmdet.CrossEntropyLossCost',
                        use_sigmoid=True,
                        weight=5.0),
                    dict(
                        eps=1.0,
                        pred_act=True,
                        type='mmdet.DiceCost',
                        weight=5.0),
                ],
                type='mmdet.HungarianAssigner'),
            importance_sample_ratio=0.75,
            num_points=12544,
            oversample_ratio=3.0,
            sampler=dict(type='mmdet.MaskPseudoSampler')),
        transformer_decoder=dict(
            init_cfg=None,
            layer_cfg=dict(
                cross_attn_cfg=dict(
                    attn_drop=0.0,
                    batch_first=True,
                    dropout_layer=None,
                    embed_dims=256,
                    num_heads=8,
                    proj_drop=0.0),
                ffn_cfg=dict(
                    act_cfg=dict(inplace=True, type='ReLU'),
                    add_identity=True,
                    dropout_layer=None,
                    embed_dims=256,
                    feedforward_channels=2048,
                    ffn_drop=0.0,
                    num_fcs=2),
                self_attn_cfg=dict(
                    attn_drop=0.0,
                    batch_first=True,
                    dropout_layer=None,
                    embed_dims=256,
                    num_heads=8,
                    proj_drop=0.0)),
            num_layers=9,
            return_intermediate=True),
        type='Mask2FormerHead'),
    test_cfg=dict(mode='whole'),
    train_cfg=dict(),
    type='EncoderDecoder')
num_classes = 5
optim_wrapper = dict(
    clip_grad=dict(max_norm=0.01, norm_type=2),
    optimizer=dict(
        betas=(
            0.9,
            0.999,
        ),
        eps=1e-08,
        lr=5e-05,
        type='AdamW',
        weight_decay=0.05),
    paramwise_cfg=dict(
        custom_keys=dict({'backbone.backbone': dict(lr_mult=0.0)}),
        norm_decay_mult=0.0),
    type='OptimWrapper')
optimizer = dict(
    betas=(
        0.9,
        0.999,
    ),
    eps=1e-08,
    lr=0.0001,
    type='AdamW',
    weight_decay=0.05)
param_scheduler = [
    dict(
        begin=0, by_epoch=False, end=3000, start_factor=0.001,
        type='LinearLR'),
    dict(
        begin=3000,
        by_epoch=False,
        end=40000,
        eta_min=0,
        power=0.9,
        type='PolyLR'),
]
resume = False
test_cfg = dict(type='TestLoop')
test_dataloader = dict(
    batch_size=4,
    dataset=dict(
        data_root='/mnt/qh2-nas3/00-model/00-limx/datasets/potsdam/',
        pipeline=[
            dict(img_size=512, type='LoadCustomRaster'),
            dict(type='CustomNormalize'),
            dict(type='PackSegInputs'),
        ],
        split='val',
        type='CustomPotsdamDataset'),
    num_workers=4)
test_evaluator = dict(
    iou_metrics=[
        'mIoU',
        'mFscore',
    ], type='IoUMetric')
test_pipeline = [
    dict(type='LoadImageFromFile'),
    dict(keep_ratio=True, scale=(
        2048,
        512,
    ), type='Resize'),
    dict(reduce_zero_label=True, type='LoadAnnotations'),
    dict(type='PackSegInputs'),
]
train_cfg = dict(max_iters=40000, type='IterBasedTrainLoop', val_interval=2000)
train_dataloader = dict(
    batch_size=4,
    dataset=dict(
        data_root='/mnt/qh2-nas3/00-model/00-limx/datasets/potsdam/',
        pipeline=[
            dict(img_size=512, type='LoadCustomRaster'),
            dict(prob=0.5, type='CustomRandomRotate90'),
            dict(direction='horizontal', prob=0.5, type='RandomFlip'),
            dict(direction='vertical', prob=0.5, type='RandomFlip'),
            dict(type='CustomNormalize'),
            dict(type='PackSegInputs'),
        ],
        split='train',
        type='CustomPotsdamDataset'),
    num_workers=4)
train_pipeline = [
    dict(img_size=512, type='LoadCustomRaster'),
    dict(prob=0.5, type='CustomRandomRotate90'),
    dict(direction='horizontal', prob=0.5, type='RandomFlip'),
    dict(direction='vertical', prob=0.5, type='RandomFlip'),
    dict(type='CustomNormalize'),
    dict(type='PackSegInputs'),
]
tta_model = dict(type='SegTTAModel')
tta_pipeline = [
    dict(backend_args=None, type='LoadImageFromFile'),
    dict(
        transforms=[
            [
                dict(keep_ratio=True, scale_factor=0.5, type='Resize'),
                dict(keep_ratio=True, scale_factor=0.75, type='Resize'),
                dict(keep_ratio=True, scale_factor=1.0, type='Resize'),
                dict(keep_ratio=True, scale_factor=1.25, type='Resize'),
                dict(keep_ratio=True, scale_factor=1.5, type='Resize'),
                dict(keep_ratio=True, scale_factor=1.75, type='Resize'),
            ],
            [
                dict(direction='horizontal', prob=0.0, type='RandomFlip'),
                dict(direction='horizontal', prob=1.0, type='RandomFlip'),
            ],
            [
                dict(type='LoadAnnotations'),
            ],
            [
                dict(type='PackSegInputs'),
            ],
        ],
        type='TestTimeAug'),
]
val_cfg = dict(type='ValLoop')
val_dataloader = dict(
    batch_size=4,
    dataset=dict(
        data_root='/mnt/qh2-nas3/00-model/00-limx/datasets/potsdam/',
        pipeline=[
            dict(img_size=512, type='LoadCustomRaster'),
            dict(type='CustomNormalize'),
            dict(type='PackSegInputs'),
        ],
        split='val',
        type='CustomPotsdamDataset'),
    num_workers=4)
val_evaluator = dict(
    iou_metrics=[
        'mIoU',
        'mFscore',
    ], type='IoUMetric')
val_pipeline = [
    dict(img_size=512, type='LoadCustomRaster'),
    dict(type='CustomNormalize'),
    dict(type='PackSegInputs'),
]
vis_backends = [
    dict(type='LocalVisBackend'),
]
visualizer = dict(
    name='visualizer',
    type='SegLocalVisualizer',
    vis_backends=[
        dict(type='LocalVisBackend'),
    ])
work_dir = 'work_dirs/dinov3_m2f_gram_4999'

2026/07/30 20:45:49 - mmengine - INFO - Hooks will be executed in the following order:
before_run:
(VERY_HIGH   ) RuntimeInfoHook                    
(BELOW_NORMAL) LoggerHook                         
 -------------------- 
before_train:
(VERY_HIGH   ) RuntimeInfoHook                    
(NORMAL      ) IterTimerHook                      
(VERY_LOW    ) CheckpointHook                     
 -------------------- 
before_train_epoch:
(VERY_HIGH   ) RuntimeInfoHook                    
(NORMAL      ) IterTimerHook                      
(NORMAL      ) DistSamplerSeedHook                
 -------------------- 
before_train_iter:
(VERY_HIGH   ) RuntimeInfoHook                    
(NORMAL      ) IterTimerHook                      
 -------------------- 
after_train_iter:
(VERY_HIGH   ) RuntimeInfoHook                    
(NORMAL      ) IterTimerHook                      
(BELOW_NORMAL) LoggerHook                         
(LOW         ) ParamSchedulerHook                 
(VERY_LOW    ) CheckpointHook                     
 -------------------- 
after_train_epoch:
(NORMAL      ) IterTimerHook                      
(LOW         ) ParamSchedulerHook                 
(VERY_LOW    ) CheckpointHook                     
 -------------------- 
before_val:
(VERY_HIGH   ) RuntimeInfoHook                    
 -------------------- 
before_val_epoch:
(NORMAL      ) IterTimerHook                      
 -------------------- 
before_val_iter:
(NORMAL      ) IterTimerHook                      
 -------------------- 
after_val_iter:
(NORMAL      ) IterTimerHook                      
(NORMAL      ) SegVisualizationHook               
(BELOW_NORMAL) LoggerHook                         
 -------------------- 
after_val_epoch:
(VERY_HIGH   ) RuntimeInfoHook                    
(NORMAL      ) IterTimerHook                      
(BELOW_NORMAL) LoggerHook                         
(LOW         ) ParamSchedulerHook                 
(VERY_LOW    ) CheckpointHook                     
 -------------------- 
after_val:
(VERY_HIGH   ) RuntimeInfoHook                    
 -------------------- 
after_train:
(VERY_HIGH   ) RuntimeInfoHook                    
(VERY_LOW    ) CheckpointHook                     
 -------------------- 
before_test:
(VERY_HIGH   ) RuntimeInfoHook                    
 -------------------- 
before_test_epoch:
(NORMAL      ) IterTimerHook                      
 -------------------- 
before_test_iter:
(NORMAL      ) IterTimerHook                      
 -------------------- 
after_test_iter:
(NORMAL      ) IterTimerHook                      
(NORMAL      ) SegVisualizationHook               
(BELOW_NORMAL) LoggerHook                         
 -------------------- 
after_test_epoch:
(VERY_HIGH   ) RuntimeInfoHook                    
(NORMAL      ) IterTimerHook                      
(BELOW_NORMAL) LoggerHook                         
 -------------------- 
after_test:
(VERY_HIGH   ) RuntimeInfoHook                    
 -------------------- 
after_run:
(BELOW_NORMAL) LoggerHook                         
 -------------------- 
2026/07/30 20:46:01 - mmengine - WARNING - backbone.backbone.cls_token is skipped since its requires_grad=False
2026/07/30 20:46:01 - mmengine - WARNING - backbone.backbone.storage_tokens is skipped since its requires_grad=False
2026/07/30 20:46:01 - mmengine - WARNING - backbone.backbone.mask_token is skipped since its requires_grad=False
2026/07/30 20:46:01 - mmengine - WARNING - backbone.backbone.patch_embed.proj.weight is skipped since its requires_grad=False
2026/07/30 20:46:01 - mmengine - WARNING - backbone.backbone.patch_embed.proj.bias is skipped since its requires_grad=False
2026/07/30 20:46:01 - mmengine - WARNING - backbone.backbone.blocks.0.norm1.weight is skipped since its requires_grad=False
2026/07/30 20:46:01 - mmengine - WARNING - backbone.backbone.blocks.0.norm1.bias is skipped since its requires_grad=False
2026/07/30 20:46:01 - mmengine - WARNING - backbone.backbone.blocks.0.attn.qkv.weight is skipped since its requires_grad=False
2026/07/30 20:46:01 - mmengine - WARNING - backbone.backbone.blocks.0.attn.qkv.bias is skipped since its requires_grad=False
2026/07/30 20:46:01 - mmengine - WARNING - backbone.backbone.blocks.0.attn.proj.weight is skipped since its requires_grad=False
2026/07/30 20:46:01 - mmengine - WARNING - backbone.backbone.blocks.0.attn.proj.bias is skipped since its requires_grad=False
2026/07/30 20:46:01 - mmengine - WARNING - backbone.backbone.blocks.0.ls1.gamma is skipped since its requires_grad=False
2026/07/30 20:46:01 - mmengine - WARNING - backbone.backbone.blocks.0.norm2.weight is skipped since its requires_grad=False
2026/07/30 20:46:01 - mmengine - WARNING - backbone.backbone.blocks.0.norm2.bias is skipped since its requires_grad=False
2026/07/30 20:46:01 - mmengine - WARNING - backbone.backbone.blocks.0.mlp.fc1.weight is skipped since its requires_grad=False
2026/07/30 20:46:01 - mmengine - WARNING - backbone.backbone.blocks.0.mlp.fc1.bias is skipped since its requires_grad=False
2026/07/30 20:46:01 - mmengine - WARNING - backbone.backbone.blocks.0.mlp.fc2.weight is skipped since its requires_grad=False
2026/07/30 20:46:01 - mmengine - WARNING - backbone.backbone.blocks.0.mlp.fc2.bias is skipped since its requires_grad=False
2026/07/30 20:46:01 - mmengine - WARNING - backbone.backbone.blocks.0.ls2.gamma is skipped since its requires_grad=False
2026/07/30 20:46:01 - mmengine - WARNING - backbone.backbone.blocks.1.norm1.weight is skipped since its requires_grad=False
2026/07/30 20:46:01 - mmengine - WARNING - backbone.backbone.blocks.1.norm1.bias is skipped since its requires_grad=False
2026/07/30 20:46:01 - mmengine - WARNING - backbone.backbone.blocks.1.attn.qkv.weight is skipped since its requires_grad=False
2026/07/30 20:46:01 - mmengine - WARNING - backbone.backbone.blocks.1.attn.qkv.bias is skipped since its requires_grad=False
2026/07/30 20:46:01 - mmengine - WARNING - backbone.backbone.blocks.1.attn.proj.weight is skipped since its requires_grad=False
2026/07/30 20:46:01 - mmengine - WARNING - backbone.backbone.blocks.1.attn.proj.bias is skipped since its requires_grad=False
2026/07/30 20:46:01 - mmengine - WARNING - backbone.backbone.blocks.1.ls1.gamma is skipped since its requires_grad=False
2026/07/30 20:46:01 - mmengine - WARNING - backbone.backbone.blocks.1.norm2.weight is skipped since its requires_grad=False
2026/07/30 20:46:01 - mmengine - WARNING - backbone.backbone.blocks.1.norm2.bias is skipped since its requires_grad=False
2026/07/30 20:46:01 - mmengine - WARNING - backbone.backbone.blocks.1.mlp.fc1.weight is skipped since its requires_grad=False
2026/07/30 20:46:01 - mmengine - WARNING - backbone.backbone.blocks.1.mlp.fc1.bias is skipped since its requires_grad=False
2026/07/30 20:46:01 - mmengine - WARNING - backbone.backbone.blocks.1.mlp.fc2.weight is skipped since its requires_grad=False
2026/07/30 20:46:01 - mmengine - WARNING - backbone.backbone.blocks.1.mlp.fc2.bias is skipped since its requires_grad=False
2026/07/30 20:46:01 - mmengine - WARNING - backbone.backbone.blocks.1.ls2.gamma is skipped since its requires_grad=False
2026/07/30 20:46:01 - mmengine - WARNING - backbone.backbone.blocks.2.norm1.weight is skipped since its requires_grad=False
2026/07/30 20:46:01 - mmengine - WARNING - backbone.backbone.blocks.2.norm1.bias is skipped since its requires_grad=False
2026/07/30 20:46:01 - mmengine - WARNING - backbone.backbone.blocks.2.attn.qkv.weight is skipped since its requires_grad=False
2026/07/30 20:46:01 - mmengine - WARNING - backbone.backbone.blocks.2.attn.qkv.bias is skipped since its requires_grad=False
2026/07/30 20:46:01 - mmengine - WARNING - backbone.backbone.blocks.2.attn.proj.weight is skipped since its requires_grad=False
2026/07/30 20:46:01 - mmengine - WARNING - backbone.backbone.blocks.2.attn.proj.bias is skipped since its requires_grad=False
2026/07/30 20:46:01 - mmengine - WARNING - backbone.backbone.blocks.2.ls1.gamma is skipped since its requires_grad=False
2026/07/30 20:46:01 - mmengine - WARNING - backbone.backbone.blocks.2.norm2.weight is skipped since its requires_grad=False
2026/07/30 20:46:01 - mmengine - WARNING - backbone.backbone.blocks.2.norm2.bias is skipped since its requires_grad=False
2026/07/30 20:46:01 - mmengine - WARNING - backbone.backbone.blocks.2.mlp.fc1.weight is skipped since its requires_grad=False
2026/07/30 20:46:01 - mmengine - WARNING - backbone.backbone.blocks.2.mlp.fc1.bias is skipped since its requires_grad=False
2026/07/30 20:46:01 - mmengine - WARNING - backbone.backbone.blocks.2.mlp.fc2.weight is skipped since its requires_grad=False
2026/07/30 20:46:01 - mmengine - WARNING - backbone.backbone.blocks.2.mlp.fc2.bias is skipped since its requires_grad=False
2026/07/30 20:46:01 - mmengine - WARNING - backbone.backbone.blocks.2.ls2.gamma is skipped since its requires_grad=False
2026/07/30 20:46:01 - mmengine - WARNING - backbone.backbone.blocks.3.norm1.weight is skipped since its requires_grad=False
2026/07/30 20:46:01 - mmengine - WARNING - backbone.backbone.blocks.3.norm1.bias is skipped since its requires_grad=False
2026/07/30 20:46:01 - mmengine - WARNING - backbone.backbone.blocks.3.attn.qkv.weight is skipped since its requires_grad=False
2026/07/30 20:46:01 - mmengine - WARNING - backbone.backbone.blocks.3.attn.qkv.bias is skipped since its requires_grad=False
2026/07/30 20:46:01 - mmengine - WARNING - backbone.backbone.blocks.3.attn.proj.weight is skipped since its requires_grad=False
2026/07/30 20:46:01 - mmengine - WARNING - backbone.backbone.blocks.3.attn.proj.bias is skipped since its requires_grad=False
2026/07/30 20:46:01 - mmengine - WARNING - backbone.backbone.blocks.3.ls1.gamma is skipped since its requires_grad=False
2026/07/30 20:46:01 - mmengine - WARNING - backbone.backbone.blocks.3.norm2.weight is skipped since its requires_grad=False
2026/07/30 20:46:01 - mmengine - WARNING - backbone.backbone.blocks.3.norm2.bias is skipped since its requires_grad=False
2026/07/30 20:46:01 - mmengine - WARNING - backbone.backbone.blocks.3.mlp.fc1.weight is skipped since its requires_grad=False
2026/07/30 20:46:01 - mmengine - WARNING - backbone.backbone.blocks.3.mlp.fc1.bias is skipped since its requires_grad=False
2026/07/30 20:46:01 - mmengine - WARNING - backbone.backbone.blocks.3.mlp.fc2.weight is skipped since its requires_grad=False
2026/07/30 20:46:01 - mmengine - WARNING - backbone.backbone.blocks.3.mlp.fc2.bias is skipped since its requires_grad=False
2026/07/30 20:46:01 - mmengine - WARNING - backbone.backbone.blocks.3.ls2.gamma is skipped since its requires_grad=False
2026/07/30 20:46:01 - mmengine - WARNING - backbone.backbone.blocks.4.norm1.weight is skipped since its requires_grad=False
2026/07/30 20:46:01 - mmengine - WARNING - backbone.backbone.blocks.4.norm1.bias is skipped since its requires_grad=False
2026/07/30 20:46:01 - mmengine - WARNING - backbone.backbone.blocks.4.attn.qkv.weight is skipped since its requires_grad=False
2026/07/30 20:46:01 - mmengine - WARNING - backbone.backbone.blocks.4.attn.qkv.bias is skipped since its requires_grad=False
2026/07/30 20:46:01 - mmengine - WARNING - backbone.backbone.blocks.4.attn.proj.weight is skipped since its requires_grad=False
2026/07/30 20:46:01 - mmengine - WARNING - backbone.backbone.blocks.4.attn.proj.bias is skipped since its requires_grad=False
2026/07/30 20:46:01 - mmengine - WARNING - backbone.backbone.blocks.4.ls1.gamma is skipped since its requires_grad=False
2026/07/30 20:46:01 - mmengine - WARNING - backbone.backbone.blocks.4.norm2.weight is skipped since its requires_grad=False
2026/07/30 20:46:01 - mmengine - WARNING - backbone.backbone.blocks.4.norm2.bias is skipped since its requires_grad=False
2026/07/30 20:46:01 - mmengine - WARNING - backbone.backbone.blocks.4.mlp.fc1.weight is skipped since its requires_grad=False
2026/07/30 20:46:01 - mmengine - WARNING - backbone.backbone.blocks.4.mlp.fc1.bias is skipped since its requires_grad=False
2026/07/30 20:46:01 - mmengine - WARNING - backbone.backbone.blocks.4.mlp.fc2.weight is skipped since its requires_grad=False
2026/07/30 20:46:01 - mmengine - WARNING - backbone.backbone.blocks.4.mlp.fc2.bias is skipped since its requires_grad=False
2026/07/30 20:46:01 - mmengine - WARNING - backbone.backbone.blocks.4.ls2.gamma is skipped since its requires_grad=False
2026/07/30 20:46:01 - mmengine - WARNING - backbone.backbone.blocks.5.norm1.weight is skipped since its requires_grad=False
2026/07/30 20:46:01 - mmengine - WARNING - backbone.backbone.blocks.5.norm1.bias is skipped since its requires_grad=False
2026/07/30 20:46:01 - mmengine - WARNING - backbone.backbone.blocks.5.attn.qkv.weight is skipped since its requires_grad=False
2026/07/30 20:46:01 - mmengine - WARNING - backbone.backbone.blocks.5.attn.qkv.bias is skipped since its requires_grad=False
2026/07/30 20:46:01 - mmengine - WARNING - backbone.backbone.blocks.5.attn.proj.weight is skipped since its requires_grad=False
2026/07/30 20:46:01 - mmengine - WARNING - backbone.backbone.blocks.5.attn.proj.bias is skipped since its requires_grad=False
2026/07/30 20:46:01 - mmengine - WARNING - backbone.backbone.blocks.5.ls1.gamma is skipped since its requires_grad=False
2026/07/30 20:46:01 - mmengine - WARNING - backbone.backbone.blocks.5.norm2.weight is skipped since its requires_grad=False
2026/07/30 20:46:01 - mmengine - WARNING - backbone.backbone.blocks.5.norm2.bias is skipped since its requires_grad=False
2026/07/30 20:46:01 - mmengine - WARNING - backbone.backbone.blocks.5.mlp.fc1.weight is skipped since its requires_grad=False
2026/07/30 20:46:01 - mmengine - WARNING - backbone.backbone.blocks.5.mlp.fc1.bias is skipped since its requires_grad=False
2026/07/30 20:46:01 - mmengine - WARNING - backbone.backbone.blocks.5.mlp.fc2.weight is skipped since its requires_grad=False
2026/07/30 20:46:01 - mmengine - WARNING - backbone.backbone.blocks.5.mlp.fc2.bias is skipped since its requires_grad=False
2026/07/30 20:46:01 - mmengine - WARNING - backbone.backbone.blocks.5.ls2.gamma is skipped since its requires_grad=False
2026/07/30 20:46:01 - mmengine - WARNING - backbone.backbone.blocks.6.norm1.weight is skipped since its requires_grad=False
2026/07/30 20:46:01 - mmengine - WARNING - backbone.backbone.blocks.6.norm1.bias is skipped since its requires_grad=False
2026/07/30 20:46:01 - mmengine - WARNING - backbone.backbone.blocks.6.attn.qkv.weight is skipped since its requires_grad=False
2026/07/30 20:46:01 - mmengine - WARNING - backbone.backbone.blocks.6.attn.qkv.bias is skipped since its requires_grad=False
2026/07/30 20:46:01 - mmengine - WARNING - backbone.backbone.blocks.6.attn.proj.weight is skipped since its requires_grad=False
2026/07/30 20:46:01 - mmengine - WARNING - backbone.backbone.blocks.6.attn.proj.bias is skipped since its requires_grad=False
2026/07/30 20:46:01 - mmengine - WARNING - backbone.backbone.blocks.6.ls1.gamma is skipped since its requires_grad=False
2026/07/30 20:46:01 - mmengine - WARNING - backbone.backbone.blocks.6.norm2.weight is skipped since its requires_grad=False
2026/07/30 20:46:01 - mmengine - WARNING - backbone.backbone.blocks.6.norm2.bias is skipped since its requires_grad=False
2026/07/30 20:46:01 - mmengine - WARNING - backbone.backbone.blocks.6.mlp.fc1.weight is skipped since its requires_grad=False
2026/07/30 20:46:01 - mmengine - WARNING - backbone.backbone.blocks.6.mlp.fc1.bias is skipped since its requires_grad=False
2026/07/30 20:46:01 - mmengine - WARNING - backbone.backbone.blocks.6.mlp.fc2.weight is skipped since its requires_grad=False
2026/07/30 20:46:01 - mmengine - WARNING - backbone.backbone.blocks.6.mlp.fc2.bias is skipped since its requires_grad=False
2026/07/30 20:46:01 - mmengine - WARNING - backbone.backbone.blocks.6.ls2.gamma is skipped since its requires_grad=False
2026/07/30 20:46:01 - mmengine - WARNING - backbone.backbone.blocks.7.norm1.weight is skipped since its requires_grad=False
2026/07/30 20:46:01 - mmengine - WARNING - backbone.backbone.blocks.7.norm1.bias is skipped since its requires_grad=False
2026/07/30 20:46:01 - mmengine - WARNING - backbone.backbone.blocks.7.attn.qkv.weight is skipped since its requires_grad=False
2026/07/30 20:46:01 - mmengine - WARNING - backbone.backbone.blocks.7.attn.qkv.bias is skipped since its requires_grad=False
2026/07/30 20:46:01 - mmengine - WARNING - backbone.backbone.blocks.7.attn.proj.weight is skipped since its requires_grad=False
2026/07/30 20:46:01 - mmengine - WARNING - backbone.backbone.blocks.7.attn.proj.bias is skipped since its requires_grad=False
2026/07/30 20:46:01 - mmengine - WARNING - backbone.backbone.blocks.7.ls1.gamma is skipped since its requires_grad=False
2026/07/30 20:46:01 - mmengine - WARNING - backbone.backbone.blocks.7.norm2.weight is skipped since its requires_grad=False
2026/07/30 20:46:01 - mmengine - WARNING - backbone.backbone.blocks.7.norm2.bias is skipped since its requires_grad=False
2026/07/30 20:46:01 - mmengine - WARNING - backbone.backbone.blocks.7.mlp.fc1.weight is skipped since its requires_grad=False
2026/07/30 20:46:01 - mmengine - WARNING - backbone.backbone.blocks.7.mlp.fc1.bias is skipped since its requires_grad=False
2026/07/30 20:46:01 - mmengine - WARNING - backbone.backbone.blocks.7.mlp.fc2.weight is skipped since its requires_grad=False
2026/07/30 20:46:01 - mmengine - WARNING - backbone.backbone.blocks.7.mlp.fc2.bias is skipped since its requires_grad=False
2026/07/30 20:46:01 - mmengine - WARNING - backbone.backbone.blocks.7.ls2.gamma is skipped since its requires_grad=False
2026/07/30 20:46:01 - mmengine - WARNING - backbone.backbone.blocks.8.norm1.weight is skipped since its requires_grad=False
2026/07/30 20:46:01 - mmengine - WARNING - backbone.backbone.blocks.8.norm1.bias is skipped since its requires_grad=False
2026/07/30 20:46:01 - mmengine - WARNING - backbone.backbone.blocks.8.attn.qkv.weight is skipped since its requires_grad=False
2026/07/30 20:46:01 - mmengine - WARNING - backbone.backbone.blocks.8.attn.qkv.bias is skipped since its requires_grad=False
2026/07/30 20:46:01 - mmengine - WARNING - backbone.backbone.blocks.8.attn.proj.weight is skipped since its requires_grad=False
2026/07/30 20:46:01 - mmengine - WARNING - backbone.backbone.blocks.8.attn.proj.bias is skipped since its requires_grad=False
2026/07/30 20:46:01 - mmengine - WARNING - backbone.backbone.blocks.8.ls1.gamma is skipped since its requires_grad=False
2026/07/30 20:46:01 - mmengine - WARNING - backbone.backbone.blocks.8.norm2.weight is skipped since its requires_grad=False
2026/07/30 20:46:01 - mmengine - WARNING - backbone.backbone.blocks.8.norm2.bias is skipped since its requires_grad=False
2026/07/30 20:46:01 - mmengine - WARNING - backbone.backbone.blocks.8.mlp.fc1.weight is skipped since its requires_grad=False
2026/07/30 20:46:01 - mmengine - WARNING - backbone.backbone.blocks.8.mlp.fc1.bias is skipped since its requires_grad=False
2026/07/30 20:46:01 - mmengine - WARNING - backbone.backbone.blocks.8.mlp.fc2.weight is skipped since its requires_grad=False
2026/07/30 20:46:01 - mmengine - WARNING - backbone.backbone.blocks.8.mlp.fc2.bias is skipped since its requires_grad=False
2026/07/30 20:46:01 - mmengine - WARNING - backbone.backbone.blocks.8.ls2.gamma is skipped since its requires_grad=False
2026/07/30 20:46:01 - mmengine - WARNING - backbone.backbone.blocks.9.norm1.weight is skipped since its requires_grad=False
2026/07/30 20:46:01 - mmengine - WARNING - backbone.backbone.blocks.9.norm1.bias is skipped since its requires_grad=False
2026/07/30 20:46:01 - mmengine - WARNING - backbone.backbone.blocks.9.attn.qkv.weight is skipped since its requires_grad=False
2026/07/30 20:46:01 - mmengine - WARNING - backbone.backbone.blocks.9.attn.qkv.bias is skipped since its requires_grad=False
2026/07/30 20:46:01 - mmengine - WARNING - backbone.backbone.blocks.9.attn.proj.weight is skipped since its requires_grad=False
2026/07/30 20:46:01 - mmengine - WARNING - backbone.backbone.blocks.9.attn.proj.bias is skipped since its requires_grad=False
2026/07/30 20:46:01 - mmengine - WARNING - backbone.backbone.blocks.9.ls1.gamma is skipped since its requires_grad=False
2026/07/30 20:46:01 - mmengine - WARNING - backbone.backbone.blocks.9.norm2.weight is skipped since its requires_grad=False
2026/07/30 20:46:01 - mmengine - WARNING - backbone.backbone.blocks.9.norm2.bias is skipped since its requires_grad=False
2026/07/30 20:46:01 - mmengine - WARNING - backbone.backbone.blocks.9.mlp.fc1.weight is skipped since its requires_grad=False
2026/07/30 20:46:01 - mmengine - WARNING - backbone.backbone.blocks.9.mlp.fc1.bias is skipped since its requires_grad=False
2026/07/30 20:46:01 - mmengine - WARNING - backbone.backbone.blocks.9.mlp.fc2.weight is skipped since its requires_grad=False
2026/07/30 20:46:01 - mmengine - WARNING - backbone.backbone.blocks.9.mlp.fc2.bias is skipped since its requires_grad=False
2026/07/30 20:46:01 - mmengine - WARNING - backbone.backbone.blocks.9.ls2.gamma is skipped since its requires_grad=False
2026/07/30 20:46:01 - mmengine - WARNING - backbone.backbone.blocks.10.norm1.weight is skipped since its requires_grad=False
2026/07/30 20:46:01 - mmengine - WARNING - backbone.backbone.blocks.10.norm1.bias is skipped since its requires_grad=False
2026/07/30 20:46:01 - mmengine - WARNING - backbone.backbone.blocks.10.attn.qkv.weight is skipped since its requires_grad=False
2026/07/30 20:46:01 - mmengine - WARNING - backbone.backbone.blocks.10.attn.qkv.bias is skipped since its requires_grad=False
2026/07/30 20:46:01 - mmengine - WARNING - backbone.backbone.blocks.10.attn.proj.weight is skipped since its requires_grad=False
2026/07/30 20:46:01 - mmengine - WARNING - backbone.backbone.blocks.10.attn.proj.bias is skipped since its requires_grad=False
2026/07/30 20:46:01 - mmengine - WARNING - backbone.backbone.blocks.10.ls1.gamma is skipped since its requires_grad=False
2026/07/30 20:46:01 - mmengine - WARNING - backbone.backbone.blocks.10.norm2.weight is skipped since its requires_grad=False
2026/07/30 20:46:01 - mmengine - WARNING - backbone.backbone.blocks.10.norm2.bias is skipped since its requires_grad=False
2026/07/30 20:46:01 - mmengine - WARNING - backbone.backbone.blocks.10.mlp.fc1.weight is skipped since its requires_grad=False
2026/07/30 20:46:01 - mmengine - WARNING - backbone.backbone.blocks.10.mlp.fc1.bias is skipped since its requires_grad=False
2026/07/30 20:46:01 - mmengine - WARNING - backbone.backbone.blocks.10.mlp.fc2.weight is skipped since its requires_grad=False
2026/07/30 20:46:01 - mmengine - WARNING - backbone.backbone.blocks.10.mlp.fc2.bias is skipped since its requires_grad=False
2026/07/30 20:46:01 - mmengine - WARNING - backbone.backbone.blocks.10.ls2.gamma is skipped since its requires_grad=False
2026/07/30 20:46:01 - mmengine - WARNING - backbone.backbone.blocks.11.norm1.weight is skipped since its requires_grad=False
2026/07/30 20:46:01 - mmengine - WARNING - backbone.backbone.blocks.11.norm1.bias is skipped since its requires_grad=False
2026/07/30 20:46:01 - mmengine - WARNING - backbone.backbone.blocks.11.attn.qkv.weight is skipped since its requires_grad=False
2026/07/30 20:46:01 - mmengine - WARNING - backbone.backbone.blocks.11.attn.qkv.bias is skipped since its requires_grad=False
2026/07/30 20:46:01 - mmengine - WARNING - backbone.backbone.blocks.11.attn.proj.weight is skipped since its requires_grad=False
2026/07/30 20:46:01 - mmengine - WARNING - backbone.backbone.blocks.11.attn.proj.bias is skipped since its requires_grad=False
2026/07/30 20:46:01 - mmengine - WARNING - backbone.backbone.blocks.11.ls1.gamma is skipped since its requires_grad=False
2026/07/30 20:46:01 - mmengine - WARNING - backbone.backbone.blocks.11.norm2.weight is skipped since its requires_grad=False
2026/07/30 20:46:01 - mmengine - WARNING - backbone.backbone.blocks.11.norm2.bias is skipped since its requires_grad=False
2026/07/30 20:46:01 - mmengine - WARNING - backbone.backbone.blocks.11.mlp.fc1.weight is skipped since its requires_grad=False
2026/07/30 20:46:01 - mmengine - WARNING - backbone.backbone.blocks.11.mlp.fc1.bias is skipped since its requires_grad=False
2026/07/30 20:46:01 - mmengine - WARNING - backbone.backbone.blocks.11.mlp.fc2.weight is skipped since its requires_grad=False
2026/07/30 20:46:01 - mmengine - WARNING - backbone.backbone.blocks.11.mlp.fc2.bias is skipped since its requires_grad=False
2026/07/30 20:46:01 - mmengine - WARNING - backbone.backbone.blocks.11.ls2.gamma is skipped since its requires_grad=False
2026/07/30 20:46:01 - mmengine - WARNING - backbone.backbone.blocks.12.norm1.weight is skipped since its requires_grad=False
2026/07/30 20:46:01 - mmengine - WARNING - backbone.backbone.blocks.12.norm1.bias is skipped since its requires_grad=False
2026/07/30 20:46:01 - mmengine - WARNING - backbone.backbone.blocks.12.attn.qkv.weight is skipped since its requires_grad=False
2026/07/30 20:46:01 - mmengine - WARNING - backbone.backbone.blocks.12.attn.qkv.bias is skipped since its requires_grad=False
2026/07/30 20:46:01 - mmengine - WARNING - backbone.backbone.blocks.12.attn.proj.weight is skipped since its requires_grad=False
2026/07/30 20:46:01 - mmengine - WARNING - backbone.backbone.blocks.12.attn.proj.bias is skipped since its requires_grad=False
2026/07/30 20:46:01 - mmengine - WARNING - backbone.backbone.blocks.12.ls1.gamma is skipped since its requires_grad=False
2026/07/30 20:46:01 - mmengine - WARNING - backbone.backbone.blocks.12.norm2.weight is skipped since its requires_grad=False
2026/07/30 20:46:01 - mmengine - WARNING - backbone.backbone.blocks.12.norm2.bias is skipped since its requires_grad=False
2026/07/30 20:46:01 - mmengine - WARNING - backbone.backbone.blocks.12.mlp.fc1.weight is skipped since its requires_grad=False
2026/07/30 20:46:01 - mmengine - WARNING - backbone.backbone.blocks.12.mlp.fc1.bias is skipped since its requires_grad=False
2026/07/30 20:46:01 - mmengine - WARNING - backbone.backbone.blocks.12.mlp.fc2.weight is skipped since its requires_grad=False
2026/07/30 20:46:01 - mmengine - WARNING - backbone.backbone.blocks.12.mlp.fc2.bias is skipped since its requires_grad=False
2026/07/30 20:46:01 - mmengine - WARNING - backbone.backbone.blocks.12.ls2.gamma is skipped since its requires_grad=False
2026/07/30 20:46:01 - mmengine - WARNING - backbone.backbone.blocks.13.norm1.weight is skipped since its requires_grad=False
2026/07/30 20:46:01 - mmengine - WARNING - backbone.backbone.blocks.13.norm1.bias is skipped since its requires_grad=False
2026/07/30 20:46:01 - mmengine - WARNING - backbone.backbone.blocks.13.attn.qkv.weight is skipped since its requires_grad=False
2026/07/30 20:46:01 - mmengine - WARNING - backbone.backbone.blocks.13.attn.qkv.bias is skipped since its requires_grad=False
2026/07/30 20:46:01 - mmengine - WARNING - backbone.backbone.blocks.13.attn.proj.weight is skipped since its requires_grad=False
2026/07/30 20:46:01 - mmengine - WARNING - backbone.backbone.blocks.13.attn.proj.bias is skipped since its requires_grad=False
2026/07/30 20:46:01 - mmengine - WARNING - backbone.backbone.blocks.13.ls1.gamma is skipped since its requires_grad=False
2026/07/30 20:46:01 - mmengine - WARNING - backbone.backbone.blocks.13.norm2.weight is skipped since its requires_grad=False
2026/07/30 20:46:01 - mmengine - WARNING - backbone.backbone.blocks.13.norm2.bias is skipped since its requires_grad=False
2026/07/30 20:46:01 - mmengine - WARNING - backbone.backbone.blocks.13.mlp.fc1.weight is skipped since its requires_grad=False
2026/07/30 20:46:01 - mmengine - WARNING - backbone.backbone.blocks.13.mlp.fc1.bias is skipped since its requires_grad=False
2026/07/30 20:46:01 - mmengine - WARNING - backbone.backbone.blocks.13.mlp.fc2.weight is skipped since its requires_grad=False
2026/07/30 20:46:01 - mmengine - WARNING - backbone.backbone.blocks.13.mlp.fc2.bias is skipped since its requires_grad=False
2026/07/30 20:46:01 - mmengine - WARNING - backbone.backbone.blocks.13.ls2.gamma is skipped since its requires_grad=False
2026/07/30 20:46:01 - mmengine - WARNING - backbone.backbone.blocks.14.norm1.weight is skipped since its requires_grad=False
2026/07/30 20:46:01 - mmengine - WARNING - backbone.backbone.blocks.14.norm1.bias is skipped since its requires_grad=False
2026/07/30 20:46:01 - mmengine - WARNING - backbone.backbone.blocks.14.attn.qkv.weight is skipped since its requires_grad=False
2026/07/30 20:46:01 - mmengine - WARNING - backbone.backbone.blocks.14.attn.qkv.bias is skipped since its requires_grad=False
2026/07/30 20:46:01 - mmengine - WARNING - backbone.backbone.blocks.14.attn.proj.weight is skipped since its requires_grad=False
2026/07/30 20:46:01 - mmengine - WARNING - backbone.backbone.blocks.14.attn.proj.bias is skipped since its requires_grad=False
2026/07/30 20:46:01 - mmengine - WARNING - backbone.backbone.blocks.14.ls1.gamma is skipped since its requires_grad=False
2026/07/30 20:46:01 - mmengine - WARNING - backbone.backbone.blocks.14.norm2.weight is skipped since its requires_grad=False
2026/07/30 20:46:01 - mmengine - WARNING - backbone.backbone.blocks.14.norm2.bias is skipped since its requires_grad=False
2026/07/30 20:46:01 - mmengine - WARNING - backbone.backbone.blocks.14.mlp.fc1.weight is skipped since its requires_grad=False
2026/07/30 20:46:01 - mmengine - WARNING - backbone.backbone.blocks.14.mlp.fc1.bias is skipped since its requires_grad=False
2026/07/30 20:46:01 - mmengine - WARNING - backbone.backbone.blocks.14.mlp.fc2.weight is skipped since its requires_grad=False
2026/07/30 20:46:01 - mmengine - WARNING - backbone.backbone.blocks.14.mlp.fc2.bias is skipped since its requires_grad=False
2026/07/30 20:46:01 - mmengine - WARNING - backbone.backbone.blocks.14.ls2.gamma is skipped since its requires_grad=False
2026/07/30 20:46:01 - mmengine - WARNING - backbone.backbone.blocks.15.norm1.weight is skipped since its requires_grad=False
2026/07/30 20:46:01 - mmengine - WARNING - backbone.backbone.blocks.15.norm1.bias is skipped since its requires_grad=False
2026/07/30 20:46:01 - mmengine - WARNING - backbone.backbone.blocks.15.attn.qkv.weight is skipped since its requires_grad=False
2026/07/30 20:46:01 - mmengine - WARNING - backbone.backbone.blocks.15.attn.qkv.bias is skipped since its requires_grad=False
2026/07/30 20:46:01 - mmengine - WARNING - backbone.backbone.blocks.15.attn.proj.weight is skipped since its requires_grad=False
2026/07/30 20:46:01 - mmengine - WARNING - backbone.backbone.blocks.15.attn.proj.bias is skipped since its requires_grad=False
2026/07/30 20:46:01 - mmengine - WARNING - backbone.backbone.blocks.15.ls1.gamma is skipped since its requires_grad=False
2026/07/30 20:46:01 - mmengine - WARNING - backbone.backbone.blocks.15.norm2.weight is skipped since its requires_grad=False
2026/07/30 20:46:01 - mmengine - WARNING - backbone.backbone.blocks.15.norm2.bias is skipped since its requires_grad=False
2026/07/30 20:46:01 - mmengine - WARNING - backbone.backbone.blocks.15.mlp.fc1.weight is skipped since its requires_grad=False
2026/07/30 20:46:01 - mmengine - WARNING - backbone.backbone.blocks.15.mlp.fc1.bias is skipped since its requires_grad=False
2026/07/30 20:46:01 - mmengine - WARNING - backbone.backbone.blocks.15.mlp.fc2.weight is skipped since its requires_grad=False
2026/07/30 20:46:01 - mmengine - WARNING - backbone.backbone.blocks.15.mlp.fc2.bias is skipped since its requires_grad=False
2026/07/30 20:46:01 - mmengine - WARNING - backbone.backbone.blocks.15.ls2.gamma is skipped since its requires_grad=False
2026/07/30 20:46:01 - mmengine - WARNING - backbone.backbone.blocks.16.norm1.weight is skipped since its requires_grad=False
2026/07/30 20:46:01 - mmengine - WARNING - backbone.backbone.blocks.16.norm1.bias is skipped since its requires_grad=False
2026/07/30 20:46:01 - mmengine - WARNING - backbone.backbone.blocks.16.attn.qkv.weight is skipped since its requires_grad=False
2026/07/30 20:46:01 - mmengine - WARNING - backbone.backbone.blocks.16.attn.qkv.bias is skipped since its requires_grad=False
2026/07/30 20:46:01 - mmengine - WARNING - backbone.backbone.blocks.16.attn.proj.weight is skipped since its requires_grad=False
2026/07/30 20:46:01 - mmengine - WARNING - backbone.backbone.blocks.16.attn.proj.bias is skipped since its requires_grad=False
2026/07/30 20:46:01 - mmengine - WARNING - backbone.backbone.blocks.16.ls1.gamma is skipped since its requires_grad=False
2026/07/30 20:46:01 - mmengine - WARNING - backbone.backbone.blocks.16.norm2.weight is skipped since its requires_grad=False
2026/07/30 20:46:01 - mmengine - WARNING - backbone.backbone.blocks.16.norm2.bias is skipped since its requires_grad=False
2026/07/30 20:46:01 - mmengine - WARNING - backbone.backbone.blocks.16.mlp.fc1.weight is skipped since its requires_grad=False
2026/07/30 20:46:01 - mmengine - WARNING - backbone.backbone.blocks.16.mlp.fc1.bias is skipped since its requires_grad=False
2026/07/30 20:46:01 - mmengine - WARNING - backbone.backbone.blocks.16.mlp.fc2.weight is skipped since its requires_grad=False
2026/07/30 20:46:01 - mmengine - WARNING - backbone.backbone.blocks.16.mlp.fc2.bias is skipped since its requires_grad=False
2026/07/30 20:46:01 - mmengine - WARNING - backbone.backbone.blocks.16.ls2.gamma is skipped since its requires_grad=False
2026/07/30 20:46:01 - mmengine - WARNING - backbone.backbone.blocks.17.norm1.weight is skipped since its requires_grad=False
2026/07/30 20:46:01 - mmengine - WARNING - backbone.backbone.blocks.17.norm1.bias is skipped since its requires_grad=False
2026/07/30 20:46:01 - mmengine - WARNING - backbone.backbone.blocks.17.attn.qkv.weight is skipped since its requires_grad=False
2026/07/30 20:46:01 - mmengine - WARNING - backbone.backbone.blocks.17.attn.qkv.bias is skipped since its requires_grad=False
2026/07/30 20:46:01 - mmengine - WARNING - backbone.backbone.blocks.17.attn.proj.weight is skipped since its requires_grad=False
2026/07/30 20:46:01 - mmengine - WARNING - backbone.backbone.blocks.17.attn.proj.bias is skipped since its requires_grad=False
2026/07/30 20:46:01 - mmengine - WARNING - backbone.backbone.blocks.17.ls1.gamma is skipped since its requires_grad=False
2026/07/30 20:46:01 - mmengine - WARNING - backbone.backbone.blocks.17.norm2.weight is skipped since its requires_grad=False
2026/07/30 20:46:01 - mmengine - WARNING - backbone.backbone.blocks.17.norm2.bias is skipped since its requires_grad=False
2026/07/30 20:46:01 - mmengine - WARNING - backbone.backbone.blocks.17.mlp.fc1.weight is skipped since its requires_grad=False
2026/07/30 20:46:01 - mmengine - WARNING - backbone.backbone.blocks.17.mlp.fc1.bias is skipped since its requires_grad=False
2026/07/30 20:46:01 - mmengine - WARNING - backbone.backbone.blocks.17.mlp.fc2.weight is skipped since its requires_grad=False
2026/07/30 20:46:01 - mmengine - WARNING - backbone.backbone.blocks.17.mlp.fc2.bias is skipped since its requires_grad=False
2026/07/30 20:46:01 - mmengine - WARNING - backbone.backbone.blocks.17.ls2.gamma is skipped since its requires_grad=False
2026/07/30 20:46:01 - mmengine - WARNING - backbone.backbone.blocks.18.norm1.weight is skipped since its requires_grad=False
2026/07/30 20:46:01 - mmengine - WARNING - backbone.backbone.blocks.18.norm1.bias is skipped since its requires_grad=False
2026/07/30 20:46:01 - mmengine - WARNING - backbone.backbone.blocks.18.attn.qkv.weight is skipped since its requires_grad=False
2026/07/30 20:46:01 - mmengine - WARNING - backbone.backbone.blocks.18.attn.qkv.bias is skipped since its requires_grad=False
2026/07/30 20:46:01 - mmengine - WARNING - backbone.backbone.blocks.18.attn.proj.weight is skipped since its requires_grad=False
2026/07/30 20:46:01 - mmengine - WARNING - backbone.backbone.blocks.18.attn.proj.bias is skipped since its requires_grad=False
2026/07/30 20:46:01 - mmengine - WARNING - backbone.backbone.blocks.18.ls1.gamma is skipped since its requires_grad=False
2026/07/30 20:46:01 - mmengine - WARNING - backbone.backbone.blocks.18.norm2.weight is skipped since its requires_grad=False
2026/07/30 20:46:01 - mmengine - WARNING - backbone.backbone.blocks.18.norm2.bias is skipped since its requires_grad=False
2026/07/30 20:46:01 - mmengine - WARNING - backbone.backbone.blocks.18.mlp.fc1.weight is skipped since its requires_grad=False
2026/07/30 20:46:01 - mmengine - WARNING - backbone.backbone.blocks.18.mlp.fc1.bias is skipped since its requires_grad=False
2026/07/30 20:46:01 - mmengine - WARNING - backbone.backbone.blocks.18.mlp.fc2.weight is skipped since its requires_grad=False
2026/07/30 20:46:01 - mmengine - WARNING - backbone.backbone.blocks.18.mlp.fc2.bias is skipped since its requires_grad=False
2026/07/30 20:46:01 - mmengine - WARNING - backbone.backbone.blocks.18.ls2.gamma is skipped since its requires_grad=False
2026/07/30 20:46:01 - mmengine - WARNING - backbone.backbone.blocks.19.norm1.weight is skipped since its requires_grad=False
2026/07/30 20:46:01 - mmengine - WARNING - backbone.backbone.blocks.19.norm1.bias is skipped since its requires_grad=False
2026/07/30 20:46:01 - mmengine - WARNING - backbone.backbone.blocks.19.attn.qkv.weight is skipped since its requires_grad=False
2026/07/30 20:46:01 - mmengine - WARNING - backbone.backbone.blocks.19.attn.qkv.bias is skipped since its requires_grad=False
2026/07/30 20:46:01 - mmengine - WARNING - backbone.backbone.blocks.19.attn.proj.weight is skipped since its requires_grad=False
2026/07/30 20:46:01 - mmengine - WARNING - backbone.backbone.blocks.19.attn.proj.bias is skipped since its requires_grad=False
2026/07/30 20:46:01 - mmengine - WARNING - backbone.backbone.blocks.19.ls1.gamma is skipped since its requires_grad=False
2026/07/30 20:46:01 - mmengine - WARNING - backbone.backbone.blocks.19.norm2.weight is skipped since its requires_grad=False
2026/07/30 20:46:01 - mmengine - WARNING - backbone.backbone.blocks.19.norm2.bias is skipped since its requires_grad=False
2026/07/30 20:46:01 - mmengine - WARNING - backbone.backbone.blocks.19.mlp.fc1.weight is skipped since its requires_grad=False
2026/07/30 20:46:01 - mmengine - WARNING - backbone.backbone.blocks.19.mlp.fc1.bias is skipped since its requires_grad=False
2026/07/30 20:46:01 - mmengine - WARNING - backbone.backbone.blocks.19.mlp.fc2.weight is skipped since its requires_grad=False
2026/07/30 20:46:01 - mmengine - WARNING - backbone.backbone.blocks.19.mlp.fc2.bias is skipped since its requires_grad=False
2026/07/30 20:46:01 - mmengine - WARNING - backbone.backbone.blocks.19.ls2.gamma is skipped since its requires_grad=False
2026/07/30 20:46:01 - mmengine - WARNING - backbone.backbone.blocks.20.norm1.weight is skipped since its requires_grad=False
2026/07/30 20:46:01 - mmengine - WARNING - backbone.backbone.blocks.20.norm1.bias is skipped since its requires_grad=False
2026/07/30 20:46:01 - mmengine - WARNING - backbone.backbone.blocks.20.attn.qkv.weight is skipped since its requires_grad=False
2026/07/30 20:46:01 - mmengine - WARNING - backbone.backbone.blocks.20.attn.qkv.bias is skipped since its requires_grad=False
2026/07/30 20:46:01 - mmengine - WARNING - backbone.backbone.blocks.20.attn.proj.weight is skipped since its requires_grad=False
2026/07/30 20:46:01 - mmengine - WARNING - backbone.backbone.blocks.20.attn.proj.bias is skipped since its requires_grad=False
2026/07/30 20:46:01 - mmengine - WARNING - backbone.backbone.blocks.20.ls1.gamma is skipped since its requires_grad=False
2026/07/30 20:46:01 - mmengine - WARNING - backbone.backbone.blocks.20.norm2.weight is skipped since its requires_grad=False
2026/07/30 20:46:01 - mmengine - WARNING - backbone.backbone.blocks.20.norm2.bias is skipped since its requires_grad=False
2026/07/30 20:46:01 - mmengine - WARNING - backbone.backbone.blocks.20.mlp.fc1.weight is skipped since its requires_grad=False
2026/07/30 20:46:01 - mmengine - WARNING - backbone.backbone.blocks.20.mlp.fc1.bias is skipped since its requires_grad=False
2026/07/30 20:46:01 - mmengine - WARNING - backbone.backbone.blocks.20.mlp.fc2.weight is skipped since its requires_grad=False
2026/07/30 20:46:01 - mmengine - WARNING - backbone.backbone.blocks.20.mlp.fc2.bias is skipped since its requires_grad=False
2026/07/30 20:46:01 - mmengine - WARNING - backbone.backbone.blocks.20.ls2.gamma is skipped since its requires_grad=False
2026/07/30 20:46:01 - mmengine - WARNING - backbone.backbone.blocks.21.norm1.weight is skipped since its requires_grad=False
2026/07/30 20:46:01 - mmengine - WARNING - backbone.backbone.blocks.21.norm1.bias is skipped since its requires_grad=False
2026/07/30 20:46:01 - mmengine - WARNING - backbone.backbone.blocks.21.attn.qkv.weight is skipped since its requires_grad=False
2026/07/30 20:46:01 - mmengine - WARNING - backbone.backbone.blocks.21.attn.qkv.bias is skipped since its requires_grad=False
2026/07/30 20:46:01 - mmengine - WARNING - backbone.backbone.blocks.21.attn.proj.weight is skipped since its requires_grad=False
2026/07/30 20:46:01 - mmengine - WARNING - backbone.backbone.blocks.21.attn.proj.bias is skipped since its requires_grad=False
2026/07/30 20:46:01 - mmengine - WARNING - backbone.backbone.blocks.21.ls1.gamma is skipped since its requires_grad=False
2026/07/30 20:46:01 - mmengine - WARNING - backbone.backbone.blocks.21.norm2.weight is skipped since its requires_grad=False
2026/07/30 20:46:01 - mmengine - WARNING - backbone.backbone.blocks.21.norm2.bias is skipped since its requires_grad=False
2026/07/30 20:46:01 - mmengine - WARNING - backbone.backbone.blocks.21.mlp.fc1.weight is skipped since its requires_grad=False
2026/07/30 20:46:01 - mmengine - WARNING - backbone.backbone.blocks.21.mlp.fc1.bias is skipped since its requires_grad=False
2026/07/30 20:46:01 - mmengine - WARNING - backbone.backbone.blocks.21.mlp.fc2.weight is skipped since its requires_grad=False
2026/07/30 20:46:01 - mmengine - WARNING - backbone.backbone.blocks.21.mlp.fc2.bias is skipped since its requires_grad=False
2026/07/30 20:46:01 - mmengine - WARNING - backbone.backbone.blocks.21.ls2.gamma is skipped since its requires_grad=False
2026/07/30 20:46:01 - mmengine - WARNING - backbone.backbone.blocks.22.norm1.weight is skipped since its requires_grad=False
2026/07/30 20:46:01 - mmengine - WARNING - backbone.backbone.blocks.22.norm1.bias is skipped since its requires_grad=False
2026/07/30 20:46:01 - mmengine - WARNING - backbone.backbone.blocks.22.attn.qkv.weight is skipped since its requires_grad=False
2026/07/30 20:46:01 - mmengine - WARNING - backbone.backbone.blocks.22.attn.qkv.bias is skipped since its requires_grad=False
2026/07/30 20:46:01 - mmengine - WARNING - backbone.backbone.blocks.22.attn.proj.weight is skipped since its requires_grad=False
2026/07/30 20:46:01 - mmengine - WARNING - backbone.backbone.blocks.22.attn.proj.bias is skipped since its requires_grad=False
2026/07/30 20:46:01 - mmengine - WARNING - backbone.backbone.blocks.22.ls1.gamma is skipped since its requires_grad=False
2026/07/30 20:46:01 - mmengine - WARNING - backbone.backbone.blocks.22.norm2.weight is skipped since its requires_grad=False
2026/07/30 20:46:01 - mmengine - WARNING - backbone.backbone.blocks.22.norm2.bias is skipped since its requires_grad=False
2026/07/30 20:46:01 - mmengine - WARNING - backbone.backbone.blocks.22.mlp.fc1.weight is skipped since its requires_grad=False
2026/07/30 20:46:01 - mmengine - WARNING - backbone.backbone.blocks.22.mlp.fc1.bias is skipped since its requires_grad=False
2026/07/30 20:46:01 - mmengine - WARNING - backbone.backbone.blocks.22.mlp.fc2.weight is skipped since its requires_grad=False
2026/07/30 20:46:01 - mmengine - WARNING - backbone.backbone.blocks.22.mlp.fc2.bias is skipped since its requires_grad=False
2026/07/30 20:46:01 - mmengine - WARNING - backbone.backbone.blocks.22.ls2.gamma is skipped since its requires_grad=False
2026/07/30 20:46:01 - mmengine - WARNING - backbone.backbone.blocks.23.norm1.weight is skipped since its requires_grad=False
2026/07/30 20:46:01 - mmengine - WARNING - backbone.backbone.blocks.23.norm1.bias is skipped since its requires_grad=False
2026/07/30 20:46:01 - mmengine - WARNING - backbone.backbone.blocks.23.attn.qkv.weight is skipped since its requires_grad=False
2026/07/30 20:46:01 - mmengine - WARNING - backbone.backbone.blocks.23.attn.qkv.bias is skipped since its requires_grad=False
2026/07/30 20:46:01 - mmengine - WARNING - backbone.backbone.blocks.23.attn.proj.weight is skipped since its requires_grad=False
2026/07/30 20:46:01 - mmengine - WARNING - backbone.backbone.blocks.23.attn.proj.bias is skipped since its requires_grad=False
2026/07/30 20:46:01 - mmengine - WARNING - backbone.backbone.blocks.23.ls1.gamma is skipped since its requires_grad=False
2026/07/30 20:46:01 - mmengine - WARNING - backbone.backbone.blocks.23.norm2.weight is skipped since its requires_grad=False
2026/07/30 20:46:01 - mmengine - WARNING - backbone.backbone.blocks.23.norm2.bias is skipped since its requires_grad=False
2026/07/30 20:46:01 - mmengine - WARNING - backbone.backbone.blocks.23.mlp.fc1.weight is skipped since its requires_grad=False
2026/07/30 20:46:01 - mmengine - WARNING - backbone.backbone.blocks.23.mlp.fc1.bias is skipped since its requires_grad=False
2026/07/30 20:46:01 - mmengine - WARNING - backbone.backbone.blocks.23.mlp.fc2.weight is skipped since its requires_grad=False
2026/07/30 20:46:01 - mmengine - WARNING - backbone.backbone.blocks.23.mlp.fc2.bias is skipped since its requires_grad=False
2026/07/30 20:46:01 - mmengine - WARNING - backbone.backbone.blocks.23.ls2.gamma is skipped since its requires_grad=False
2026/07/30 20:46:01 - mmengine - WARNING - backbone.backbone.norm.weight is skipped since its requires_grad=False
2026/07/30 20:46:01 - mmengine - WARNING - backbone.backbone.norm.bias is skipped since its requires_grad=False
2026/07/30 20:46:01 - mmengine - WARNING - backbone.adapter.backbone.cls_token is skipped since its requires_grad=False
2026/07/30 20:46:01 - mmengine - WARNING - backbone.adapter.backbone.storage_tokens is skipped since its requires_grad=False
2026/07/30 20:46:01 - mmengine - WARNING - backbone.adapter.backbone.mask_token is skipped since its requires_grad=False
2026/07/30 20:46:01 - mmengine - WARNING - backbone.adapter.backbone.patch_embed.proj.weight is skipped since its requires_grad=False
2026/07/30 20:46:01 - mmengine - WARNING - backbone.adapter.backbone.patch_embed.proj.bias is skipped since its requires_grad=False
2026/07/30 20:46:01 - mmengine - WARNING - backbone.adapter.backbone.blocks.0.norm1.weight is skipped since its requires_grad=False
2026/07/30 20:46:01 - mmengine - WARNING - backbone.adapter.backbone.blocks.0.norm1.bias is skipped since its requires_grad=False
2026/07/30 20:46:01 - mmengine - WARNING - backbone.adapter.backbone.blocks.0.attn.qkv.weight is skipped since its requires_grad=False
2026/07/30 20:46:01 - mmengine - WARNING - backbone.adapter.backbone.blocks.0.attn.qkv.bias is skipped since its requires_grad=False
2026/07/30 20:46:01 - mmengine - WARNING - backbone.adapter.backbone.blocks.0.attn.proj.weight is skipped since its requires_grad=False
2026/07/30 20:46:01 - mmengine - WARNING - backbone.adapter.backbone.blocks.0.attn.proj.bias is skipped since its requires_grad=False
2026/07/30 20:46:01 - mmengine - WARNING - backbone.adapter.backbone.blocks.0.ls1.gamma is skipped since its requires_grad=False
2026/07/30 20:46:01 - mmengine - WARNING - backbone.adapter.backbone.blocks.0.norm2.weight is skipped since its requires_grad=False
2026/07/30 20:46:01 - mmengine - WARNING - backbone.adapter.backbone.blocks.0.norm2.bias is skipped since its requires_grad=False
2026/07/30 20:46:01 - mmengine - WARNING - backbone.adapter.backbone.blocks.0.mlp.fc1.weight is skipped since its requires_grad=False
2026/07/30 20:46:01 - mmengine - WARNING - backbone.adapter.backbone.blocks.0.mlp.fc1.bias is skipped since its requires_grad=False
2026/07/30 20:46:01 - mmengine - WARNING - backbone.adapter.backbone.blocks.0.mlp.fc2.weight is skipped since its requires_grad=False
2026/07/30 20:46:01 - mmengine - WARNING - backbone.adapter.backbone.blocks.0.mlp.fc2.bias is skipped since its requires_grad=False
2026/07/30 20:46:01 - mmengine - WARNING - backbone.adapter.backbone.blocks.0.ls2.gamma is skipped since its requires_grad=False
2026/07/30 20:46:01 - mmengine - WARNING - backbone.adapter.backbone.blocks.1.norm1.weight is skipped since its requires_grad=False
2026/07/30 20:46:01 - mmengine - WARNING - backbone.adapter.backbone.blocks.1.norm1.bias is skipped since its requires_grad=False
2026/07/30 20:46:01 - mmengine - WARNING - backbone.adapter.backbone.blocks.1.attn.qkv.weight is skipped since its requires_grad=False
2026/07/30 20:46:01 - mmengine - WARNING - backbone.adapter.backbone.blocks.1.attn.qkv.bias is skipped since its requires_grad=False
2026/07/30 20:46:01 - mmengine - WARNING - backbone.adapter.backbone.blocks.1.attn.proj.weight is skipped since its requires_grad=False
2026/07/30 20:46:01 - mmengine - WARNING - backbone.adapter.backbone.blocks.1.attn.proj.bias is skipped since its requires_grad=False
2026/07/30 20:46:01 - mmengine - WARNING - backbone.adapter.backbone.blocks.1.ls1.gamma is skipped since its requires_grad=False
2026/07/30 20:46:01 - mmengine - WARNING - backbone.adapter.backbone.blocks.1.norm2.weight is skipped since its requires_grad=False
2026/07/30 20:46:01 - mmengine - WARNING - backbone.adapter.backbone.blocks.1.norm2.bias is skipped since its requires_grad=False
2026/07/30 20:46:01 - mmengine - WARNING - backbone.adapter.backbone.blocks.1.mlp.fc1.weight is skipped since its requires_grad=False
2026/07/30 20:46:01 - mmengine - WARNING - backbone.adapter.backbone.blocks.1.mlp.fc1.bias is skipped since its requires_grad=False
2026/07/30 20:46:01 - mmengine - WARNING - backbone.adapter.backbone.blocks.1.mlp.fc2.weight is skipped since its requires_grad=False
2026/07/30 20:46:01 - mmengine - WARNING - backbone.adapter.backbone.blocks.1.mlp.fc2.bias is skipped since its requires_grad=False
2026/07/30 20:46:01 - mmengine - WARNING - backbone.adapter.backbone.blocks.1.ls2.gamma is skipped since its requires_grad=False
2026/07/30 20:46:01 - mmengine - WARNING - backbone.adapter.backbone.blocks.2.norm1.weight is skipped since its requires_grad=False
2026/07/30 20:46:01 - mmengine - WARNING - backbone.adapter.backbone.blocks.2.norm1.bias is skipped since its requires_grad=False
2026/07/30 20:46:01 - mmengine - WARNING - backbone.adapter.backbone.blocks.2.attn.qkv.weight is skipped since its requires_grad=False
2026/07/30 20:46:01 - mmengine - WARNING - backbone.adapter.backbone.blocks.2.attn.qkv.bias is skipped since its requires_grad=False
2026/07/30 20:46:01 - mmengine - WARNING - backbone.adapter.backbone.blocks.2.attn.proj.weight is skipped since its requires_grad=False
2026/07/30 20:46:01 - mmengine - WARNING - backbone.adapter.backbone.blocks.2.attn.proj.bias is skipped since its requires_grad=False
2026/07/30 20:46:01 - mmengine - WARNING - backbone.adapter.backbone.blocks.2.ls1.gamma is skipped since its requires_grad=False
2026/07/30 20:46:01 - mmengine - WARNING - backbone.adapter.backbone.blocks.2.norm2.weight is skipped since its requires_grad=False
2026/07/30 20:46:01 - mmengine - WARNING - backbone.adapter.backbone.blocks.2.norm2.bias is skipped since its requires_grad=False
2026/07/30 20:46:01 - mmengine - WARNING - backbone.adapter.backbone.blocks.2.mlp.fc1.weight is skipped since its requires_grad=False
2026/07/30 20:46:01 - mmengine - WARNING - backbone.adapter.backbone.blocks.2.mlp.fc1.bias is skipped since its requires_grad=False
2026/07/30 20:46:01 - mmengine - WARNING - backbone.adapter.backbone.blocks.2.mlp.fc2.weight is skipped since its requires_grad=False
2026/07/30 20:46:01 - mmengine - WARNING - backbone.adapter.backbone.blocks.2.mlp.fc2.bias is skipped since its requires_grad=False
2026/07/30 20:46:01 - mmengine - WARNING - backbone.adapter.backbone.blocks.2.ls2.gamma is skipped since its requires_grad=False
2026/07/30 20:46:01 - mmengine - WARNING - backbone.adapter.backbone.blocks.3.norm1.weight is skipped since its requires_grad=False
2026/07/30 20:46:01 - mmengine - WARNING - backbone.adapter.backbone.blocks.3.norm1.bias is skipped since its requires_grad=False
2026/07/30 20:46:01 - mmengine - WARNING - backbone.adapter.backbone.blocks.3.attn.qkv.weight is skipped since its requires_grad=False
2026/07/30 20:46:01 - mmengine - WARNING - backbone.adapter.backbone.blocks.3.attn.qkv.bias is skipped since its requires_grad=False
2026/07/30 20:46:01 - mmengine - WARNING - backbone.adapter.backbone.blocks.3.attn.proj.weight is skipped since its requires_grad=False
2026/07/30 20:46:01 - mmengine - WARNING - backbone.adapter.backbone.blocks.3.attn.proj.bias is skipped since its requires_grad=False
2026/07/30 20:46:01 - mmengine - WARNING - backbone.adapter.backbone.blocks.3.ls1.gamma is skipped since its requires_grad=False
2026/07/30 20:46:01 - mmengine - WARNING - backbone.adapter.backbone.blocks.3.norm2.weight is skipped since its requires_grad=False
2026/07/30 20:46:01 - mmengine - WARNING - backbone.adapter.backbone.blocks.3.norm2.bias is skipped since its requires_grad=False
2026/07/30 20:46:01 - mmengine - WARNING - backbone.adapter.backbone.blocks.3.mlp.fc1.weight is skipped since its requires_grad=False
2026/07/30 20:46:01 - mmengine - WARNING - backbone.adapter.backbone.blocks.3.mlp.fc1.bias is skipped since its requires_grad=False
2026/07/30 20:46:01 - mmengine - WARNING - backbone.adapter.backbone.blocks.3.mlp.fc2.weight is skipped since its requires_grad=False
2026/07/30 20:46:01 - mmengine - WARNING - backbone.adapter.backbone.blocks.3.mlp.fc2.bias is skipped since its requires_grad=False
2026/07/30 20:46:01 - mmengine - WARNING - backbone.adapter.backbone.blocks.3.ls2.gamma is skipped since its requires_grad=False
2026/07/30 20:46:01 - mmengine - WARNING - backbone.adapter.backbone.blocks.4.norm1.weight is skipped since its requires_grad=False
2026/07/30 20:46:01 - mmengine - WARNING - backbone.adapter.backbone.blocks.4.norm1.bias is skipped since its requires_grad=False
2026/07/30 20:46:01 - mmengine - WARNING - backbone.adapter.backbone.blocks.4.attn.qkv.weight is skipped since its requires_grad=False
2026/07/30 20:46:01 - mmengine - WARNING - backbone.adapter.backbone.blocks.4.attn.qkv.bias is skipped since its requires_grad=False
2026/07/30 20:46:01 - mmengine - WARNING - backbone.adapter.backbone.blocks.4.attn.proj.weight is skipped since its requires_grad=False
2026/07/30 20:46:01 - mmengine - WARNING - backbone.adapter.backbone.blocks.4.attn.proj.bias is skipped since its requires_grad=False
2026/07/30 20:46:01 - mmengine - WARNING - backbone.adapter.backbone.blocks.4.ls1.gamma is skipped since its requires_grad=False
2026/07/30 20:46:01 - mmengine - WARNING - backbone.adapter.backbone.blocks.4.norm2.weight is skipped since its requires_grad=False
2026/07/30 20:46:01 - mmengine - WARNING - backbone.adapter.backbone.blocks.4.norm2.bias is skipped since its requires_grad=False
2026/07/30 20:46:01 - mmengine - WARNING - backbone.adapter.backbone.blocks.4.mlp.fc1.weight is skipped since its requires_grad=False
2026/07/30 20:46:01 - mmengine - WARNING - backbone.adapter.backbone.blocks.4.mlp.fc1.bias is skipped since its requires_grad=False
2026/07/30 20:46:01 - mmengine - WARNING - backbone.adapter.backbone.blocks.4.mlp.fc2.weight is skipped since its requires_grad=False
2026/07/30 20:46:01 - mmengine - WARNING - backbone.adapter.backbone.blocks.4.mlp.fc2.bias is skipped since its requires_grad=False
2026/07/30 20:46:01 - mmengine - WARNING - backbone.adapter.backbone.blocks.4.ls2.gamma is skipped since its requires_grad=False
2026/07/30 20:46:01 - mmengine - WARNING - backbone.adapter.backbone.blocks.5.norm1.weight is skipped since its requires_grad=False
2026/07/30 20:46:01 - mmengine - WARNING - backbone.adapter.backbone.blocks.5.norm1.bias is skipped since its requires_grad=False
2026/07/30 20:46:01 - mmengine - WARNING - backbone.adapter.backbone.blocks.5.attn.qkv.weight is skipped since its requires_grad=False
2026/07/30 20:46:01 - mmengine - WARNING - backbone.adapter.backbone.blocks.5.attn.qkv.bias is skipped since its requires_grad=False
2026/07/30 20:46:01 - mmengine - WARNING - backbone.adapter.backbone.blocks.5.attn.proj.weight is skipped since its requires_grad=False
2026/07/30 20:46:01 - mmengine - WARNING - backbone.adapter.backbone.blocks.5.attn.proj.bias is skipped since its requires_grad=False
2026/07/30 20:46:01 - mmengine - WARNING - backbone.adapter.backbone.blocks.5.ls1.gamma is skipped since its requires_grad=False
2026/07/30 20:46:01 - mmengine - WARNING - backbone.adapter.backbone.blocks.5.norm2.weight is skipped since its requires_grad=False
2026/07/30 20:46:01 - mmengine - WARNING - backbone.adapter.backbone.blocks.5.norm2.bias is skipped since its requires_grad=False
2026/07/30 20:46:01 - mmengine - WARNING - backbone.adapter.backbone.blocks.5.mlp.fc1.weight is skipped since its requires_grad=False
2026/07/30 20:46:01 - mmengine - WARNING - backbone.adapter.backbone.blocks.5.mlp.fc1.bias is skipped since its requires_grad=False
2026/07/30 20:46:01 - mmengine - WARNING - backbone.adapter.backbone.blocks.5.mlp.fc2.weight is skipped since its requires_grad=False
2026/07/30 20:46:01 - mmengine - WARNING - backbone.adapter.backbone.blocks.5.mlp.fc2.bias is skipped since its requires_grad=False
2026/07/30 20:46:01 - mmengine - WARNING - backbone.adapter.backbone.blocks.5.ls2.gamma is skipped since its requires_grad=False
2026/07/30 20:46:01 - mmengine - WARNING - backbone.adapter.backbone.blocks.6.norm1.weight is skipped since its requires_grad=False
2026/07/30 20:46:01 - mmengine - WARNING - backbone.adapter.backbone.blocks.6.norm1.bias is skipped since its requires_grad=False
2026/07/30 20:46:01 - mmengine - WARNING - backbone.adapter.backbone.blocks.6.attn.qkv.weight is skipped since its requires_grad=False
2026/07/30 20:46:01 - mmengine - WARNING - backbone.adapter.backbone.blocks.6.attn.qkv.bias is skipped since its requires_grad=False
2026/07/30 20:46:01 - mmengine - WARNING - backbone.adapter.backbone.blocks.6.attn.proj.weight is skipped since its requires_grad=False
2026/07/30 20:46:01 - mmengine - WARNING - backbone.adapter.backbone.blocks.6.attn.proj.bias is skipped since its requires_grad=False
2026/07/30 20:46:01 - mmengine - WARNING - backbone.adapter.backbone.blocks.6.ls1.gamma is skipped since its requires_grad=False
2026/07/30 20:46:01 - mmengine - WARNING - backbone.adapter.backbone.blocks.6.norm2.weight is skipped since its requires_grad=False
2026/07/30 20:46:01 - mmengine - WARNING - backbone.adapter.backbone.blocks.6.norm2.bias is skipped since its requires_grad=False
2026/07/30 20:46:01 - mmengine - WARNING - backbone.adapter.backbone.blocks.6.mlp.fc1.weight is skipped since its requires_grad=False
2026/07/30 20:46:01 - mmengine - WARNING - backbone.adapter.backbone.blocks.6.mlp.fc1.bias is skipped since its requires_grad=False
2026/07/30 20:46:01 - mmengine - WARNING - backbone.adapter.backbone.blocks.6.mlp.fc2.weight is skipped since its requires_grad=False
2026/07/30 20:46:01 - mmengine - WARNING - backbone.adapter.backbone.blocks.6.mlp.fc2.bias is skipped since its requires_grad=False
2026/07/30 20:46:01 - mmengine - WARNING - backbone.adapter.backbone.blocks.6.ls2.gamma is skipped since its requires_grad=False
2026/07/30 20:46:01 - mmengine - WARNING - backbone.adapter.backbone.blocks.7.norm1.weight is skipped since its requires_grad=False
2026/07/30 20:46:01 - mmengine - WARNING - backbone.adapter.backbone.blocks.7.norm1.bias is skipped since its requires_grad=False
2026/07/30 20:46:01 - mmengine - WARNING - backbone.adapter.backbone.blocks.7.attn.qkv.weight is skipped since its requires_grad=False
2026/07/30 20:46:01 - mmengine - WARNING - backbone.adapter.backbone.blocks.7.attn.qkv.bias is skipped since its requires_grad=False
2026/07/30 20:46:01 - mmengine - WARNING - backbone.adapter.backbone.blocks.7.attn.proj.weight is skipped since its requires_grad=False
2026/07/30 20:46:01 - mmengine - WARNING - backbone.adapter.backbone.blocks.7.attn.proj.bias is skipped since its requires_grad=False
2026/07/30 20:46:01 - mmengine - WARNING - backbone.adapter.backbone.blocks.7.ls1.gamma is skipped since its requires_grad=False
2026/07/30 20:46:01 - mmengine - WARNING - backbone.adapter.backbone.blocks.7.norm2.weight is skipped since its requires_grad=False
2026/07/30 20:46:01 - mmengine - WARNING - backbone.adapter.backbone.blocks.7.norm2.bias is skipped since its requires_grad=False
2026/07/30 20:46:01 - mmengine - WARNING - backbone.adapter.backbone.blocks.7.mlp.fc1.weight is skipped since its requires_grad=False
2026/07/30 20:46:01 - mmengine - WARNING - backbone.adapter.backbone.blocks.7.mlp.fc1.bias is skipped since its requires_grad=False
2026/07/30 20:46:01 - mmengine - WARNING - backbone.adapter.backbone.blocks.7.mlp.fc2.weight is skipped since its requires_grad=False
2026/07/30 20:46:01 - mmengine - WARNING - backbone.adapter.backbone.blocks.7.mlp.fc2.bias is skipped since its requires_grad=False
2026/07/30 20:46:01 - mmengine - WARNING - backbone.adapter.backbone.blocks.7.ls2.gamma is skipped since its requires_grad=False
2026/07/30 20:46:01 - mmengine - WARNING - backbone.adapter.backbone.blocks.8.norm1.weight is skipped since its requires_grad=False
2026/07/30 20:46:01 - mmengine - WARNING - backbone.adapter.backbone.blocks.8.norm1.bias is skipped since its requires_grad=False
2026/07/30 20:46:01 - mmengine - WARNING - backbone.adapter.backbone.blocks.8.attn.qkv.weight is skipped since its requires_grad=False
2026/07/30 20:46:01 - mmengine - WARNING - backbone.adapter.backbone.blocks.8.attn.qkv.bias is skipped since its requires_grad=False
2026/07/30 20:46:01 - mmengine - WARNING - backbone.adapter.backbone.blocks.8.attn.proj.weight is skipped since its requires_grad=False
2026/07/30 20:46:01 - mmengine - WARNING - backbone.adapter.backbone.blocks.8.attn.proj.bias is skipped since its requires_grad=False
2026/07/30 20:46:01 - mmengine - WARNING - backbone.adapter.backbone.blocks.8.ls1.gamma is skipped since its requires_grad=False
2026/07/30 20:46:01 - mmengine - WARNING - backbone.adapter.backbone.blocks.8.norm2.weight is skipped since its requires_grad=False
2026/07/30 20:46:01 - mmengine - WARNING - backbone.adapter.backbone.blocks.8.norm2.bias is skipped since its requires_grad=False
2026/07/30 20:46:01 - mmengine - WARNING - backbone.adapter.backbone.blocks.8.mlp.fc1.weight is skipped since its requires_grad=False
2026/07/30 20:46:01 - mmengine - WARNING - backbone.adapter.backbone.blocks.8.mlp.fc1.bias is skipped since its requires_grad=False
2026/07/30 20:46:01 - mmengine - WARNING - backbone.adapter.backbone.blocks.8.mlp.fc2.weight is skipped since its requires_grad=False
2026/07/30 20:46:01 - mmengine - WARNING - backbone.adapter.backbone.blocks.8.mlp.fc2.bias is skipped since its requires_grad=False
2026/07/30 20:46:01 - mmengine - WARNING - backbone.adapter.backbone.blocks.8.ls2.gamma is skipped since its requires_grad=False
2026/07/30 20:46:01 - mmengine - WARNING - backbone.adapter.backbone.blocks.9.norm1.weight is skipped since its requires_grad=False
2026/07/30 20:46:01 - mmengine - WARNING - backbone.adapter.backbone.blocks.9.norm1.bias is skipped since its requires_grad=False
2026/07/30 20:46:01 - mmengine - WARNING - backbone.adapter.backbone.blocks.9.attn.qkv.weight is skipped since its requires_grad=False
2026/07/30 20:46:01 - mmengine - WARNING - backbone.adapter.backbone.blocks.9.attn.qkv.bias is skipped since its requires_grad=False
2026/07/30 20:46:01 - mmengine - WARNING - backbone.adapter.backbone.blocks.9.attn.proj.weight is skipped since its requires_grad=False
2026/07/30 20:46:01 - mmengine - WARNING - backbone.adapter.backbone.blocks.9.attn.proj.bias is skipped since its requires_grad=False
2026/07/30 20:46:01 - mmengine - WARNING - backbone.adapter.backbone.blocks.9.ls1.gamma is skipped since its requires_grad=False
2026/07/30 20:46:01 - mmengine - WARNING - backbone.adapter.backbone.blocks.9.norm2.weight is skipped since its requires_grad=False
2026/07/30 20:46:01 - mmengine - WARNING - backbone.adapter.backbone.blocks.9.norm2.bias is skipped since its requires_grad=False
2026/07/30 20:46:01 - mmengine - WARNING - backbone.adapter.backbone.blocks.9.mlp.fc1.weight is skipped since its requires_grad=False
2026/07/30 20:46:01 - mmengine - WARNING - backbone.adapter.backbone.blocks.9.mlp.fc1.bias is skipped since its requires_grad=False
2026/07/30 20:46:01 - mmengine - WARNING - backbone.adapter.backbone.blocks.9.mlp.fc2.weight is skipped since its requires_grad=False
2026/07/30 20:46:01 - mmengine - WARNING - backbone.adapter.backbone.blocks.9.mlp.fc2.bias is skipped since its requires_grad=False
2026/07/30 20:46:01 - mmengine - WARNING - backbone.adapter.backbone.blocks.9.ls2.gamma is skipped since its requires_grad=False
2026/07/30 20:46:01 - mmengine - WARNING - backbone.adapter.backbone.blocks.10.norm1.weight is skipped since its requires_grad=False
2026/07/30 20:46:01 - mmengine - WARNING - backbone.adapter.backbone.blocks.10.norm1.bias is skipped since its requires_grad=False
2026/07/30 20:46:01 - mmengine - WARNING - backbone.adapter.backbone.blocks.10.attn.qkv.weight is skipped since its requires_grad=False
2026/07/30 20:46:01 - mmengine - WARNING - backbone.adapter.backbone.blocks.10.attn.qkv.bias is skipped since its requires_grad=False
2026/07/30 20:46:01 - mmengine - WARNING - backbone.adapter.backbone.blocks.10.attn.proj.weight is skipped since its requires_grad=False
2026/07/30 20:46:01 - mmengine - WARNING - backbone.adapter.backbone.blocks.10.attn.proj.bias is skipped since its requires_grad=False
2026/07/30 20:46:01 - mmengine - WARNING - backbone.adapter.backbone.blocks.10.ls1.gamma is skipped since its requires_grad=False
2026/07/30 20:46:01 - mmengine - WARNING - backbone.adapter.backbone.blocks.10.norm2.weight is skipped since its requires_grad=False
2026/07/30 20:46:01 - mmengine - WARNING - backbone.adapter.backbone.blocks.10.norm2.bias is skipped since its requires_grad=False
2026/07/30 20:46:01 - mmengine - WARNING - backbone.adapter.backbone.blocks.10.mlp.fc1.weight is skipped since its requires_grad=False
2026/07/30 20:46:01 - mmengine - WARNING - backbone.adapter.backbone.blocks.10.mlp.fc1.bias is skipped since its requires_grad=False
2026/07/30 20:46:01 - mmengine - WARNING - backbone.adapter.backbone.blocks.10.mlp.fc2.weight is skipped since its requires_grad=False
2026/07/30 20:46:01 - mmengine - WARNING - backbone.adapter.backbone.blocks.10.mlp.fc2.bias is skipped since its requires_grad=False
2026/07/30 20:46:01 - mmengine - WARNING - backbone.adapter.backbone.blocks.10.ls2.gamma is skipped since its requires_grad=False
2026/07/30 20:46:01 - mmengine - WARNING - backbone.adapter.backbone.blocks.11.norm1.weight is skipped since its requires_grad=False
2026/07/30 20:46:01 - mmengine - WARNING - backbone.adapter.backbone.blocks.11.norm1.bias is skipped since its requires_grad=False
2026/07/30 20:46:01 - mmengine - WARNING - backbone.adapter.backbone.blocks.11.attn.qkv.weight is skipped since its requires_grad=False
2026/07/30 20:46:01 - mmengine - WARNING - backbone.adapter.backbone.blocks.11.attn.qkv.bias is skipped since its requires_grad=False
2026/07/30 20:46:01 - mmengine - WARNING - backbone.adapter.backbone.blocks.11.attn.proj.weight is skipped since its requires_grad=False
2026/07/30 20:46:01 - mmengine - WARNING - backbone.adapter.backbone.blocks.11.attn.proj.bias is skipped since its requires_grad=False
2026/07/30 20:46:01 - mmengine - WARNING - backbone.adapter.backbone.blocks.11.ls1.gamma is skipped since its requires_grad=False
2026/07/30 20:46:01 - mmengine - WARNING - backbone.adapter.backbone.blocks.11.norm2.weight is skipped since its requires_grad=False
2026/07/30 20:46:01 - mmengine - WARNING - backbone.adapter.backbone.blocks.11.norm2.bias is skipped since its requires_grad=False
2026/07/30 20:46:01 - mmengine - WARNING - backbone.adapter.backbone.blocks.11.mlp.fc1.weight is skipped since its requires_grad=False
2026/07/30 20:46:01 - mmengine - WARNING - backbone.adapter.backbone.blocks.11.mlp.fc1.bias is skipped since its requires_grad=False
2026/07/30 20:46:01 - mmengine - WARNING - backbone.adapter.backbone.blocks.11.mlp.fc2.weight is skipped since its requires_grad=False
2026/07/30 20:46:01 - mmengine - WARNING - backbone.adapter.backbone.blocks.11.mlp.fc2.bias is skipped since its requires_grad=False
2026/07/30 20:46:01 - mmengine - WARNING - backbone.adapter.backbone.blocks.11.ls2.gamma is skipped since its requires_grad=False
2026/07/30 20:46:01 - mmengine - WARNING - backbone.adapter.backbone.blocks.12.norm1.weight is skipped since its requires_grad=False
2026/07/30 20:46:01 - mmengine - WARNING - backbone.adapter.backbone.blocks.12.norm1.bias is skipped since its requires_grad=False
2026/07/30 20:46:01 - mmengine - WARNING - backbone.adapter.backbone.blocks.12.attn.qkv.weight is skipped since its requires_grad=False
2026/07/30 20:46:01 - mmengine - WARNING - backbone.adapter.backbone.blocks.12.attn.qkv.bias is skipped since its requires_grad=False
2026/07/30 20:46:01 - mmengine - WARNING - backbone.adapter.backbone.blocks.12.attn.proj.weight is skipped since its requires_grad=False
2026/07/30 20:46:01 - mmengine - WARNING - backbone.adapter.backbone.blocks.12.attn.proj.bias is skipped since its requires_grad=False
2026/07/30 20:46:01 - mmengine - WARNING - backbone.adapter.backbone.blocks.12.ls1.gamma is skipped since its requires_grad=False
2026/07/30 20:46:01 - mmengine - WARNING - backbone.adapter.backbone.blocks.12.norm2.weight is skipped since its requires_grad=False
2026/07/30 20:46:01 - mmengine - WARNING - backbone.adapter.backbone.blocks.12.norm2.bias is skipped since its requires_grad=False
2026/07/30 20:46:01 - mmengine - WARNING - backbone.adapter.backbone.blocks.12.mlp.fc1.weight is skipped since its requires_grad=False
2026/07/30 20:46:01 - mmengine - WARNING - backbone.adapter.backbone.blocks.12.mlp.fc1.bias is skipped since its requires_grad=False
2026/07/30 20:46:01 - mmengine - WARNING - backbone.adapter.backbone.blocks.12.mlp.fc2.weight is skipped since its requires_grad=False
2026/07/30 20:46:01 - mmengine - WARNING - backbone.adapter.backbone.blocks.12.mlp.fc2.bias is skipped since its requires_grad=False
2026/07/30 20:46:01 - mmengine - WARNING - backbone.adapter.backbone.blocks.12.ls2.gamma is skipped since its requires_grad=False
2026/07/30 20:46:01 - mmengine - WARNING - backbone.adapter.backbone.blocks.13.norm1.weight is skipped since its requires_grad=False
2026/07/30 20:46:01 - mmengine - WARNING - backbone.adapter.backbone.blocks.13.norm1.bias is skipped since its requires_grad=False
2026/07/30 20:46:01 - mmengine - WARNING - backbone.adapter.backbone.blocks.13.attn.qkv.weight is skipped since its requires_grad=False
2026/07/30 20:46:01 - mmengine - WARNING - backbone.adapter.backbone.blocks.13.attn.qkv.bias is skipped since its requires_grad=False
2026/07/30 20:46:01 - mmengine - WARNING - backbone.adapter.backbone.blocks.13.attn.proj.weight is skipped since its requires_grad=False
2026/07/30 20:46:01 - mmengine - WARNING - backbone.adapter.backbone.blocks.13.attn.proj.bias is skipped since its requires_grad=False
2026/07/30 20:46:01 - mmengine - WARNING - backbone.adapter.backbone.blocks.13.ls1.gamma is skipped since its requires_grad=False
2026/07/30 20:46:01 - mmengine - WARNING - backbone.adapter.backbone.blocks.13.norm2.weight is skipped since its requires_grad=False
2026/07/30 20:46:01 - mmengine - WARNING - backbone.adapter.backbone.blocks.13.norm2.bias is skipped since its requires_grad=False
2026/07/30 20:46:01 - mmengine - WARNING - backbone.adapter.backbone.blocks.13.mlp.fc1.weight is skipped since its requires_grad=False
2026/07/30 20:46:01 - mmengine - WARNING - backbone.adapter.backbone.blocks.13.mlp.fc1.bias is skipped since its requires_grad=False
2026/07/30 20:46:01 - mmengine - WARNING - backbone.adapter.backbone.blocks.13.mlp.fc2.weight is skipped since its requires_grad=False
2026/07/30 20:46:01 - mmengine - WARNING - backbone.adapter.backbone.blocks.13.mlp.fc2.bias is skipped since its requires_grad=False
2026/07/30 20:46:01 - mmengine - WARNING - backbone.adapter.backbone.blocks.13.ls2.gamma is skipped since its requires_grad=False
2026/07/30 20:46:01 - mmengine - WARNING - backbone.adapter.backbone.blocks.14.norm1.weight is skipped since its requires_grad=False
2026/07/30 20:46:01 - mmengine - WARNING - backbone.adapter.backbone.blocks.14.norm1.bias is skipped since its requires_grad=False
2026/07/30 20:46:01 - mmengine - WARNING - backbone.adapter.backbone.blocks.14.attn.qkv.weight is skipped since its requires_grad=False
2026/07/30 20:46:01 - mmengine - WARNING - backbone.adapter.backbone.blocks.14.attn.qkv.bias is skipped since its requires_grad=False
2026/07/30 20:46:01 - mmengine - WARNING - backbone.adapter.backbone.blocks.14.attn.proj.weight is skipped since its requires_grad=False
2026/07/30 20:46:01 - mmengine - WARNING - backbone.adapter.backbone.blocks.14.attn.proj.bias is skipped since its requires_grad=False
2026/07/30 20:46:01 - mmengine - WARNING - backbone.adapter.backbone.blocks.14.ls1.gamma is skipped since its requires_grad=False
2026/07/30 20:46:01 - mmengine - WARNING - backbone.adapter.backbone.blocks.14.norm2.weight is skipped since its requires_grad=False
2026/07/30 20:46:01 - mmengine - WARNING - backbone.adapter.backbone.blocks.14.norm2.bias is skipped since its requires_grad=False
2026/07/30 20:46:01 - mmengine - WARNING - backbone.adapter.backbone.blocks.14.mlp.fc1.weight is skipped since its requires_grad=False
2026/07/30 20:46:01 - mmengine - WARNING - backbone.adapter.backbone.blocks.14.mlp.fc1.bias is skipped since its requires_grad=False
2026/07/30 20:46:01 - mmengine - WARNING - backbone.adapter.backbone.blocks.14.mlp.fc2.weight is skipped since its requires_grad=False
2026/07/30 20:46:01 - mmengine - WARNING - backbone.adapter.backbone.blocks.14.mlp.fc2.bias is skipped since its requires_grad=False
2026/07/30 20:46:01 - mmengine - WARNING - backbone.adapter.backbone.blocks.14.ls2.gamma is skipped since its requires_grad=False
2026/07/30 20:46:01 - mmengine - WARNING - backbone.adapter.backbone.blocks.15.norm1.weight is skipped since its requires_grad=False
2026/07/30 20:46:01 - mmengine - WARNING - backbone.adapter.backbone.blocks.15.norm1.bias is skipped since its requires_grad=False
2026/07/30 20:46:01 - mmengine - WARNING - backbone.adapter.backbone.blocks.15.attn.qkv.weight is skipped since its requires_grad=False
2026/07/30 20:46:01 - mmengine - WARNING - backbone.adapter.backbone.blocks.15.attn.qkv.bias is skipped since its requires_grad=False
2026/07/30 20:46:01 - mmengine - WARNING - backbone.adapter.backbone.blocks.15.attn.proj.weight is skipped since its requires_grad=False
2026/07/30 20:46:01 - mmengine - WARNING - backbone.adapter.backbone.blocks.15.attn.proj.bias is skipped since its requires_grad=False
2026/07/30 20:46:01 - mmengine - WARNING - backbone.adapter.backbone.blocks.15.ls1.gamma is skipped since its requires_grad=False
2026/07/30 20:46:01 - mmengine - WARNING - backbone.adapter.backbone.blocks.15.norm2.weight is skipped since its requires_grad=False
2026/07/30 20:46:01 - mmengine - WARNING - backbone.adapter.backbone.blocks.15.norm2.bias is skipped since its requires_grad=False
2026/07/30 20:46:01 - mmengine - WARNING - backbone.adapter.backbone.blocks.15.mlp.fc1.weight is skipped since its requires_grad=False
2026/07/30 20:46:01 - mmengine - WARNING - backbone.adapter.backbone.blocks.15.mlp.fc1.bias is skipped since its requires_grad=False
2026/07/30 20:46:01 - mmengine - WARNING - backbone.adapter.backbone.blocks.15.mlp.fc2.weight is skipped since its requires_grad=False
2026/07/30 20:46:01 - mmengine - WARNING - backbone.adapter.backbone.blocks.15.mlp.fc2.bias is skipped since its requires_grad=False
2026/07/30 20:46:01 - mmengine - WARNING - backbone.adapter.backbone.blocks.15.ls2.gamma is skipped since its requires_grad=False
2026/07/30 20:46:01 - mmengine - WARNING - backbone.adapter.backbone.blocks.16.norm1.weight is skipped since its requires_grad=False
2026/07/30 20:46:01 - mmengine - WARNING - backbone.adapter.backbone.blocks.16.norm1.bias is skipped since its requires_grad=False
2026/07/30 20:46:01 - mmengine - WARNING - backbone.adapter.backbone.blocks.16.attn.qkv.weight is skipped since its requires_grad=False
2026/07/30 20:46:01 - mmengine - WARNING - backbone.adapter.backbone.blocks.16.attn.qkv.bias is skipped since its requires_grad=False
2026/07/30 20:46:01 - mmengine - WARNING - backbone.adapter.backbone.blocks.16.attn.proj.weight is skipped since its requires_grad=False
2026/07/30 20:46:01 - mmengine - WARNING - backbone.adapter.backbone.blocks.16.attn.proj.bias is skipped since its requires_grad=False
2026/07/30 20:46:01 - mmengine - WARNING - backbone.adapter.backbone.blocks.16.ls1.gamma is skipped since its requires_grad=False
2026/07/30 20:46:01 - mmengine - WARNING - backbone.adapter.backbone.blocks.16.norm2.weight is skipped since its requires_grad=False
2026/07/30 20:46:01 - mmengine - WARNING - backbone.adapter.backbone.blocks.16.norm2.bias is skipped since its requires_grad=False
2026/07/30 20:46:01 - mmengine - WARNING - backbone.adapter.backbone.blocks.16.mlp.fc1.weight is skipped since its requires_grad=False
2026/07/30 20:46:01 - mmengine - WARNING - backbone.adapter.backbone.blocks.16.mlp.fc1.bias is skipped since its requires_grad=False
2026/07/30 20:46:01 - mmengine - WARNING - backbone.adapter.backbone.blocks.16.mlp.fc2.weight is skipped since its requires_grad=False
2026/07/30 20:46:01 - mmengine - WARNING - backbone.adapter.backbone.blocks.16.mlp.fc2.bias is skipped since its requires_grad=False
2026/07/30 20:46:01 - mmengine - WARNING - backbone.adapter.backbone.blocks.16.ls2.gamma is skipped since its requires_grad=False
2026/07/30 20:46:01 - mmengine - WARNING - backbone.adapter.backbone.blocks.17.norm1.weight is skipped since its requires_grad=False
2026/07/30 20:46:01 - mmengine - WARNING - backbone.adapter.backbone.blocks.17.norm1.bias is skipped since its requires_grad=False
2026/07/30 20:46:01 - mmengine - WARNING - backbone.adapter.backbone.blocks.17.attn.qkv.weight is skipped since its requires_grad=False
2026/07/30 20:46:01 - mmengine - WARNING - backbone.adapter.backbone.blocks.17.attn.qkv.bias is skipped since its requires_grad=False
2026/07/30 20:46:01 - mmengine - WARNING - backbone.adapter.backbone.blocks.17.attn.proj.weight is skipped since its requires_grad=False
2026/07/30 20:46:01 - mmengine - WARNING - backbone.adapter.backbone.blocks.17.attn.proj.bias is skipped since its requires_grad=False
2026/07/30 20:46:01 - mmengine - WARNING - backbone.adapter.backbone.blocks.17.ls1.gamma is skipped since its requires_grad=False
2026/07/30 20:46:01 - mmengine - WARNING - backbone.adapter.backbone.blocks.17.norm2.weight is skipped since its requires_grad=False
2026/07/30 20:46:01 - mmengine - WARNING - backbone.adapter.backbone.blocks.17.norm2.bias is skipped since its requires_grad=False
2026/07/30 20:46:01 - mmengine - WARNING - backbone.adapter.backbone.blocks.17.mlp.fc1.weight is skipped since its requires_grad=False
2026/07/30 20:46:01 - mmengine - WARNING - backbone.adapter.backbone.blocks.17.mlp.fc1.bias is skipped since its requires_grad=False
2026/07/30 20:46:01 - mmengine - WARNING - backbone.adapter.backbone.blocks.17.mlp.fc2.weight is skipped since its requires_grad=False
2026/07/30 20:46:01 - mmengine - WARNING - backbone.adapter.backbone.blocks.17.mlp.fc2.bias is skipped since its requires_grad=False
2026/07/30 20:46:01 - mmengine - WARNING - backbone.adapter.backbone.blocks.17.ls2.gamma is skipped since its requires_grad=False
2026/07/30 20:46:01 - mmengine - WARNING - backbone.adapter.backbone.blocks.18.norm1.weight is skipped since its requires_grad=False
2026/07/30 20:46:01 - mmengine - WARNING - backbone.adapter.backbone.blocks.18.norm1.bias is skipped since its requires_grad=False
2026/07/30 20:46:01 - mmengine - WARNING - backbone.adapter.backbone.blocks.18.attn.qkv.weight is skipped since its requires_grad=False
2026/07/30 20:46:01 - mmengine - WARNING - backbone.adapter.backbone.blocks.18.attn.qkv.bias is skipped since its requires_grad=False
2026/07/30 20:46:01 - mmengine - WARNING - backbone.adapter.backbone.blocks.18.attn.proj.weight is skipped since its requires_grad=False
2026/07/30 20:46:01 - mmengine - WARNING - backbone.adapter.backbone.blocks.18.attn.proj.bias is skipped since its requires_grad=False
2026/07/30 20:46:01 - mmengine - WARNING - backbone.adapter.backbone.blocks.18.ls1.gamma is skipped since its requires_grad=False
2026/07/30 20:46:01 - mmengine - WARNING - backbone.adapter.backbone.blocks.18.norm2.weight is skipped since its requires_grad=False
2026/07/30 20:46:01 - mmengine - WARNING - backbone.adapter.backbone.blocks.18.norm2.bias is skipped since its requires_grad=False
2026/07/30 20:46:01 - mmengine - WARNING - backbone.adapter.backbone.blocks.18.mlp.fc1.weight is skipped since its requires_grad=False
2026/07/30 20:46:01 - mmengine - WARNING - backbone.adapter.backbone.blocks.18.mlp.fc1.bias is skipped since its requires_grad=False
2026/07/30 20:46:01 - mmengine - WARNING - backbone.adapter.backbone.blocks.18.mlp.fc2.weight is skipped since its requires_grad=False
2026/07/30 20:46:01 - mmengine - WARNING - backbone.adapter.backbone.blocks.18.mlp.fc2.bias is skipped since its requires_grad=False
2026/07/30 20:46:01 - mmengine - WARNING - backbone.adapter.backbone.blocks.18.ls2.gamma is skipped since its requires_grad=False
2026/07/30 20:46:01 - mmengine - WARNING - backbone.adapter.backbone.blocks.19.norm1.weight is skipped since its requires_grad=False
2026/07/30 20:46:01 - mmengine - WARNING - backbone.adapter.backbone.blocks.19.norm1.bias is skipped since its requires_grad=False
2026/07/30 20:46:01 - mmengine - WARNING - backbone.adapter.backbone.blocks.19.attn.qkv.weight is skipped since its requires_grad=False
2026/07/30 20:46:01 - mmengine - WARNING - backbone.adapter.backbone.blocks.19.attn.qkv.bias is skipped since its requires_grad=False
2026/07/30 20:46:01 - mmengine - WARNING - backbone.adapter.backbone.blocks.19.attn.proj.weight is skipped since its requires_grad=False
2026/07/30 20:46:01 - mmengine - WARNING - backbone.adapter.backbone.blocks.19.attn.proj.bias is skipped since its requires_grad=False
2026/07/30 20:46:01 - mmengine - WARNING - backbone.adapter.backbone.blocks.19.ls1.gamma is skipped since its requires_grad=False
2026/07/30 20:46:01 - mmengine - WARNING - backbone.adapter.backbone.blocks.19.norm2.weight is skipped since its requires_grad=False
2026/07/30 20:46:01 - mmengine - WARNING - backbone.adapter.backbone.blocks.19.norm2.bias is skipped since its requires_grad=False
2026/07/30 20:46:01 - mmengine - WARNING - backbone.adapter.backbone.blocks.19.mlp.fc1.weight is skipped since its requires_grad=False
2026/07/30 20:46:01 - mmengine - WARNING - backbone.adapter.backbone.blocks.19.mlp.fc1.bias is skipped since its requires_grad=False
2026/07/30 20:46:01 - mmengine - WARNING - backbone.adapter.backbone.blocks.19.mlp.fc2.weight is skipped since its requires_grad=False
2026/07/30 20:46:01 - mmengine - WARNING - backbone.adapter.backbone.blocks.19.mlp.fc2.bias is skipped since its requires_grad=False
2026/07/30 20:46:01 - mmengine - WARNING - backbone.adapter.backbone.blocks.19.ls2.gamma is skipped since its requires_grad=False
2026/07/30 20:46:01 - mmengine - WARNING - backbone.adapter.backbone.blocks.20.norm1.weight is skipped since its requires_grad=False
2026/07/30 20:46:01 - mmengine - WARNING - backbone.adapter.backbone.blocks.20.norm1.bias is skipped since its requires_grad=False
2026/07/30 20:46:01 - mmengine - WARNING - backbone.adapter.backbone.blocks.20.attn.qkv.weight is skipped since its requires_grad=False
2026/07/30 20:46:01 - mmengine - WARNING - backbone.adapter.backbone.blocks.20.attn.qkv.bias is skipped since its requires_grad=False
2026/07/30 20:46:01 - mmengine - WARNING - backbone.adapter.backbone.blocks.20.attn.proj.weight is skipped since its requires_grad=False
2026/07/30 20:46:01 - mmengine - WARNING - backbone.adapter.backbone.blocks.20.attn.proj.bias is skipped since its requires_grad=False
2026/07/30 20:46:01 - mmengine - WARNING - backbone.adapter.backbone.blocks.20.ls1.gamma is skipped since its requires_grad=False
2026/07/30 20:46:01 - mmengine - WARNING - backbone.adapter.backbone.blocks.20.norm2.weight is skipped since its requires_grad=False
2026/07/30 20:46:01 - mmengine - WARNING - backbone.adapter.backbone.blocks.20.norm2.bias is skipped since its requires_grad=False
2026/07/30 20:46:01 - mmengine - WARNING - backbone.adapter.backbone.blocks.20.mlp.fc1.weight is skipped since its requires_grad=False
2026/07/30 20:46:01 - mmengine - WARNING - backbone.adapter.backbone.blocks.20.mlp.fc1.bias is skipped since its requires_grad=False
2026/07/30 20:46:01 - mmengine - WARNING - backbone.adapter.backbone.blocks.20.mlp.fc2.weight is skipped since its requires_grad=False
2026/07/30 20:46:01 - mmengine - WARNING - backbone.adapter.backbone.blocks.20.mlp.fc2.bias is skipped since its requires_grad=False
2026/07/30 20:46:01 - mmengine - WARNING - backbone.adapter.backbone.blocks.20.ls2.gamma is skipped since its requires_grad=False
2026/07/30 20:46:01 - mmengine - WARNING - backbone.adapter.backbone.blocks.21.norm1.weight is skipped since its requires_grad=False
2026/07/30 20:46:01 - mmengine - WARNING - backbone.adapter.backbone.blocks.21.norm1.bias is skipped since its requires_grad=False
2026/07/30 20:46:01 - mmengine - WARNING - backbone.adapter.backbone.blocks.21.attn.qkv.weight is skipped since its requires_grad=False
2026/07/30 20:46:01 - mmengine - WARNING - backbone.adapter.backbone.blocks.21.attn.qkv.bias is skipped since its requires_grad=False
2026/07/30 20:46:01 - mmengine - WARNING - backbone.adapter.backbone.blocks.21.attn.proj.weight is skipped since its requires_grad=False
2026/07/30 20:46:01 - mmengine - WARNING - backbone.adapter.backbone.blocks.21.attn.proj.bias is skipped since its requires_grad=False
2026/07/30 20:46:01 - mmengine - WARNING - backbone.adapter.backbone.blocks.21.ls1.gamma is skipped since its requires_grad=False
2026/07/30 20:46:01 - mmengine - WARNING - backbone.adapter.backbone.blocks.21.norm2.weight is skipped since its requires_grad=False
2026/07/30 20:46:01 - mmengine - WARNING - backbone.adapter.backbone.blocks.21.norm2.bias is skipped since its requires_grad=False
2026/07/30 20:46:01 - mmengine - WARNING - backbone.adapter.backbone.blocks.21.mlp.fc1.weight is skipped since its requires_grad=False
2026/07/30 20:46:01 - mmengine - WARNING - backbone.adapter.backbone.blocks.21.mlp.fc1.bias is skipped since its requires_grad=False
2026/07/30 20:46:01 - mmengine - WARNING - backbone.adapter.backbone.blocks.21.mlp.fc2.weight is skipped since its requires_grad=False
2026/07/30 20:46:01 - mmengine - WARNING - backbone.adapter.backbone.blocks.21.mlp.fc2.bias is skipped since its requires_grad=False
2026/07/30 20:46:01 - mmengine - WARNING - backbone.adapter.backbone.blocks.21.ls2.gamma is skipped since its requires_grad=False
2026/07/30 20:46:01 - mmengine - WARNING - backbone.adapter.backbone.blocks.22.norm1.weight is skipped since its requires_grad=False
2026/07/30 20:46:01 - mmengine - WARNING - backbone.adapter.backbone.blocks.22.norm1.bias is skipped since its requires_grad=False
2026/07/30 20:46:01 - mmengine - WARNING - backbone.adapter.backbone.blocks.22.attn.qkv.weight is skipped since its requires_grad=False
2026/07/30 20:46:01 - mmengine - WARNING - backbone.adapter.backbone.blocks.22.attn.qkv.bias is skipped since its requires_grad=False
2026/07/30 20:46:01 - mmengine - WARNING - backbone.adapter.backbone.blocks.22.attn.proj.weight is skipped since its requires_grad=False
2026/07/30 20:46:01 - mmengine - WARNING - backbone.adapter.backbone.blocks.22.attn.proj.bias is skipped since its requires_grad=False
2026/07/30 20:46:01 - mmengine - WARNING - backbone.adapter.backbone.blocks.22.ls1.gamma is skipped since its requires_grad=False
2026/07/30 20:46:01 - mmengine - WARNING - backbone.adapter.backbone.blocks.22.norm2.weight is skipped since its requires_grad=False
2026/07/30 20:46:01 - mmengine - WARNING - backbone.adapter.backbone.blocks.22.norm2.bias is skipped since its requires_grad=False
2026/07/30 20:46:01 - mmengine - WARNING - backbone.adapter.backbone.blocks.22.mlp.fc1.weight is skipped since its requires_grad=False
2026/07/30 20:46:01 - mmengine - WARNING - backbone.adapter.backbone.blocks.22.mlp.fc1.bias is skipped since its requires_grad=False
2026/07/30 20:46:01 - mmengine - WARNING - backbone.adapter.backbone.blocks.22.mlp.fc2.weight is skipped since its requires_grad=False
2026/07/30 20:46:01 - mmengine - WARNING - backbone.adapter.backbone.blocks.22.mlp.fc2.bias is skipped since its requires_grad=False
2026/07/30 20:46:01 - mmengine - WARNING - backbone.adapter.backbone.blocks.22.ls2.gamma is skipped since its requires_grad=False
2026/07/30 20:46:01 - mmengine - WARNING - backbone.adapter.backbone.blocks.23.norm1.weight is skipped since its requires_grad=False
2026/07/30 20:46:01 - mmengine - WARNING - backbone.adapter.backbone.blocks.23.norm1.bias is skipped since its requires_grad=False
2026/07/30 20:46:01 - mmengine - WARNING - backbone.adapter.backbone.blocks.23.attn.qkv.weight is skipped since its requires_grad=False
2026/07/30 20:46:01 - mmengine - WARNING - backbone.adapter.backbone.blocks.23.attn.qkv.bias is skipped since its requires_grad=False
2026/07/30 20:46:01 - mmengine - WARNING - backbone.adapter.backbone.blocks.23.attn.proj.weight is skipped since its requires_grad=False
2026/07/30 20:46:01 - mmengine - WARNING - backbone.adapter.backbone.blocks.23.attn.proj.bias is skipped since its requires_grad=False
2026/07/30 20:46:01 - mmengine - WARNING - backbone.adapter.backbone.blocks.23.ls1.gamma is skipped since its requires_grad=False
2026/07/30 20:46:01 - mmengine - WARNING - backbone.adapter.backbone.blocks.23.norm2.weight is skipped since its requires_grad=False
2026/07/30 20:46:01 - mmengine - WARNING - backbone.adapter.backbone.blocks.23.norm2.bias is skipped since its requires_grad=False
2026/07/30 20:46:01 - mmengine - WARNING - backbone.adapter.backbone.blocks.23.mlp.fc1.weight is skipped since its requires_grad=False
2026/07/30 20:46:01 - mmengine - WARNING - backbone.adapter.backbone.blocks.23.mlp.fc1.bias is skipped since its requires_grad=False
2026/07/30 20:46:01 - mmengine - WARNING - backbone.adapter.backbone.blocks.23.mlp.fc2.weight is skipped since its requires_grad=False
2026/07/30 20:46:01 - mmengine - WARNING - backbone.adapter.backbone.blocks.23.mlp.fc2.bias is skipped since its requires_grad=False
2026/07/30 20:46:01 - mmengine - WARNING - backbone.adapter.backbone.blocks.23.ls2.gamma is skipped since its requires_grad=False
2026/07/30 20:46:01 - mmengine - WARNING - backbone.adapter.backbone.norm.weight is skipped since its requires_grad=False
2026/07/30 20:46:01 - mmengine - WARNING - backbone.adapter.backbone.norm.bias is skipped since its requires_grad=False
2026/07/30 20:46:01 - mmengine - INFO - paramwise_options -- backbone.adapter.spm.stem.1.weight:weight_decay=0.0
2026/07/30 20:46:01 - mmengine - INFO - paramwise_options -- backbone.adapter.spm.stem.1.bias:weight_decay=0.0
2026/07/30 20:46:01 - mmengine - INFO - paramwise_options -- backbone.adapter.spm.stem.4.weight:weight_decay=0.0
2026/07/30 20:46:01 - mmengine - INFO - paramwise_options -- backbone.adapter.spm.stem.4.bias:weight_decay=0.0
2026/07/30 20:46:01 - mmengine - INFO - paramwise_options -- backbone.adapter.spm.stem.7.weight:weight_decay=0.0
2026/07/30 20:46:01 - mmengine - INFO - paramwise_options -- backbone.adapter.spm.stem.7.bias:weight_decay=0.0
2026/07/30 20:46:01 - mmengine - INFO - paramwise_options -- backbone.adapter.spm.conv2.1.weight:weight_decay=0.0
2026/07/30 20:46:01 - mmengine - INFO - paramwise_options -- backbone.adapter.spm.conv2.1.bias:weight_decay=0.0
2026/07/30 20:46:01 - mmengine - INFO - paramwise_options -- backbone.adapter.spm.conv3.1.weight:weight_decay=0.0
2026/07/30 20:46:01 - mmengine - INFO - paramwise_options -- backbone.adapter.spm.conv3.1.bias:weight_decay=0.0
2026/07/30 20:46:01 - mmengine - INFO - paramwise_options -- backbone.adapter.spm.conv4.1.weight:weight_decay=0.0
2026/07/30 20:46:01 - mmengine - INFO - paramwise_options -- backbone.adapter.spm.conv4.1.bias:weight_decay=0.0
2026/07/30 20:46:01 - mmengine - INFO - paramwise_options -- backbone.adapter.interactions.0.extractor.query_norm.weight:weight_decay=0.0
2026/07/30 20:46:01 - mmengine - INFO - paramwise_options -- backbone.adapter.interactions.0.extractor.query_norm.bias:weight_decay=0.0
2026/07/30 20:46:01 - mmengine - INFO - paramwise_options -- backbone.adapter.interactions.0.extractor.feat_norm.weight:weight_decay=0.0
2026/07/30 20:46:01 - mmengine - INFO - paramwise_options -- backbone.adapter.interactions.0.extractor.feat_norm.bias:weight_decay=0.0
2026/07/30 20:46:01 - mmengine - INFO - paramwise_options -- backbone.adapter.interactions.0.extractor.ffn_norm.weight:weight_decay=0.0
2026/07/30 20:46:01 - mmengine - INFO - paramwise_options -- backbone.adapter.interactions.0.extractor.ffn_norm.bias:weight_decay=0.0
2026/07/30 20:46:01 - mmengine - INFO - paramwise_options -- backbone.adapter.interactions.1.extractor.query_norm.weight:weight_decay=0.0
2026/07/30 20:46:01 - mmengine - INFO - paramwise_options -- backbone.adapter.interactions.1.extractor.query_norm.bias:weight_decay=0.0
2026/07/30 20:46:01 - mmengine - INFO - paramwise_options -- backbone.adapter.interactions.1.extractor.feat_norm.weight:weight_decay=0.0
2026/07/30 20:46:01 - mmengine - INFO - paramwise_options -- backbone.adapter.interactions.1.extractor.feat_norm.bias:weight_decay=0.0
2026/07/30 20:46:01 - mmengine - INFO - paramwise_options -- backbone.adapter.interactions.1.extractor.ffn_norm.weight:weight_decay=0.0
2026/07/30 20:46:01 - mmengine - INFO - paramwise_options -- backbone.adapter.interactions.1.extractor.ffn_norm.bias:weight_decay=0.0
2026/07/30 20:46:01 - mmengine - INFO - paramwise_options -- backbone.adapter.interactions.2.extractor.query_norm.weight:weight_decay=0.0
2026/07/30 20:46:01 - mmengine - INFO - paramwise_options -- backbone.adapter.interactions.2.extractor.query_norm.bias:weight_decay=0.0
2026/07/30 20:46:01 - mmengine - INFO - paramwise_options -- backbone.adapter.interactions.2.extractor.feat_norm.weight:weight_decay=0.0
2026/07/30 20:46:01 - mmengine - INFO - paramwise_options -- backbone.adapter.interactions.2.extractor.feat_norm.bias:weight_decay=0.0
2026/07/30 20:46:01 - mmengine - INFO - paramwise_options -- backbone.adapter.interactions.2.extractor.ffn_norm.weight:weight_decay=0.0
2026/07/30 20:46:01 - mmengine - INFO - paramwise_options -- backbone.adapter.interactions.2.extractor.ffn_norm.bias:weight_decay=0.0
2026/07/30 20:46:01 - mmengine - INFO - paramwise_options -- backbone.adapter.interactions.3.extractor.query_norm.weight:weight_decay=0.0
2026/07/30 20:46:01 - mmengine - INFO - paramwise_options -- backbone.adapter.interactions.3.extractor.query_norm.bias:weight_decay=0.0
2026/07/30 20:46:01 - mmengine - INFO - paramwise_options -- backbone.adapter.interactions.3.extractor.feat_norm.weight:weight_decay=0.0
2026/07/30 20:46:01 - mmengine - INFO - paramwise_options -- backbone.adapter.interactions.3.extractor.feat_norm.bias:weight_decay=0.0
2026/07/30 20:46:01 - mmengine - INFO - paramwise_options -- backbone.adapter.interactions.3.extractor.ffn_norm.weight:weight_decay=0.0
2026/07/30 20:46:01 - mmengine - INFO - paramwise_options -- backbone.adapter.interactions.3.extractor.ffn_norm.bias:weight_decay=0.0
2026/07/30 20:46:01 - mmengine - INFO - paramwise_options -- backbone.adapter.interactions.3.extra_extractors.0.query_norm.weight:weight_decay=0.0
2026/07/30 20:46:01 - mmengine - INFO - paramwise_options -- backbone.adapter.interactions.3.extra_extractors.0.query_norm.bias:weight_decay=0.0
2026/07/30 20:46:01 - mmengine - INFO - paramwise_options -- backbone.adapter.interactions.3.extra_extractors.0.feat_norm.weight:weight_decay=0.0
2026/07/30 20:46:01 - mmengine - INFO - paramwise_options -- backbone.adapter.interactions.3.extra_extractors.0.feat_norm.bias:weight_decay=0.0
2026/07/30 20:46:01 - mmengine - INFO - paramwise_options -- backbone.adapter.interactions.3.extra_extractors.0.ffn_norm.weight:weight_decay=0.0
2026/07/30 20:46:01 - mmengine - INFO - paramwise_options -- backbone.adapter.interactions.3.extra_extractors.0.ffn_norm.bias:weight_decay=0.0
2026/07/30 20:46:01 - mmengine - INFO - paramwise_options -- backbone.adapter.interactions.3.extra_extractors.1.query_norm.weight:weight_decay=0.0
2026/07/30 20:46:01 - mmengine - INFO - paramwise_options -- backbone.adapter.interactions.3.extra_extractors.1.query_norm.bias:weight_decay=0.0
2026/07/30 20:46:01 - mmengine - INFO - paramwise_options -- backbone.adapter.interactions.3.extra_extractors.1.feat_norm.weight:weight_decay=0.0
2026/07/30 20:46:01 - mmengine - INFO - paramwise_options -- backbone.adapter.interactions.3.extra_extractors.1.feat_norm.bias:weight_decay=0.0
2026/07/30 20:46:01 - mmengine - INFO - paramwise_options -- backbone.adapter.interactions.3.extra_extractors.1.ffn_norm.weight:weight_decay=0.0
2026/07/30 20:46:01 - mmengine - INFO - paramwise_options -- backbone.adapter.interactions.3.extra_extractors.1.ffn_norm.bias:weight_decay=0.0
2026/07/30 20:46:01 - mmengine - INFO - paramwise_options -- backbone.adapter.norm1.weight:weight_decay=0.0
2026/07/30 20:46:01 - mmengine - INFO - paramwise_options -- backbone.adapter.norm1.bias:weight_decay=0.0
2026/07/30 20:46:01 - mmengine - INFO - paramwise_options -- backbone.adapter.norm2.weight:weight_decay=0.0
2026/07/30 20:46:01 - mmengine - INFO - paramwise_options -- backbone.adapter.norm2.bias:weight_decay=0.0
2026/07/30 20:46:01 - mmengine - INFO - paramwise_options -- backbone.adapter.norm3.weight:weight_decay=0.0
2026/07/30 20:46:01 - mmengine - INFO - paramwise_options -- backbone.adapter.norm3.bias:weight_decay=0.0
2026/07/30 20:46:01 - mmengine - INFO - paramwise_options -- backbone.adapter.norm4.weight:weight_decay=0.0
2026/07/30 20:46:01 - mmengine - INFO - paramwise_options -- backbone.adapter.norm4.bias:weight_decay=0.0
2026/07/30 20:46:01 - mmengine - INFO - paramwise_options -- decode_head.pixel_decoder.input_convs.0.gn.weight:weight_decay=0.0
2026/07/30 20:46:01 - mmengine - INFO - paramwise_options -- decode_head.pixel_decoder.input_convs.0.gn.bias:weight_decay=0.0
2026/07/30 20:46:01 - mmengine - INFO - paramwise_options -- decode_head.pixel_decoder.input_convs.1.gn.weight:weight_decay=0.0
2026/07/30 20:46:01 - mmengine - INFO - paramwise_options -- decode_head.pixel_decoder.input_convs.1.gn.bias:weight_decay=0.0
2026/07/30 20:46:01 - mmengine - INFO - paramwise_options -- decode_head.pixel_decoder.input_convs.2.gn.weight:weight_decay=0.0
2026/07/30 20:46:01 - mmengine - INFO - paramwise_options -- decode_head.pixel_decoder.input_convs.2.gn.bias:weight_decay=0.0
2026/07/30 20:46:01 - mmengine - INFO - paramwise_options -- decode_head.pixel_decoder.encoder.layers.0.norms.0.weight:weight_decay=0.0
2026/07/30 20:46:01 - mmengine - INFO - paramwise_options -- decode_head.pixel_decoder.encoder.layers.0.norms.0.bias:weight_decay=0.0
2026/07/30 20:46:01 - mmengine - INFO - paramwise_options -- decode_head.pixel_decoder.encoder.layers.0.norms.1.weight:weight_decay=0.0
2026/07/30 20:46:01 - mmengine - INFO - paramwise_options -- decode_head.pixel_decoder.encoder.layers.0.norms.1.bias:weight_decay=0.0
2026/07/30 20:46:01 - mmengine - INFO - paramwise_options -- decode_head.pixel_decoder.encoder.layers.1.norms.0.weight:weight_decay=0.0
2026/07/30 20:46:01 - mmengine - INFO - paramwise_options -- decode_head.pixel_decoder.encoder.layers.1.norms.0.bias:weight_decay=0.0
2026/07/30 20:46:01 - mmengine - INFO - paramwise_options -- decode_head.pixel_decoder.encoder.layers.1.norms.1.weight:weight_decay=0.0
2026/07/30 20:46:01 - mmengine - INFO - paramwise_options -- decode_head.pixel_decoder.encoder.layers.1.norms.1.bias:weight_decay=0.0
2026/07/30 20:46:01 - mmengine - INFO - paramwise_options -- decode_head.pixel_decoder.encoder.layers.2.norms.0.weight:weight_decay=0.0
2026/07/30 20:46:01 - mmengine - INFO - paramwise_options -- decode_head.pixel_decoder.encoder.layers.2.norms.0.bias:weight_decay=0.0
2026/07/30 20:46:01 - mmengine - INFO - paramwise_options -- decode_head.pixel_decoder.encoder.layers.2.norms.1.weight:weight_decay=0.0
2026/07/30 20:46:01 - mmengine - INFO - paramwise_options -- decode_head.pixel_decoder.encoder.layers.2.norms.1.bias:weight_decay=0.0
2026/07/30 20:46:01 - mmengine - INFO - paramwise_options -- decode_head.pixel_decoder.encoder.layers.3.norms.0.weight:weight_decay=0.0
2026/07/30 20:46:01 - mmengine - INFO - paramwise_options -- decode_head.pixel_decoder.encoder.layers.3.norms.0.bias:weight_decay=0.0
2026/07/30 20:46:01 - mmengine - INFO - paramwise_options -- decode_head.pixel_decoder.encoder.layers.3.norms.1.weight:weight_decay=0.0
2026/07/30 20:46:01 - mmengine - INFO - paramwise_options -- decode_head.pixel_decoder.encoder.layers.3.norms.1.bias:weight_decay=0.0
2026/07/30 20:46:01 - mmengine - INFO - paramwise_options -- decode_head.pixel_decoder.encoder.layers.4.norms.0.weight:weight_decay=0.0
2026/07/30 20:46:01 - mmengine - INFO - paramwise_options -- decode_head.pixel_decoder.encoder.layers.4.norms.0.bias:weight_decay=0.0
2026/07/30 20:46:01 - mmengine - INFO - paramwise_options -- decode_head.pixel_decoder.encoder.layers.4.norms.1.weight:weight_decay=0.0
2026/07/30 20:46:01 - mmengine - INFO - paramwise_options -- decode_head.pixel_decoder.encoder.layers.4.norms.1.bias:weight_decay=0.0
2026/07/30 20:46:01 - mmengine - INFO - paramwise_options -- decode_head.pixel_decoder.encoder.layers.5.norms.0.weight:weight_decay=0.0
2026/07/30 20:46:01 - mmengine - INFO - paramwise_options -- decode_head.pixel_decoder.encoder.layers.5.norms.0.bias:weight_decay=0.0
2026/07/30 20:46:01 - mmengine - INFO - paramwise_options -- decode_head.pixel_decoder.encoder.layers.5.norms.1.weight:weight_decay=0.0
2026/07/30 20:46:01 - mmengine - INFO - paramwise_options -- decode_head.pixel_decoder.encoder.layers.5.norms.1.bias:weight_decay=0.0
2026/07/30 20:46:01 - mmengine - INFO - paramwise_options -- decode_head.pixel_decoder.lateral_convs.0.gn.weight:weight_decay=0.0
2026/07/30 20:46:01 - mmengine - INFO - paramwise_options -- decode_head.pixel_decoder.lateral_convs.0.gn.bias:weight_decay=0.0
2026/07/30 20:46:01 - mmengine - INFO - paramwise_options -- decode_head.pixel_decoder.output_convs.0.gn.weight:weight_decay=0.0
2026/07/30 20:46:01 - mmengine - INFO - paramwise_options -- decode_head.pixel_decoder.output_convs.0.gn.bias:weight_decay=0.0
2026/07/30 20:46:01 - mmengine - INFO - paramwise_options -- decode_head.transformer_decoder.layers.0.norms.0.weight:weight_decay=0.0
2026/07/30 20:46:01 - mmengine - INFO - paramwise_options -- decode_head.transformer_decoder.layers.0.norms.0.bias:weight_decay=0.0
2026/07/30 20:46:01 - mmengine - INFO - paramwise_options -- decode_head.transformer_decoder.layers.0.norms.1.weight:weight_decay=0.0
2026/07/30 20:46:01 - mmengine - INFO - paramwise_options -- decode_head.transformer_decoder.layers.0.norms.1.bias:weight_decay=0.0
2026/07/30 20:46:01 - mmengine - INFO - paramwise_options -- decode_head.transformer_decoder.layers.0.norms.2.weight:weight_decay=0.0
2026/07/30 20:46:01 - mmengine - INFO - paramwise_options -- decode_head.transformer_decoder.layers.0.norms.2.bias:weight_decay=0.0
2026/07/30 20:46:01 - mmengine - INFO - paramwise_options -- decode_head.transformer_decoder.layers.1.norms.0.weight:weight_decay=0.0
2026/07/30 20:46:01 - mmengine - INFO - paramwise_options -- decode_head.transformer_decoder.layers.1.norms.0.bias:weight_decay=0.0
2026/07/30 20:46:01 - mmengine - INFO - paramwise_options -- decode_head.transformer_decoder.layers.1.norms.1.weight:weight_decay=0.0
2026/07/30 20:46:01 - mmengine - INFO - paramwise_options -- decode_head.transformer_decoder.layers.1.norms.1.bias:weight_decay=0.0
2026/07/30 20:46:01 - mmengine - INFO - paramwise_options -- decode_head.transformer_decoder.layers.1.norms.2.weight:weight_decay=0.0
2026/07/30 20:46:01 - mmengine - INFO - paramwise_options -- decode_head.transformer_decoder.layers.1.norms.2.bias:weight_decay=0.0
2026/07/30 20:46:01 - mmengine - INFO - paramwise_options -- decode_head.transformer_decoder.layers.2.norms.0.weight:weight_decay=0.0
2026/07/30 20:46:01 - mmengine - INFO - paramwise_options -- decode_head.transformer_decoder.layers.2.norms.0.bias:weight_decay=0.0
2026/07/30 20:46:01 - mmengine - INFO - paramwise_options -- decode_head.transformer_decoder.layers.2.norms.1.weight:weight_decay=0.0
2026/07/30 20:46:01 - mmengine - INFO - paramwise_options -- decode_head.transformer_decoder.layers.2.norms.1.bias:weight_decay=0.0
2026/07/30 20:46:01 - mmengine - INFO - paramwise_options -- decode_head.transformer_decoder.layers.2.norms.2.weight:weight_decay=0.0
2026/07/30 20:46:01 - mmengine - INFO - paramwise_options -- decode_head.transformer_decoder.layers.2.norms.2.bias:weight_decay=0.0
2026/07/30 20:46:01 - mmengine - INFO - paramwise_options -- decode_head.transformer_decoder.layers.3.norms.0.weight:weight_decay=0.0
2026/07/30 20:46:01 - mmengine - INFO - paramwise_options -- decode_head.transformer_decoder.layers.3.norms.0.bias:weight_decay=0.0
2026/07/30 20:46:01 - mmengine - INFO - paramwise_options -- decode_head.transformer_decoder.layers.3.norms.1.weight:weight_decay=0.0
2026/07/30 20:46:01 - mmengine - INFO - paramwise_options -- decode_head.transformer_decoder.layers.3.norms.1.bias:weight_decay=0.0
2026/07/30 20:46:01 - mmengine - INFO - paramwise_options -- decode_head.transformer_decoder.layers.3.norms.2.weight:weight_decay=0.0
2026/07/30 20:46:01 - mmengine - INFO - paramwise_options -- decode_head.transformer_decoder.layers.3.norms.2.bias:weight_decay=0.0
2026/07/30 20:46:01 - mmengine - INFO - paramwise_options -- decode_head.transformer_decoder.layers.4.norms.0.weight:weight_decay=0.0
2026/07/30 20:46:01 - mmengine - INFO - paramwise_options -- decode_head.transformer_decoder.layers.4.norms.0.bias:weight_decay=0.0
2026/07/30 20:46:01 - mmengine - INFO - paramwise_options -- decode_head.transformer_decoder.layers.4.norms.1.weight:weight_decay=0.0
2026/07/30 20:46:01 - mmengine - INFO - paramwise_options -- decode_head.transformer_decoder.layers.4.norms.1.bias:weight_decay=0.0
2026/07/30 20:46:01 - mmengine - INFO - paramwise_options -- decode_head.transformer_decoder.layers.4.norms.2.weight:weight_decay=0.0
2026/07/30 20:46:01 - mmengine - INFO - paramwise_options -- decode_head.transformer_decoder.layers.4.norms.2.bias:weight_decay=0.0
2026/07/30 20:46:01 - mmengine - INFO - paramwise_options -- decode_head.transformer_decoder.layers.5.norms.0.weight:weight_decay=0.0
2026/07/30 20:46:01 - mmengine - INFO - paramwise_options -- decode_head.transformer_decoder.layers.5.norms.0.bias:weight_decay=0.0
2026/07/30 20:46:01 - mmengine - INFO - paramwise_options -- decode_head.transformer_decoder.layers.5.norms.1.weight:weight_decay=0.0
2026/07/30 20:46:01 - mmengine - INFO - paramwise_options -- decode_head.transformer_decoder.layers.5.norms.1.bias:weight_decay=0.0
2026/07/30 20:46:01 - mmengine - INFO - paramwise_options -- decode_head.transformer_decoder.layers.5.norms.2.weight:weight_decay=0.0
2026/07/30 20:46:01 - mmengine - INFO - paramwise_options -- decode_head.transformer_decoder.layers.5.norms.2.bias:weight_decay=0.0
2026/07/30 20:46:01 - mmengine - INFO - paramwise_options -- decode_head.transformer_decoder.layers.6.norms.0.weight:weight_decay=0.0
2026/07/30 20:46:01 - mmengine - INFO - paramwise_options -- decode_head.transformer_decoder.layers.6.norms.0.bias:weight_decay=0.0
2026/07/30 20:46:01 - mmengine - INFO - paramwise_options -- decode_head.transformer_decoder.layers.6.norms.1.weight:weight_decay=0.0
2026/07/30 20:46:01 - mmengine - INFO - paramwise_options -- decode_head.transformer_decoder.layers.6.norms.1.bias:weight_decay=0.0
2026/07/30 20:46:01 - mmengine - INFO - paramwise_options -- decode_head.transformer_decoder.layers.6.norms.2.weight:weight_decay=0.0
2026/07/30 20:46:01 - mmengine - INFO - paramwise_options -- decode_head.transformer_decoder.layers.6.norms.2.bias:weight_decay=0.0
2026/07/30 20:46:01 - mmengine - INFO - paramwise_options -- decode_head.transformer_decoder.layers.7.norms.0.weight:weight_decay=0.0
2026/07/30 20:46:01 - mmengine - INFO - paramwise_options -- decode_head.transformer_decoder.layers.7.norms.0.bias:weight_decay=0.0
2026/07/30 20:46:01 - mmengine - INFO - paramwise_options -- decode_head.transformer_decoder.layers.7.norms.1.weight:weight_decay=0.0
2026/07/30 20:46:01 - mmengine - INFO - paramwise_options -- decode_head.transformer_decoder.layers.7.norms.1.bias:weight_decay=0.0
2026/07/30 20:46:01 - mmengine - INFO - paramwise_options -- decode_head.transformer_decoder.layers.7.norms.2.weight:weight_decay=0.0
2026/07/30 20:46:01 - mmengine - INFO - paramwise_options -- decode_head.transformer_decoder.layers.7.norms.2.bias:weight_decay=0.0
2026/07/30 20:46:01 - mmengine - INFO - paramwise_options -- decode_head.transformer_decoder.layers.8.norms.0.weight:weight_decay=0.0
2026/07/30 20:46:01 - mmengine - INFO - paramwise_options -- decode_head.transformer_decoder.layers.8.norms.0.bias:weight_decay=0.0
2026/07/30 20:46:01 - mmengine - INFO - paramwise_options -- decode_head.transformer_decoder.layers.8.norms.1.weight:weight_decay=0.0
2026/07/30 20:46:01 - mmengine - INFO - paramwise_options -- decode_head.transformer_decoder.layers.8.norms.1.bias:weight_decay=0.0
2026/07/30 20:46:01 - mmengine - INFO - paramwise_options -- decode_head.transformer_decoder.layers.8.norms.2.weight:weight_decay=0.0
2026/07/30 20:46:01 - mmengine - INFO - paramwise_options -- decode_head.transformer_decoder.layers.8.norms.2.bias:weight_decay=0.0
2026/07/30 20:46:01 - mmengine - INFO - paramwise_options -- decode_head.transformer_decoder.post_norm.weight:weight_decay=0.0
2026/07/30 20:46:01 - mmengine - INFO - paramwise_options -- decode_head.transformer_decoder.post_norm.bias:weight_decay=0.0
2026/07/30 20:46:10 - mmengine - WARNING - The prefix is not set in metric class IoUMetric.
Name of parameter - Initialization information

backbone.backbone.cls_token - torch.Size([1, 1, 1024]): 
The value is the same before and after calling `init_weights` of EncoderDecoder  

backbone.backbone.storage_tokens - torch.Size([1, 4, 1024]): 
The value is the same before and after calling `init_weights` of EncoderDecoder  

backbone.backbone.mask_token - torch.Size([1, 1024]): 
The value is the same before and after calling `init_weights` of EncoderDecoder  

backbone.backbone.patch_embed.proj.weight - torch.Size([1024, 3, 16, 16]): 
The value is the same before and after calling `init_weights` of EncoderDecoder  

backbone.backbone.patch_embed.proj.bias - torch.Size([1024]): 
The value is the same before and after calling `init_weights` of EncoderDecoder  

backbone.backbone.blocks.0.norm1.weight - torch.Size([1024]): 
The value is the same before and after calling `init_weights` of EncoderDecoder  

backbone.backbone.blocks.0.norm1.bias - torch.Size([1024]): 
The value is the same before and after calling `init_weights` of EncoderDecoder  

backbone.backbone.blocks.0.attn.qkv.weight - torch.Size([3072, 1024]): 
The value is the same before and after calling `init_weights` of EncoderDecoder  

backbone.backbone.blocks.0.attn.qkv.bias - torch.Size([3072]): 
The value is the same before and after calling `init_weights` of EncoderDecoder  

backbone.backbone.blocks.0.attn.proj.weight - torch.Size([1024, 1024]): 
The value is the same before and after calling `init_weights` of EncoderDecoder  

backbone.backbone.blocks.0.attn.proj.bias - torch.Size([1024]): 
The value is the same before and after calling `init_weights` of EncoderDecoder  

backbone.backbone.blocks.0.ls1.gamma - torch.Size([1024]): 
The value is the same before and after calling `init_weights` of EncoderDecoder  

backbone.backbone.blocks.0.norm2.weight - torch.Size([1024]): 
The value is the same before and after calling `init_weights` of EncoderDecoder  

backbone.backbone.blocks.0.norm2.bias - torch.Size([1024]): 
The value is the same before and after calling `init_weights` of EncoderDecoder  

backbone.backbone.blocks.0.mlp.fc1.weight - torch.Size([4096, 1024]): 
The value is the same before and after calling `init_weights` of EncoderDecoder  

backbone.backbone.blocks.0.mlp.fc1.bias - torch.Size([4096]): 
The value is the same before and after calling `init_weights` of EncoderDecoder  

backbone.backbone.blocks.0.mlp.fc2.weight - torch.Size([1024, 4096]): 
The value is the same before and after calling `init_weights` of EncoderDecoder  

backbone.backbone.blocks.0.mlp.fc2.bias - torch.Size([1024]): 
The value is the same before and after calling `init_weights` of EncoderDecoder  

backbone.backbone.blocks.0.ls2.gamma - torch.Size([1024]): 
The value is the same before and after calling `init_weights` of EncoderDecoder  

backbone.backbone.blocks.1.norm1.weight - torch.Size([1024]): 
The value is the same before and after calling `init_weights` of EncoderDecoder  

backbone.backbone.blocks.1.norm1.bias - torch.Size([1024]): 
The value is the same before and after calling `init_weights` of EncoderDecoder  

backbone.backbone.blocks.1.attn.qkv.weight - torch.Size([3072, 1024]): 
The value is the same before and after calling `init_weights` of EncoderDecoder  

backbone.backbone.blocks.1.attn.qkv.bias - torch.Size([3072]): 
The value is the same before and after calling `init_weights` of EncoderDecoder  

backbone.backbone.blocks.1.attn.proj.weight - torch.Size([1024, 1024]): 
The value is the same before and after calling `init_weights` of EncoderDecoder  

backbone.backbone.blocks.1.attn.proj.bias - torch.Size([1024]): 
The value is the same before and after calling `init_weights` of EncoderDecoder  

backbone.backbone.blocks.1.ls1.gamma - torch.Size([1024]): 
The value is the same before and after calling `init_weights` of EncoderDecoder  

backbone.backbone.blocks.1.norm2.weight - torch.Size([1024]): 
The value is the same before and after calling `init_weights` of EncoderDecoder  

backbone.backbone.blocks.1.norm2.bias - torch.Size([1024]): 
The value is the same before and after calling `init_weights` of EncoderDecoder  

backbone.backbone.blocks.1.mlp.fc1.weight - torch.Size([4096, 1024]): 
The value is the same before and after calling `init_weights` of EncoderDecoder  

backbone.backbone.blocks.1.mlp.fc1.bias - torch.Size([4096]): 
The value is the same before and after calling `init_weights` of EncoderDecoder  

backbone.backbone.blocks.1.mlp.fc2.weight - torch.Size([1024, 4096]): 
The value is the same before and after calling `init_weights` of EncoderDecoder  

backbone.backbone.blocks.1.mlp.fc2.bias - torch.Size([1024]): 
The value is the same before and after calling `init_weights` of EncoderDecoder  

backbone.backbone.blocks.1.ls2.gamma - torch.Size([1024]): 
The value is the same before and after calling `init_weights` of EncoderDecoder  

backbone.backbone.blocks.2.norm1.weight - torch.Size([1024]): 
The value is the same before and after calling `init_weights` of EncoderDecoder  

backbone.backbone.blocks.2.norm1.bias - torch.Size([1024]): 
The value is the same before and after calling `init_weights` of EncoderDecoder  

backbone.backbone.blocks.2.attn.qkv.weight - torch.Size([3072, 1024]): 
The value is the same before and after calling `init_weights` of EncoderDecoder  

backbone.backbone.blocks.2.attn.qkv.bias - torch.Size([3072]): 
The value is the same before and after calling `init_weights` of EncoderDecoder  

backbone.backbone.blocks.2.attn.proj.weight - torch.Size([1024, 1024]): 
The value is the same before and after calling `init_weights` of EncoderDecoder  

backbone.backbone.blocks.2.attn.proj.bias - torch.Size([1024]): 
The value is the same before and after calling `init_weights` of EncoderDecoder  

backbone.backbone.blocks.2.ls1.gamma - torch.Size([1024]): 
The value is the same before and after calling `init_weights` of EncoderDecoder  

backbone.backbone.blocks.2.norm2.weight - torch.Size([1024]): 
The value is the same before and after calling `init_weights` of EncoderDecoder  

backbone.backbone.blocks.2.norm2.bias - torch.Size([1024]): 
The value is the same before and after calling `init_weights` of EncoderDecoder  

backbone.backbone.blocks.2.mlp.fc1.weight - torch.Size([4096, 1024]): 
The value is the same before and after calling `init_weights` of EncoderDecoder  

backbone.backbone.blocks.2.mlp.fc1.bias - torch.Size([4096]): 
The value is the same before and after calling `init_weights` of EncoderDecoder  

backbone.backbone.blocks.2.mlp.fc2.weight - torch.Size([1024, 4096]): 
The value is the same before and after calling `init_weights` of EncoderDecoder  

backbone.backbone.blocks.2.mlp.fc2.bias - torch.Size([1024]): 
The value is the same before and after calling `init_weights` of EncoderDecoder  

backbone.backbone.blocks.2.ls2.gamma - torch.Size([1024]): 
The value is the same before and after calling `init_weights` of EncoderDecoder  

backbone.backbone.blocks.3.norm1.weight - torch.Size([1024]): 
The value is the same before and after calling `init_weights` of EncoderDecoder  

backbone.backbone.blocks.3.norm1.bias - torch.Size([1024]): 
The value is the same before and after calling `init_weights` of EncoderDecoder  

backbone.backbone.blocks.3.attn.qkv.weight - torch.Size([3072, 1024]): 
The value is the same before and after calling `init_weights` of EncoderDecoder  

backbone.backbone.blocks.3.attn.qkv.bias - torch.Size([3072]): 
The value is the same before and after calling `init_weights` of EncoderDecoder  

backbone.backbone.blocks.3.attn.proj.weight - torch.Size([1024, 1024]): 
The value is the same before and after calling `init_weights` of EncoderDecoder  

backbone.backbone.blocks.3.attn.proj.bias - torch.Size([1024]): 
The value is the same before and after calling `init_weights` of EncoderDecoder  

backbone.backbone.blocks.3.ls1.gamma - torch.Size([1024]): 
The value is the same before and after calling `init_weights` of EncoderDecoder  

backbone.backbone.blocks.3.norm2.weight - torch.Size([1024]): 
The value is the same before and after calling `init_weights` of EncoderDecoder  

backbone.backbone.blocks.3.norm2.bias - torch.Size([1024]): 
The value is the same before and after calling `init_weights` of EncoderDecoder  

backbone.backbone.blocks.3.mlp.fc1.weight - torch.Size([4096, 1024]): 
The value is the same before and after calling `init_weights` of EncoderDecoder  

backbone.backbone.blocks.3.mlp.fc1.bias - torch.Size([4096]): 
The value is the same before and after calling `init_weights` of EncoderDecoder  

backbone.backbone.blocks.3.mlp.fc2.weight - torch.Size([1024, 4096]): 
The value is the same before and after calling `init_weights` of EncoderDecoder  

backbone.backbone.blocks.3.mlp.fc2.bias - torch.Size([1024]): 
The value is the same before and after calling `init_weights` of EncoderDecoder  

backbone.backbone.blocks.3.ls2.gamma - torch.Size([1024]): 
The value is the same before and after calling `init_weights` of EncoderDecoder  

backbone.backbone.blocks.4.norm1.weight - torch.Size([1024]): 
The value is the same before and after calling `init_weights` of EncoderDecoder  

backbone.backbone.blocks.4.norm1.bias - torch.Size([1024]): 
The value is the same before and after calling `init_weights` of EncoderDecoder  

backbone.backbone.blocks.4.attn.qkv.weight - torch.Size([3072, 1024]): 
The value is the same before and after calling `init_weights` of EncoderDecoder  

backbone.backbone.blocks.4.attn.qkv.bias - torch.Size([3072]): 
The value is the same before and after calling `init_weights` of EncoderDecoder  

backbone.backbone.blocks.4.attn.proj.weight - torch.Size([1024, 1024]): 
The value is the same before and after calling `init_weights` of EncoderDecoder  

backbone.backbone.blocks.4.attn.proj.bias - torch.Size([1024]): 
The value is the same before and after calling `init_weights` of EncoderDecoder  

backbone.backbone.blocks.4.ls1.gamma - torch.Size([1024]): 
The value is the same before and after calling `init_weights` of EncoderDecoder  

backbone.backbone.blocks.4.norm2.weight - torch.Size([1024]): 
The value is the same before and after calling `init_weights` of EncoderDecoder  

backbone.backbone.blocks.4.norm2.bias - torch.Size([1024]): 
The value is the same before and after calling `init_weights` of EncoderDecoder  

backbone.backbone.blocks.4.mlp.fc1.weight - torch.Size([4096, 1024]): 
The value is the same before and after calling `init_weights` of EncoderDecoder  

backbone.backbone.blocks.4.mlp.fc1.bias - torch.Size([4096]): 
The value is the same before and after calling `init_weights` of EncoderDecoder  

backbone.backbone.blocks.4.mlp.fc2.weight - torch.Size([1024, 4096]): 
The value is the same before and after calling `init_weights` of EncoderDecoder  

backbone.backbone.blocks.4.mlp.fc2.bias - torch.Size([1024]): 
The value is the same before and after calling `init_weights` of EncoderDecoder  

backbone.backbone.blocks.4.ls2.gamma - torch.Size([1024]): 
The value is the same before and after calling `init_weights` of EncoderDecoder  

backbone.backbone.blocks.5.norm1.weight - torch.Size([1024]): 
The value is the same before and after calling `init_weights` of EncoderDecoder  

backbone.backbone.blocks.5.norm1.bias - torch.Size([1024]): 
The value is the same before and after calling `init_weights` of EncoderDecoder  

backbone.backbone.blocks.5.attn.qkv.weight - torch.Size([3072, 1024]): 
The value is the same before and after calling `init_weights` of EncoderDecoder  

backbone.backbone.blocks.5.attn.qkv.bias - torch.Size([3072]): 
The value is the same before and after calling `init_weights` of EncoderDecoder  

backbone.backbone.blocks.5.attn.proj.weight - torch.Size([1024, 1024]): 
The value is the same before and after calling `init_weights` of EncoderDecoder  

backbone.backbone.blocks.5.attn.proj.bias - torch.Size([1024]): 
The value is the same before and after calling `init_weights` of EncoderDecoder  

backbone.backbone.blocks.5.ls1.gamma - torch.Size([1024]): 
The value is the same before and after calling `init_weights` of EncoderDecoder  

backbone.backbone.blocks.5.norm2.weight - torch.Size([1024]): 
The value is the same before and after calling `init_weights` of EncoderDecoder  

backbone.backbone.blocks.5.norm2.bias - torch.Size([1024]): 
The value is the same before and after calling `init_weights` of EncoderDecoder  

backbone.backbone.blocks.5.mlp.fc1.weight - torch.Size([4096, 1024]): 
The value is the same before and after calling `init_weights` of EncoderDecoder  

backbone.backbone.blocks.5.mlp.fc1.bias - torch.Size([4096]): 
The value is the same before and after calling `init_weights` of EncoderDecoder  

backbone.backbone.blocks.5.mlp.fc2.weight - torch.Size([1024, 4096]): 
The value is the same before and after calling `init_weights` of EncoderDecoder  

backbone.backbone.blocks.5.mlp.fc2.bias - torch.Size([1024]): 
The value is the same before and after calling `init_weights` of EncoderDecoder  

backbone.backbone.blocks.5.ls2.gamma - torch.Size([1024]): 
The value is the same before and after calling `init_weights` of EncoderDecoder  

backbone.backbone.blocks.6.norm1.weight - torch.Size([1024]): 
The value is the same before and after calling `init_weights` of EncoderDecoder  

backbone.backbone.blocks.6.norm1.bias - torch.Size([1024]): 
The value is the same before and after calling `init_weights` of EncoderDecoder  

backbone.backbone.blocks.6.attn.qkv.weight - torch.Size([3072, 1024]): 
The value is the same before and after calling `init_weights` of EncoderDecoder  

backbone.backbone.blocks.6.attn.qkv.bias - torch.Size([3072]): 
The value is the same before and after calling `init_weights` of EncoderDecoder  

backbone.backbone.blocks.6.attn.proj.weight - torch.Size([1024, 1024]): 
The value is the same before and after calling `init_weights` of EncoderDecoder  

backbone.backbone.blocks.6.attn.proj.bias - torch.Size([1024]): 
The value is the same before and after calling `init_weights` of EncoderDecoder  

backbone.backbone.blocks.6.ls1.gamma - torch.Size([1024]): 
The value is the same before and after calling `init_weights` of EncoderDecoder  

backbone.backbone.blocks.6.norm2.weight - torch.Size([1024]): 
The value is the same before and after calling `init_weights` of EncoderDecoder  

backbone.backbone.blocks.6.norm2.bias - torch.Size([1024]): 
The value is the same before and after calling `init_weights` of EncoderDecoder  

backbone.backbone.blocks.6.mlp.fc1.weight - torch.Size([4096, 1024]): 
The value is the same before and after calling `init_weights` of EncoderDecoder  

backbone.backbone.blocks.6.mlp.fc1.bias - torch.Size([4096]): 
The value is the same before and after calling `init_weights` of EncoderDecoder  

backbone.backbone.blocks.6.mlp.fc2.weight - torch.Size([1024, 4096]): 
The value is the same before and after calling `init_weights` of EncoderDecoder  

backbone.backbone.blocks.6.mlp.fc2.bias - torch.Size([1024]): 
The value is the same before and after calling `init_weights` of EncoderDecoder  

backbone.backbone.blocks.6.ls2.gamma - torch.Size([1024]): 
The value is the same before and after calling `init_weights` of EncoderDecoder  

backbone.backbone.blocks.7.norm1.weight - torch.Size([1024]): 
The value is the same before and after calling `init_weights` of EncoderDecoder  

backbone.backbone.blocks.7.norm1.bias - torch.Size([1024]): 
The value is the same before and after calling `init_weights` of EncoderDecoder  

backbone.backbone.blocks.7.attn.qkv.weight - torch.Size([3072, 1024]): 
The value is the same before and after calling `init_weights` of EncoderDecoder  

backbone.backbone.blocks.7.attn.qkv.bias - torch.Size([3072]): 
The value is the same before and after calling `init_weights` of EncoderDecoder  

backbone.backbone.blocks.7.attn.proj.weight - torch.Size([1024, 1024]): 
The value is the same before and after calling `init_weights` of EncoderDecoder  

backbone.backbone.blocks.7.attn.proj.bias - torch.Size([1024]): 
The value is the same before and after calling `init_weights` of EncoderDecoder  

backbone.backbone.blocks.7.ls1.gamma - torch.Size([1024]): 
The value is the same before and after calling `init_weights` of EncoderDecoder  

backbone.backbone.blocks.7.norm2.weight - torch.Size([1024]): 
The value is the same before and after calling `init_weights` of EncoderDecoder  

backbone.backbone.blocks.7.norm2.bias - torch.Size([1024]): 
The value is the same before and after calling `init_weights` of EncoderDecoder  

backbone.backbone.blocks.7.mlp.fc1.weight - torch.Size([4096, 1024]): 
The value is the same before and after calling `init_weights` of EncoderDecoder  

backbone.backbone.blocks.7.mlp.fc1.bias - torch.Size([4096]): 
The value is the same before and after calling `init_weights` of EncoderDecoder  

backbone.backbone.blocks.7.mlp.fc2.weight - torch.Size([1024, 4096]): 
The value is the same before and after calling `init_weights` of EncoderDecoder  

backbone.backbone.blocks.7.mlp.fc2.bias - torch.Size([1024]): 
The value is the same before and after calling `init_weights` of EncoderDecoder  

backbone.backbone.blocks.7.ls2.gamma - torch.Size([1024]): 
The value is the same before and after calling `init_weights` of EncoderDecoder  

backbone.backbone.blocks.8.norm1.weight - torch.Size([1024]): 
The value is the same before and after calling `init_weights` of EncoderDecoder  

backbone.backbone.blocks.8.norm1.bias - torch.Size([1024]): 
The value is the same before and after calling `init_weights` of EncoderDecoder  

backbone.backbone.blocks.8.attn.qkv.weight - torch.Size([3072, 1024]): 
The value is the same before and after calling `init_weights` of EncoderDecoder  

backbone.backbone.blocks.8.attn.qkv.bias - torch.Size([3072]): 
The value is the same before and after calling `init_weights` of EncoderDecoder  

backbone.backbone.blocks.8.attn.proj.weight - torch.Size([1024, 1024]): 
The value is the same before and after calling `init_weights` of EncoderDecoder  

backbone.backbone.blocks.8.attn.proj.bias - torch.Size([1024]): 
The value is the same before and after calling `init_weights` of EncoderDecoder  

backbone.backbone.blocks.8.ls1.gamma - torch.Size([1024]): 
The value is the same before and after calling `init_weights` of EncoderDecoder  

backbone.backbone.blocks.8.norm2.weight - torch.Size([1024]): 
The value is the same before and after calling `init_weights` of EncoderDecoder  

backbone.backbone.blocks.8.norm2.bias - torch.Size([1024]): 
The value is the same before and after calling `init_weights` of EncoderDecoder  

backbone.backbone.blocks.8.mlp.fc1.weight - torch.Size([4096, 1024]): 
The value is the same before and after calling `init_weights` of EncoderDecoder  

backbone.backbone.blocks.8.mlp.fc1.bias - torch.Size([4096]): 
The value is the same before and after calling `init_weights` of EncoderDecoder  

backbone.backbone.blocks.8.mlp.fc2.weight - torch.Size([1024, 4096]): 
The value is the same before and after calling `init_weights` of EncoderDecoder  

backbone.backbone.blocks.8.mlp.fc2.bias - torch.Size([1024]): 
The value is the same before and after calling `init_weights` of EncoderDecoder  

backbone.backbone.blocks.8.ls2.gamma - torch.Size([1024]): 
The value is the same before and after calling `init_weights` of EncoderDecoder  

backbone.backbone.blocks.9.norm1.weight - torch.Size([1024]): 
The value is the same before and after calling `init_weights` of EncoderDecoder  

backbone.backbone.blocks.9.norm1.bias - torch.Size([1024]): 
The value is the same before and after calling `init_weights` of EncoderDecoder  

backbone.backbone.blocks.9.attn.qkv.weight - torch.Size([3072, 1024]): 
The value is the same before and after calling `init_weights` of EncoderDecoder  

backbone.backbone.blocks.9.attn.qkv.bias - torch.Size([3072]): 
The value is the same before and after calling `init_weights` of EncoderDecoder  

backbone.backbone.blocks.9.attn.proj.weight - torch.Size([1024, 1024]): 
The value is the same before and after calling `init_weights` of EncoderDecoder  

backbone.backbone.blocks.9.attn.proj.bias - torch.Size([1024]): 
The value is the same before and after calling `init_weights` of EncoderDecoder  

backbone.backbone.blocks.9.ls1.gamma - torch.Size([1024]): 
The value is the same before and after calling `init_weights` of EncoderDecoder  

backbone.backbone.blocks.9.norm2.weight - torch.Size([1024]): 
The value is the same before and after calling `init_weights` of EncoderDecoder  

backbone.backbone.blocks.9.norm2.bias - torch.Size([1024]): 
The value is the same before and after calling `init_weights` of EncoderDecoder  

backbone.backbone.blocks.9.mlp.fc1.weight - torch.Size([4096, 1024]): 
The value is the same before and after calling `init_weights` of EncoderDecoder  

backbone.backbone.blocks.9.mlp.fc1.bias - torch.Size([4096]): 
The value is the same before and after calling `init_weights` of EncoderDecoder  

backbone.backbone.blocks.9.mlp.fc2.weight - torch.Size([1024, 4096]): 
The value is the same before and after calling `init_weights` of EncoderDecoder  

backbone.backbone.blocks.9.mlp.fc2.bias - torch.Size([1024]): 
The value is the same before and after calling `init_weights` of EncoderDecoder  

backbone.backbone.blocks.9.ls2.gamma - torch.Size([1024]): 
The value is the same before and after calling `init_weights` of EncoderDecoder  

backbone.backbone.blocks.10.norm1.weight - torch.Size([1024]): 
The value is the same before and after calling `init_weights` of EncoderDecoder  

backbone.backbone.blocks.10.norm1.bias - torch.Size([1024]): 
The value is the same before and after calling `init_weights` of EncoderDecoder  

backbone.backbone.blocks.10.attn.qkv.weight - torch.Size([3072, 1024]): 
The value is the same before and after calling `init_weights` of EncoderDecoder  

backbone.backbone.blocks.10.attn.qkv.bias - torch.Size([3072]): 
The value is the same before and after calling `init_weights` of EncoderDecoder  

backbone.backbone.blocks.10.attn.proj.weight - torch.Size([1024, 1024]): 
The value is the same before and after calling `init_weights` of EncoderDecoder  

backbone.backbone.blocks.10.attn.proj.bias - torch.Size([1024]): 
The value is the same before and after calling `init_weights` of EncoderDecoder  

backbone.backbone.blocks.10.ls1.gamma - torch.Size([1024]): 
The value is the same before and after calling `init_weights` of EncoderDecoder  

backbone.backbone.blocks.10.norm2.weight - torch.Size([1024]): 
The value is the same before and after calling `init_weights` of EncoderDecoder  

backbone.backbone.blocks.10.norm2.bias - torch.Size([1024]): 
The value is the same before and after calling `init_weights` of EncoderDecoder  

backbone.backbone.blocks.10.mlp.fc1.weight - torch.Size([4096, 1024]): 
The value is the same before and after calling `init_weights` of EncoderDecoder  

backbone.backbone.blocks.10.mlp.fc1.bias - torch.Size([4096]): 
The value is the same before and after calling `init_weights` of EncoderDecoder  

backbone.backbone.blocks.10.mlp.fc2.weight - torch.Size([1024, 4096]): 
The value is the same before and after calling `init_weights` of EncoderDecoder  

backbone.backbone.blocks.10.mlp.fc2.bias - torch.Size([1024]): 
The value is the same before and after calling `init_weights` of EncoderDecoder  

backbone.backbone.blocks.10.ls2.gamma - torch.Size([1024]): 
The value is the same before and after calling `init_weights` of EncoderDecoder  

backbone.backbone.blocks.11.norm1.weight - torch.Size([1024]): 
The value is the same before and after calling `init_weights` of EncoderDecoder  

backbone.backbone.blocks.11.norm1.bias - torch.Size([1024]): 
The value is the same before and after calling `init_weights` of EncoderDecoder  

backbone.backbone.blocks.11.attn.qkv.weight - torch.Size([3072, 1024]): 
The value is the same before and after calling `init_weights` of EncoderDecoder  

backbone.backbone.blocks.11.attn.qkv.bias - torch.Size([3072]): 
The value is the same before and after calling `init_weights` of EncoderDecoder  

backbone.backbone.blocks.11.attn.proj.weight - torch.Size([1024, 1024]): 
The value is the same before and after calling `init_weights` of EncoderDecoder  

backbone.backbone.blocks.11.attn.proj.bias - torch.Size([1024]): 
The value is the same before and after calling `init_weights` of EncoderDecoder  

backbone.backbone.blocks.11.ls1.gamma - torch.Size([1024]): 
The value is the same before and after calling `init_weights` of EncoderDecoder  

backbone.backbone.blocks.11.norm2.weight - torch.Size([1024]): 
The value is the same before and after calling `init_weights` of EncoderDecoder  

backbone.backbone.blocks.11.norm2.bias - torch.Size([1024]): 
The value is the same before and after calling `init_weights` of EncoderDecoder  

backbone.backbone.blocks.11.mlp.fc1.weight - torch.Size([4096, 1024]): 
The value is the same before and after calling `init_weights` of EncoderDecoder  

backbone.backbone.blocks.11.mlp.fc1.bias - torch.Size([4096]): 
The value is the same before and after calling `init_weights` of EncoderDecoder  

backbone.backbone.blocks.11.mlp.fc2.weight - torch.Size([1024, 4096]): 
The value is the same before and after calling `init_weights` of EncoderDecoder  

backbone.backbone.blocks.11.mlp.fc2.bias - torch.Size([1024]): 
The value is the same before and after calling `init_weights` of EncoderDecoder  

backbone.backbone.blocks.11.ls2.gamma - torch.Size([1024]): 
The value is the same before and after calling `init_weights` of EncoderDecoder  

backbone.backbone.blocks.12.norm1.weight - torch.Size([1024]): 
The value is the same before and after calling `init_weights` of EncoderDecoder  

backbone.backbone.blocks.12.norm1.bias - torch.Size([1024]): 
The value is the same before and after calling `init_weights` of EncoderDecoder  

backbone.backbone.blocks.12.attn.qkv.weight - torch.Size([3072, 1024]): 
The value is the same before and after calling `init_weights` of EncoderDecoder  

backbone.backbone.blocks.12.attn.qkv.bias - torch.Size([3072]): 
The value is the same before and after calling `init_weights` of EncoderDecoder  

backbone.backbone.blocks.12.attn.proj.weight - torch.Size([1024, 1024]): 
The value is the same before and after calling `init_weights` of EncoderDecoder  

backbone.backbone.blocks.12.attn.proj.bias - torch.Size([1024]): 
The value is the same before and after calling `init_weights` of EncoderDecoder  

backbone.backbone.blocks.12.ls1.gamma - torch.Size([1024]): 
The value is the same before and after calling `init_weights` of EncoderDecoder  

backbone.backbone.blocks.12.norm2.weight - torch.Size([1024]): 
The value is the same before and after calling `init_weights` of EncoderDecoder  

backbone.backbone.blocks.12.norm2.bias - torch.Size([1024]): 
The value is the same before and after calling `init_weights` of EncoderDecoder  

backbone.backbone.blocks.12.mlp.fc1.weight - torch.Size([4096, 1024]): 
The value is the same before and after calling `init_weights` of EncoderDecoder  

backbone.backbone.blocks.12.mlp.fc1.bias - torch.Size([4096]): 
The value is the same before and after calling `init_weights` of EncoderDecoder  

backbone.backbone.blocks.12.mlp.fc2.weight - torch.Size([1024, 4096]): 
The value is the same before and after calling `init_weights` of EncoderDecoder  

backbone.backbone.blocks.12.mlp.fc2.bias - torch.Size([1024]): 
The value is the same before and after calling `init_weights` of EncoderDecoder  

backbone.backbone.blocks.12.ls2.gamma - torch.Size([1024]): 
The value is the same before and after calling `init_weights` of EncoderDecoder  

backbone.backbone.blocks.13.norm1.weight - torch.Size([1024]): 
The value is the same before and after calling `init_weights` of EncoderDecoder  

backbone.backbone.blocks.13.norm1.bias - torch.Size([1024]): 
The value is the same before and after calling `init_weights` of EncoderDecoder  

backbone.backbone.blocks.13.attn.qkv.weight - torch.Size([3072, 1024]): 
The value is the same before and after calling `init_weights` of EncoderDecoder  

backbone.backbone.blocks.13.attn.qkv.bias - torch.Size([3072]): 
The value is the same before and after calling `init_weights` of EncoderDecoder  

backbone.backbone.blocks.13.attn.proj.weight - torch.Size([1024, 1024]): 
The value is the same before and after calling `init_weights` of EncoderDecoder  

backbone.backbone.blocks.13.attn.proj.bias - torch.Size([1024]): 
The value is the same before and after calling `init_weights` of EncoderDecoder  

backbone.backbone.blocks.13.ls1.gamma - torch.Size([1024]): 
The value is the same before and after calling `init_weights` of EncoderDecoder  

backbone.backbone.blocks.13.norm2.weight - torch.Size([1024]): 
The value is the same before and after calling `init_weights` of EncoderDecoder  

backbone.backbone.blocks.13.norm2.bias - torch.Size([1024]): 
The value is the same before and after calling `init_weights` of EncoderDecoder  

backbone.backbone.blocks.13.mlp.fc1.weight - torch.Size([4096, 1024]): 
The value is the same before and after calling `init_weights` of EncoderDecoder  

backbone.backbone.blocks.13.mlp.fc1.bias - torch.Size([4096]): 
The value is the same before and after calling `init_weights` of EncoderDecoder  

backbone.backbone.blocks.13.mlp.fc2.weight - torch.Size([1024, 4096]): 
The value is the same before and after calling `init_weights` of EncoderDecoder  

backbone.backbone.blocks.13.mlp.fc2.bias - torch.Size([1024]): 
The value is the same before and after calling `init_weights` of EncoderDecoder  

backbone.backbone.blocks.13.ls2.gamma - torch.Size([1024]): 
The value is the same before and after calling `init_weights` of EncoderDecoder  

backbone.backbone.blocks.14.norm1.weight - torch.Size([1024]): 
The value is the same before and after calling `init_weights` of EncoderDecoder  

backbone.backbone.blocks.14.norm1.bias - torch.Size([1024]): 
The value is the same before and after calling `init_weights` of EncoderDecoder  

backbone.backbone.blocks.14.attn.qkv.weight - torch.Size([3072, 1024]): 
The value is the same before and after calling `init_weights` of EncoderDecoder  

backbone.backbone.blocks.14.attn.qkv.bias - torch.Size([3072]): 
The value is the same before and after calling `init_weights` of EncoderDecoder  

backbone.backbone.blocks.14.attn.proj.weight - torch.Size([1024, 1024]): 
The value is the same before and after calling `init_weights` of EncoderDecoder  

backbone.backbone.blocks.14.attn.proj.bias - torch.Size([1024]): 
The value is the same before and after calling `init_weights` of EncoderDecoder  

backbone.backbone.blocks.14.ls1.gamma - torch.Size([1024]): 
The value is the same before and after calling `init_weights` of EncoderDecoder  

backbone.backbone.blocks.14.norm2.weight - torch.Size([1024]): 
The value is the same before and after calling `init_weights` of EncoderDecoder  

backbone.backbone.blocks.14.norm2.bias - torch.Size([1024]): 
The value is the same before and after calling `init_weights` of EncoderDecoder  

backbone.backbone.blocks.14.mlp.fc1.weight - torch.Size([4096, 1024]): 
The value is the same before and after calling `init_weights` of EncoderDecoder  

backbone.backbone.blocks.14.mlp.fc1.bias - torch.Size([4096]): 
The value is the same before and after calling `init_weights` of EncoderDecoder  

backbone.backbone.blocks.14.mlp.fc2.weight - torch.Size([1024, 4096]): 
The value is the same before and after calling `init_weights` of EncoderDecoder  

backbone.backbone.blocks.14.mlp.fc2.bias - torch.Size([1024]): 
The value is the same before and after calling `init_weights` of EncoderDecoder  

backbone.backbone.blocks.14.ls2.gamma - torch.Size([1024]): 
The value is the same before and after calling `init_weights` of EncoderDecoder  

backbone.backbone.blocks.15.norm1.weight - torch.Size([1024]): 
The value is the same before and after calling `init_weights` of EncoderDecoder  

backbone.backbone.blocks.15.norm1.bias - torch.Size([1024]): 
The value is the same before and after calling `init_weights` of EncoderDecoder  

backbone.backbone.blocks.15.attn.qkv.weight - torch.Size([3072, 1024]): 
The value is the same before and after calling `init_weights` of EncoderDecoder  

backbone.backbone.blocks.15.attn.qkv.bias - torch.Size([3072]): 
The value is the same before and after calling `init_weights` of EncoderDecoder  

backbone.backbone.blocks.15.attn.proj.weight - torch.Size([1024, 1024]): 
The value is the same before and after calling `init_weights` of EncoderDecoder  

backbone.backbone.blocks.15.attn.proj.bias - torch.Size([1024]): 
The value is the same before and after calling `init_weights` of EncoderDecoder  

backbone.backbone.blocks.15.ls1.gamma - torch.Size([1024]): 
The value is the same before and after calling `init_weights` of EncoderDecoder  

backbone.backbone.blocks.15.norm2.weight - torch.Size([1024]): 
The value is the same before and after calling `init_weights` of EncoderDecoder  

backbone.backbone.blocks.15.norm2.bias - torch.Size([1024]): 
The value is the same before and after calling `init_weights` of EncoderDecoder  

backbone.backbone.blocks.15.mlp.fc1.weight - torch.Size([4096, 1024]): 
The value is the same before and after calling `init_weights` of EncoderDecoder  

backbone.backbone.blocks.15.mlp.fc1.bias - torch.Size([4096]): 
The value is the same before and after calling `init_weights` of EncoderDecoder  

backbone.backbone.blocks.15.mlp.fc2.weight - torch.Size([1024, 4096]): 
The value is the same before and after calling `init_weights` of EncoderDecoder  

backbone.backbone.blocks.15.mlp.fc2.bias - torch.Size([1024]): 
The value is the same before and after calling `init_weights` of EncoderDecoder  

backbone.backbone.blocks.15.ls2.gamma - torch.Size([1024]): 
The value is the same before and after calling `init_weights` of EncoderDecoder  

backbone.backbone.blocks.16.norm1.weight - torch.Size([1024]): 
The value is the same before and after calling `init_weights` of EncoderDecoder  

backbone.backbone.blocks.16.norm1.bias - torch.Size([1024]): 
The value is the same before and after calling `init_weights` of EncoderDecoder  

backbone.backbone.blocks.16.attn.qkv.weight - torch.Size([3072, 1024]): 
The value is the same before and after calling `init_weights` of EncoderDecoder  

backbone.backbone.blocks.16.attn.qkv.bias - torch.Size([3072]): 
The value is the same before and after calling `init_weights` of EncoderDecoder  

backbone.backbone.blocks.16.attn.proj.weight - torch.Size([1024, 1024]): 
The value is the same before and after calling `init_weights` of EncoderDecoder  

backbone.backbone.blocks.16.attn.proj.bias - torch.Size([1024]): 
The value is the same before and after calling `init_weights` of EncoderDecoder  

backbone.backbone.blocks.16.ls1.gamma - torch.Size([1024]): 
The value is the same before and after calling `init_weights` of EncoderDecoder  

backbone.backbone.blocks.16.norm2.weight - torch.Size([1024]): 
The value is the same before and after calling `init_weights` of EncoderDecoder  

backbone.backbone.blocks.16.norm2.bias - torch.Size([1024]): 
The value is the same before and after calling `init_weights` of EncoderDecoder  

backbone.backbone.blocks.16.mlp.fc1.weight - torch.Size([4096, 1024]): 
The value is the same before and after calling `init_weights` of EncoderDecoder  

backbone.backbone.blocks.16.mlp.fc1.bias - torch.Size([4096]): 
The value is the same before and after calling `init_weights` of EncoderDecoder  

backbone.backbone.blocks.16.mlp.fc2.weight - torch.Size([1024, 4096]): 
The value is the same before and after calling `init_weights` of EncoderDecoder  

backbone.backbone.blocks.16.mlp.fc2.bias - torch.Size([1024]): 
The value is the same before and after calling `init_weights` of EncoderDecoder  

backbone.backbone.blocks.16.ls2.gamma - torch.Size([1024]): 
The value is the same before and after calling `init_weights` of EncoderDecoder  

backbone.backbone.blocks.17.norm1.weight - torch.Size([1024]): 
The value is the same before and after calling `init_weights` of EncoderDecoder  

backbone.backbone.blocks.17.norm1.bias - torch.Size([1024]): 
The value is the same before and after calling `init_weights` of EncoderDecoder  

backbone.backbone.blocks.17.attn.qkv.weight - torch.Size([3072, 1024]): 
The value is the same before and after calling `init_weights` of EncoderDecoder  

backbone.backbone.blocks.17.attn.qkv.bias - torch.Size([3072]): 
The value is the same before and after calling `init_weights` of EncoderDecoder  

backbone.backbone.blocks.17.attn.proj.weight - torch.Size([1024, 1024]): 
The value is the same before and after calling `init_weights` of EncoderDecoder  

backbone.backbone.blocks.17.attn.proj.bias - torch.Size([1024]): 
The value is the same before and after calling `init_weights` of EncoderDecoder  

backbone.backbone.blocks.17.ls1.gamma - torch.Size([1024]): 
The value is the same before and after calling `init_weights` of EncoderDecoder  

backbone.backbone.blocks.17.norm2.weight - torch.Size([1024]): 
The value is the same before and after calling `init_weights` of EncoderDecoder  

backbone.backbone.blocks.17.norm2.bias - torch.Size([1024]): 
The value is the same before and after calling `init_weights` of EncoderDecoder  

backbone.backbone.blocks.17.mlp.fc1.weight - torch.Size([4096, 1024]): 
The value is the same before and after calling `init_weights` of EncoderDecoder  

backbone.backbone.blocks.17.mlp.fc1.bias - torch.Size([4096]): 
The value is the same before and after calling `init_weights` of EncoderDecoder  

backbone.backbone.blocks.17.mlp.fc2.weight - torch.Size([1024, 4096]): 
The value is the same before and after calling `init_weights` of EncoderDecoder  

backbone.backbone.blocks.17.mlp.fc2.bias - torch.Size([1024]): 
The value is the same before and after calling `init_weights` of EncoderDecoder  

backbone.backbone.blocks.17.ls2.gamma - torch.Size([1024]): 
The value is the same before and after calling `init_weights` of EncoderDecoder  

backbone.backbone.blocks.18.norm1.weight - torch.Size([1024]): 
The value is the same before and after calling `init_weights` of EncoderDecoder  

backbone.backbone.blocks.18.norm1.bias - torch.Size([1024]): 
The value is the same before and after calling `init_weights` of EncoderDecoder  

backbone.backbone.blocks.18.attn.qkv.weight - torch.Size([3072, 1024]): 
The value is the same before and after calling `init_weights` of EncoderDecoder  

backbone.backbone.blocks.18.attn.qkv.bias - torch.Size([3072]): 
The value is the same before and after calling `init_weights` of EncoderDecoder  

backbone.backbone.blocks.18.attn.proj.weight - torch.Size([1024, 1024]): 
The value is the same before and after calling `init_weights` of EncoderDecoder  

backbone.backbone.blocks.18.attn.proj.bias - torch.Size([1024]): 
The value is the same before and after calling `init_weights` of EncoderDecoder  

backbone.backbone.blocks.18.ls1.gamma - torch.Size([1024]): 
The value is the same before and after calling `init_weights` of EncoderDecoder  

backbone.backbone.blocks.18.norm2.weight - torch.Size([1024]): 
The value is the same before and after calling `init_weights` of EncoderDecoder  

backbone.backbone.blocks.18.norm2.bias - torch.Size([1024]): 
The value is the same before and after calling `init_weights` of EncoderDecoder  

backbone.backbone.blocks.18.mlp.fc1.weight - torch.Size([4096, 1024]): 
The value is the same before and after calling `init_weights` of EncoderDecoder  

backbone.backbone.blocks.18.mlp.fc1.bias - torch.Size([4096]): 
The value is the same before and after calling `init_weights` of EncoderDecoder  

backbone.backbone.blocks.18.mlp.fc2.weight - torch.Size([1024, 4096]): 
The value is the same before and after calling `init_weights` of EncoderDecoder  

backbone.backbone.blocks.18.mlp.fc2.bias - torch.Size([1024]): 
The value is the same before and after calling `init_weights` of EncoderDecoder  

backbone.backbone.blocks.18.ls2.gamma - torch.Size([1024]): 
The value is the same before and after calling `init_weights` of EncoderDecoder  

backbone.backbone.blocks.19.norm1.weight - torch.Size([1024]): 
The value is the same before and after calling `init_weights` of EncoderDecoder  

backbone.backbone.blocks.19.norm1.bias - torch.Size([1024]): 
The value is the same before and after calling `init_weights` of EncoderDecoder  

backbone.backbone.blocks.19.attn.qkv.weight - torch.Size([3072, 1024]): 
The value is the same before and after calling `init_weights` of EncoderDecoder  

backbone.backbone.blocks.19.attn.qkv.bias - torch.Size([3072]): 
The value is the same before and after calling `init_weights` of EncoderDecoder  

backbone.backbone.blocks.19.attn.proj.weight - torch.Size([1024, 1024]): 
The value is the same before and after calling `init_weights` of EncoderDecoder  

backbone.backbone.blocks.19.attn.proj.bias - torch.Size([1024]): 
The value is the same before and after calling `init_weights` of EncoderDecoder  

backbone.backbone.blocks.19.ls1.gamma - torch.Size([1024]): 
The value is the same before and after calling `init_weights` of EncoderDecoder  

backbone.backbone.blocks.19.norm2.weight - torch.Size([1024]): 
The value is the same before and after calling `init_weights` of EncoderDecoder  

backbone.backbone.blocks.19.norm2.bias - torch.Size([1024]): 
The value is the same before and after calling `init_weights` of EncoderDecoder  

backbone.backbone.blocks.19.mlp.fc1.weight - torch.Size([4096, 1024]): 
The value is the same before and after calling `init_weights` of EncoderDecoder  

backbone.backbone.blocks.19.mlp.fc1.bias - torch.Size([4096]): 
The value is the same before and after calling `init_weights` of EncoderDecoder  

backbone.backbone.blocks.19.mlp.fc2.weight - torch.Size([1024, 4096]): 
The value is the same before and after calling `init_weights` of EncoderDecoder  

backbone.backbone.blocks.19.mlp.fc2.bias - torch.Size([1024]): 
The value is the same before and after calling `init_weights` of EncoderDecoder  

backbone.backbone.blocks.19.ls2.gamma - torch.Size([1024]): 
The value is the same before and after calling `init_weights` of EncoderDecoder  

backbone.backbone.blocks.20.norm1.weight - torch.Size([1024]): 
The value is the same before and after calling `init_weights` of EncoderDecoder  

backbone.backbone.blocks.20.norm1.bias - torch.Size([1024]): 
The value is the same before and after calling `init_weights` of EncoderDecoder  

backbone.backbone.blocks.20.attn.qkv.weight - torch.Size([3072, 1024]): 
The value is the same before and after calling `init_weights` of EncoderDecoder  

backbone.backbone.blocks.20.attn.qkv.bias - torch.Size([3072]): 
The value is the same before and after calling `init_weights` of EncoderDecoder  

backbone.backbone.blocks.20.attn.proj.weight - torch.Size([1024, 1024]): 
The value is the same before and after calling `init_weights` of EncoderDecoder  

backbone.backbone.blocks.20.attn.proj.bias - torch.Size([1024]): 
The value is the same before and after calling `init_weights` of EncoderDecoder  

backbone.backbone.blocks.20.ls1.gamma - torch.Size([1024]): 
The value is the same before and after calling `init_weights` of EncoderDecoder  

backbone.backbone.blocks.20.norm2.weight - torch.Size([1024]): 
The value is the same before and after calling `init_weights` of EncoderDecoder  

backbone.backbone.blocks.20.norm2.bias - torch.Size([1024]): 
The value is the same before and after calling `init_weights` of EncoderDecoder  

backbone.backbone.blocks.20.mlp.fc1.weight - torch.Size([4096, 1024]): 
The value is the same before and after calling `init_weights` of EncoderDecoder  

backbone.backbone.blocks.20.mlp.fc1.bias - torch.Size([4096]): 
The value is the same before and after calling `init_weights` of EncoderDecoder  

backbone.backbone.blocks.20.mlp.fc2.weight - torch.Size([1024, 4096]): 
The value is the same before and after calling `init_weights` of EncoderDecoder  

backbone.backbone.blocks.20.mlp.fc2.bias - torch.Size([1024]): 
The value is the same before and after calling `init_weights` of EncoderDecoder  

backbone.backbone.blocks.20.ls2.gamma - torch.Size([1024]): 
The value is the same before and after calling `init_weights` of EncoderDecoder  

backbone.backbone.blocks.21.norm1.weight - torch.Size([1024]): 
The value is the same before and after calling `init_weights` of EncoderDecoder  

backbone.backbone.blocks.21.norm1.bias - torch.Size([1024]): 
The value is the same before and after calling `init_weights` of EncoderDecoder  

backbone.backbone.blocks.21.attn.qkv.weight - torch.Size([3072, 1024]): 
The value is the same before and after calling `init_weights` of EncoderDecoder  

backbone.backbone.blocks.21.attn.qkv.bias - torch.Size([3072]): 
The value is the same before and after calling `init_weights` of EncoderDecoder  

backbone.backbone.blocks.21.attn.proj.weight - torch.Size([1024, 1024]): 
The value is the same before and after calling `init_weights` of EncoderDecoder  

backbone.backbone.blocks.21.attn.proj.bias - torch.Size([1024]): 
The value is the same before and after calling `init_weights` of EncoderDecoder  

backbone.backbone.blocks.21.ls1.gamma - torch.Size([1024]): 
The value is the same before and after calling `init_weights` of EncoderDecoder  

backbone.backbone.blocks.21.norm2.weight - torch.Size([1024]): 
The value is the same before and after calling `init_weights` of EncoderDecoder  

backbone.backbone.blocks.21.norm2.bias - torch.Size([1024]): 
The value is the same before and after calling `init_weights` of EncoderDecoder  

backbone.backbone.blocks.21.mlp.fc1.weight - torch.Size([4096, 1024]): 
The value is the same before and after calling `init_weights` of EncoderDecoder  

backbone.backbone.blocks.21.mlp.fc1.bias - torch.Size([4096]): 
The value is the same before and after calling `init_weights` of EncoderDecoder  

backbone.backbone.blocks.21.mlp.fc2.weight - torch.Size([1024, 4096]): 
The value is the same before and after calling `init_weights` of EncoderDecoder  

backbone.backbone.blocks.21.mlp.fc2.bias - torch.Size([1024]): 
The value is the same before and after calling `init_weights` of EncoderDecoder  

backbone.backbone.blocks.21.ls2.gamma - torch.Size([1024]): 
The value is the same before and after calling `init_weights` of EncoderDecoder  

backbone.backbone.blocks.22.norm1.weight - torch.Size([1024]): 
The value is the same before and after calling `init_weights` of EncoderDecoder  

backbone.backbone.blocks.22.norm1.bias - torch.Size([1024]): 
The value is the same before and after calling `init_weights` of EncoderDecoder  

backbone.backbone.blocks.22.attn.qkv.weight - torch.Size([3072, 1024]): 
The value is the same before and after calling `init_weights` of EncoderDecoder  

backbone.backbone.blocks.22.attn.qkv.bias - torch.Size([3072]): 
The value is the same before and after calling `init_weights` of EncoderDecoder  

backbone.backbone.blocks.22.attn.proj.weight - torch.Size([1024, 1024]): 
The value is the same before and after calling `init_weights` of EncoderDecoder  

backbone.backbone.blocks.22.attn.proj.bias - torch.Size([1024]): 
The value is the same before and after calling `init_weights` of EncoderDecoder  

backbone.backbone.blocks.22.ls1.gamma - torch.Size([1024]): 
The value is the same before and after calling `init_weights` of EncoderDecoder  

backbone.backbone.blocks.22.norm2.weight - torch.Size([1024]): 
The value is the same before and after calling `init_weights` of EncoderDecoder  

backbone.backbone.blocks.22.norm2.bias - torch.Size([1024]): 
The value is the same before and after calling `init_weights` of EncoderDecoder  

backbone.backbone.blocks.22.mlp.fc1.weight - torch.Size([4096, 1024]): 
The value is the same before and after calling `init_weights` of EncoderDecoder  

backbone.backbone.blocks.22.mlp.fc1.bias - torch.Size([4096]): 
The value is the same before and after calling `init_weights` of EncoderDecoder  

backbone.backbone.blocks.22.mlp.fc2.weight - torch.Size([1024, 4096]): 
The value is the same before and after calling `init_weights` of EncoderDecoder  

backbone.backbone.blocks.22.mlp.fc2.bias - torch.Size([1024]): 
The value is the same before and after calling `init_weights` of EncoderDecoder  

backbone.backbone.blocks.22.ls2.gamma - torch.Size([1024]): 
The value is the same before and after calling `init_weights` of EncoderDecoder  

backbone.backbone.blocks.23.norm1.weight - torch.Size([1024]): 
The value is the same before and after calling `init_weights` of EncoderDecoder  

backbone.backbone.blocks.23.norm1.bias - torch.Size([1024]): 
The value is the same before and after calling `init_weights` of EncoderDecoder  

backbone.backbone.blocks.23.attn.qkv.weight - torch.Size([3072, 1024]): 
The value is the same before and after calling `init_weights` of EncoderDecoder  

backbone.backbone.blocks.23.attn.qkv.bias - torch.Size([3072]): 
The value is the same before and after calling `init_weights` of EncoderDecoder  

backbone.backbone.blocks.23.attn.proj.weight - torch.Size([1024, 1024]): 
The value is the same before and after calling `init_weights` of EncoderDecoder  

backbone.backbone.blocks.23.attn.proj.bias - torch.Size([1024]): 
The value is the same before and after calling `init_weights` of EncoderDecoder  

backbone.backbone.blocks.23.ls1.gamma - torch.Size([1024]): 
The value is the same before and after calling `init_weights` of EncoderDecoder  

backbone.backbone.blocks.23.norm2.weight - torch.Size([1024]): 
The value is the same before and after calling `init_weights` of EncoderDecoder  

backbone.backbone.blocks.23.norm2.bias - torch.Size([1024]): 
The value is the same before and after calling `init_weights` of EncoderDecoder  

backbone.backbone.blocks.23.mlp.fc1.weight - torch.Size([4096, 1024]): 
The value is the same before and after calling `init_weights` of EncoderDecoder  

backbone.backbone.blocks.23.mlp.fc1.bias - torch.Size([4096]): 
The value is the same before and after calling `init_weights` of EncoderDecoder  

backbone.backbone.blocks.23.mlp.fc2.weight - torch.Size([1024, 4096]): 
The value is the same before and after calling `init_weights` of EncoderDecoder  

backbone.backbone.blocks.23.mlp.fc2.bias - torch.Size([1024]): 
The value is the same before and after calling `init_weights` of EncoderDecoder  

backbone.backbone.blocks.23.ls2.gamma - torch.Size([1024]): 
The value is the same before and after calling `init_weights` of EncoderDecoder  

backbone.backbone.norm.weight - torch.Size([1024]): 
The value is the same before and after calling `init_weights` of EncoderDecoder  

backbone.backbone.norm.bias - torch.Size([1024]): 
The value is the same before and after calling `init_weights` of EncoderDecoder  

backbone.adapter.level_embed - torch.Size([3, 1024]): 
The value is the same before and after calling `init_weights` of EncoderDecoder  

backbone.adapter.spm.stem.0.weight - torch.Size([64, 3, 3, 3]): 
The value is the same before and after calling `init_weights` of EncoderDecoder  

backbone.adapter.spm.stem.1.weight - torch.Size([64]): 
The value is the same before and after calling `init_weights` of EncoderDecoder  

backbone.adapter.spm.stem.1.bias - torch.Size([64]): 
The value is the same before and after calling `init_weights` of EncoderDecoder  

backbone.adapter.spm.stem.3.weight - torch.Size([64, 64, 3, 3]): 
The value is the same before and after calling `init_weights` of EncoderDecoder  

backbone.adapter.spm.stem.4.weight - torch.Size([64]): 
The value is the same before and after calling `init_weights` of EncoderDecoder  

backbone.adapter.spm.stem.4.bias - torch.Size([64]): 
The value is the same before and after calling `init_weights` of EncoderDecoder  

backbone.adapter.spm.stem.6.weight - torch.Size([64, 64, 3, 3]): 
The value is the same before and after calling `init_weights` of EncoderDecoder  

backbone.adapter.spm.stem.7.weight - torch.Size([64]): 
The value is the same before and after calling `init_weights` of EncoderDecoder  

backbone.adapter.spm.stem.7.bias - torch.Size([64]): 
The value is the same before and after calling `init_weights` of EncoderDecoder  

backbone.adapter.spm.conv2.0.weight - torch.Size([128, 64, 3, 3]): 
The value is the same before and after calling `init_weights` of EncoderDecoder  

backbone.adapter.spm.conv2.1.weight - torch.Size([128]): 
The value is the same before and after calling `init_weights` of EncoderDecoder  

backbone.adapter.spm.conv2.1.bias - torch.Size([128]): 
The value is the same before and after calling `init_weights` of EncoderDecoder  

backbone.adapter.spm.conv3.0.weight - torch.Size([256, 128, 3, 3]): 
The value is the same before and after calling `init_weights` of EncoderDecoder  

backbone.adapter.spm.conv3.1.weight - torch.Size([256]): 
The value is the same before and after calling `init_weights` of EncoderDecoder  

backbone.adapter.spm.conv3.1.bias - torch.Size([256]): 
The value is the same before and after calling `init_weights` of EncoderDecoder  

backbone.adapter.spm.conv4.0.weight - torch.Size([256, 256, 3, 3]): 
The value is the same before and after calling `init_weights` of EncoderDecoder  

backbone.adapter.spm.conv4.1.weight - torch.Size([256]): 
The value is the same before and after calling `init_weights` of EncoderDecoder  

backbone.adapter.spm.conv4.1.bias - torch.Size([256]): 
The value is the same before and after calling `init_weights` of EncoderDecoder  

backbone.adapter.spm.fc1.weight - torch.Size([1024, 64, 1, 1]): 
The value is the same before and after calling `init_weights` of EncoderDecoder  

backbone.adapter.spm.fc1.bias - torch.Size([1024]): 
The value is the same before and after calling `init_weights` of EncoderDecoder  

backbone.adapter.spm.fc2.weight - torch.Size([1024, 128, 1, 1]): 
The value is the same before and after calling `init_weights` of EncoderDecoder  

backbone.adapter.spm.fc2.bias - torch.Size([1024]): 
The value is the same before and after calling `init_weights` of EncoderDecoder  

backbone.adapter.spm.fc3.weight - torch.Size([1024, 256, 1, 1]): 
The value is the same before and after calling `init_weights` of EncoderDecoder  

backbone.adapter.spm.fc3.bias - torch.Size([1024]): 
The value is the same before and after calling `init_weights` of EncoderDecoder  

backbone.adapter.spm.fc4.weight - torch.Size([1024, 256, 1, 1]): 
The value is the same before and after calling `init_weights` of EncoderDecoder  

backbone.adapter.spm.fc4.bias - torch.Size([1024]): 
The value is the same before and after calling `init_weights` of EncoderDecoder  

backbone.adapter.interactions.0.extractor.query_norm.weight - torch.Size([1024]): 
The value is the same before and after calling `init_weights` of EncoderDecoder  

backbone.adapter.interactions.0.extractor.query_norm.bias - torch.Size([1024]): 
The value is the same before and after calling `init_weights` of EncoderDecoder  

backbone.adapter.interactions.0.extractor.feat_norm.weight - torch.Size([1024]): 
The value is the same before and after calling `init_weights` of EncoderDecoder  

backbone.adapter.interactions.0.extractor.feat_norm.bias - torch.Size([1024]): 
The value is the same before and after calling `init_weights` of EncoderDecoder  

backbone.adapter.interactions.0.extractor.attn.attn.sampling_offsets.weight - torch.Size([128, 1024]): 
The value is the same before and after calling `init_weights` of EncoderDecoder  

backbone.adapter.interactions.0.extractor.attn.attn.sampling_offsets.bias - torch.Size([128]): 
The value is the same before and after calling `init_weights` of EncoderDecoder  

backbone.adapter.interactions.0.extractor.attn.attn.attention_weights.weight - torch.Size([64, 1024]): 
The value is the same before and after calling `init_weights` of EncoderDecoder  

backbone.adapter.interactions.0.extractor.attn.attn.attention_weights.bias - torch.Size([64]): 
The value is the same before and after calling `init_weights` of EncoderDecoder  

backbone.adapter.interactions.0.extractor.attn.attn.value_proj.weight - torch.Size([1024, 1024]): 
The value is the same before and after calling `init_weights` of EncoderDecoder  

backbone.adapter.interactions.0.extractor.attn.attn.value_proj.bias - torch.Size([1024]): 
The value is the same before and after calling `init_weights` of EncoderDecoder  

backbone.adapter.interactions.0.extractor.attn.attn.output_proj.weight - torch.Size([1024, 1024]): 
The value is the same before and after calling `init_weights` of EncoderDecoder  

backbone.adapter.interactions.0.extractor.attn.attn.output_proj.bias - torch.Size([1024]): 
The value is the same before and after calling `init_weights` of EncoderDecoder  

backbone.adapter.interactions.0.extractor.ffn.fc1.weight - torch.Size([256, 1024]): 
The value is the same before and after calling `init_weights` of EncoderDecoder  

backbone.adapter.interactions.0.extractor.ffn.fc1.bias - torch.Size([256]): 
The value is the same before and after calling `init_weights` of EncoderDecoder  

backbone.adapter.interactions.0.extractor.ffn.dwconv.dwconv.weight - torch.Size([256, 1, 3, 3]): 
The value is the same before and after calling `init_weights` of EncoderDecoder  

backbone.adapter.interactions.0.extractor.ffn.dwconv.dwconv.bias - torch.Size([256]): 
The value is the same before and after calling `init_weights` of EncoderDecoder  

backbone.adapter.interactions.0.extractor.ffn.fc2.weight - torch.Size([1024, 256]): 
The value is the same before and after calling `init_weights` of EncoderDecoder  

backbone.adapter.interactions.0.extractor.ffn.fc2.bias - torch.Size([1024]): 
The value is the same before and after calling `init_weights` of EncoderDecoder  

backbone.adapter.interactions.0.extractor.ffn_norm.weight - torch.Size([1024]): 
The value is the same before and after calling `init_weights` of EncoderDecoder  

backbone.adapter.interactions.0.extractor.ffn_norm.bias - torch.Size([1024]): 
The value is the same before and after calling `init_weights` of EncoderDecoder  

backbone.adapter.interactions.1.extractor.query_norm.weight - torch.Size([1024]): 
The value is the same before and after calling `init_weights` of EncoderDecoder  

backbone.adapter.interactions.1.extractor.query_norm.bias - torch.Size([1024]): 
The value is the same before and after calling `init_weights` of EncoderDecoder  

backbone.adapter.interactions.1.extractor.feat_norm.weight - torch.Size([1024]): 
The value is the same before and after calling `init_weights` of EncoderDecoder  

backbone.adapter.interactions.1.extractor.feat_norm.bias - torch.Size([1024]): 
The value is the same before and after calling `init_weights` of EncoderDecoder  

backbone.adapter.interactions.1.extractor.attn.attn.sampling_offsets.weight - torch.Size([128, 1024]): 
The value is the same before and after calling `init_weights` of EncoderDecoder  

backbone.adapter.interactions.1.extractor.attn.attn.sampling_offsets.bias - torch.Size([128]): 
The value is the same before and after calling `init_weights` of EncoderDecoder  

backbone.adapter.interactions.1.extractor.attn.attn.attention_weights.weight - torch.Size([64, 1024]): 
The value is the same before and after calling `init_weights` of EncoderDecoder  

backbone.adapter.interactions.1.extractor.attn.attn.attention_weights.bias - torch.Size([64]): 
The value is the same before and after calling `init_weights` of EncoderDecoder  

backbone.adapter.interactions.1.extractor.attn.attn.value_proj.weight - torch.Size([1024, 1024]): 
The value is the same before and after calling `init_weights` of EncoderDecoder  

backbone.adapter.interactions.1.extractor.attn.attn.value_proj.bias - torch.Size([1024]): 
The value is the same before and after calling `init_weights` of EncoderDecoder  

backbone.adapter.interactions.1.extractor.attn.attn.output_proj.weight - torch.Size([1024, 1024]): 
The value is the same before and after calling `init_weights` of EncoderDecoder  

backbone.adapter.interactions.1.extractor.attn.attn.output_proj.bias - torch.Size([1024]): 
The value is the same before and after calling `init_weights` of EncoderDecoder  

backbone.adapter.interactions.1.extractor.ffn.fc1.weight - torch.Size([256, 1024]): 
The value is the same before and after calling `init_weights` of EncoderDecoder  

backbone.adapter.interactions.1.extractor.ffn.fc1.bias - torch.Size([256]): 
The value is the same before and after calling `init_weights` of EncoderDecoder  

backbone.adapter.interactions.1.extractor.ffn.dwconv.dwconv.weight - torch.Size([256, 1, 3, 3]): 
The value is the same before and after calling `init_weights` of EncoderDecoder  

backbone.adapter.interactions.1.extractor.ffn.dwconv.dwconv.bias - torch.Size([256]): 
The value is the same before and after calling `init_weights` of EncoderDecoder  

backbone.adapter.interactions.1.extractor.ffn.fc2.weight - torch.Size([1024, 256]): 
The value is the same before and after calling `init_weights` of EncoderDecoder  

backbone.adapter.interactions.1.extractor.ffn.fc2.bias - torch.Size([1024]): 
The value is the same before and after calling `init_weights` of EncoderDecoder  

backbone.adapter.interactions.1.extractor.ffn_norm.weight - torch.Size([1024]): 
The value is the same before and after calling `init_weights` of EncoderDecoder  

backbone.adapter.interactions.1.extractor.ffn_norm.bias - torch.Size([1024]): 
The value is the same before and after calling `init_weights` of EncoderDecoder  

backbone.adapter.interactions.2.extractor.query_norm.weight - torch.Size([1024]): 
The value is the same before and after calling `init_weights` of EncoderDecoder  

backbone.adapter.interactions.2.extractor.query_norm.bias - torch.Size([1024]): 
The value is the same before and after calling `init_weights` of EncoderDecoder  

backbone.adapter.interactions.2.extractor.feat_norm.weight - torch.Size([1024]): 
The value is the same before and after calling `init_weights` of EncoderDecoder  

backbone.adapter.interactions.2.extractor.feat_norm.bias - torch.Size([1024]): 
The value is the same before and after calling `init_weights` of EncoderDecoder  

backbone.adapter.interactions.2.extractor.attn.attn.sampling_offsets.weight - torch.Size([128, 1024]): 
The value is the same before and after calling `init_weights` of EncoderDecoder  

backbone.adapter.interactions.2.extractor.attn.attn.sampling_offsets.bias - torch.Size([128]): 
The value is the same before and after calling `init_weights` of EncoderDecoder  

backbone.adapter.interactions.2.extractor.attn.attn.attention_weights.weight - torch.Size([64, 1024]): 
The value is the same before and after calling `init_weights` of EncoderDecoder  

backbone.adapter.interactions.2.extractor.attn.attn.attention_weights.bias - torch.Size([64]): 
The value is the same before and after calling `init_weights` of EncoderDecoder  

backbone.adapter.interactions.2.extractor.attn.attn.value_proj.weight - torch.Size([1024, 1024]): 
The value is the same before and after calling `init_weights` of EncoderDecoder  

backbone.adapter.interactions.2.extractor.attn.attn.value_proj.bias - torch.Size([1024]): 
The value is the same before and after calling `init_weights` of EncoderDecoder  

backbone.adapter.interactions.2.extractor.attn.attn.output_proj.weight - torch.Size([1024, 1024]): 
The value is the same before and after calling `init_weights` of EncoderDecoder  

backbone.adapter.interactions.2.extractor.attn.attn.output_proj.bias - torch.Size([1024]): 
The value is the same before and after calling `init_weights` of EncoderDecoder  

backbone.adapter.interactions.2.extractor.ffn.fc1.weight - torch.Size([256, 1024]): 
The value is the same before and after calling `init_weights` of EncoderDecoder  

backbone.adapter.interactions.2.extractor.ffn.fc1.bias - torch.Size([256]): 
The value is the same before and after calling `init_weights` of EncoderDecoder  

backbone.adapter.interactions.2.extractor.ffn.dwconv.dwconv.weight - torch.Size([256, 1, 3, 3]): 
The value is the same before and after calling `init_weights` of EncoderDecoder  

backbone.adapter.interactions.2.extractor.ffn.dwconv.dwconv.bias - torch.Size([256]): 
The value is the same before and after calling `init_weights` of EncoderDecoder  

backbone.adapter.interactions.2.extractor.ffn.fc2.weight - torch.Size([1024, 256]): 
The value is the same before and after calling `init_weights` of EncoderDecoder  

backbone.adapter.interactions.2.extractor.ffn.fc2.bias - torch.Size([1024]): 
The value is the same before and after calling `init_weights` of EncoderDecoder  

backbone.adapter.interactions.2.extractor.ffn_norm.weight - torch.Size([1024]): 
The value is the same before and after calling `init_weights` of EncoderDecoder  

backbone.adapter.interactions.2.extractor.ffn_norm.bias - torch.Size([1024]): 
The value is the same before and after calling `init_weights` of EncoderDecoder  

backbone.adapter.interactions.3.extractor.query_norm.weight - torch.Size([1024]): 
The value is the same before and after calling `init_weights` of EncoderDecoder  

backbone.adapter.interactions.3.extractor.query_norm.bias - torch.Size([1024]): 
The value is the same before and after calling `init_weights` of EncoderDecoder  

backbone.adapter.interactions.3.extractor.feat_norm.weight - torch.Size([1024]): 
The value is the same before and after calling `init_weights` of EncoderDecoder  

backbone.adapter.interactions.3.extractor.feat_norm.bias - torch.Size([1024]): 
The value is the same before and after calling `init_weights` of EncoderDecoder  

backbone.adapter.interactions.3.extractor.attn.attn.sampling_offsets.weight - torch.Size([128, 1024]): 
The value is the same before and after calling `init_weights` of EncoderDecoder  

backbone.adapter.interactions.3.extractor.attn.attn.sampling_offsets.bias - torch.Size([128]): 
The value is the same before and after calling `init_weights` of EncoderDecoder  

backbone.adapter.interactions.3.extractor.attn.attn.attention_weights.weight - torch.Size([64, 1024]): 
The value is the same before and after calling `init_weights` of EncoderDecoder  

backbone.adapter.interactions.3.extractor.attn.attn.attention_weights.bias - torch.Size([64]): 
The value is the same before and after calling `init_weights` of EncoderDecoder  

backbone.adapter.interactions.3.extractor.attn.attn.value_proj.weight - torch.Size([1024, 1024]): 
The value is the same before and after calling `init_weights` of EncoderDecoder  

backbone.adapter.interactions.3.extractor.attn.attn.value_proj.bias - torch.Size([1024]): 
The value is the same before and after calling `init_weights` of EncoderDecoder  

backbone.adapter.interactions.3.extractor.attn.attn.output_proj.weight - torch.Size([1024, 1024]): 
The value is the same before and after calling `init_weights` of EncoderDecoder  

backbone.adapter.interactions.3.extractor.attn.attn.output_proj.bias - torch.Size([1024]): 
The value is the same before and after calling `init_weights` of EncoderDecoder  

backbone.adapter.interactions.3.extractor.ffn.fc1.weight - torch.Size([256, 1024]): 
The value is the same before and after calling `init_weights` of EncoderDecoder  

backbone.adapter.interactions.3.extractor.ffn.fc1.bias - torch.Size([256]): 
The value is the same before and after calling `init_weights` of EncoderDecoder  

backbone.adapter.interactions.3.extractor.ffn.dwconv.dwconv.weight - torch.Size([256, 1, 3, 3]): 
The value is the same before and after calling `init_weights` of EncoderDecoder  

backbone.adapter.interactions.3.extractor.ffn.dwconv.dwconv.bias - torch.Size([256]): 
The value is the same before and after calling `init_weights` of EncoderDecoder  

backbone.adapter.interactions.3.extractor.ffn.fc2.weight - torch.Size([1024, 256]): 
The value is the same before and after calling `init_weights` of EncoderDecoder  

backbone.adapter.interactions.3.extractor.ffn.fc2.bias - torch.Size([1024]): 
The value is the same before and after calling `init_weights` of EncoderDecoder  

backbone.adapter.interactions.3.extractor.ffn_norm.weight - torch.Size([1024]): 
The value is the same before and after calling `init_weights` of EncoderDecoder  

backbone.adapter.interactions.3.extractor.ffn_norm.bias - torch.Size([1024]): 
The value is the same before and after calling `init_weights` of EncoderDecoder  

backbone.adapter.interactions.3.extra_extractors.0.query_norm.weight - torch.Size([1024]): 
The value is the same before and after calling `init_weights` of EncoderDecoder  

backbone.adapter.interactions.3.extra_extractors.0.query_norm.bias - torch.Size([1024]): 
The value is the same before and after calling `init_weights` of EncoderDecoder  

backbone.adapter.interactions.3.extra_extractors.0.feat_norm.weight - torch.Size([1024]): 
The value is the same before and after calling `init_weights` of EncoderDecoder  

backbone.adapter.interactions.3.extra_extractors.0.feat_norm.bias - torch.Size([1024]): 
The value is the same before and after calling `init_weights` of EncoderDecoder  

backbone.adapter.interactions.3.extra_extractors.0.attn.attn.sampling_offsets.weight - torch.Size([128, 1024]): 
The value is the same before and after calling `init_weights` of EncoderDecoder  

backbone.adapter.interactions.3.extra_extractors.0.attn.attn.sampling_offsets.bias - torch.Size([128]): 
The value is the same before and after calling `init_weights` of EncoderDecoder  

backbone.adapter.interactions.3.extra_extractors.0.attn.attn.attention_weights.weight - torch.Size([64, 1024]): 
The value is the same before and after calling `init_weights` of EncoderDecoder  

backbone.adapter.interactions.3.extra_extractors.0.attn.attn.attention_weights.bias - torch.Size([64]): 
The value is the same before and after calling `init_weights` of EncoderDecoder  

backbone.adapter.interactions.3.extra_extractors.0.attn.attn.value_proj.weight - torch.Size([1024, 1024]): 
The value is the same before and after calling `init_weights` of EncoderDecoder  

backbone.adapter.interactions.3.extra_extractors.0.attn.attn.value_proj.bias - torch.Size([1024]): 
The value is the same before and after calling `init_weights` of EncoderDecoder  

backbone.adapter.interactions.3.extra_extractors.0.attn.attn.output_proj.weight - torch.Size([1024, 1024]): 
The value is the same before and after calling `init_weights` of EncoderDecoder  

backbone.adapter.interactions.3.extra_extractors.0.attn.attn.output_proj.bias - torch.Size([1024]): 
The value is the same before and after calling `init_weights` of EncoderDecoder  

backbone.adapter.interactions.3.extra_extractors.0.ffn.fc1.weight - torch.Size([256, 1024]): 
The value is the same before and after calling `init_weights` of EncoderDecoder  

backbone.adapter.interactions.3.extra_extractors.0.ffn.fc1.bias - torch.Size([256]): 
The value is the same before and after calling `init_weights` of EncoderDecoder  

backbone.adapter.interactions.3.extra_extractors.0.ffn.dwconv.dwconv.weight - torch.Size([256, 1, 3, 3]): 
The value is the same before and after calling `init_weights` of EncoderDecoder  

backbone.adapter.interactions.3.extra_extractors.0.ffn.dwconv.dwconv.bias - torch.Size([256]): 
The value is the same before and after calling `init_weights` of EncoderDecoder  

backbone.adapter.interactions.3.extra_extractors.0.ffn.fc2.weight - torch.Size([1024, 256]): 
The value is the same before and after calling `init_weights` of EncoderDecoder  

backbone.adapter.interactions.3.extra_extractors.0.ffn.fc2.bias - torch.Size([1024]): 
The value is the same before and after calling `init_weights` of EncoderDecoder  

backbone.adapter.interactions.3.extra_extractors.0.ffn_norm.weight - torch.Size([1024]): 
The value is the same before and after calling `init_weights` of EncoderDecoder  

backbone.adapter.interactions.3.extra_extractors.0.ffn_norm.bias - torch.Size([1024]): 
The value is the same before and after calling `init_weights` of EncoderDecoder  

backbone.adapter.interactions.3.extra_extractors.1.query_norm.weight - torch.Size([1024]): 
The value is the same before and after calling `init_weights` of EncoderDecoder  

backbone.adapter.interactions.3.extra_extractors.1.query_norm.bias - torch.Size([1024]): 
The value is the same before and after calling `init_weights` of EncoderDecoder  

backbone.adapter.interactions.3.extra_extractors.1.feat_norm.weight - torch.Size([1024]): 
The value is the same before and after calling `init_weights` of EncoderDecoder  

backbone.adapter.interactions.3.extra_extractors.1.feat_norm.bias - torch.Size([1024]): 
The value is the same before and after calling `init_weights` of EncoderDecoder  

backbone.adapter.interactions.3.extra_extractors.1.attn.attn.sampling_offsets.weight - torch.Size([128, 1024]): 
The value is the same before and after calling `init_weights` of EncoderDecoder  

backbone.adapter.interactions.3.extra_extractors.1.attn.attn.sampling_offsets.bias - torch.Size([128]): 
The value is the same before and after calling `init_weights` of EncoderDecoder  

backbone.adapter.interactions.3.extra_extractors.1.attn.attn.attention_weights.weight - torch.Size([64, 1024]): 
The value is the same before and after calling `init_weights` of EncoderDecoder  

backbone.adapter.interactions.3.extra_extractors.1.attn.attn.attention_weights.bias - torch.Size([64]): 
The value is the same before and after calling `init_weights` of EncoderDecoder  

backbone.adapter.interactions.3.extra_extractors.1.attn.attn.value_proj.weight - torch.Size([1024, 1024]): 
The value is the same before and after calling `init_weights` of EncoderDecoder  

backbone.adapter.interactions.3.extra_extractors.1.attn.attn.value_proj.bias - torch.Size([1024]): 
The value is the same before and after calling `init_weights` of EncoderDecoder  

backbone.adapter.interactions.3.extra_extractors.1.attn.attn.output_proj.weight - torch.Size([1024, 1024]): 
The value is the same before and after calling `init_weights` of EncoderDecoder  

backbone.adapter.interactions.3.extra_extractors.1.attn.attn.output_proj.bias - torch.Size([1024]): 
The value is the same before and after calling `init_weights` of EncoderDecoder  

backbone.adapter.interactions.3.extra_extractors.1.ffn.fc1.weight - torch.Size([256, 1024]): 
The value is the same before and after calling `init_weights` of EncoderDecoder  

backbone.adapter.interactions.3.extra_extractors.1.ffn.fc1.bias - torch.Size([256]): 
The value is the same before and after calling `init_weights` of EncoderDecoder  

backbone.adapter.interactions.3.extra_extractors.1.ffn.dwconv.dwconv.weight - torch.Size([256, 1, 3, 3]): 
The value is the same before and after calling `init_weights` of EncoderDecoder  

backbone.adapter.interactions.3.extra_extractors.1.ffn.dwconv.dwconv.bias - torch.Size([256]): 
The value is the same before and after calling `init_weights` of EncoderDecoder  

backbone.adapter.interactions.3.extra_extractors.1.ffn.fc2.weight - torch.Size([1024, 256]): 
The value is the same before and after calling `init_weights` of EncoderDecoder  

backbone.adapter.interactions.3.extra_extractors.1.ffn.fc2.bias - torch.Size([1024]): 
The value is the same before and after calling `init_weights` of EncoderDecoder  

backbone.adapter.interactions.3.extra_extractors.1.ffn_norm.weight - torch.Size([1024]): 
The value is the same before and after calling `init_weights` of EncoderDecoder  

backbone.adapter.interactions.3.extra_extractors.1.ffn_norm.bias - torch.Size([1024]): 
The value is the same before and after calling `init_weights` of EncoderDecoder  

backbone.adapter.up.weight - torch.Size([1024, 1024, 2, 2]): 
The value is the same before and after calling `init_weights` of EncoderDecoder  

backbone.adapter.up.bias - torch.Size([1024]): 
The value is the same before and after calling `init_weights` of EncoderDecoder  

backbone.adapter.norm1.weight - torch.Size([1024]): 
The value is the same before and after calling `init_weights` of EncoderDecoder  

backbone.adapter.norm1.bias - torch.Size([1024]): 
The value is the same before and after calling `init_weights` of EncoderDecoder  

backbone.adapter.norm2.weight - torch.Size([1024]): 
The value is the same before and after calling `init_weights` of EncoderDecoder  

backbone.adapter.norm2.bias - torch.Size([1024]): 
The value is the same before and after calling `init_weights` of EncoderDecoder  

backbone.adapter.norm3.weight - torch.Size([1024]): 
The value is the same before and after calling `init_weights` of EncoderDecoder  

backbone.adapter.norm3.bias - torch.Size([1024]): 
The value is the same before and after calling `init_weights` of EncoderDecoder  

backbone.adapter.norm4.weight - torch.Size([1024]): 
The value is the same before and after calling `init_weights` of EncoderDecoder  

backbone.adapter.norm4.bias - torch.Size([1024]): 
The value is the same before and after calling `init_weights` of EncoderDecoder  

decode_head.pixel_decoder.input_convs.0.conv.weight - torch.Size([256, 1024, 1, 1]): 
Initialized by user-defined `init_weights` in Mask2FormerHead  

decode_head.pixel_decoder.input_convs.0.conv.bias - torch.Size([256]): 
The value is the same before and after calling `init_weights` of EncoderDecoder  

decode_head.pixel_decoder.input_convs.0.gn.weight - torch.Size([256]): 
The value is the same before and after calling `init_weights` of EncoderDecoder  

decode_head.pixel_decoder.input_convs.0.gn.bias - torch.Size([256]): 
The value is the same before and after calling `init_weights` of EncoderDecoder  

decode_head.pixel_decoder.input_convs.1.conv.weight - torch.Size([256, 1024, 1, 1]): 
Initialized by user-defined `init_weights` in Mask2FormerHead  

decode_head.pixel_decoder.input_convs.1.conv.bias - torch.Size([256]): 
The value is the same before and after calling `init_weights` of EncoderDecoder  

decode_head.pixel_decoder.input_convs.1.gn.weight - torch.Size([256]): 
The value is the same before and after calling `init_weights` of EncoderDecoder  

decode_head.pixel_decoder.input_convs.1.gn.bias - torch.Size([256]): 
The value is the same before and after calling `init_weights` of EncoderDecoder  

decode_head.pixel_decoder.input_convs.2.conv.weight - torch.Size([256, 1024, 1, 1]): 
Initialized by user-defined `init_weights` in Mask2FormerHead  

decode_head.pixel_decoder.input_convs.2.conv.bias - torch.Size([256]): 
The value is the same before and after calling `init_weights` of EncoderDecoder  

decode_head.pixel_decoder.input_convs.2.gn.weight - torch.Size([256]): 
The value is the same before and after calling `init_weights` of EncoderDecoder  

decode_head.pixel_decoder.input_convs.2.gn.bias - torch.Size([256]): 
The value is the same before and after calling `init_weights` of EncoderDecoder  

decode_head.pixel_decoder.encoder.layers.0.self_attn.sampling_offsets.weight - torch.Size([192, 256]): 
The value is the same before and after calling `init_weights` of EncoderDecoder  

decode_head.pixel_decoder.encoder.layers.0.self_attn.sampling_offsets.bias - torch.Size([192]): 
Initialized by user-defined `init_weights` in Mask2FormerHead  

decode_head.pixel_decoder.encoder.layers.0.self_attn.attention_weights.weight - torch.Size([96, 256]): 
The value is the same before and after calling `init_weights` of EncoderDecoder  

decode_head.pixel_decoder.encoder.layers.0.self_attn.attention_weights.bias - torch.Size([96]): 
The value is the same before and after calling `init_weights` of EncoderDecoder  

decode_head.pixel_decoder.encoder.layers.0.self_attn.value_proj.weight - torch.Size([256, 256]): 
Initialized by user-defined `init_weights` in Mask2FormerHead  

decode_head.pixel_decoder.encoder.layers.0.self_attn.value_proj.bias - torch.Size([256]): 
The value is the same before and after calling `init_weights` of EncoderDecoder  

decode_head.pixel_decoder.encoder.layers.0.self_attn.output_proj.weight - torch.Size([256, 256]): 
Initialized by user-defined `init_weights` in Mask2FormerHead  

decode_head.pixel_decoder.encoder.layers.0.self_attn.output_proj.bias - torch.Size([256]): 
The value is the same before and after calling `init_weights` of EncoderDecoder  

decode_head.pixel_decoder.encoder.layers.0.ffn.layers.0.0.weight - torch.Size([1024, 256]): 
Initialized by user-defined `init_weights` in Mask2FormerHead  

decode_head.pixel_decoder.encoder.layers.0.ffn.layers.0.0.bias - torch.Size([1024]): 
The value is the same before and after calling `init_weights` of EncoderDecoder  

decode_head.pixel_decoder.encoder.layers.0.ffn.layers.1.weight - torch.Size([256, 1024]): 
Initialized by user-defined `init_weights` in Mask2FormerHead  

decode_head.pixel_decoder.encoder.layers.0.ffn.layers.1.bias - torch.Size([256]): 
The value is the same before and after calling `init_weights` of EncoderDecoder  

decode_head.pixel_decoder.encoder.layers.0.norms.0.weight - torch.Size([256]): 
The value is the same before and after calling `init_weights` of EncoderDecoder  

decode_head.pixel_decoder.encoder.layers.0.norms.0.bias - torch.Size([256]): 
The value is the same before and after calling `init_weights` of EncoderDecoder  

decode_head.pixel_decoder.encoder.layers.0.norms.1.weight - torch.Size([256]): 
The value is the same before and after calling `init_weights` of EncoderDecoder  

decode_head.pixel_decoder.encoder.layers.0.norms.1.bias - torch.Size([256]): 
The value is the same before and after calling `init_weights` of EncoderDecoder  

decode_head.pixel_decoder.encoder.layers.1.self_attn.sampling_offsets.weight - torch.Size([192, 256]): 
The value is the same before and after calling `init_weights` of EncoderDecoder  

decode_head.pixel_decoder.encoder.layers.1.self_attn.sampling_offsets.bias - torch.Size([192]): 
Initialized by user-defined `init_weights` in Mask2FormerHead  

decode_head.pixel_decoder.encoder.layers.1.self_attn.attention_weights.weight - torch.Size([96, 256]): 
The value is the same before and after calling `init_weights` of EncoderDecoder  

decode_head.pixel_decoder.encoder.layers.1.self_attn.attention_weights.bias - torch.Size([96]): 
The value is the same before and after calling `init_weights` of EncoderDecoder  

decode_head.pixel_decoder.encoder.layers.1.self_attn.value_proj.weight - torch.Size([256, 256]): 
Initialized by user-defined `init_weights` in Mask2FormerHead  

decode_head.pixel_decoder.encoder.layers.1.self_attn.value_proj.bias - torch.Size([256]): 
The value is the same before and after calling `init_weights` of EncoderDecoder  

decode_head.pixel_decoder.encoder.layers.1.self_attn.output_proj.weight - torch.Size([256, 256]): 
Initialized by user-defined `init_weights` in Mask2FormerHead  

decode_head.pixel_decoder.encoder.layers.1.self_attn.output_proj.bias - torch.Size([256]): 
The value is the same before and after calling `init_weights` of EncoderDecoder  

decode_head.pixel_decoder.encoder.layers.1.ffn.layers.0.0.weight - torch.Size([1024, 256]): 
Initialized by user-defined `init_weights` in Mask2FormerHead  

decode_head.pixel_decoder.encoder.layers.1.ffn.layers.0.0.bias - torch.Size([1024]): 
The value is the same before and after calling `init_weights` of EncoderDecoder  

decode_head.pixel_decoder.encoder.layers.1.ffn.layers.1.weight - torch.Size([256, 1024]): 
Initialized by user-defined `init_weights` in Mask2FormerHead  

decode_head.pixel_decoder.encoder.layers.1.ffn.layers.1.bias - torch.Size([256]): 
The value is the same before and after calling `init_weights` of EncoderDecoder  

decode_head.pixel_decoder.encoder.layers.1.norms.0.weight - torch.Size([256]): 
The value is the same before and after calling `init_weights` of EncoderDecoder  

decode_head.pixel_decoder.encoder.layers.1.norms.0.bias - torch.Size([256]): 
The value is the same before and after calling `init_weights` of EncoderDecoder  

decode_head.pixel_decoder.encoder.layers.1.norms.1.weight - torch.Size([256]): 
The value is the same before and after calling `init_weights` of EncoderDecoder  

decode_head.pixel_decoder.encoder.layers.1.norms.1.bias - torch.Size([256]): 
The value is the same before and after calling `init_weights` of EncoderDecoder  

decode_head.pixel_decoder.encoder.layers.2.self_attn.sampling_offsets.weight - torch.Size([192, 256]): 
The value is the same before and after calling `init_weights` of EncoderDecoder  

decode_head.pixel_decoder.encoder.layers.2.self_attn.sampling_offsets.bias - torch.Size([192]): 
Initialized by user-defined `init_weights` in Mask2FormerHead  

decode_head.pixel_decoder.encoder.layers.2.self_attn.attention_weights.weight - torch.Size([96, 256]): 
The value is the same before and after calling `init_weights` of EncoderDecoder  

decode_head.pixel_decoder.encoder.layers.2.self_attn.attention_weights.bias - torch.Size([96]): 
The value is the same before and after calling `init_weights` of EncoderDecoder  

decode_head.pixel_decoder.encoder.layers.2.self_attn.value_proj.weight - torch.Size([256, 256]): 
Initialized by user-defined `init_weights` in Mask2FormerHead  

decode_head.pixel_decoder.encoder.layers.2.self_attn.value_proj.bias - torch.Size([256]): 
The value is the same before and after calling `init_weights` of EncoderDecoder  

decode_head.pixel_decoder.encoder.layers.2.self_attn.output_proj.weight - torch.Size([256, 256]): 
Initialized by user-defined `init_weights` in Mask2FormerHead  

decode_head.pixel_decoder.encoder.layers.2.self_attn.output_proj.bias - torch.Size([256]): 
The value is the same before and after calling `init_weights` of EncoderDecoder  

decode_head.pixel_decoder.encoder.layers.2.ffn.layers.0.0.weight - torch.Size([1024, 256]): 
Initialized by user-defined `init_weights` in Mask2FormerHead  

decode_head.pixel_decoder.encoder.layers.2.ffn.layers.0.0.bias - torch.Size([1024]): 
The value is the same before and after calling `init_weights` of EncoderDecoder  

decode_head.pixel_decoder.encoder.layers.2.ffn.layers.1.weight - torch.Size([256, 1024]): 
Initialized by user-defined `init_weights` in Mask2FormerHead  

decode_head.pixel_decoder.encoder.layers.2.ffn.layers.1.bias - torch.Size([256]): 
The value is the same before and after calling `init_weights` of EncoderDecoder  

decode_head.pixel_decoder.encoder.layers.2.norms.0.weight - torch.Size([256]): 
The value is the same before and after calling `init_weights` of EncoderDecoder  

decode_head.pixel_decoder.encoder.layers.2.norms.0.bias - torch.Size([256]): 
The value is the same before and after calling `init_weights` of EncoderDecoder  

decode_head.pixel_decoder.encoder.layers.2.norms.1.weight - torch.Size([256]): 
The value is the same before and after calling `init_weights` of EncoderDecoder  

decode_head.pixel_decoder.encoder.layers.2.norms.1.bias - torch.Size([256]): 
The value is the same before and after calling `init_weights` of EncoderDecoder  

decode_head.pixel_decoder.encoder.layers.3.self_attn.sampling_offsets.weight - torch.Size([192, 256]): 
The value is the same before and after calling `init_weights` of EncoderDecoder  

decode_head.pixel_decoder.encoder.layers.3.self_attn.sampling_offsets.bias - torch.Size([192]): 
Initialized by user-defined `init_weights` in Mask2FormerHead  

decode_head.pixel_decoder.encoder.layers.3.self_attn.attention_weights.weight - torch.Size([96, 256]): 
The value is the same before and after calling `init_weights` of EncoderDecoder  

decode_head.pixel_decoder.encoder.layers.3.self_attn.attention_weights.bias - torch.Size([96]): 
The value is the same before and after calling `init_weights` of EncoderDecoder  

decode_head.pixel_decoder.encoder.layers.3.self_attn.value_proj.weight - torch.Size([256, 256]): 
Initialized by user-defined `init_weights` in Mask2FormerHead  

decode_head.pixel_decoder.encoder.layers.3.self_attn.value_proj.bias - torch.Size([256]): 
The value is the same before and after calling `init_weights` of EncoderDecoder  

decode_head.pixel_decoder.encoder.layers.3.self_attn.output_proj.weight - torch.Size([256, 256]): 
Initialized by user-defined `init_weights` in Mask2FormerHead  

decode_head.pixel_decoder.encoder.layers.3.self_attn.output_proj.bias - torch.Size([256]): 
The value is the same before and after calling `init_weights` of EncoderDecoder  

decode_head.pixel_decoder.encoder.layers.3.ffn.layers.0.0.weight - torch.Size([1024, 256]): 
Initialized by user-defined `init_weights` in Mask2FormerHead  

decode_head.pixel_decoder.encoder.layers.3.ffn.layers.0.0.bias - torch.Size([1024]): 
The value is the same before and after calling `init_weights` of EncoderDecoder  

decode_head.pixel_decoder.encoder.layers.3.ffn.layers.1.weight - torch.Size([256, 1024]): 
Initialized by user-defined `init_weights` in Mask2FormerHead  

decode_head.pixel_decoder.encoder.layers.3.ffn.layers.1.bias - torch.Size([256]): 
The value is the same before and after calling `init_weights` of EncoderDecoder  

decode_head.pixel_decoder.encoder.layers.3.norms.0.weight - torch.Size([256]): 
The value is the same before and after calling `init_weights` of EncoderDecoder  

decode_head.pixel_decoder.encoder.layers.3.norms.0.bias - torch.Size([256]): 
The value is the same before and after calling `init_weights` of EncoderDecoder  

decode_head.pixel_decoder.encoder.layers.3.norms.1.weight - torch.Size([256]): 
The value is the same before and after calling `init_weights` of EncoderDecoder  

decode_head.pixel_decoder.encoder.layers.3.norms.1.bias - torch.Size([256]): 
The value is the same before and after calling `init_weights` of EncoderDecoder  

decode_head.pixel_decoder.encoder.layers.4.self_attn.sampling_offsets.weight - torch.Size([192, 256]): 
The value is the same before and after calling `init_weights` of EncoderDecoder  

decode_head.pixel_decoder.encoder.layers.4.self_attn.sampling_offsets.bias - torch.Size([192]): 
Initialized by user-defined `init_weights` in Mask2FormerHead  

decode_head.pixel_decoder.encoder.layers.4.self_attn.attention_weights.weight - torch.Size([96, 256]): 
The value is the same before and after calling `init_weights` of EncoderDecoder  

decode_head.pixel_decoder.encoder.layers.4.self_attn.attention_weights.bias - torch.Size([96]): 
The value is the same before and after calling `init_weights` of EncoderDecoder  

decode_head.pixel_decoder.encoder.layers.4.self_attn.value_proj.weight - torch.Size([256, 256]): 
Initialized by user-defined `init_weights` in Mask2FormerHead  

decode_head.pixel_decoder.encoder.layers.4.self_attn.value_proj.bias - torch.Size([256]): 
The value is the same before and after calling `init_weights` of EncoderDecoder  

decode_head.pixel_decoder.encoder.layers.4.self_attn.output_proj.weight - torch.Size([256, 256]): 
Initialized by user-defined `init_weights` in Mask2FormerHead  

decode_head.pixel_decoder.encoder.layers.4.self_attn.output_proj.bias - torch.Size([256]): 
The value is the same before and after calling `init_weights` of EncoderDecoder  

decode_head.pixel_decoder.encoder.layers.4.ffn.layers.0.0.weight - torch.Size([1024, 256]): 
Initialized by user-defined `init_weights` in Mask2FormerHead  

decode_head.pixel_decoder.encoder.layers.4.ffn.layers.0.0.bias - torch.Size([1024]): 
The value is the same before and after calling `init_weights` of EncoderDecoder  

decode_head.pixel_decoder.encoder.layers.4.ffn.layers.1.weight - torch.Size([256, 1024]): 
Initialized by user-defined `init_weights` in Mask2FormerHead  

decode_head.pixel_decoder.encoder.layers.4.ffn.layers.1.bias - torch.Size([256]): 
The value is the same before and after calling `init_weights` of EncoderDecoder  

decode_head.pixel_decoder.encoder.layers.4.norms.0.weight - torch.Size([256]): 
The value is the same before and after calling `init_weights` of EncoderDecoder  

decode_head.pixel_decoder.encoder.layers.4.norms.0.bias - torch.Size([256]): 
The value is the same before and after calling `init_weights` of EncoderDecoder  

decode_head.pixel_decoder.encoder.layers.4.norms.1.weight - torch.Size([256]): 
The value is the same before and after calling `init_weights` of EncoderDecoder  

decode_head.pixel_decoder.encoder.layers.4.norms.1.bias - torch.Size([256]): 
The value is the same before and after calling `init_weights` of EncoderDecoder  

decode_head.pixel_decoder.encoder.layers.5.self_attn.sampling_offsets.weight - torch.Size([192, 256]): 
The value is the same before and after calling `init_weights` of EncoderDecoder  

decode_head.pixel_decoder.encoder.layers.5.self_attn.sampling_offsets.bias - torch.Size([192]): 
Initialized by user-defined `init_weights` in Mask2FormerHead  

decode_head.pixel_decoder.encoder.layers.5.self_attn.attention_weights.weight - torch.Size([96, 256]): 
The value is the same before and after calling `init_weights` of EncoderDecoder  

decode_head.pixel_decoder.encoder.layers.5.self_attn.attention_weights.bias - torch.Size([96]): 
The value is the same before and after calling `init_weights` of EncoderDecoder  

decode_head.pixel_decoder.encoder.layers.5.self_attn.value_proj.weight - torch.Size([256, 256]): 
Initialized by user-defined `init_weights` in Mask2FormerHead  

decode_head.pixel_decoder.encoder.layers.5.self_attn.value_proj.bias - torch.Size([256]): 
The value is the same before and after calling `init_weights` of EncoderDecoder  

decode_head.pixel_decoder.encoder.layers.5.self_attn.output_proj.weight - torch.Size([256, 256]): 
Initialized by user-defined `init_weights` in Mask2FormerHead  

decode_head.pixel_decoder.encoder.layers.5.self_attn.output_proj.bias - torch.Size([256]): 
The value is the same before and after calling `init_weights` of EncoderDecoder  

decode_head.pixel_decoder.encoder.layers.5.ffn.layers.0.0.weight - torch.Size([1024, 256]): 
Initialized by user-defined `init_weights` in Mask2FormerHead  

decode_head.pixel_decoder.encoder.layers.5.ffn.layers.0.0.bias - torch.Size([1024]): 
The value is the same before and after calling `init_weights` of EncoderDecoder  

decode_head.pixel_decoder.encoder.layers.5.ffn.layers.1.weight - torch.Size([256, 1024]): 
Initialized by user-defined `init_weights` in Mask2FormerHead  

decode_head.pixel_decoder.encoder.layers.5.ffn.layers.1.bias - torch.Size([256]): 
The value is the same before and after calling `init_weights` of EncoderDecoder  

decode_head.pixel_decoder.encoder.layers.5.norms.0.weight - torch.Size([256]): 
The value is the same before and after calling `init_weights` of EncoderDecoder  

decode_head.pixel_decoder.encoder.layers.5.norms.0.bias - torch.Size([256]): 
The value is the same before and after calling `init_weights` of EncoderDecoder  

decode_head.pixel_decoder.encoder.layers.5.norms.1.weight - torch.Size([256]): 
The value is the same before and after calling `init_weights` of EncoderDecoder  

decode_head.pixel_decoder.encoder.layers.5.norms.1.bias - torch.Size([256]): 
The value is the same before and after calling `init_weights` of EncoderDecoder  

decode_head.pixel_decoder.level_encoding.weight - torch.Size([3, 256]): 
Initialized by user-defined `init_weights` in Mask2FormerHead  

decode_head.pixel_decoder.lateral_convs.0.conv.weight - torch.Size([256, 1024, 1, 1]): 
Initialized by user-defined `init_weights` in Mask2FormerHead  

decode_head.pixel_decoder.lateral_convs.0.gn.weight - torch.Size([256]): 
The value is the same before and after calling `init_weights` of EncoderDecoder  

decode_head.pixel_decoder.lateral_convs.0.gn.bias - torch.Size([256]): 
The value is the same before and after calling `init_weights` of EncoderDecoder  

decode_head.pixel_decoder.output_convs.0.conv.weight - torch.Size([256, 256, 3, 3]): 
Initialized by user-defined `init_weights` in Mask2FormerHead  

decode_head.pixel_decoder.output_convs.0.gn.weight - torch.Size([256]): 
The value is the same before and after calling `init_weights` of EncoderDecoder  

decode_head.pixel_decoder.output_convs.0.gn.bias - torch.Size([256]): 
The value is the same before and after calling `init_weights` of EncoderDecoder  

decode_head.pixel_decoder.mask_feature.weight - torch.Size([256, 256, 1, 1]): 
Initialized by user-defined `init_weights` in Mask2FormerHead  

decode_head.pixel_decoder.mask_feature.bias - torch.Size([256]): 
Initialized by user-defined `init_weights` in Mask2FormerHead  

decode_head.transformer_decoder.layers.0.self_attn.attn.in_proj_weight - torch.Size([768, 256]): 
Initialized by user-defined `init_weights` in Mask2FormerHead  

decode_head.transformer_decoder.layers.0.self_attn.attn.in_proj_bias - torch.Size([768]): 
The value is the same before and after calling `init_weights` of EncoderDecoder  

decode_head.transformer_decoder.layers.0.self_attn.attn.out_proj.weight - torch.Size([256, 256]): 
Initialized by user-defined `init_weights` in Mask2FormerHead  

decode_head.transformer_decoder.layers.0.self_attn.attn.out_proj.bias - torch.Size([256]): 
The value is the same before and after calling `init_weights` of EncoderDecoder  

decode_head.transformer_decoder.layers.0.cross_attn.attn.in_proj_weight - torch.Size([768, 256]): 
Initialized by user-defined `init_weights` in Mask2FormerHead  

decode_head.transformer_decoder.layers.0.cross_attn.attn.in_proj_bias - torch.Size([768]): 
The value is the same before and after calling `init_weights` of EncoderDecoder  

decode_head.transformer_decoder.layers.0.cross_attn.attn.out_proj.weight - torch.Size([256, 256]): 
Initialized by user-defined `init_weights` in Mask2FormerHead  

decode_head.transformer_decoder.layers.0.cross_attn.attn.out_proj.bias - torch.Size([256]): 
The value is the same before and after calling `init_weights` of EncoderDecoder  

decode_head.transformer_decoder.layers.0.ffn.layers.0.0.weight - torch.Size([2048, 256]): 
Initialized by user-defined `init_weights` in Mask2FormerHead  

decode_head.transformer_decoder.layers.0.ffn.layers.0.0.bias - torch.Size([2048]): 
The value is the same before and after calling `init_weights` of EncoderDecoder  

decode_head.transformer_decoder.layers.0.ffn.layers.1.weight - torch.Size([256, 2048]): 
Initialized by user-defined `init_weights` in Mask2FormerHead  

decode_head.transformer_decoder.layers.0.ffn.layers.1.bias - torch.Size([256]): 
The value is the same before and after calling `init_weights` of EncoderDecoder  

decode_head.transformer_decoder.layers.0.norms.0.weight - torch.Size([256]): 
The value is the same before and after calling `init_weights` of EncoderDecoder  

decode_head.transformer_decoder.layers.0.norms.0.bias - torch.Size([256]): 
The value is the same before and after calling `init_weights` of EncoderDecoder  

decode_head.transformer_decoder.layers.0.norms.1.weight - torch.Size([256]): 
The value is the same before and after calling `init_weights` of EncoderDecoder  

decode_head.transformer_decoder.layers.0.norms.1.bias - torch.Size([256]): 
The value is the same before and after calling `init_weights` of EncoderDecoder  

decode_head.transformer_decoder.layers.0.norms.2.weight - torch.Size([256]): 
The value is the same before and after calling `init_weights` of EncoderDecoder  

decode_head.transformer_decoder.layers.0.norms.2.bias - torch.Size([256]): 
The value is the same before and after calling `init_weights` of EncoderDecoder  

decode_head.transformer_decoder.layers.1.self_attn.attn.in_proj_weight - torch.Size([768, 256]): 
Initialized by user-defined `init_weights` in Mask2FormerHead  

decode_head.transformer_decoder.layers.1.self_attn.attn.in_proj_bias - torch.Size([768]): 
The value is the same before and after calling `init_weights` of EncoderDecoder  

decode_head.transformer_decoder.layers.1.self_attn.attn.out_proj.weight - torch.Size([256, 256]): 
Initialized by user-defined `init_weights` in Mask2FormerHead  

decode_head.transformer_decoder.layers.1.self_attn.attn.out_proj.bias - torch.Size([256]): 
The value is the same before and after calling `init_weights` of EncoderDecoder  

decode_head.transformer_decoder.layers.1.cross_attn.attn.in_proj_weight - torch.Size([768, 256]): 
Initialized by user-defined `init_weights` in Mask2FormerHead  

decode_head.transformer_decoder.layers.1.cross_attn.attn.in_proj_bias - torch.Size([768]): 
The value is the same before and after calling `init_weights` of EncoderDecoder  

decode_head.transformer_decoder.layers.1.cross_attn.attn.out_proj.weight - torch.Size([256, 256]): 
Initialized by user-defined `init_weights` in Mask2FormerHead  

decode_head.transformer_decoder.layers.1.cross_attn.attn.out_proj.bias - torch.Size([256]): 
The value is the same before and after calling `init_weights` of EncoderDecoder  

decode_head.transformer_decoder.layers.1.ffn.layers.0.0.weight - torch.Size([2048, 256]): 
Initialized by user-defined `init_weights` in Mask2FormerHead  

decode_head.transformer_decoder.layers.1.ffn.layers.0.0.bias - torch.Size([2048]): 
The value is the same before and after calling `init_weights` of EncoderDecoder  

decode_head.transformer_decoder.layers.1.ffn.layers.1.weight - torch.Size([256, 2048]): 
Initialized by user-defined `init_weights` in Mask2FormerHead  

decode_head.transformer_decoder.layers.1.ffn.layers.1.bias - torch.Size([256]): 
The value is the same before and after calling `init_weights` of EncoderDecoder  

decode_head.transformer_decoder.layers.1.norms.0.weight - torch.Size([256]): 
The value is the same before and after calling `init_weights` of EncoderDecoder  

decode_head.transformer_decoder.layers.1.norms.0.bias - torch.Size([256]): 
The value is the same before and after calling `init_weights` of EncoderDecoder  

decode_head.transformer_decoder.layers.1.norms.1.weight - torch.Size([256]): 
The value is the same before and after calling `init_weights` of EncoderDecoder  

decode_head.transformer_decoder.layers.1.norms.1.bias - torch.Size([256]): 
The value is the same before and after calling `init_weights` of EncoderDecoder  

decode_head.transformer_decoder.layers.1.norms.2.weight - torch.Size([256]): 
The value is the same before and after calling `init_weights` of EncoderDecoder  

decode_head.transformer_decoder.layers.1.norms.2.bias - torch.Size([256]): 
The value is the same before and after calling `init_weights` of EncoderDecoder  

decode_head.transformer_decoder.layers.2.self_attn.attn.in_proj_weight - torch.Size([768, 256]): 
Initialized by user-defined `init_weights` in Mask2FormerHead  

decode_head.transformer_decoder.layers.2.self_attn.attn.in_proj_bias - torch.Size([768]): 
The value is the same before and after calling `init_weights` of EncoderDecoder  

decode_head.transformer_decoder.layers.2.self_attn.attn.out_proj.weight - torch.Size([256, 256]): 
Initialized by user-defined `init_weights` in Mask2FormerHead  

decode_head.transformer_decoder.layers.2.self_attn.attn.out_proj.bias - torch.Size([256]): 
The value is the same before and after calling `init_weights` of EncoderDecoder  

decode_head.transformer_decoder.layers.2.cross_attn.attn.in_proj_weight - torch.Size([768, 256]): 
Initialized by user-defined `init_weights` in Mask2FormerHead  

decode_head.transformer_decoder.layers.2.cross_attn.attn.in_proj_bias - torch.Size([768]): 
The value is the same before and after calling `init_weights` of EncoderDecoder  

decode_head.transformer_decoder.layers.2.cross_attn.attn.out_proj.weight - torch.Size([256, 256]): 
Initialized by user-defined `init_weights` in Mask2FormerHead  

decode_head.transformer_decoder.layers.2.cross_attn.attn.out_proj.bias - torch.Size([256]): 
The value is the same before and after calling `init_weights` of EncoderDecoder  

decode_head.transformer_decoder.layers.2.ffn.layers.0.0.weight - torch.Size([2048, 256]): 
Initialized by user-defined `init_weights` in Mask2FormerHead  

decode_head.transformer_decoder.layers.2.ffn.layers.0.0.bias - torch.Size([2048]): 
The value is the same before and after calling `init_weights` of EncoderDecoder  

decode_head.transformer_decoder.layers.2.ffn.layers.1.weight - torch.Size([256, 2048]): 
Initialized by user-defined `init_weights` in Mask2FormerHead  

decode_head.transformer_decoder.layers.2.ffn.layers.1.bias - torch.Size([256]): 
The value is the same before and after calling `init_weights` of EncoderDecoder  

decode_head.transformer_decoder.layers.2.norms.0.weight - torch.Size([256]): 
The value is the same before and after calling `init_weights` of EncoderDecoder  

decode_head.transformer_decoder.layers.2.norms.0.bias - torch.Size([256]): 
The value is the same before and after calling `init_weights` of EncoderDecoder  

decode_head.transformer_decoder.layers.2.norms.1.weight - torch.Size([256]): 
The value is the same before and after calling `init_weights` of EncoderDecoder  

decode_head.transformer_decoder.layers.2.norms.1.bias - torch.Size([256]): 
The value is the same before and after calling `init_weights` of EncoderDecoder  

decode_head.transformer_decoder.layers.2.norms.2.weight - torch.Size([256]): 
The value is the same before and after calling `init_weights` of EncoderDecoder  

decode_head.transformer_decoder.layers.2.norms.2.bias - torch.Size([256]): 
The value is the same before and after calling `init_weights` of EncoderDecoder  

decode_head.transformer_decoder.layers.3.self_attn.attn.in_proj_weight - torch.Size([768, 256]): 
Initialized by user-defined `init_weights` in Mask2FormerHead  

decode_head.transformer_decoder.layers.3.self_attn.attn.in_proj_bias - torch.Size([768]): 
The value is the same before and after calling `init_weights` of EncoderDecoder  

decode_head.transformer_decoder.layers.3.self_attn.attn.out_proj.weight - torch.Size([256, 256]): 
Initialized by user-defined `init_weights` in Mask2FormerHead  

decode_head.transformer_decoder.layers.3.self_attn.attn.out_proj.bias - torch.Size([256]): 
The value is the same before and after calling `init_weights` of EncoderDecoder  

decode_head.transformer_decoder.layers.3.cross_attn.attn.in_proj_weight - torch.Size([768, 256]): 
Initialized by user-defined `init_weights` in Mask2FormerHead  

decode_head.transformer_decoder.layers.3.cross_attn.attn.in_proj_bias - torch.Size([768]): 
The value is the same before and after calling `init_weights` of EncoderDecoder  

decode_head.transformer_decoder.layers.3.cross_attn.attn.out_proj.weight - torch.Size([256, 256]): 
Initialized by user-defined `init_weights` in Mask2FormerHead  

decode_head.transformer_decoder.layers.3.cross_attn.attn.out_proj.bias - torch.Size([256]): 
The value is the same before and after calling `init_weights` of EncoderDecoder  

decode_head.transformer_decoder.layers.3.ffn.layers.0.0.weight - torch.Size([2048, 256]): 
Initialized by user-defined `init_weights` in Mask2FormerHead  

decode_head.transformer_decoder.layers.3.ffn.layers.0.0.bias - torch.Size([2048]): 
The value is the same before and after calling `init_weights` of EncoderDecoder  

decode_head.transformer_decoder.layers.3.ffn.layers.1.weight - torch.Size([256, 2048]): 
Initialized by user-defined `init_weights` in Mask2FormerHead  

decode_head.transformer_decoder.layers.3.ffn.layers.1.bias - torch.Size([256]): 
The value is the same before and after calling `init_weights` of EncoderDecoder  

decode_head.transformer_decoder.layers.3.norms.0.weight - torch.Size([256]): 
The value is the same before and after calling `init_weights` of EncoderDecoder  

decode_head.transformer_decoder.layers.3.norms.0.bias - torch.Size([256]): 
The value is the same before and after calling `init_weights` of EncoderDecoder  

decode_head.transformer_decoder.layers.3.norms.1.weight - torch.Size([256]): 
The value is the same before and after calling `init_weights` of EncoderDecoder  

decode_head.transformer_decoder.layers.3.norms.1.bias - torch.Size([256]): 
The value is the same before and after calling `init_weights` of EncoderDecoder  

decode_head.transformer_decoder.layers.3.norms.2.weight - torch.Size([256]): 
The value is the same before and after calling `init_weights` of EncoderDecoder  

decode_head.transformer_decoder.layers.3.norms.2.bias - torch.Size([256]): 
The value is the same before and after calling `init_weights` of EncoderDecoder  

decode_head.transformer_decoder.layers.4.self_attn.attn.in_proj_weight - torch.Size([768, 256]): 
Initialized by user-defined `init_weights` in Mask2FormerHead  

decode_head.transformer_decoder.layers.4.self_attn.attn.in_proj_bias - torch.Size([768]): 
The value is the same before and after calling `init_weights` of EncoderDecoder  

decode_head.transformer_decoder.layers.4.self_attn.attn.out_proj.weight - torch.Size([256, 256]): 
Initialized by user-defined `init_weights` in Mask2FormerHead  

decode_head.transformer_decoder.layers.4.self_attn.attn.out_proj.bias - torch.Size([256]): 
The value is the same before and after calling `init_weights` of EncoderDecoder  

decode_head.transformer_decoder.layers.4.cross_attn.attn.in_proj_weight - torch.Size([768, 256]): 
Initialized by user-defined `init_weights` in Mask2FormerHead  

decode_head.transformer_decoder.layers.4.cross_attn.attn.in_proj_bias - torch.Size([768]): 
The value is the same before and after calling `init_weights` of EncoderDecoder  

decode_head.transformer_decoder.layers.4.cross_attn.attn.out_proj.weight - torch.Size([256, 256]): 
Initialized by user-defined `init_weights` in Mask2FormerHead  

decode_head.transformer_decoder.layers.4.cross_attn.attn.out_proj.bias - torch.Size([256]): 
The value is the same before and after calling `init_weights` of EncoderDecoder  

decode_head.transformer_decoder.layers.4.ffn.layers.0.0.weight - torch.Size([2048, 256]): 
Initialized by user-defined `init_weights` in Mask2FormerHead  

decode_head.transformer_decoder.layers.4.ffn.layers.0.0.bias - torch.Size([2048]): 
The value is the same before and after calling `init_weights` of EncoderDecoder  

decode_head.transformer_decoder.layers.4.ffn.layers.1.weight - torch.Size([256, 2048]): 
Initialized by user-defined `init_weights` in Mask2FormerHead  

decode_head.transformer_decoder.layers.4.ffn.layers.1.bias - torch.Size([256]): 
The value is the same before and after calling `init_weights` of EncoderDecoder  

decode_head.transformer_decoder.layers.4.norms.0.weight - torch.Size([256]): 
The value is the same before and after calling `init_weights` of EncoderDecoder  

decode_head.transformer_decoder.layers.4.norms.0.bias - torch.Size([256]): 
The value is the same before and after calling `init_weights` of EncoderDecoder  

decode_head.transformer_decoder.layers.4.norms.1.weight - torch.Size([256]): 
The value is the same before and after calling `init_weights` of EncoderDecoder  

decode_head.transformer_decoder.layers.4.norms.1.bias - torch.Size([256]): 
The value is the same before and after calling `init_weights` of EncoderDecoder  

decode_head.transformer_decoder.layers.4.norms.2.weight - torch.Size([256]): 
The value is the same before and after calling `init_weights` of EncoderDecoder  

decode_head.transformer_decoder.layers.4.norms.2.bias - torch.Size([256]): 
The value is the same before and after calling `init_weights` of EncoderDecoder  

decode_head.transformer_decoder.layers.5.self_attn.attn.in_proj_weight - torch.Size([768, 256]): 
Initialized by user-defined `init_weights` in Mask2FormerHead  

decode_head.transformer_decoder.layers.5.self_attn.attn.in_proj_bias - torch.Size([768]): 
The value is the same before and after calling `init_weights` of EncoderDecoder  

decode_head.transformer_decoder.layers.5.self_attn.attn.out_proj.weight - torch.Size([256, 256]): 
Initialized by user-defined `init_weights` in Mask2FormerHead  

decode_head.transformer_decoder.layers.5.self_attn.attn.out_proj.bias - torch.Size([256]): 
The value is the same before and after calling `init_weights` of EncoderDecoder  

decode_head.transformer_decoder.layers.5.cross_attn.attn.in_proj_weight - torch.Size([768, 256]): 
Initialized by user-defined `init_weights` in Mask2FormerHead  

decode_head.transformer_decoder.layers.5.cross_attn.attn.in_proj_bias - torch.Size([768]): 
The value is the same before and after calling `init_weights` of EncoderDecoder  

decode_head.transformer_decoder.layers.5.cross_attn.attn.out_proj.weight - torch.Size([256, 256]): 
Initialized by user-defined `init_weights` in Mask2FormerHead  

decode_head.transformer_decoder.layers.5.cross_attn.attn.out_proj.bias - torch.Size([256]): 
The value is the same before and after calling `init_weights` of EncoderDecoder  

decode_head.transformer_decoder.layers.5.ffn.layers.0.0.weight - torch.Size([2048, 256]): 
Initialized by user-defined `init_weights` in Mask2FormerHead  

decode_head.transformer_decoder.layers.5.ffn.layers.0.0.bias - torch.Size([2048]): 
The value is the same before and after calling `init_weights` of EncoderDecoder  

decode_head.transformer_decoder.layers.5.ffn.layers.1.weight - torch.Size([256, 2048]): 
Initialized by user-defined `init_weights` in Mask2FormerHead  

decode_head.transformer_decoder.layers.5.ffn.layers.1.bias - torch.Size([256]): 
The value is the same before and after calling `init_weights` of EncoderDecoder  

decode_head.transformer_decoder.layers.5.norms.0.weight - torch.Size([256]): 
The value is the same before and after calling `init_weights` of EncoderDecoder  

decode_head.transformer_decoder.layers.5.norms.0.bias - torch.Size([256]): 
The value is the same before and after calling `init_weights` of EncoderDecoder  

decode_head.transformer_decoder.layers.5.norms.1.weight - torch.Size([256]): 
The value is the same before and after calling `init_weights` of EncoderDecoder  

decode_head.transformer_decoder.layers.5.norms.1.bias - torch.Size([256]): 
The value is the same before and after calling `init_weights` of EncoderDecoder  

decode_head.transformer_decoder.layers.5.norms.2.weight - torch.Size([256]): 
The value is the same before and after calling `init_weights` of EncoderDecoder  

decode_head.transformer_decoder.layers.5.norms.2.bias - torch.Size([256]): 
The value is the same before and after calling `init_weights` of EncoderDecoder  

decode_head.transformer_decoder.layers.6.self_attn.attn.in_proj_weight - torch.Size([768, 256]): 
Initialized by user-defined `init_weights` in Mask2FormerHead  

decode_head.transformer_decoder.layers.6.self_attn.attn.in_proj_bias - torch.Size([768]): 
The value is the same before and after calling `init_weights` of EncoderDecoder  

decode_head.transformer_decoder.layers.6.self_attn.attn.out_proj.weight - torch.Size([256, 256]): 
Initialized by user-defined `init_weights` in Mask2FormerHead  

decode_head.transformer_decoder.layers.6.self_attn.attn.out_proj.bias - torch.Size([256]): 
The value is the same before and after calling `init_weights` of EncoderDecoder  

decode_head.transformer_decoder.layers.6.cross_attn.attn.in_proj_weight - torch.Size([768, 256]): 
Initialized by user-defined `init_weights` in Mask2FormerHead  

decode_head.transformer_decoder.layers.6.cross_attn.attn.in_proj_bias - torch.Size([768]): 
The value is the same before and after calling `init_weights` of EncoderDecoder  

decode_head.transformer_decoder.layers.6.cross_attn.attn.out_proj.weight - torch.Size([256, 256]): 
Initialized by user-defined `init_weights` in Mask2FormerHead  

decode_head.transformer_decoder.layers.6.cross_attn.attn.out_proj.bias - torch.Size([256]): 
The value is the same before and after calling `init_weights` of EncoderDecoder  

decode_head.transformer_decoder.layers.6.ffn.layers.0.0.weight - torch.Size([2048, 256]): 
Initialized by user-defined `init_weights` in Mask2FormerHead  

decode_head.transformer_decoder.layers.6.ffn.layers.0.0.bias - torch.Size([2048]): 
The value is the same before and after calling `init_weights` of EncoderDecoder  

decode_head.transformer_decoder.layers.6.ffn.layers.1.weight - torch.Size([256, 2048]): 
Initialized by user-defined `init_weights` in Mask2FormerHead  

decode_head.transformer_decoder.layers.6.ffn.layers.1.bias - torch.Size([256]): 
The value is the same before and after calling `init_weights` of EncoderDecoder  

decode_head.transformer_decoder.layers.6.norms.0.weight - torch.Size([256]): 
The value is the same before and after calling `init_weights` of EncoderDecoder  

decode_head.transformer_decoder.layers.6.norms.0.bias - torch.Size([256]): 
The value is the same before and after calling `init_weights` of EncoderDecoder  

decode_head.transformer_decoder.layers.6.norms.1.weight - torch.Size([256]): 
The value is the same before and after calling `init_weights` of EncoderDecoder  

decode_head.transformer_decoder.layers.6.norms.1.bias - torch.Size([256]): 
The value is the same before and after calling `init_weights` of EncoderDecoder  

decode_head.transformer_decoder.layers.6.norms.2.weight - torch.Size([256]): 
The value is the same before and after calling `init_weights` of EncoderDecoder  

decode_head.transformer_decoder.layers.6.norms.2.bias - torch.Size([256]): 
The value is the same before and after calling `init_weights` of EncoderDecoder  

decode_head.transformer_decoder.layers.7.self_attn.attn.in_proj_weight - torch.Size([768, 256]): 
Initialized by user-defined `init_weights` in Mask2FormerHead  

decode_head.transformer_decoder.layers.7.self_attn.attn.in_proj_bias - torch.Size([768]): 
The value is the same before and after calling `init_weights` of EncoderDecoder  

decode_head.transformer_decoder.layers.7.self_attn.attn.out_proj.weight - torch.Size([256, 256]): 
Initialized by user-defined `init_weights` in Mask2FormerHead  

decode_head.transformer_decoder.layers.7.self_attn.attn.out_proj.bias - torch.Size([256]): 
The value is the same before and after calling `init_weights` of EncoderDecoder  

decode_head.transformer_decoder.layers.7.cross_attn.attn.in_proj_weight - torch.Size([768, 256]): 
Initialized by user-defined `init_weights` in Mask2FormerHead  

decode_head.transformer_decoder.layers.7.cross_attn.attn.in_proj_bias - torch.Size([768]): 
The value is the same before and after calling `init_weights` of EncoderDecoder  

decode_head.transformer_decoder.layers.7.cross_attn.attn.out_proj.weight - torch.Size([256, 256]): 
Initialized by user-defined `init_weights` in Mask2FormerHead  

decode_head.transformer_decoder.layers.7.cross_attn.attn.out_proj.bias - torch.Size([256]): 
The value is the same before and after calling `init_weights` of EncoderDecoder  

decode_head.transformer_decoder.layers.7.ffn.layers.0.0.weight - torch.Size([2048, 256]): 
Initialized by user-defined `init_weights` in Mask2FormerHead  

decode_head.transformer_decoder.layers.7.ffn.layers.0.0.bias - torch.Size([2048]): 
The value is the same before and after calling `init_weights` of EncoderDecoder  

decode_head.transformer_decoder.layers.7.ffn.layers.1.weight - torch.Size([256, 2048]): 
Initialized by user-defined `init_weights` in Mask2FormerHead  

decode_head.transformer_decoder.layers.7.ffn.layers.1.bias - torch.Size([256]): 
The value is the same before and after calling `init_weights` of EncoderDecoder  

decode_head.transformer_decoder.layers.7.norms.0.weight - torch.Size([256]): 
The value is the same before and after calling `init_weights` of EncoderDecoder  

decode_head.transformer_decoder.layers.7.norms.0.bias - torch.Size([256]): 
The value is the same before and after calling `init_weights` of EncoderDecoder  

decode_head.transformer_decoder.layers.7.norms.1.weight - torch.Size([256]): 
The value is the same before and after calling `init_weights` of EncoderDecoder  

decode_head.transformer_decoder.layers.7.norms.1.bias - torch.Size([256]): 
The value is the same before and after calling `init_weights` of EncoderDecoder  

decode_head.transformer_decoder.layers.7.norms.2.weight - torch.Size([256]): 
The value is the same before and after calling `init_weights` of EncoderDecoder  

decode_head.transformer_decoder.layers.7.norms.2.bias - torch.Size([256]): 
The value is the same before and after calling `init_weights` of EncoderDecoder  

decode_head.transformer_decoder.layers.8.self_attn.attn.in_proj_weight - torch.Size([768, 256]): 
Initialized by user-defined `init_weights` in Mask2FormerHead  

decode_head.transformer_decoder.layers.8.self_attn.attn.in_proj_bias - torch.Size([768]): 
The value is the same before and after calling `init_weights` of EncoderDecoder  

decode_head.transformer_decoder.layers.8.self_attn.attn.out_proj.weight - torch.Size([256, 256]): 
Initialized by user-defined `init_weights` in Mask2FormerHead  

decode_head.transformer_decoder.layers.8.self_attn.attn.out_proj.bias - torch.Size([256]): 
The value is the same before and after calling `init_weights` of EncoderDecoder  

decode_head.transformer_decoder.layers.8.cross_attn.attn.in_proj_weight - torch.Size([768, 256]): 
Initialized by user-defined `init_weights` in Mask2FormerHead  

decode_head.transformer_decoder.layers.8.cross_attn.attn.in_proj_bias - torch.Size([768]): 
The value is the same before and after calling `init_weights` of EncoderDecoder  

decode_head.transformer_decoder.layers.8.cross_attn.attn.out_proj.weight - torch.Size([256, 256]): 
Initialized by user-defined `init_weights` in Mask2FormerHead  

decode_head.transformer_decoder.layers.8.cross_attn.attn.out_proj.bias - torch.Size([256]): 
The value is the same before and after calling `init_weights` of EncoderDecoder  

decode_head.transformer_decoder.layers.8.ffn.layers.0.0.weight - torch.Size([2048, 256]): 
Initialized by user-defined `init_weights` in Mask2FormerHead  

decode_head.transformer_decoder.layers.8.ffn.layers.0.0.bias - torch.Size([2048]): 
The value is the same before and after calling `init_weights` of EncoderDecoder  

decode_head.transformer_decoder.layers.8.ffn.layers.1.weight - torch.Size([256, 2048]): 
Initialized by user-defined `init_weights` in Mask2FormerHead  

decode_head.transformer_decoder.layers.8.ffn.layers.1.bias - torch.Size([256]): 
The value is the same before and after calling `init_weights` of EncoderDecoder  

decode_head.transformer_decoder.layers.8.norms.0.weight - torch.Size([256]): 
The value is the same before and after calling `init_weights` of EncoderDecoder  

decode_head.transformer_decoder.layers.8.norms.0.bias - torch.Size([256]): 
The value is the same before and after calling `init_weights` of EncoderDecoder  

decode_head.transformer_decoder.layers.8.norms.1.weight - torch.Size([256]): 
The value is the same before and after calling `init_weights` of EncoderDecoder  

decode_head.transformer_decoder.layers.8.norms.1.bias - torch.Size([256]): 
The value is the same before and after calling `init_weights` of EncoderDecoder  

decode_head.transformer_decoder.layers.8.norms.2.weight - torch.Size([256]): 
The value is the same before and after calling `init_weights` of EncoderDecoder  

decode_head.transformer_decoder.layers.8.norms.2.bias - torch.Size([256]): 
The value is the same before and after calling `init_weights` of EncoderDecoder  

decode_head.transformer_decoder.post_norm.weight - torch.Size([256]): 
The value is the same before and after calling `init_weights` of EncoderDecoder  

decode_head.transformer_decoder.post_norm.bias - torch.Size([256]): 
The value is the same before and after calling `init_weights` of EncoderDecoder  

decode_head.query_embed.weight - torch.Size([50, 256]): 
The value is the same before and after calling `init_weights` of EncoderDecoder  

decode_head.query_feat.weight - torch.Size([50, 256]): 
The value is the same before and after calling `init_weights` of EncoderDecoder  

decode_head.level_embed.weight - torch.Size([3, 256]): 
The value is the same before and after calling `init_weights` of EncoderDecoder  

decode_head.cls_embed.weight - torch.Size([6, 256]): 
The value is the same before and after calling `init_weights` of EncoderDecoder  

decode_head.cls_embed.bias - torch.Size([6]): 
The value is the same before and after calling `init_weights` of EncoderDecoder  

decode_head.mask_embed.0.weight - torch.Size([256, 256]): 
The value is the same before and after calling `init_weights` of EncoderDecoder  

decode_head.mask_embed.0.bias - torch.Size([256]): 
The value is the same before and after calling `init_weights` of EncoderDecoder  

decode_head.mask_embed.2.weight - torch.Size([256, 256]): 
The value is the same before and after calling `init_weights` of EncoderDecoder  

decode_head.mask_embed.2.bias - torch.Size([256]): 
The value is the same before and after calling `init_weights` of EncoderDecoder  

decode_head.mask_embed.4.weight - torch.Size([256, 256]): 
The value is the same before and after calling `init_weights` of EncoderDecoder  

decode_head.mask_embed.4.bias - torch.Size([256]): 
The value is the same before and after calling `init_weights` of EncoderDecoder  
2026/07/30 20:46:12 - mmengine - WARNING - "FileClient" will be deprecated in future. Please use io functions in https://mmengine.readthedocs.io/en/latest/api/fileio.html#file-io
2026/07/30 20:46:12 - mmengine - WARNING - "HardDiskBackend" is the alias of "LocalBackend" and the former will be deprecated in future.
2026/07/30 20:46:12 - mmengine - INFO - Checkpoints will be saved to /mnt/qh2-nas3/00-model/00-fb/fusion_potsdam/work_dirs/dinov3_m2f_gram_4999.
2026/07/30 20:49:56 - mmengine - INFO - Iter(train) [  100/40000]  base_lr: 1.6989e-06 lr: 1.6989e-06  eta: 1 day, 0:53:58  time: 1.7281  data_time: 0.0259  memory: 41705  grad_norm: 261.1253  loss: 77.1507  decode.loss_cls: 0.6517  decode.loss_mask: 3.1894  decode.loss_dice: 3.5480  decode.d0.loss_cls: 3.7954  decode.d0.loss_mask: 2.5224  decode.d0.loss_dice: 3.2357  decode.d1.loss_cls: 1.9082  decode.d1.loss_mask: 2.6553  decode.d1.loss_dice: 3.2838  decode.d2.loss_cls: 1.3421  decode.d2.loss_mask: 2.6964  decode.d2.loss_dice: 3.3459  decode.d3.loss_cls: 1.3173  decode.d3.loss_mask: 2.8626  decode.d3.loss_dice: 3.3356  decode.d4.loss_cls: 1.0323  decode.d4.loss_mask: 2.9375  decode.d4.loss_dice: 3.4331  decode.d5.loss_cls: 0.8535  decode.d5.loss_mask: 3.0379  decode.d5.loss_dice: 3.4787  decode.d6.loss_cls: 0.9136  decode.d6.loss_mask: 3.0672  decode.d6.loss_dice: 3.4757  decode.d7.loss_cls: 0.9866  decode.d7.loss_mask: 3.1500  decode.d7.loss_dice: 3.4866  decode.d8.loss_cls: 0.8957  decode.d8.loss_mask: 3.1495  decode.d8.loss_dice: 3.5630
2026/07/30 20:52:20 - mmengine - INFO - Iter(train) [  200/40000]  base_lr: 3.3645e-06 lr: 3.3645e-06  eta: 20:20:04  time: 0.9744  data_time: 0.0255  memory: 9076  grad_norm: 75.6339  loss: 71.4034  decode.loss_cls: 0.8620  decode.loss_mask: 2.4850  decode.loss_dice: 3.6658  decode.d0.loss_cls: 3.7258  decode.d0.loss_mask: 2.4644  decode.d0.loss_dice: 3.4018  decode.d1.loss_cls: 0.9859  decode.d1.loss_mask: 2.3963  decode.d1.loss_dice: 3.3567  decode.d2.loss_cls: 0.8584  decode.d2.loss_mask: 2.3916  decode.d2.loss_dice: 3.3909  decode.d3.loss_cls: 0.8755  decode.d3.loss_mask: 2.4363  decode.d3.loss_dice: 3.4537  decode.d4.loss_cls: 0.8488  decode.d4.loss_mask: 2.4476  decode.d4.loss_dice: 3.5130  decode.d5.loss_cls: 0.8550  decode.d5.loss_mask: 2.4971  decode.d5.loss_dice: 3.5404  decode.d6.loss_cls: 0.8661  decode.d6.loss_mask: 2.4594  decode.d6.loss_dice: 3.6346  decode.d7.loss_cls: 0.8738  decode.d7.loss_mask: 2.4579  decode.d7.loss_dice: 3.6309  decode.d8.loss_cls: 0.8654  decode.d8.loss_mask: 2.4990  decode.d8.loss_dice: 3.6642
2026/07/30 20:54:01 - mmengine - INFO - Iter(train) [  300/40000]  base_lr: 5.0300e-06 lr: 5.0300e-06  eta: 17:14:13  time: 0.8870  data_time: 0.0247  memory: 9084  grad_norm: 170.0560  loss: 61.6762  decode.loss_cls: 0.7642  decode.loss_mask: 2.1963  decode.loss_dice: 3.0486  decode.d0.loss_cls: 3.7239  decode.d0.loss_mask: 2.1979  decode.d0.loss_dice: 3.0634  decode.d1.loss_cls: 0.7959  decode.d1.loss_mask: 2.1372  decode.d1.loss_dice: 2.8983  decode.d2.loss_cls: 0.7425  decode.d2.loss_mask: 2.1183  decode.d2.loss_dice: 2.9281  decode.d3.loss_cls: 0.7682  decode.d3.loss_mask: 2.1295  decode.d3.loss_dice: 2.9133  decode.d4.loss_cls: 0.7542  decode.d4.loss_mask: 2.1111  decode.d4.loss_dice: 2.8996  decode.d5.loss_cls: 0.7462  decode.d5.loss_mask: 2.1026  decode.d5.loss_dice: 2.9295  decode.d6.loss_cls: 0.7517  decode.d6.loss_mask: 2.1337  decode.d6.loss_dice: 2.9320  decode.d7.loss_cls: 0.7502  decode.d7.loss_mask: 2.1962  decode.d7.loss_dice: 3.0329  decode.d8.loss_cls: 0.7408  decode.d8.loss_mask: 2.1725  decode.d8.loss_dice: 2.9973
2026/07/30 20:55:44 - mmengine - INFO - Iter(train) [  400/40000]  base_lr: 6.6956e-06 lr: 6.6956e-06  eta: 15:44:18  time: 0.8986  data_time: 0.0227  memory: 9084  grad_norm: 130.5173  loss: 58.0704  decode.loss_cls: 0.7898  decode.loss_mask: 1.9914  decode.loss_dice: 2.8113  decode.d0.loss_cls: 3.6587  decode.d0.loss_mask: 2.0830  decode.d0.loss_dice: 2.9552  decode.d1.loss_cls: 0.7978  decode.d1.loss_mask: 1.9607  decode.d1.loss_dice: 2.7983  decode.d2.loss_cls: 0.7750  decode.d2.loss_mask: 1.9349  decode.d2.loss_dice: 2.7459  decode.d3.loss_cls: 0.7848  decode.d3.loss_mask: 1.9258  decode.d3.loss_dice: 2.7316  decode.d4.loss_cls: 0.7756  decode.d4.loss_mask: 1.9606  decode.d4.loss_dice: 2.7445  decode.d5.loss_cls: 0.7642  decode.d5.loss_mask: 1.9281  decode.d5.loss_dice: 2.7139  decode.d6.loss_cls: 0.7511  decode.d6.loss_mask: 1.9742  decode.d6.loss_dice: 2.7433  decode.d7.loss_cls: 0.7505  decode.d7.loss_mask: 1.9647  decode.d7.loss_dice: 2.7682  decode.d8.loss_cls: 0.7740  decode.d8.loss_mask: 1.9592  decode.d8.loss_dice: 2.7541
2026/07/30 20:57:55 - mmengine - INFO - Iter(train) [  500/40000]  base_lr: 8.3611e-06 lr: 8.3611e-06  eta: 15:26:15  time: 2.0080  data_time: 0.0159  memory: 9076  grad_norm: 150.3147  loss: 44.2292  decode.loss_cls: 0.6370  decode.loss_mask: 1.4839  decode.loss_dice: 1.9884  decode.d0.loss_cls: 3.6303  decode.d0.loss_mask: 1.6973  decode.d0.loss_dice: 2.3964  decode.d1.loss_cls: 0.6622  decode.d1.loss_mask: 1.4749  decode.d1.loss_dice: 2.0449  decode.d2.loss_cls: 0.6065  decode.d2.loss_mask: 1.4820  decode.d2.loss_dice: 1.9562  decode.d3.loss_cls: 0.6154  decode.d3.loss_mask: 1.4573  decode.d3.loss_dice: 1.9317  decode.d4.loss_cls: 0.5887  decode.d4.loss_mask: 1.5267  decode.d4.loss_dice: 1.9245  decode.d5.loss_cls: 0.5812  decode.d5.loss_mask: 1.4985  decode.d5.loss_dice: 1.9357  decode.d6.loss_cls: 0.5832  decode.d6.loss_mask: 1.4914  decode.d6.loss_dice: 1.9557  decode.d7.loss_cls: 0.5910  decode.d7.loss_mask: 1.5037  decode.d7.loss_dice: 1.9439  decode.d8.loss_cls: 0.6172  decode.d8.loss_mask: 1.4714  decode.d8.loss_dice: 1.9520
2026/07/30 21:00:37 - mmengine - INFO - Iter(train) [  600/40000]  base_lr: 1.0027e-05 lr: 1.0027e-05  eta: 15:47:18  time: 0.9105  data_time: 0.0200  memory: 9084  grad_norm: 219.1838  loss: 47.0896  decode.loss_cls: 0.6315  decode.loss_mask: 1.7975  decode.loss_dice: 2.1045  decode.d0.loss_cls: 3.6093  decode.d0.loss_mask: 1.8637  decode.d0.loss_dice: 2.3759  decode.d1.loss_cls: 0.6560  decode.d1.loss_mask: 1.7144  decode.d1.loss_dice: 2.0680  decode.d2.loss_cls: 0.5876  decode.d2.loss_mask: 1.7636  decode.d2.loss_dice: 1.9788  decode.d3.loss_cls: 0.5852  decode.d3.loss_mask: 1.7031  decode.d3.loss_dice: 1.9269  decode.d4.loss_cls: 0.5726  decode.d4.loss_mask: 1.7005  decode.d4.loss_dice: 1.9239  decode.d5.loss_cls: 0.5661  decode.d5.loss_mask: 1.7412  decode.d5.loss_dice: 2.0099  decode.d6.loss_cls: 0.5649  decode.d6.loss_mask: 1.7598  decode.d6.loss_dice: 2.0204  decode.d7.loss_cls: 0.5801  decode.d7.loss_mask: 1.7744  decode.d7.loss_dice: 2.0403  decode.d8.loss_cls: 0.6019  decode.d8.loss_mask: 1.7858  decode.d8.loss_dice: 2.0818
2026/07/30 21:02:10 - mmengine - INFO - Iter(train) [  700/40000]  base_lr: 1.1692e-05 lr: 1.1692e-05  eta: 14:57:07  time: 0.9346  data_time: 0.0203  memory: 9084  grad_norm: 211.6895  loss: 40.9046  decode.loss_cls: 0.5118  decode.loss_mask: 1.4773  decode.loss_dice: 1.7457  decode.d0.loss_cls: 3.5618  decode.d0.loss_mask: 1.5932  decode.d0.loss_dice: 2.1458  decode.d1.loss_cls: 0.5698  decode.d1.loss_mask: 1.5781  decode.d1.loss_dice: 1.8530  decode.d2.loss_cls: 0.5009  decode.d2.loss_mask: 1.5646  decode.d2.loss_dice: 1.7364  decode.d3.loss_cls: 0.4940  decode.d3.loss_mask: 1.5262  decode.d3.loss_dice: 1.6691  decode.d4.loss_cls: 0.4552  decode.d4.loss_mask: 1.5142  decode.d4.loss_dice: 1.6920  decode.d5.loss_cls: 0.4583  decode.d5.loss_mask: 1.5052  decode.d5.loss_dice: 1.6871  decode.d6.loss_cls: 0.4553  decode.d6.loss_mask: 1.4901  decode.d6.loss_dice: 1.6885  decode.d7.loss_cls: 0.4780  decode.d7.loss_mask: 1.5150  decode.d7.loss_dice: 1.7075  decode.d8.loss_cls: 0.4814  decode.d8.loss_mask: 1.5164  decode.d8.loss_dice: 1.7328
2026/07/30 21:03:55 - mmengine - INFO - Iter(train) [  800/40000]  base_lr: 1.3358e-05 lr: 1.3358e-05  eta: 14:28:43  time: 1.2780  data_time: 0.0270  memory: 9084  grad_norm: 176.9737  loss: 43.6643  decode.loss_cls: 0.4510  decode.loss_mask: 1.7830  decode.loss_dice: 1.8384  decode.d0.loss_cls: 3.4727  decode.d0.loss_mask: 1.7703  decode.d0.loss_dice: 2.0865  decode.d1.loss_cls: 0.5370  decode.d1.loss_mask: 1.7556  decode.d1.loss_dice: 1.8436  decode.d2.loss_cls: 0.4679  decode.d2.loss_mask: 1.7919  decode.d2.loss_dice: 1.7575  decode.d3.loss_cls: 0.4164  decode.d3.loss_mask: 1.8256  decode.d3.loss_dice: 1.7595  decode.d4.loss_cls: 0.3712  decode.d4.loss_mask: 1.8495  decode.d4.loss_dice: 1.7645  decode.d5.loss_cls: 0.3702  decode.d5.loss_mask: 1.8470  decode.d5.loss_dice: 1.7879  decode.d6.loss_cls: 0.3886  decode.d6.loss_mask: 1.8102  decode.d6.loss_dice: 1.7850  decode.d7.loss_cls: 0.3985  decode.d7.loss_mask: 1.8485  decode.d7.loss_dice: 1.8170  decode.d8.loss_cls: 0.4359  decode.d8.loss_mask: 1.7999  decode.d8.loss_dice: 1.8334
2026/07/30 21:05:36 - mmengine - INFO - Exp name: dinov3_m2f_gram_4999_20260730_204508
2026/07/30 21:05:36 - mmengine - WARNING - Reach the end of the dataloader, it will be restarted and continue to iterate. It is recommended to use `mmengine.dataset.InfiniteSampler` to enable the dataloader to iterate infinitely.
2026/07/30 21:06:14 - mmengine - INFO - Iter(train) [  900/40000]  base_lr: 1.5023e-05 lr: 1.5023e-05  eta: 14:30:28  time: 1.0111  data_time: 0.0231  memory: 9084  grad_norm: 227.3962  loss: 40.6458  decode.loss_cls: 0.4325  decode.loss_mask: 1.6082  decode.loss_dice: 1.7490  decode.d0.loss_cls: 3.4775  decode.d0.loss_mask: 1.6081  decode.d0.loss_dice: 2.0256  decode.d1.loss_cls: 0.4562  decode.d1.loss_mask: 1.6083  decode.d1.loss_dice: 1.7539  decode.d2.loss_cls: 0.3997  decode.d2.loss_mask: 1.5954  decode.d2.loss_dice: 1.6620  decode.d3.loss_cls: 0.4010  decode.d3.loss_mask: 1.6104  decode.d3.loss_dice: 1.6565  decode.d4.loss_cls: 0.3829  decode.d4.loss_mask: 1.6502  decode.d4.loss_dice: 1.6767  decode.d5.loss_cls: 0.3696  decode.d5.loss_mask: 1.6814  decode.d5.loss_dice: 1.6658  decode.d6.loss_cls: 0.3792  decode.d6.loss_mask: 1.6062  decode.d6.loss_dice: 1.6903  decode.d7.loss_cls: 0.4009  decode.d7.loss_mask: 1.6285  decode.d7.loss_dice: 1.7245  decode.d8.loss_cls: 0.4230  decode.d8.loss_mask: 1.5942  decode.d8.loss_dice: 1.7285
2026/07/30 21:07:52 - mmengine - INFO - Exp name: dinov3_m2f_gram_4999_20260730_204508
2026/07/30 21:07:52 - mmengine - INFO - Iter(train) [ 1000/40000]  base_lr: 1.6689e-05 lr: 1.6689e-05  eta: 14:04:54  time: 0.9739  data_time: 0.0209  memory: 9076  grad_norm: 163.7319  loss: 40.1591  decode.loss_cls: 0.3370  decode.loss_mask: 1.7912  decode.loss_dice: 1.4786  decode.d0.loss_cls: 3.3639  decode.d0.loss_mask: 1.7745  decode.d0.loss_dice: 1.8885  decode.d1.loss_cls: 0.3986  decode.d1.loss_mask: 1.7838  decode.d1.loss_dice: 1.6025  decode.d2.loss_cls: 0.3160  decode.d2.loss_mask: 1.8108  decode.d2.loss_dice: 1.5357  decode.d3.loss_cls: 0.2777  decode.d3.loss_mask: 1.8153  decode.d3.loss_dice: 1.5981  decode.d4.loss_cls: 0.2718  decode.d4.loss_mask: 1.7958  decode.d4.loss_dice: 1.5542  decode.d5.loss_cls: 0.2676  decode.d5.loss_mask: 1.8570  decode.d5.loss_dice: 1.6041  decode.d6.loss_cls: 0.2650  decode.d6.loss_mask: 1.8360  decode.d6.loss_dice: 1.6192  decode.d7.loss_cls: 0.2743  decode.d7.loss_mask: 1.8373  decode.d7.loss_dice: 1.5750  decode.d8.loss_cls: 0.3241  decode.d8.loss_mask: 1.7794  decode.d8.loss_dice: 1.5262
2026/07/30 21:09:29 - mmengine - INFO - Iter(train) [ 1100/40000]  base_lr: 1.8354e-05 lr: 1.8354e-05  eta: 13:43:32  time: 0.9653  data_time: 0.0252  memory: 9084  grad_norm: 158.8562  loss: 37.8342  decode.loss_cls: 0.1901  decode.loss_mask: 1.6912  decode.loss_dice: 1.6052  decode.d0.loss_cls: 3.2627  decode.d0.loss_mask: 1.6423  decode.d0.loss_dice: 1.8132  decode.d1.loss_cls: 0.2682  decode.d1.loss_mask: 1.7063  decode.d1.loss_dice: 1.5955  decode.d2.loss_cls: 0.1886  decode.d2.loss_mask: 1.7029  decode.d2.loss_dice: 1.5508  decode.d3.loss_cls: 0.1509  decode.d3.loss_mask: 1.7069  decode.d3.loss_dice: 1.5818  decode.d4.loss_cls: 0.1295  decode.d4.loss_mask: 1.7209  decode.d4.loss_dice: 1.6151  decode.d5.loss_cls: 0.1381  decode.d5.loss_mask: 1.7085  decode.d5.loss_dice: 1.5613  decode.d6.loss_cls: 0.1508  decode.d6.loss_mask: 1.6909  decode.d6.loss_dice: 1.5584  decode.d7.loss_cls: 0.1651  decode.d7.loss_mask: 1.6649  decode.d7.loss_dice: 1.5638  decode.d8.loss_cls: 0.1778  decode.d8.loss_mask: 1.6995  decode.d8.loss_dice: 1.6331
2026/07/30 21:11:23 - mmengine - INFO - Iter(train) [ 1200/40000]  base_lr: 2.0020e-05 lr: 2.0020e-05  eta: 13:34:36  time: 2.1030  data_time: 0.0312  memory: 9084  grad_norm: 184.8900  loss: 41.3762  decode.loss_cls: 0.1648  decode.loss_mask: 1.7683  decode.loss_dice: 1.8729  decode.d0.loss_cls: 3.1917  decode.d0.loss_mask: 1.6524  decode.d0.loss_dice: 2.0402  decode.d1.loss_cls: 0.2748  decode.d1.loss_mask: 1.7800  decode.d1.loss_dice: 1.9807  decode.d2.loss_cls: 0.2297  decode.d2.loss_mask: 1.7601  decode.d2.loss_dice: 1.8985  decode.d3.loss_cls: 0.1843  decode.d3.loss_mask: 1.7613  decode.d3.loss_dice: 1.8959  decode.d4.loss_cls: 0.1691  decode.d4.loss_mask: 1.7756  decode.d4.loss_dice: 1.8786  decode.d5.loss_cls: 0.1910  decode.d5.loss_mask: 1.7432  decode.d5.loss_dice: 1.8434  decode.d6.loss_cls: 0.1760  decode.d6.loss_mask: 1.7345  decode.d6.loss_dice: 1.8571  decode.d7.loss_cls: 0.1806  decode.d7.loss_mask: 1.7417  decode.d7.loss_dice: 1.8552  decode.d8.loss_cls: 0.1765  decode.d8.loss_mask: 1.7376  decode.d8.loss_dice: 1.8607
2026/07/30 21:14:44 - mmengine - INFO - Iter(train) [ 1300/40000]  base_lr: 2.1686e-05 lr: 2.1686e-05  eta: 14:09:21  time: 2.2189  data_time: 0.0292  memory: 9076  grad_norm: 181.5354  loss: 33.2162  decode.loss_cls: 0.1724  decode.loss_mask: 1.5040  decode.loss_dice: 1.4034  decode.d0.loss_cls: 3.0997  decode.d0.loss_mask: 1.4084  decode.d0.loss_dice: 1.4690  decode.d1.loss_cls: 0.2135  decode.d1.loss_mask: 1.4758  decode.d1.loss_dice: 1.4640  decode.d2.loss_cls: 0.1549  decode.d2.loss_mask: 1.4849  decode.d2.loss_dice: 1.4215  decode.d3.loss_cls: 0.1601  decode.d3.loss_mask: 1.4423  decode.d3.loss_dice: 1.3691  decode.d4.loss_cls: 0.1590  decode.d4.loss_mask: 1.4253  decode.d4.loss_dice: 1.3380  decode.d5.loss_cls: 0.1507  decode.d5.loss_mask: 1.4560  decode.d5.loss_dice: 1.3385  decode.d6.loss_cls: 0.1613  decode.d6.loss_mask: 1.4732  decode.d6.loss_dice: 1.4039  decode.d7.loss_cls: 0.1602  decode.d7.loss_mask: 1.4974  decode.d7.loss_dice: 1.3754  decode.d8.loss_cls: 0.1651  decode.d8.loss_mask: 1.4902  decode.d8.loss_dice: 1.3791
2026/07/30 21:18:01 - mmengine - INFO - Iter(train) [ 1400/40000]  base_lr: 2.3351e-05 lr: 2.3351e-05  eta: 14:37:17  time: 2.0191  data_time: 0.0171  memory: 9084  grad_norm: 141.0006  loss: 32.0392  decode.loss_cls: 0.1061  decode.loss_mask: 1.3825  decode.loss_dice: 1.4201  decode.d0.loss_cls: 2.9329  decode.d0.loss_mask: 1.3468  decode.d0.loss_dice: 1.5346  decode.d1.loss_cls: 0.1747  decode.d1.loss_mask: 1.3544  decode.d1.loss_dice: 1.4111  decode.d2.loss_cls: 0.1231  decode.d2.loss_mask: 1.3520  decode.d2.loss_dice: 1.4240  decode.d3.loss_cls: 0.1206  decode.d3.loss_mask: 1.3734  decode.d3.loss_dice: 1.4264  decode.d4.loss_cls: 0.0985  decode.d4.loss_mask: 1.3826  decode.d4.loss_dice: 1.4139  decode.d5.loss_cls: 0.0881  decode.d5.loss_mask: 1.3964  decode.d5.loss_dice: 1.4245  decode.d6.loss_cls: 0.0813  decode.d6.loss_mask: 1.3943  decode.d6.loss_dice: 1.4188  decode.d7.loss_cls: 0.0867  decode.d7.loss_mask: 1.4130  decode.d7.loss_dice: 1.4265  decode.d8.loss_cls: 0.0901  decode.d8.loss_mask: 1.3971  decode.d8.loss_dice: 1.4448
2026/07/30 21:21:31 - mmengine - INFO - Iter(train) [ 1500/40000]  base_lr: 2.5017e-05 lr: 2.5017e-05  eta: 15:06:32  time: 2.0427  data_time: 0.0170  memory: 9084  grad_norm: 121.5244  loss: 32.1108  decode.loss_cls: 0.1328  decode.loss_mask: 1.3804  decode.loss_dice: 1.4170  decode.d0.loss_cls: 2.8175  decode.d0.loss_mask: 1.3741  decode.d0.loss_dice: 1.5445  decode.d1.loss_cls: 0.1956  decode.d1.loss_mask: 1.3602  decode.d1.loss_dice: 1.3907  decode.d2.loss_cls: 0.1548  decode.d2.loss_mask: 1.3766  decode.d2.loss_dice: 1.4124  decode.d3.loss_cls: 0.1245  decode.d3.loss_mask: 1.3859  decode.d3.loss_dice: 1.4400  decode.d4.loss_cls: 0.1420  decode.d4.loss_mask: 1.3883  decode.d4.loss_dice: 1.4289  decode.d5.loss_cls: 0.1421  decode.d5.loss_mask: 1.3672  decode.d5.loss_dice: 1.4173  decode.d6.loss_cls: 0.1361  decode.d6.loss_mask: 1.3623  decode.d6.loss_dice: 1.4055  decode.d7.loss_cls: 0.1378  decode.d7.loss_mask: 1.3615  decode.d7.loss_dice: 1.3983  decode.d8.loss_cls: 0.1331  decode.d8.loss_mask: 1.3781  decode.d8.loss_dice: 1.4053
2026/07/30 21:24:08 - mmengine - INFO - Iter(train) [ 1600/40000]  base_lr: 2.6682e-05 lr: 2.6682e-05  eta: 15:10:38  time: 1.0760  data_time: 0.0254  memory: 9084  grad_norm: 129.2537  loss: 30.4140  decode.loss_cls: 0.1226  decode.loss_mask: 1.2940  decode.loss_dice: 1.2985  decode.d0.loss_cls: 2.7172  decode.d0.loss_mask: 1.2906  decode.d0.loss_dice: 1.4707  decode.d1.loss_cls: 0.1586  decode.d1.loss_mask: 1.2914  decode.d1.loss_dice: 1.3831  decode.d2.loss_cls: 0.1196  decode.d2.loss_mask: 1.3143  decode.d2.loss_dice: 1.3668  decode.d3.loss_cls: 0.1091  decode.d3.loss_mask: 1.3182  decode.d3.loss_dice: 1.3492  decode.d4.loss_cls: 0.1109  decode.d4.loss_mask: 1.2914  decode.d4.loss_dice: 1.3391  decode.d5.loss_cls: 0.1078  decode.d5.loss_mask: 1.3334  decode.d5.loss_dice: 1.3520  decode.d6.loss_cls: 0.1312  decode.d6.loss_mask: 1.2967  decode.d6.loss_dice: 1.3269  decode.d7.loss_cls: 0.1090  decode.d7.loss_mask: 1.3151  decode.d7.loss_dice: 1.3780  decode.d8.loss_cls: 0.1142  decode.d8.loss_mask: 1.2905  decode.d8.loss_dice: 1.3141
2026/07/30 21:25:50 - mmengine - INFO - Iter(train) [ 1700/40000]  base_lr: 2.8348e-05 lr: 2.8348e-05  eta: 14:53:00  time: 0.9892  data_time: 0.0281  memory: 9084  grad_norm: 115.7086  loss: 33.0717  decode.loss_cls: 0.1065  decode.loss_mask: 1.4581  decode.loss_dice: 1.4732  decode.d0.loss_cls: 2.5312  decode.d0.loss_mask: 1.4162  decode.d0.loss_dice: 1.6238  decode.d1.loss_cls: 0.1333  decode.d1.loss_mask: 1.4981  decode.d1.loss_dice: 1.5463  decode.d2.loss_cls: 0.1083  decode.d2.loss_mask: 1.4741  decode.d2.loss_dice: 1.5100  decode.d3.loss_cls: 0.1191  decode.d3.loss_mask: 1.4537  decode.d3.loss_dice: 1.4781  decode.d4.loss_cls: 0.1179  decode.d4.loss_mask: 1.4321  decode.d4.loss_dice: 1.4713  decode.d5.loss_cls: 0.1105  decode.d5.loss_mask: 1.4718  decode.d5.loss_dice: 1.4769  decode.d6.loss_cls: 0.1115  decode.d6.loss_mask: 1.4448  decode.d6.loss_dice: 1.4853  decode.d7.loss_cls: 0.1218  decode.d7.loss_mask: 1.4237  decode.d7.loss_dice: 1.4477  decode.d8.loss_cls: 0.0974  decode.d8.loss_mask: 1.4720  decode.d8.loss_dice: 1.4569
2026/07/30 21:27:32 - mmengine - INFO - Iter(train) [ 1800/40000]  base_lr: 3.0013e-05 lr: 3.0013e-05  eta: 14:37:25  time: 0.9532  data_time: 0.0224  memory: 9084  grad_norm: 144.8575  loss: 35.9020  decode.loss_cls: 0.1867  decode.loss_mask: 1.5938  decode.loss_dice: 1.5407  decode.d0.loss_cls: 2.4075  decode.d0.loss_mask: 1.5942  decode.d0.loss_dice: 1.6274  decode.d1.loss_cls: 0.1850  decode.d1.loss_mask: 1.6548  decode.d1.loss_dice: 1.5645  decode.d2.loss_cls: 0.1721  decode.d2.loss_mask: 1.6352  decode.d2.loss_dice: 1.5592  decode.d3.loss_cls: 0.1745  decode.d3.loss_mask: 1.6367  decode.d3.loss_dice: 1.5661  decode.d4.loss_cls: 0.1791  decode.d4.loss_mask: 1.6657  decode.d4.loss_dice: 1.5361  decode.d5.loss_cls: 0.1873  decode.d5.loss_mask: 1.6398  decode.d5.loss_dice: 1.5199  decode.d6.loss_cls: 0.1873  decode.d6.loss_mask: 1.6496  decode.d6.loss_dice: 1.5284  decode.d7.loss_cls: 0.1723  decode.d7.loss_mask: 1.6580  decode.d7.loss_dice: 1.5127  decode.d8.loss_cls: 0.1881  decode.d8.loss_mask: 1.6207  decode.d8.loss_dice: 1.5586
2026/07/30 21:29:48 - mmengine - INFO - Iter(train) [ 1900/40000]  base_lr: 3.1679e-05 lr: 3.1679e-05  eta: 14:34:29  time: 2.0332  data_time: 0.0173  memory: 9076  grad_norm: 125.3203  loss: 32.7670  decode.loss_cls: 0.0922  decode.loss_mask: 1.5230  decode.loss_dice: 1.4296  decode.d0.loss_cls: 2.2394  decode.d0.loss_mask: 1.4870  decode.d0.loss_dice: 1.5139  decode.d1.loss_cls: 0.1215  decode.d1.loss_mask: 1.5283  decode.d1.loss_dice: 1.4720  decode.d2.loss_cls: 0.1139  decode.d2.loss_mask: 1.5071  decode.d2.loss_dice: 1.4362  decode.d3.loss_cls: 0.0975  decode.d3.loss_mask: 1.5058  decode.d3.loss_dice: 1.4420  decode.d4.loss_cls: 0.1100  decode.d4.loss_mask: 1.4998  decode.d4.loss_dice: 1.4229  decode.d5.loss_cls: 0.1022  decode.d5.loss_mask: 1.5078  decode.d5.loss_dice: 1.4334  decode.d6.loss_cls: 0.1072  decode.d6.loss_mask: 1.5066  decode.d6.loss_dice: 1.4545  decode.d7.loss_cls: 0.0866  decode.d7.loss_mask: 1.5180  decode.d7.loss_dice: 1.4550  decode.d8.loss_cls: 0.0809  decode.d8.loss_mask: 1.5305  decode.d8.loss_dice: 1.4421
2026/07/30 21:31:53 - mmengine - INFO - Exp name: dinov3_m2f_gram_4999_20260730_204508
2026/07/30 21:31:53 - mmengine - INFO - Iter(train) [ 2000/40000]  base_lr: 3.3344e-05 lr: 3.3344e-05  eta: 14:27:57  time: 1.4581  data_time: 0.0379  memory: 9084  grad_norm: 94.9563  loss: 30.2441  decode.loss_cls: 0.1104  decode.loss_mask: 1.4221  decode.loss_dice: 1.2924  decode.d0.loss_cls: 1.9936  decode.d0.loss_mask: 1.4225  decode.d0.loss_dice: 1.3336  decode.d1.loss_cls: 0.1254  decode.d1.loss_mask: 1.3979  decode.d1.loss_dice: 1.3444  decode.d2.loss_cls: 0.1112  decode.d2.loss_mask: 1.4090  decode.d2.loss_dice: 1.2910  decode.d3.loss_cls: 0.1163  decode.d3.loss_mask: 1.3977  decode.d3.loss_dice: 1.2919  decode.d4.loss_cls: 0.1174  decode.d4.loss_mask: 1.4150  decode.d4.loss_dice: 1.2874  decode.d5.loss_cls: 0.1036  decode.d5.loss_mask: 1.4231  decode.d5.loss_dice: 1.3000  decode.d6.loss_cls: 0.1224  decode.d6.loss_mask: 1.3997  decode.d6.loss_dice: 1.3066  decode.d7.loss_cls: 0.1074  decode.d7.loss_mask: 1.4492  decode.d7.loss_dice: 1.3138  decode.d8.loss_cls: 0.1070  decode.d8.loss_mask: 1.4360  decode.d8.loss_dice: 1.2961
2026/07/30 21:31:53 - mmengine - INFO - Saving checkpoint at 2000 iterations
2026/07/30 21:32:37 - mmengine - INFO - Iter(val) [100/504]    eta: 0:01:30  time: 0.2094  data_time: 0.0079  memory: 3098  
2026/07/30 21:32:58 - mmengine - INFO - Iter(val) [200/504]    eta: 0:01:05  time: 0.2127  data_time: 0.0085  memory: 3098  
2026/07/30 21:33:19 - mmengine - INFO - Iter(val) [300/504]    eta: 0:00:43  time: 0.2105  data_time: 0.0073  memory: 3098  
2026/07/30 21:33:43 - mmengine - INFO - Iter(val) [400/504]    eta: 0:00:22  time: 0.2740  data_time: 0.0260  memory: 3098  
2026/07/30 21:34:08 - mmengine - INFO - Iter(val) [500/504]    eta: 0:00:00  time: 0.2771  data_time: 0.0208  memory: 3098  
2026/07/30 21:35:10 - mmengine - INFO - per class results:
2026/07/30 21:35:10 - mmengine - INFO - 
+--------------------+-------+-------+--------+-----------+--------+
|       Class        |  IoU  |  Acc  | Fscore | Precision | Recall |
+--------------------+-------+-------+--------+-----------+--------+
| impervious_surface |  86.1 | 92.47 | 92.53  |   92.58   | 92.47  |
|      building      | 92.75 | 98.22 | 96.24  |   94.34   | 98.22  |
|   low_vegetation   | 80.04 | 90.75 | 88.91  |   87.15   | 90.75  |
|        tree        | 80.68 | 86.05 | 89.31  |   92.82   | 86.05  |
|        car         | 88.78 | 92.67 | 94.06  |   95.48   | 92.67  |
+--------------------+-------+-------+--------+-----------+--------+
2026/07/30 21:35:10 - mmengine - INFO - Iter(val) [504/504]    aAcc: 91.3100  mIoU: 85.6700  mAcc: 92.0300  mFscore: 92.2100  mPrecision: 92.4800  mRecall: 92.0300  data_time: 0.0130  time: 0.2269
2026/07/30 21:35:24 - mmengine - INFO - The best checkpoint with 85.6700 mIoU at 2000 iter is saved to best_mIoU_iter_2000.pth.
2026/07/30 21:39:11 - mmengine - INFO - Iter(train) [ 2100/40000]  base_lr: 3.5010e-05 lr: 3.5010e-05  eta: 15:15:28  time: 2.2374  data_time: 0.0265  memory: 9084  grad_norm: 103.6785  loss: 34.1921  decode.loss_cls: 0.0474  decode.loss_mask: 1.5878  decode.loss_dice: 1.6109  decode.d0.loss_cls: 1.8159  decode.d0.loss_mask: 1.6037  decode.d0.loss_dice: 1.5881  decode.d1.loss_cls: 0.0720  decode.d1.loss_mask: 1.5984  decode.d1.loss_dice: 1.6357  decode.d2.loss_cls: 0.0614  decode.d2.loss_mask: 1.5818  decode.d2.loss_dice: 1.6219  decode.d3.loss_cls: 0.0585  decode.d3.loss_mask: 1.5765  decode.d3.loss_dice: 1.5961  decode.d4.loss_cls: 0.0526  decode.d4.loss_mask: 1.5666  decode.d4.loss_dice: 1.5869  decode.d5.loss_cls: 0.0539  decode.d5.loss_mask: 1.5903  decode.d5.loss_dice: 1.6034  decode.d6.loss_cls: 0.0530  decode.d6.loss_mask: 1.5822  decode.d6.loss_dice: 1.5944  decode.d7.loss_cls: 0.0546  decode.d7.loss_mask: 1.5713  decode.d7.loss_dice: 1.6025  decode.d8.loss_cls: 0.0566  decode.d8.loss_mask: 1.5727  decode.d8.loss_dice: 1.5951
2026/07/30 21:42:35 - mmengine - INFO - Iter(train) [ 2200/40000]  base_lr: 3.6676e-05 lr: 3.6676e-05  eta: 15:29:45  time: 1.5166  data_time: 0.0375  memory: 9076  grad_norm: 114.3434  loss: 33.3270  decode.loss_cls: 0.1146  decode.loss_mask: 1.4752  decode.loss_dice: 1.5458  decode.d0.loss_cls: 1.7017  decode.d0.loss_mask: 1.5013  decode.d0.loss_dice: 1.6740  decode.d1.loss_cls: 0.1272  decode.d1.loss_mask: 1.4778  decode.d1.loss_dice: 1.5682  decode.d2.loss_cls: 0.1363  decode.d2.loss_mask: 1.4558  decode.d2.loss_dice: 1.5360  decode.d3.loss_cls: 0.1272  decode.d3.loss_mask: 1.4711  decode.d3.loss_dice: 1.5313  decode.d4.loss_cls: 0.1267  decode.d4.loss_mask: 1.4739  decode.d4.loss_dice: 1.5484  decode.d5.loss_cls: 0.1186  decode.d5.loss_mask: 1.4890  decode.d5.loss_dice: 1.5444  decode.d6.loss_cls: 0.1151  decode.d6.loss_mask: 1.5188  decode.d6.loss_dice: 1.5652  decode.d7.loss_cls: 0.0934  decode.d7.loss_mask: 1.5289  decode.d7.loss_dice: 1.5987  decode.d8.loss_cls: 0.1093  decode.d8.loss_mask: 1.5032  decode.d8.loss_dice: 1.5499
2026/07/30 21:44:17 - mmengine - INFO - Iter(train) [ 2300/40000]  base_lr: 3.8341e-05 lr: 3.8341e-05  eta: 15:14:51  time: 0.9063  data_time: 0.0560  memory: 9084  grad_norm: 167.6090  loss: 36.4007  decode.loss_cls: 0.2651  decode.loss_mask: 1.6001  decode.loss_dice: 1.6112  decode.d0.loss_cls: 1.6699  decode.d0.loss_mask: 1.5803  decode.d0.loss_dice: 1.6791  decode.d1.loss_cls: 0.2860  decode.d1.loss_mask: 1.5876  decode.d1.loss_dice: 1.6097  decode.d2.loss_cls: 0.3096  decode.d2.loss_mask: 1.5799  decode.d2.loss_dice: 1.5309  decode.d3.loss_cls: 0.2773  decode.d3.loss_mask: 1.5780  decode.d3.loss_dice: 1.5716  decode.d4.loss_cls: 0.2853  decode.d4.loss_mask: 1.6344  decode.d4.loss_dice: 1.6141  decode.d5.loss_cls: 0.2848  decode.d5.loss_mask: 1.6149  decode.d5.loss_dice: 1.6285  decode.d6.loss_cls: 0.2871  decode.d6.loss_mask: 1.6376  decode.d6.loss_dice: 1.6113  decode.d7.loss_cls: 0.2890  decode.d7.loss_mask: 1.6398  decode.d7.loss_dice: 1.6319  decode.d8.loss_cls: 0.2689  decode.d8.loss_mask: 1.6510  decode.d8.loss_dice: 1.5860
2026/07/30 21:46:06 - mmengine - INFO - Iter(train) [ 2400/40000]  base_lr: 4.0007e-05 lr: 4.0007e-05  eta: 15:02:49  time: 1.4437  data_time: 0.0338  memory: 9084  grad_norm: 125.6168  loss: 31.9855  decode.loss_cls: 0.1276  decode.loss_mask: 1.4709  decode.loss_dice: 1.4785  decode.d0.loss_cls: 1.4359  decode.d0.loss_mask: 1.4658  decode.d0.loss_dice: 1.4995  decode.d1.loss_cls: 0.1410  decode.d1.loss_mask: 1.4441  decode.d1.loss_dice: 1.5234  decode.d2.loss_cls: 0.1363  decode.d2.loss_mask: 1.4412  decode.d2.loss_dice: 1.4630  decode.d3.loss_cls: 0.1424  decode.d3.loss_mask: 1.4364  decode.d3.loss_dice: 1.4556  decode.d4.loss_cls: 0.1368  decode.d4.loss_mask: 1.4455  decode.d4.loss_dice: 1.4869  decode.d5.loss_cls: 0.1256  decode.d5.loss_mask: 1.4476  decode.d5.loss_dice: 1.4821  decode.d6.loss_cls: 0.1599  decode.d6.loss_mask: 1.4384  decode.d6.loss_dice: 1.4781  decode.d7.loss_cls: 0.1391  decode.d7.loss_mask: 1.4451  decode.d7.loss_dice: 1.4926  decode.d8.loss_cls: 0.1259  decode.d8.loss_mask: 1.4543  decode.d8.loss_dice: 1.4660
2026/07/30 21:47:53 - mmengine - INFO - Iter(train) [ 2500/40000]  base_lr: 4.1672e-05 lr: 4.1672e-05  eta: 14:51:18  time: 2.0008  data_time: 0.0347  memory: 9084  grad_norm: 109.0187  loss: 34.1783  decode.loss_cls: 0.0414  decode.loss_mask: 1.5567  decode.loss_dice: 1.6813  decode.d0.loss_cls: 1.1912  decode.d0.loss_mask: 1.5840  decode.d0.loss_dice: 1.7576  decode.d1.loss_cls: 0.0650  decode.d1.loss_mask: 1.5756  decode.d1.loss_dice: 1.6768  decode.d2.loss_cls: 0.0410  decode.d2.loss_mask: 1.5816  decode.d2.loss_dice: 1.6800  decode.d3.loss_cls: 0.0479  decode.d3.loss_mask: 1.5689  decode.d3.loss_dice: 1.6716  decode.d4.loss_cls: 0.0398  decode.d4.loss_mask: 1.5853  decode.d4.loss_dice: 1.6519  decode.d5.loss_cls: 0.0506  decode.d5.loss_mask: 1.5647  decode.d5.loss_dice: 1.7003  decode.d6.loss_cls: 0.0557  decode.d6.loss_mask: 1.5487  decode.d6.loss_dice: 1.6863  decode.d7.loss_cls: 0.0409  decode.d7.loss_mask: 1.5669  decode.d7.loss_dice: 1.6891  decode.d8.loss_cls: 0.0472  decode.d8.loss_mask: 1.5600  decode.d8.loss_dice: 1.6704
2026/07/30 21:50:17 - mmengine - INFO - Iter(train) [ 2600/40000]  base_lr: 4.3338e-05 lr: 4.3338e-05  eta: 14:49:14  time: 2.3162  data_time: 0.4260  memory: 9084  grad_norm: 128.4841  loss: 29.4239  decode.loss_cls: 0.1873  decode.loss_mask: 1.4721  decode.loss_dice: 1.2247  decode.d0.loss_cls: 1.1608  decode.d0.loss_mask: 1.3926  decode.d0.loss_dice: 1.2749  decode.d1.loss_cls: 0.2002  decode.d1.loss_mask: 1.4315  decode.d1.loss_dice: 1.2299  decode.d2.loss_cls: 0.1908  decode.d2.loss_mask: 1.4589  decode.d2.loss_dice: 1.2139  decode.d3.loss_cls: 0.1836  decode.d3.loss_mask: 1.4477  decode.d3.loss_dice: 1.2144  decode.d4.loss_cls: 0.1771  decode.d4.loss_mask: 1.4496  decode.d4.loss_dice: 1.1845  decode.d5.loss_cls: 0.1885  decode.d5.loss_mask: 1.4689  decode.d5.loss_dice: 1.2194  decode.d6.loss_cls: 0.1800  decode.d6.loss_mask: 1.4599  decode.d6.loss_dice: 1.1859  decode.d7.loss_cls: 0.2036  decode.d7.loss_mask: 1.4127  decode.d7.loss_dice: 1.1816  decode.d8.loss_cls: 0.1977  decode.d8.loss_mask: 1.4365  decode.d8.loss_dice: 1.1949
2026/07/30 21:53:40 - mmengine - INFO - Iter(train) [ 2700/40000]  base_lr: 4.5003e-05 lr: 4.5003e-05  eta: 15:00:51  time: 2.2074  data_time: 0.0286  memory: 9076  grad_norm: 125.7094  loss: 34.8384  decode.loss_cls: 0.1569  decode.loss_mask: 1.6489  decode.loss_dice: 1.5229  decode.d0.loss_cls: 1.0366  decode.d0.loss_mask: 1.6559  decode.d0.loss_dice: 1.6375  decode.d1.loss_cls: 0.1401  decode.d1.loss_mask: 1.6499  decode.d1.loss_dice: 1.5669  decode.d2.loss_cls: 0.1379  decode.d2.loss_mask: 1.7114  decode.d2.loss_dice: 1.6009  decode.d3.loss_cls: 0.1269  decode.d3.loss_mask: 1.6958  decode.d3.loss_dice: 1.5704  decode.d4.loss_cls: 0.1373  decode.d4.loss_mask: 1.7145  decode.d4.loss_dice: 1.5579  decode.d5.loss_cls: 0.1639  decode.d5.loss_mask: 1.6734  decode.d5.loss_dice: 1.5911  decode.d6.loss_cls: 0.1862  decode.d6.loss_mask: 1.6633  decode.d6.loss_dice: 1.5090  decode.d7.loss_cls: 0.1665  decode.d7.loss_mask: 1.6913  decode.d7.loss_dice: 1.5472  decode.d8.loss_cls: 0.1587  decode.d8.loss_mask: 1.6650  decode.d8.loss_dice: 1.5541
2026/07/30 21:57:01 - mmengine - INFO - Iter(train) [ 2800/40000]  base_lr: 4.6669e-05 lr: 4.6669e-05  eta: 15:10:41  time: 1.4286  data_time: 0.0330  memory: 9084  grad_norm: 90.5991  loss: 31.0836  decode.loss_cls: 0.0585  decode.loss_mask: 1.5592  decode.loss_dice: 1.3978  decode.d0.loss_cls: 0.8150  decode.d0.loss_mask: 1.5155  decode.d0.loss_dice: 1.4858  decode.d1.loss_cls: 0.0519  decode.d1.loss_mask: 1.5970  decode.d1.loss_dice: 1.4382  decode.d2.loss_cls: 0.0598  decode.d2.loss_mask: 1.5767  decode.d2.loss_dice: 1.4283  decode.d3.loss_cls: 0.0563  decode.d3.loss_mask: 1.5599  decode.d3.loss_dice: 1.4083  decode.d4.loss_cls: 0.0633  decode.d4.loss_mask: 1.5494  decode.d4.loss_dice: 1.4096  decode.d5.loss_cls: 0.0548  decode.d5.loss_mask: 1.5662  decode.d5.loss_dice: 1.4154  decode.d6.loss_cls: 0.0718  decode.d6.loss_mask: 1.5465  decode.d6.loss_dice: 1.3877  decode.d7.loss_cls: 0.0683  decode.d7.loss_mask: 1.5590  decode.d7.loss_dice: 1.3883  decode.d8.loss_cls: 0.0658  decode.d8.loss_mask: 1.5444  decode.d8.loss_dice: 1.3852
2026/07/30 22:00:30 - mmengine - INFO - Iter(train) [ 2900/40000]  base_lr: 4.8334e-05 lr: 4.8334e-05  eta: 15:21:27  time: 2.0592  data_time: 0.0213  memory: 9084  grad_norm: 73.9420  loss: 19.5147  decode.loss_cls: 0.0534  decode.loss_mask: 0.8309  decode.loss_dice: 1.0017  decode.d0.loss_cls: 0.6887  decode.d0.loss_mask: 0.8231  decode.d0.loss_dice: 1.0828  decode.d1.loss_cls: 0.0813  decode.d1.loss_mask: 0.8132  decode.d1.loss_dice: 0.9798  decode.d2.loss_cls: 0.0667  decode.d2.loss_mask: 0.8118  decode.d2.loss_dice: 0.9815  decode.d3.loss_cls: 0.0686  decode.d3.loss_mask: 0.8136  decode.d3.loss_dice: 0.9853  decode.d4.loss_cls: 0.0617  decode.d4.loss_mask: 0.8110  decode.d4.loss_dice: 1.0029  decode.d5.loss_cls: 0.0676  decode.d5.loss_mask: 0.8297  decode.d5.loss_dice: 0.9973  decode.d6.loss_cls: 0.0753  decode.d6.loss_mask: 0.8172  decode.d6.loss_dice: 0.9855  decode.d7.loss_cls: 0.0739  decode.d7.loss_mask: 0.8305  decode.d7.loss_dice: 0.9800  decode.d8.loss_cls: 0.0696  decode.d8.loss_mask: 0.8272  decode.d8.loss_dice: 1.0027
2026/07/30 22:03:36 - mmengine - INFO - Exp name: dinov3_m2f_gram_4999_20260730_204508
2026/07/30 22:03:36 - mmengine - INFO - Iter(train) [ 3000/40000]  base_lr: 5.0000e-05 lr: 5.0000e-05  eta: 15:26:36  time: 2.0485  data_time: 0.0194  memory: 9084  grad_norm: 123.1355  loss: 32.1784  decode.loss_cls: 0.1593  decode.loss_mask: 1.5937  decode.loss_dice: 1.3948  decode.d0.loss_cls: 0.7008  decode.d0.loss_mask: 1.6791  decode.d0.loss_dice: 1.4892  decode.d1.loss_cls: 0.1465  decode.d1.loss_mask: 1.6405  decode.d1.loss_dice: 1.4254  decode.d2.loss_cls: 0.1541  decode.d2.loss_mask: 1.5781  decode.d2.loss_dice: 1.3749  decode.d3.loss_cls: 0.1802  decode.d3.loss_mask: 1.5610  decode.d3.loss_dice: 1.3820  decode.d4.loss_cls: 0.1507  decode.d4.loss_mask: 1.5902  decode.d4.loss_dice: 1.4101  decode.d5.loss_cls: 0.1586  decode.d5.loss_mask: 1.5914  decode.d5.loss_dice: 1.3948  decode.d6.loss_cls: 0.1682  decode.d6.loss_mask: 1.5682  decode.d6.loss_dice: 1.3701  decode.d7.loss_cls: 0.1401  decode.d7.loss_mask: 1.6229  decode.d7.loss_dice: 1.4104  decode.d8.loss_cls: 0.1627  decode.d8.loss_mask: 1.5864  decode.d8.loss_dice: 1.3940
2026/07/30 22:06:59 - mmengine - INFO - Iter(train) [ 3100/40000]  base_lr: 4.9880e-05 lr: 4.9880e-05  eta: 15:34:35  time: 1.9974  data_time: 0.0154  memory: 9076  grad_norm: 73.0106  loss: 24.3726  decode.loss_cls: 0.0730  decode.loss_mask: 1.1110  decode.loss_dice: 1.1991  decode.d0.loss_cls: 0.5678  decode.d0.loss_mask: 1.0659  decode.d0.loss_dice: 1.2531  decode.d1.loss_cls: 0.0857  decode.d1.loss_mask: 1.1174  decode.d1.loss_dice: 1.2320  decode.d2.loss_cls: 0.1017  decode.d2.loss_mask: 1.0971  decode.d2.loss_dice: 1.2049  decode.d3.loss_cls: 0.0884  decode.d3.loss_mask: 1.0981  decode.d3.loss_dice: 1.2078  decode.d4.loss_cls: 0.0889  decode.d4.loss_mask: 1.0871  decode.d4.loss_dice: 1.2053  decode.d5.loss_cls: 0.0825  decode.d5.loss_mask: 1.1059  decode.d5.loss_dice: 1.1951  decode.d6.loss_cls: 0.0825  decode.d6.loss_mask: 1.0815  decode.d6.loss_dice: 1.1922  decode.d7.loss_cls: 0.0869  decode.d7.loss_mask: 1.1018  decode.d7.loss_dice: 1.1802  decode.d8.loss_cls: 0.0684  decode.d8.loss_mask: 1.1090  decode.d8.loss_dice: 1.2021
2026/07/30 22:08:41 - mmengine - INFO - Iter(train) [ 3200/40000]  base_lr: 4.9758e-05 lr: 4.9758e-05  eta: 15:22:36  time: 1.1007  data_time: 0.0195  memory: 9084  grad_norm: 93.1776  loss: 28.9853  decode.loss_cls: 0.0679  decode.loss_mask: 1.5493  decode.loss_dice: 1.2466  decode.d0.loss_cls: 0.4947  decode.d0.loss_mask: 1.5623  decode.d0.loss_dice: 1.3072  decode.d1.loss_cls: 0.0796  decode.d1.loss_mask: 1.5416  decode.d1.loss_dice: 1.2110  decode.d2.loss_cls: 0.0707  decode.d2.loss_mask: 1.5283  decode.d2.loss_dice: 1.2240  decode.d3.loss_cls: 0.0648  decode.d3.loss_mask: 1.5399  decode.d3.loss_dice: 1.2299  decode.d4.loss_cls: 0.0690  decode.d4.loss_mask: 1.5480  decode.d4.loss_dice: 1.2226  decode.d5.loss_cls: 0.0701  decode.d5.loss_mask: 1.5341  decode.d5.loss_dice: 1.2320  decode.d6.loss_cls: 0.0695  decode.d6.loss_mask: 1.5510  decode.d6.loss_dice: 1.2273  decode.d7.loss_cls: 0.0665  decode.d7.loss_mask: 1.5482  decode.d7.loss_dice: 1.2583  decode.d8.loss_cls: 0.0668  decode.d8.loss_mask: 1.5514  decode.d8.loss_dice: 1.2530
2026/07/30 22:10:21 - mmengine - INFO - Iter(train) [ 3300/40000]  base_lr: 4.9636e-05 lr: 4.9636e-05  eta: 15:10:35  time: 0.9562  data_time: 0.0219  memory: 9084  grad_norm: 80.0457  loss: 24.5346  decode.loss_cls: 0.0772  decode.loss_mask: 1.1310  decode.loss_dice: 1.2144  decode.d0.loss_cls: 0.4690  decode.d0.loss_mask: 1.1654  decode.d0.loss_dice: 1.2422  decode.d1.loss_cls: 0.0718  decode.d1.loss_mask: 1.1364  decode.d1.loss_dice: 1.1840  decode.d2.loss_cls: 0.0562  decode.d2.loss_mask: 1.1398  decode.d2.loss_dice: 1.1945  decode.d3.loss_cls: 0.0528  decode.d3.loss_mask: 1.1466  decode.d3.loss_dice: 1.2185  decode.d4.loss_cls: 0.0479  decode.d4.loss_mask: 1.1474  decode.d4.loss_dice: 1.1932  decode.d5.loss_cls: 0.0466  decode.d5.loss_mask: 1.1473  decode.d5.loss_dice: 1.2017  decode.d6.loss_cls: 0.0734  decode.d6.loss_mask: 1.1344  decode.d6.loss_dice: 1.2141  decode.d7.loss_cls: 0.0617  decode.d7.loss_mask: 1.1332  decode.d7.loss_dice: 1.2245  decode.d8.loss_cls: 0.0751  decode.d8.loss_mask: 1.1308  decode.d8.loss_dice: 1.2035
2026/07/30 22:13:20 - mmengine - INFO - Iter(train) [ 3400/40000]  base_lr: 4.9514e-05 lr: 4.9514e-05  eta: 15:13:36  time: 2.0380  data_time: 0.0163  memory: 9084  grad_norm: 65.6271  loss: 30.2667  decode.loss_cls: 0.0637  decode.loss_mask: 1.4801  decode.loss_dice: 1.4426  decode.d0.loss_cls: 0.3600  decode.d0.loss_mask: 1.4921  decode.d0.loss_dice: 1.4650  decode.d1.loss_cls: 0.0670  decode.d1.loss_mask: 1.4684  decode.d1.loss_dice: 1.4625  decode.d2.loss_cls: 0.0649  decode.d2.loss_mask: 1.4612  decode.d2.loss_dice: 1.4575  decode.d3.loss_cls: 0.0581  decode.d3.loss_mask: 1.4707  decode.d3.loss_dice: 1.4680  decode.d4.loss_cls: 0.0556  decode.d4.loss_mask: 1.4738  decode.d4.loss_dice: 1.4629  decode.d5.loss_cls: 0.0648  decode.d5.loss_mask: 1.4763  decode.d5.loss_dice: 1.4599  decode.d6.loss_cls: 0.0634  decode.d6.loss_mask: 1.4807  decode.d6.loss_dice: 1.4560  decode.d7.loss_cls: 0.0651  decode.d7.loss_mask: 1.4890  decode.d7.loss_dice: 1.4497  decode.d8.loss_cls: 0.0673  decode.d8.loss_mask: 1.4804  decode.d8.loss_dice: 1.4398
2026/07/30 22:16:12 - mmengine - INFO - Iter(train) [ 3500/40000]  base_lr: 4.9393e-05 lr: 4.9393e-05  eta: 15:14:58  time: 1.0001  data_time: 0.0219  memory: 9084  grad_norm: 110.9130  loss: 34.6724  decode.loss_cls: 0.0927  decode.loss_mask: 1.8923  decode.loss_dice: 1.5103  decode.d0.loss_cls: 0.4376  decode.d0.loss_mask: 1.8459  decode.d0.loss_dice: 1.4928  decode.d1.loss_cls: 0.1149  decode.d1.loss_mask: 1.8646  decode.d1.loss_dice: 1.4722  decode.d2.loss_cls: 0.1073  decode.d2.loss_mask: 1.8471  decode.d2.loss_dice: 1.4535  decode.d3.loss_cls: 0.0986  decode.d3.loss_mask: 1.8322  decode.d3.loss_dice: 1.5015  decode.d4.loss_cls: 0.1039  decode.d4.loss_mask: 1.8185  decode.d4.loss_dice: 1.4556  decode.d5.loss_cls: 0.1074  decode.d5.loss_mask: 1.8356  decode.d5.loss_dice: 1.4589  decode.d6.loss_cls: 0.0915  decode.d6.loss_mask: 1.8554  decode.d6.loss_dice: 1.4670  decode.d7.loss_cls: 0.0936  decode.d7.loss_mask: 1.8426  decode.d7.loss_dice: 1.5010  decode.d8.loss_cls: 0.0879  decode.d8.loss_mask: 1.8744  decode.d8.loss_dice: 1.5156
2026/07/30 22:18:31 - mmengine - INFO - Iter(train) [ 3600/40000]  base_lr: 4.9271e-05 lr: 4.9271e-05  eta: 15:10:34  time: 2.0556  data_time: 0.0166  memory: 9076  grad_norm: 84.4595  loss: 28.9817  decode.loss_cls: 0.0729  decode.loss_mask: 1.4573  decode.loss_dice: 1.3556  decode.d0.loss_cls: 0.3466  decode.d0.loss_mask: 1.4970  decode.d0.loss_dice: 1.4169  decode.d1.loss_cls: 0.0851  decode.d1.loss_mask: 1.4423  decode.d1.loss_dice: 1.3215  decode.d2.loss_cls: 0.0761  decode.d2.loss_mask: 1.4546  decode.d2.loss_dice: 1.3319  decode.d3.loss_cls: 0.0864  decode.d3.loss_mask: 1.4511  decode.d3.loss_dice: 1.3124  decode.d4.loss_cls: 0.0626  decode.d4.loss_mask: 1.4514  decode.d4.loss_dice: 1.3511  decode.d5.loss_cls: 0.0668  decode.d5.loss_mask: 1.4368  decode.d5.loss_dice: 1.3444  decode.d6.loss_cls: 0.0782  decode.d6.loss_mask: 1.4428  decode.d6.loss_dice: 1.3256  decode.d7.loss_cls: 0.0723  decode.d7.loss_mask: 1.4522  decode.d7.loss_dice: 1.3370  decode.d8.loss_cls: 0.0722  decode.d8.loss_mask: 1.4462  decode.d8.loss_dice: 1.3345
2026/07/30 22:21:55 - mmengine - INFO - Iter(train) [ 3700/40000]  base_lr: 4.9149e-05 lr: 4.9149e-05  eta: 15:16:49  time: 2.0691  data_time: 0.0175  memory: 9084  grad_norm: 65.6729  loss: 29.0262  decode.loss_cls: 0.0247  decode.loss_mask: 1.4372  decode.loss_dice: 1.4146  decode.d0.loss_cls: 0.2622  decode.d0.loss_mask: 1.4632  decode.d0.loss_dice: 1.4299  decode.d1.loss_cls: 0.0282  decode.d1.loss_mask: 1.4374  decode.d1.loss_dice: 1.4218  decode.d2.loss_cls: 0.0272  decode.d2.loss_mask: 1.4399  decode.d2.loss_dice: 1.4112  decode.d3.loss_cls: 0.0250  decode.d3.loss_mask: 1.4397  decode.d3.loss_dice: 1.4041  decode.d4.loss_cls: 0.0244  decode.d4.loss_mask: 1.4263  decode.d4.loss_dice: 1.4139  decode.d5.loss_cls: 0.0262  decode.d5.loss_mask: 1.4216  decode.d5.loss_dice: 1.4182  decode.d6.loss_cls: 0.0334  decode.d6.loss_mask: 1.4274  decode.d6.loss_dice: 1.4221  decode.d7.loss_cls: 0.0338  decode.d7.loss_mask: 1.4194  decode.d7.loss_dice: 1.4207  decode.d8.loss_cls: 0.0255  decode.d8.loss_mask: 1.4253  decode.d8.loss_dice: 1.4217
2026/07/30 22:24:47 - mmengine - INFO - Iter(train) [ 3800/40000]  base_lr: 4.9027e-05 lr: 4.9027e-05  eta: 15:17:31  time: 0.9935  data_time: 0.0282  memory: 9084  grad_norm: 93.4505  loss: 32.8375  decode.loss_cls: 0.1080  decode.loss_mask: 1.5373  decode.loss_dice: 1.6303  decode.d0.loss_cls: 0.2865  decode.d0.loss_mask: 1.5876  decode.d0.loss_dice: 1.6908  decode.d1.loss_cls: 0.1017  decode.d1.loss_mask: 1.5489  decode.d1.loss_dice: 1.6166  decode.d2.loss_cls: 0.1195  decode.d2.loss_mask: 1.5282  decode.d2.loss_dice: 1.6275  decode.d3.loss_cls: 0.1113  decode.d3.loss_mask: 1.5098  decode.d3.loss_dice: 1.6056  decode.d4.loss_cls: 0.0979  decode.d4.loss_mask: 1.5301  decode.d4.loss_dice: 1.6287  decode.d5.loss_cls: 0.0963  decode.d5.loss_mask: 1.5399  decode.d5.loss_dice: 1.6106  decode.d6.loss_cls: 0.0961  decode.d6.loss_mask: 1.5343  decode.d6.loss_dice: 1.6283  decode.d7.loss_cls: 0.1142  decode.d7.loss_mask: 1.5035  decode.d7.loss_dice: 1.6100  decode.d8.loss_cls: 0.1190  decode.d8.loss_mask: 1.5069  decode.d8.loss_dice: 1.6119
2026/07/30 22:26:26 - mmengine - INFO - Iter(train) [ 3900/40000]  base_lr: 4.8905e-05 lr: 4.8905e-05  eta: 15:06:53  time: 0.9942  data_time: 0.0262  memory: 9076  grad_norm: 69.2064  loss: 25.4783  decode.loss_cls: 0.0690  decode.loss_mask: 1.1702  decode.loss_dice: 1.2707  decode.d0.loss_cls: 0.2635  decode.d0.loss_mask: 1.1956  decode.d0.loss_dice: 1.3989  decode.d1.loss_cls: 0.0970  decode.d1.loss_mask: 1.1517  decode.d1.loss_dice: 1.3103  decode.d2.loss_cls: 0.0790  decode.d2.loss_mask: 1.1558  decode.d2.loss_dice: 1.2722  decode.d3.loss_cls: 0.0782  decode.d3.loss_mask: 1.1589  decode.d3.loss_dice: 1.2708  decode.d4.loss_cls: 0.0777  decode.d4.loss_mask: 1.1628  decode.d4.loss_dice: 1.2682  decode.d5.loss_cls: 0.0754  decode.d5.loss_mask: 1.1679  decode.d5.loss_dice: 1.2863  decode.d6.loss_cls: 0.0707  decode.d6.loss_mask: 1.1610  decode.d6.loss_dice: 1.2788  decode.d7.loss_cls: 0.0652  decode.d7.loss_mask: 1.1578  decode.d7.loss_dice: 1.2744  decode.d8.loss_cls: 0.0627  decode.d8.loss_mask: 1.1602  decode.d8.loss_dice: 1.2675
2026/07/30 22:28:28 - mmengine - INFO - Exp name: dinov3_m2f_gram_4999_20260730_204508
2026/07/30 22:28:28 - mmengine - INFO - Iter(train) [ 4000/40000]  base_lr: 4.8783e-05 lr: 4.8783e-05  eta: 15:00:02  time: 2.0765  data_time: 0.0166  memory: 9084  grad_norm: 98.3871  loss: 28.9432  decode.loss_cls: 0.2187  decode.loss_mask: 1.3409  decode.loss_dice: 1.3076  decode.d0.loss_cls: 0.4095  decode.d0.loss_mask: 1.3742  decode.d0.loss_dice: 1.4376  decode.d1.loss_cls: 0.2210  decode.d1.loss_mask: 1.3301  decode.d1.loss_dice: 1.3090  decode.d2.loss_cls: 0.2320  decode.d2.loss_mask: 1.3238  decode.d2.loss_dice: 1.2664  decode.d3.loss_cls: 0.2369  decode.d3.loss_mask: 1.3272  decode.d3.loss_dice: 1.2765  decode.d4.loss_cls: 0.2282  decode.d4.loss_mask: 1.3351  decode.d4.loss_dice: 1.3129  decode.d5.loss_cls: 0.2197  decode.d5.loss_mask: 1.3483  decode.d5.loss_dice: 1.3005  decode.d6.loss_cls: 0.2208  decode.d6.loss_mask: 1.3436  decode.d6.loss_dice: 1.3163  decode.d7.loss_cls: 0.2109  decode.d7.loss_mask: 1.3338  decode.d7.loss_dice: 1.3200  decode.d8.loss_cls: 0.2379  decode.d8.loss_mask: 1.3176  decode.d8.loss_dice: 1.2861
2026/07/30 22:28:28 - mmengine - INFO - Saving checkpoint at 4000 iterations
2026/07/30 22:29:09 - mmengine - INFO - Iter(val) [100/504]    eta: 0:01:28  time: 0.2098  data_time: 0.0081  memory: 3098  
2026/07/30 22:29:34 - mmengine - INFO - Iter(val) [200/504]    eta: 0:01:11  time: 0.2514  data_time: 0.0140  memory: 3098  
2026/07/30 22:29:58 - mmengine - INFO - Iter(val) [300/504]    eta: 0:00:48  time: 0.2113  data_time: 0.0090  memory: 3098  
2026/07/30 22:30:19 - mmengine - INFO - Iter(val) [400/504]    eta: 0:00:23  time: 0.2123  data_time: 0.0084  memory: 3098  
2026/07/30 22:30:40 - mmengine - INFO - Iter(val) [500/504]    eta: 0:00:00  time: 0.2106  data_time: 0.0078  memory: 3098  
2026/07/30 22:32:49 - mmengine - INFO - per class results:
2026/07/30 22:32:49 - mmengine - INFO - 
+--------------------+-------+-------+--------+-----------+--------+
|       Class        |  IoU  |  Acc  | Fscore | Precision | Recall |
+--------------------+-------+-------+--------+-----------+--------+
| impervious_surface | 81.91 | 95.81 | 90.06  |   84.96   | 95.81  |
|      building      | 94.11 | 97.91 | 96.97  |   96.04   | 97.91  |
|   low_vegetation   | 75.28 | 89.14 |  85.9  |   82.88   | 89.14  |
|        tree        | 75.35 | 77.33 | 85.94  |   96.71   | 77.33  |
|        car         | 88.43 | 90.98 | 93.86  |   96.92   | 90.98  |
+--------------------+-------+-------+--------+-----------+--------+
2026/07/30 22:32:49 - mmengine - INFO - Iter(val) [504/504]    aAcc: 89.1200  mIoU: 83.0200  mAcc: 90.2300  mFscore: 90.5400  mPrecision: 91.5000  mRecall: 90.2300  data_time: 0.0123  time: 0.2267
2026/07/30 22:34:31 - mmengine - INFO - Iter(train) [ 4100/40000]  base_lr: 4.8661e-05 lr: 4.8661e-05  eta: 15:09:12  time: 1.3847  data_time: 0.0284  memory: 9084  grad_norm: 67.5153  loss: 24.6267  decode.loss_cls: 0.0651  decode.loss_mask: 1.2352  decode.loss_dice: 1.1395  decode.d0.loss_cls: 0.2280  decode.d0.loss_mask: 1.2391  decode.d0.loss_dice: 1.1700  decode.d1.loss_cls: 0.0687  decode.d1.loss_mask: 1.2320  decode.d1.loss_dice: 1.1365  decode.d2.loss_cls: 0.0650  decode.d2.loss_mask: 1.2428  decode.d2.loss_dice: 1.1266  decode.d3.loss_cls: 0.0643  decode.d3.loss_mask: 1.2402  decode.d3.loss_dice: 1.1423  decode.d4.loss_cls: 0.0662  decode.d4.loss_mask: 1.2336  decode.d4.loss_dice: 1.1356  decode.d5.loss_cls: 0.0631  decode.d5.loss_mask: 1.2447  decode.d5.loss_dice: 1.1285  decode.d6.loss_cls: 0.0624  decode.d6.loss_mask: 1.2479  decode.d6.loss_dice: 1.1406  decode.d7.loss_cls: 0.0679  decode.d7.loss_mask: 1.2398  decode.d7.loss_dice: 1.1467  decode.d8.loss_cls: 0.0670  decode.d8.loss_mask: 1.2470  decode.d8.loss_dice: 1.1404
2026/07/30 22:36:02 - mmengine - INFO - Iter(train) [ 4200/40000]  base_lr: 4.8539e-05 lr: 4.8539e-05  eta: 14:57:56  time: 0.9693  data_time: 0.0223  memory: 9084  grad_norm: 83.3120  loss: 21.8750  decode.loss_cls: 0.1868  decode.loss_mask: 0.8446  decode.loss_dice: 1.0906  decode.d0.loss_cls: 0.2911  decode.d0.loss_mask: 0.9632  decode.d0.loss_dice: 1.3121  decode.d1.loss_cls: 0.1541  decode.d1.loss_mask: 0.8988  decode.d1.loss_dice: 1.1779  decode.d2.loss_cls: 0.1925  decode.d2.loss_mask: 0.8444  decode.d2.loss_dice: 1.0892  decode.d3.loss_cls: 0.2284  decode.d3.loss_mask: 0.8051  decode.d3.loss_dice: 1.0743  decode.d4.loss_cls: 0.2037  decode.d4.loss_mask: 0.8246  decode.d4.loss_dice: 1.0947  decode.d5.loss_cls: 0.1968  decode.d5.loss_mask: 0.8493  decode.d5.loss_dice: 1.0841  decode.d6.loss_cls: 0.1970  decode.d6.loss_mask: 0.8688  decode.d6.loss_dice: 1.1042  decode.d7.loss_cls: 0.1623  decode.d7.loss_mask: 0.8711  decode.d7.loss_dice: 1.1169  decode.d8.loss_cls: 0.1805  decode.d8.loss_mask: 0.8538  decode.d8.loss_dice: 1.1141
2026/07/30 22:38:25 - mmengine - INFO - Iter(train) [ 4300/40000]  base_lr: 4.8417e-05 lr: 4.8417e-05  eta: 14:54:23  time: 1.4444  data_time: 0.0170  memory: 9084  grad_norm: 67.1035  loss: 24.4368  decode.loss_cls: 0.0904  decode.loss_mask: 1.1135  decode.loss_dice: 1.2103  decode.d0.loss_cls: 0.2282  decode.d0.loss_mask: 1.1884  decode.d0.loss_dice: 1.2960  decode.d1.loss_cls: 0.0696  decode.d1.loss_mask: 1.1482  decode.d1.loss_dice: 1.2343  decode.d2.loss_cls: 0.0951  decode.d2.loss_mask: 1.1204  decode.d2.loss_dice: 1.1819  decode.d3.loss_cls: 0.0944  decode.d3.loss_mask: 1.1346  decode.d3.loss_dice: 1.1851  decode.d4.loss_cls: 0.0914  decode.d4.loss_mask: 1.1420  decode.d4.loss_dice: 1.1968  decode.d5.loss_cls: 0.0963  decode.d5.loss_mask: 1.1359  decode.d5.loss_dice: 1.1807  decode.d6.loss_cls: 0.0975  decode.d6.loss_mask: 1.0982  decode.d6.loss_dice: 1.1738  decode.d7.loss_cls: 0.0938  decode.d7.loss_mask: 1.1339  decode.d7.loss_dice: 1.1856  decode.d8.loss_cls: 0.0931  decode.d8.loss_mask: 1.1329  decode.d8.loss_dice: 1.1944
2026/07/30 22:41:05 - mmengine - INFO - Iter(train) [ 4400/40000]  base_lr: 4.8295e-05 lr: 4.8295e-05  eta: 14:53:13  time: 2.0643  data_time: 0.0197  memory: 9076  grad_norm: 78.4355  loss: 32.4218  decode.loss_cls: 0.1801  decode.loss_mask: 1.5110  decode.loss_dice: 1.5021  decode.d0.loss_cls: 0.2753  decode.d0.loss_mask: 1.6339  decode.d0.loss_dice: 1.5717  decode.d1.loss_cls: 0.1727  decode.d1.loss_mask: 1.5543  decode.d1.loss_dice: 1.5675  decode.d2.loss_cls: 0.1915  decode.d2.loss_mask: 1.5322  decode.d2.loss_dice: 1.5272  decode.d3.loss_cls: 0.1783  decode.d3.loss_mask: 1.5548  decode.d3.loss_dice: 1.5062  decode.d4.loss_cls: 0.1799  decode.d4.loss_mask: 1.5449  decode.d4.loss_dice: 1.4777  decode.d5.loss_cls: 0.1715  decode.d5.loss_mask: 1.5371  decode.d5.loss_dice: 1.4803  decode.d6.loss_cls: 0.1767  decode.d6.loss_mask: 1.4897  decode.d6.loss_dice: 1.4889  decode.d7.loss_cls: 0.1775  decode.d7.loss_mask: 1.5256  decode.d7.loss_dice: 1.5194  decode.d8.loss_cls: 0.1871  decode.d8.loss_mask: 1.5168  decode.d8.loss_dice: 1.4900
2026/07/30 22:44:14 - mmengine - INFO - Iter(train) [ 4500/40000]  base_lr: 4.8173e-05 lr: 4.8173e-05  eta: 14:55:47  time: 2.1758  data_time: 0.0276  memory: 9076  grad_norm: 75.0884  loss: 25.4172  decode.loss_cls: 0.0393  decode.loss_mask: 1.2771  decode.loss_dice: 1.1927  decode.d0.loss_cls: 0.1968  decode.d0.loss_mask: 1.3134  decode.d0.loss_dice: 1.2648  decode.d1.loss_cls: 0.0532  decode.d1.loss_mask: 1.2769  decode.d1.loss_dice: 1.2035  decode.d2.loss_cls: 0.0465  decode.d2.loss_mask: 1.2890  decode.d2.loss_dice: 1.1985  decode.d3.loss_cls: 0.0447  decode.d3.loss_mask: 1.2821  decode.d3.loss_dice: 1.1821  decode.d4.loss_cls: 0.0470  decode.d4.loss_mask: 1.2786  decode.d4.loss_dice: 1.1805  decode.d5.loss_cls: 0.0482  decode.d5.loss_mask: 1.2669  decode.d5.loss_dice: 1.1784  decode.d6.loss_cls: 0.0376  decode.d6.loss_mask: 1.2904  decode.d6.loss_dice: 1.1975  decode.d7.loss_cls: 0.0448  decode.d7.loss_mask: 1.2888  decode.d7.loss_dice: 1.1864  decode.d8.loss_cls: 0.0405  decode.d8.loss_mask: 1.2838  decode.d8.loss_dice: 1.1871
2026/07/30 22:46:29 - mmengine - INFO - Iter(train) [ 4600/40000]  base_lr: 4.8051e-05 lr: 4.8051e-05  eta: 14:51:07  time: 0.8640  data_time: 0.0231  memory: 9084  grad_norm: 72.4239  loss: 27.9383  decode.loss_cls: 0.0437  decode.loss_mask: 1.4783  decode.loss_dice: 1.2563  decode.d0.loss_cls: 0.1565  decode.d0.loss_mask: 1.5005  decode.d0.loss_dice: 1.3141  decode.d1.loss_cls: 0.0826  decode.d1.loss_mask: 1.4595  decode.d1.loss_dice: 1.2743  decode.d2.loss_cls: 0.0753  decode.d2.loss_mask: 1.4526  decode.d2.loss_dice: 1.2628  decode.d3.loss_cls: 0.0716  decode.d3.loss_mask: 1.4519  decode.d3.loss_dice: 1.2643  decode.d4.loss_cls: 0.0518  decode.d4.loss_mask: 1.4629  decode.d4.loss_dice: 1.2555  decode.d5.loss_cls: 0.0615  decode.d5.loss_mask: 1.4558  decode.d5.loss_dice: 1.2431  decode.d6.loss_cls: 0.0453  decode.d6.loss_mask: 1.4543  decode.d6.loss_dice: 1.2424  decode.d7.loss_cls: 0.0653  decode.d7.loss_mask: 1.4654  decode.d7.loss_dice: 1.2459  decode.d8.loss_cls: 0.0442  decode.d8.loss_mask: 1.4631  decode.d8.loss_dice: 1.2375
2026/07/30 22:48:02 - mmengine - INFO - Iter(train) [ 4700/40000]  base_lr: 4.7929e-05 lr: 4.7929e-05  eta: 14:41:24  time: 0.9403  data_time: 0.0279  memory: 9084  grad_norm: 62.0374  loss: 27.0842  decode.loss_cls: 0.0408  decode.loss_mask: 1.3799  decode.loss_dice: 1.2618  decode.d0.loss_cls: 0.1616  decode.d0.loss_mask: 1.4047  decode.d0.loss_dice: 1.3478  decode.d1.loss_cls: 0.0517  decode.d1.loss_mask: 1.3658  decode.d1.loss_dice: 1.3001  decode.d2.loss_cls: 0.0490  decode.d2.loss_mask: 1.3514  decode.d2.loss_dice: 1.3026  decode.d3.loss_cls: 0.0603  decode.d3.loss_mask: 1.3480  decode.d3.loss_dice: 1.2812  decode.d4.loss_cls: 0.0643  decode.d4.loss_mask: 1.3514  decode.d4.loss_dice: 1.2665  decode.d5.loss_cls: 0.0524  decode.d5.loss_mask: 1.3546  decode.d5.loss_dice: 1.2542  decode.d6.loss_cls: 0.0554  decode.d6.loss_mask: 1.3650  decode.d6.loss_dice: 1.2468  decode.d7.loss_cls: 0.0585  decode.d7.loss_mask: 1.3668  decode.d7.loss_dice: 1.2513  decode.d8.loss_cls: 0.0517  decode.d8.loss_mask: 1.3729  decode.d8.loss_dice: 1.2656
2026/07/30 22:49:36 - mmengine - INFO - Iter(train) [ 4800/40000]  base_lr: 4.7807e-05 lr: 4.7807e-05  eta: 14:32:04  time: 0.9866  data_time: 0.0257  memory: 9076  grad_norm: 71.2825  loss: 25.1886  decode.loss_cls: 0.0959  decode.loss_mask: 1.0976  decode.loss_dice: 1.2715  decode.d0.loss_cls: 0.1897  decode.d0.loss_mask: 1.1835  decode.d0.loss_dice: 1.3861  decode.d1.loss_cls: 0.1050  decode.d1.loss_mask: 1.1131  decode.d1.loss_dice: 1.3144  decode.d2.loss_cls: 0.0936  decode.d2.loss_mask: 1.1183  decode.d2.loss_dice: 1.2840  decode.d3.loss_cls: 0.0926  decode.d3.loss_mask: 1.1028  decode.d3.loss_dice: 1.2739  decode.d4.loss_cls: 0.0827  decode.d4.loss_mask: 1.1391  decode.d4.loss_dice: 1.3125  decode.d5.loss_cls: 0.0984  decode.d5.loss_mask: 1.1128  decode.d5.loss_dice: 1.2826  decode.d6.loss_cls: 0.0922  decode.d6.loss_mask: 1.1045  decode.d6.loss_dice: 1.2796  decode.d7.loss_cls: 0.0965  decode.d7.loss_mask: 1.0930  decode.d7.loss_dice: 1.2843  decode.d8.loss_cls: 0.0905  decode.d8.loss_mask: 1.1064  decode.d8.loss_dice: 1.2916
2026/07/30 22:51:15 - mmengine - INFO - Iter(train) [ 4900/40000]  base_lr: 4.7684e-05 lr: 4.7684e-05  eta: 14:23:38  time: 0.9927  data_time: 0.0269  memory: 9084  grad_norm: 96.5914  loss: 32.1787  decode.loss_cls: 0.2064  decode.loss_mask: 1.5132  decode.loss_dice: 1.5370  decode.d0.loss_cls: 0.1894  decode.d0.loss_mask: 1.6251  decode.d0.loss_dice: 1.6439  decode.d1.loss_cls: 0.1364  decode.d1.loss_mask: 1.5012  decode.d1.loss_dice: 1.4784  decode.d2.loss_cls: 0.1837  decode.d2.loss_mask: 1.5100  decode.d2.loss_dice: 1.4733  decode.d3.loss_cls: 0.1615  decode.d3.loss_mask: 1.5286  decode.d3.loss_dice: 1.4894  decode.d4.loss_cls: 0.1591  decode.d4.loss_mask: 1.5274  decode.d4.loss_dice: 1.4981  decode.d5.loss_cls: 0.1848  decode.d5.loss_mask: 1.5173  decode.d5.loss_dice: 1.4908  decode.d6.loss_cls: 0.1878  decode.d6.loss_mask: 1.5149  decode.d6.loss_dice: 1.4896  decode.d7.loss_cls: 0.1795  decode.d7.loss_mask: 1.4989  decode.d7.loss_dice: 1.5078  decode.d8.loss_cls: 0.1822  decode.d8.loss_mask: 1.5193  decode.d8.loss_dice: 1.5435
2026/07/30 22:52:55 - mmengine - INFO - Exp name: dinov3_m2f_gram_4999_20260730_204508
2026/07/30 22:52:55 - mmengine - INFO - Iter(train) [ 5000/40000]  base_lr: 4.7562e-05 lr: 4.7562e-05  eta: 14:15:34  time: 1.0026  data_time: 0.0258  memory: 9084  grad_norm: 82.5796  loss: 26.3832  decode.loss_cls: 0.1057  decode.loss_mask: 1.2094  decode.loss_dice: 1.2560  decode.d0.loss_cls: 0.2033  decode.d0.loss_mask: 1.3140  decode.d0.loss_dice: 1.4554  decode.d1.loss_cls: 0.0995  decode.d1.loss_mask: 1.2244  decode.d1.loss_dice: 1.2969  decode.d2.loss_cls: 0.0802  decode.d2.loss_mask: 1.2290  decode.d2.loss_dice: 1.2659  decode.d3.loss_cls: 0.0932  decode.d3.loss_mask: 1.2300  decode.d3.loss_dice: 1.2955  decode.d4.loss_cls: 0.0872  decode.d4.loss_mask: 1.2720  decode.d4.loss_dice: 1.3058  decode.d5.loss_cls: 0.0913  decode.d5.loss_mask: 1.2467  decode.d5.loss_dice: 1.2644  decode.d6.loss_cls: 0.1010  decode.d6.loss_mask: 1.2332  decode.d6.loss_dice: 1.2479  decode.d7.loss_cls: 0.0959  decode.d7.loss_mask: 1.2376  decode.d7.loss_dice: 1.2501  decode.d8.loss_cls: 0.0927  decode.d8.loss_mask: 1.2476  decode.d8.loss_dice: 1.2514
2026/07/30 22:54:39 - mmengine - INFO - Iter(train) [ 5100/40000]  base_lr: 4.7440e-05 lr: 4.7440e-05  eta: 14:08:16  time: 0.9722  data_time: 0.0257  memory: 9084  grad_norm: 84.8609  loss: 28.5036  decode.loss_cls: 0.0942  decode.loss_mask: 1.4570  decode.loss_dice: 1.3187  decode.d0.loss_cls: 0.1701  decode.d0.loss_mask: 1.4946  decode.d0.loss_dice: 1.3589  decode.d1.loss_cls: 0.1052  decode.d1.loss_mask: 1.4134  decode.d1.loss_dice: 1.2973  decode.d2.loss_cls: 0.0974  decode.d2.loss_mask: 1.4277  decode.d2.loss_dice: 1.2737  decode.d3.loss_cls: 0.0881  decode.d3.loss_mask: 1.4359  decode.d3.loss_dice: 1.2669  decode.d4.loss_cls: 0.1096  decode.d4.loss_mask: 1.4155  decode.d4.loss_dice: 1.2618  decode.d5.loss_cls: 0.1005  decode.d5.loss_mask: 1.4499  decode.d5.loss_dice: 1.3141  decode.d6.loss_cls: 0.0879  decode.d6.loss_mask: 1.4357  decode.d6.loss_dice: 1.3087  decode.d7.loss_cls: 0.1012  decode.d7.loss_mask: 1.4264  decode.d7.loss_dice: 1.3215  decode.d8.loss_cls: 0.0908  decode.d8.loss_mask: 1.4528  decode.d8.loss_dice: 1.3281
2026/07/30 22:57:27 - mmengine - INFO - Iter(train) [ 5200/40000]  base_lr: 4.7317e-05 lr: 4.7317e-05  eta: 14:08:20  time: 1.3858  data_time: 0.0233  memory: 9084  grad_norm: 107.4547  loss: 26.1711  decode.loss_cls: 0.0950  decode.loss_mask: 1.3446  decode.loss_dice: 1.1125  decode.d0.loss_cls: 0.2418  decode.d0.loss_mask: 1.3908  decode.d0.loss_dice: 1.2388  decode.d1.loss_cls: 0.0968  decode.d1.loss_mask: 1.3464  decode.d1.loss_dice: 1.1458  decode.d2.loss_cls: 0.1214  decode.d2.loss_mask: 1.3315  decode.d2.loss_dice: 1.1147  decode.d3.loss_cls: 0.1024  decode.d3.loss_mask: 1.3692  decode.d3.loss_dice: 1.1491  decode.d4.loss_cls: 0.0885  decode.d4.loss_mask: 1.4163  decode.d4.loss_dice: 1.1567  decode.d5.loss_cls: 0.1110  decode.d5.loss_mask: 1.3615  decode.d5.loss_dice: 1.1297  decode.d6.loss_cls: 0.1051  decode.d6.loss_mask: 1.3405  decode.d6.loss_dice: 1.1061  decode.d7.loss_cls: 0.1319  decode.d7.loss_mask: 1.3175  decode.d7.loss_dice: 1.0953  decode.d8.loss_cls: 0.0900  decode.d8.loss_mask: 1.3838  decode.d8.loss_dice: 1.1364
2026/07/30 22:59:04 - mmengine - INFO - Iter(train) [ 5300/40000]  base_lr: 4.7195e-05 lr: 4.7195e-05  eta: 14:00:28  time: 0.8881  data_time: 0.0217  memory: 9076  grad_norm: 83.9236  loss: 28.0472  decode.loss_cls: 0.0649  decode.loss_mask: 1.5328  decode.loss_dice: 1.1908  decode.d0.loss_cls: 0.1642  decode.d0.loss_mask: 1.5472  decode.d0.loss_dice: 1.2549  decode.d1.loss_cls: 0.0628  decode.d1.loss_mask: 1.5029  decode.d1.loss_dice: 1.2105  decode.d2.loss_cls: 0.0656  decode.d2.loss_mask: 1.5240  decode.d2.loss_dice: 1.1889  decode.d3.loss_cls: 0.0630  decode.d3.loss_mask: 1.5232  decode.d3.loss_dice: 1.2123  decode.d4.loss_cls: 0.0618  decode.d4.loss_mask: 1.5308  decode.d4.loss_dice: 1.1913  decode.d5.loss_cls: 0.0598  decode.d5.loss_mask: 1.5331  decode.d5.loss_dice: 1.1902  decode.d6.loss_cls: 0.0565  decode.d6.loss_mask: 1.5375  decode.d6.loss_dice: 1.1786  decode.d7.loss_cls: 0.0606  decode.d7.loss_mask: 1.5432  decode.d7.loss_dice: 1.1991  decode.d8.loss_cls: 0.0624  decode.d8.loss_mask: 1.5379  decode.d8.loss_dice: 1.1964
2026/07/30 23:00:38 - mmengine - INFO - Iter(train) [ 5400/40000]  base_lr: 4.7073e-05 lr: 4.7073e-05  eta: 13:52:38  time: 1.1942  data_time: 0.0284  memory: 9084  grad_norm: 68.2907  loss: 27.0206  decode.loss_cls: 0.0662  decode.loss_mask: 1.4143  decode.loss_dice: 1.2000  decode.d0.loss_cls: 0.1636  decode.d0.loss_mask: 1.4426  decode.d0.loss_dice: 1.2351  decode.d1.loss_cls: 0.0581  decode.d1.loss_mask: 1.4127  decode.d1.loss_dice: 1.2143  decode.d2.loss_cls: 0.0651  decode.d2.loss_mask: 1.4101  decode.d2.loss_dice: 1.2076  decode.d3.loss_cls: 0.0737  decode.d3.loss_mask: 1.4050  decode.d3.loss_dice: 1.1871  decode.d4.loss_cls: 0.0852  decode.d4.loss_mask: 1.4237  decode.d4.loss_dice: 1.1810  decode.d5.loss_cls: 0.0743  decode.d5.loss_mask: 1.4237  decode.d5.loss_dice: 1.2025  decode.d6.loss_cls: 0.0665  decode.d6.loss_mask: 1.4254  decode.d6.loss_dice: 1.2048  decode.d7.loss_cls: 0.0765  decode.d7.loss_mask: 1.4230  decode.d7.loss_dice: 1.2033  decode.d8.loss_cls: 0.0776  decode.d8.loss_mask: 1.4059  decode.d8.loss_dice: 1.1915
2026/07/30 23:03:31 - mmengine - INFO - Iter(train) [ 5500/40000]  base_lr: 4.6950e-05 lr: 4.6950e-05  eta: 13:53:12  time: 2.0443  data_time: 0.0173  memory: 9084  grad_norm: 59.8265  loss: 21.2773  decode.loss_cls: 0.0488  decode.loss_mask: 1.1061  decode.loss_dice: 0.9706  decode.d0.loss_cls: 0.1249  decode.d0.loss_mask: 1.1101  decode.d0.loss_dice: 1.0525  decode.d1.loss_cls: 0.0582  decode.d1.loss_mask: 1.0897  decode.d1.loss_dice: 0.9567  decode.d2.loss_cls: 0.0647  decode.d2.loss_mask: 1.1108  decode.d2.loss_dice: 0.9352  decode.d3.loss_cls: 0.0576  decode.d3.loss_mask: 1.1025  decode.d3.loss_dice: 0.9332  decode.d4.loss_cls: 0.0407  decode.d4.loss_mask: 1.1049  decode.d4.loss_dice: 0.9614  decode.d5.loss_cls: 0.0419  decode.d5.loss_mask: 1.1035  decode.d5.loss_dice: 0.9798  decode.d6.loss_cls: 0.0439  decode.d6.loss_mask: 1.0989  decode.d6.loss_dice: 0.9555  decode.d7.loss_cls: 0.0550  decode.d7.loss_mask: 1.0996  decode.d7.loss_dice: 0.9544  decode.d8.loss_cls: 0.0555  decode.d8.loss_mask: 1.1078  decode.d8.loss_dice: 0.9529
2026/07/30 23:06:56 - mmengine - INFO - Iter(train) [ 5600/40000]  base_lr: 4.6828e-05 lr: 4.6828e-05  eta: 13:56:57  time: 1.9950  data_time: 0.0167  memory: 9084  grad_norm: 66.6202  loss: 21.3471  decode.loss_cls: 0.0717  decode.loss_mask: 1.0929  decode.loss_dice: 0.9206  decode.d0.loss_cls: 0.2276  decode.d0.loss_mask: 1.2328  decode.d0.loss_dice: 1.0581  decode.d1.loss_cls: 0.0744  decode.d1.loss_mask: 1.1271  decode.d1.loss_dice: 0.9604  decode.d2.loss_cls: 0.0795  decode.d2.loss_mask: 1.0996  decode.d2.loss_dice: 0.9274  decode.d3.loss_cls: 0.0701  decode.d3.loss_mask: 1.1047  decode.d3.loss_dice: 0.9230  decode.d4.loss_cls: 0.0648  decode.d4.loss_mask: 1.1103  decode.d4.loss_dice: 0.9057  decode.d5.loss_cls: 0.0681  decode.d5.loss_mask: 1.1118  decode.d5.loss_dice: 0.9055  decode.d6.loss_cls: 0.0628  decode.d6.loss_mask: 1.1040  decode.d6.loss_dice: 0.9082  decode.d7.loss_cls: 0.0633  decode.d7.loss_mask: 1.0984  decode.d7.loss_dice: 0.9027  decode.d8.loss_cls: 0.0690  decode.d8.loss_mask: 1.1056  decode.d8.loss_dice: 0.8971
2026/07/30 23:09:49 - mmengine - INFO - Iter(train) [ 5700/40000]  base_lr: 4.6705e-05 lr: 4.6705e-05  eta: 13:57:15  time: 2.2171  data_time: 0.0350  memory: 9076  grad_norm: 61.4770  loss: 22.7611  decode.loss_cls: 0.0490  decode.loss_mask: 1.1171  decode.loss_dice: 1.0781  decode.d0.loss_cls: 0.1430  decode.d0.loss_mask: 1.1678  decode.d0.loss_dice: 1.1986  decode.d1.loss_cls: 0.0714  decode.d1.loss_mask: 1.1029  decode.d1.loss_dice: 1.1031  decode.d2.loss_cls: 0.0693  decode.d2.loss_mask: 1.0875  decode.d2.loss_dice: 1.0988  decode.d3.loss_cls: 0.0562  decode.d3.loss_mask: 1.0974  decode.d3.loss_dice: 1.1063  decode.d4.loss_cls: 0.0544  decode.d4.loss_mask: 1.1014  decode.d4.loss_dice: 1.0971  decode.d5.loss_cls: 0.0568  decode.d5.loss_mask: 1.0917  decode.d5.loss_dice: 1.0942  decode.d6.loss_cls: 0.0517  decode.d6.loss_mask: 1.0993  decode.d6.loss_dice: 1.0904  decode.d7.loss_cls: 0.0548  decode.d7.loss_mask: 1.1042  decode.d7.loss_dice: 1.0905  decode.d8.loss_cls: 0.0552  decode.d8.loss_mask: 1.1030  decode.d8.loss_dice: 1.0697
2026/07/30 23:13:02 - mmengine - INFO - Iter(train) [ 5800/40000]  base_lr: 4.6582e-05 lr: 4.6582e-05  eta: 13:59:24  time: 1.0335  data_time: 0.0285  memory: 9084  grad_norm: 58.6812  loss: 25.2474  decode.loss_cls: 0.0273  decode.loss_mask: 1.3192  decode.loss_dice: 1.1589  decode.d0.loss_cls: 0.1439  decode.d0.loss_mask: 1.3263  decode.d0.loss_dice: 1.2040  decode.d1.loss_cls: 0.0471  decode.d1.loss_mask: 1.3083  decode.d1.loss_dice: 1.1217  decode.d2.loss_cls: 0.0372  decode.d2.loss_mask: 1.3328  decode.d2.loss_dice: 1.1490  decode.d3.loss_cls: 0.0441  decode.d3.loss_mask: 1.3352  decode.d3.loss_dice: 1.1675  decode.d4.loss_cls: 0.0524  decode.d4.loss_mask: 1.3233  decode.d4.loss_dice: 1.1548  decode.d5.loss_cls: 0.0371  decode.d5.loss_mask: 1.3237  decode.d5.loss_dice: 1.1491  decode.d6.loss_cls: 0.0455  decode.d6.loss_mask: 1.3115  decode.d6.loss_dice: 1.1354  decode.d7.loss_cls: 0.0363  decode.d7.loss_mask: 1.3097  decode.d7.loss_dice: 1.1395  decode.d8.loss_cls: 0.0287  decode.d8.loss_mask: 1.3179  decode.d8.loss_dice: 1.1602
2026/07/30 23:15:28 - mmengine - INFO - Iter(train) [ 5900/40000]  base_lr: 4.6460e-05 lr: 4.6460e-05  eta: 13:56:49  time: 1.0042  data_time: 0.0270  memory: 9084  grad_norm: 49.6350  loss: 17.7690  decode.loss_cls: 0.0632  decode.loss_mask: 0.8672  decode.loss_dice: 0.8697  decode.d0.loss_cls: 0.1502  decode.d0.loss_mask: 0.8705  decode.d0.loss_dice: 0.9235  decode.d1.loss_cls: 0.0713  decode.d1.loss_mask: 0.8275  decode.d1.loss_dice: 0.8384  decode.d2.loss_cls: 0.0824  decode.d2.loss_mask: 0.8282  decode.d2.loss_dice: 0.8371  decode.d3.loss_cls: 0.0634  decode.d3.loss_mask: 0.8537  decode.d3.loss_dice: 0.8304  decode.d4.loss_cls: 0.0724  decode.d4.loss_mask: 0.8315  decode.d4.loss_dice: 0.8283  decode.d5.loss_cls: 0.0679  decode.d5.loss_mask: 0.8268  decode.d5.loss_dice: 0.8398  decode.d6.loss_cls: 0.0704  decode.d6.loss_mask: 0.8369  decode.d6.loss_dice: 0.8308  decode.d7.loss_cls: 0.0754  decode.d7.loss_mask: 0.8650  decode.d7.loss_dice: 0.8641  decode.d8.loss_cls: 0.0612  decode.d8.loss_mask: 0.8670  decode.d8.loss_dice: 0.8549
2026/07/30 23:17:02 - mmengine - INFO - Exp name: dinov3_m2f_gram_4999_20260730_204508
2026/07/30 23:17:02 - mmengine - INFO - Iter(train) [ 6000/40000]  base_lr: 4.6337e-05 lr: 4.6337e-05  eta: 13:49:19  time: 0.9603  data_time: 0.0261  memory: 9084  grad_norm: 68.0765  loss: 27.7468  decode.loss_cls: 0.1136  decode.loss_mask: 1.3553  decode.loss_dice: 1.2981  decode.d0.loss_cls: 0.1454  decode.d0.loss_mask: 1.4079  decode.d0.loss_dice: 1.3505  decode.d1.loss_cls: 0.1102  decode.d1.loss_mask: 1.3708  decode.d1.loss_dice: 1.3079  decode.d2.loss_cls: 0.1212  decode.d2.loss_mask: 1.3478  decode.d2.loss_dice: 1.3023  decode.d3.loss_cls: 0.1252  decode.d3.loss_mask: 1.3404  decode.d3.loss_dice: 1.3022  decode.d4.loss_cls: 0.1163  decode.d4.loss_mask: 1.3542  decode.d4.loss_dice: 1.2992  decode.d5.loss_cls: 0.1144  decode.d5.loss_mask: 1.3379  decode.d5.loss_dice: 1.2854  decode.d6.loss_cls: 0.1254  decode.d6.loss_mask: 1.3433  decode.d6.loss_dice: 1.2823  decode.d7.loss_cls: 0.1123  decode.d7.loss_mask: 1.3424  decode.d7.loss_dice: 1.2831  decode.d8.loss_cls: 0.1343  decode.d8.loss_mask: 1.3387  decode.d8.loss_dice: 1.2786
2026/07/30 23:17:02 - mmengine - INFO - Saving checkpoint at 6000 iterations
2026/07/30 23:17:52 - mmengine - INFO - Iter(val) [100/504]    eta: 0:01:37  time: 0.2815  data_time: 0.0214  memory: 3098  
2026/07/30 23:18:14 - mmengine - INFO - Iter(val) [200/504]    eta: 0:01:10  time: 0.2182  data_time: 0.0115  memory: 3098  
2026/07/30 23:18:36 - mmengine - INFO - Iter(val) [300/504]    eta: 0:00:46  time: 0.2196  data_time: 0.0126  memory: 3098  
2026/07/30 23:18:58 - mmengine - INFO - Iter(val) [400/504]    eta: 0:00:23  time: 0.2163  data_time: 0.0118  memory: 3098  
2026/07/30 23:19:21 - mmengine - INFO - Iter(val) [500/504]    eta: 0:00:00  time: 0.2226  data_time: 0.0127  memory: 3098  
2026/07/30 23:19:30 - mmengine - INFO - per class results:
2026/07/30 23:19:30 - mmengine - INFO - 
+--------------------+-------+-------+--------+-----------+--------+
|       Class        |  IoU  |  Acc  | Fscore | Precision | Recall |
+--------------------+-------+-------+--------+-----------+--------+
| impervious_surface | 86.45 | 91.53 | 92.73  |   93.97   | 91.53  |
|      building      | 94.43 | 99.13 | 97.13  |   95.22   | 99.13  |
|   low_vegetation   | 81.71 | 90.64 | 89.94  |   89.24   | 90.64  |
|        tree        | 82.63 | 89.38 | 90.49  |   91.62   | 89.38  |
|        car         | 90.14 | 93.71 | 94.82  |   95.95   | 93.71  |
+--------------------+-------+-------+--------+-----------+--------+
2026/07/30 23:19:30 - mmengine - INFO - Iter(val) [504/504]    aAcc: 92.1600  mIoU: 87.0700  mAcc: 92.8800  mFscore: 93.0200  mPrecision: 93.2000  mRecall: 92.8800  data_time: 0.0157  time: 0.2274
2026/07/30 23:19:30 - mmengine - INFO - The previous best checkpoint /mnt/qh2-nas3/00-model/00-fb/fusion_potsdam/work_dirs/dinov3_m2f_gram_4999/best_mIoU_iter_2000.pth is removed
2026/07/30 23:19:55 - mmengine - INFO - The best checkpoint with 87.0700 mIoU at 6000 iter is saved to best_mIoU_iter_6000.pth.
2026/07/30 23:23:21 - mmengine - INFO - Iter(train) [ 6100/40000]  base_lr: 4.6215e-05 lr: 4.6215e-05  eta: 13:55:26  time: 1.9965  data_time: 0.0168  memory: 9084  grad_norm: 57.9671  loss: 27.8296  decode.loss_cls: 0.0355  decode.loss_mask: 1.3841  decode.loss_dice: 1.3570  decode.d0.loss_cls: 0.1558  decode.d0.loss_mask: 1.4165  decode.d0.loss_dice: 1.3134  decode.d1.loss_cls: 0.0353  decode.d1.loss_mask: 1.3900  decode.d1.loss_dice: 1.3155  decode.d2.loss_cls: 0.0352  decode.d2.loss_mask: 1.3739  decode.d2.loss_dice: 1.3508  decode.d3.loss_cls: 0.0320  decode.d3.loss_mask: 1.3736  decode.d3.loss_dice: 1.3709  decode.d4.loss_cls: 0.0361  decode.d4.loss_mask: 1.3702  decode.d4.loss_dice: 1.3766  decode.d5.loss_cls: 0.0320  decode.d5.loss_mask: 1.3782  decode.d5.loss_dice: 1.3642  decode.d6.loss_cls: 0.0321  decode.d6.loss_mask: 1.3902  decode.d6.loss_dice: 1.3567  decode.d7.loss_cls: 0.0340  decode.d7.loss_mask: 1.3809  decode.d7.loss_dice: 1.3733  decode.d8.loss_cls: 0.0312  decode.d8.loss_mask: 1.3823  decode.d8.loss_dice: 1.3519
2026/07/30 23:25:55 - mmengine - INFO - Iter(train) [ 6200/40000]  base_lr: 4.6092e-05 lr: 4.6092e-05  eta: 13:53:34  time: 2.0189  data_time: 0.0164  memory: 9076  grad_norm: 52.7363  loss: 20.7015  decode.loss_cls: 0.0296  decode.loss_mask: 1.0758  decode.loss_dice: 0.9371  decode.d0.loss_cls: 0.1342  decode.d0.loss_mask: 1.1032  decode.d0.loss_dice: 1.0071  decode.d1.loss_cls: 0.0506  decode.d1.loss_mask: 1.0826  decode.d1.loss_dice: 0.9395  decode.d2.loss_cls: 0.0396  decode.d2.loss_mask: 1.0820  decode.d2.loss_dice: 0.9231  decode.d3.loss_cls: 0.0323  decode.d3.loss_mask: 1.0773  decode.d3.loss_dice: 0.9374  decode.d4.loss_cls: 0.0299  decode.d4.loss_mask: 1.0760  decode.d4.loss_dice: 0.9337  decode.d5.loss_cls: 0.0320  decode.d5.loss_mask: 1.0748  decode.d5.loss_dice: 0.9383  decode.d6.loss_cls: 0.0286  decode.d6.loss_mask: 1.0766  decode.d6.loss_dice: 0.9562  decode.d7.loss_cls: 0.0293  decode.d7.loss_mask: 1.0798  decode.d7.loss_dice: 0.9442  decode.d8.loss_cls: 0.0291  decode.d8.loss_mask: 1.0742  decode.d8.loss_dice: 0.9469
2026/07/30 23:28:29 - mmengine - INFO - Iter(train) [ 6300/40000]  base_lr: 4.5969e-05 lr: 4.5969e-05  eta: 13:51:36  time: 0.9224  data_time: 0.0218  memory: 9084  grad_norm: 56.6604  loss: 24.9602  decode.loss_cls: 0.0189  decode.loss_mask: 1.2865  decode.loss_dice: 1.1756  decode.d0.loss_cls: 0.1078  decode.d0.loss_mask: 1.3608  decode.d0.loss_dice: 1.1817  decode.d1.loss_cls: 0.0247  decode.d1.loss_mask: 1.3029  decode.d1.loss_dice: 1.1709  decode.d2.loss_cls: 0.0190  decode.d2.loss_mask: 1.2850  decode.d2.loss_dice: 1.1697  decode.d3.loss_cls: 0.0168  decode.d3.loss_mask: 1.2827  decode.d3.loss_dice: 1.1595  decode.d4.loss_cls: 0.0170  decode.d4.loss_mask: 1.2913  decode.d4.loss_dice: 1.1713  decode.d5.loss_cls: 0.0186  decode.d5.loss_mask: 1.2925  decode.d5.loss_dice: 1.1780  decode.d6.loss_cls: 0.0255  decode.d6.loss_mask: 1.2823  decode.d6.loss_dice: 1.1639  decode.d7.loss_cls: 0.0204  decode.d7.loss_mask: 1.2876  decode.d7.loss_dice: 1.1736  decode.d8.loss_cls: 0.0199  decode.d8.loss_mask: 1.2876  decode.d8.loss_dice: 1.1679
2026/07/30 23:30:15 - mmengine - INFO - Iter(train) [ 6400/40000]  base_lr: 4.5846e-05 lr: 4.5846e-05  eta: 13:45:25  time: 0.9413  data_time: 0.0238  memory: 9084  grad_norm: 68.1816  loss: 22.8499  decode.loss_cls: 0.0321  decode.loss_mask: 1.1705  decode.loss_dice: 1.0726  decode.d0.loss_cls: 0.1083  decode.d0.loss_mask: 1.2409  decode.d0.loss_dice: 1.1014  decode.d1.loss_cls: 0.0451  decode.d1.loss_mask: 1.1825  decode.d1.loss_dice: 1.0472  decode.d2.loss_cls: 0.0316  decode.d2.loss_mask: 1.1892  decode.d2.loss_dice: 1.0525  decode.d3.loss_cls: 0.0303  decode.d3.loss_mask: 1.1823  decode.d3.loss_dice: 1.0542  decode.d4.loss_cls: 0.0294  decode.d4.loss_mask: 1.1730  decode.d4.loss_dice: 1.0591  decode.d5.loss_cls: 0.0303  decode.d5.loss_mask: 1.1721  decode.d5.loss_dice: 1.0646  decode.d6.loss_cls: 0.0313  decode.d6.loss_mask: 1.1667  decode.d6.loss_dice: 1.0629  decode.d7.loss_cls: 0.0296  decode.d7.loss_mask: 1.1629  decode.d7.loss_dice: 1.0619  decode.d8.loss_cls: 0.0317  decode.d8.loss_mask: 1.1665  decode.d8.loss_dice: 1.0675
2026/07/30 23:31:47 - mmengine - INFO - Iter(train) [ 6500/40000]  base_lr: 4.5723e-05 lr: 4.5723e-05  eta: 13:38:12  time: 0.9360  data_time: 0.0220  memory: 9076  grad_norm: 69.8288  loss: 20.6222  decode.loss_cls: 0.1362  decode.loss_mask: 1.0189  decode.loss_dice: 0.8723  decode.d0.loss_cls: 0.1919  decode.d0.loss_mask: 1.0741  decode.d0.loss_dice: 1.1106  decode.d1.loss_cls: 0.1692  decode.d1.loss_mask: 0.9857  decode.d1.loss_dice: 0.9021  decode.d2.loss_cls: 0.1618  decode.d2.loss_mask: 1.0053  decode.d2.loss_dice: 0.8868  decode.d3.loss_cls: 0.1223  decode.d3.loss_mask: 1.0125  decode.d3.loss_dice: 0.8797  decode.d4.loss_cls: 0.1490  decode.d4.loss_mask: 0.9894  decode.d4.loss_dice: 0.8803  decode.d5.loss_cls: 0.1147  decode.d5.loss_mask: 1.0244  decode.d5.loss_dice: 0.8939  decode.d6.loss_cls: 0.1128  decode.d6.loss_mask: 1.0290  decode.d6.loss_dice: 0.8701  decode.d7.loss_cls: 0.1038  decode.d7.loss_mask: 1.0301  decode.d7.loss_dice: 0.8850  decode.d8.loss_cls: 0.1195  decode.d8.loss_mask: 1.0193  decode.d8.loss_dice: 0.8713
2026/07/30 23:34:10 - mmengine - INFO - Iter(train) [ 6600/40000]  base_lr: 4.5601e-05 lr: 4.5601e-05  eta: 13:35:30  time: 1.9935  data_time: 0.0169  memory: 9084  grad_norm: 102.6084  loss: 36.1244  decode.loss_cls: 0.2127  decode.loss_mask: 1.7789  decode.loss_dice: 1.5579  decode.d0.loss_cls: 0.3655  decode.d0.loss_mask: 1.8386  decode.d0.loss_dice: 1.7523  decode.d1.loss_cls: 0.2330  decode.d1.loss_mask: 1.8119  decode.d1.loss_dice: 1.6533  decode.d2.loss_cls: 0.2346  decode.d2.loss_mask: 1.7652  decode.d2.loss_dice: 1.5700  decode.d3.loss_cls: 0.2225  decode.d3.loss_mask: 1.7460  decode.d3.loss_dice: 1.5467  decode.d4.loss_cls: 0.2226  decode.d4.loss_mask: 1.7658  decode.d4.loss_dice: 1.5643  decode.d5.loss_cls: 0.2056  decode.d5.loss_mask: 1.7905  decode.d5.loss_dice: 1.5605  decode.d6.loss_cls: 0.2080  decode.d6.loss_mask: 1.7729  decode.d6.loss_dice: 1.5555  decode.d7.loss_cls: 0.2198  decode.d7.loss_mask: 1.7845  decode.d7.loss_dice: 1.5822  decode.d8.loss_cls: 0.2270  decode.d8.loss_mask: 1.8020  decode.d8.loss_dice: 1.5744
2026/07/30 23:35:55 - mmengine - INFO - Iter(train) [ 6700/40000]  base_lr: 4.5478e-05 lr: 4.5478e-05  eta: 13:29:37  time: 1.0321  data_time: 0.0265  memory: 9084  grad_norm: 61.3689  loss: 20.6725  decode.loss_cls: 0.0461  decode.loss_mask: 1.0891  decode.loss_dice: 0.9047  decode.d0.loss_cls: 0.1618  decode.d0.loss_mask: 1.1397  decode.d0.loss_dice: 0.9692  decode.d1.loss_cls: 0.0523  decode.d1.loss_mask: 1.0877  decode.d1.loss_dice: 0.9244  decode.d2.loss_cls: 0.0436  decode.d2.loss_mask: 1.0872  decode.d2.loss_dice: 0.9108  decode.d3.loss_cls: 0.0458  decode.d3.loss_mask: 1.0824  decode.d3.loss_dice: 0.9038  decode.d4.loss_cls: 0.0412  decode.d4.loss_mask: 1.0849  decode.d4.loss_dice: 0.9140  decode.d5.loss_cls: 0.0434  decode.d5.loss_mask: 1.0809  decode.d5.loss_dice: 0.9004  decode.d6.loss_cls: 0.0475  decode.d6.loss_mask: 1.0888  decode.d6.loss_dice: 0.9178  decode.d7.loss_cls: 0.0410  decode.d7.loss_mask: 1.0948  decode.d7.loss_dice: 0.9211  decode.d8.loss_cls: 0.0438  decode.d8.loss_mask: 1.0947  decode.d8.loss_dice: 0.9098
2026/07/30 23:38:58 - mmengine - INFO - Iter(train) [ 6800/40000]  base_lr: 4.5355e-05 lr: 4.5355e-05  eta: 13:30:10  time: 2.1470  data_time: 0.0253  memory: 9084  grad_norm: 65.7336  loss: 18.8771  decode.loss_cls: 0.1301  decode.loss_mask: 0.7758  decode.loss_dice: 0.9679  decode.d0.loss_cls: 0.1707  decode.d0.loss_mask: 0.8722  decode.d0.loss_dice: 1.0783  decode.d1.loss_cls: 0.1151  decode.d1.loss_mask: 0.8410  decode.d1.loss_dice: 0.9919  decode.d2.loss_cls: 0.1469  decode.d2.loss_mask: 0.7623  decode.d2.loss_dice: 0.9494  decode.d3.loss_cls: 0.1344  decode.d3.loss_mask: 0.7697  decode.d3.loss_dice: 0.9383  decode.d4.loss_cls: 0.1355  decode.d4.loss_mask: 0.7580  decode.d4.loss_dice: 0.9297  decode.d5.loss_cls: 0.1187  decode.d5.loss_mask: 0.7976  decode.d5.loss_dice: 0.9396  decode.d6.loss_cls: 0.1183  decode.d6.loss_mask: 0.7924  decode.d6.loss_dice: 0.9418  decode.d7.loss_cls: 0.1148  decode.d7.loss_mask: 0.7903  decode.d7.loss_dice: 0.9407  decode.d8.loss_cls: 0.1123  decode.d8.loss_mask: 0.7867  decode.d8.loss_dice: 0.9567
2026/07/30 23:41:51 - mmengine - INFO - Iter(train) [ 6900/40000]  base_lr: 4.5232e-05 lr: 4.5232e-05  eta: 13:29:54  time: 0.8790  data_time: 0.0259  memory: 9084  grad_norm: 64.9811  loss: 25.4476  decode.loss_cls: 0.0825  decode.loss_mask: 1.2402  decode.loss_dice: 1.1961  decode.d0.loss_cls: 0.1988  decode.d0.loss_mask: 1.3041  decode.d0.loss_dice: 1.2795  decode.d1.loss_cls: 0.0824  decode.d1.loss_mask: 1.2495  decode.d1.loss_dice: 1.2079  decode.d2.loss_cls: 0.1027  decode.d2.loss_mask: 1.2411  decode.d2.loss_dice: 1.1672  decode.d3.loss_cls: 0.0873  decode.d3.loss_mask: 1.2393  decode.d3.loss_dice: 1.1881  decode.d4.loss_cls: 0.0881  decode.d4.loss_mask: 1.2426  decode.d4.loss_dice: 1.1779  decode.d5.loss_cls: 0.0910  decode.d5.loss_mask: 1.2454  decode.d5.loss_dice: 1.1855  decode.d6.loss_cls: 0.0873  decode.d6.loss_mask: 1.2451  decode.d6.loss_dice: 1.1983  decode.d7.loss_cls: 0.0932  decode.d7.loss_mask: 1.2365  decode.d7.loss_dice: 1.1774  decode.d8.loss_cls: 0.0928  decode.d8.loss_mask: 1.2322  decode.d8.loss_dice: 1.1876
2026/07/30 23:44:27 - mmengine - INFO - Exp name: dinov3_m2f_gram_4999_20260730_204508
2026/07/30 23:44:27 - mmengine - INFO - Iter(train) [ 7000/40000]  base_lr: 4.5109e-05 lr: 4.5109e-05  eta: 13:28:09  time: 2.0829  data_time: 0.0175  memory: 9076  grad_norm: 45.5048  loss: 24.7705  decode.loss_cls: 0.0237  decode.loss_mask: 1.3464  decode.loss_dice: 1.0713  decode.d0.loss_cls: 0.1277  decode.d0.loss_mask: 1.3750  decode.d0.loss_dice: 1.1085  decode.d1.loss_cls: 0.0325  decode.d1.loss_mask: 1.3406  decode.d1.loss_dice: 1.0933  decode.d2.loss_cls: 0.0242  decode.d2.loss_mask: 1.3456  decode.d2.loss_dice: 1.0958  decode.d3.loss_cls: 0.0211  decode.d3.loss_mask: 1.3401  decode.d3.loss_dice: 1.0884  decode.d4.loss_cls: 0.0208  decode.d4.loss_mask: 1.3432  decode.d4.loss_dice: 1.1182  decode.d5.loss_cls: 0.0206  decode.d5.loss_mask: 1.3491  decode.d5.loss_dice: 1.0999  decode.d6.loss_cls: 0.0221  decode.d6.loss_mask: 1.3494  decode.d6.loss_dice: 1.0955  decode.d7.loss_cls: 0.0297  decode.d7.loss_mask: 1.3380  decode.d7.loss_dice: 1.0980  decode.d8.loss_cls: 0.0214  decode.d8.loss_mask: 1.3456  decode.d8.loss_dice: 1.0847
2026/07/30 23:47:43 - mmengine - INFO - Iter(train) [ 7100/40000]  base_lr: 4.4986e-05 lr: 4.4986e-05  eta: 13:29:30  time: 2.0477  data_time: 0.0178  memory: 9076  grad_norm: 43.0186  loss: 20.1933  decode.loss_cls: 0.0493  decode.loss_mask: 1.0461  decode.loss_dice: 0.9221  decode.d0.loss_cls: 0.1031  decode.d0.loss_mask: 1.1013  decode.d0.loss_dice: 0.9571  decode.d1.loss_cls: 0.0304  decode.d1.loss_mask: 1.0553  decode.d1.loss_dice: 0.9428  decode.d2.loss_cls: 0.0288  decode.d2.loss_mask: 1.0436  decode.d2.loss_dice: 0.9282  decode.d3.loss_cls: 0.0343  decode.d3.loss_mask: 1.0441  decode.d3.loss_dice: 0.9273  decode.d4.loss_cls: 0.0347  decode.d4.loss_mask: 1.0361  decode.d4.loss_dice: 0.9255  decode.d5.loss_cls: 0.0351  decode.d5.loss_mask: 1.0366  decode.d5.loss_dice: 0.9196  decode.d6.loss_cls: 0.0384  decode.d6.loss_mask: 1.0467  decode.d6.loss_dice: 0.9210  decode.d7.loss_cls: 0.0363  decode.d7.loss_mask: 1.0436  decode.d7.loss_dice: 0.9174  decode.d8.loss_cls: 0.0363  decode.d8.loss_mask: 1.0417  decode.d8.loss_dice: 0.9104
2026/07/30 23:51:00 - mmengine - INFO - Iter(train) [ 7200/40000]  base_lr: 4.4863e-05 lr: 4.4863e-05  eta: 13:30:46  time: 1.5382  data_time: 0.0172  memory: 9084  grad_norm: 51.2853  loss: 21.7663  decode.loss_cls: 0.0546  decode.loss_mask: 1.1226  decode.loss_dice: 0.9988  decode.d0.loss_cls: 0.1005  decode.d0.loss_mask: 1.1347  decode.d0.loss_dice: 1.0622  decode.d1.loss_cls: 0.0596  decode.d1.loss_mask: 1.1070  decode.d1.loss_dice: 1.0052  decode.d2.loss_cls: 0.0604  decode.d2.loss_mask: 1.1071  decode.d2.loss_dice: 1.0075  decode.d3.loss_cls: 0.0514  decode.d3.loss_mask: 1.1054  decode.d3.loss_dice: 1.0149  decode.d4.loss_cls: 0.0497  decode.d4.loss_mask: 1.0982  decode.d4.loss_dice: 1.0080  decode.d5.loss_cls: 0.0490  decode.d5.loss_mask: 1.0982  decode.d5.loss_dice: 1.0113  decode.d6.loss_cls: 0.0485  decode.d6.loss_mask: 1.0997  decode.d6.loss_dice: 1.0026  decode.d7.loss_cls: 0.0531  decode.d7.loss_mask: 1.0946  decode.d7.loss_dice: 1.0075  decode.d8.loss_cls: 0.0548  decode.d8.loss_mask: 1.0979  decode.d8.loss_dice: 1.0012
2026/07/30 23:54:19 - mmengine - INFO - Iter(train) [ 7300/40000]  base_lr: 4.4740e-05 lr: 4.4740e-05  eta: 13:32:07  time: 2.0668  data_time: 0.0174  memory: 9084  grad_norm: 40.3600  loss: 20.4347  decode.loss_cls: 0.0683  decode.loss_mask: 0.9978  decode.loss_dice: 0.9482  decode.d0.loss_cls: 0.1125  decode.d0.loss_mask: 1.0585  decode.d0.loss_dice: 1.0577  decode.d1.loss_cls: 0.0573  decode.d1.loss_mask: 0.9838  decode.d1.loss_dice: 0.9802  decode.d2.loss_cls: 0.0683  decode.d2.loss_mask: 0.9908  decode.d2.loss_dice: 0.9572  decode.d3.loss_cls: 0.0661  decode.d3.loss_mask: 0.9899  decode.d3.loss_dice: 0.9690  decode.d4.loss_cls: 0.0661  decode.d4.loss_mask: 0.9916  decode.d4.loss_dice: 0.9763  decode.d5.loss_cls: 0.0686  decode.d5.loss_mask: 0.9838  decode.d5.loss_dice: 0.9644  decode.d6.loss_cls: 0.0683  decode.d6.loss_mask: 1.0071  decode.d6.loss_dice: 0.9694  decode.d7.loss_cls: 0.0711  decode.d7.loss_mask: 0.9983  decode.d7.loss_dice: 0.9555  decode.d8.loss_cls: 0.0671  decode.d8.loss_mask: 0.9899  decode.d8.loss_dice: 0.9516
2026/07/30 23:57:17 - mmengine - INFO - Iter(train) [ 7400/40000]  base_lr: 4.4616e-05 lr: 4.4616e-05  eta: 13:31:46  time: 1.7643  data_time: 0.0342  memory: 9076  grad_norm: 54.2699  loss: 19.3334  decode.loss_cls: 0.0855  decode.loss_mask: 0.9173  decode.loss_dice: 0.9262  decode.d0.loss_cls: 0.1338  decode.d0.loss_mask: 0.9392  decode.d0.loss_dice: 1.0041  decode.d1.loss_cls: 0.0921  decode.d1.loss_mask: 0.9084  decode.d1.loss_dice: 0.9215  decode.d2.loss_cls: 0.0814  decode.d2.loss_mask: 0.9069  decode.d2.loss_dice: 0.9329  decode.d3.loss_cls: 0.0932  decode.d3.loss_mask: 0.9128  decode.d3.loss_dice: 0.9112  decode.d4.loss_cls: 0.0859  decode.d4.loss_mask: 0.9181  decode.d4.loss_dice: 0.9151  decode.d5.loss_cls: 0.0922  decode.d5.loss_mask: 0.9160  decode.d5.loss_dice: 0.9166  decode.d6.loss_cls: 0.0817  decode.d6.loss_mask: 0.9064  decode.d6.loss_dice: 0.9249  decode.d7.loss_cls: 0.0775  decode.d7.loss_mask: 0.9054  decode.d7.loss_dice: 0.9125  decode.d8.loss_cls: 0.0776  decode.d8.loss_mask: 0.9148  decode.d8.loss_dice: 0.9222
2026/07/31 00:00:30 - mmengine - INFO - Iter(train) [ 7500/40000]  base_lr: 4.4493e-05 lr: 4.4493e-05  eta: 13:32:22  time: 2.0565  data_time: 0.0175  memory: 9084  grad_norm: 65.3572  loss: 23.6587  decode.loss_cls: 0.0889  decode.loss_mask: 1.1170  decode.loss_dice: 1.1256  decode.d0.loss_cls: 0.1244  decode.d0.loss_mask: 1.2996  decode.d0.loss_dice: 1.2114  decode.d1.loss_cls: 0.0926  decode.d1.loss_mask: 1.1491  decode.d1.loss_dice: 1.1250  decode.d2.loss_cls: 0.0973  decode.d2.loss_mask: 1.1230  decode.d2.loss_dice: 1.1398  decode.d3.loss_cls: 0.0982  decode.d3.loss_mask: 1.1121  decode.d3.loss_dice: 1.1003  decode.d4.loss_cls: 0.1067  decode.d4.loss_mask: 1.1208  decode.d4.loss_dice: 1.0984  decode.d5.loss_cls: 0.1037  decode.d5.loss_mask: 1.1191  decode.d5.loss_dice: 1.1116  decode.d6.loss_cls: 0.0923  decode.d6.loss_mask: 1.1199  decode.d6.loss_dice: 1.1281  decode.d7.loss_cls: 0.0932  decode.d7.loss_mask: 1.1193  decode.d7.loss_dice: 1.1154  decode.d8.loss_cls: 0.0914  decode.d8.loss_mask: 1.1066  decode.d8.loss_dice: 1.1276
2026/07/31 00:03:49 - mmengine - INFO - Iter(train) [ 7600/40000]  base_lr: 4.4370e-05 lr: 4.4370e-05  eta: 13:33:23  time: 2.0233  data_time: 0.0172  memory: 9084  grad_norm: 78.6753  loss: 23.3537  decode.loss_cls: 0.0488  decode.loss_mask: 1.1833  decode.loss_dice: 1.0817  decode.d0.loss_cls: 0.1474  decode.d0.loss_mask: 1.2476  decode.d0.loss_dice: 1.1606  decode.d1.loss_cls: 0.0602  decode.d1.loss_mask: 1.1981  decode.d1.loss_dice: 1.0705  decode.d2.loss_cls: 0.0675  decode.d2.loss_mask: 1.1592  decode.d2.loss_dice: 1.0677  decode.d3.loss_cls: 0.0504  decode.d3.loss_mask: 1.1760  decode.d3.loss_dice: 1.0829  decode.d4.loss_cls: 0.0521  decode.d4.loss_mask: 1.1699  decode.d4.loss_dice: 1.0851  decode.d5.loss_cls: 0.0473  decode.d5.loss_mask: 1.1719  decode.d5.loss_dice: 1.0908  decode.d6.loss_cls: 0.0475  decode.d6.loss_mask: 1.1620  decode.d6.loss_dice: 1.1001  decode.d7.loss_cls: 0.0493  decode.d7.loss_mask: 1.1630  decode.d7.loss_dice: 1.0954  decode.d8.loss_cls: 0.0524  decode.d8.loss_mask: 1.1800  decode.d8.loss_dice: 1.0850
2026/07/31 00:06:25 - mmengine - INFO - Iter(train) [ 7700/40000]  base_lr: 4.4247e-05 lr: 4.4247e-05  eta: 13:31:16  time: 0.9984  data_time: 0.0255  memory: 9084  grad_norm: 87.6819  loss: 27.1234  decode.loss_cls: 0.0870  decode.loss_mask: 1.4206  decode.loss_dice: 1.2060  decode.d0.loss_cls: 0.1478  decode.d0.loss_mask: 1.4464  decode.d0.loss_dice: 1.2420  decode.d1.loss_cls: 0.1171  decode.d1.loss_mask: 1.3921  decode.d1.loss_dice: 1.2138  decode.d2.loss_cls: 0.0979  decode.d2.loss_mask: 1.3932  decode.d2.loss_dice: 1.1988  decode.d3.loss_cls: 0.0945  decode.d3.loss_mask: 1.3843  decode.d3.loss_dice: 1.2159  decode.d4.loss_cls: 0.0869  decode.d4.loss_mask: 1.3927  decode.d4.loss_dice: 1.1959  decode.d5.loss_cls: 0.0909  decode.d5.loss_mask: 1.4018  decode.d5.loss_dice: 1.2043  decode.d6.loss_cls: 0.0928  decode.d6.loss_mask: 1.3971  decode.d6.loss_dice: 1.2060  decode.d7.loss_cls: 0.0870  decode.d7.loss_mask: 1.4139  decode.d7.loss_dice: 1.2069  decode.d8.loss_cls: 0.0807  decode.d8.loss_mask: 1.4097  decode.d8.loss_dice: 1.1993
2026/07/31 00:08:21 - mmengine - INFO - Iter(train) [ 7800/40000]  base_lr: 4.4123e-05 lr: 4.4123e-05  eta: 13:26:21  time: 1.7312  data_time: 0.0418  memory: 9084  grad_norm: 61.6967  loss: 20.3156  decode.loss_cls: 0.1003  decode.loss_mask: 0.9504  decode.loss_dice: 0.9601  decode.d0.loss_cls: 0.2005  decode.d0.loss_mask: 0.9707  decode.d0.loss_dice: 1.0594  decode.d1.loss_cls: 0.1076  decode.d1.loss_mask: 0.9641  decode.d1.loss_dice: 0.9704  decode.d2.loss_cls: 0.0992  decode.d2.loss_mask: 0.9296  decode.d2.loss_dice: 0.9626  decode.d3.loss_cls: 0.1035  decode.d3.loss_mask: 0.9420  decode.d3.loss_dice: 0.9659  decode.d4.loss_cls: 0.0986  decode.d4.loss_mask: 0.9587  decode.d4.loss_dice: 0.9678  decode.d5.loss_cls: 0.0921  decode.d5.loss_mask: 0.9570  decode.d5.loss_dice: 0.9457  decode.d6.loss_cls: 0.1029  decode.d6.loss_mask: 0.9460  decode.d6.loss_dice: 0.9575  decode.d7.loss_cls: 0.1008  decode.d7.loss_mask: 0.9353  decode.d7.loss_dice: 0.9770  decode.d8.loss_cls: 0.1093  decode.d8.loss_mask: 0.9235  decode.d8.loss_dice: 0.9572
2026/07/31 00:10:36 - mmengine - INFO - Iter(train) [ 7900/40000]  base_lr: 4.4000e-05 lr: 4.4000e-05  eta: 13:22:50  time: 2.0335  data_time: 0.0173  memory: 9076  grad_norm: 58.6957  loss: 21.3087  decode.loss_cls: 0.0358  decode.loss_mask: 1.1369  decode.loss_dice: 0.9430  decode.d0.loss_cls: 0.1250  decode.d0.loss_mask: 1.1727  decode.d0.loss_dice: 0.9598  decode.d1.loss_cls: 0.0620  decode.d1.loss_mask: 1.1351  decode.d1.loss_dice: 0.9619  decode.d2.loss_cls: 0.0504  decode.d2.loss_mask: 1.1279  decode.d2.loss_dice: 0.9524  decode.d3.loss_cls: 0.0345  decode.d3.loss_mask: 1.1315  decode.d3.loss_dice: 0.9476  decode.d4.loss_cls: 0.0340  decode.d4.loss_mask: 1.1397  decode.d4.loss_dice: 0.9402  decode.d5.loss_cls: 0.0530  decode.d5.loss_mask: 1.1347  decode.d5.loss_dice: 0.9227  decode.d6.loss_cls: 0.0375  decode.d6.loss_mask: 1.1358  decode.d6.loss_dice: 0.9291  decode.d7.loss_cls: 0.0409  decode.d7.loss_mask: 1.1360  decode.d7.loss_dice: 0.9291  decode.d8.loss_cls: 0.0378  decode.d8.loss_mask: 1.1403  decode.d8.loss_dice: 0.9213
2026/07/31 00:12:37 - mmengine - INFO - Exp name: dinov3_m2f_gram_4999_20260730_204508
2026/07/31 00:12:37 - mmengine - INFO - Iter(train) [ 8000/40000]  base_lr: 4.3877e-05 lr: 4.3877e-05  eta: 13:18:21  time: 0.9033  data_time: 0.0249  memory: 9084  grad_norm: 91.2809  loss: 29.1944  decode.loss_cls: 0.0659  decode.loss_mask: 1.5592  decode.loss_dice: 1.2917  decode.d0.loss_cls: 0.1429  decode.d0.loss_mask: 1.5736  decode.d0.loss_dice: 1.3324  decode.d1.loss_cls: 0.0714  decode.d1.loss_mask: 1.5657  decode.d1.loss_dice: 1.3416  decode.d2.loss_cls: 0.0681  decode.d2.loss_mask: 1.5447  decode.d2.loss_dice: 1.2947  decode.d3.loss_cls: 0.0624  decode.d3.loss_mask: 1.5363  decode.d3.loss_dice: 1.2824  decode.d4.loss_cls: 0.0578  decode.d4.loss_mask: 1.5457  decode.d4.loss_dice: 1.2816  decode.d5.loss_cls: 0.0603  decode.d5.loss_mask: 1.5436  decode.d5.loss_dice: 1.2682  decode.d6.loss_cls: 0.0543  decode.d6.loss_mask: 1.5626  decode.d6.loss_dice: 1.2958  decode.d7.loss_cls: 0.0602  decode.d7.loss_mask: 1.5520  decode.d7.loss_dice: 1.2898  decode.d8.loss_cls: 0.0660  decode.d8.loss_mask: 1.5478  decode.d8.loss_dice: 1.2761
2026/07/31 00:12:37 - mmengine - INFO - Saving checkpoint at 8000 iterations
2026/07/31 00:13:30 - mmengine - INFO - Iter(val) [100/504]    eta: 0:01:37  time: 0.2197  data_time: 0.0107  memory: 3098  
2026/07/31 00:13:52 - mmengine - INFO - Iter(val) [200/504]    eta: 0:01:10  time: 0.2230  data_time: 0.0127  memory: 3098  
2026/07/31 00:14:15 - mmengine - INFO - Iter(val) [300/504]    eta: 0:00:46  time: 0.2243  data_time: 0.0122  memory: 3098  
2026/07/31 00:14:39 - mmengine - INFO - Iter(val) [400/504]    eta: 0:00:24  time: 0.2297  data_time: 0.0152  memory: 3098  
2026/07/31 00:15:04 - mmengine - INFO - Iter(val) [500/504]    eta: 0:00:00  time: 0.2506  data_time: 0.0157  memory: 3098  
2026/07/31 00:15:13 - mmengine - INFO - per class results:
2026/07/31 00:15:13 - mmengine - INFO - 
+--------------------+-------+-------+--------+-----------+--------+
|       Class        |  IoU  |  Acc  | Fscore | Precision | Recall |
+--------------------+-------+-------+--------+-----------+--------+
| impervious_surface | 86.66 | 91.42 | 92.85  |   94.33   | 91.42  |
|      building      | 96.01 | 98.24 | 97.96  |   97.69   | 98.24  |
|   low_vegetation   | 78.09 | 97.16 |  87.7  |   79.91   | 97.16  |
|        tree        | 74.36 | 75.88 | 85.29  |   97.37   | 75.88  |
|        car         | 92.47 | 97.95 | 96.09  |   94.29   | 97.95  |
+--------------------+-------+-------+--------+-----------+--------+
2026/07/31 00:15:13 - mmengine - INFO - Iter(val) [504/504]    aAcc: 90.3100  mIoU: 85.5200  mAcc: 92.1300  mFscore: 91.9800  mPrecision: 92.7200  mRecall: 92.1300  data_time: 0.0169  time: 0.2359
2026/07/31 00:18:43 - mmengine - INFO - Iter(train) [ 8100/40000]  base_lr: 4.3753e-05 lr: 4.3753e-05  eta: 13:20:22  time: 2.1291  data_time: 0.0313  memory: 9084  grad_norm: 59.7983  loss: 19.7396  decode.loss_cls: 0.0731  decode.loss_mask: 0.9620  decode.loss_dice: 0.9061  decode.d0.loss_cls: 0.1257  decode.d0.loss_mask: 1.0067  decode.d0.loss_dice: 1.0071  decode.d1.loss_cls: 0.0866  decode.d1.loss_mask: 1.0002  decode.d1.loss_dice: 0.9209  decode.d2.loss_cls: 0.0918  decode.d2.loss_mask: 0.9765  decode.d2.loss_dice: 0.8998  decode.d3.loss_cls: 0.0828  decode.d3.loss_mask: 0.9757  decode.d3.loss_dice: 0.9155  decode.d4.loss_cls: 0.0694  decode.d4.loss_mask: 0.9962  decode.d4.loss_dice: 0.9067  decode.d5.loss_cls: 0.0719  decode.d5.loss_mask: 0.9782  decode.d5.loss_dice: 0.8820  decode.d6.loss_cls: 0.0701  decode.d6.loss_mask: 0.9710  decode.d6.loss_dice: 0.8956  decode.d7.loss_cls: 0.0742  decode.d7.loss_mask: 0.9722  decode.d7.loss_dice: 0.8923  decode.d8.loss_cls: 0.0657  decode.d8.loss_mask: 0.9652  decode.d8.loss_dice: 0.8983
2026/07/31 00:21:39 - mmengine - INFO - Iter(train) [ 8200/40000]  base_lr: 4.3630e-05 lr: 4.3630e-05  eta: 13:19:31  time: 2.0074  data_time: 0.0161  memory: 9084  grad_norm: 80.5558  loss: 25.3372  decode.loss_cls: 0.1271  decode.loss_mask: 1.3183  decode.loss_dice: 1.0502  decode.d0.loss_cls: 0.1611  decode.d0.loss_mask: 1.3830  decode.d0.loss_dice: 1.2592  decode.d1.loss_cls: 0.1365  decode.d1.loss_mask: 1.3076  decode.d1.loss_dice: 1.0810  decode.d2.loss_cls: 0.1348  decode.d2.loss_mask: 1.3219  decode.d2.loss_dice: 1.0716  decode.d3.loss_cls: 0.1273  decode.d3.loss_mask: 1.3250  decode.d3.loss_dice: 1.0659  decode.d4.loss_cls: 0.1148  decode.d4.loss_mask: 1.3301  decode.d4.loss_dice: 1.0585  decode.d5.loss_cls: 0.1232  decode.d5.loss_mask: 1.3264  decode.d5.loss_dice: 1.0465  decode.d6.loss_cls: 0.1263  decode.d6.loss_mask: 1.3105  decode.d6.loss_dice: 1.0446  decode.d7.loss_cls: 0.1229  decode.d7.loss_mask: 1.3152  decode.d7.loss_dice: 1.0574  decode.d8.loss_cls: 0.1223  decode.d8.loss_mask: 1.3172  decode.d8.loss_dice: 1.0511
2026/07/31 00:24:53 - mmengine - INFO - Iter(train) [ 8300/40000]  base_lr: 4.3506e-05 lr: 4.3506e-05  eta: 13:19:42  time: 2.0143  data_time: 0.0166  memory: 9084  grad_norm: 52.3262  loss: 17.3686  decode.loss_cls: 0.0885  decode.loss_mask: 0.8069  decode.loss_dice: 0.8061  decode.d0.loss_cls: 0.1381  decode.d0.loss_mask: 0.8502  decode.d0.loss_dice: 0.9064  decode.d1.loss_cls: 0.0853  decode.d1.loss_mask: 0.8227  decode.d1.loss_dice: 0.8410  decode.d2.loss_cls: 0.0757  decode.d2.loss_mask: 0.8211  decode.d2.loss_dice: 0.8312  decode.d3.loss_cls: 0.0779  decode.d3.loss_mask: 0.8134  decode.d3.loss_dice: 0.8360  decode.d4.loss_cls: 0.0813  decode.d4.loss_mask: 0.8231  decode.d4.loss_dice: 0.8081  decode.d5.loss_cls: 0.0783  decode.d5.loss_mask: 0.8163  decode.d5.loss_dice: 0.8155  decode.d6.loss_cls: 0.0780  decode.d6.loss_mask: 0.8214  decode.d6.loss_dice: 0.8220  decode.d7.loss_cls: 0.0698  decode.d7.loss_mask: 0.8231  decode.d7.loss_dice: 0.8215  decode.d8.loss_cls: 0.0796  decode.d8.loss_mask: 0.8168  decode.d8.loss_dice: 0.8135
2026/07/31 00:28:17 - mmengine - INFO - Iter(train) [ 8400/40000]  base_lr: 4.3383e-05 lr: 4.3383e-05  eta: 13:20:31  time: 2.1611  data_time: 0.0296  memory: 9084  grad_norm: 61.6682  loss: 23.2621  decode.loss_cls: 0.0419  decode.loss_mask: 1.1811  decode.loss_dice: 1.0800  decode.d0.loss_cls: 0.1075  decode.d0.loss_mask: 1.2136  decode.d0.loss_dice: 1.1511  decode.d1.loss_cls: 0.0517  decode.d1.loss_mask: 1.1839  decode.d1.loss_dice: 1.0937  decode.d2.loss_cls: 0.0386  decode.d2.loss_mask: 1.1903  decode.d2.loss_dice: 1.0906  decode.d3.loss_cls: 0.0246  decode.d3.loss_mask: 1.2039  decode.d3.loss_dice: 1.0907  decode.d4.loss_cls: 0.0242  decode.d4.loss_mask: 1.1977  decode.d4.loss_dice: 1.0935  decode.d5.loss_cls: 0.0368  decode.d5.loss_mask: 1.1811  decode.d5.loss_dice: 1.0763  decode.d6.loss_cls: 0.0235  decode.d6.loss_mask: 1.1990  decode.d6.loss_dice: 1.0933  decode.d7.loss_cls: 0.0393  decode.d7.loss_mask: 1.1789  decode.d7.loss_dice: 1.0826  decode.d8.loss_cls: 0.0399  decode.d8.loss_mask: 1.1729  decode.d8.loss_dice: 1.0802
2026/07/31 00:30:30 - mmengine - INFO - Iter(train) [ 8500/40000]  base_lr: 4.3259e-05 lr: 4.3259e-05  eta: 13:16:46  time: 0.9879  data_time: 0.0214  memory: 9084  grad_norm: 77.4195  loss: 19.8945  decode.loss_cls: 0.0820  decode.loss_mask: 1.0054  decode.loss_dice: 0.8333  decode.d0.loss_cls: 0.1437  decode.d0.loss_mask: 1.1315  decode.d0.loss_dice: 1.0180  decode.d1.loss_cls: 0.0865  decode.d1.loss_mask: 1.0627  decode.d1.loss_dice: 0.8697  decode.d2.loss_cls: 0.0730  decode.d2.loss_mask: 1.0570  decode.d2.loss_dice: 0.8550  decode.d3.loss_cls: 0.0807  decode.d3.loss_mask: 1.0340  decode.d3.loss_dice: 0.8387  decode.d4.loss_cls: 0.0766  decode.d4.loss_mask: 1.0258  decode.d4.loss_dice: 0.8335  decode.d5.loss_cls: 0.0753  decode.d5.loss_mask: 1.0385  decode.d5.loss_dice: 0.8404  decode.d6.loss_cls: 0.0713  decode.d6.loss_mask: 1.0541  decode.d6.loss_dice: 0.8527  decode.d7.loss_cls: 0.0814  decode.d7.loss_mask: 1.0133  decode.d7.loss_dice: 0.8273  decode.d8.loss_cls: 0.0722  decode.d8.loss_mask: 1.0192  decode.d8.loss_dice: 0.8415
2026/07/31 00:33:02 - mmengine - INFO - Iter(train) [ 8600/40000]  base_lr: 4.3136e-05 lr: 4.3136e-05  eta: 13:14:14  time: 1.0115  data_time: 0.0235  memory: 9084  grad_norm: 54.6514  loss: 22.3038  decode.loss_cls: 0.0597  decode.loss_mask: 1.0625  decode.loss_dice: 1.0809  decode.d0.loss_cls: 0.1231  decode.d0.loss_mask: 1.1104  decode.d0.loss_dice: 1.1270  decode.d1.loss_cls: 0.0814  decode.d1.loss_mask: 1.0710  decode.d1.loss_dice: 1.1030  decode.d2.loss_cls: 0.0762  decode.d2.loss_mask: 1.0569  decode.d2.loss_dice: 1.0935  decode.d3.loss_cls: 0.0737  decode.d3.loss_mask: 1.0698  decode.d3.loss_dice: 1.0613  decode.d4.loss_cls: 0.0619  decode.d4.loss_mask: 1.0645  decode.d4.loss_dice: 1.0878  decode.d5.loss_cls: 0.0608  decode.d5.loss_mask: 1.0617  decode.d5.loss_dice: 1.0857  decode.d6.loss_cls: 0.0610  decode.d6.loss_mask: 1.0672  decode.d6.loss_dice: 1.0887  decode.d7.loss_cls: 0.0699  decode.d7.loss_mask: 1.0625  decode.d7.loss_dice: 1.0803  decode.d8.loss_cls: 0.0698  decode.d8.loss_mask: 1.0620  decode.d8.loss_dice: 1.0697
2026/07/31 00:35:44 - mmengine - INFO - Iter(train) [ 8700/40000]  base_lr: 4.3012e-05 lr: 4.3012e-05  eta: 13:12:20  time: 2.0430  data_time: 0.0169  memory: 9084  grad_norm: 84.4338  loss: 29.0498  decode.loss_cls: 0.1628  decode.loss_mask: 1.3888  decode.loss_dice: 1.2723  decode.d0.loss_cls: 0.2604  decode.d0.loss_mask: 1.5261  decode.d0.loss_dice: 1.4283  decode.d1.loss_cls: 0.1865  decode.d1.loss_mask: 1.3974  decode.d1.loss_dice: 1.3287  decode.d2.loss_cls: 0.1777  decode.d2.loss_mask: 1.3995  decode.d2.loss_dice: 1.3200  decode.d3.loss_cls: 0.1740  decode.d3.loss_mask: 1.3903  decode.d3.loss_dice: 1.3186  decode.d4.loss_cls: 0.1748  decode.d4.loss_mask: 1.4018  decode.d4.loss_dice: 1.3120  decode.d5.loss_cls: 0.1723  decode.d5.loss_mask: 1.4029  decode.d5.loss_dice: 1.2867  decode.d6.loss_cls: 0.1746  decode.d6.loss_mask: 1.3854  decode.d6.loss_dice: 1.2727  decode.d7.loss_cls: 0.1713  decode.d7.loss_mask: 1.3864  decode.d7.loss_dice: 1.2842  decode.d8.loss_cls: 0.1784  decode.d8.loss_mask: 1.3989  decode.d8.loss_dice: 1.3156
2026/07/31 00:39:10 - mmengine - INFO - Iter(train) [ 8800/40000]  base_lr: 4.2888e-05 lr: 4.2888e-05  eta: 13:13:02  time: 2.0731  data_time: 0.0289  memory: 9076  grad_norm: 46.7479  loss: 18.8475  decode.loss_cls: 0.0372  decode.loss_mask: 0.9400  decode.loss_dice: 0.9073  decode.d0.loss_cls: 0.0940  decode.d0.loss_mask: 0.9628  decode.d0.loss_dice: 0.9503  decode.d1.loss_cls: 0.0359  decode.d1.loss_mask: 0.9400  decode.d1.loss_dice: 0.9112  decode.d2.loss_cls: 0.0414  decode.d2.loss_mask: 0.9376  decode.d2.loss_dice: 0.8912  decode.d3.loss_cls: 0.0330  decode.d3.loss_mask: 0.9323  decode.d3.loss_dice: 0.8852  decode.d4.loss_cls: 0.0461  decode.d4.loss_mask: 0.9215  decode.d4.loss_dice: 0.8966  decode.d5.loss_cls: 0.0333  decode.d5.loss_mask: 0.9347  decode.d5.loss_dice: 0.9128  decode.d6.loss_cls: 0.0238  decode.d6.loss_mask: 0.9415  decode.d6.loss_dice: 0.9046  decode.d7.loss_cls: 0.0363  decode.d7.loss_mask: 0.9315  decode.d7.loss_dice: 0.8937  decode.d8.loss_cls: 0.0308  decode.d8.loss_mask: 0.9353  decode.d8.loss_dice: 0.9056
2026/07/31 00:42:38 - mmengine - INFO - Iter(train) [ 8900/40000]  base_lr: 4.2764e-05 lr: 4.2764e-05  eta: 13:13:43  time: 2.0881  data_time: 0.0211  memory: 9084  grad_norm: 50.0765  loss: 22.5016  decode.loss_cls: 0.0490  decode.loss_mask: 1.2369  decode.loss_dice: 0.9605  decode.d0.loss_cls: 0.0933  decode.d0.loss_mask: 1.2737  decode.d0.loss_dice: 0.9355  decode.d1.loss_cls: 0.0538  decode.d1.loss_mask: 1.2314  decode.d1.loss_dice: 0.9672  decode.d2.loss_cls: 0.0531  decode.d2.loss_mask: 1.2313  decode.d2.loss_dice: 0.9489  decode.d3.loss_cls: 0.0575  decode.d3.loss_mask: 1.2280  decode.d3.loss_dice: 0.9527  decode.d4.loss_cls: 0.0464  decode.d4.loss_mask: 1.2537  decode.d4.loss_dice: 0.9668  decode.d5.loss_cls: 0.0410  decode.d5.loss_mask: 1.2409  decode.d5.loss_dice: 0.9637  decode.d6.loss_cls: 0.0422  decode.d6.loss_mask: 1.2344  decode.d6.loss_dice: 0.9557  decode.d7.loss_cls: 0.0484  decode.d7.loss_mask: 1.2390  decode.d7.loss_dice: 0.9605  decode.d8.loss_cls: 0.0436  decode.d8.loss_mask: 1.2397  decode.d8.loss_dice: 0.9529
2026/07/31 00:46:03 - mmengine - INFO - Exp name: dinov3_m2f_gram_4999_20260730_204508
2026/07/31 00:46:03 - mmengine - INFO - Iter(train) [ 9000/40000]  base_lr: 4.2641e-05 lr: 4.2641e-05  eta: 13:14:07  time: 2.0058  data_time: 0.0166  memory: 9084  grad_norm: 63.5889  loss: 22.8321  decode.loss_cls: 0.0346  decode.loss_mask: 1.2213  decode.loss_dice: 1.0200  decode.d0.loss_cls: 0.0978  decode.d0.loss_mask: 1.2801  decode.d0.loss_dice: 1.0627  decode.d1.loss_cls: 0.0331  decode.d1.loss_mask: 1.2231  decode.d1.loss_dice: 1.0257  decode.d2.loss_cls: 0.0364  decode.d2.loss_mask: 1.2106  decode.d2.loss_dice: 1.0119  decode.d3.loss_cls: 0.0215  decode.d3.loss_mask: 1.2248  decode.d3.loss_dice: 1.0093  decode.d4.loss_cls: 0.0325  decode.d4.loss_mask: 1.2217  decode.d4.loss_dice: 1.0033  decode.d5.loss_cls: 0.0334  decode.d5.loss_mask: 1.2206  decode.d5.loss_dice: 1.0058  decode.d6.loss_cls: 0.0189  decode.d6.loss_mask: 1.2268  decode.d6.loss_dice: 1.0130  decode.d7.loss_cls: 0.0333  decode.d7.loss_mask: 1.2266  decode.d7.loss_dice: 1.0162  decode.d8.loss_cls: 0.0370  decode.d8.loss_mask: 1.2195  decode.d8.loss_dice: 1.0107
2026/07/31 00:49:26 - mmengine - INFO - Iter(train) [ 9100/40000]  base_lr: 4.2517e-05 lr: 4.2517e-05  eta: 13:14:21  time: 1.7054  data_time: 0.0268  memory: 9076  grad_norm: 50.3691  loss: 14.4011  decode.loss_cls: 0.0523  decode.loss_mask: 0.7429  decode.loss_dice: 0.6410  decode.d0.loss_cls: 0.1321  decode.d0.loss_mask: 0.7237  decode.d0.loss_dice: 0.7420  decode.d1.loss_cls: 0.0613  decode.d1.loss_mask: 0.7271  decode.d1.loss_dice: 0.6399  decode.d2.loss_cls: 0.0557  decode.d2.loss_mask: 0.7262  decode.d2.loss_dice: 0.6338  decode.d3.loss_cls: 0.0505  decode.d3.loss_mask: 0.7299  decode.d3.loss_dice: 0.6328  decode.d4.loss_cls: 0.0570  decode.d4.loss_mask: 0.7252  decode.d4.loss_dice: 0.6295  decode.d5.loss_cls: 0.0477  decode.d5.loss_mask: 0.7283  decode.d5.loss_dice: 0.6317  decode.d6.loss_cls: 0.0473  decode.d6.loss_mask: 0.7443  decode.d6.loss_dice: 0.6315  decode.d7.loss_cls: 0.0489  decode.d7.loss_mask: 0.7465  decode.d7.loss_dice: 0.6359  decode.d8.loss_cls: 0.0465  decode.d8.loss_mask: 0.7369  decode.d8.loss_dice: 0.6526
2026/07/31 00:52:41 - mmengine - INFO - Iter(train) [ 9200/40000]  base_lr: 4.2393e-05 lr: 4.2393e-05  eta: 13:14:03  time: 2.0029  data_time: 0.0166  memory: 9084  grad_norm: 89.9702  loss: 29.9871  decode.loss_cls: 0.1256  decode.loss_mask: 1.5358  decode.loss_dice: 1.3005  decode.d0.loss_cls: 0.2431  decode.d0.loss_mask: 1.6518  decode.d0.loss_dice: 1.4574  decode.d1.loss_cls: 0.1649  decode.d1.loss_mask: 1.5249  decode.d1.loss_dice: 1.3519  decode.d2.loss_cls: 0.1453  decode.d2.loss_mask: 1.5190  decode.d2.loss_dice: 1.3130  decode.d3.loss_cls: 0.1433  decode.d3.loss_mask: 1.5182  decode.d3.loss_dice: 1.3063  decode.d4.loss_cls: 0.1365  decode.d4.loss_mask: 1.5253  decode.d4.loss_dice: 1.3003  decode.d5.loss_cls: 0.1466  decode.d5.loss_mask: 1.5011  decode.d5.loss_dice: 1.2687  decode.d6.loss_cls: 0.1395  decode.d6.loss_mask: 1.5227  decode.d6.loss_dice: 1.3004  decode.d7.loss_cls: 0.1352  decode.d7.loss_mask: 1.5000  decode.d7.loss_dice: 1.2852  decode.d8.loss_cls: 0.1245  decode.d8.loss_mask: 1.5195  decode.d8.loss_dice: 1.2808
2026/07/31 00:56:07 - mmengine - INFO - Iter(train) [ 9300/40000]  base_lr: 4.2269e-05 lr: 4.2269e-05  eta: 13:14:20  time: 1.9694  data_time: 0.0161  memory: 9084  grad_norm: 62.1531  loss: 12.8890  decode.loss_cls: 0.1211  decode.loss_mask: 0.5956  decode.loss_dice: 0.5277  decode.d0.loss_cls: 0.3313  decode.d0.loss_mask: 0.6394  decode.d0.loss_dice: 0.6712  decode.d1.loss_cls: 0.1443  decode.d1.loss_mask: 0.6206  decode.d1.loss_dice: 0.5516  decode.d2.loss_cls: 0.1352  decode.d2.loss_mask: 0.5871  decode.d2.loss_dice: 0.5111  decode.d3.loss_cls: 0.1327  decode.d3.loss_mask: 0.5870  decode.d3.loss_dice: 0.5139  decode.d4.loss_cls: 0.1263  decode.d4.loss_mask: 0.5968  decode.d4.loss_dice: 0.5368  decode.d5.loss_cls: 0.1308  decode.d5.loss_mask: 0.5888  decode.d5.loss_dice: 0.5158  decode.d6.loss_cls: 0.1332  decode.d6.loss_mask: 0.5831  decode.d6.loss_dice: 0.5309  decode.d7.loss_cls: 0.1178  decode.d7.loss_mask: 0.5921  decode.d7.loss_dice: 0.5204  decode.d8.loss_cls: 0.1232  decode.d8.loss_mask: 0.5877  decode.d8.loss_dice: 0.5357
2026/07/31 00:59:37 - mmengine - INFO - Iter(train) [ 9400/40000]  base_lr: 4.2145e-05 lr: 4.2145e-05  eta: 13:14:41  time: 2.0551  data_time: 0.0231  memory: 9084  grad_norm: 70.1223  loss: 20.8814  decode.loss_cls: 0.0793  decode.loss_mask: 1.0629  decode.loss_dice: 0.9145  decode.d0.loss_cls: 0.1522  decode.d0.loss_mask: 1.1179  decode.d0.loss_dice: 0.9858  decode.d1.loss_cls: 0.0924  decode.d1.loss_mask: 1.0829  decode.d1.loss_dice: 0.9306  decode.d2.loss_cls: 0.0960  decode.d2.loss_mask: 1.0732  decode.d2.loss_dice: 0.9069  decode.d3.loss_cls: 0.0827  decode.d3.loss_mask: 1.0607  decode.d3.loss_dice: 0.9405  decode.d4.loss_cls: 0.0748  decode.d4.loss_mask: 1.0511  decode.d4.loss_dice: 0.9412  decode.d5.loss_cls: 0.0762  decode.d5.loss_mask: 1.0676  decode.d5.loss_dice: 0.9303  decode.d6.loss_cls: 0.0639  decode.d6.loss_mask: 1.0741  decode.d6.loss_dice: 0.9309  decode.d7.loss_cls: 0.0710  decode.d7.loss_mask: 1.0575  decode.d7.loss_dice: 0.9128  decode.d8.loss_cls: 0.0913  decode.d8.loss_mask: 1.0563  decode.d8.loss_dice: 0.9037
2026/07/31 01:03:03 - mmengine - INFO - Iter(train) [ 9500/40000]  base_lr: 4.2021e-05 lr: 4.2021e-05  eta: 13:14:46  time: 1.9917  data_time: 0.0158  memory: 9084  grad_norm: 55.1327  loss: 19.4109  decode.loss_cls: 0.0429  decode.loss_mask: 0.9670  decode.loss_dice: 0.9076  decode.d0.loss_cls: 0.1515  decode.d0.loss_mask: 1.0000  decode.d0.loss_dice: 0.9778  decode.d1.loss_cls: 0.0415  decode.d1.loss_mask: 0.9899  decode.d1.loss_dice: 0.9155  decode.d2.loss_cls: 0.0385  decode.d2.loss_mask: 0.9882  decode.d2.loss_dice: 0.8881  decode.d3.loss_cls: 0.0371  decode.d3.loss_mask: 0.9736  decode.d3.loss_dice: 0.9068  decode.d4.loss_cls: 0.0365  decode.d4.loss_mask: 0.9734  decode.d4.loss_dice: 0.9072  decode.d5.loss_cls: 0.0376  decode.d5.loss_mask: 0.9791  decode.d5.loss_dice: 0.9055  decode.d6.loss_cls: 0.0396  decode.d6.loss_mask: 0.9775  decode.d6.loss_dice: 0.9056  decode.d7.loss_cls: 0.0379  decode.d7.loss_mask: 0.9668  decode.d7.loss_dice: 0.9007  decode.d8.loss_cls: 0.0410  decode.d8.loss_mask: 0.9736  decode.d8.loss_dice: 0.9031
2026/07/31 01:06:35 - mmengine - INFO - Iter(train) [ 9600/40000]  base_lr: 4.1897e-05 lr: 4.1897e-05  eta: 13:15:05  time: 2.1087  data_time: 0.0233  memory: 9076  grad_norm: 75.8612  loss: 21.6372  decode.loss_cls: 0.0298  decode.loss_mask: 1.1809  decode.loss_dice: 0.9319  decode.d0.loss_cls: 0.1692  decode.d0.loss_mask: 1.2102  decode.d0.loss_dice: 1.0183  decode.d1.loss_cls: 0.0495  decode.d1.loss_mask: 1.1826  decode.d1.loss_dice: 0.9245  decode.d2.loss_cls: 0.0419  decode.d2.loss_mask: 1.1786  decode.d2.loss_dice: 0.9042  decode.d3.loss_cls: 0.0328  decode.d3.loss_mask: 1.1769  decode.d3.loss_dice: 0.9052  decode.d4.loss_cls: 0.0370  decode.d4.loss_mask: 1.1684  decode.d4.loss_dice: 0.9203  decode.d5.loss_cls: 0.0384  decode.d5.loss_mask: 1.1727  decode.d5.loss_dice: 0.9101  decode.d6.loss_cls: 0.0365  decode.d6.loss_mask: 1.1739  decode.d6.loss_dice: 0.9510  decode.d7.loss_cls: 0.0368  decode.d7.loss_mask: 1.1710  decode.d7.loss_dice: 0.9166  decode.d8.loss_cls: 0.0361  decode.d8.loss_mask: 1.1819  decode.d8.loss_dice: 0.9500
2026/07/31 01:10:01 - mmengine - INFO - Iter(train) [ 9700/40000]  base_lr: 4.1773e-05 lr: 4.1773e-05  eta: 13:15:03  time: 2.0099  data_time: 0.0172  memory: 9076  grad_norm: 50.0592  loss: 18.9976  decode.loss_cls: 0.0315  decode.loss_mask: 0.9222  decode.loss_dice: 0.9351  decode.d0.loss_cls: 0.0891  decode.d0.loss_mask: 0.9453  decode.d0.loss_dice: 0.9493  decode.d1.loss_cls: 0.0368  decode.d1.loss_mask: 0.9326  decode.d1.loss_dice: 0.9422  decode.d2.loss_cls: 0.0283  decode.d2.loss_mask: 0.9218  decode.d2.loss_dice: 0.9374  decode.d3.loss_cls: 0.0289  decode.d3.loss_mask: 0.9238  decode.d3.loss_dice: 0.9332  decode.d4.loss_cls: 0.0310  decode.d4.loss_mask: 0.9254  decode.d4.loss_dice: 0.9450  decode.d5.loss_cls: 0.0282  decode.d5.loss_mask: 0.9208  decode.d5.loss_dice: 0.9433  decode.d6.loss_cls: 0.0306  decode.d6.loss_mask: 0.9191  decode.d6.loss_dice: 0.9325  decode.d7.loss_cls: 0.0310  decode.d7.loss_mask: 0.9186  decode.d7.loss_dice: 0.9333  decode.d8.loss_cls: 0.0354  decode.d8.loss_mask: 0.9168  decode.d8.loss_dice: 0.9293
2026/07/31 01:13:28 - mmengine - INFO - Iter(train) [ 9800/40000]  base_lr: 4.1649e-05 lr: 4.1649e-05  eta: 13:14:59  time: 2.1789  data_time: 0.0293  memory: 9084  grad_norm: 45.5357  loss: 14.6655  decode.loss_cls: 0.0293  decode.loss_mask: 0.7796  decode.loss_dice: 0.6372  decode.d0.loss_cls: 0.1026  decode.d0.loss_mask: 0.8335  decode.d0.loss_dice: 0.7276  decode.d1.loss_cls: 0.0336  decode.d1.loss_mask: 0.7802  decode.d1.loss_dice: 0.6576  decode.d2.loss_cls: 0.0260  decode.d2.loss_mask: 0.7682  decode.d2.loss_dice: 0.6531  decode.d3.loss_cls: 0.0262  decode.d3.loss_mask: 0.7727  decode.d3.loss_dice: 0.6432  decode.d4.loss_cls: 0.0289  decode.d4.loss_mask: 0.7769  decode.d4.loss_dice: 0.6331  decode.d5.loss_cls: 0.0208  decode.d5.loss_mask: 0.7739  decode.d5.loss_dice: 0.6367  decode.d6.loss_cls: 0.0284  decode.d6.loss_mask: 0.7705  decode.d6.loss_dice: 0.6318  decode.d7.loss_cls: 0.0201  decode.d7.loss_mask: 0.7814  decode.d7.loss_dice: 0.6508  decode.d8.loss_cls: 0.0230  decode.d8.loss_mask: 0.7824  decode.d8.loss_dice: 0.6359
2026/07/31 01:16:40 - mmengine - INFO - Iter(train) [ 9900/40000]  base_lr: 4.1525e-05 lr: 4.1525e-05  eta: 13:14:03  time: 2.0867  data_time: 0.0246  memory: 9084  grad_norm: 51.4539  loss: 19.2199  decode.loss_cls: 0.0410  decode.loss_mask: 0.9333  decode.loss_dice: 0.9352  decode.d0.loss_cls: 0.0921  decode.d0.loss_mask: 0.9686  decode.d0.loss_dice: 1.0012  decode.d1.loss_cls: 0.0483  decode.d1.loss_mask: 0.9378  decode.d1.loss_dice: 0.9548  decode.d2.loss_cls: 0.0296  decode.d2.loss_mask: 0.9431  decode.d2.loss_dice: 0.9460  decode.d3.loss_cls: 0.0394  decode.d3.loss_mask: 0.9253  decode.d3.loss_dice: 0.9435  decode.d4.loss_cls: 0.0348  decode.d4.loss_mask: 0.9249  decode.d4.loss_dice: 0.9431  decode.d5.loss_cls: 0.0421  decode.d5.loss_mask: 0.9236  decode.d5.loss_dice: 0.9247  decode.d6.loss_cls: 0.0488  decode.d6.loss_mask: 0.9219  decode.d6.loss_dice: 0.9246  decode.d7.loss_cls: 0.0400  decode.d7.loss_mask: 0.9231  decode.d7.loss_dice: 0.9366  decode.d8.loss_cls: 0.0289  decode.d8.loss_mask: 0.9372  decode.d8.loss_dice: 0.9265
2026/07/31 01:20:09 - mmengine - INFO - Exp name: dinov3_m2f_gram_4999_20260730_204508
2026/07/31 01:20:09 - mmengine - INFO - Iter(train) [10000/40000]  base_lr: 4.1401e-05 lr: 4.1401e-05  eta: 13:13:59  time: 2.1015  data_time: 0.0167  memory: 9076  grad_norm: 53.9475  loss: 16.4701  decode.loss_cls: 0.0447  decode.loss_mask: 0.8491  decode.loss_dice: 0.7357  decode.d0.loss_cls: 0.1074  decode.d0.loss_mask: 0.8940  decode.d0.loss_dice: 0.8121  decode.d1.loss_cls: 0.0522  decode.d1.loss_mask: 0.8508  decode.d1.loss_dice: 0.7400  decode.d2.loss_cls: 0.0478  decode.d2.loss_mask: 0.8488  decode.d2.loss_dice: 0.7369  decode.d3.loss_cls: 0.0450  decode.d3.loss_mask: 0.8472  decode.d3.loss_dice: 0.7290  decode.d4.loss_cls: 0.0428  decode.d4.loss_mask: 0.8442  decode.d4.loss_dice: 0.7337  decode.d5.loss_cls: 0.0405  decode.d5.loss_mask: 0.8458  decode.d5.loss_dice: 0.7403  decode.d6.loss_cls: 0.0402  decode.d6.loss_mask: 0.8471  decode.d6.loss_dice: 0.7320  decode.d7.loss_cls: 0.0423  decode.d7.loss_mask: 0.8500  decode.d7.loss_dice: 0.7434  decode.d8.loss_cls: 0.0392  decode.d8.loss_mask: 0.8505  decode.d8.loss_dice: 0.7375
2026/07/31 01:20:09 - mmengine - INFO - Saving checkpoint at 10000 iterations
2026/07/31 01:20:55 - mmengine - INFO - Iter(val) [100/504]    eta: 0:01:36  time: 0.2116  data_time: 0.0082  memory: 3098  
2026/07/31 01:21:16 - mmengine - INFO - Iter(val) [200/504]    eta: 0:01:08  time: 0.2090  data_time: 0.0078  memory: 3098  
2026/07/31 01:21:37 - mmengine - INFO - Iter(val) [300/504]    eta: 0:00:44  time: 0.2103  data_time: 0.0079  memory: 3098  
2026/07/31 01:22:01 - mmengine - INFO - Iter(val) [400/504]    eta: 0:00:23  time: 0.2398  data_time: 0.0136  memory: 3098  
2026/07/31 01:22:23 - mmengine - INFO - Iter(val) [500/504]    eta: 0:00:00  time: 0.2212  data_time: 0.0090  memory: 3098  
2026/07/31 01:24:29 - mmengine - INFO - per class results:
2026/07/31 01:24:29 - mmengine - INFO - 
+--------------------+-------+-------+--------+-----------+--------+
|       Class        |  IoU  |  Acc  | Fscore | Precision | Recall |
+--------------------+-------+-------+--------+-----------+--------+
| impervious_surface | 87.06 | 93.19 | 93.08  |   92.98   | 93.19  |
|      building      | 94.33 | 99.19 | 97.08  |   95.07   | 99.19  |
|   low_vegetation   | 82.14 | 91.88 | 90.19  |   88.57   | 91.88  |
|        tree        | 82.97 | 87.35 | 90.69  |    94.3   | 87.35  |
|        car         | 93.13 | 96.05 | 96.44  |   96.84   | 96.05  |
+--------------------+-------+-------+--------+-----------+--------+
2026/07/31 01:24:29 - mmengine - INFO - Iter(val) [504/504]    aAcc: 92.3800  mIoU: 87.9300  mAcc: 93.5300  mFscore: 93.5000  mPrecision: 93.5500  mRecall: 93.5300  data_time: 0.0135  time: 0.2236
2026/07/31 01:24:29 - mmengine - INFO - The previous best checkpoint /mnt/qh2-nas3/00-model/00-fb/fusion_potsdam/work_dirs/dinov3_m2f_gram_4999/best_mIoU_iter_6000.pth is removed
2026/07/31 01:24:44 - mmengine - INFO - The best checkpoint with 87.9300 mIoU at 10000 iter is saved to best_mIoU_iter_10000.pth.
2026/07/31 01:28:34 - mmengine - INFO - Iter(train) [10100/40000]  base_lr: 4.1277e-05 lr: 4.1277e-05  eta: 13:21:46  time: 2.0640  data_time: 0.0164  memory: 9084  grad_norm: 61.1783  loss: 20.0442  decode.loss_cls: 0.0625  decode.loss_mask: 0.9778  decode.loss_dice: 0.9318  decode.d0.loss_cls: 0.1270  decode.d0.loss_mask: 1.1161  decode.d0.loss_dice: 1.0035  decode.d1.loss_cls: 0.0885  decode.d1.loss_mask: 1.0018  decode.d1.loss_dice: 0.9527  decode.d2.loss_cls: 0.0714  decode.d2.loss_mask: 0.9868  decode.d2.loss_dice: 0.9211  decode.d3.loss_cls: 0.0666  decode.d3.loss_mask: 0.9855  decode.d3.loss_dice: 0.9228  decode.d4.loss_cls: 0.0609  decode.d4.loss_mask: 0.9742  decode.d4.loss_dice: 0.9189  decode.d5.loss_cls: 0.0621  decode.d5.loss_mask: 0.9735  decode.d5.loss_dice: 0.9399  decode.d6.loss_cls: 0.0649  decode.d6.loss_mask: 0.9735  decode.d6.loss_dice: 0.9167  decode.d7.loss_cls: 0.0620  decode.d7.loss_mask: 0.9742  decode.d7.loss_dice: 0.9395  decode.d8.loss_cls: 0.0707  decode.d8.loss_mask: 0.9652  decode.d8.loss_dice: 0.9318
2026/07/31 01:32:02 - mmengine - INFO - Iter(train) [10200/40000]  base_lr: 4.1152e-05 lr: 4.1152e-05  eta: 13:21:24  time: 2.1771  data_time: 0.0281  memory: 9084  grad_norm: 69.7806  loss: 21.4002  decode.loss_cls: 0.0396  decode.loss_mask: 1.0391  decode.loss_dice: 1.0295  decode.d0.loss_cls: 0.1050  decode.d0.loss_mask: 1.1263  decode.d0.loss_dice: 1.0881  decode.d1.loss_cls: 0.0485  decode.d1.loss_mask: 1.0564  decode.d1.loss_dice: 1.0336  decode.d2.loss_cls: 0.0516  decode.d2.loss_mask: 1.0413  decode.d2.loss_dice: 1.0466  decode.d3.loss_cls: 0.0413  decode.d3.loss_mask: 1.0450  decode.d3.loss_dice: 1.0259  decode.d4.loss_cls: 0.0392  decode.d4.loss_mask: 1.0442  decode.d4.loss_dice: 1.0292  decode.d5.loss_cls: 0.0474  decode.d5.loss_mask: 1.0298  decode.d5.loss_dice: 1.0340  decode.d6.loss_cls: 0.0466  decode.d6.loss_mask: 1.0520  decode.d6.loss_dice: 1.0316  decode.d7.loss_cls: 0.0415  decode.d7.loss_mask: 1.0451  decode.d7.loss_dice: 1.0299  decode.d8.loss_cls: 0.0390  decode.d8.loss_mask: 1.0364  decode.d8.loss_dice: 1.0365
2026/07/31 01:35:32 - mmengine - INFO - Iter(train) [10300/40000]  base_lr: 4.1028e-05 lr: 4.1028e-05  eta: 13:21:02  time: 2.0537  data_time: 0.0164  memory: 9084  grad_norm: 63.0783  loss: 22.4562  decode.loss_cls: 0.0257  decode.loss_mask: 1.1901  decode.loss_dice: 1.0193  decode.d0.loss_cls: 0.0776  decode.d0.loss_mask: 1.2337  decode.d0.loss_dice: 1.0210  decode.d1.loss_cls: 0.0335  decode.d1.loss_mask: 1.1770  decode.d1.loss_dice: 1.0441  decode.d2.loss_cls: 0.0255  decode.d2.loss_mask: 1.1836  decode.d2.loss_dice: 1.0277  decode.d3.loss_cls: 0.0188  decode.d3.loss_mask: 1.1750  decode.d3.loss_dice: 1.0242  decode.d4.loss_cls: 0.0324  decode.d4.loss_mask: 1.1771  decode.d4.loss_dice: 1.0236  decode.d5.loss_cls: 0.0255  decode.d5.loss_mask: 1.1851  decode.d5.loss_dice: 1.0335  decode.d6.loss_cls: 0.0181  decode.d6.loss_mask: 1.1936  decode.d6.loss_dice: 1.0241  decode.d7.loss_cls: 0.0170  decode.d7.loss_mask: 1.1822  decode.d7.loss_dice: 1.0314  decode.d8.loss_cls: 0.0369  decode.d8.loss_mask: 1.1804  decode.d8.loss_dice: 1.0186
2026/07/31 01:39:07 - mmengine - INFO - Iter(train) [10400/40000]  base_lr: 4.0904e-05 lr: 4.0904e-05  eta: 13:20:51  time: 2.1863  data_time: 0.0303  memory: 9084  grad_norm: 78.8376  loss: 21.2533  decode.loss_cls: 0.1226  decode.loss_mask: 1.0793  decode.loss_dice: 0.9376  decode.d0.loss_cls: 0.2328  decode.d0.loss_mask: 1.0736  decode.d0.loss_dice: 1.0964  decode.d1.loss_cls: 0.1530  decode.d1.loss_mask: 1.0364  decode.d1.loss_dice: 0.9304  decode.d2.loss_cls: 0.1180  decode.d2.loss_mask: 1.0450  decode.d2.loss_dice: 0.9087  decode.d3.loss_cls: 0.1213  decode.d3.loss_mask: 1.0238  decode.d3.loss_dice: 0.8988  decode.d4.loss_cls: 0.1256  decode.d4.loss_mask: 1.0551  decode.d4.loss_dice: 0.9376  decode.d5.loss_cls: 0.1215  decode.d5.loss_mask: 1.0495  decode.d5.loss_dice: 0.9174  decode.d6.loss_cls: 0.1355  decode.d6.loss_mask: 1.0378  decode.d6.loss_dice: 0.9146  decode.d7.loss_cls: 0.1202  decode.d7.loss_mask: 1.0515  decode.d7.loss_dice: 0.9072  decode.d8.loss_cls: 0.1206  decode.d8.loss_mask: 1.0654  decode.d8.loss_dice: 0.9163
2026/07/31 01:42:33 - mmengine - INFO - Iter(train) [10500/40000]  base_lr: 4.0779e-05 lr: 4.0779e-05  eta: 13:20:11  time: 2.0874  data_time: 0.0165  memory: 9076  grad_norm: 65.6568  loss: 20.6976  decode.loss_cls: 0.0123  decode.loss_mask: 1.1289  decode.loss_dice: 0.9037  decode.d0.loss_cls: 0.0847  decode.d0.loss_mask: 1.1862  decode.d0.loss_dice: 0.9191  decode.d1.loss_cls: 0.0236  decode.d1.loss_mask: 1.1397  decode.d1.loss_dice: 0.9145  decode.d2.loss_cls: 0.0143  decode.d2.loss_mask: 1.1416  decode.d2.loss_dice: 0.9064  decode.d3.loss_cls: 0.0123  decode.d3.loss_mask: 1.1413  decode.d3.loss_dice: 0.9002  decode.d4.loss_cls: 0.0150  decode.d4.loss_mask: 1.1393  decode.d4.loss_dice: 0.9010  decode.d5.loss_cls: 0.0143  decode.d5.loss_mask: 1.1387  decode.d5.loss_dice: 0.8961  decode.d6.loss_cls: 0.0123  decode.d6.loss_mask: 1.1376  decode.d6.loss_dice: 0.9028  decode.d7.loss_cls: 0.0128  decode.d7.loss_mask: 1.1380  decode.d7.loss_dice: 0.9055  decode.d8.loss_cls: 0.0126  decode.d8.loss_mask: 1.1329  decode.d8.loss_dice: 0.9098
2026/07/31 01:46:05 - mmengine - INFO - Iter(train) [10600/40000]  base_lr: 4.0655e-05 lr: 4.0655e-05  eta: 13:19:44  time: 2.0873  data_time: 0.0203  memory: 9084  grad_norm: 70.8172  loss: 21.7231  decode.loss_cls: 0.0334  decode.loss_mask: 1.1614  decode.loss_dice: 0.9652  decode.d0.loss_cls: 0.1140  decode.d0.loss_mask: 1.2082  decode.d0.loss_dice: 1.0061  decode.d1.loss_cls: 0.0441  decode.d1.loss_mask: 1.1665  decode.d1.loss_dice: 0.9840  decode.d2.loss_cls: 0.0393  decode.d2.loss_mask: 1.1516  decode.d2.loss_dice: 0.9659  decode.d3.loss_cls: 0.0408  decode.d3.loss_mask: 1.1414  decode.d3.loss_dice: 0.9566  decode.d4.loss_cls: 0.0400  decode.d4.loss_mask: 1.1548  decode.d4.loss_dice: 0.9528  decode.d5.loss_cls: 0.0358  decode.d5.loss_mask: 1.1521  decode.d5.loss_dice: 0.9551  decode.d6.loss_cls: 0.0400  decode.d6.loss_mask: 1.1490  decode.d6.loss_dice: 0.9531  decode.d7.loss_cls: 0.0414  decode.d7.loss_mask: 1.1457  decode.d7.loss_dice: 0.9520  decode.d8.loss_cls: 0.0387  decode.d8.loss_mask: 1.1605  decode.d8.loss_dice: 0.9733
2026/07/31 01:49:38 - mmengine - INFO - Iter(train) [10700/40000]  base_lr: 4.0530e-05 lr: 4.0530e-05  eta: 13:19:17  time: 2.0661  data_time: 0.0167  memory: 9084  grad_norm: 74.0632  loss: 23.4820  decode.loss_cls: 0.0472  decode.loss_mask: 1.2422  decode.loss_dice: 1.0282  decode.d0.loss_cls: 0.1311  decode.d0.loss_mask: 1.2526  decode.d0.loss_dice: 1.1484  decode.d1.loss_cls: 0.0594  decode.d1.loss_mask: 1.2444  decode.d1.loss_dice: 1.0537  decode.d2.loss_cls: 0.0547  decode.d2.loss_mask: 1.2468  decode.d2.loss_dice: 1.0237  decode.d3.loss_cls: 0.0506  decode.d3.loss_mask: 1.2418  decode.d3.loss_dice: 1.0519  decode.d4.loss_cls: 0.0440  decode.d4.loss_mask: 1.2428  decode.d4.loss_dice: 1.0551  decode.d5.loss_cls: 0.0465  decode.d5.loss_mask: 1.2322  decode.d5.loss_dice: 1.0221  decode.d6.loss_cls: 0.0483  decode.d6.loss_mask: 1.2392  decode.d6.loss_dice: 1.0228  decode.d7.loss_cls: 0.0447  decode.d7.loss_mask: 1.2419  decode.d7.loss_dice: 1.0346  decode.d8.loss_cls: 0.0407  decode.d8.loss_mask: 1.2499  decode.d8.loss_dice: 1.0403
2026/07/31 01:53:08 - mmengine - INFO - Iter(train) [10800/40000]  base_lr: 4.0406e-05 lr: 4.0406e-05  eta: 13:18:40  time: 2.1269  data_time: 0.0219  memory: 9084  grad_norm: 58.4167  loss: 16.1447  decode.loss_cls: 0.0487  decode.loss_mask: 0.8448  decode.loss_dice: 0.7027  decode.d0.loss_cls: 0.1619  decode.d0.loss_mask: 0.8954  decode.d0.loss_dice: 0.7738  decode.d1.loss_cls: 0.0599  decode.d1.loss_mask: 0.8287  decode.d1.loss_dice: 0.7133  decode.d2.loss_cls: 0.0569  decode.d2.loss_mask: 0.8340  decode.d2.loss_dice: 0.7099  decode.d3.loss_cls: 0.0489  decode.d3.loss_mask: 0.8293  decode.d3.loss_dice: 0.7105  decode.d4.loss_cls: 0.0472  decode.d4.loss_mask: 0.8267  decode.d4.loss_dice: 0.7079  decode.d5.loss_cls: 0.0513  decode.d5.loss_mask: 0.8357  decode.d5.loss_dice: 0.6976  decode.d6.loss_cls: 0.0538  decode.d6.loss_mask: 0.8331  decode.d6.loss_dice: 0.6927  decode.d7.loss_cls: 0.0600  decode.d7.loss_mask: 0.8352  decode.d7.loss_dice: 0.6955  decode.d8.loss_cls: 0.0561  decode.d8.loss_mask: 0.8397  decode.d8.loss_dice: 0.6935
2026/07/31 01:56:41 - mmengine - INFO - Iter(train) [10900/40000]  base_lr: 4.0281e-05 lr: 4.0281e-05  eta: 13:18:06  time: 2.0850  data_time: 0.0192  memory: 9084  grad_norm: 39.8805  loss: 14.1598  decode.loss_cls: 0.0412  decode.loss_mask: 0.6734  decode.loss_dice: 0.6809  decode.d0.loss_cls: 0.1275  decode.d0.loss_mask: 0.7072  decode.d0.loss_dice: 0.7510  decode.d1.loss_cls: 0.0452  decode.d1.loss_mask: 0.6755  decode.d1.loss_dice: 0.6990  decode.d2.loss_cls: 0.0366  decode.d2.loss_mask: 0.6763  decode.d2.loss_dice: 0.6902  decode.d3.loss_cls: 0.0332  decode.d3.loss_mask: 0.6768  decode.d3.loss_dice: 0.6844  decode.d4.loss_cls: 0.0364  decode.d4.loss_mask: 0.6768  decode.d4.loss_dice: 0.6767  decode.d5.loss_cls: 0.0290  decode.d5.loss_mask: 0.6759  decode.d5.loss_dice: 0.6807  decode.d6.loss_cls: 0.0390  decode.d6.loss_mask: 0.6768  decode.d6.loss_dice: 0.6751  decode.d7.loss_cls: 0.0338  decode.d7.loss_mask: 0.6768  decode.d7.loss_dice: 0.6820  decode.d8.loss_cls: 0.0388  decode.d8.loss_mask: 0.6753  decode.d8.loss_dice: 0.6882
2026/07/31 02:00:11 - mmengine - INFO - Exp name: dinov3_m2f_gram_4999_20260730_204508
2026/07/31 02:00:11 - mmengine - INFO - Iter(train) [11000/40000]  base_lr: 4.0157e-05 lr: 4.0157e-05  eta: 13:17:21  time: 2.0415  data_time: 0.0168  memory: 9084  grad_norm: 56.2430  loss: 18.8552  decode.loss_cls: 0.0390  decode.loss_mask: 0.9778  decode.loss_dice: 0.8481  decode.d0.loss_cls: 0.1091  decode.d0.loss_mask: 1.0185  decode.d0.loss_dice: 0.8960  decode.d1.loss_cls: 0.0613  decode.d1.loss_mask: 0.9894  decode.d1.loss_dice: 0.8746  decode.d2.loss_cls: 0.0589  decode.d2.loss_mask: 0.9783  decode.d2.loss_dice: 0.8642  decode.d3.loss_cls: 0.0455  decode.d3.loss_mask: 0.9707  decode.d3.loss_dice: 0.8463  decode.d4.loss_cls: 0.0482  decode.d4.loss_mask: 0.9737  decode.d4.loss_dice: 0.8470  decode.d5.loss_cls: 0.0422  decode.d5.loss_mask: 0.9648  decode.d5.loss_dice: 0.8466  decode.d6.loss_cls: 0.0355  decode.d6.loss_mask: 0.9697  decode.d6.loss_dice: 0.8436  decode.d7.loss_cls: 0.0457  decode.d7.loss_mask: 0.9683  decode.d7.loss_dice: 0.8396  decode.d8.loss_cls: 0.0417  decode.d8.loss_mask: 0.9691  decode.d8.loss_dice: 0.8415
2026/07/31 02:03:42 - mmengine - INFO - Iter(train) [11100/40000]  base_lr: 4.0032e-05 lr: 4.0032e-05  eta: 13:16:35  time: 2.1228  data_time: 0.0251  memory: 9084  grad_norm: 73.0097  loss: 18.0304  decode.loss_cls: 0.0589  decode.loss_mask: 0.9355  decode.loss_dice: 0.7735  decode.d0.loss_cls: 0.1353  decode.d0.loss_mask: 1.0151  decode.d0.loss_dice: 0.8570  decode.d1.loss_cls: 0.0522  decode.d1.loss_mask: 0.9581  decode.d1.loss_dice: 0.8027  decode.d2.loss_cls: 0.0499  decode.d2.loss_mask: 0.9552  decode.d2.loss_dice: 0.7848  decode.d3.loss_cls: 0.0484  decode.d3.loss_mask: 0.9570  decode.d3.loss_dice: 0.7813  decode.d4.loss_cls: 0.0506  decode.d4.loss_mask: 0.9529  decode.d4.loss_dice: 0.7897  decode.d5.loss_cls: 0.0638  decode.d5.loss_mask: 0.9281  decode.d5.loss_dice: 0.7713  decode.d6.loss_cls: 0.0491  decode.d6.loss_mask: 0.9517  decode.d6.loss_dice: 0.7825  decode.d7.loss_cls: 0.0558  decode.d7.loss_mask: 0.9362  decode.d7.loss_dice: 0.7592  decode.d8.loss_cls: 0.0485  decode.d8.loss_mask: 0.9460  decode.d8.loss_dice: 0.7803
2026/07/31 02:07:05 - mmengine - INFO - Iter(train) [11200/40000]  base_lr: 3.9907e-05 lr: 3.9907e-05  eta: 13:15:27  time: 2.0881  data_time: 0.0158  memory: 9084  grad_norm: 60.4546  loss: 19.8557  decode.loss_cls: 0.0110  decode.loss_mask: 1.0482  decode.loss_dice: 0.9146  decode.d0.loss_cls: 0.0788  decode.d0.loss_mask: 1.1027  decode.d0.loss_dice: 0.9326  decode.d1.loss_cls: 0.0202  decode.d1.loss_mask: 1.0550  decode.d1.loss_dice: 0.9144  decode.d2.loss_cls: 0.0094  decode.d2.loss_mask: 1.0519  decode.d2.loss_dice: 0.9159  decode.d3.loss_cls: 0.0081  decode.d3.loss_mask: 1.0564  decode.d3.loss_dice: 0.9133  decode.d4.loss_cls: 0.0085  decode.d4.loss_mask: 1.0474  decode.d4.loss_dice: 0.9075  decode.d5.loss_cls: 0.0072  decode.d5.loss_mask: 1.0483  decode.d5.loss_dice: 0.9168  decode.d6.loss_cls: 0.0072  decode.d6.loss_mask: 1.0494  decode.d6.loss_dice: 0.9172  decode.d7.loss_cls: 0.0084  decode.d7.loss_mask: 1.0416  decode.d7.loss_dice: 0.9030  decode.d8.loss_cls: 0.0083  decode.d8.loss_mask: 1.0449  decode.d8.loss_dice: 0.9075
2026/07/31 02:10:39 - mmengine - INFO - Iter(train) [11300/40000]  base_lr: 3.9783e-05 lr: 3.9783e-05  eta: 13:14:44  time: 2.1751  data_time: 0.0279  memory: 9084  grad_norm: 91.8681  loss: 22.5959  decode.loss_cls: 0.1176  decode.loss_mask: 1.1139  decode.loss_dice: 0.9737  decode.d0.loss_cls: 0.2110  decode.d0.loss_mask: 1.1939  decode.d0.loss_dice: 1.0623  decode.d1.loss_cls: 0.1527  decode.d1.loss_mask: 1.1218  decode.d1.loss_dice: 0.9974  decode.d2.loss_cls: 0.1273  decode.d2.loss_mask: 1.1259  decode.d2.loss_dice: 0.9825  decode.d3.loss_cls: 0.1265  decode.d3.loss_mask: 1.1294  decode.d3.loss_dice: 0.9756  decode.d4.loss_cls: 0.1180  decode.d4.loss_mask: 1.1446  decode.d4.loss_dice: 0.9913  decode.d5.loss_cls: 0.1289  decode.d5.loss_mask: 1.1313  decode.d5.loss_dice: 0.9732  decode.d6.loss_cls: 0.1086  decode.d6.loss_mask: 1.1380  decode.d6.loss_dice: 0.9904  decode.d7.loss_cls: 0.1342  decode.d7.loss_mask: 1.1226  decode.d7.loss_dice: 0.9760  decode.d8.loss_cls: 0.1187  decode.d8.loss_mask: 1.1258  decode.d8.loss_dice: 0.9827
2026/07/31 02:14:10 - mmengine - INFO - Iter(train) [11400/40000]  base_lr: 3.9658e-05 lr: 3.9658e-05  eta: 13:13:50  time: 2.0644  data_time: 0.0162  memory: 9076  grad_norm: 49.8925  loss: 16.6364  decode.loss_cls: 0.0235  decode.loss_mask: 0.8842  decode.loss_dice: 0.7493  decode.d0.loss_cls: 0.0937  decode.d0.loss_mask: 0.8837  decode.d0.loss_dice: 0.8018  decode.d1.loss_cls: 0.0230  decode.d1.loss_mask: 0.8827  decode.d1.loss_dice: 0.7512  decode.d2.loss_cls: 0.0234  decode.d2.loss_mask: 0.8768  decode.d2.loss_dice: 0.7563  decode.d3.loss_cls: 0.0250  decode.d3.loss_mask: 0.8905  decode.d3.loss_dice: 0.7427  decode.d4.loss_cls: 0.0248  decode.d4.loss_mask: 0.8893  decode.d4.loss_dice: 0.7387  decode.d5.loss_cls: 0.0236  decode.d5.loss_mask: 0.8892  decode.d5.loss_dice: 0.7304  decode.d6.loss_cls: 0.0187  decode.d6.loss_mask: 0.8879  decode.d6.loss_dice: 0.7427  decode.d7.loss_cls: 0.0166  decode.d7.loss_mask: 0.8830  decode.d7.loss_dice: 0.7366  decode.d8.loss_cls: 0.0230  decode.d8.loss_mask: 0.8804  decode.d8.loss_dice: 0.7437
2026/07/31 02:17:43 - mmengine - INFO - Iter(train) [11500/40000]  base_lr: 3.9533e-05 lr: 3.9533e-05  eta: 13:12:59  time: 2.2197  data_time: 0.0302  memory: 9084  grad_norm: 42.9847  loss: 17.1256  decode.loss_cls: 0.0206  decode.loss_mask: 0.9149  decode.loss_dice: 0.7745  decode.d0.loss_cls: 0.0788  decode.d0.loss_mask: 0.9415  decode.d0.loss_dice: 0.7817  decode.d1.loss_cls: 0.0239  decode.d1.loss_mask: 0.9088  decode.d1.loss_dice: 0.7830  decode.d2.loss_cls: 0.0197  decode.d2.loss_mask: 0.9037  decode.d2.loss_dice: 0.7726  decode.d3.loss_cls: 0.0173  decode.d3.loss_mask: 0.9121  decode.d3.loss_dice: 0.7780  decode.d4.loss_cls: 0.0184  decode.d4.loss_mask: 0.9109  decode.d4.loss_dice: 0.7757  decode.d5.loss_cls: 0.0218  decode.d5.loss_mask: 0.9110  decode.d5.loss_dice: 0.7669  decode.d6.loss_cls: 0.0188  decode.d6.loss_mask: 0.9081  decode.d6.loss_dice: 0.7610  decode.d7.loss_cls: 0.0185  decode.d7.loss_mask: 0.9108  decode.d7.loss_dice: 0.7723  decode.d8.loss_cls: 0.0180  decode.d8.loss_mask: 0.9109  decode.d8.loss_dice: 0.7715
2026/07/31 02:21:15 - mmengine - INFO - Iter(train) [11600/40000]  base_lr: 3.9408e-05 lr: 3.9408e-05  eta: 13:12:02  time: 2.0879  data_time: 0.0166  memory: 9084  grad_norm: 60.3986  loss: 20.0494  decode.loss_cls: 0.0235  decode.loss_mask: 1.0465  decode.loss_dice: 0.9197  decode.d0.loss_cls: 0.0955  decode.d0.loss_mask: 1.0838  decode.d0.loss_dice: 0.9459  decode.d1.loss_cls: 0.0356  decode.d1.loss_mask: 1.0592  decode.d1.loss_dice: 0.9041  decode.d2.loss_cls: 0.0243  decode.d2.loss_mask: 1.0560  decode.d2.loss_dice: 0.9180  decode.d3.loss_cls: 0.0229  decode.d3.loss_mask: 1.0636  decode.d3.loss_dice: 0.9042  decode.d4.loss_cls: 0.0185  decode.d4.loss_mask: 1.0562  decode.d4.loss_dice: 0.9167  decode.d5.loss_cls: 0.0202  decode.d5.loss_mask: 1.0534  decode.d5.loss_dice: 0.9188  decode.d6.loss_cls: 0.0189  decode.d6.loss_mask: 1.0493  decode.d6.loss_dice: 0.9120  decode.d7.loss_cls: 0.0223  decode.d7.loss_mask: 1.0499  decode.d7.loss_dice: 0.9216  decode.d8.loss_cls: 0.0288  decode.d8.loss_mask: 1.0501  decode.d8.loss_dice: 0.9098
2026/07/31 02:24:46 - mmengine - INFO - Iter(train) [11700/40000]  base_lr: 3.9283e-05 lr: 3.9283e-05  eta: 13:11:02  time: 2.1642  data_time: 0.0297  memory: 9076  grad_norm: 66.4916  loss: 19.2894  decode.loss_cls: 0.0625  decode.loss_mask: 0.9784  decode.loss_dice: 0.8918  decode.d0.loss_cls: 0.1236  decode.d0.loss_mask: 1.0019  decode.d0.loss_dice: 1.0116  decode.d1.loss_cls: 0.0728  decode.d1.loss_mask: 0.9582  decode.d1.loss_dice: 0.8780  decode.d2.loss_cls: 0.0724  decode.d2.loss_mask: 0.9517  decode.d2.loss_dice: 0.8670  decode.d3.loss_cls: 0.0720  decode.d3.loss_mask: 0.9592  decode.d3.loss_dice: 0.8833  decode.d4.loss_cls: 0.0666  decode.d4.loss_mask: 0.9535  decode.d4.loss_dice: 0.8759  decode.d5.loss_cls: 0.0619  decode.d5.loss_mask: 0.9557  decode.d5.loss_dice: 0.8757  decode.d6.loss_cls: 0.0646  decode.d6.loss_mask: 0.9610  decode.d6.loss_dice: 0.8687  decode.d7.loss_cls: 0.0680  decode.d7.loss_mask: 0.9706  decode.d7.loss_dice: 0.8695  decode.d8.loss_cls: 0.0578  decode.d8.loss_mask: 0.9758  decode.d8.loss_dice: 0.8800
2026/07/31 02:28:16 - mmengine - INFO - Iter(train) [11800/40000]  base_lr: 3.9158e-05 lr: 3.9158e-05  eta: 13:09:55  time: 2.0695  data_time: 0.0166  memory: 9084  grad_norm: 76.6590  loss: 20.2359  decode.loss_cls: 0.0759  decode.loss_mask: 0.9830  decode.loss_dice: 0.8746  decode.d0.loss_cls: 0.1839  decode.d0.loss_mask: 1.1063  decode.d0.loss_dice: 1.0645  decode.d1.loss_cls: 0.0936  decode.d1.loss_mask: 1.0131  decode.d1.loss_dice: 0.9594  decode.d2.loss_cls: 0.0802  decode.d2.loss_mask: 1.0078  decode.d2.loss_dice: 0.9430  decode.d3.loss_cls: 0.0813  decode.d3.loss_mask: 0.9963  decode.d3.loss_dice: 0.9077  decode.d4.loss_cls: 0.0765  decode.d4.loss_mask: 0.9997  decode.d4.loss_dice: 0.9024  decode.d5.loss_cls: 0.0767  decode.d5.loss_mask: 1.0036  decode.d5.loss_dice: 0.9013  decode.d6.loss_cls: 0.0777  decode.d6.loss_mask: 1.0048  decode.d6.loss_dice: 0.8971  decode.d7.loss_cls: 0.0785  decode.d7.loss_mask: 0.9977  decode.d7.loss_dice: 0.8856  decode.d8.loss_cls: 0.0777  decode.d8.loss_mask: 0.9992  decode.d8.loss_dice: 0.8871
2026/07/31 02:31:05 - mmengine - INFO - Iter(train) [11900/40000]  base_lr: 3.9033e-05 lr: 3.9033e-05  eta: 13:07:08  time: 2.0678  data_time: 0.0213  memory: 9084  grad_norm: 70.4672  loss: 17.4332  decode.loss_cls: 0.0530  decode.loss_mask: 0.9102  decode.loss_dice: 0.7716  decode.d0.loss_cls: 0.1886  decode.d0.loss_mask: 0.9204  decode.d0.loss_dice: 0.8121  decode.d1.loss_cls: 0.0696  decode.d1.loss_mask: 0.8996  decode.d1.loss_dice: 0.7767  decode.d2.loss_cls: 0.0591  decode.d2.loss_mask: 0.9000  decode.d2.loss_dice: 0.7678  decode.d3.loss_cls: 0.0542  decode.d3.loss_mask: 0.8943  decode.d3.loss_dice: 0.7599  decode.d4.loss_cls: 0.0588  decode.d4.loss_mask: 0.8976  decode.d4.loss_dice: 0.7680  decode.d5.loss_cls: 0.0487  decode.d5.loss_mask: 0.8970  decode.d5.loss_dice: 0.7377  decode.d6.loss_cls: 0.0563  decode.d6.loss_mask: 0.9040  decode.d6.loss_dice: 0.7704  decode.d7.loss_cls: 0.0494  decode.d7.loss_mask: 0.9132  decode.d7.loss_dice: 0.7698  decode.d8.loss_cls: 0.0483  decode.d8.loss_mask: 0.9125  decode.d8.loss_dice: 0.7645
2026/07/31 02:34:34 - mmengine - INFO - Exp name: dinov3_m2f_gram_4999_20260730_204508
2026/07/31 02:34:34 - mmengine - INFO - Iter(train) [12000/40000]  base_lr: 3.8908e-05 lr: 3.8908e-05  eta: 13:05:56  time: 2.0819  data_time: 0.0171  memory: 9084  grad_norm: 62.7172  loss: 20.6686  decode.loss_cls: 0.0493  decode.loss_mask: 1.0115  decode.loss_dice: 0.9716  decode.d0.loss_cls: 0.1193  decode.d0.loss_mask: 1.0670  decode.d0.loss_dice: 1.0219  decode.d1.loss_cls: 0.0718  decode.d1.loss_mask: 1.0327  decode.d1.loss_dice: 0.9733  decode.d2.loss_cls: 0.0635  decode.d2.loss_mask: 1.0299  decode.d2.loss_dice: 0.9748  decode.d3.loss_cls: 0.0528  decode.d3.loss_mask: 1.0207  decode.d3.loss_dice: 0.9815  decode.d4.loss_cls: 0.0499  decode.d4.loss_mask: 1.0111  decode.d4.loss_dice: 0.9800  decode.d5.loss_cls: 0.0487  decode.d5.loss_mask: 1.0223  decode.d5.loss_dice: 0.9800  decode.d6.loss_cls: 0.0508  decode.d6.loss_mask: 1.0226  decode.d6.loss_dice: 0.9763  decode.d7.loss_cls: 0.0499  decode.d7.loss_mask: 1.0192  decode.d7.loss_dice: 0.9723  decode.d8.loss_cls: 0.0515  decode.d8.loss_mask: 1.0157  decode.d8.loss_dice: 0.9767
2026/07/31 02:34:34 - mmengine - INFO - Saving checkpoint at 12000 iterations
2026/07/31 02:35:20 - mmengine - INFO - Iter(val) [100/504]    eta: 0:01:35  time: 0.2087  data_time: 0.0082  memory: 3098  
2026/07/31 02:35:41 - mmengine - INFO - Iter(val) [200/504]    eta: 0:01:08  time: 0.2108  data_time: 0.0082  memory: 3098  
2026/07/31 02:36:02 - mmengine - INFO - Iter(val) [300/504]    eta: 0:00:44  time: 0.2092  data_time: 0.0072  memory: 3098  
2026/07/31 02:36:26 - mmengine - INFO - Iter(val) [400/504]    eta: 0:00:23  time: 0.2163  data_time: 0.0095  memory: 3098  
2026/07/31 02:36:47 - mmengine - INFO - Iter(val) [500/504]    eta: 0:00:00  time: 0.2119  data_time: 0.0085  memory: 3098  
2026/07/31 02:38:56 - mmengine - INFO - per class results:
2026/07/31 02:38:56 - mmengine - INFO - 
+--------------------+-------+-------+--------+-----------+--------+
|       Class        |  IoU  |  Acc  | Fscore | Precision | Recall |
+--------------------+-------+-------+--------+-----------+--------+
| impervious_surface | 86.11 | 90.92 | 92.54  |   94.22   | 90.92  |
|      building      | 94.95 | 97.59 | 97.41  |   97.22   | 97.59  |
|   low_vegetation   | 80.46 | 95.51 | 89.17  |   83.62   | 95.51  |
|        tree        | 79.59 |  82.8 | 88.64  |   95.36   |  82.8  |
|        car         |  91.6 | 94.61 | 95.62  |   96.64   | 94.61  |
+--------------------+-------+-------+--------+-----------+--------+
2026/07/31 02:38:56 - mmengine - INFO - Iter(val) [504/504]    aAcc: 91.4200  mIoU: 86.5400  mAcc: 92.2900  mFscore: 92.6700  mPrecision: 93.4100  mRecall: 92.2900  data_time: 0.0122  time: 0.2215
2026/07/31 02:42:30 - mmengine - INFO - Iter(train) [12100/40000]  base_lr: 3.8783e-05 lr: 3.8783e-05  eta: 13:09:49  time: 2.3682  data_time: 0.3249  memory: 9084  grad_norm: 72.4442  loss: 17.1802  decode.loss_cls: 0.0315  decode.loss_mask: 0.9153  decode.loss_dice: 0.7357  decode.d0.loss_cls: 0.1407  decode.d0.loss_mask: 0.9785  decode.d0.loss_dice: 0.8155  decode.d1.loss_cls: 0.0313  decode.d1.loss_mask: 0.9507  decode.d1.loss_dice: 0.7382  decode.d2.loss_cls: 0.0302  decode.d2.loss_mask: 0.9422  decode.d2.loss_dice: 0.7330  decode.d3.loss_cls: 0.0303  decode.d3.loss_mask: 0.9342  decode.d3.loss_dice: 0.7382  decode.d4.loss_cls: 0.0277  decode.d4.loss_mask: 0.9310  decode.d4.loss_dice: 0.7391  decode.d5.loss_cls: 0.0277  decode.d5.loss_mask: 0.9191  decode.d5.loss_dice: 0.7305  decode.d6.loss_cls: 0.0296  decode.d6.loss_mask: 0.9197  decode.d6.loss_dice: 0.7308  decode.d7.loss_cls: 0.0300  decode.d7.loss_mask: 0.9097  decode.d7.loss_dice: 0.7396  decode.d8.loss_cls: 0.0311  decode.d8.loss_mask: 0.9188  decode.d8.loss_dice: 0.7503
2026/07/31 02:46:01 - mmengine - INFO - Iter(train) [12200/40000]  base_lr: 3.8658e-05 lr: 3.8658e-05  eta: 13:08:32  time: 2.1576  data_time: 0.0222  memory: 9076  grad_norm: 121.1426  loss: 19.1166  decode.loss_cls: 0.0249  decode.loss_mask: 1.0342  decode.loss_dice: 0.8450  decode.d0.loss_cls: 0.1762  decode.d0.loss_mask: 1.0522  decode.d0.loss_dice: 0.9042  decode.d1.loss_cls: 0.0474  decode.d1.loss_mask: 1.0215  decode.d1.loss_dice: 0.8179  decode.d2.loss_cls: 0.0332  decode.d2.loss_mask: 1.0158  decode.d2.loss_dice: 0.8154  decode.d3.loss_cls: 0.0297  decode.d3.loss_mask: 1.0213  decode.d3.loss_dice: 0.8152  decode.d4.loss_cls: 0.0361  decode.d4.loss_mask: 1.0265  decode.d4.loss_dice: 0.8311  decode.d5.loss_cls: 0.0333  decode.d5.loss_mask: 1.0186  decode.d5.loss_dice: 0.8313  decode.d6.loss_cls: 0.0341  decode.d6.loss_mask: 1.0153  decode.d6.loss_dice: 0.8310  decode.d7.loss_cls: 0.0408  decode.d7.loss_mask: 1.0257  decode.d7.loss_dice: 0.8428  decode.d8.loss_cls: 0.0254  decode.d8.loss_mask: 1.0326  decode.d8.loss_dice: 0.8380
2026/07/31 02:49:32 - mmengine - INFO - Iter(train) [12300/40000]  base_lr: 3.8533e-05 lr: 3.8533e-05  eta: 13:07:15  time: 2.0848  data_time: 0.0176  memory: 9076  grad_norm: 50.1866  loss: 16.9255  decode.loss_cls: 0.0134  decode.loss_mask: 0.8575  decode.loss_dice: 0.8110  decode.d0.loss_cls: 0.0803  decode.d0.loss_mask: 0.8912  decode.d0.loss_dice: 0.8192  decode.d1.loss_cls: 0.0188  decode.d1.loss_mask: 0.8709  decode.d1.loss_dice: 0.8056  decode.d2.loss_cls: 0.0126  decode.d2.loss_mask: 0.8685  decode.d2.loss_dice: 0.8111  decode.d3.loss_cls: 0.0101  decode.d3.loss_mask: 0.8650  decode.d3.loss_dice: 0.8013  decode.d4.loss_cls: 0.0045  decode.d4.loss_mask: 0.8654  decode.d4.loss_dice: 0.8112  decode.d5.loss_cls: 0.0122  decode.d5.loss_mask: 0.8623  decode.d5.loss_dice: 0.8094  decode.d6.loss_cls: 0.0098  decode.d6.loss_mask: 0.8628  decode.d6.loss_dice: 0.7977  decode.d7.loss_cls: 0.0109  decode.d7.loss_mask: 0.8647  decode.d7.loss_dice: 0.8010  decode.d8.loss_cls: 0.0113  decode.d8.loss_mask: 0.8610  decode.d8.loss_dice: 0.8047
2026/07/31 02:53:04 - mmengine - INFO - Iter(train) [12400/40000]  base_lr: 3.8408e-05 lr: 3.8408e-05  eta: 13:05:57  time: 2.2289  data_time: 0.0276  memory: 9084  grad_norm: 33.8835  loss: 8.9350  decode.loss_cls: 0.0256  decode.loss_mask: 0.4489  decode.loss_dice: 0.4144  decode.d0.loss_cls: 0.1234  decode.d0.loss_mask: 0.4534  decode.d0.loss_dice: 0.4753  decode.d1.loss_cls: 0.0447  decode.d1.loss_mask: 0.4401  decode.d1.loss_dice: 0.3992  decode.d2.loss_cls: 0.0416  decode.d2.loss_mask: 0.4407  decode.d2.loss_dice: 0.4222  decode.d3.loss_cls: 0.0283  decode.d3.loss_mask: 0.4465  decode.d3.loss_dice: 0.4000  decode.d4.loss_cls: 0.0311  decode.d4.loss_mask: 0.4436  decode.d4.loss_dice: 0.4067  decode.d5.loss_cls: 0.0199  decode.d5.loss_mask: 0.4445  decode.d5.loss_dice: 0.3980  decode.d6.loss_cls: 0.0208  decode.d6.loss_mask: 0.4437  decode.d6.loss_dice: 0.4027  decode.d7.loss_cls: 0.0252  decode.d7.loss_mask: 0.4429  decode.d7.loss_dice: 0.3914  decode.d8.loss_cls: 0.0227  decode.d8.loss_mask: 0.4453  decode.d8.loss_dice: 0.3921
2026/07/31 02:56:28 - mmengine - INFO - Iter(train) [12500/40000]  base_lr: 3.8282e-05 lr: 3.8282e-05  eta: 13:04:19  time: 2.0977  data_time: 0.0181  memory: 9084  grad_norm: 78.4761  loss: 20.6584  decode.loss_cls: 0.0398  decode.loss_mask: 1.1186  decode.loss_dice: 0.8948  decode.d0.loss_cls: 0.1291  decode.d0.loss_mask: 1.1698  decode.d0.loss_dice: 0.9538  decode.d1.loss_cls: 0.0507  decode.d1.loss_mask: 1.1187  decode.d1.loss_dice: 0.8965  decode.d2.loss_cls: 0.0438  decode.d2.loss_mask: 1.1024  decode.d2.loss_dice: 0.8920  decode.d3.loss_cls: 0.0413  decode.d3.loss_mask: 1.0997  decode.d3.loss_dice: 0.8895  decode.d4.loss_cls: 0.0410  decode.d4.loss_mask: 1.1037  decode.d4.loss_dice: 0.8987  decode.d5.loss_cls: 0.0401  decode.d5.loss_mask: 1.1080  decode.d5.loss_dice: 0.8954  decode.d6.loss_cls: 0.0371  decode.d6.loss_mask: 1.1053  decode.d6.loss_dice: 0.8872  decode.d7.loss_cls: 0.0375  decode.d7.loss_mask: 1.1163  decode.d7.loss_dice: 0.8965  decode.d8.loss_cls: 0.0376  decode.d8.loss_mask: 1.1193  decode.d8.loss_dice: 0.8941
2026/07/31 03:00:00 - mmengine - INFO - Iter(train) [12600/40000]  base_lr: 3.8157e-05 lr: 3.8157e-05  eta: 13:02:56  time: 2.1332  data_time: 0.0191  memory: 9076  grad_norm: 48.4033  loss: 13.0014  decode.loss_cls: 0.0426  decode.loss_mask: 0.6315  decode.loss_dice: 0.6071  decode.d0.loss_cls: 0.1418  decode.d0.loss_mask: 0.6707  decode.d0.loss_dice: 0.7041  decode.d1.loss_cls: 0.0527  decode.d1.loss_mask: 0.6270  decode.d1.loss_dice: 0.6055  decode.d2.loss_cls: 0.0441  decode.d2.loss_mask: 0.6253  decode.d2.loss_dice: 0.6298  decode.d3.loss_cls: 0.0399  decode.d3.loss_mask: 0.6246  decode.d3.loss_dice: 0.5959  decode.d4.loss_cls: 0.0440  decode.d4.loss_mask: 0.6292  decode.d4.loss_dice: 0.6030  decode.d5.loss_cls: 0.0373  decode.d5.loss_mask: 0.6266  decode.d5.loss_dice: 0.5915  decode.d6.loss_cls: 0.0406  decode.d6.loss_mask: 0.6248  decode.d6.loss_dice: 0.6025  decode.d7.loss_cls: 0.0443  decode.d7.loss_mask: 0.6295  decode.d7.loss_dice: 0.6149  decode.d8.loss_cls: 0.0441  decode.d8.loss_mask: 0.6290  decode.d8.loss_dice: 0.5973
2026/07/31 03:03:33 - mmengine - INFO - Iter(train) [12700/40000]  base_lr: 3.8032e-05 lr: 3.8032e-05  eta: 13:01:34  time: 2.1653  data_time: 0.0250  memory: 9084  grad_norm: 60.1521  loss: 20.0075  decode.loss_cls: 0.0118  decode.loss_mask: 1.1001  decode.loss_dice: 0.8850  decode.d0.loss_cls: 0.1108  decode.d0.loss_mask: 1.1437  decode.d0.loss_dice: 0.8636  decode.d1.loss_cls: 0.0253  decode.d1.loss_mask: 1.0972  decode.d1.loss_dice: 0.8718  decode.d2.loss_cls: 0.0236  decode.d2.loss_mask: 1.0958  decode.d2.loss_dice: 0.8736  decode.d3.loss_cls: 0.0210  decode.d3.loss_mask: 1.0931  decode.d3.loss_dice: 0.8666  decode.d4.loss_cls: 0.0179  decode.d4.loss_mask: 1.1000  decode.d4.loss_dice: 0.8610  decode.d5.loss_cls: 0.0166  decode.d5.loss_mask: 1.0969  decode.d5.loss_dice: 0.8644  decode.d6.loss_cls: 0.0208  decode.d6.loss_mask: 1.0995  decode.d6.loss_dice: 0.8598  decode.d7.loss_cls: 0.0194  decode.d7.loss_mask: 1.0989  decode.d7.loss_dice: 0.8725  decode.d8.loss_cls: 0.0109  decode.d8.loss_mask: 1.1029  decode.d8.loss_dice: 0.8829
2026/07/31 03:07:03 - mmengine - INFO - Iter(train) [12800/40000]  base_lr: 3.7906e-05 lr: 3.7906e-05  eta: 13:00:03  time: 2.0502  data_time: 0.0165  memory: 9084  grad_norm: 72.7240  loss: 18.0688  decode.loss_cls: 0.0301  decode.loss_mask: 0.9228  decode.loss_dice: 0.8195  decode.d0.loss_cls: 0.1264  decode.d0.loss_mask: 0.9669  decode.d0.loss_dice: 0.8396  decode.d1.loss_cls: 0.0383  decode.d1.loss_mask: 0.9301  decode.d1.loss_dice: 0.8427  decode.d2.loss_cls: 0.0118  decode.d2.loss_mask: 0.9430  decode.d2.loss_dice: 0.8488  decode.d3.loss_cls: 0.0364  decode.d3.loss_mask: 0.9235  decode.d3.loss_dice: 0.8336  decode.d4.loss_cls: 0.0270  decode.d4.loss_mask: 0.9330  decode.d4.loss_dice: 0.8285  decode.d5.loss_cls: 0.0270  decode.d5.loss_mask: 0.9316  decode.d5.loss_dice: 0.8340  decode.d6.loss_cls: 0.0284  decode.d6.loss_mask: 0.9345  decode.d6.loss_dice: 0.8310  decode.d7.loss_cls: 0.0278  decode.d7.loss_mask: 0.9351  decode.d7.loss_dice: 0.8348  decode.d8.loss_cls: 0.0294  decode.d8.loss_mask: 0.9225  decode.d8.loss_dice: 0.8307
2026/07/31 03:10:35 - mmengine - INFO - Iter(train) [12900/40000]  base_lr: 3.7781e-05 lr: 3.7781e-05  eta: 12:58:36  time: 2.0961  data_time: 0.0201  memory: 9084  grad_norm: 72.8322  loss: 20.8451  decode.loss_cls: 0.0189  decode.loss_mask: 1.0813  decode.loss_dice: 0.9820  decode.d0.loss_cls: 0.0879  decode.d0.loss_mask: 1.1148  decode.d0.loss_dice: 0.9446  decode.d1.loss_cls: 0.0238  decode.d1.loss_mask: 1.0896  decode.d1.loss_dice: 0.9804  decode.d2.loss_cls: 0.0194  decode.d2.loss_mask: 1.0749  decode.d2.loss_dice: 0.9814  decode.d3.loss_cls: 0.0206  decode.d3.loss_mask: 1.0673  decode.d3.loss_dice: 0.9733  decode.d4.loss_cls: 0.0169  decode.d4.loss_mask: 1.0757  decode.d4.loss_dice: 0.9853  decode.d5.loss_cls: 0.0127  decode.d5.loss_mask: 1.0872  decode.d5.loss_dice: 0.9807  decode.d6.loss_cls: 0.0138  decode.d6.loss_mask: 1.0903  decode.d6.loss_dice: 0.9767  decode.d7.loss_cls: 0.0183  decode.d7.loss_mask: 1.0798  decode.d7.loss_dice: 0.9715  decode.d8.loss_cls: 0.0182  decode.d8.loss_mask: 1.0789  decode.d8.loss_dice: 0.9790
2026/07/31 03:14:09 - mmengine - INFO - Exp name: dinov3_m2f_gram_4999_20260730_204508
2026/07/31 03:14:09 - mmengine - INFO - Iter(train) [13000/40000]  base_lr: 3.7655e-05 lr: 3.7655e-05  eta: 12:57:09  time: 2.0617  data_time: 0.0162  memory: 9084  grad_norm: 97.3287  loss: 22.2732  decode.loss_cls: 0.0863  decode.loss_mask: 1.2375  decode.loss_dice: 0.9129  decode.d0.loss_cls: 0.1689  decode.d0.loss_mask: 1.2475  decode.d0.loss_dice: 0.9431  decode.d1.loss_cls: 0.0739  decode.d1.loss_mask: 1.2382  decode.d1.loss_dice: 0.9135  decode.d2.loss_cls: 0.0883  decode.d2.loss_mask: 1.2362  decode.d2.loss_dice: 0.8958  decode.d3.loss_cls: 0.0927  decode.d3.loss_mask: 1.2298  decode.d3.loss_dice: 0.9004  decode.d4.loss_cls: 0.0849  decode.d4.loss_mask: 1.2245  decode.d4.loss_dice: 0.9101  decode.d5.loss_cls: 0.0837  decode.d5.loss_mask: 1.2247  decode.d5.loss_dice: 0.8943  decode.d6.loss_cls: 0.0849  decode.d6.loss_mask: 1.2177  decode.d6.loss_dice: 0.9101  decode.d7.loss_cls: 0.0810  decode.d7.loss_mask: 1.2165  decode.d7.loss_dice: 0.8942  decode.d8.loss_cls: 0.0865  decode.d8.loss_mask: 1.2130  decode.d8.loss_dice: 0.8824
2026/07/31 03:17:40 - mmengine - INFO - Iter(train) [13100/40000]  base_lr: 3.7530e-05 lr: 3.7530e-05  eta: 12:55:35  time: 2.1027  data_time: 0.0270  memory: 9076  grad_norm: 59.7604  loss: 18.9171  decode.loss_cls: 0.0044  decode.loss_mask: 1.0420  decode.loss_dice: 0.8471  decode.d0.loss_cls: 0.0899  decode.d0.loss_mask: 1.0518  decode.d0.loss_dice: 0.8641  decode.d1.loss_cls: 0.0144  decode.d1.loss_mask: 1.0279  decode.d1.loss_dice: 0.8250  decode.d2.loss_cls: 0.0129  decode.d2.loss_mask: 1.0299  decode.d2.loss_dice: 0.8234  decode.d3.loss_cls: 0.0058  decode.d3.loss_mask: 1.0327  decode.d3.loss_dice: 0.8512  decode.d4.loss_cls: 0.0052  decode.d4.loss_mask: 1.0408  decode.d4.loss_dice: 0.8361  decode.d5.loss_cls: 0.0050  decode.d5.loss_mask: 1.0398  decode.d5.loss_dice: 0.8203  decode.d6.loss_cls: 0.0047  decode.d6.loss_mask: 1.0443  decode.d6.loss_dice: 0.8355  decode.d7.loss_cls: 0.0045  decode.d7.loss_mask: 1.0351  decode.d7.loss_dice: 0.8404  decode.d8.loss_cls: 0.0045  decode.d8.loss_mask: 1.0383  decode.d8.loss_dice: 0.8400
2026/07/31 03:21:03 - mmengine - INFO - Iter(train) [13200/40000]  base_lr: 3.7404e-05 lr: 3.7404e-05  eta: 12:53:44  time: 2.0865  data_time: 0.0163  memory: 9084  grad_norm: 60.9126  loss: 20.8319  decode.loss_cls: 0.0234  decode.loss_mask: 1.0912  decode.loss_dice: 0.9385  decode.d0.loss_cls: 0.0771  decode.d0.loss_mask: 1.1778  decode.d0.loss_dice: 0.9757  decode.d1.loss_cls: 0.0340  decode.d1.loss_mask: 1.1161  decode.d1.loss_dice: 0.9498  decode.d2.loss_cls: 0.0296  decode.d2.loss_mask: 1.1098  decode.d2.loss_dice: 0.9389  decode.d3.loss_cls: 0.0139  decode.d3.loss_mask: 1.0989  decode.d3.loss_dice: 0.9378  decode.d4.loss_cls: 0.0220  decode.d4.loss_mask: 1.0961  decode.d4.loss_dice: 0.9393  decode.d5.loss_cls: 0.0240  decode.d5.loss_mask: 1.0988  decode.d5.loss_dice: 0.9433  decode.d6.loss_cls: 0.0249  decode.d6.loss_mask: 1.0968  decode.d6.loss_dice: 0.9432  decode.d7.loss_cls: 0.0222  decode.d7.loss_mask: 1.1020  decode.d7.loss_dice: 0.9481  decode.d8.loss_cls: 0.0141  decode.d8.loss_mask: 1.0952  decode.d8.loss_dice: 0.9495
2026/07/31 03:24:36 - mmengine - INFO - Iter(train) [13300/40000]  base_lr: 3.7279e-05 lr: 3.7279e-05  eta: 12:52:09  time: 2.1407  data_time: 0.0244  memory: 9084  grad_norm: 83.2042  loss: 22.6885  decode.loss_cls: 0.0698  decode.loss_mask: 1.1091  decode.loss_dice: 1.0724  decode.d0.loss_cls: 0.1025  decode.d0.loss_mask: 1.1304  decode.d0.loss_dice: 1.1668  decode.d1.loss_cls: 0.0900  decode.d1.loss_mask: 1.1249  decode.d1.loss_dice: 1.0755  decode.d2.loss_cls: 0.0695  decode.d2.loss_mask: 1.1240  decode.d2.loss_dice: 1.0774  decode.d3.loss_cls: 0.0810  decode.d3.loss_mask: 1.1130  decode.d3.loss_dice: 1.0756  decode.d4.loss_cls: 0.0711  decode.d4.loss_mask: 1.1131  decode.d4.loss_dice: 1.0758  decode.d5.loss_cls: 0.0636  decode.d5.loss_mask: 1.1178  decode.d5.loss_dice: 1.0660  decode.d6.loss_cls: 0.0683  decode.d6.loss_mask: 1.1038  decode.d6.loss_dice: 1.0586  decode.d7.loss_cls: 0.0732  decode.d7.loss_mask: 1.1044  decode.d7.loss_dice: 1.0642  decode.d8.loss_cls: 0.0714  decode.d8.loss_mask: 1.1033  decode.d8.loss_dice: 1.0520
2026/07/31 03:28:08 - mmengine - INFO - Iter(train) [13400/40000]  base_lr: 3.7153e-05 lr: 3.7153e-05  eta: 12:50:33  time: 2.1199  data_time: 0.0167  memory: 9076  grad_norm: 53.1242  loss: 15.3569  decode.loss_cls: 0.0259  decode.loss_mask: 0.7627  decode.loss_dice: 0.7031  decode.d0.loss_cls: 0.1137  decode.d0.loss_mask: 0.8055  decode.d0.loss_dice: 0.7687  decode.d1.loss_cls: 0.0466  decode.d1.loss_mask: 0.7720  decode.d1.loss_dice: 0.7567  decode.d2.loss_cls: 0.0383  decode.d2.loss_mask: 0.7579  decode.d2.loss_dice: 0.7275  decode.d3.loss_cls: 0.0399  decode.d3.loss_mask: 0.7672  decode.d3.loss_dice: 0.7236  decode.d4.loss_cls: 0.0338  decode.d4.loss_mask: 0.7658  decode.d4.loss_dice: 0.7250  decode.d5.loss_cls: 0.0293  decode.d5.loss_mask: 0.7635  decode.d5.loss_dice: 0.7127  decode.d6.loss_cls: 0.0294  decode.d6.loss_mask: 0.7654  decode.d6.loss_dice: 0.7149  decode.d7.loss_cls: 0.0282  decode.d7.loss_mask: 0.7666  decode.d7.loss_dice: 0.7086  decode.d8.loss_cls: 0.0294  decode.d8.loss_mask: 0.7633  decode.d8.loss_dice: 0.7116
2026/07/31 03:31:40 - mmengine - INFO - Iter(train) [13500/40000]  base_lr: 3.7027e-05 lr: 3.7027e-05  eta: 12:48:54  time: 2.1685  data_time: 0.0289  memory: 9084  grad_norm: 55.3636  loss: 10.6552  decode.loss_cls: 0.0115  decode.loss_mask: 0.5518  decode.loss_dice: 0.4860  decode.d0.loss_cls: 0.1143  decode.d0.loss_mask: 0.5655  decode.d0.loss_dice: 0.5264  decode.d1.loss_cls: 0.0302  decode.d1.loss_mask: 0.5550  decode.d1.loss_dice: 0.4801  decode.d2.loss_cls: 0.0193  decode.d2.loss_mask: 0.5578  decode.d2.loss_dice: 0.4828  decode.d3.loss_cls: 0.0142  decode.d3.loss_mask: 0.5501  decode.d3.loss_dice: 0.4741  decode.d4.loss_cls: 0.0147  decode.d4.loss_mask: 0.5517  decode.d4.loss_dice: 0.4831  decode.d5.loss_cls: 0.0147  decode.d5.loss_mask: 0.5475  decode.d5.loss_dice: 0.4839  decode.d6.loss_cls: 0.0145  decode.d6.loss_mask: 0.5517  decode.d6.loss_dice: 0.4771  decode.d7.loss_cls: 0.0147  decode.d7.loss_mask: 0.5533  decode.d7.loss_dice: 0.4843  decode.d8.loss_cls: 0.0152  decode.d8.loss_mask: 0.5490  decode.d8.loss_dice: 0.4808
2026/07/31 03:35:10 - mmengine - INFO - Iter(train) [13600/40000]  base_lr: 3.6901e-05 lr: 3.6901e-05  eta: 12:47:09  time: 2.0732  data_time: 0.0159  memory: 9084  grad_norm: 49.7229  loss: 13.4385  decode.loss_cls: 0.0164  decode.loss_mask: 0.7025  decode.loss_dice: 0.6083  decode.d0.loss_cls: 0.1062  decode.d0.loss_mask: 0.7376  decode.d0.loss_dice: 0.6412  decode.d1.loss_cls: 0.0470  decode.d1.loss_mask: 0.7020  decode.d1.loss_dice: 0.6184  decode.d2.loss_cls: 0.0297  decode.d2.loss_mask: 0.6992  decode.d2.loss_dice: 0.6122  decode.d3.loss_cls: 0.0153  decode.d3.loss_mask: 0.6956  decode.d3.loss_dice: 0.6092  decode.d4.loss_cls: 0.0156  decode.d4.loss_mask: 0.6932  decode.d4.loss_dice: 0.6119  decode.d5.loss_cls: 0.0153  decode.d5.loss_mask: 0.6945  decode.d5.loss_dice: 0.6089  decode.d6.loss_cls: 0.0130  decode.d6.loss_mask: 0.6972  decode.d6.loss_dice: 0.6064  decode.d7.loss_cls: 0.0127  decode.d7.loss_mask: 0.6958  decode.d7.loss_dice: 0.6053  decode.d8.loss_cls: 0.0162  decode.d8.loss_mask: 0.6991  decode.d8.loss_dice: 0.6126
2026/07/31 03:38:40 - mmengine - INFO - Iter(train) [13700/40000]  base_lr: 3.6776e-05 lr: 3.6776e-05  eta: 12:45:24  time: 2.1983  data_time: 0.0282  memory: 9084  grad_norm: 50.1200  loss: 10.6270  decode.loss_cls: 0.0475  decode.loss_mask: 0.5026  decode.loss_dice: 0.4818  decode.d0.loss_cls: 0.1373  decode.d0.loss_mask: 0.5185  decode.d0.loss_dice: 0.5697  decode.d1.loss_cls: 0.0631  decode.d1.loss_mask: 0.5105  decode.d1.loss_dice: 0.5008  decode.d2.loss_cls: 0.0450  decode.d2.loss_mask: 0.5034  decode.d2.loss_dice: 0.5035  decode.d3.loss_cls: 0.0458  decode.d3.loss_mask: 0.5061  decode.d3.loss_dice: 0.5080  decode.d4.loss_cls: 0.0403  decode.d4.loss_mask: 0.5055  decode.d4.loss_dice: 0.4999  decode.d5.loss_cls: 0.0433  decode.d5.loss_mask: 0.5055  decode.d5.loss_dice: 0.5045  decode.d6.loss_cls: 0.0427  decode.d6.loss_mask: 0.5023  decode.d6.loss_dice: 0.4805  decode.d7.loss_cls: 0.0421  decode.d7.loss_mask: 0.5027  decode.d7.loss_dice: 0.4954  decode.d8.loss_cls: 0.0435  decode.d8.loss_mask: 0.4991  decode.d8.loss_dice: 0.4760
2026/07/31 03:42:32 - mmengine - INFO - Iter(train) [13800/40000]  base_lr: 3.6650e-05 lr: 3.6650e-05  eta: 12:44:18  time: 2.0710  data_time: 0.0172  memory: 9084  grad_norm: 63.0580  loss: 14.5216  decode.loss_cls: 0.0460  decode.loss_mask: 0.7273  decode.loss_dice: 0.6750  decode.d0.loss_cls: 0.1177  decode.d0.loss_mask: 0.7487  decode.d0.loss_dice: 0.7200  decode.d1.loss_cls: 0.0454  decode.d1.loss_mask: 0.7257  decode.d1.loss_dice: 0.6779  decode.d2.loss_cls: 0.0432  decode.d2.loss_mask: 0.7195  decode.d2.loss_dice: 0.6557  decode.d3.loss_cls: 0.0504  decode.d3.loss_mask: 0.7259  decode.d3.loss_dice: 0.6636  decode.d4.loss_cls: 0.0475  decode.d4.loss_mask: 0.7252  decode.d4.loss_dice: 0.6657  decode.d5.loss_cls: 0.0523  decode.d5.loss_mask: 0.7275  decode.d5.loss_dice: 0.6553  decode.d6.loss_cls: 0.0488  decode.d6.loss_mask: 0.7232  decode.d6.loss_dice: 0.6659  decode.d7.loss_cls: 0.0497  decode.d7.loss_mask: 0.7230  decode.d7.loss_dice: 0.6674  decode.d8.loss_cls: 0.0501  decode.d8.loss_mask: 0.7159  decode.d8.loss_dice: 0.6620
2026/07/31 03:45:59 - mmengine - INFO - Iter(train) [13900/40000]  base_lr: 3.6524e-05 lr: 3.6524e-05  eta: 12:42:23  time: 2.1517  data_time: 0.0269  memory: 9084  grad_norm: 72.3234  loss: 20.0065  decode.loss_cls: 0.0788  decode.loss_mask: 1.0030  decode.loss_dice: 0.8671  decode.d0.loss_cls: 0.1605  decode.d0.loss_mask: 1.0686  decode.d0.loss_dice: 0.9589  decode.d1.loss_cls: 0.0894  decode.d1.loss_mask: 1.0300  decode.d1.loss_dice: 0.9295  decode.d2.loss_cls: 0.0729  decode.d2.loss_mask: 1.0063  decode.d2.loss_dice: 0.9045  decode.d3.loss_cls: 0.0745  decode.d3.loss_mask: 1.0072  decode.d3.loss_dice: 0.9019  decode.d4.loss_cls: 0.0743  decode.d4.loss_mask: 1.0033  decode.d4.loss_dice: 0.8838  decode.d5.loss_cls: 0.0741  decode.d5.loss_mask: 1.0059  decode.d5.loss_dice: 0.8968  decode.d6.loss_cls: 0.0785  decode.d6.loss_mask: 1.0077  decode.d6.loss_dice: 0.8845  decode.d7.loss_cls: 0.0660  decode.d7.loss_mask: 1.0180  decode.d7.loss_dice: 0.8981  decode.d8.loss_cls: 0.0758  decode.d8.loss_mask: 1.0150  decode.d8.loss_dice: 0.8716
2026/07/31 03:49:30 - mmengine - INFO - Exp name: dinov3_m2f_gram_4999_20260730_204508
2026/07/31 03:49:30 - mmengine - INFO - Iter(train) [14000/40000]  base_lr: 3.6398e-05 lr: 3.6398e-05  eta: 12:40:34  time: 2.0733  data_time: 0.0165  memory: 9076  grad_norm: 68.9407  loss: 15.6715  decode.loss_cls: 0.0064  decode.loss_mask: 0.8378  decode.loss_dice: 0.7112  decode.d0.loss_cls: 0.0980  decode.d0.loss_mask: 0.8440  decode.d0.loss_dice: 0.7495  decode.d1.loss_cls: 0.0140  decode.d1.loss_mask: 0.8403  decode.d1.loss_dice: 0.7129  decode.d2.loss_cls: 0.0073  decode.d2.loss_mask: 0.8380  decode.d2.loss_dice: 0.7043  decode.d3.loss_cls: 0.0063  decode.d3.loss_mask: 0.8348  decode.d3.loss_dice: 0.7092  decode.d4.loss_cls: 0.0058  decode.d4.loss_mask: 0.8324  decode.d4.loss_dice: 0.7105  decode.d5.loss_cls: 0.0062  decode.d5.loss_mask: 0.8322  decode.d5.loss_dice: 0.7066  decode.d6.loss_cls: 0.0060  decode.d6.loss_mask: 0.8360  decode.d6.loss_dice: 0.7120  decode.d7.loss_cls: 0.0059  decode.d7.loss_mask: 0.8341  decode.d7.loss_dice: 0.7136  decode.d8.loss_cls: 0.0057  decode.d8.loss_mask: 0.8373  decode.d8.loss_dice: 0.7133
2026/07/31 03:49:30 - mmengine - INFO - Saving checkpoint at 14000 iterations
2026/07/31 03:50:14 - mmengine - INFO - Iter(val) [100/504]    eta: 0:01:39  time: 0.2351  data_time: 0.0134  memory: 3098  
2026/07/31 03:50:36 - mmengine - INFO - Iter(val) [200/504]    eta: 0:01:11  time: 0.2110  data_time: 0.0084  memory: 3098  
2026/07/31 03:50:57 - mmengine - INFO - Iter(val) [300/504]    eta: 0:00:46  time: 0.2128  data_time: 0.0086  memory: 3098  
2026/07/31 03:51:18 - mmengine - INFO - Iter(val) [400/504]    eta: 0:00:23  time: 0.2085  data_time: 0.0074  memory: 3098  
2026/07/31 03:51:43 - mmengine - INFO - Iter(val) [500/504]    eta: 0:00:00  time: 0.2356  data_time: 0.0138  memory: 3098  
2026/07/31 03:53:51 - mmengine - INFO - per class results:
2026/07/31 03:53:51 - mmengine - INFO - 
+--------------------+-------+-------+--------+-----------+--------+
|       Class        |  IoU  |  Acc  | Fscore | Precision | Recall |
+--------------------+-------+-------+--------+-----------+--------+
| impervious_surface | 86.65 | 90.55 | 92.85  |   95.27   | 90.55  |
|      building      | 96.08 | 97.83 |  98.0  |   98.17   | 97.83  |
|   low_vegetation   | 82.31 | 92.05 |  90.3  |    88.6   | 92.05  |
|        tree        | 83.48 | 91.05 | 90.99  |   90.94   | 91.05  |
|        car         | 93.43 |  94.7 |  96.6  |   98.58   |  94.7  |
+--------------------+-------+-------+--------+-----------+--------+
2026/07/31 03:53:51 - mmengine - INFO - Iter(val) [504/504]    aAcc: 92.5800  mIoU: 88.3900  mAcc: 93.2400  mFscore: 93.7500  mPrecision: 94.3100  mRecall: 93.2400  data_time: 0.0123  time: 0.2276
2026/07/31 03:53:51 - mmengine - INFO - The previous best checkpoint /mnt/qh2-nas3/00-model/00-fb/fusion_potsdam/work_dirs/dinov3_m2f_gram_4999/best_mIoU_iter_10000.pth is removed
2026/07/31 03:54:05 - mmengine - INFO - The best checkpoint with 88.3900 mIoU at 14000 iter is saved to best_mIoU_iter_14000.pth.
2026/07/31 03:57:52 - mmengine - INFO - Iter(train) [14100/40000]  base_lr: 3.6272e-05 lr: 3.6272e-05  eta: 12:43:33  time: 2.0901  data_time: 0.0239  memory: 9084  grad_norm: 56.5434  loss: 18.6530  decode.loss_cls: 0.0298  decode.loss_mask: 1.0349  decode.loss_dice: 0.7710  decode.d0.loss_cls: 0.0980  decode.d0.loss_mask: 1.0703  decode.d0.loss_dice: 0.8182  decode.d1.loss_cls: 0.0610  decode.d1.loss_mask: 1.0394  decode.d1.loss_dice: 0.8086  decode.d2.loss_cls: 0.0446  decode.d2.loss_mask: 1.0340  decode.d2.loss_dice: 0.7743  decode.d3.loss_cls: 0.0367  decode.d3.loss_mask: 1.0388  decode.d3.loss_dice: 0.7785  decode.d4.loss_cls: 0.0300  decode.d4.loss_mask: 1.0408  decode.d4.loss_dice: 0.7788  decode.d5.loss_cls: 0.0277  decode.d5.loss_mask: 1.0307  decode.d5.loss_dice: 0.7812  decode.d6.loss_cls: 0.0283  decode.d6.loss_mask: 1.0327  decode.d6.loss_dice: 0.7740  decode.d7.loss_cls: 0.0339  decode.d7.loss_mask: 1.0281  decode.d7.loss_dice: 0.7708  decode.d8.loss_cls: 0.0431  decode.d8.loss_mask: 1.0422  decode.d8.loss_dice: 0.7725
2026/07/31 04:01:22 - mmengine - INFO - Iter(train) [14200/40000]  base_lr: 3.6146e-05 lr: 3.6146e-05  eta: 12:41:36  time: 2.0625  data_time: 0.0178  memory: 9084  grad_norm: 53.0937  loss: 18.2594  decode.loss_cls: 0.0072  decode.loss_mask: 0.9466  decode.loss_dice: 0.8673  decode.d0.loss_cls: 0.0792  decode.d0.loss_mask: 0.9827  decode.d0.loss_dice: 0.8546  decode.d1.loss_cls: 0.0195  decode.d1.loss_mask: 0.9511  decode.d1.loss_dice: 0.8628  decode.d2.loss_cls: 0.0167  decode.d2.loss_mask: 0.9390  decode.d2.loss_dice: 0.8687  decode.d3.loss_cls: 0.0126  decode.d3.loss_mask: 0.9342  decode.d3.loss_dice: 0.8541  decode.d4.loss_cls: 0.0124  decode.d4.loss_mask: 0.9372  decode.d4.loss_dice: 0.8598  decode.d5.loss_cls: 0.0068  decode.d5.loss_mask: 0.9416  decode.d5.loss_dice: 0.8621  decode.d6.loss_cls: 0.0078  decode.d6.loss_mask: 0.9422  decode.d6.loss_dice: 0.8574  decode.d7.loss_cls: 0.0068  decode.d7.loss_mask: 0.9452  decode.d7.loss_dice: 0.8663  decode.d8.loss_cls: 0.0074  decode.d8.loss_mask: 0.9440  decode.d8.loss_dice: 0.8661
2026/07/31 04:04:53 - mmengine - INFO - Iter(train) [14300/40000]  base_lr: 3.6020e-05 lr: 3.6020e-05  eta: 12:39:40  time: 2.2142  data_time: 0.0339  memory: 9076  grad_norm: 66.0247  loss: 16.4704  decode.loss_cls: 0.0390  decode.loss_mask: 0.8355  decode.loss_dice: 0.7584  decode.d0.loss_cls: 0.1159  decode.d0.loss_mask: 0.8411  decode.d0.loss_dice: 0.8491  decode.d1.loss_cls: 0.0699  decode.d1.loss_mask: 0.8216  decode.d1.loss_dice: 0.7772  decode.d2.loss_cls: 0.0534  decode.d2.loss_mask: 0.8220  decode.d2.loss_dice: 0.7619  decode.d3.loss_cls: 0.0556  decode.d3.loss_mask: 0.8204  decode.d3.loss_dice: 0.7447  decode.d4.loss_cls: 0.0390  decode.d4.loss_mask: 0.8255  decode.d4.loss_dice: 0.7643  decode.d5.loss_cls: 0.0429  decode.d5.loss_mask: 0.8262  decode.d5.loss_dice: 0.7535  decode.d6.loss_cls: 0.0427  decode.d6.loss_mask: 0.8275  decode.d6.loss_dice: 0.7452  decode.d7.loss_cls: 0.0447  decode.d7.loss_mask: 0.8264  decode.d7.loss_dice: 0.7475  decode.d8.loss_cls: 0.0429  decode.d8.loss_mask: 0.8309  decode.d8.loss_dice: 0.7459
2026/07/31 04:08:24 - mmengine - INFO - Iter(train) [14400/40000]  base_lr: 3.5893e-05 lr: 3.5893e-05  eta: 12:37:42  time: 2.0673  data_time: 0.0173  memory: 9084  grad_norm: 88.8798  loss: 18.8744  decode.loss_cls: 0.0595  decode.loss_mask: 0.9729  decode.loss_dice: 0.8289  decode.d0.loss_cls: 0.1476  decode.d0.loss_mask: 1.0679  decode.d0.loss_dice: 0.9511  decode.d1.loss_cls: 0.0791  decode.d1.loss_mask: 1.0068  decode.d1.loss_dice: 0.8010  decode.d2.loss_cls: 0.0753  decode.d2.loss_mask: 0.9941  decode.d2.loss_dice: 0.8049  decode.d3.loss_cls: 0.0651  decode.d3.loss_mask: 0.9748  decode.d3.loss_dice: 0.8124  decode.d4.loss_cls: 0.0635  decode.d4.loss_mask: 0.9714  decode.d4.loss_dice: 0.8119  decode.d5.loss_cls: 0.0643  decode.d5.loss_mask: 0.9648  decode.d5.loss_dice: 0.8183  decode.d6.loss_cls: 0.0595  decode.d6.loss_mask: 0.9623  decode.d6.loss_dice: 0.8290  decode.d7.loss_cls: 0.0583  decode.d7.loss_mask: 0.9642  decode.d7.loss_dice: 0.8164  decode.d8.loss_cls: 0.0616  decode.d8.loss_mask: 0.9676  decode.d8.loss_dice: 0.8198
2026/07/31 04:11:42 - mmengine - INFO - Iter(train) [14500/40000]  base_lr: 3.5767e-05 lr: 3.5767e-05  eta: 12:35:20  time: 2.1178  data_time: 0.0206  memory: 9084  grad_norm: 86.2017  loss: 18.4737  decode.loss_cls: 0.0588  decode.loss_mask: 0.9518  decode.loss_dice: 0.8030  decode.d0.loss_cls: 0.1343  decode.d0.loss_mask: 0.9703  decode.d0.loss_dice: 0.8673  decode.d1.loss_cls: 0.0838  decode.d1.loss_mask: 0.9483  decode.d1.loss_dice: 0.8089  decode.d2.loss_cls: 0.0638  decode.d2.loss_mask: 0.9651  decode.d2.loss_dice: 0.8254  decode.d3.loss_cls: 0.0664  decode.d3.loss_mask: 0.9577  decode.d3.loss_dice: 0.8180  decode.d4.loss_cls: 0.0695  decode.d4.loss_mask: 0.9569  decode.d4.loss_dice: 0.8242  decode.d5.loss_cls: 0.0822  decode.d5.loss_mask: 0.9409  decode.d5.loss_dice: 0.8086  decode.d6.loss_cls: 0.0735  decode.d6.loss_mask: 0.9498  decode.d6.loss_dice: 0.8161  decode.d7.loss_cls: 0.0627  decode.d7.loss_mask: 0.9498  decode.d7.loss_dice: 0.8077  decode.d8.loss_cls: 0.0591  decode.d8.loss_mask: 0.9454  decode.d8.loss_dice: 0.8042
2026/07/31 04:15:12 - mmengine - INFO - Iter(train) [14600/40000]  base_lr: 3.5641e-05 lr: 3.5641e-05  eta: 12:33:18  time: 2.0654  data_time: 0.0164  memory: 9084  grad_norm: 58.1005  loss: 18.3932  decode.loss_cls: 0.0293  decode.loss_mask: 0.9040  decode.loss_dice: 0.8456  decode.d0.loss_cls: 0.1162  decode.d0.loss_mask: 1.0249  decode.d0.loss_dice: 0.9190  decode.d1.loss_cls: 0.0545  decode.d1.loss_mask: 0.9427  decode.d1.loss_dice: 0.8788  decode.d2.loss_cls: 0.0559  decode.d2.loss_mask: 0.9246  decode.d2.loss_dice: 0.8599  decode.d3.loss_cls: 0.0587  decode.d3.loss_mask: 0.9249  decode.d3.loss_dice: 0.8580  decode.d4.loss_cls: 0.0609  decode.d4.loss_mask: 0.9247  decode.d4.loss_dice: 0.8423  decode.d5.loss_cls: 0.0437  decode.d5.loss_mask: 0.9107  decode.d5.loss_dice: 0.8469  decode.d6.loss_cls: 0.0375  decode.d6.loss_mask: 0.9000  decode.d6.loss_dice: 0.8470  decode.d7.loss_cls: 0.0410  decode.d7.loss_mask: 0.9033  decode.d7.loss_dice: 0.8521  decode.d8.loss_cls: 0.0342  decode.d8.loss_mask: 0.9040  decode.d8.loss_dice: 0.8482
2026/07/31 04:18:47 - mmengine - INFO - Iter(train) [14700/40000]  base_lr: 3.5515e-05 lr: 3.5515e-05  eta: 12:31:24  time: 2.2450  data_time: 0.0332  memory: 9084  grad_norm: 82.6479  loss: 17.8326  decode.loss_cls: 0.0344  decode.loss_mask: 0.9629  decode.loss_dice: 0.7436  decode.d0.loss_cls: 0.1227  decode.d0.loss_mask: 1.0601  decode.d0.loss_dice: 0.7887  decode.d1.loss_cls: 0.0422  decode.d1.loss_mask: 0.9841  decode.d1.loss_dice: 0.7572  decode.d2.loss_cls: 0.0438  decode.d2.loss_mask: 0.9789  decode.d2.loss_dice: 0.7476  decode.d3.loss_cls: 0.0275  decode.d3.loss_mask: 1.0101  decode.d3.loss_dice: 0.7600  decode.d4.loss_cls: 0.0366  decode.d4.loss_mask: 0.9659  decode.d4.loss_dice: 0.7580  decode.d5.loss_cls: 0.0339  decode.d5.loss_mask: 0.9679  decode.d5.loss_dice: 0.7600  decode.d6.loss_cls: 0.0348  decode.d6.loss_mask: 0.9556  decode.d6.loss_dice: 0.7530  decode.d7.loss_cls: 0.0350  decode.d7.loss_mask: 0.9525  decode.d7.loss_dice: 0.7495  decode.d8.loss_cls: 0.0350  decode.d8.loss_mask: 0.9638  decode.d8.loss_dice: 0.7671
2026/07/31 04:22:19 - mmengine - INFO - Iter(train) [14800/40000]  base_lr: 3.5388e-05 lr: 3.5388e-05  eta: 12:29:25  time: 2.0653  data_time: 0.0174  memory: 9076  grad_norm: 90.2071  loss: 21.7472  decode.loss_cls: 0.0212  decode.loss_mask: 1.2136  decode.loss_dice: 0.9358  decode.d0.loss_cls: 0.1270  decode.d0.loss_mask: 1.2192  decode.d0.loss_dice: 0.9730  decode.d1.loss_cls: 0.0430  decode.d1.loss_mask: 1.1889  decode.d1.loss_dice: 0.9219  decode.d2.loss_cls: 0.0340  decode.d2.loss_mask: 1.1814  decode.d2.loss_dice: 0.9345  decode.d3.loss_cls: 0.0280  decode.d3.loss_mask: 1.1974  decode.d3.loss_dice: 0.9337  decode.d4.loss_cls: 0.0182  decode.d4.loss_mask: 1.2027  decode.d4.loss_dice: 0.9417  decode.d5.loss_cls: 0.0170  decode.d5.loss_mask: 1.2064  decode.d5.loss_dice: 0.9245  decode.d6.loss_cls: 0.0224  decode.d6.loss_mask: 1.2132  decode.d6.loss_dice: 0.9341  decode.d7.loss_cls: 0.0182  decode.d7.loss_mask: 1.2111  decode.d7.loss_dice: 0.9391  decode.d8.loss_cls: 0.0320  decode.d8.loss_mask: 1.1947  decode.d8.loss_dice: 0.9192
2026/07/31 04:25:51 - mmengine - INFO - Iter(train) [14900/40000]  base_lr: 3.5262e-05 lr: 3.5262e-05  eta: 12:27:21  time: 2.1576  data_time: 0.0265  memory: 9084  grad_norm: 58.9140  loss: 16.4677  decode.loss_cls: 0.0336  decode.loss_mask: 0.8795  decode.loss_dice: 0.7245  decode.d0.loss_cls: 0.1159  decode.d0.loss_mask: 0.8934  decode.d0.loss_dice: 0.7584  decode.d1.loss_cls: 0.0524  decode.d1.loss_mask: 0.8616  decode.d1.loss_dice: 0.7248  decode.d2.loss_cls: 0.0536  decode.d2.loss_mask: 0.8575  decode.d2.loss_dice: 0.7237  decode.d3.loss_cls: 0.0572  decode.d3.loss_mask: 0.8469  decode.d3.loss_dice: 0.7177  decode.d4.loss_cls: 0.0369  decode.d4.loss_mask: 0.8754  decode.d4.loss_dice: 0.7216  decode.d5.loss_cls: 0.0360  decode.d5.loss_mask: 0.8792  decode.d5.loss_dice: 0.7198  decode.d6.loss_cls: 0.0326  decode.d6.loss_mask: 0.8812  decode.d6.loss_dice: 0.7257  decode.d7.loss_cls: 0.0334  decode.d7.loss_mask: 0.8782  decode.d7.loss_dice: 0.7240  decode.d8.loss_cls: 0.0330  decode.d8.loss_mask: 0.8760  decode.d8.loss_dice: 0.7138
2026/07/31 04:29:21 - mmengine - INFO - Exp name: dinov3_m2f_gram_4999_20260730_204508
2026/07/31 04:29:21 - mmengine - INFO - Iter(train) [15000/40000]  base_lr: 3.5135e-05 lr: 3.5135e-05  eta: 12:25:16  time: 2.0783  data_time: 0.0158  memory: 9084  grad_norm: 39.6418  loss: 9.3784  decode.loss_cls: 0.0196  decode.loss_mask: 0.4608  decode.loss_dice: 0.4174  decode.d0.loss_cls: 0.1143  decode.d0.loss_mask: 0.4867  decode.d0.loss_dice: 0.4864  decode.d1.loss_cls: 0.0548  decode.d1.loss_mask: 0.4847  decode.d1.loss_dice: 0.4511  decode.d2.loss_cls: 0.0243  decode.d2.loss_mask: 0.4846  decode.d2.loss_dice: 0.4487  decode.d3.loss_cls: 0.0182  decode.d3.loss_mask: 0.4701  decode.d3.loss_dice: 0.4166  decode.d4.loss_cls: 0.0208  decode.d4.loss_mask: 0.4697  decode.d4.loss_dice: 0.4159  decode.d5.loss_cls: 0.0176  decode.d5.loss_mask: 0.4638  decode.d5.loss_dice: 0.4350  decode.d6.loss_cls: 0.0209  decode.d6.loss_mask: 0.4594  decode.d6.loss_dice: 0.4100  decode.d7.loss_cls: 0.0207  decode.d7.loss_mask: 0.4622  decode.d7.loss_dice: 0.4290  decode.d8.loss_cls: 0.0200  decode.d8.loss_mask: 0.4631  decode.d8.loss_dice: 0.4319
2026/07/31 04:32:53 - mmengine - INFO - Iter(train) [15100/40000]  base_lr: 3.5009e-05 lr: 3.5009e-05  eta: 12:23:11  time: 2.1152  data_time: 0.0282  memory: 9084  grad_norm: 60.6751  loss: 13.4046  decode.loss_cls: 0.0398  decode.loss_mask: 0.7104  decode.loss_dice: 0.5582  decode.d0.loss_cls: 0.1849  decode.d0.loss_mask: 0.7809  decode.d0.loss_dice: 0.6163  decode.d1.loss_cls: 0.0565  decode.d1.loss_mask: 0.7194  decode.d1.loss_dice: 0.5584  decode.d2.loss_cls: 0.0498  decode.d2.loss_mask: 0.7119  decode.d2.loss_dice: 0.5612  decode.d3.loss_cls: 0.0448  decode.d3.loss_mask: 0.7060  decode.d3.loss_dice: 0.5608  decode.d4.loss_cls: 0.0408  decode.d4.loss_mask: 0.7059  decode.d4.loss_dice: 0.5641  decode.d5.loss_cls: 0.0394  decode.d5.loss_mask: 0.7045  decode.d5.loss_dice: 0.5587  decode.d6.loss_cls: 0.0395  decode.d6.loss_mask: 0.7059  decode.d6.loss_dice: 0.5649  decode.d7.loss_cls: 0.0394  decode.d7.loss_mask: 0.7061  decode.d7.loss_dice: 0.5632  decode.d8.loss_cls: 0.0413  decode.d8.loss_mask: 0.7101  decode.d8.loss_dice: 0.5613
2026/07/31 04:36:11 - mmengine - INFO - Iter(train) [15200/40000]  base_lr: 3.4882e-05 lr: 3.4882e-05  eta: 12:20:44  time: 2.1162  data_time: 0.0222  memory: 9076  grad_norm: 57.0052  loss: 14.5073  decode.loss_cls: 0.0190  decode.loss_mask: 0.7267  decode.loss_dice: 0.6718  decode.d0.loss_cls: 0.1147  decode.d0.loss_mask: 0.7584  decode.d0.loss_dice: 0.7296  decode.d1.loss_cls: 0.0482  decode.d1.loss_mask: 0.7274  decode.d1.loss_dice: 0.6803  decode.d2.loss_cls: 0.0357  decode.d2.loss_mask: 0.7262  decode.d2.loss_dice: 0.6937  decode.d3.loss_cls: 0.0267  decode.d3.loss_mask: 0.7194  decode.d3.loss_dice: 0.6772  decode.d4.loss_cls: 0.0226  decode.d4.loss_mask: 0.7272  decode.d4.loss_dice: 0.6881  decode.d5.loss_cls: 0.0300  decode.d5.loss_mask: 0.7196  decode.d5.loss_dice: 0.6843  decode.d6.loss_cls: 0.0218  decode.d6.loss_mask: 0.7246  decode.d6.loss_dice: 0.6731  decode.d7.loss_cls: 0.0207  decode.d7.loss_mask: 0.7247  decode.d7.loss_dice: 0.6765  decode.d8.loss_cls: 0.0229  decode.d8.loss_mask: 0.7236  decode.d8.loss_dice: 0.6926
2026/07/31 04:39:43 - mmengine - INFO - Iter(train) [15300/40000]  base_lr: 3.4756e-05 lr: 3.4756e-05  eta: 12:18:36  time: 2.0617  data_time: 0.0174  memory: 9084  grad_norm: 64.1682  loss: 18.0357  decode.loss_cls: 0.0090  decode.loss_mask: 0.9973  decode.loss_dice: 0.7741  decode.d0.loss_cls: 0.0988  decode.d0.loss_mask: 1.0376  decode.d0.loss_dice: 0.8029  decode.d1.loss_cls: 0.0314  decode.d1.loss_mask: 1.0002  decode.d1.loss_dice: 0.7853  decode.d2.loss_cls: 0.0167  decode.d2.loss_mask: 0.9968  decode.d2.loss_dice: 0.7863  decode.d3.loss_cls: 0.0106  decode.d3.loss_mask: 0.9987  decode.d3.loss_dice: 0.7763  decode.d4.loss_cls: 0.0091  decode.d4.loss_mask: 1.0024  decode.d4.loss_dice: 0.7809  decode.d5.loss_cls: 0.0092  decode.d5.loss_mask: 0.9964  decode.d5.loss_dice: 0.7643  decode.d6.loss_cls: 0.0118  decode.d6.loss_mask: 1.0016  decode.d6.loss_dice: 0.7656  decode.d7.loss_cls: 0.0084  decode.d7.loss_mask: 1.0023  decode.d7.loss_dice: 0.7791  decode.d8.loss_cls: 0.0086  decode.d8.loss_mask: 0.9993  decode.d8.loss_dice: 0.7749
2026/07/31 04:43:14 - mmengine - INFO - Iter(train) [15400/40000]  base_lr: 3.4629e-05 lr: 3.4629e-05  eta: 12:16:28  time: 2.1488  data_time: 0.0269  memory: 9084  grad_norm: 39.4538  loss: 9.8592  decode.loss_cls: 0.0116  decode.loss_mask: 0.5184  decode.loss_dice: 0.4511  decode.d0.loss_cls: 0.1167  decode.d0.loss_mask: 0.5508  decode.d0.loss_dice: 0.4663  decode.d1.loss_cls: 0.0292  decode.d1.loss_mask: 0.5182  decode.d1.loss_dice: 0.4432  decode.d2.loss_cls: 0.0165  decode.d2.loss_mask: 0.5153  decode.d2.loss_dice: 0.4508  decode.d3.loss_cls: 0.0130  decode.d3.loss_mask: 0.5123  decode.d3.loss_dice: 0.4382  decode.d4.loss_cls: 0.0123  decode.d4.loss_mask: 0.5157  decode.d4.loss_dice: 0.4290  decode.d5.loss_cls: 0.0121  decode.d5.loss_mask: 0.5178  decode.d5.loss_dice: 0.4380  decode.d6.loss_cls: 0.0106  decode.d6.loss_mask: 0.5144  decode.d6.loss_dice: 0.4353  decode.d7.loss_cls: 0.0128  decode.d7.loss_mask: 0.5167  decode.d7.loss_dice: 0.4363  decode.d8.loss_cls: 0.0129  decode.d8.loss_mask: 0.5119  decode.d8.loss_dice: 0.4316
2026/07/31 04:46:45 - mmengine - INFO - Iter(train) [15500/40000]  base_lr: 3.4502e-05 lr: 3.4502e-05  eta: 12:14:18  time: 2.0898  data_time: 0.0170  memory: 9084  grad_norm: 63.3148  loss: 18.2215  decode.loss_cls: 0.0436  decode.loss_mask: 0.9238  decode.loss_dice: 0.8132  decode.d0.loss_cls: 0.1133  decode.d0.loss_mask: 0.9886  decode.d0.loss_dice: 0.8563  decode.d1.loss_cls: 0.0673  decode.d1.loss_mask: 0.9505  decode.d1.loss_dice: 0.8435  decode.d2.loss_cls: 0.0533  decode.d2.loss_mask: 0.9487  decode.d2.loss_dice: 0.8455  decode.d3.loss_cls: 0.0504  decode.d3.loss_mask: 0.9483  decode.d3.loss_dice: 0.8210  decode.d4.loss_cls: 0.0493  decode.d4.loss_mask: 0.9337  decode.d4.loss_dice: 0.8235  decode.d5.loss_cls: 0.0522  decode.d5.loss_mask: 0.9294  decode.d5.loss_dice: 0.8163  decode.d6.loss_cls: 0.0452  decode.d6.loss_mask: 0.9358  decode.d6.loss_dice: 0.8269  decode.d7.loss_cls: 0.0434  decode.d7.loss_mask: 0.9269  decode.d7.loss_dice: 0.8036  decode.d8.loss_cls: 0.0422  decode.d8.loss_mask: 0.9214  decode.d8.loss_dice: 0.8043
2026/07/31 04:50:19 - mmengine - INFO - Iter(train) [15600/40000]  base_lr: 3.4376e-05 lr: 3.4376e-05  eta: 12:12:12  time: 2.1234  data_time: 0.0224  memory: 9084  grad_norm: 102.6525  loss: 21.7461  decode.loss_cls: 0.0338  decode.loss_mask: 1.1932  decode.loss_dice: 0.9215  decode.d0.loss_cls: 0.1283  decode.d0.loss_mask: 1.2214  decode.d0.loss_dice: 0.9459  decode.d1.loss_cls: 0.0423  decode.d1.loss_mask: 1.2129  decode.d1.loss_dice: 0.9369  decode.d2.loss_cls: 0.0341  decode.d2.loss_mask: 1.2146  decode.d2.loss_dice: 0.9367  decode.d3.loss_cls: 0.0292  decode.d3.loss_mask: 1.2039  decode.d3.loss_dice: 0.9354  decode.d4.loss_cls: 0.0318  decode.d4.loss_mask: 1.1887  decode.d4.loss_dice: 0.9364  decode.d5.loss_cls: 0.0323  decode.d5.loss_mask: 1.1798  decode.d5.loss_dice: 0.9318  decode.d6.loss_cls: 0.0358  decode.d6.loss_mask: 1.1793  decode.d6.loss_dice: 0.9347  decode.d7.loss_cls: 0.0334  decode.d7.loss_mask: 1.1860  decode.d7.loss_dice: 0.9353  decode.d8.loss_cls: 0.0342  decode.d8.loss_mask: 1.1921  decode.d8.loss_dice: 0.9247
2026/07/31 04:53:50 - mmengine - INFO - Iter(train) [15700/40000]  base_lr: 3.4249e-05 lr: 3.4249e-05  eta: 12:10:00  time: 2.0698  data_time: 0.0163  memory: 9076  grad_norm: 71.7906  loss: 17.3345  decode.loss_cls: 0.0204  decode.loss_mask: 0.9469  decode.loss_dice: 0.7698  decode.d0.loss_cls: 0.1153  decode.d0.loss_mask: 0.9612  decode.d0.loss_dice: 0.7806  decode.d1.loss_cls: 0.0340  decode.d1.loss_mask: 0.9405  decode.d1.loss_dice: 0.7481  decode.d2.loss_cls: 0.0289  decode.d2.loss_mask: 0.9458  decode.d2.loss_dice: 0.7475  decode.d3.loss_cls: 0.0210  decode.d3.loss_mask: 0.9504  decode.d3.loss_dice: 0.7498  decode.d4.loss_cls: 0.0193  decode.d4.loss_mask: 0.9482  decode.d4.loss_dice: 0.7493  decode.d5.loss_cls: 0.0197  decode.d5.loss_mask: 0.9467  decode.d5.loss_dice: 0.7393  decode.d6.loss_cls: 0.0181  decode.d6.loss_mask: 0.9487  decode.d6.loss_dice: 0.7553  decode.d7.loss_cls: 0.0203  decode.d7.loss_mask: 0.9472  decode.d7.loss_dice: 0.7452  decode.d8.loss_cls: 0.0198  decode.d8.loss_mask: 0.9490  decode.d8.loss_dice: 0.7485
2026/07/31 04:57:22 - mmengine - INFO - Iter(train) [15800/40000]  base_lr: 3.4122e-05 lr: 3.4122e-05  eta: 12:07:48  time: 2.1736  data_time: 0.0271  memory: 9084  grad_norm: 58.2721  loss: 18.9162  decode.loss_cls: 0.0267  decode.loss_mask: 0.9919  decode.loss_dice: 0.8516  decode.d0.loss_cls: 0.1041  decode.d0.loss_mask: 1.0362  decode.d0.loss_dice: 0.8552  decode.d1.loss_cls: 0.0341  decode.d1.loss_mask: 0.9980  decode.d1.loss_dice: 0.8650  decode.d2.loss_cls: 0.0310  decode.d2.loss_mask: 0.9959  decode.d2.loss_dice: 0.8540  decode.d3.loss_cls: 0.0240  decode.d3.loss_mask: 0.9945  decode.d3.loss_dice: 0.8635  decode.d4.loss_cls: 0.0257  decode.d4.loss_mask: 0.9941  decode.d4.loss_dice: 0.8614  decode.d5.loss_cls: 0.0293  decode.d5.loss_mask: 0.9934  decode.d5.loss_dice: 0.8551  decode.d6.loss_cls: 0.0290  decode.d6.loss_mask: 0.9945  decode.d6.loss_dice: 0.8639  decode.d7.loss_cls: 0.0324  decode.d7.loss_mask: 0.9898  decode.d7.loss_dice: 0.8496  decode.d8.loss_cls: 0.0265  decode.d8.loss_mask: 0.9956  decode.d8.loss_dice: 0.8502
2026/07/31 05:00:45 - mmengine - INFO - Iter(train) [15900/40000]  base_lr: 3.3995e-05 lr: 3.3995e-05  eta: 12:05:22  time: 2.0462  data_time: 0.0157  memory: 9084  grad_norm: 72.2102  loss: 17.2928  decode.loss_cls: 0.0508  decode.loss_mask: 0.8404  decode.loss_dice: 0.8367  decode.d0.loss_cls: 0.1030  decode.d0.loss_mask: 0.8972  decode.d0.loss_dice: 0.8633  decode.d1.loss_cls: 0.0631  decode.d1.loss_mask: 0.8624  decode.d1.loss_dice: 0.8146  decode.d2.loss_cls: 0.0561  decode.d2.loss_mask: 0.8456  decode.d2.loss_dice: 0.8018  decode.d3.loss_cls: 0.0430  decode.d3.loss_mask: 0.8500  decode.d3.loss_dice: 0.8225  decode.d4.loss_cls: 0.0501  decode.d4.loss_mask: 0.8407  decode.d4.loss_dice: 0.8180  decode.d5.loss_cls: 0.0446  decode.d5.loss_mask: 0.8422  decode.d5.loss_dice: 0.8151  decode.d6.loss_cls: 0.0442  decode.d6.loss_mask: 0.8432  decode.d6.loss_dice: 0.8294  decode.d7.loss_cls: 0.0410  decode.d7.loss_mask: 0.8444  decode.d7.loss_dice: 0.8165  decode.d8.loss_cls: 0.0365  decode.d8.loss_mask: 0.8449  decode.d8.loss_dice: 0.8318
2026/07/31 05:04:18 - mmengine - INFO - Exp name: dinov3_m2f_gram_4999_20260730_204508
2026/07/31 05:04:18 - mmengine - INFO - Iter(train) [16000/40000]  base_lr: 3.3868e-05 lr: 3.3868e-05  eta: 12:03:09  time: 2.1825  data_time: 0.0257  memory: 9076  grad_norm: 61.7946  loss: 14.4162  decode.loss_cls: 0.0366  decode.loss_mask: 0.7070  decode.loss_dice: 0.6584  decode.d0.loss_cls: 0.1414  decode.d0.loss_mask: 0.7921  decode.d0.loss_dice: 0.7559  decode.d1.loss_cls: 0.0740  decode.d1.loss_mask: 0.7241  decode.d1.loss_dice: 0.6944  decode.d2.loss_cls: 0.0500  decode.d2.loss_mask: 0.7038  decode.d2.loss_dice: 0.6649  decode.d3.loss_cls: 0.0446  decode.d3.loss_mask: 0.7039  decode.d3.loss_dice: 0.6719  decode.d4.loss_cls: 0.0416  decode.d4.loss_mask: 0.6994  decode.d4.loss_dice: 0.6650  decode.d5.loss_cls: 0.0424  decode.d5.loss_mask: 0.7037  decode.d5.loss_dice: 0.6598  decode.d6.loss_cls: 0.0344  decode.d6.loss_mask: 0.7019  decode.d6.loss_dice: 0.6550  decode.d7.loss_cls: 0.0265  decode.d7.loss_mask: 0.7017  decode.d7.loss_dice: 0.6594  decode.d8.loss_cls: 0.0429  decode.d8.loss_mask: 0.7029  decode.d8.loss_dice: 0.6569
2026/07/31 05:04:18 - mmengine - INFO - Saving checkpoint at 16000 iterations
2026/07/31 05:04:59 - mmengine - INFO - Iter(val) [100/504]    eta: 0:01:27  time: 0.2101  data_time: 0.0073  memory: 3098  
2026/07/31 05:05:21 - mmengine - INFO - Iter(val) [200/504]    eta: 0:01:07  time: 0.2660  data_time: 0.0176  memory: 3098  
2026/07/31 05:05:45 - mmengine - INFO - Iter(val) [300/504]    eta: 0:00:46  time: 0.2352  data_time: 0.0152  memory: 3098  
2026/07/31 05:06:07 - mmengine - INFO - Iter(val) [400/504]    eta: 0:00:23  time: 0.2108  data_time: 0.0083  memory: 3098  
2026/07/31 05:06:28 - mmengine - INFO - Iter(val) [500/504]    eta: 0:00:00  time: 0.2096  data_time: 0.0070  memory: 3098  
2026/07/31 05:08:37 - mmengine - INFO - per class results:
2026/07/31 05:08:37 - mmengine - INFO - 
+--------------------+-------+-------+--------+-----------+--------+
|       Class        |  IoU  |  Acc  | Fscore | Precision | Recall |
+--------------------+-------+-------+--------+-----------+--------+
| impervious_surface | 85.69 | 88.91 | 92.29  |   95.94   | 88.91  |
|      building      |  91.4 |  99.2 | 95.51  |   92.08   |  99.2  |
|   low_vegetation   | 80.32 | 91.45 | 89.09  |   86.84   | 91.45  |
|        tree        | 82.25 | 87.92 | 90.26  |   92.73   | 87.92  |
|        car         | 91.21 | 92.59 |  95.4  |   98.39   | 92.59  |
+--------------------+-------+-------+--------+-----------+--------+
2026/07/31 05:08:37 - mmengine - INFO - Iter(val) [504/504]    aAcc: 91.4300  mIoU: 86.1700  mAcc: 92.0200  mFscore: 92.5100  mPrecision: 93.1900  mRecall: 92.0200  data_time: 0.0114  time: 0.2212
2026/07/31 05:12:07 - mmengine - INFO - Iter(train) [16100/40000]  base_lr: 3.3741e-05 lr: 3.3741e-05  eta: 12:04:03  time: 2.0864  data_time: 0.0183  memory: 9084  grad_norm: 107.9756  loss: 22.2295  decode.loss_cls: 0.0723  decode.loss_mask: 1.1350  decode.loss_dice: 0.9301  decode.d0.loss_cls: 0.2444  decode.d0.loss_mask: 1.2306  decode.d0.loss_dice: 1.1582  decode.d1.loss_cls: 0.0940  decode.d1.loss_mask: 1.1697  decode.d1.loss_dice: 0.9757  decode.d2.loss_cls: 0.0839  decode.d2.loss_mask: 1.1678  decode.d2.loss_dice: 0.9763  decode.d3.loss_cls: 0.0707  decode.d3.loss_mask: 1.1564  decode.d3.loss_dice: 0.9410  decode.d4.loss_cls: 0.0776  decode.d4.loss_mask: 1.1431  decode.d4.loss_dice: 0.9502  decode.d5.loss_cls: 0.0746  decode.d5.loss_mask: 1.1424  decode.d5.loss_dice: 0.9556  decode.d6.loss_cls: 0.0715  decode.d6.loss_mask: 1.1367  decode.d6.loss_dice: 0.9541  decode.d7.loss_cls: 0.0722  decode.d7.loss_mask: 1.1432  decode.d7.loss_dice: 0.9453  decode.d8.loss_cls: 0.0680  decode.d8.loss_mask: 1.1415  decode.d8.loss_dice: 0.9473
2026/07/31 05:15:39 - mmengine - INFO - Iter(train) [16200/40000]  base_lr: 3.3614e-05 lr: 3.3614e-05  eta: 12:01:45  time: 2.1761  data_time: 0.0284  memory: 9084  grad_norm: 59.4288  loss: 13.6244  decode.loss_cls: 0.0141  decode.loss_mask: 0.7252  decode.loss_dice: 0.6027  decode.d0.loss_cls: 0.0851  decode.d0.loss_mask: 0.7493  decode.d0.loss_dice: 0.6291  decode.d1.loss_cls: 0.0277  decode.d1.loss_mask: 0.7329  decode.d1.loss_dice: 0.6032  decode.d2.loss_cls: 0.0124  decode.d2.loss_mask: 0.7266  decode.d2.loss_dice: 0.6345  decode.d3.loss_cls: 0.0148  decode.d3.loss_mask: 0.7233  decode.d3.loss_dice: 0.5938  decode.d4.loss_cls: 0.0187  decode.d4.loss_mask: 0.7252  decode.d4.loss_dice: 0.5930  decode.d5.loss_cls: 0.0148  decode.d5.loss_mask: 0.7224  decode.d5.loss_dice: 0.6055  decode.d6.loss_cls: 0.0135  decode.d6.loss_mask: 0.7241  decode.d6.loss_dice: 0.6166  decode.d7.loss_cls: 0.0151  decode.d7.loss_mask: 0.7267  decode.d7.loss_dice: 0.6217  decode.d8.loss_cls: 0.0157  decode.d8.loss_mask: 0.7252  decode.d8.loss_dice: 0.6115
2026/07/31 05:19:08 - mmengine - INFO - Iter(train) [16300/40000]  base_lr: 3.3487e-05 lr: 3.3487e-05  eta: 11:59:23  time: 2.0864  data_time: 0.0168  memory: 9084  grad_norm: 49.2328  loss: 11.2791  decode.loss_cls: 0.0640  decode.loss_mask: 0.4388  decode.loss_dice: 0.6157  decode.d0.loss_cls: 0.1458  decode.d0.loss_mask: 0.4490  decode.d0.loss_dice: 0.7025  decode.d1.loss_cls: 0.1057  decode.d1.loss_mask: 0.4430  decode.d1.loss_dice: 0.6174  decode.d2.loss_cls: 0.0721  decode.d2.loss_mask: 0.4393  decode.d2.loss_dice: 0.5927  decode.d3.loss_cls: 0.0716  decode.d3.loss_mask: 0.4372  decode.d3.loss_dice: 0.5820  decode.d4.loss_cls: 0.0641  decode.d4.loss_mask: 0.4339  decode.d4.loss_dice: 0.6045  decode.d5.loss_cls: 0.0716  decode.d5.loss_mask: 0.4373  decode.d5.loss_dice: 0.6064  decode.d6.loss_cls: 0.0676  decode.d6.loss_mask: 0.4363  decode.d6.loss_dice: 0.5993  decode.d7.loss_cls: 0.0569  decode.d7.loss_mask: 0.4394  decode.d7.loss_dice: 0.5979  decode.d8.loss_cls: 0.0578  decode.d8.loss_mask: 0.4349  decode.d8.loss_dice: 0.5948
2026/07/31 05:22:40 - mmengine - INFO - Iter(train) [16400/40000]  base_lr: 3.3360e-05 lr: 3.3360e-05  eta: 11:57:03  time: 2.1621  data_time: 0.0318  memory: 9084  grad_norm: 51.5610  loss: 14.3017  decode.loss_cls: 0.0118  decode.loss_mask: 0.7242  decode.loss_dice: 0.6646  decode.d0.loss_cls: 0.1125  decode.d0.loss_mask: 0.7371  decode.d0.loss_dice: 0.7396  decode.d1.loss_cls: 0.0198  decode.d1.loss_mask: 0.7175  decode.d1.loss_dice: 0.6883  decode.d2.loss_cls: 0.0174  decode.d2.loss_mask: 0.7223  decode.d2.loss_dice: 0.6835  decode.d3.loss_cls: 0.0151  decode.d3.loss_mask: 0.7208  decode.d3.loss_dice: 0.6673  decode.d4.loss_cls: 0.0144  decode.d4.loss_mask: 0.7196  decode.d4.loss_dice: 0.6711  decode.d5.loss_cls: 0.0143  decode.d5.loss_mask: 0.7217  decode.d5.loss_dice: 0.6730  decode.d6.loss_cls: 0.0130  decode.d6.loss_mask: 0.7243  decode.d6.loss_dice: 0.6783  decode.d7.loss_cls: 0.0144  decode.d7.loss_mask: 0.7233  decode.d7.loss_dice: 0.6698  decode.d8.loss_cls: 0.0211  decode.d8.loss_mask: 0.7177  decode.d8.loss_dice: 0.6837
2026/07/31 05:26:00 - mmengine - INFO - Iter(train) [16500/40000]  base_lr: 3.3232e-05 lr: 3.3232e-05  eta: 11:54:26  time: 1.7420  data_time: 0.0181  memory: 9076  grad_norm: 58.7954  loss: 17.9062  decode.loss_cls: 0.0241  decode.loss_mask: 0.9509  decode.loss_dice: 0.7934  decode.d0.loss_cls: 0.1380  decode.d0.loss_mask: 0.9778  decode.d0.loss_dice: 0.7952  decode.d1.loss_cls: 0.0341  decode.d1.loss_mask: 0.9666  decode.d1.loss_dice: 0.8136  decode.d2.loss_cls: 0.0343  decode.d2.loss_mask: 0.9493  decode.d2.loss_dice: 0.7919  decode.d3.loss_cls: 0.0260  decode.d3.loss_mask: 0.9487  decode.d3.loss_dice: 0.8009  decode.d4.loss_cls: 0.0265  decode.d4.loss_mask: 0.9502  decode.d4.loss_dice: 0.8045  decode.d5.loss_cls: 0.0252  decode.d5.loss_mask: 0.9506  decode.d5.loss_dice: 0.7945  decode.d6.loss_cls: 0.0254  decode.d6.loss_mask: 0.9527  decode.d6.loss_dice: 0.7919  decode.d7.loss_cls: 0.0236  decode.d7.loss_mask: 0.9549  decode.d7.loss_dice: 0.7916  decode.d8.loss_cls: 0.0260  decode.d8.loss_mask: 0.9535  decode.d8.loss_dice: 0.7901
2026/07/31 05:29:31 - mmengine - INFO - Iter(train) [16600/40000]  base_lr: 3.3105e-05 lr: 3.3105e-05  eta: 11:52:04  time: 2.1394  data_time: 0.0212  memory: 9076  grad_norm: 51.3870  loss: 14.1747  decode.loss_cls: 0.0101  decode.loss_mask: 0.7568  decode.loss_dice: 0.6227  decode.d0.loss_cls: 0.0900  decode.d0.loss_mask: 0.7767  decode.d0.loss_dice: 0.6496  decode.d1.loss_cls: 0.0299  decode.d1.loss_mask: 0.7614  decode.d1.loss_dice: 0.6288  decode.d2.loss_cls: 0.0233  decode.d2.loss_mask: 0.7599  decode.d2.loss_dice: 0.6457  decode.d3.loss_cls: 0.0213  decode.d3.loss_mask: 0.7614  decode.d3.loss_dice: 0.6382  decode.d4.loss_cls: 0.0126  decode.d4.loss_mask: 0.7581  decode.d4.loss_dice: 0.6434  decode.d5.loss_cls: 0.0128  decode.d5.loss_mask: 0.7602  decode.d5.loss_dice: 0.6299  decode.d6.loss_cls: 0.0133  decode.d6.loss_mask: 0.7615  decode.d6.loss_dice: 0.6236  decode.d7.loss_cls: 0.0141  decode.d7.loss_mask: 0.7548  decode.d7.loss_dice: 0.6164  decode.d8.loss_cls: 0.0147  decode.d8.loss_mask: 0.7548  decode.d8.loss_dice: 0.6284
2026/07/31 05:33:02 - mmengine - INFO - Iter(train) [16700/40000]  base_lr: 3.2978e-05 lr: 3.2978e-05  eta: 11:49:41  time: 2.0852  data_time: 0.0167  memory: 9084  grad_norm: 56.3848  loss: 15.6444  decode.loss_cls: 0.0168  decode.loss_mask: 0.8399  decode.loss_dice: 0.6916  decode.d0.loss_cls: 0.0884  decode.d0.loss_mask: 0.8940  decode.d0.loss_dice: 0.7203  decode.d1.loss_cls: 0.0256  decode.d1.loss_mask: 0.8445  decode.d1.loss_dice: 0.7217  decode.d2.loss_cls: 0.0182  decode.d2.loss_mask: 0.8347  decode.d2.loss_dice: 0.6945  decode.d3.loss_cls: 0.0175  decode.d3.loss_mask: 0.8358  decode.d3.loss_dice: 0.6973  decode.d4.loss_cls: 0.0143  decode.d4.loss_mask: 0.8383  decode.d4.loss_dice: 0.6932  decode.d5.loss_cls: 0.0155  decode.d5.loss_mask: 0.8320  decode.d5.loss_dice: 0.6901  decode.d6.loss_cls: 0.0144  decode.d6.loss_mask: 0.8320  decode.d6.loss_dice: 0.6829  decode.d7.loss_cls: 0.0140  decode.d7.loss_mask: 0.8339  decode.d7.loss_dice: 0.6964  decode.d8.loss_cls: 0.0136  decode.d8.loss_mask: 0.8391  decode.d8.loss_dice: 0.6939
2026/07/31 05:36:35 - mmengine - INFO - Iter(train) [16800/40000]  base_lr: 3.2850e-05 lr: 3.2850e-05  eta: 11:47:20  time: 2.2194  data_time: 0.0267  memory: 9084  grad_norm: 53.0398  loss: 16.1284  decode.loss_cls: 0.0148  decode.loss_mask: 0.8233  decode.loss_dice: 0.7640  decode.d0.loss_cls: 0.0905  decode.d0.loss_mask: 0.8510  decode.d0.loss_dice: 0.7796  decode.d1.loss_cls: 0.0173  decode.d1.loss_mask: 0.8255  decode.d1.loss_dice: 0.7637  decode.d2.loss_cls: 0.0137  decode.d2.loss_mask: 0.8217  decode.d2.loss_dice: 0.7809  decode.d3.loss_cls: 0.0132  decode.d3.loss_mask: 0.8150  decode.d3.loss_dice: 0.7575  decode.d4.loss_cls: 0.0122  decode.d4.loss_mask: 0.8185  decode.d4.loss_dice: 0.7683  decode.d5.loss_cls: 0.0104  decode.d5.loss_mask: 0.8195  decode.d5.loss_dice: 0.7592  decode.d6.loss_cls: 0.0115  decode.d6.loss_mask: 0.8222  decode.d6.loss_dice: 0.7734  decode.d7.loss_cls: 0.0116  decode.d7.loss_mask: 0.8234  decode.d7.loss_dice: 0.7737  decode.d8.loss_cls: 0.0135  decode.d8.loss_mask: 0.8197  decode.d8.loss_dice: 0.7596
2026/07/31 05:40:06 - mmengine - INFO - Iter(train) [16900/40000]  base_lr: 3.2723e-05 lr: 3.2723e-05  eta: 11:44:56  time: 2.0771  data_time: 0.0176  memory: 9076  grad_norm: 79.9698  loss: 14.6056  decode.loss_cls: 0.0327  decode.loss_mask: 0.7208  decode.loss_dice: 0.6872  decode.d0.loss_cls: 0.1078  decode.d0.loss_mask: 0.7583  decode.d0.loss_dice: 0.7595  decode.d1.loss_cls: 0.0418  decode.d1.loss_mask: 0.7259  decode.d1.loss_dice: 0.6917  decode.d2.loss_cls: 0.0276  decode.d2.loss_mask: 0.7262  decode.d2.loss_dice: 0.6840  decode.d3.loss_cls: 0.0291  decode.d3.loss_mask: 0.7221  decode.d3.loss_dice: 0.6830  decode.d4.loss_cls: 0.0345  decode.d4.loss_mask: 0.7251  decode.d4.loss_dice: 0.6925  decode.d5.loss_cls: 0.0308  decode.d5.loss_mask: 0.7209  decode.d5.loss_dice: 0.6906  decode.d6.loss_cls: 0.0305  decode.d6.loss_mask: 0.7199  decode.d6.loss_dice: 0.6858  decode.d7.loss_cls: 0.0231  decode.d7.loss_mask: 0.7243  decode.d7.loss_dice: 0.6869  decode.d8.loss_cls: 0.0337  decode.d8.loss_mask: 0.7244  decode.d8.loss_dice: 0.6850
2026/07/31 05:43:38 - mmengine - INFO - Exp name: dinov3_m2f_gram_4999_20260730_204508
2026/07/31 05:43:38 - mmengine - INFO - Iter(train) [17000/40000]  base_lr: 3.2595e-05 lr: 3.2595e-05  eta: 11:42:32  time: 2.1443  data_time: 0.0214  memory: 9084  grad_norm: 117.0549  loss: 20.4217  decode.loss_cls: 0.0846  decode.loss_mask: 1.0075  decode.loss_dice: 0.9197  decode.d0.loss_cls: 0.1248  decode.d0.loss_mask: 1.0880  decode.d0.loss_dice: 1.0217  decode.d1.loss_cls: 0.0854  decode.d1.loss_mask: 1.0468  decode.d1.loss_dice: 0.9419  decode.d2.loss_cls: 0.0941  decode.d2.loss_mask: 1.0147  decode.d2.loss_dice: 0.9149  decode.d3.loss_cls: 0.0942  decode.d3.loss_mask: 1.0203  decode.d3.loss_dice: 0.9163  decode.d4.loss_cls: 0.0954  decode.d4.loss_mask: 1.0120  decode.d4.loss_dice: 0.9054  decode.d5.loss_cls: 0.0878  decode.d5.loss_mask: 0.9995  decode.d5.loss_dice: 0.9040  decode.d6.loss_cls: 0.0875  decode.d6.loss_mask: 0.9931  decode.d6.loss_dice: 0.9073  decode.d7.loss_cls: 0.0779  decode.d7.loss_mask: 1.0185  decode.d7.loss_dice: 0.9348  decode.d8.loss_cls: 0.0823  decode.d8.loss_mask: 1.0076  decode.d8.loss_dice: 0.9339
2026/07/31 05:47:08 - mmengine - INFO - Iter(train) [17100/40000]  base_lr: 3.2468e-05 lr: 3.2468e-05  eta: 11:40:04  time: 2.0504  data_time: 0.0164  memory: 9084  grad_norm: 77.9842  loss: 14.4448  decode.loss_cls: 0.0389  decode.loss_mask: 0.7306  decode.loss_dice: 0.6382  decode.d0.loss_cls: 0.1428  decode.d0.loss_mask: 0.7796  decode.d0.loss_dice: 0.6992  decode.d1.loss_cls: 0.0605  decode.d1.loss_mask: 0.7479  decode.d1.loss_dice: 0.6696  decode.d2.loss_cls: 0.0521  decode.d2.loss_mask: 0.7464  decode.d2.loss_dice: 0.6466  decode.d3.loss_cls: 0.0465  decode.d3.loss_mask: 0.7289  decode.d3.loss_dice: 0.6290  decode.d4.loss_cls: 0.0489  decode.d4.loss_mask: 0.7390  decode.d4.loss_dice: 0.6516  decode.d5.loss_cls: 0.0357  decode.d5.loss_mask: 0.7253  decode.d5.loss_dice: 0.6447  decode.d6.loss_cls: 0.0404  decode.d6.loss_mask: 0.7240  decode.d6.loss_dice: 0.6530  decode.d7.loss_cls: 0.0453  decode.d7.loss_mask: 0.7325  decode.d7.loss_dice: 0.6376  decode.d8.loss_cls: 0.0312  decode.d8.loss_mask: 0.7306  decode.d8.loss_dice: 0.6483
2026/07/31 05:50:33 - mmengine - INFO - Iter(train) [17200/40000]  base_lr: 3.2340e-05 lr: 3.2340e-05  eta: 11:37:29  time: 1.8888  data_time: 0.0230  memory: 9084  grad_norm: 85.2129  loss: 18.8683  decode.loss_cls: 0.0443  decode.loss_mask: 0.9770  decode.loss_dice: 0.8264  decode.d0.loss_cls: 0.1534  decode.d0.loss_mask: 1.0787  decode.d0.loss_dice: 0.9128  decode.d1.loss_cls: 0.0732  decode.d1.loss_mask: 1.0060  decode.d1.loss_dice: 0.8475  decode.d2.loss_cls: 0.0566  decode.d2.loss_mask: 0.9874  decode.d2.loss_dice: 0.8259  decode.d3.loss_cls: 0.0566  decode.d3.loss_mask: 0.9850  decode.d3.loss_dice: 0.8257  decode.d4.loss_cls: 0.0562  decode.d4.loss_mask: 0.9728  decode.d4.loss_dice: 0.8114  decode.d5.loss_cls: 0.0469  decode.d5.loss_mask: 0.9698  decode.d5.loss_dice: 0.8134  decode.d6.loss_cls: 0.0453  decode.d6.loss_mask: 0.9765  decode.d6.loss_dice: 0.8223  decode.d7.loss_cls: 0.0485  decode.d7.loss_mask: 0.9752  decode.d7.loss_dice: 0.8266  decode.d8.loss_cls: 0.0462  decode.d8.loss_mask: 0.9753  decode.d8.loss_dice: 0.8254
2026/07/31 05:54:07 - mmengine - INFO - Iter(train) [17300/40000]  base_lr: 3.2212e-05 lr: 3.2212e-05  eta: 11:35:06  time: 2.0724  data_time: 0.0185  memory: 9084  grad_norm: 79.9067  loss: 14.0402  decode.loss_cls: 0.0803  decode.loss_mask: 0.6695  decode.loss_dice: 0.5766  decode.d0.loss_cls: 0.2034  decode.d0.loss_mask: 0.7761  decode.d0.loss_dice: 0.7135  decode.d1.loss_cls: 0.0911  decode.d1.loss_mask: 0.7241  decode.d1.loss_dice: 0.6143  decode.d2.loss_cls: 0.0806  decode.d2.loss_mask: 0.7028  decode.d2.loss_dice: 0.6225  decode.d3.loss_cls: 0.0798  decode.d3.loss_mask: 0.7327  decode.d3.loss_dice: 0.6128  decode.d4.loss_cls: 0.0663  decode.d4.loss_mask: 0.7502  decode.d4.loss_dice: 0.6067  decode.d5.loss_cls: 0.0718  decode.d5.loss_mask: 0.6802  decode.d5.loss_dice: 0.5776  decode.d6.loss_cls: 0.0797  decode.d6.loss_mask: 0.6817  decode.d6.loss_dice: 0.5720  decode.d7.loss_cls: 0.0740  decode.d7.loss_mask: 0.6869  decode.d7.loss_dice: 0.5693  decode.d8.loss_cls: 0.0745  decode.d8.loss_mask: 0.6883  decode.d8.loss_dice: 0.5808
2026/07/31 05:57:37 - mmengine - INFO - Iter(train) [17400/40000]  base_lr: 3.2085e-05 lr: 3.2085e-05  eta: 11:32:37  time: 2.0873  data_time: 0.0174  memory: 9076  grad_norm: 61.5822  loss: 16.3461  decode.loss_cls: 0.0101  decode.loss_mask: 0.8983  decode.loss_dice: 0.7028  decode.d0.loss_cls: 0.1015  decode.d0.loss_mask: 0.9416  decode.d0.loss_dice: 0.7124  decode.d1.loss_cls: 0.0290  decode.d1.loss_mask: 0.9145  decode.d1.loss_dice: 0.7119  decode.d2.loss_cls: 0.0157  decode.d2.loss_mask: 0.9123  decode.d2.loss_dice: 0.7084  decode.d3.loss_cls: 0.0128  decode.d3.loss_mask: 0.9089  decode.d3.loss_dice: 0.7037  decode.d4.loss_cls: 0.0125  decode.d4.loss_mask: 0.9060  decode.d4.loss_dice: 0.6977  decode.d5.loss_cls: 0.0123  decode.d5.loss_mask: 0.9031  decode.d5.loss_dice: 0.7055  decode.d6.loss_cls: 0.0108  decode.d6.loss_mask: 0.8989  decode.d6.loss_dice: 0.6909  decode.d7.loss_cls: 0.0140  decode.d7.loss_mask: 0.8997  decode.d7.loss_dice: 0.7032  decode.d8.loss_cls: 0.0118  decode.d8.loss_mask: 0.9042  decode.d8.loss_dice: 0.6916
2026/07/31 06:01:10 - mmengine - INFO - Iter(train) [17500/40000]  base_lr: 3.1957e-05 lr: 3.1957e-05  eta: 11:30:09  time: 2.1557  data_time: 0.0230  memory: 9084  grad_norm: 95.5565  loss: 20.9056  decode.loss_cls: 0.0255  decode.loss_mask: 1.1953  decode.loss_dice: 0.8593  decode.d0.loss_cls: 0.1285  decode.d0.loss_mask: 1.2391  decode.d0.loss_dice: 0.9342  decode.d1.loss_cls: 0.0476  decode.d1.loss_mask: 1.1885  decode.d1.loss_dice: 0.8573  decode.d2.loss_cls: 0.0378  decode.d2.loss_mask: 1.1794  decode.d2.loss_dice: 0.8429  decode.d3.loss_cls: 0.0324  decode.d3.loss_mask: 1.1889  decode.d3.loss_dice: 0.8538  decode.d4.loss_cls: 0.0277  decode.d4.loss_mask: 1.1817  decode.d4.loss_dice: 0.8464  decode.d5.loss_cls: 0.0281  decode.d5.loss_mask: 1.1803  decode.d5.loss_dice: 0.8473  decode.d6.loss_cls: 0.0274  decode.d6.loss_mask: 1.1843  decode.d6.loss_dice: 0.8503  decode.d7.loss_cls: 0.0254  decode.d7.loss_mask: 1.1853  decode.d7.loss_dice: 0.8405  decode.d8.loss_cls: 0.0236  decode.d8.loss_mask: 1.1907  decode.d8.loss_dice: 0.8559
2026/07/31 06:04:41 - mmengine - INFO - Iter(train) [17600/40000]  base_lr: 3.1829e-05 lr: 3.1829e-05  eta: 11:27:39  time: 2.0816  data_time: 0.0179  memory: 9084  grad_norm: 49.7812  loss: 12.5728  decode.loss_cls: 0.0196  decode.loss_mask: 0.7079  decode.loss_dice: 0.5128  decode.d0.loss_cls: 0.1071  decode.d0.loss_mask: 0.7148  decode.d0.loss_dice: 0.5334  decode.d1.loss_cls: 0.0448  decode.d1.loss_mask: 0.7088  decode.d1.loss_dice: 0.5120  decode.d2.loss_cls: 0.0181  decode.d2.loss_mask: 0.7104  decode.d2.loss_dice: 0.5162  decode.d3.loss_cls: 0.0181  decode.d3.loss_mask: 0.7153  decode.d3.loss_dice: 0.5138  decode.d4.loss_cls: 0.0170  decode.d4.loss_mask: 0.7111  decode.d4.loss_dice: 0.5159  decode.d5.loss_cls: 0.0159  decode.d5.loss_mask: 0.7076  decode.d5.loss_dice: 0.5197  decode.d6.loss_cls: 0.0171  decode.d6.loss_mask: 0.7062  decode.d6.loss_dice: 0.5253  decode.d7.loss_cls: 0.0185  decode.d7.loss_mask: 0.7059  decode.d7.loss_dice: 0.5149  decode.d8.loss_cls: 0.0196  decode.d8.loss_mask: 0.7059  decode.d8.loss_dice: 0.5192
2026/07/31 06:08:12 - mmengine - INFO - Iter(train) [17700/40000]  base_lr: 3.1701e-05 lr: 3.1701e-05  eta: 11:25:09  time: 2.1293  data_time: 0.0210  memory: 9084  grad_norm: 81.8650  loss: 14.7589  decode.loss_cls: 0.0457  decode.loss_mask: 0.7801  decode.loss_dice: 0.6229  decode.d0.loss_cls: 0.1414  decode.d0.loss_mask: 0.8608  decode.d0.loss_dice: 0.7130  decode.d1.loss_cls: 0.0467  decode.d1.loss_mask: 0.7902  decode.d1.loss_dice: 0.6406  decode.d2.loss_cls: 0.0518  decode.d2.loss_mask: 0.7799  decode.d2.loss_dice: 0.6283  decode.d3.loss_cls: 0.0308  decode.d3.loss_mask: 0.7808  decode.d3.loss_dice: 0.6338  decode.d4.loss_cls: 0.0395  decode.d4.loss_mask: 0.7788  decode.d4.loss_dice: 0.6264  decode.d5.loss_cls: 0.0360  decode.d5.loss_mask: 0.7772  decode.d5.loss_dice: 0.6266  decode.d6.loss_cls: 0.0332  decode.d6.loss_mask: 0.7796  decode.d6.loss_dice: 0.6271  decode.d7.loss_cls: 0.0343  decode.d7.loss_mask: 0.7749  decode.d7.loss_dice: 0.6346  decode.d8.loss_cls: 0.0365  decode.d8.loss_mask: 0.7785  decode.d8.loss_dice: 0.6289
2026/07/31 06:11:41 - mmengine - INFO - Iter(train) [17800/40000]  base_lr: 3.1573e-05 lr: 3.1573e-05  eta: 11:22:36  time: 2.0602  data_time: 0.0167  memory: 9076  grad_norm: 51.3411  loss: 12.8318  decode.loss_cls: 0.0217  decode.loss_mask: 0.6524  decode.loss_dice: 0.5967  decode.d0.loss_cls: 0.1055  decode.d0.loss_mask: 0.6721  decode.d0.loss_dice: 0.6579  decode.d1.loss_cls: 0.0353  decode.d1.loss_mask: 0.6456  decode.d1.loss_dice: 0.6121  decode.d2.loss_cls: 0.0184  decode.d2.loss_mask: 0.6416  decode.d2.loss_dice: 0.6021  decode.d3.loss_cls: 0.0161  decode.d3.loss_mask: 0.6461  decode.d3.loss_dice: 0.6027  decode.d4.loss_cls: 0.0168  decode.d4.loss_mask: 0.6422  decode.d4.loss_dice: 0.6021  decode.d5.loss_cls: 0.0299  decode.d5.loss_mask: 0.6481  decode.d5.loss_dice: 0.5951  decode.d6.loss_cls: 0.0177  decode.d6.loss_mask: 0.6471  decode.d6.loss_dice: 0.5964  decode.d7.loss_cls: 0.0104  decode.d7.loss_mask: 0.6453  decode.d7.loss_dice: 0.5955  decode.d8.loss_cls: 0.0096  decode.d8.loss_mask: 0.6479  decode.d8.loss_dice: 0.6012
2026/07/31 06:15:07 - mmengine - INFO - Iter(train) [17900/40000]  base_lr: 3.1445e-05 lr: 3.1445e-05  eta: 11:19:58  time: 1.8053  data_time: 0.0248  memory: 9084  grad_norm: 57.9181  loss: 16.0777  decode.loss_cls: 0.0047  decode.loss_mask: 0.8743  decode.loss_dice: 0.7071  decode.d0.loss_cls: 0.0969  decode.d0.loss_mask: 0.9109  decode.d0.loss_dice: 0.7405  decode.d1.loss_cls: 0.0156  decode.d1.loss_mask: 0.8769  decode.d1.loss_dice: 0.7061  decode.d2.loss_cls: 0.0077  decode.d2.loss_mask: 0.8771  decode.d2.loss_dice: 0.7142  decode.d3.loss_cls: 0.0072  decode.d3.loss_mask: 0.8748  decode.d3.loss_dice: 0.7028  decode.d4.loss_cls: 0.0078  decode.d4.loss_mask: 0.8767  decode.d4.loss_dice: 0.7125  decode.d5.loss_cls: 0.0087  decode.d5.loss_mask: 0.8721  decode.d5.loss_dice: 0.7108  decode.d6.loss_cls: 0.0063  decode.d6.loss_mask: 0.8775  decode.d6.loss_dice: 0.7128  decode.d7.loss_cls: 0.0054  decode.d7.loss_mask: 0.8796  decode.d7.loss_dice: 0.7110  decode.d8.loss_cls: 0.0057  decode.d8.loss_mask: 0.8710  decode.d8.loss_dice: 0.7028
2026/07/31 06:18:34 - mmengine - INFO - Exp name: dinov3_m2f_gram_4999_20260730_204508
2026/07/31 06:18:34 - mmengine - INFO - Iter(train) [18000/40000]  base_lr: 3.1317e-05 lr: 3.1317e-05  eta: 11:17:21  time: 2.0688  data_time: 0.0162  memory: 9084  grad_norm: 60.8035  loss: 10.9095  decode.loss_cls: 0.0187  decode.loss_mask: 0.5815  decode.loss_dice: 0.4650  decode.d0.loss_cls: 0.1138  decode.d0.loss_mask: 0.6445  decode.d0.loss_dice: 0.5178  decode.d1.loss_cls: 0.0345  decode.d1.loss_mask: 0.5873  decode.d1.loss_dice: 0.4819  decode.d2.loss_cls: 0.0148  decode.d2.loss_mask: 0.5833  decode.d2.loss_dice: 0.4858  decode.d3.loss_cls: 0.0208  decode.d3.loss_mask: 0.5791  decode.d3.loss_dice: 0.4781  decode.d4.loss_cls: 0.0156  decode.d4.loss_mask: 0.5789  decode.d4.loss_dice: 0.4694  decode.d5.loss_cls: 0.0127  decode.d5.loss_mask: 0.5765  decode.d5.loss_dice: 0.4617  decode.d6.loss_cls: 0.0195  decode.d6.loss_mask: 0.5773  decode.d6.loss_dice: 0.4678  decode.d7.loss_cls: 0.0147  decode.d7.loss_mask: 0.5788  decode.d7.loss_dice: 0.4684  decode.d8.loss_cls: 0.0192  decode.d8.loss_mask: 0.5814  decode.d8.loss_dice: 0.4607
2026/07/31 06:18:34 - mmengine - INFO - Saving checkpoint at 18000 iterations
2026/07/31 06:19:19 - mmengine - INFO - Iter(val) [100/504]    eta: 0:01:37  time: 0.2093  data_time: 0.0088  memory: 3098  
2026/07/31 06:19:40 - mmengine - INFO - Iter(val) [200/504]    eta: 0:01:09  time: 0.2104  data_time: 0.0084  memory: 3098  
2026/07/31 06:20:01 - mmengine - INFO - Iter(val) [300/504]    eta: 0:00:45  time: 0.2106  data_time: 0.0083  memory: 3098  
2026/07/31 06:20:24 - mmengine - INFO - Iter(val) [400/504]    eta: 0:00:23  time: 0.2336  data_time: 0.0132  memory: 3098  
2026/07/31 06:20:47 - mmengine - INFO - Iter(val) [500/504]    eta: 0:00:00  time: 0.2117  data_time: 0.0091  memory: 3098  
2026/07/31 06:22:55 - mmengine - INFO - per class results:
2026/07/31 06:22:55 - mmengine - INFO - 
+--------------------+-------+-------+--------+-----------+--------+
|       Class        |  IoU  |  Acc  | Fscore | Precision | Recall |
+--------------------+-------+-------+--------+-----------+--------+
| impervious_surface | 85.36 | 91.49 |  92.1  |   92.72   | 91.49  |
|      building      | 95.42 |  97.9 | 97.66  |   97.42   |  97.9  |
|   low_vegetation   | 81.62 | 91.19 | 89.88  |   88.61   | 91.19  |
|        tree        | 83.32 | 89.77 |  90.9  |   92.07   | 89.77  |
|        car         | 92.68 | 96.12 |  96.2  |   96.28   | 96.12  |
+--------------------+-------+-------+--------+-----------+--------+
2026/07/31 06:22:55 - mmengine - INFO - Iter(val) [504/504]    aAcc: 92.2100  mIoU: 87.6800  mAcc: 93.2900  mFscore: 93.3500  mPrecision: 93.4200  mRecall: 93.2900  data_time: 0.0133  time: 0.2245
2026/07/31 06:26:28 - mmengine - INFO - Iter(train) [18100/40000]  base_lr: 3.1189e-05 lr: 3.1189e-05  eta: 11:17:24  time: 2.1780  data_time: 0.0216  memory: 9084  grad_norm: 63.2706  loss: 14.7554  decode.loss_cls: 0.0408  decode.loss_mask: 0.7154  decode.loss_dice: 0.6813  decode.d0.loss_cls: 0.1490  decode.d0.loss_mask: 0.8090  decode.d0.loss_dice: 0.7471  decode.d1.loss_cls: 0.0814  decode.d1.loss_mask: 0.7330  decode.d1.loss_dice: 0.7093  decode.d2.loss_cls: 0.0536  decode.d2.loss_mask: 0.7239  decode.d2.loss_dice: 0.6761  decode.d3.loss_cls: 0.0482  decode.d3.loss_mask: 0.7217  decode.d3.loss_dice: 0.6679  decode.d4.loss_cls: 0.0454  decode.d4.loss_mask: 0.7277  decode.d4.loss_dice: 0.6722  decode.d5.loss_cls: 0.0502  decode.d5.loss_mask: 0.7208  decode.d5.loss_dice: 0.6857  decode.d6.loss_cls: 0.0448  decode.d6.loss_mask: 0.7134  decode.d6.loss_dice: 0.6656  decode.d7.loss_cls: 0.0413  decode.d7.loss_mask: 0.7192  decode.d7.loss_dice: 0.6825  decode.d8.loss_cls: 0.0407  decode.d8.loss_mask: 0.7124  decode.d8.loss_dice: 0.6757
2026/07/31 06:30:01 - mmengine - INFO - Iter(train) [18200/40000]  base_lr: 3.1061e-05 lr: 3.1061e-05  eta: 11:14:51  time: 2.0592  data_time: 0.0166  memory: 9084  grad_norm: 91.5330  loss: 19.0365  decode.loss_cls: 0.0416  decode.loss_mask: 0.9853  decode.loss_dice: 0.8702  decode.d0.loss_cls: 0.1435  decode.d0.loss_mask: 1.0469  decode.d0.loss_dice: 0.9096  decode.d1.loss_cls: 0.0471  decode.d1.loss_mask: 0.9923  decode.d1.loss_dice: 0.8551  decode.d2.loss_cls: 0.0491  decode.d2.loss_mask: 0.9816  decode.d2.loss_dice: 0.8509  decode.d3.loss_cls: 0.0362  decode.d3.loss_mask: 0.9817  decode.d3.loss_dice: 0.8461  decode.d4.loss_cls: 0.0387  decode.d4.loss_mask: 0.9893  decode.d4.loss_dice: 0.8578  decode.d5.loss_cls: 0.0344  decode.d5.loss_mask: 0.9824  decode.d5.loss_dice: 0.8624  decode.d6.loss_cls: 0.0345  decode.d6.loss_mask: 0.9764  decode.d6.loss_dice: 0.8619  decode.d7.loss_cls: 0.0336  decode.d7.loss_mask: 0.9784  decode.d7.loss_dice: 0.8634  decode.d8.loss_cls: 0.0373  decode.d8.loss_mask: 0.9859  decode.d8.loss_dice: 0.8628
2026/07/31 06:33:33 - mmengine - INFO - Iter(train) [18300/40000]  base_lr: 3.0932e-05 lr: 3.0932e-05  eta: 11:12:17  time: 2.1458  data_time: 0.0258  memory: 9076  grad_norm: 57.4552  loss: 12.6051  decode.loss_cls: 0.0012  decode.loss_mask: 0.6984  decode.loss_dice: 0.5582  decode.d0.loss_cls: 0.0875  decode.d0.loss_mask: 0.7043  decode.d0.loss_dice: 0.5571  decode.d1.loss_cls: 0.0099  decode.d1.loss_mask: 0.6895  decode.d1.loss_dice: 0.5602  decode.d2.loss_cls: 0.0044  decode.d2.loss_mask: 0.6913  decode.d2.loss_dice: 0.5548  decode.d3.loss_cls: 0.0027  decode.d3.loss_mask: 0.6905  decode.d3.loss_dice: 0.5543  decode.d4.loss_cls: 0.0025  decode.d4.loss_mask: 0.6870  decode.d4.loss_dice: 0.5518  decode.d5.loss_cls: 0.0023  decode.d5.loss_mask: 0.6901  decode.d5.loss_dice: 0.5522  decode.d6.loss_cls: 0.0018  decode.d6.loss_mask: 0.6961  decode.d6.loss_dice: 0.5576  decode.d7.loss_cls: 0.0017  decode.d7.loss_mask: 0.6944  decode.d7.loss_dice: 0.5554  decode.d8.loss_cls: 0.0012  decode.d8.loss_mask: 0.6942  decode.d8.loss_dice: 0.5525
2026/07/31 06:37:03 - mmengine - INFO - Iter(train) [18400/40000]  base_lr: 3.0804e-05 lr: 3.0804e-05  eta: 11:09:40  time: 2.0699  data_time: 0.0174  memory: 9084  grad_norm: 53.9542  loss: 16.0274  decode.loss_cls: 0.0291  decode.loss_mask: 0.8476  decode.loss_dice: 0.7161  decode.d0.loss_cls: 0.0755  decode.d0.loss_mask: 0.9193  decode.d0.loss_dice: 0.7368  decode.d1.loss_cls: 0.0280  decode.d1.loss_mask: 0.8510  decode.d1.loss_dice: 0.7221  decode.d2.loss_cls: 0.0264  decode.d2.loss_mask: 0.8452  decode.d2.loss_dice: 0.7173  decode.d3.loss_cls: 0.0240  decode.d3.loss_mask: 0.8434  decode.d3.loss_dice: 0.7235  decode.d4.loss_cls: 0.0245  decode.d4.loss_mask: 0.8442  decode.d4.loss_dice: 0.7187  decode.d5.loss_cls: 0.0248  decode.d5.loss_mask: 0.8508  decode.d5.loss_dice: 0.7149  decode.d6.loss_cls: 0.0254  decode.d6.loss_mask: 0.8486  decode.d6.loss_dice: 0.7058  decode.d7.loss_cls: 0.0264  decode.d7.loss_mask: 0.8442  decode.d7.loss_dice: 0.7064  decode.d8.loss_cls: 0.0312  decode.d8.loss_mask: 0.8426  decode.d8.loss_dice: 0.7136
2026/07/31 06:40:32 - mmengine - INFO - Iter(train) [18500/40000]  base_lr: 3.0676e-05 lr: 3.0676e-05  eta: 11:07:01  time: 1.8240  data_time: 0.0266  memory: 9084  grad_norm: 65.4720  loss: 15.2017  decode.loss_cls: 0.0249  decode.loss_mask: 0.7847  decode.loss_dice: 0.6968  decode.d0.loss_cls: 0.0864  decode.d0.loss_mask: 0.8175  decode.d0.loss_dice: 0.7122  decode.d1.loss_cls: 0.0142  decode.d1.loss_mask: 0.7979  decode.d1.loss_dice: 0.7083  decode.d2.loss_cls: 0.0239  decode.d2.loss_mask: 0.7836  decode.d2.loss_dice: 0.6954  decode.d3.loss_cls: 0.0213  decode.d3.loss_mask: 0.7870  decode.d3.loss_dice: 0.7034  decode.d4.loss_cls: 0.0264  decode.d4.loss_mask: 0.7833  decode.d4.loss_dice: 0.6991  decode.d5.loss_cls: 0.0275  decode.d5.loss_mask: 0.7855  decode.d5.loss_dice: 0.7002  decode.d6.loss_cls: 0.0294  decode.d6.loss_mask: 0.7847  decode.d6.loss_dice: 0.7014  decode.d7.loss_cls: 0.0225  decode.d7.loss_mask: 0.7872  decode.d7.loss_dice: 0.6982  decode.d8.loss_cls: 0.0248  decode.d8.loss_mask: 0.7821  decode.d8.loss_dice: 0.6918
2026/07/31 06:43:31 - mmengine - INFO - Iter(train) [18600/40000]  base_lr: 3.0547e-05 lr: 3.0547e-05  eta: 11:03:45  time: 2.1848  data_time: 0.0276  memory: 9076  grad_norm: 61.6634  loss: 11.6470  decode.loss_cls: 0.0166  decode.loss_mask: 0.5637  decode.loss_dice: 0.5446  decode.d0.loss_cls: 0.1443  decode.d0.loss_mask: 0.6256  decode.d0.loss_dice: 0.6253  decode.d1.loss_cls: 0.0434  decode.d1.loss_mask: 0.5957  decode.d1.loss_dice: 0.5580  decode.d2.loss_cls: 0.0338  decode.d2.loss_mask: 0.5744  decode.d2.loss_dice: 0.5375  decode.d3.loss_cls: 0.0265  decode.d3.loss_mask: 0.5736  decode.d3.loss_dice: 0.5287  decode.d4.loss_cls: 0.0175  decode.d4.loss_mask: 0.5680  decode.d4.loss_dice: 0.5530  decode.d5.loss_cls: 0.0284  decode.d5.loss_mask: 0.5731  decode.d5.loss_dice: 0.5395  decode.d6.loss_cls: 0.0153  decode.d6.loss_mask: 0.5687  decode.d6.loss_dice: 0.5506  decode.d7.loss_cls: 0.0159  decode.d7.loss_mask: 0.5630  decode.d7.loss_dice: 0.5425  decode.d8.loss_cls: 0.0207  decode.d8.loss_mask: 0.5647  decode.d8.loss_dice: 0.5344
2026/07/31 06:47:01 - mmengine - INFO - Iter(train) [18700/40000]  base_lr: 3.0419e-05 lr: 3.0419e-05  eta: 11:01:07  time: 2.0577  data_time: 0.0167  memory: 9084  grad_norm: 100.6680  loss: 22.6853  decode.loss_cls: 0.0903  decode.loss_mask: 1.1893  decode.loss_dice: 0.9278  decode.d0.loss_cls: 0.2093  decode.d0.loss_mask: 1.4227  decode.d0.loss_dice: 1.1204  decode.d1.loss_cls: 0.1162  decode.d1.loss_mask: 1.2298  decode.d1.loss_dice: 0.9622  decode.d2.loss_cls: 0.1059  decode.d2.loss_mask: 1.1964  decode.d2.loss_dice: 0.9294  decode.d3.loss_cls: 0.0910  decode.d3.loss_mask: 1.1747  decode.d3.loss_dice: 0.9301  decode.d4.loss_cls: 0.0969  decode.d4.loss_mask: 1.1793  decode.d4.loss_dice: 0.9201  decode.d5.loss_cls: 0.0958  decode.d5.loss_mask: 1.1810  decode.d5.loss_dice: 0.9241  decode.d6.loss_cls: 0.0956  decode.d6.loss_mask: 1.1832  decode.d6.loss_dice: 0.9297  decode.d7.loss_cls: 0.0941  decode.d7.loss_mask: 1.1849  decode.d7.loss_dice: 0.9151  decode.d8.loss_cls: 0.0903  decode.d8.loss_mask: 1.1794  decode.d8.loss_dice: 0.9200
2026/07/31 06:50:34 - mmengine - INFO - Iter(train) [18800/40000]  base_lr: 3.0290e-05 lr: 3.0290e-05  eta: 10:58:30  time: 2.0241  data_time: 0.0195  memory: 9084  grad_norm: 50.7246  loss: 9.6975  decode.loss_cls: 0.0306  decode.loss_mask: 0.4988  decode.loss_dice: 0.4286  decode.d0.loss_cls: 0.2218  decode.d0.loss_mask: 0.5241  decode.d0.loss_dice: 0.4662  decode.d1.loss_cls: 0.0596  decode.d1.loss_mask: 0.4951  decode.d1.loss_dice: 0.4178  decode.d2.loss_cls: 0.0448  decode.d2.loss_mask: 0.5114  decode.d2.loss_dice: 0.4093  decode.d3.loss_cls: 0.0395  decode.d3.loss_mask: 0.4979  decode.d3.loss_dice: 0.4078  decode.d4.loss_cls: 0.0329  decode.d4.loss_mask: 0.4975  decode.d4.loss_dice: 0.3969  decode.d5.loss_cls: 0.0313  decode.d5.loss_mask: 0.5021  decode.d5.loss_dice: 0.4155  decode.d6.loss_cls: 0.0270  decode.d6.loss_mask: 0.5000  decode.d6.loss_dice: 0.3942  decode.d7.loss_cls: 0.0277  decode.d7.loss_mask: 0.4957  decode.d7.loss_dice: 0.3974  decode.d8.loss_cls: 0.0267  decode.d8.loss_mask: 0.4978  decode.d8.loss_dice: 0.4016
2026/07/31 06:54:04 - mmengine - INFO - Iter(train) [18900/40000]  base_lr: 3.0162e-05 lr: 3.0162e-05  eta: 10:55:50  time: 2.0431  data_time: 0.0164  memory: 9084  grad_norm: 100.5810  loss: 15.1454  decode.loss_cls: 0.0575  decode.loss_mask: 0.7357  decode.loss_dice: 0.6841  decode.d0.loss_cls: 0.1615  decode.d0.loss_mask: 0.7656  decode.d0.loss_dice: 0.7191  decode.d1.loss_cls: 0.0857  decode.d1.loss_mask: 0.7831  decode.d1.loss_dice: 0.7043  decode.d2.loss_cls: 0.0671  decode.d2.loss_mask: 0.7685  decode.d2.loss_dice: 0.6999  decode.d3.loss_cls: 0.0498  decode.d3.loss_mask: 0.7396  decode.d3.loss_dice: 0.6791  decode.d4.loss_cls: 0.0578  decode.d4.loss_mask: 0.7441  decode.d4.loss_dice: 0.7019  decode.d5.loss_cls: 0.0611  decode.d5.loss_mask: 0.7541  decode.d5.loss_dice: 0.6943  decode.d6.loss_cls: 0.0556  decode.d6.loss_mask: 0.7377  decode.d6.loss_dice: 0.6772  decode.d7.loss_cls: 0.0555  decode.d7.loss_mask: 0.7356  decode.d7.loss_dice: 0.6885  decode.d8.loss_cls: 0.0579  decode.d8.loss_mask: 0.7444  decode.d8.loss_dice: 0.6790
2026/07/31 06:57:36 - mmengine - INFO - Exp name: dinov3_m2f_gram_4999_20260730_204508
2026/07/31 06:57:36 - mmengine - INFO - Iter(train) [19000/40000]  base_lr: 3.0033e-05 lr: 3.0033e-05  eta: 10:53:13  time: 2.1218  data_time: 0.0244  memory: 9084  grad_norm: 64.6210  loss: 15.2287  decode.loss_cls: 0.0124  decode.loss_mask: 0.8414  decode.loss_dice: 0.6454  decode.d0.loss_cls: 0.1348  decode.d0.loss_mask: 0.8645  decode.d0.loss_dice: 0.6899  decode.d1.loss_cls: 0.0127  decode.d1.loss_mask: 0.8456  decode.d1.loss_dice: 0.6637  decode.d2.loss_cls: 0.0142  decode.d2.loss_mask: 0.8409  decode.d2.loss_dice: 0.6576  decode.d3.loss_cls: 0.0086  decode.d3.loss_mask: 0.8507  decode.d3.loss_dice: 0.6662  decode.d4.loss_cls: 0.0133  decode.d4.loss_mask: 0.8406  decode.d4.loss_dice: 0.6480  decode.d5.loss_cls: 0.0118  decode.d5.loss_mask: 0.8424  decode.d5.loss_dice: 0.6458  decode.d6.loss_cls: 0.0114  decode.d6.loss_mask: 0.8436  decode.d6.loss_dice: 0.6477  decode.d7.loss_cls: 0.0122  decode.d7.loss_mask: 0.8376  decode.d7.loss_dice: 0.6403  decode.d8.loss_cls: 0.0124  decode.d8.loss_mask: 0.8352  decode.d8.loss_dice: 0.6377
2026/07/31 07:01:09 - mmengine - INFO - Iter(train) [19100/40000]  base_lr: 2.9904e-05 lr: 2.9904e-05  eta: 10:50:35  time: 2.0600  data_time: 0.0169  memory: 9076  grad_norm: 72.0462  loss: 14.9327  decode.loss_cls: 0.0014  decode.loss_mask: 0.8347  decode.loss_dice: 0.6404  decode.d0.loss_cls: 0.1134  decode.d0.loss_mask: 0.8785  decode.d0.loss_dice: 0.6513  decode.d1.loss_cls: 0.0182  decode.d1.loss_mask: 0.8396  decode.d1.loss_dice: 0.6496  decode.d2.loss_cls: 0.0096  decode.d2.loss_mask: 0.8329  decode.d2.loss_dice: 0.6299  decode.d3.loss_cls: 0.0030  decode.d3.loss_mask: 0.8310  decode.d3.loss_dice: 0.6403  decode.d4.loss_cls: 0.0017  decode.d4.loss_mask: 0.8293  decode.d4.loss_dice: 0.6331  decode.d5.loss_cls: 0.0016  decode.d5.loss_mask: 0.8365  decode.d5.loss_dice: 0.6327  decode.d6.loss_cls: 0.0013  decode.d6.loss_mask: 0.8348  decode.d6.loss_dice: 0.6334  decode.d7.loss_cls: 0.0012  decode.d7.loss_mask: 0.8362  decode.d7.loss_dice: 0.6423  decode.d8.loss_cls: 0.0012  decode.d8.loss_mask: 0.8307  decode.d8.loss_dice: 0.6428
2026/07/31 07:04:41 - mmengine - INFO - Iter(train) [19200/40000]  base_lr: 2.9775e-05 lr: 2.9775e-05  eta: 10:47:55  time: 2.0774  data_time: 0.0169  memory: 9076  grad_norm: 51.1449  loss: 13.9090  decode.loss_cls: 0.0290  decode.loss_mask: 0.7094  decode.loss_dice: 0.6428  decode.d0.loss_cls: 0.0888  decode.d0.loss_mask: 0.7358  decode.d0.loss_dice: 0.6699  decode.d1.loss_cls: 0.0450  decode.d1.loss_mask: 0.7150  decode.d1.loss_dice: 0.6233  decode.d2.loss_cls: 0.0384  decode.d2.loss_mask: 0.7098  decode.d2.loss_dice: 0.6323  decode.d3.loss_cls: 0.0281  decode.d3.loss_mask: 0.7131  decode.d3.loss_dice: 0.6455  decode.d4.loss_cls: 0.0250  decode.d4.loss_mask: 0.7126  decode.d4.loss_dice: 0.6350  decode.d5.loss_cls: 0.0204  decode.d5.loss_mask: 0.7073  decode.d5.loss_dice: 0.6453  decode.d6.loss_cls: 0.0332  decode.d6.loss_mask: 0.7104  decode.d6.loss_dice: 0.6399  decode.d7.loss_cls: 0.0249  decode.d7.loss_mask: 0.7118  decode.d7.loss_dice: 0.6372  decode.d8.loss_cls: 0.0285  decode.d8.loss_mask: 0.7131  decode.d8.loss_dice: 0.6381
2026/07/31 07:08:04 - mmengine - INFO - Iter(train) [19300/40000]  base_lr: 2.9646e-05 lr: 2.9646e-05  eta: 10:45:05  time: 2.0740  data_time: 0.0168  memory: 9084  grad_norm: 38.3951  loss: 10.9638  decode.loss_cls: 0.0015  decode.loss_mask: 0.5978  decode.loss_dice: 0.4856  decode.d0.loss_cls: 0.0724  decode.d0.loss_mask: 0.6095  decode.d0.loss_dice: 0.4960  decode.d1.loss_cls: 0.0092  decode.d1.loss_mask: 0.5988  decode.d1.loss_dice: 0.4960  decode.d2.loss_cls: 0.0071  decode.d2.loss_mask: 0.5965  decode.d2.loss_dice: 0.4852  decode.d3.loss_cls: 0.0030  decode.d3.loss_mask: 0.5962  decode.d3.loss_dice: 0.4918  decode.d4.loss_cls: 0.0023  decode.d4.loss_mask: 0.5969  decode.d4.loss_dice: 0.4866  decode.d5.loss_cls: 0.0026  decode.d5.loss_mask: 0.5972  decode.d5.loss_dice: 0.4837  decode.d6.loss_cls: 0.0020  decode.d6.loss_mask: 0.5956  decode.d6.loss_dice: 0.4834  decode.d7.loss_cls: 0.0017  decode.d7.loss_mask: 0.5967  decode.d7.loss_dice: 0.4857  decode.d8.loss_cls: 0.0018  decode.d8.loss_mask: 0.5971  decode.d8.loss_dice: 0.4842
2026/07/31 07:11:35 - mmengine - INFO - Iter(train) [19400/40000]  base_lr: 2.9517e-05 lr: 2.9517e-05  eta: 10:42:24  time: 2.1111  data_time: 0.0254  memory: 9084  grad_norm: 63.1220  loss: 14.0078  decode.loss_cls: 0.0027  decode.loss_mask: 0.7021  decode.loss_dice: 0.6950  decode.d0.loss_cls: 0.0849  decode.d0.loss_mask: 0.7045  decode.d0.loss_dice: 0.6956  decode.d1.loss_cls: 0.0289  decode.d1.loss_mask: 0.6914  decode.d1.loss_dice: 0.6889  decode.d2.loss_cls: 0.0142  decode.d2.loss_mask: 0.6931  decode.d2.loss_dice: 0.6850  decode.d3.loss_cls: 0.0041  decode.d3.loss_mask: 0.6896  decode.d3.loss_dice: 0.6848  decode.d4.loss_cls: 0.0046  decode.d4.loss_mask: 0.6947  decode.d4.loss_dice: 0.6822  decode.d5.loss_cls: 0.0035  decode.d5.loss_mask: 0.7015  decode.d5.loss_dice: 0.6832  decode.d6.loss_cls: 0.0037  decode.d6.loss_mask: 0.7054  decode.d6.loss_dice: 0.6909  decode.d7.loss_cls: 0.0108  decode.d7.loss_mask: 0.6980  decode.d7.loss_dice: 0.6861  decode.d8.loss_cls: 0.0030  decode.d8.loss_mask: 0.6933  decode.d8.loss_dice: 0.6822
2026/07/31 07:15:07 - mmengine - INFO - Iter(train) [19500/40000]  base_lr: 2.9389e-05 lr: 2.9389e-05  eta: 10:39:43  time: 2.0742  data_time: 0.0170  memory: 9076  grad_norm: 56.2384  loss: 11.7445  decode.loss_cls: 0.0085  decode.loss_mask: 0.5962  decode.loss_dice: 0.5501  decode.d0.loss_cls: 0.1042  decode.d0.loss_mask: 0.6352  decode.d0.loss_dice: 0.5950  decode.d1.loss_cls: 0.0344  decode.d1.loss_mask: 0.6092  decode.d1.loss_dice: 0.5797  decode.d2.loss_cls: 0.0144  decode.d2.loss_mask: 0.6006  decode.d2.loss_dice: 0.5408  decode.d3.loss_cls: 0.0113  decode.d3.loss_mask: 0.5933  decode.d3.loss_dice: 0.5421  decode.d4.loss_cls: 0.0090  decode.d4.loss_mask: 0.5943  decode.d4.loss_dice: 0.5397  decode.d5.loss_cls: 0.0092  decode.d5.loss_mask: 0.5889  decode.d5.loss_dice: 0.5359  decode.d6.loss_cls: 0.0133  decode.d6.loss_mask: 0.5893  decode.d6.loss_dice: 0.5445  decode.d7.loss_cls: 0.0090  decode.d7.loss_mask: 0.5952  decode.d7.loss_dice: 0.5433  decode.d8.loss_cls: 0.0086  decode.d8.loss_mask: 0.5974  decode.d8.loss_dice: 0.5521
2026/07/31 07:18:40 - mmengine - INFO - Iter(train) [19600/40000]  base_lr: 2.9259e-05 lr: 2.9259e-05  eta: 10:37:02  time: 2.1590  data_time: 0.0250  memory: 9084  grad_norm: 61.5506  loss: 13.6213  decode.loss_cls: 0.0365  decode.loss_mask: 0.6900  decode.loss_dice: 0.6038  decode.d0.loss_cls: 0.1154  decode.d0.loss_mask: 0.7352  decode.d0.loss_dice: 0.6416  decode.d1.loss_cls: 0.0493  decode.d1.loss_mask: 0.7119  decode.d1.loss_dice: 0.6422  decode.d2.loss_cls: 0.0439  decode.d2.loss_mask: 0.6860  decode.d2.loss_dice: 0.6175  decode.d3.loss_cls: 0.0383  decode.d3.loss_mask: 0.6977  decode.d3.loss_dice: 0.6155  decode.d4.loss_cls: 0.0319  decode.d4.loss_mask: 0.6948  decode.d4.loss_dice: 0.6268  decode.d5.loss_cls: 0.0455  decode.d5.loss_mask: 0.6817  decode.d5.loss_dice: 0.5995  decode.d6.loss_cls: 0.0408  decode.d6.loss_mask: 0.6840  decode.d6.loss_dice: 0.6096  decode.d7.loss_cls: 0.0342  decode.d7.loss_mask: 0.6972  decode.d7.loss_dice: 0.6169  decode.d8.loss_cls: 0.0373  decode.d8.loss_mask: 0.6871  decode.d8.loss_dice: 0.6093
2026/07/31 07:22:09 - mmengine - INFO - Iter(train) [19700/40000]  base_lr: 2.9130e-05 lr: 2.9130e-05  eta: 10:34:18  time: 2.0611  data_time: 0.0167  memory: 9084  grad_norm: 73.7336  loss: 13.9620  decode.loss_cls: 0.0319  decode.loss_mask: 0.7004  decode.loss_dice: 0.6429  decode.d0.loss_cls: 0.1105  decode.d0.loss_mask: 0.7642  decode.d0.loss_dice: 0.7116  decode.d1.loss_cls: 0.0650  decode.d1.loss_mask: 0.7193  decode.d1.loss_dice: 0.6660  decode.d2.loss_cls: 0.0482  decode.d2.loss_mask: 0.7061  decode.d2.loss_dice: 0.6416  decode.d3.loss_cls: 0.0332  decode.d3.loss_mask: 0.6991  decode.d3.loss_dice: 0.6344  decode.d4.loss_cls: 0.0310  decode.d4.loss_mask: 0.6955  decode.d4.loss_dice: 0.6346  decode.d5.loss_cls: 0.0310  decode.d5.loss_mask: 0.6924  decode.d5.loss_dice: 0.6284  decode.d6.loss_cls: 0.0297  decode.d6.loss_mask: 0.6926  decode.d6.loss_dice: 0.6348  decode.d7.loss_cls: 0.0286  decode.d7.loss_mask: 0.6964  decode.d7.loss_dice: 0.6346  decode.d8.loss_cls: 0.0271  decode.d8.loss_mask: 0.6936  decode.d8.loss_dice: 0.6371
2026/07/31 07:25:42 - mmengine - INFO - Iter(train) [19800/40000]  base_lr: 2.9001e-05 lr: 2.9001e-05  eta: 10:31:36  time: 2.1978  data_time: 0.0310  memory: 9084  grad_norm: 53.3335  loss: 15.0487  decode.loss_cls: 0.0033  decode.loss_mask: 0.8101  decode.loss_dice: 0.6772  decode.d0.loss_cls: 0.0718  decode.d0.loss_mask: 0.8500  decode.d0.loss_dice: 0.6910  decode.d1.loss_cls: 0.0126  decode.d1.loss_mask: 0.8159  decode.d1.loss_dice: 0.6882  decode.d2.loss_cls: 0.0049  decode.d2.loss_mask: 0.8098  decode.d2.loss_dice: 0.6867  decode.d3.loss_cls: 0.0034  decode.d3.loss_mask: 0.8105  decode.d3.loss_dice: 0.6842  decode.d4.loss_cls: 0.0035  decode.d4.loss_mask: 0.8092  decode.d4.loss_dice: 0.6739  decode.d5.loss_cls: 0.0034  decode.d5.loss_mask: 0.8056  decode.d5.loss_dice: 0.6724  decode.d6.loss_cls: 0.0029  decode.d6.loss_mask: 0.8042  decode.d6.loss_dice: 0.6802  decode.d7.loss_cls: 0.0026  decode.d7.loss_mask: 0.8068  decode.d7.loss_dice: 0.6775  decode.d8.loss_cls: 0.0034  decode.d8.loss_mask: 0.8123  decode.d8.loss_dice: 0.6712
2026/07/31 07:29:15 - mmengine - INFO - Iter(train) [19900/40000]  base_lr: 2.8872e-05 lr: 2.8872e-05  eta: 10:28:54  time: 2.0918  data_time: 0.0164  memory: 9084  grad_norm: 52.1130  loss: 11.1213  decode.loss_cls: 0.0486  decode.loss_mask: 0.5159  decode.loss_dice: 0.5340  decode.d0.loss_cls: 0.2181  decode.d0.loss_mask: 0.5516  decode.d0.loss_dice: 0.5772  decode.d1.loss_cls: 0.0700  decode.d1.loss_mask: 0.5243  decode.d1.loss_dice: 0.5042  decode.d2.loss_cls: 0.0568  decode.d2.loss_mask: 0.5247  decode.d2.loss_dice: 0.5131  decode.d3.loss_cls: 0.0589  decode.d3.loss_mask: 0.5336  decode.d3.loss_dice: 0.4932  decode.d4.loss_cls: 0.0581  decode.d4.loss_mask: 0.5238  decode.d4.loss_dice: 0.4881  decode.d5.loss_cls: 0.0529  decode.d5.loss_mask: 0.5210  decode.d5.loss_dice: 0.5139  decode.d6.loss_cls: 0.0623  decode.d6.loss_mask: 0.5184  decode.d6.loss_dice: 0.5010  decode.d7.loss_cls: 0.0513  decode.d7.loss_mask: 0.5224  decode.d7.loss_dice: 0.5092  decode.d8.loss_cls: 0.0497  decode.d8.loss_mask: 0.5213  decode.d8.loss_dice: 0.5039
2026/07/31 07:32:39 - mmengine - INFO - Exp name: dinov3_m2f_gram_4999_20260730_204508
2026/07/31 07:32:39 - mmengine - INFO - Iter(train) [20000/40000]  base_lr: 2.8743e-05 lr: 2.8743e-05  eta: 10:26:03  time: 2.0758  data_time: 0.0173  memory: 9076  grad_norm: 51.8990  loss: 14.2874  decode.loss_cls: 0.0090  decode.loss_mask: 0.7913  decode.loss_dice: 0.6192  decode.d0.loss_cls: 0.0885  decode.d0.loss_mask: 0.8208  decode.d0.loss_dice: 0.6175  decode.d1.loss_cls: 0.0333  decode.d1.loss_mask: 0.8035  decode.d1.loss_dice: 0.6015  decode.d2.loss_cls: 0.0122  decode.d2.loss_mask: 0.7982  decode.d2.loss_dice: 0.6324  decode.d3.loss_cls: 0.0097  decode.d3.loss_mask: 0.7876  decode.d3.loss_dice: 0.6236  decode.d4.loss_cls: 0.0100  decode.d4.loss_mask: 0.7924  decode.d4.loss_dice: 0.5975  decode.d5.loss_cls: 0.0090  decode.d5.loss_mask: 0.7887  decode.d5.loss_dice: 0.6164  decode.d6.loss_cls: 0.0087  decode.d6.loss_mask: 0.7893  decode.d6.loss_dice: 0.6121  decode.d7.loss_cls: 0.0090  decode.d7.loss_mask: 0.7913  decode.d7.loss_dice: 0.5961  decode.d8.loss_cls: 0.0089  decode.d8.loss_mask: 0.7905  decode.d8.loss_dice: 0.6191
2026/07/31 07:32:39 - mmengine - INFO - Saving checkpoint at 20000 iterations
2026/07/31 07:33:23 - mmengine - INFO - Iter(val) [100/504]    eta: 0:01:31  time: 0.2108  data_time: 0.0084  memory: 3098  
2026/07/31 07:33:44 - mmengine - INFO - Iter(val) [200/504]    eta: 0:01:06  time: 0.2097  data_time: 0.0080  memory: 3098  
2026/07/31 07:34:06 - mmengine - INFO - Iter(val) [300/504]    eta: 0:00:44  time: 0.3013  data_time: 0.0167  memory: 3098  
2026/07/31 07:34:31 - mmengine - INFO - Iter(val) [400/504]    eta: 0:00:23  time: 0.2335  data_time: 0.0131  memory: 3098  
2026/07/31 07:34:52 - mmengine - INFO - Iter(val) [500/504]    eta: 0:00:00  time: 0.2128  data_time: 0.0083  memory: 3098  
2026/07/31 07:36:59 - mmengine - INFO - per class results:
2026/07/31 07:36:59 - mmengine - INFO - 
+--------------------+-------+-------+--------+-----------+--------+
|       Class        |  IoU  |  Acc  | Fscore | Precision | Recall |
+--------------------+-------+-------+--------+-----------+--------+
| impervious_surface | 86.17 | 90.65 | 92.57  |   94.58   | 90.65  |
|      building      | 95.27 | 96.76 | 97.58  |   98.42   | 96.76  |
|   low_vegetation   | 80.74 | 95.67 | 89.34  |    83.8   | 95.67  |
|        tree        | 81.13 |  84.6 | 89.58  |   95.19   |  84.6  |
|        car         | 93.94 | 96.13 | 96.88  |   97.64   | 96.13  |
+--------------------+-------+-------+--------+-----------+--------+
2026/07/31 07:37:00 - mmengine - INFO - Iter(val) [504/504]    aAcc: 91.7500  mIoU: 87.4500  mAcc: 92.7600  mFscore: 93.1900  mPrecision: 93.9300  mRecall: 92.7600  data_time: 0.0119  time: 0.2235
2026/07/31 07:40:30 - mmengine - INFO - Iter(train) [20100/40000]  base_lr: 2.8613e-05 lr: 2.8613e-05  eta: 10:25:22  time: 2.0448  data_time: 0.0159  memory: 9084  grad_norm: 84.1686  loss: 18.2084  decode.loss_cls: 0.0120  decode.loss_mask: 1.0164  decode.loss_dice: 0.7611  decode.d0.loss_cls: 0.1233  decode.d0.loss_mask: 1.0779  decode.d0.loss_dice: 0.8011  decode.d1.loss_cls: 0.0462  decode.d1.loss_mask: 1.0273  decode.d1.loss_dice: 0.7628  decode.d2.loss_cls: 0.0299  decode.d2.loss_mask: 1.0188  decode.d2.loss_dice: 0.7671  decode.d3.loss_cls: 0.0187  decode.d3.loss_mask: 1.0116  decode.d3.loss_dice: 0.7649  decode.d4.loss_cls: 0.0214  decode.d4.loss_mask: 1.0174  decode.d4.loss_dice: 0.7606  decode.d5.loss_cls: 0.0192  decode.d5.loss_mask: 1.0234  decode.d5.loss_dice: 0.7548  decode.d6.loss_cls: 0.0205  decode.d6.loss_mask: 1.0151  decode.d6.loss_dice: 0.7538  decode.d7.loss_cls: 0.0237  decode.d7.loss_mask: 1.0144  decode.d7.loss_dice: 0.7534  decode.d8.loss_cls: 0.0231  decode.d8.loss_mask: 1.0117  decode.d8.loss_dice: 0.7568
2026/07/31 07:44:01 - mmengine - INFO - Iter(train) [20200/40000]  base_lr: 2.8484e-05 lr: 2.8484e-05  eta: 10:22:36  time: 2.1748  data_time: 0.0221  memory: 9084  grad_norm: 59.2855  loss: 13.1695  decode.loss_cls: 0.0189  decode.loss_mask: 0.6979  decode.loss_dice: 0.5768  decode.d0.loss_cls: 0.1219  decode.d0.loss_mask: 0.7181  decode.d0.loss_dice: 0.6503  decode.d1.loss_cls: 0.0432  decode.d1.loss_mask: 0.7033  decode.d1.loss_dice: 0.5533  decode.d2.loss_cls: 0.0269  decode.d2.loss_mask: 0.7027  decode.d2.loss_dice: 0.5888  decode.d3.loss_cls: 0.0262  decode.d3.loss_mask: 0.6950  decode.d3.loss_dice: 0.5819  decode.d4.loss_cls: 0.0353  decode.d4.loss_mask: 0.6899  decode.d4.loss_dice: 0.5801  decode.d5.loss_cls: 0.0257  decode.d5.loss_mask: 0.6875  decode.d5.loss_dice: 0.5591  decode.d6.loss_cls: 0.0315  decode.d6.loss_mask: 0.6944  decode.d6.loss_dice: 0.5642  decode.d7.loss_cls: 0.0154  decode.d7.loss_mask: 0.6937  decode.d7.loss_dice: 0.5877  decode.d8.loss_cls: 0.0239  decode.d8.loss_mask: 0.6953  decode.d8.loss_dice: 0.5808
2026/07/31 07:47:33 - mmengine - INFO - Iter(train) [20300/40000]  base_lr: 2.8354e-05 lr: 2.8354e-05  eta: 10:19:50  time: 2.0754  data_time: 0.0168  memory: 9084  grad_norm: 62.7157  loss: 13.3587  decode.loss_cls: 0.0258  decode.loss_mask: 0.6720  decode.loss_dice: 0.6109  decode.d0.loss_cls: 0.1246  decode.d0.loss_mask: 0.7522  decode.d0.loss_dice: 0.7133  decode.d1.loss_cls: 0.0436  decode.d1.loss_mask: 0.6830  decode.d1.loss_dice: 0.6265  decode.d2.loss_cls: 0.0313  decode.d2.loss_mask: 0.6656  decode.d2.loss_dice: 0.6074  decode.d3.loss_cls: 0.0274  decode.d3.loss_mask: 0.6658  decode.d3.loss_dice: 0.6111  decode.d4.loss_cls: 0.0296  decode.d4.loss_mask: 0.6727  decode.d4.loss_dice: 0.6043  decode.d5.loss_cls: 0.0251  decode.d5.loss_mask: 0.6703  decode.d5.loss_dice: 0.5997  decode.d6.loss_cls: 0.0245  decode.d6.loss_mask: 0.6670  decode.d6.loss_dice: 0.6030  decode.d7.loss_cls: 0.0246  decode.d7.loss_mask: 0.6702  decode.d7.loss_dice: 0.6078  decode.d8.loss_cls: 0.0242  decode.d8.loss_mask: 0.6681  decode.d8.loss_dice: 0.6070
2026/07/31 07:51:03 - mmengine - INFO - Iter(train) [20400/40000]  base_lr: 2.8225e-05 lr: 2.8225e-05  eta: 10:17:02  time: 2.0844  data_time: 0.0170  memory: 9084  grad_norm: 38.2385  loss: 9.7608  decode.loss_cls: 0.0218  decode.loss_mask: 0.4474  decode.loss_dice: 0.4867  decode.d0.loss_cls: 0.1045  decode.d0.loss_mask: 0.4696  decode.d0.loss_dice: 0.5220  decode.d1.loss_cls: 0.0427  decode.d1.loss_mask: 0.4500  decode.d1.loss_dice: 0.4918  decode.d2.loss_cls: 0.0232  decode.d2.loss_mask: 0.4504  decode.d2.loss_dice: 0.5053  decode.d3.loss_cls: 0.0107  decode.d3.loss_mask: 0.4505  decode.d3.loss_dice: 0.4943  decode.d4.loss_cls: 0.0247  decode.d4.loss_mask: 0.4444  decode.d4.loss_dice: 0.4935  decode.d5.loss_cls: 0.0208  decode.d5.loss_mask: 0.4479  decode.d5.loss_dice: 0.4880  decode.d6.loss_cls: 0.0138  decode.d6.loss_mask: 0.4501  decode.d6.loss_dice: 0.4915  decode.d7.loss_cls: 0.0186  decode.d7.loss_mask: 0.4485  decode.d7.loss_dice: 0.4847  decode.d8.loss_cls: 0.0179  decode.d8.loss_mask: 0.4527  decode.d8.loss_dice: 0.4928
2026/07/31 07:54:35 - mmengine - INFO - Iter(train) [20500/40000]  base_lr: 2.8095e-05 lr: 2.8095e-05  eta: 10:14:15  time: 2.0658  data_time: 0.0162  memory: 9084  grad_norm: 61.0987  loss: 13.8573  decode.loss_cls: 0.0133  decode.loss_mask: 0.7181  decode.loss_dice: 0.6224  decode.d0.loss_cls: 0.1263  decode.d0.loss_mask: 0.7652  decode.d0.loss_dice: 0.6663  decode.d1.loss_cls: 0.0376  decode.d1.loss_mask: 0.7301  decode.d1.loss_dice: 0.6414  decode.d2.loss_cls: 0.0408  decode.d2.loss_mask: 0.7159  decode.d2.loss_dice: 0.6239  decode.d3.loss_cls: 0.0162  decode.d3.loss_mask: 0.7197  decode.d3.loss_dice: 0.6169  decode.d4.loss_cls: 0.0139  decode.d4.loss_mask: 0.7193  decode.d4.loss_dice: 0.6200  decode.d5.loss_cls: 0.0142  decode.d5.loss_mask: 0.7240  decode.d5.loss_dice: 0.6246  decode.d6.loss_cls: 0.0207  decode.d6.loss_mask: 0.7225  decode.d6.loss_dice: 0.6225  decode.d7.loss_cls: 0.0144  decode.d7.loss_mask: 0.7281  decode.d7.loss_dice: 0.6271  decode.d8.loss_cls: 0.0144  decode.d8.loss_mask: 0.7150  decode.d8.loss_dice: 0.6227
2026/07/31 07:57:56 - mmengine - INFO - Iter(train) [20600/40000]  base_lr: 2.7965e-05 lr: 2.7965e-05  eta: 10:11:17  time: 2.0803  data_time: 0.0170  memory: 9084  grad_norm: 63.5065  loss: 12.6441  decode.loss_cls: 0.0158  decode.loss_mask: 0.6864  decode.loss_dice: 0.5472  decode.d0.loss_cls: 0.1384  decode.d0.loss_mask: 0.7356  decode.d0.loss_dice: 0.5951  decode.d1.loss_cls: 0.0428  decode.d1.loss_mask: 0.6812  decode.d1.loss_dice: 0.5490  decode.d2.loss_cls: 0.0231  decode.d2.loss_mask: 0.6689  decode.d2.loss_dice: 0.5471  decode.d3.loss_cls: 0.0210  decode.d3.loss_mask: 0.6711  decode.d3.loss_dice: 0.5381  decode.d4.loss_cls: 0.0187  decode.d4.loss_mask: 0.6747  decode.d4.loss_dice: 0.5368  decode.d5.loss_cls: 0.0183  decode.d5.loss_mask: 0.6743  decode.d5.loss_dice: 0.5405  decode.d6.loss_cls: 0.0159  decode.d6.loss_mask: 0.6775  decode.d6.loss_dice: 0.5432  decode.d7.loss_cls: 0.0155  decode.d7.loss_mask: 0.6824  decode.d7.loss_dice: 0.5376  decode.d8.loss_cls: 0.0259  decode.d8.loss_mask: 0.6774  decode.d8.loss_dice: 0.5446
2026/07/31 08:01:28 - mmengine - INFO - Iter(train) [20700/40000]  base_lr: 2.7836e-05 lr: 2.7836e-05  eta: 10:08:29  time: 2.1348  data_time: 0.0207  memory: 9084  grad_norm: 55.4343  loss: 14.0778  decode.loss_cls: 0.0094  decode.loss_mask: 0.7526  decode.loss_dice: 0.6320  decode.d0.loss_cls: 0.0922  decode.d0.loss_mask: 0.7808  decode.d0.loss_dice: 0.6645  decode.d1.loss_cls: 0.0290  decode.d1.loss_mask: 0.7553  decode.d1.loss_dice: 0.6450  decode.d2.loss_cls: 0.0117  decode.d2.loss_mask: 0.7483  decode.d2.loss_dice: 0.6373  decode.d3.loss_cls: 0.0087  decode.d3.loss_mask: 0.7547  decode.d3.loss_dice: 0.6297  decode.d4.loss_cls: 0.0077  decode.d4.loss_mask: 0.7565  decode.d4.loss_dice: 0.6268  decode.d5.loss_cls: 0.0086  decode.d5.loss_mask: 0.7514  decode.d5.loss_dice: 0.6257  decode.d6.loss_cls: 0.0106  decode.d6.loss_mask: 0.7505  decode.d6.loss_dice: 0.6232  decode.d7.loss_cls: 0.0106  decode.d7.loss_mask: 0.7483  decode.d7.loss_dice: 0.6188  decode.d8.loss_cls: 0.0108  decode.d8.loss_mask: 0.7484  decode.d8.loss_dice: 0.6286
2026/07/31 08:05:00 - mmengine - INFO - Iter(train) [20800/40000]  base_lr: 2.7706e-05 lr: 2.7706e-05  eta: 10:05:41  time: 2.0363  data_time: 0.0162  memory: 9084  grad_norm: 118.5937  loss: 18.0919  decode.loss_cls: 0.0703  decode.loss_mask: 0.8951  decode.loss_dice: 0.8011  decode.d0.loss_cls: 0.2725  decode.d0.loss_mask: 0.9977  decode.d0.loss_dice: 0.9263  decode.d1.loss_cls: 0.1100  decode.d1.loss_mask: 0.9120  decode.d1.loss_dice: 0.8008  decode.d2.loss_cls: 0.1070  decode.d2.loss_mask: 0.9056  decode.d2.loss_dice: 0.7766  decode.d3.loss_cls: 0.1009  decode.d3.loss_mask: 0.8991  decode.d3.loss_dice: 0.7739  decode.d4.loss_cls: 0.0989  decode.d4.loss_mask: 0.8941  decode.d4.loss_dice: 0.7724  decode.d5.loss_cls: 0.0855  decode.d5.loss_mask: 0.8844  decode.d5.loss_dice: 0.7638  decode.d6.loss_cls: 0.0828  decode.d6.loss_mask: 0.8856  decode.d6.loss_dice: 0.7799  decode.d7.loss_cls: 0.0811  decode.d7.loss_mask: 0.8750  decode.d7.loss_dice: 0.7828  decode.d8.loss_cls: 0.0717  decode.d8.loss_mask: 0.8868  decode.d8.loss_dice: 0.7982
2026/07/31 08:08:33 - mmengine - INFO - Iter(train) [20900/40000]  base_lr: 2.7576e-05 lr: 2.7576e-05  eta: 10:02:54  time: 2.0998  data_time: 0.0160  memory: 9076  grad_norm: 44.9810  loss: 11.7237  decode.loss_cls: 0.0373  decode.loss_mask: 0.5879  decode.loss_dice: 0.5557  decode.d0.loss_cls: 0.0927  decode.d0.loss_mask: 0.5930  decode.d0.loss_dice: 0.5987  decode.d1.loss_cls: 0.0534  decode.d1.loss_mask: 0.5789  decode.d1.loss_dice: 0.5515  decode.d2.loss_cls: 0.0322  decode.d2.loss_mask: 0.5878  decode.d2.loss_dice: 0.5423  decode.d3.loss_cls: 0.0263  decode.d3.loss_mask: 0.5866  decode.d3.loss_dice: 0.5436  decode.d4.loss_cls: 0.0295  decode.d4.loss_mask: 0.5862  decode.d4.loss_dice: 0.5420  decode.d5.loss_cls: 0.0294  decode.d5.loss_mask: 0.5881  decode.d5.loss_dice: 0.5271  decode.d6.loss_cls: 0.0195  decode.d6.loss_mask: 0.5870  decode.d6.loss_dice: 0.5471  decode.d7.loss_cls: 0.0275  decode.d7.loss_mask: 0.5851  decode.d7.loss_dice: 0.5358  decode.d8.loss_cls: 0.0231  decode.d8.loss_mask: 0.5873  decode.d8.loss_dice: 0.5408
2026/07/31 08:12:05 - mmengine - INFO - Exp name: dinov3_m2f_gram_4999_20260730_204508
2026/07/31 08:12:05 - mmengine - INFO - Iter(train) [21000/40000]  base_lr: 2.7446e-05 lr: 2.7446e-05  eta: 10:00:04  time: 2.1402  data_time: 0.0213  memory: 9084  grad_norm: 48.2165  loss: 14.0541  decode.loss_cls: 0.0197  decode.loss_mask: 0.7635  decode.loss_dice: 0.6039  decode.d0.loss_cls: 0.0929  decode.d0.loss_mask: 0.8206  decode.d0.loss_dice: 0.6396  decode.d1.loss_cls: 0.0309  decode.d1.loss_mask: 0.7668  decode.d1.loss_dice: 0.6146  decode.d2.loss_cls: 0.0245  decode.d2.loss_mask: 0.7621  decode.d2.loss_dice: 0.6093  decode.d3.loss_cls: 0.0200  decode.d3.loss_mask: 0.7575  decode.d3.loss_dice: 0.6029  decode.d4.loss_cls: 0.0204  decode.d4.loss_mask: 0.7669  decode.d4.loss_dice: 0.5991  decode.d5.loss_cls: 0.0202  decode.d5.loss_mask: 0.7673  decode.d5.loss_dice: 0.6006  decode.d6.loss_cls: 0.0183  decode.d6.loss_mask: 0.7633  decode.d6.loss_dice: 0.6005  decode.d7.loss_cls: 0.0182  decode.d7.loss_mask: 0.7631  decode.d7.loss_dice: 0.6019  decode.d8.loss_cls: 0.0193  decode.d8.loss_mask: 0.7653  decode.d8.loss_dice: 0.6009
2026/07/31 08:15:36 - mmengine - INFO - Iter(train) [21100/40000]  base_lr: 2.7316e-05 lr: 2.7316e-05  eta: 9:57:14  time: 2.0813  data_time: 0.0209  memory: 9084  grad_norm: 70.8030  loss: 14.9447  decode.loss_cls: 0.0025  decode.loss_mask: 0.8401  decode.loss_dice: 0.6243  decode.d0.loss_cls: 0.0867  decode.d0.loss_mask: 0.8852  decode.d0.loss_dice: 0.6651  decode.d1.loss_cls: 0.0150  decode.d1.loss_mask: 0.8409  decode.d1.loss_dice: 0.6492  decode.d2.loss_cls: 0.0057  decode.d2.loss_mask: 0.8426  decode.d2.loss_dice: 0.6408  decode.d3.loss_cls: 0.0030  decode.d3.loss_mask: 0.8382  decode.d3.loss_dice: 0.6320  decode.d4.loss_cls: 0.0026  decode.d4.loss_mask: 0.8366  decode.d4.loss_dice: 0.6350  decode.d5.loss_cls: 0.0026  decode.d5.loss_mask: 0.8360  decode.d5.loss_dice: 0.6355  decode.d6.loss_cls: 0.0026  decode.d6.loss_mask: 0.8416  decode.d6.loss_dice: 0.6325  decode.d7.loss_cls: 0.0023  decode.d7.loss_mask: 0.8377  decode.d7.loss_dice: 0.6365  decode.d8.loss_cls: 0.0026  decode.d8.loss_mask: 0.8405  decode.d8.loss_dice: 0.6287
2026/07/31 08:19:06 - mmengine - INFO - Iter(train) [21200/40000]  base_lr: 2.7186e-05 lr: 2.7186e-05  eta: 9:54:23  time: 2.0736  data_time: 0.0166  memory: 9076  grad_norm: 50.9978  loss: 12.0198  decode.loss_cls: 0.0129  decode.loss_mask: 0.6218  decode.loss_dice: 0.5509  decode.d0.loss_cls: 0.1106  decode.d0.loss_mask: 0.6382  decode.d0.loss_dice: 0.6048  decode.d1.loss_cls: 0.0329  decode.d1.loss_mask: 0.6139  decode.d1.loss_dice: 0.5512  decode.d2.loss_cls: 0.0331  decode.d2.loss_mask: 0.6111  decode.d2.loss_dice: 0.5508  decode.d3.loss_cls: 0.0141  decode.d3.loss_mask: 0.6119  decode.d3.loss_dice: 0.5563  decode.d4.loss_cls: 0.0137  decode.d4.loss_mask: 0.6110  decode.d4.loss_dice: 0.5589  decode.d5.loss_cls: 0.0135  decode.d5.loss_mask: 0.6168  decode.d5.loss_dice: 0.5484  decode.d6.loss_cls: 0.0148  decode.d6.loss_mask: 0.6148  decode.d6.loss_dice: 0.5456  decode.d7.loss_cls: 0.0214  decode.d7.loss_mask: 0.6149  decode.d7.loss_dice: 0.5479  decode.d8.loss_cls: 0.0201  decode.d8.loss_mask: 0.6159  decode.d8.loss_dice: 0.5475
2026/07/31 08:22:30 - mmengine - INFO - Iter(train) [21300/40000]  base_lr: 2.7056e-05 lr: 2.7056e-05  eta: 9:51:26  time: 2.1126  data_time: 0.0226  memory: 9084  grad_norm: 70.3499  loss: 16.4015  decode.loss_cls: 0.0433  decode.loss_mask: 0.8268  decode.loss_dice: 0.7329  decode.d0.loss_cls: 0.2005  decode.d0.loss_mask: 0.9158  decode.d0.loss_dice: 0.8903  decode.d1.loss_cls: 0.0646  decode.d1.loss_mask: 0.8264  decode.d1.loss_dice: 0.7556  decode.d2.loss_cls: 0.0476  decode.d2.loss_mask: 0.8250  decode.d2.loss_dice: 0.7437  decode.d3.loss_cls: 0.0468  decode.d3.loss_mask: 0.8165  decode.d3.loss_dice: 0.7224  decode.d4.loss_cls: 0.0340  decode.d4.loss_mask: 0.8244  decode.d4.loss_dice: 0.7313  decode.d5.loss_cls: 0.0350  decode.d5.loss_mask: 0.8245  decode.d5.loss_dice: 0.7258  decode.d6.loss_cls: 0.0383  decode.d6.loss_mask: 0.8278  decode.d6.loss_dice: 0.7242  decode.d7.loss_cls: 0.0427  decode.d7.loss_mask: 0.8252  decode.d7.loss_dice: 0.7249  decode.d8.loss_cls: 0.0411  decode.d8.loss_mask: 0.8217  decode.d8.loss_dice: 0.7222
2026/07/31 08:25:58 - mmengine - INFO - Iter(train) [21400/40000]  base_lr: 2.6925e-05 lr: 2.6925e-05  eta: 9:48:32  time: 2.0164  data_time: 0.0163  memory: 9084  grad_norm: 53.4996  loss: 8.6480  decode.loss_cls: 0.0410  decode.loss_mask: 0.4031  decode.loss_dice: 0.3740  decode.d0.loss_cls: 0.2605  decode.d0.loss_mask: 0.4383  decode.d0.loss_dice: 0.4717  decode.d1.loss_cls: 0.0865  decode.d1.loss_mask: 0.4083  decode.d1.loss_dice: 0.3756  decode.d2.loss_cls: 0.0627  decode.d2.loss_mask: 0.3980  decode.d2.loss_dice: 0.3752  decode.d3.loss_cls: 0.0494  decode.d3.loss_mask: 0.4017  decode.d3.loss_dice: 0.3879  decode.d4.loss_cls: 0.0468  decode.d4.loss_mask: 0.4023  decode.d4.loss_dice: 0.3940  decode.d5.loss_cls: 0.0485  decode.d5.loss_mask: 0.4032  decode.d5.loss_dice: 0.3666  decode.d6.loss_cls: 0.0460  decode.d6.loss_mask: 0.4018  decode.d6.loss_dice: 0.3878  decode.d7.loss_cls: 0.0334  decode.d7.loss_mask: 0.4004  decode.d7.loss_dice: 0.3736  decode.d8.loss_cls: 0.0387  decode.d8.loss_mask: 0.4013  decode.d8.loss_dice: 0.3696
2026/07/31 08:29:30 - mmengine - INFO - Iter(train) [21500/40000]  base_lr: 2.6795e-05 lr: 2.6795e-05  eta: 9:45:41  time: 2.1691  data_time: 0.0246  memory: 9084  grad_norm: 86.7580  loss: 14.9903  decode.loss_cls: 0.0352  decode.loss_mask: 0.7486  decode.loss_dice: 0.6766  decode.d0.loss_cls: 0.1060  decode.d0.loss_mask: 0.8733  decode.d0.loss_dice: 0.8221  decode.d1.loss_cls: 0.0418  decode.d1.loss_mask: 0.7799  decode.d1.loss_dice: 0.6902  decode.d2.loss_cls: 0.0345  decode.d2.loss_mask: 0.7710  decode.d2.loss_dice: 0.6866  decode.d3.loss_cls: 0.0350  decode.d3.loss_mask: 0.7457  decode.d3.loss_dice: 0.6760  decode.d4.loss_cls: 0.0406  decode.d4.loss_mask: 0.7456  decode.d4.loss_dice: 0.6822  decode.d5.loss_cls: 0.0332  decode.d5.loss_mask: 0.7446  decode.d5.loss_dice: 0.6727  decode.d6.loss_cls: 0.0367  decode.d6.loss_mask: 0.7494  decode.d6.loss_dice: 0.6620  decode.d7.loss_cls: 0.0380  decode.d7.loss_mask: 0.7504  decode.d7.loss_dice: 0.6620  decode.d8.loss_cls: 0.0316  decode.d8.loss_mask: 0.7528  decode.d8.loss_dice: 0.6662
2026/07/31 08:32:59 - mmengine - INFO - Iter(train) [21600/40000]  base_lr: 2.6665e-05 lr: 2.6665e-05  eta: 9:42:47  time: 1.9599  data_time: 0.0162  memory: 9084  grad_norm: 48.0321  loss: 8.9158  decode.loss_cls: 0.0119  decode.loss_mask: 0.4450  decode.loss_dice: 0.4099  decode.d0.loss_cls: 0.1500  decode.d0.loss_mask: 0.4584  decode.d0.loss_dice: 0.4456  decode.d1.loss_cls: 0.0138  decode.d1.loss_mask: 0.4483  decode.d1.loss_dice: 0.4108  decode.d2.loss_cls: 0.0147  decode.d2.loss_mask: 0.4480  decode.d2.loss_dice: 0.4122  decode.d3.loss_cls: 0.0128  decode.d3.loss_mask: 0.4480  decode.d3.loss_dice: 0.4112  decode.d4.loss_cls: 0.0119  decode.d4.loss_mask: 0.4488  decode.d4.loss_dice: 0.4164  decode.d5.loss_cls: 0.0124  decode.d5.loss_mask: 0.4478  decode.d5.loss_dice: 0.4076  decode.d6.loss_cls: 0.0103  decode.d6.loss_mask: 0.4495  decode.d6.loss_dice: 0.4173  decode.d7.loss_cls: 0.0109  decode.d7.loss_mask: 0.4492  decode.d7.loss_dice: 0.4121  decode.d8.loss_cls: 0.0109  decode.d8.loss_mask: 0.4488  decode.d8.loss_dice: 0.4213
2026/07/31 08:36:36 - mmengine - INFO - Iter(train) [21700/40000]  base_lr: 2.6534e-05 lr: 2.6534e-05  eta: 9:40:00  time: 2.1813  data_time: 0.0325  memory: 9076  grad_norm: 93.4589  loss: 12.2118  decode.loss_cls: 0.0063  decode.loss_mask: 0.6490  decode.loss_dice: 0.5245  decode.d0.loss_cls: 0.1778  decode.d0.loss_mask: 0.7000  decode.d0.loss_dice: 0.6120  decode.d1.loss_cls: 0.0195  decode.d1.loss_mask: 0.6553  decode.d1.loss_dice: 0.5203  decode.d2.loss_cls: 0.0117  decode.d2.loss_mask: 0.6463  decode.d2.loss_dice: 0.5476  decode.d3.loss_cls: 0.0072  decode.d3.loss_mask: 0.6519  decode.d3.loss_dice: 0.5459  decode.d4.loss_cls: 0.0060  decode.d4.loss_mask: 0.6504  decode.d4.loss_dice: 0.5276  decode.d5.loss_cls: 0.0068  decode.d5.loss_mask: 0.6449  decode.d5.loss_dice: 0.5288  decode.d6.loss_cls: 0.0118  decode.d6.loss_mask: 0.6581  decode.d6.loss_dice: 0.5568  decode.d7.loss_cls: 0.0054  decode.d7.loss_mask: 0.6487  decode.d7.loss_dice: 0.5181  decode.d8.loss_cls: 0.0049  decode.d8.loss_mask: 0.6488  decode.d8.loss_dice: 0.5192
2026/07/31 08:40:05 - mmengine - INFO - Iter(train) [21800/40000]  base_lr: 2.6404e-05 lr: 2.6404e-05  eta: 9:37:06  time: 2.0872  data_time: 0.0168  memory: 9076  grad_norm: 55.1927  loss: 13.3037  decode.loss_cls: 0.0242  decode.loss_mask: 0.6925  decode.loss_dice: 0.5991  decode.d0.loss_cls: 0.0852  decode.d0.loss_mask: 0.7149  decode.d0.loss_dice: 0.6087  decode.d1.loss_cls: 0.0272  decode.d1.loss_mask: 0.6909  decode.d1.loss_dice: 0.6172  decode.d2.loss_cls: 0.0194  decode.d2.loss_mask: 0.6960  decode.d2.loss_dice: 0.6090  decode.d3.loss_cls: 0.0141  decode.d3.loss_mask: 0.6953  decode.d3.loss_dice: 0.6045  decode.d4.loss_cls: 0.0224  decode.d4.loss_mask: 0.6892  decode.d4.loss_dice: 0.6123  decode.d5.loss_cls: 0.0198  decode.d5.loss_mask: 0.6927  decode.d5.loss_dice: 0.6084  decode.d6.loss_cls: 0.0174  decode.d6.loss_mask: 0.6945  decode.d6.loss_dice: 0.6114  decode.d7.loss_cls: 0.0219  decode.d7.loss_mask: 0.6887  decode.d7.loss_dice: 0.6115  decode.d8.loss_cls: 0.0203  decode.d8.loss_mask: 0.6935  decode.d8.loss_dice: 0.6016
2026/07/31 08:43:37 - mmengine - INFO - Iter(train) [21900/40000]  base_lr: 2.6273e-05 lr: 2.6273e-05  eta: 9:34:13  time: 2.1233  data_time: 0.0269  memory: 9084  grad_norm: 38.2957  loss: 7.7464  decode.loss_cls: 0.0111  decode.loss_mask: 0.3820  decode.loss_dice: 0.3728  decode.d0.loss_cls: 0.1282  decode.d0.loss_mask: 0.3928  decode.d0.loss_dice: 0.4066  decode.d1.loss_cls: 0.0298  decode.d1.loss_mask: 0.3813  decode.d1.loss_dice: 0.3801  decode.d2.loss_cls: 0.0181  decode.d2.loss_mask: 0.3809  decode.d2.loss_dice: 0.3490  decode.d3.loss_cls: 0.0173  decode.d3.loss_mask: 0.3784  decode.d3.loss_dice: 0.3580  decode.d4.loss_cls: 0.0203  decode.d4.loss_mask: 0.3819  decode.d4.loss_dice: 0.3772  decode.d5.loss_cls: 0.0138  decode.d5.loss_mask: 0.3781  decode.d5.loss_dice: 0.3479  decode.d6.loss_cls: 0.0122  decode.d6.loss_mask: 0.3814  decode.d6.loss_dice: 0.3541  decode.d7.loss_cls: 0.0115  decode.d7.loss_mask: 0.3796  decode.d7.loss_dice: 0.3523  decode.d8.loss_cls: 0.0115  decode.d8.loss_mask: 0.3806  decode.d8.loss_dice: 0.3577
2026/07/31 08:47:01 - mmengine - INFO - Exp name: dinov3_m2f_gram_4999_20260730_204508
2026/07/31 08:47:01 - mmengine - INFO - Iter(train) [22000/40000]  base_lr: 2.6142e-05 lr: 2.6142e-05  eta: 9:31:14  time: 2.0609  data_time: 0.0166  memory: 9084  grad_norm: 57.8100  loss: 14.4356  decode.loss_cls: 0.0046  decode.loss_mask: 0.7735  decode.loss_dice: 0.6539  decode.d0.loss_cls: 0.0829  decode.d0.loss_mask: 0.8160  decode.d0.loss_dice: 0.6604  decode.d1.loss_cls: 0.0158  decode.d1.loss_mask: 0.7879  decode.d1.loss_dice: 0.6450  decode.d2.loss_cls: 0.0074  decode.d2.loss_mask: 0.7775  decode.d2.loss_dice: 0.6444  decode.d3.loss_cls: 0.0072  decode.d3.loss_mask: 0.7754  decode.d3.loss_dice: 0.6486  decode.d4.loss_cls: 0.0060  decode.d4.loss_mask: 0.7811  decode.d4.loss_dice: 0.6489  decode.d5.loss_cls: 0.0060  decode.d5.loss_mask: 0.7715  decode.d5.loss_dice: 0.6419  decode.d6.loss_cls: 0.0047  decode.d6.loss_mask: 0.7751  decode.d6.loss_dice: 0.6476  decode.d7.loss_cls: 0.0053  decode.d7.loss_mask: 0.7782  decode.d7.loss_dice: 0.6435  decode.d8.loss_cls: 0.0048  decode.d8.loss_mask: 0.7736  decode.d8.loss_dice: 0.6470
2026/07/31 08:47:01 - mmengine - INFO - Saving checkpoint at 22000 iterations
2026/07/31 08:47:44 - mmengine - INFO - Iter(val) [100/504]    eta: 0:01:40  time: 0.2452  data_time: 0.0138  memory: 3098  
2026/07/31 08:48:06 - mmengine - INFO - Iter(val) [200/504]    eta: 0:01:11  time: 0.2099  data_time: 0.0082  memory: 3098  
2026/07/31 08:48:27 - mmengine - INFO - Iter(val) [300/504]    eta: 0:00:46  time: 0.2116  data_time: 0.0080  memory: 3098  
2026/07/31 08:48:48 - mmengine - INFO - Iter(val) [400/504]    eta: 0:00:23  time: 0.2157  data_time: 0.0078  memory: 3098  
2026/07/31 08:49:13 - mmengine - INFO - Iter(val) [500/504]    eta: 0:00:00  time: 0.2472  data_time: 0.0151  memory: 3098  
2026/07/31 08:51:21 - mmengine - INFO - per class results:
2026/07/31 08:51:21 - mmengine - INFO - 
+--------------------+-------+-------+--------+-----------+--------+
|       Class        |  IoU  |  Acc  | Fscore | Precision | Recall |
+--------------------+-------+-------+--------+-----------+--------+
| impervious_surface | 87.47 | 91.97 | 93.32  |    94.7   | 91.97  |
|      building      | 95.37 | 98.39 | 97.63  |   96.88   | 98.39  |
|   low_vegetation   | 81.04 | 93.76 | 89.53  |   85.66   | 93.76  |
|        tree        | 80.95 | 85.37 | 89.48  |    94.0   | 85.37  |
|        car         | 93.31 | 95.39 | 96.54  |   97.72   | 95.39  |
+--------------------+-------+-------+--------+-----------+--------+
2026/07/31 08:51:21 - mmengine - INFO - Iter(val) [504/504]    aAcc: 91.9800  mIoU: 87.6300  mAcc: 92.9700  mFscore: 93.3000  mPrecision: 93.7900  mRecall: 92.9700  data_time: 0.0123  time: 0.2271
2026/07/31 08:54:53 - mmengine - INFO - Iter(train) [22100/40000]  base_lr: 2.6012e-05 lr: 2.6012e-05  eta: 9:30:04  time: 2.1273  data_time: 0.0243  memory: 9076  grad_norm: 47.4965  loss: 9.8112  decode.loss_cls: 0.0059  decode.loss_mask: 0.4855  decode.loss_dice: 0.4691  decode.d0.loss_cls: 0.1015  decode.d0.loss_mask: 0.5350  decode.d0.loss_dice: 0.5221  decode.d1.loss_cls: 0.0248  decode.d1.loss_mask: 0.4931  decode.d1.loss_dice: 0.4790  decode.d2.loss_cls: 0.0121  decode.d2.loss_mask: 0.4925  decode.d2.loss_dice: 0.4633  decode.d3.loss_cls: 0.0144  decode.d3.loss_mask: 0.4884  decode.d3.loss_dice: 0.4674  decode.d4.loss_cls: 0.0046  decode.d4.loss_mask: 0.4840  decode.d4.loss_dice: 0.4642  decode.d5.loss_cls: 0.0057  decode.d5.loss_mask: 0.4875  decode.d5.loss_dice: 0.4651  decode.d6.loss_cls: 0.0054  decode.d6.loss_mask: 0.4890  decode.d6.loss_dice: 0.4553  decode.d7.loss_cls: 0.0056  decode.d7.loss_mask: 0.4867  decode.d7.loss_dice: 0.4655  decode.d8.loss_cls: 0.0053  decode.d8.loss_mask: 0.4822  decode.d8.loss_dice: 0.4509
2026/07/31 08:58:24 - mmengine - INFO - Iter(train) [22200/40000]  base_lr: 2.5881e-05 lr: 2.5881e-05  eta: 9:27:09  time: 2.0689  data_time: 0.0166  memory: 9084  grad_norm: 56.4853  loss: 13.1980  decode.loss_cls: 0.0098  decode.loss_mask: 0.6928  decode.loss_dice: 0.5952  decode.d0.loss_cls: 0.0932  decode.d0.loss_mask: 0.7870  decode.d0.loss_dice: 0.6353  decode.d1.loss_cls: 0.0258  decode.d1.loss_mask: 0.7121  decode.d1.loss_dice: 0.6060  decode.d2.loss_cls: 0.0123  decode.d2.loss_mask: 0.7099  decode.d2.loss_dice: 0.5955  decode.d3.loss_cls: 0.0120  decode.d3.loss_mask: 0.6959  decode.d3.loss_dice: 0.5964  decode.d4.loss_cls: 0.0104  decode.d4.loss_mask: 0.6950  decode.d4.loss_dice: 0.5927  decode.d5.loss_cls: 0.0085  decode.d5.loss_mask: 0.6904  decode.d5.loss_dice: 0.5721  decode.d6.loss_cls: 0.0081  decode.d6.loss_mask: 0.6897  decode.d6.loss_dice: 0.5814  decode.d7.loss_cls: 0.0079  decode.d7.loss_mask: 0.6935  decode.d7.loss_dice: 0.5695  decode.d8.loss_cls: 0.0082  decode.d8.loss_mask: 0.6946  decode.d8.loss_dice: 0.5967
2026/07/31 09:01:56 - mmengine - INFO - Iter(train) [22300/40000]  base_lr: 2.5750e-05 lr: 2.5750e-05  eta: 9:24:14  time: 2.2058  data_time: 0.0277  memory: 9084  grad_norm: 58.2505  loss: 12.7061  decode.loss_cls: 0.0103  decode.loss_mask: 0.6424  decode.loss_dice: 0.5828  decode.d0.loss_cls: 0.0923  decode.d0.loss_mask: 0.7199  decode.d0.loss_dice: 0.6220  decode.d1.loss_cls: 0.0404  decode.d1.loss_mask: 0.6539  decode.d1.loss_dice: 0.5966  decode.d2.loss_cls: 0.0211  decode.d2.loss_mask: 0.6512  decode.d2.loss_dice: 0.5989  decode.d3.loss_cls: 0.0126  decode.d3.loss_mask: 0.6428  decode.d3.loss_dice: 0.6009  decode.d4.loss_cls: 0.0112  decode.d4.loss_mask: 0.6442  decode.d4.loss_dice: 0.5919  decode.d5.loss_cls: 0.0107  decode.d5.loss_mask: 0.6470  decode.d5.loss_dice: 0.5849  decode.d6.loss_cls: 0.0122  decode.d6.loss_mask: 0.6434  decode.d6.loss_dice: 0.5847  decode.d7.loss_cls: 0.0124  decode.d7.loss_mask: 0.6476  decode.d7.loss_dice: 0.5825  decode.d8.loss_cls: 0.0123  decode.d8.loss_mask: 0.6460  decode.d8.loss_dice: 0.5872
2026/07/31 09:05:26 - mmengine - INFO - Iter(train) [22400/40000]  base_lr: 2.5619e-05 lr: 2.5619e-05  eta: 9:21:17  time: 2.0406  data_time: 0.0184  memory: 9084  grad_norm: 69.4978  loss: 16.2673  decode.loss_cls: 0.0165  decode.loss_mask: 0.8754  decode.loss_dice: 0.7189  decode.d0.loss_cls: 0.0810  decode.d0.loss_mask: 0.9397  decode.d0.loss_dice: 0.7394  decode.d1.loss_cls: 0.0113  decode.d1.loss_mask: 0.8905  decode.d1.loss_dice: 0.7483  decode.d2.loss_cls: 0.0034  decode.d2.loss_mask: 0.8698  decode.d2.loss_dice: 0.7324  decode.d3.loss_cls: 0.0135  decode.d3.loss_mask: 0.8670  decode.d3.loss_dice: 0.7204  decode.d4.loss_cls: 0.0135  decode.d4.loss_mask: 0.8738  decode.d4.loss_dice: 0.7179  decode.d5.loss_cls: 0.0140  decode.d5.loss_mask: 0.8705  decode.d5.loss_dice: 0.7193  decode.d6.loss_cls: 0.0129  decode.d6.loss_mask: 0.8685  decode.d6.loss_dice: 0.7198  decode.d7.loss_cls: 0.0046  decode.d7.loss_mask: 0.8783  decode.d7.loss_dice: 0.7320  decode.d8.loss_cls: 0.0157  decode.d8.loss_mask: 0.8736  decode.d8.loss_dice: 0.7254
2026/07/31 09:09:00 - mmengine - INFO - Iter(train) [22500/40000]  base_lr: 2.5488e-05 lr: 2.5488e-05  eta: 9:18:24  time: 2.1433  data_time: 0.0278  memory: 9084  grad_norm: 94.7760  loss: 16.6488  decode.loss_cls: 0.0557  decode.loss_mask: 0.8516  decode.loss_dice: 0.7278  decode.d0.loss_cls: 0.1753  decode.d0.loss_mask: 0.9117  decode.d0.loss_dice: 0.8435  decode.d1.loss_cls: 0.0741  decode.d1.loss_mask: 0.8685  decode.d1.loss_dice: 0.7433  decode.d2.loss_cls: 0.0586  decode.d2.loss_mask: 0.8710  decode.d2.loss_dice: 0.7329  decode.d3.loss_cls: 0.0638  decode.d3.loss_mask: 0.8585  decode.d3.loss_dice: 0.7269  decode.d4.loss_cls: 0.0545  decode.d4.loss_mask: 0.8493  decode.d4.loss_dice: 0.6980  decode.d5.loss_cls: 0.0541  decode.d5.loss_mask: 0.8508  decode.d5.loss_dice: 0.7162  decode.d6.loss_cls: 0.0553  decode.d6.loss_mask: 0.8424  decode.d6.loss_dice: 0.7195  decode.d7.loss_cls: 0.0546  decode.d7.loss_mask: 0.8387  decode.d7.loss_dice: 0.7175  decode.d8.loss_cls: 0.0553  decode.d8.loss_mask: 0.8456  decode.d8.loss_dice: 0.7339
2026/07/31 09:12:23 - mmengine - INFO - Iter(train) [22600/40000]  base_lr: 2.5357e-05 lr: 2.5357e-05  eta: 9:15:21  time: 2.0473  data_time: 0.0168  memory: 9076  grad_norm: 56.7955  loss: 14.5591  decode.loss_cls: 0.0005  decode.loss_mask: 0.8169  decode.loss_dice: 0.6194  decode.d0.loss_cls: 0.0774  decode.d0.loss_mask: 0.8495  decode.d0.loss_dice: 0.6120  decode.d1.loss_cls: 0.0161  decode.d1.loss_mask: 0.8276  decode.d1.loss_dice: 0.6232  decode.d2.loss_cls: 0.0012  decode.d2.loss_mask: 0.8263  decode.d2.loss_dice: 0.6257  decode.d3.loss_cls: 0.0007  decode.d3.loss_mask: 0.8205  decode.d3.loss_dice: 0.6241  decode.d4.loss_cls: 0.0008  decode.d4.loss_mask: 0.8197  decode.d4.loss_dice: 0.6183  decode.d5.loss_cls: 0.0005  decode.d5.loss_mask: 0.8225  decode.d5.loss_dice: 0.6253  decode.d6.loss_cls: 0.0005  decode.d6.loss_mask: 0.8213  decode.d6.loss_dice: 0.6201  decode.d7.loss_cls: 0.0004  decode.d7.loss_mask: 0.8233  decode.d7.loss_dice: 0.6247  decode.d8.loss_cls: 0.0004  decode.d8.loss_mask: 0.8189  decode.d8.loss_dice: 0.6211
2026/07/31 09:15:55 - mmengine - INFO - Iter(train) [22700/40000]  base_lr: 2.5226e-05 lr: 2.5226e-05  eta: 9:12:25  time: 2.2040  data_time: 0.0307  memory: 9084  grad_norm: 62.4883  loss: 15.6567  decode.loss_cls: 0.0012  decode.loss_mask: 0.8417  decode.loss_dice: 0.6909  decode.d0.loss_cls: 0.0751  decode.d0.loss_mask: 0.9136  decode.d0.loss_dice: 0.7083  decode.d1.loss_cls: 0.0244  decode.d1.loss_mask: 0.8694  decode.d1.loss_dice: 0.6985  decode.d2.loss_cls: 0.0070  decode.d2.loss_mask: 0.8615  decode.d2.loss_dice: 0.6904  decode.d3.loss_cls: 0.0044  decode.d3.loss_mask: 0.8491  decode.d3.loss_dice: 0.6968  decode.d4.loss_cls: 0.0043  decode.d4.loss_mask: 0.8459  decode.d4.loss_dice: 0.6940  decode.d5.loss_cls: 0.0027  decode.d5.loss_mask: 0.8453  decode.d5.loss_dice: 0.6971  decode.d6.loss_cls: 0.0021  decode.d6.loss_mask: 0.8422  decode.d6.loss_dice: 0.7038  decode.d7.loss_cls: 0.0019  decode.d7.loss_mask: 0.8437  decode.d7.loss_dice: 0.7017  decode.d8.loss_cls: 0.0011  decode.d8.loss_mask: 0.8412  decode.d8.loss_dice: 0.6975
2026/07/31 09:19:25 - mmengine - INFO - Iter(train) [22800/40000]  base_lr: 2.5094e-05 lr: 2.5094e-05  eta: 9:09:28  time: 2.0871  data_time: 0.0162  memory: 9084  grad_norm: 95.6888  loss: 17.5000  decode.loss_cls: 0.0138  decode.loss_mask: 0.9592  decode.loss_dice: 0.7506  decode.d0.loss_cls: 0.0779  decode.d0.loss_mask: 1.0458  decode.d0.loss_dice: 0.8318  decode.d1.loss_cls: 0.0421  decode.d1.loss_mask: 0.9779  decode.d1.loss_dice: 0.7563  decode.d2.loss_cls: 0.0296  decode.d2.loss_mask: 0.9738  decode.d2.loss_dice: 0.7480  decode.d3.loss_cls: 0.0253  decode.d3.loss_mask: 0.9582  decode.d3.loss_dice: 0.7462  decode.d4.loss_cls: 0.0153  decode.d4.loss_mask: 0.9512  decode.d4.loss_dice: 0.7378  decode.d5.loss_cls: 0.0115  decode.d5.loss_mask: 0.9537  decode.d5.loss_dice: 0.7505  decode.d6.loss_cls: 0.0155  decode.d6.loss_mask: 0.9544  decode.d6.loss_dice: 0.7417  decode.d7.loss_cls: 0.0228  decode.d7.loss_mask: 0.9517  decode.d7.loss_dice: 0.7403  decode.d8.loss_cls: 0.0169  decode.d8.loss_mask: 0.9593  decode.d8.loss_dice: 0.7408
2026/07/31 09:22:58 - mmengine - INFO - Iter(train) [22900/40000]  base_lr: 2.4963e-05 lr: 2.4963e-05  eta: 9:06:32  time: 2.1602  data_time: 0.0297  memory: 9076  grad_norm: 52.6333  loss: 11.3005  decode.loss_cls: 0.0071  decode.loss_mask: 0.6057  decode.loss_dice: 0.5042  decode.d0.loss_cls: 0.1225  decode.d0.loss_mask: 0.6587  decode.d0.loss_dice: 0.5282  decode.d1.loss_cls: 0.0294  decode.d1.loss_mask: 0.6009  decode.d1.loss_dice: 0.5002  decode.d2.loss_cls: 0.0114  decode.d2.loss_mask: 0.5960  decode.d2.loss_dice: 0.4981  decode.d3.loss_cls: 0.0089  decode.d3.loss_mask: 0.5946  decode.d3.loss_dice: 0.4992  decode.d4.loss_cls: 0.0090  decode.d4.loss_mask: 0.6015  decode.d4.loss_dice: 0.4974  decode.d5.loss_cls: 0.0058  decode.d5.loss_mask: 0.6027  decode.d5.loss_dice: 0.5018  decode.d6.loss_cls: 0.0058  decode.d6.loss_mask: 0.6023  decode.d6.loss_dice: 0.4996  decode.d7.loss_cls: 0.0063  decode.d7.loss_mask: 0.5963  decode.d7.loss_dice: 0.4947  decode.d8.loss_cls: 0.0069  decode.d8.loss_mask: 0.6047  decode.d8.loss_dice: 0.5005
2026/07/31 09:26:30 - mmengine - INFO - Exp name: dinov3_m2f_gram_4999_20260730_204508
2026/07/31 09:26:30 - mmengine - INFO - Iter(train) [23000/40000]  base_lr: 2.4832e-05 lr: 2.4832e-05  eta: 9:03:35  time: 2.0550  data_time: 0.0158  memory: 9084  grad_norm: 48.5827  loss: 9.9019  decode.loss_cls: 0.0033  decode.loss_mask: 0.5108  decode.loss_dice: 0.4529  decode.d0.loss_cls: 0.0818  decode.d0.loss_mask: 0.5302  decode.d0.loss_dice: 0.4897  decode.d1.loss_cls: 0.0215  decode.d1.loss_mask: 0.5144  decode.d1.loss_dice: 0.4704  decode.d2.loss_cls: 0.0051  decode.d2.loss_mask: 0.5130  decode.d2.loss_dice: 0.4736  decode.d3.loss_cls: 0.0048  decode.d3.loss_mask: 0.5085  decode.d3.loss_dice: 0.4556  decode.d4.loss_cls: 0.0045  decode.d4.loss_mask: 0.5131  decode.d4.loss_dice: 0.4587  decode.d5.loss_cls: 0.0042  decode.d5.loss_mask: 0.5065  decode.d5.loss_dice: 0.4582  decode.d6.loss_cls: 0.0028  decode.d6.loss_mask: 0.5140  decode.d6.loss_dice: 0.4619  decode.d7.loss_cls: 0.0034  decode.d7.loss_mask: 0.5120  decode.d7.loss_dice: 0.4570  decode.d8.loss_cls: 0.0029  decode.d8.loss_mask: 0.5084  decode.d8.loss_dice: 0.4589
2026/07/31 09:30:01 - mmengine - INFO - Iter(train) [23100/40000]  base_lr: 2.4700e-05 lr: 2.4700e-05  eta: 9:00:37  time: 2.1323  data_time: 0.0233  memory: 9084  grad_norm: 48.3244  loss: 12.0058  decode.loss_cls: 0.0090  decode.loss_mask: 0.6442  decode.loss_dice: 0.5369  decode.d0.loss_cls: 0.0872  decode.d0.loss_mask: 0.6838  decode.d0.loss_dice: 0.5633  decode.d1.loss_cls: 0.0287  decode.d1.loss_mask: 0.6387  decode.d1.loss_dice: 0.5342  decode.d2.loss_cls: 0.0254  decode.d2.loss_mask: 0.6342  decode.d2.loss_dice: 0.5302  decode.d3.loss_cls: 0.0099  decode.d3.loss_mask: 0.6366  decode.d3.loss_dice: 0.5404  decode.d4.loss_cls: 0.0050  decode.d4.loss_mask: 0.6359  decode.d4.loss_dice: 0.5309  decode.d5.loss_cls: 0.0043  decode.d5.loss_mask: 0.6414  decode.d5.loss_dice: 0.5319  decode.d6.loss_cls: 0.0095  decode.d6.loss_mask: 0.6411  decode.d6.loss_dice: 0.5358  decode.d7.loss_cls: 0.0090  decode.d7.loss_mask: 0.6365  decode.d7.loss_dice: 0.5374  decode.d8.loss_cls: 0.0092  decode.d8.loss_mask: 0.6397  decode.d8.loss_dice: 0.5355
2026/07/31 09:33:30 - mmengine - INFO - Iter(train) [23200/40000]  base_lr: 2.4568e-05 lr: 2.4568e-05  eta: 8:57:38  time: 2.1316  data_time: 0.0200  memory: 9084  grad_norm: 48.9476  loss: 9.9028  decode.loss_cls: 0.0114  decode.loss_mask: 0.4862  decode.loss_dice: 0.4765  decode.d0.loss_cls: 0.1183  decode.d0.loss_mask: 0.4993  decode.d0.loss_dice: 0.4892  decode.d1.loss_cls: 0.0284  decode.d1.loss_mask: 0.4875  decode.d1.loss_dice: 0.4806  decode.d2.loss_cls: 0.0234  decode.d2.loss_mask: 0.4885  decode.d2.loss_dice: 0.4785  decode.d3.loss_cls: 0.0234  decode.d3.loss_mask: 0.4889  decode.d3.loss_dice: 0.4719  decode.d4.loss_cls: 0.0202  decode.d4.loss_mask: 0.4860  decode.d4.loss_dice: 0.4690  decode.d5.loss_cls: 0.0172  decode.d5.loss_mask: 0.4844  decode.d5.loss_dice: 0.4700  decode.d6.loss_cls: 0.0106  decode.d6.loss_mask: 0.4831  decode.d6.loss_dice: 0.4655  decode.d7.loss_cls: 0.0153  decode.d7.loss_mask: 0.4868  decode.d7.loss_dice: 0.4743  decode.d8.loss_cls: 0.0075  decode.d8.loss_mask: 0.4849  decode.d8.loss_dice: 0.4763
2026/07/31 09:36:54 - mmengine - INFO - Iter(train) [23300/40000]  base_lr: 2.4437e-05 lr: 2.4437e-05  eta: 8:54:34  time: 2.0723  data_time: 0.0168  memory: 9084  grad_norm: 49.0217  loss: 11.1888  decode.loss_cls: 0.0235  decode.loss_mask: 0.5714  decode.loss_dice: 0.5148  decode.d0.loss_cls: 0.0904  decode.d0.loss_mask: 0.5877  decode.d0.loss_dice: 0.5287  decode.d1.loss_cls: 0.0249  decode.d1.loss_mask: 0.5735  decode.d1.loss_dice: 0.5236  decode.d2.loss_cls: 0.0209  decode.d2.loss_mask: 0.5728  decode.d2.loss_dice: 0.5135  decode.d3.loss_cls: 0.0222  decode.d3.loss_mask: 0.5697  decode.d3.loss_dice: 0.5149  decode.d4.loss_cls: 0.0219  decode.d4.loss_mask: 0.5707  decode.d4.loss_dice: 0.5123  decode.d5.loss_cls: 0.0015  decode.d5.loss_mask: 0.5836  decode.d5.loss_dice: 0.5173  decode.d6.loss_cls: 0.0261  decode.d6.loss_mask: 0.5758  decode.d6.loss_dice: 0.5144  decode.d7.loss_cls: 0.0255  decode.d7.loss_mask: 0.5743  decode.d7.loss_dice: 0.5046  decode.d8.loss_cls: 0.0010  decode.d8.loss_mask: 0.5811  decode.d8.loss_dice: 0.5261
2026/07/31 09:40:28 - mmengine - INFO - Iter(train) [23400/40000]  base_lr: 2.4305e-05 lr: 2.4305e-05  eta: 8:51:38  time: 2.1388  data_time: 0.0258  memory: 9084  grad_norm: 102.7694  loss: 14.3001  decode.loss_cls: 0.0260  decode.loss_mask: 0.7693  decode.loss_dice: 0.5842  decode.d0.loss_cls: 0.1009  decode.d0.loss_mask: 0.9007  decode.d0.loss_dice: 0.6813  decode.d1.loss_cls: 0.0489  decode.d1.loss_mask: 0.8037  decode.d1.loss_dice: 0.6232  decode.d2.loss_cls: 0.0344  decode.d2.loss_mask: 0.7871  decode.d2.loss_dice: 0.6007  decode.d3.loss_cls: 0.0303  decode.d3.loss_mask: 0.7777  decode.d3.loss_dice: 0.5989  decode.d4.loss_cls: 0.0272  decode.d4.loss_mask: 0.7740  decode.d4.loss_dice: 0.6059  decode.d5.loss_cls: 0.0237  decode.d5.loss_mask: 0.7695  decode.d5.loss_dice: 0.5923  decode.d6.loss_cls: 0.0224  decode.d6.loss_mask: 0.7690  decode.d6.loss_dice: 0.5950  decode.d7.loss_cls: 0.0211  decode.d7.loss_mask: 0.7593  decode.d7.loss_dice: 0.5857  decode.d8.loss_cls: 0.0273  decode.d8.loss_mask: 0.7697  decode.d8.loss_dice: 0.5906
2026/07/31 09:43:58 - mmengine - INFO - Iter(train) [23500/40000]  base_lr: 2.4173e-05 lr: 2.4173e-05  eta: 8:48:38  time: 2.0572  data_time: 0.0164  memory: 9076  grad_norm: 70.3563  loss: 12.3452  decode.loss_cls: 0.0031  decode.loss_mask: 0.6783  decode.loss_dice: 0.5463  decode.d0.loss_cls: 0.0942  decode.d0.loss_mask: 0.6774  decode.d0.loss_dice: 0.5708  decode.d1.loss_cls: 0.0136  decode.d1.loss_mask: 0.6727  decode.d1.loss_dice: 0.5369  decode.d2.loss_cls: 0.0028  decode.d2.loss_mask: 0.6740  decode.d2.loss_dice: 0.5440  decode.d3.loss_cls: 0.0028  decode.d3.loss_mask: 0.6767  decode.d3.loss_dice: 0.5401  decode.d4.loss_cls: 0.0038  decode.d4.loss_mask: 0.6740  decode.d4.loss_dice: 0.5415  decode.d5.loss_cls: 0.0043  decode.d5.loss_mask: 0.6721  decode.d5.loss_dice: 0.5401  decode.d6.loss_cls: 0.0037  decode.d6.loss_mask: 0.6816  decode.d6.loss_dice: 0.5402  decode.d7.loss_cls: 0.0027  decode.d7.loss_mask: 0.6800  decode.d7.loss_dice: 0.5420  decode.d8.loss_cls: 0.0035  decode.d8.loss_mask: 0.6782  decode.d8.loss_dice: 0.5437
2026/07/31 09:47:31 - mmengine - INFO - Iter(train) [23600/40000]  base_lr: 2.4041e-05 lr: 2.4041e-05  eta: 8:45:40  time: 2.1845  data_time: 0.0262  memory: 9084  grad_norm: 40.2044  loss: 11.8432  decode.loss_cls: 0.0024  decode.loss_mask: 0.6449  decode.loss_dice: 0.5218  decode.d0.loss_cls: 0.0768  decode.d0.loss_mask: 0.6754  decode.d0.loss_dice: 0.5463  decode.d1.loss_cls: 0.0308  decode.d1.loss_mask: 0.6433  decode.d1.loss_dice: 0.5179  decode.d2.loss_cls: 0.0136  decode.d2.loss_mask: 0.6379  decode.d2.loss_dice: 0.5194  decode.d3.loss_cls: 0.0095  decode.d3.loss_mask: 0.6402  decode.d3.loss_dice: 0.5221  decode.d4.loss_cls: 0.0076  decode.d4.loss_mask: 0.6403  decode.d4.loss_dice: 0.5224  decode.d5.loss_cls: 0.0043  decode.d5.loss_mask: 0.6405  decode.d5.loss_dice: 0.5207  decode.d6.loss_cls: 0.0041  decode.d6.loss_mask: 0.6439  decode.d6.loss_dice: 0.5308  decode.d7.loss_cls: 0.0038  decode.d7.loss_mask: 0.6405  decode.d7.loss_dice: 0.5175  decode.d8.loss_cls: 0.0022  decode.d8.loss_mask: 0.6448  decode.d8.loss_dice: 0.5175
2026/07/31 09:51:04 - mmengine - INFO - Iter(train) [23700/40000]  base_lr: 2.3909e-05 lr: 2.3909e-05  eta: 8:42:42  time: 2.1022  data_time: 0.0175  memory: 9084  grad_norm: 59.1091  loss: 14.4730  decode.loss_cls: 0.0008  decode.loss_mask: 0.8148  decode.loss_dice: 0.6179  decode.d0.loss_cls: 0.0730  decode.d0.loss_mask: 0.8374  decode.d0.loss_dice: 0.6299  decode.d1.loss_cls: 0.0148  decode.d1.loss_mask: 0.8121  decode.d1.loss_dice: 0.6355  decode.d2.loss_cls: 0.0111  decode.d2.loss_mask: 0.8105  decode.d2.loss_dice: 0.6303  decode.d3.loss_cls: 0.0017  decode.d3.loss_mask: 0.8154  decode.d3.loss_dice: 0.6191  decode.d4.loss_cls: 0.0015  decode.d4.loss_mask: 0.8100  decode.d4.loss_dice: 0.6176  decode.d5.loss_cls: 0.0012  decode.d5.loss_mask: 0.8086  decode.d5.loss_dice: 0.6171  decode.d6.loss_cls: 0.0014  decode.d6.loss_mask: 0.8147  decode.d6.loss_dice: 0.6127  decode.d7.loss_cls: 0.0014  decode.d7.loss_mask: 0.8126  decode.d7.loss_dice: 0.6123  decode.d8.loss_cls: 0.0009  decode.d8.loss_mask: 0.8164  decode.d8.loss_dice: 0.6205
2026/07/31 09:54:37 - mmengine - INFO - Iter(train) [23800/40000]  base_lr: 2.3777e-05 lr: 2.3777e-05  eta: 8:39:44  time: 2.1700  data_time: 0.0272  memory: 9076  grad_norm: 61.2186  loss: 11.8447  decode.loss_cls: 0.0110  decode.loss_mask: 0.6170  decode.loss_dice: 0.5209  decode.d0.loss_cls: 0.1301  decode.d0.loss_mask: 0.6472  decode.d0.loss_dice: 0.6005  decode.d1.loss_cls: 0.0285  decode.d1.loss_mask: 0.6174  decode.d1.loss_dice: 0.5288  decode.d2.loss_cls: 0.0254  decode.d2.loss_mask: 0.6161  decode.d2.loss_dice: 0.5272  decode.d3.loss_cls: 0.0156  decode.d3.loss_mask: 0.6183  decode.d3.loss_dice: 0.5310  decode.d4.loss_cls: 0.0175  decode.d4.loss_mask: 0.6200  decode.d4.loss_dice: 0.5375  decode.d5.loss_cls: 0.0169  decode.d5.loss_mask: 0.6201  decode.d5.loss_dice: 0.5308  decode.d6.loss_cls: 0.0098  decode.d6.loss_mask: 0.6200  decode.d6.loss_dice: 0.5391  decode.d7.loss_cls: 0.0112  decode.d7.loss_mask: 0.6118  decode.d7.loss_dice: 0.5206  decode.d8.loss_cls: 0.0108  decode.d8.loss_mask: 0.6192  decode.d8.loss_dice: 0.5246
2026/07/31 09:58:09 - mmengine - INFO - Iter(train) [23900/40000]  base_lr: 2.3645e-05 lr: 2.3645e-05  eta: 8:36:44  time: 2.0811  data_time: 0.0164  memory: 9084  grad_norm: 62.0617  loss: 12.3367  decode.loss_cls: 0.0140  decode.loss_mask: 0.6340  decode.loss_dice: 0.5180  decode.d0.loss_cls: 0.1440  decode.d0.loss_mask: 0.7154  decode.d0.loss_dice: 0.7031  decode.d1.loss_cls: 0.0472  decode.d1.loss_mask: 0.6422  decode.d1.loss_dice: 0.5362  decode.d2.loss_cls: 0.0394  decode.d2.loss_mask: 0.6408  decode.d2.loss_dice: 0.5249  decode.d3.loss_cls: 0.0245  decode.d3.loss_mask: 0.6459  decode.d3.loss_dice: 0.5345  decode.d4.loss_cls: 0.0184  decode.d4.loss_mask: 0.6494  decode.d4.loss_dice: 0.5296  decode.d5.loss_cls: 0.0261  decode.d5.loss_mask: 0.6504  decode.d5.loss_dice: 0.5252  decode.d6.loss_cls: 0.0197  decode.d6.loss_mask: 0.6536  decode.d6.loss_dice: 0.5192  decode.d7.loss_cls: 0.0173  decode.d7.loss_mask: 0.6495  decode.d7.loss_dice: 0.5316  decode.d8.loss_cls: 0.0140  decode.d8.loss_mask: 0.6392  decode.d8.loss_dice: 0.5293
2026/07/31 10:01:31 - mmengine - INFO - Exp name: dinov3_m2f_gram_4999_20260730_204508
2026/07/31 10:01:31 - mmengine - INFO - Iter(train) [24000/40000]  base_lr: 2.3513e-05 lr: 2.3513e-05  eta: 8:33:38  time: 2.1144  data_time: 0.0174  memory: 9084  grad_norm: 60.7434  loss: 12.3382  decode.loss_cls: 0.0193  decode.loss_mask: 0.6544  decode.loss_dice: 0.5474  decode.d0.loss_cls: 0.1536  decode.d0.loss_mask: 0.6579  decode.d0.loss_dice: 0.5718  decode.d1.loss_cls: 0.0445  decode.d1.loss_mask: 0.6397  decode.d1.loss_dice: 0.5530  decode.d2.loss_cls: 0.0282  decode.d2.loss_mask: 0.6440  decode.d2.loss_dice: 0.5430  decode.d3.loss_cls: 0.0214  decode.d3.loss_mask: 0.6438  decode.d3.loss_dice: 0.5510  decode.d4.loss_cls: 0.0218  decode.d4.loss_mask: 0.6429  decode.d4.loss_dice: 0.5474  decode.d5.loss_cls: 0.0230  decode.d5.loss_mask: 0.6414  decode.d5.loss_dice: 0.5404  decode.d6.loss_cls: 0.0229  decode.d6.loss_mask: 0.6454  decode.d6.loss_dice: 0.5416  decode.d7.loss_cls: 0.0234  decode.d7.loss_mask: 0.6433  decode.d7.loss_dice: 0.5517  decode.d8.loss_cls: 0.0239  decode.d8.loss_mask: 0.6456  decode.d8.loss_dice: 0.5504
2026/07/31 10:01:31 - mmengine - INFO - Saving checkpoint at 24000 iterations
2026/07/31 10:02:16 - mmengine - INFO - Iter(val) [100/504]    eta: 0:01:31  time: 0.2100  data_time: 0.0082  memory: 3098  
2026/07/31 10:02:37 - mmengine - INFO - Iter(val) [200/504]    eta: 0:01:06  time: 0.2115  data_time: 0.0085  memory: 3098  
2026/07/31 10:02:58 - mmengine - INFO - Iter(val) [300/504]    eta: 0:00:43  time: 0.2087  data_time: 0.0076  memory: 3098  
2026/07/31 10:03:22 - mmengine - INFO - Iter(val) [400/504]    eta: 0:00:22  time: 0.2270  data_time: 0.0138  memory: 3098  
2026/07/31 10:03:44 - mmengine - INFO - Iter(val) [500/504]    eta: 0:00:00  time: 0.2106  data_time: 0.0083  memory: 3098  
2026/07/31 10:05:49 - mmengine - INFO - per class results:
2026/07/31 10:05:49 - mmengine - INFO - 
+--------------------+-------+-------+--------+-----------+--------+
|       Class        |  IoU  |  Acc  | Fscore | Precision | Recall |
+--------------------+-------+-------+--------+-----------+--------+
| impervious_surface | 85.92 | 90.71 | 92.42  |    94.2   | 90.71  |
|      building      | 87.77 | 99.09 | 93.49  |   88.48   | 99.09  |
|   low_vegetation   |  75.9 | 84.41 |  86.3  |   88.27   | 84.41  |
|        tree        | 81.33 | 89.49 |  89.7  |   89.92   | 89.49  |
|        car         | 92.45 | 94.85 | 96.08  |   97.34   | 94.85  |
+--------------------+-------+-------+--------+-----------+--------+
2026/07/31 10:05:49 - mmengine - INFO - Iter(val) [504/504]    aAcc: 90.1200  mIoU: 84.6700  mAcc: 91.7100  mFscore: 91.6000  mPrecision: 91.6400  mRecall: 91.7100  data_time: 0.0122  time: 0.2216
2026/07/31 10:09:18 - mmengine - INFO - Iter(train) [24100/40000]  base_lr: 2.3381e-05 lr: 2.3381e-05  eta: 8:31:58  time: 2.1363  data_time: 0.0199  memory: 9084  grad_norm: 86.2575  loss: 14.8115  decode.loss_cls: 0.0161  decode.loss_mask: 0.7351  decode.loss_dice: 0.6642  decode.d0.loss_cls: 0.1216  decode.d0.loss_mask: 0.8864  decode.d0.loss_dice: 0.8115  decode.d1.loss_cls: 0.0355  decode.d1.loss_mask: 0.7631  decode.d1.loss_dice: 0.7076  decode.d2.loss_cls: 0.0433  decode.d2.loss_mask: 0.7522  decode.d2.loss_dice: 0.6833  decode.d3.loss_cls: 0.0307  decode.d3.loss_mask: 0.7401  decode.d3.loss_dice: 0.6631  decode.d4.loss_cls: 0.0272  decode.d4.loss_mask: 0.7410  decode.d4.loss_dice: 0.6711  decode.d5.loss_cls: 0.0230  decode.d5.loss_mask: 0.7401  decode.d5.loss_dice: 0.6748  decode.d6.loss_cls: 0.0197  decode.d6.loss_mask: 0.7417  decode.d6.loss_dice: 0.6703  decode.d7.loss_cls: 0.0236  decode.d7.loss_mask: 0.7397  decode.d7.loss_dice: 0.6679  decode.d8.loss_cls: 0.0176  decode.d8.loss_mask: 0.7329  decode.d8.loss_dice: 0.6669
2026/07/31 10:12:53 - mmengine - INFO - Iter(train) [24200/40000]  base_lr: 2.3248e-05 lr: 2.3248e-05  eta: 8:28:59  time: 2.5448  data_time: 0.4531  memory: 9084  grad_norm: 61.4845  loss: 11.8848  decode.loss_cls: 0.0180  decode.loss_mask: 0.6725  decode.loss_dice: 0.4648  decode.d0.loss_cls: 0.1506  decode.d0.loss_mask: 0.7517  decode.d0.loss_dice: 0.4991  decode.d1.loss_cls: 0.0276  decode.d1.loss_mask: 0.6922  decode.d1.loss_dice: 0.4744  decode.d2.loss_cls: 0.0225  decode.d2.loss_mask: 0.6798  decode.d2.loss_dice: 0.4602  decode.d3.loss_cls: 0.0227  decode.d3.loss_mask: 0.6743  decode.d3.loss_dice: 0.4680  decode.d4.loss_cls: 0.0199  decode.d4.loss_mask: 0.6722  decode.d4.loss_dice: 0.4631  decode.d5.loss_cls: 0.0187  decode.d5.loss_mask: 0.6818  decode.d5.loss_dice: 0.4718  decode.d6.loss_cls: 0.0230  decode.d6.loss_mask: 0.6766  decode.d6.loss_dice: 0.4664  decode.d7.loss_cls: 0.0188  decode.d7.loss_mask: 0.6744  decode.d7.loss_dice: 0.4621  decode.d8.loss_cls: 0.0166  decode.d8.loss_mask: 0.6765  decode.d8.loss_dice: 0.4644
2026/07/31 10:16:24 - mmengine - INFO - Iter(train) [24300/40000]  base_lr: 2.3116e-05 lr: 2.3116e-05  eta: 8:25:57  time: 2.1003  data_time: 0.0169  memory: 9076  grad_norm: 84.8333  loss: 13.9109  decode.loss_cls: 0.0123  decode.loss_mask: 0.7603  decode.loss_dice: 0.5985  decode.d0.loss_cls: 0.1569  decode.d0.loss_mask: 0.7941  decode.d0.loss_dice: 0.6373  decode.d1.loss_cls: 0.0315  decode.d1.loss_mask: 0.7688  decode.d1.loss_dice: 0.5889  decode.d2.loss_cls: 0.0315  decode.d2.loss_mask: 0.7682  decode.d2.loss_dice: 0.6041  decode.d3.loss_cls: 0.0102  decode.d3.loss_mask: 0.7676  decode.d3.loss_dice: 0.5926  decode.d4.loss_cls: 0.0097  decode.d4.loss_mask: 0.7659  decode.d4.loss_dice: 0.5807  decode.d5.loss_cls: 0.0072  decode.d5.loss_mask: 0.7626  decode.d5.loss_dice: 0.5837  decode.d6.loss_cls: 0.0079  decode.d6.loss_mask: 0.7604  decode.d6.loss_dice: 0.5884  decode.d7.loss_cls: 0.0076  decode.d7.loss_mask: 0.7607  decode.d7.loss_dice: 0.5900  decode.d8.loss_cls: 0.0066  decode.d8.loss_mask: 0.7608  decode.d8.loss_dice: 0.5963
2026/07/31 10:19:56 - mmengine - INFO - Iter(train) [24400/40000]  base_lr: 2.2983e-05 lr: 2.2983e-05  eta: 8:22:55  time: 2.1187  data_time: 0.0200  memory: 9084  grad_norm: 55.3776  loss: 12.7316  decode.loss_cls: 0.0052  decode.loss_mask: 0.6762  decode.loss_dice: 0.5780  decode.d0.loss_cls: 0.0719  decode.d0.loss_mask: 0.6974  decode.d0.loss_dice: 0.5914  decode.d1.loss_cls: 0.0126  decode.d1.loss_mask: 0.6762  decode.d1.loss_dice: 0.5906  decode.d2.loss_cls: 0.0120  decode.d2.loss_mask: 0.6737  decode.d2.loss_dice: 0.5851  decode.d3.loss_cls: 0.0087  decode.d3.loss_mask: 0.6762  decode.d3.loss_dice: 0.5800  decode.d4.loss_cls: 0.0075  decode.d4.loss_mask: 0.6763  decode.d4.loss_dice: 0.5754  decode.d5.loss_cls: 0.0046  decode.d5.loss_mask: 0.6696  decode.d5.loss_dice: 0.5832  decode.d6.loss_cls: 0.0050  decode.d6.loss_mask: 0.6765  decode.d6.loss_dice: 0.5856  decode.d7.loss_cls: 0.0051  decode.d7.loss_mask: 0.6755  decode.d7.loss_dice: 0.5734  decode.d8.loss_cls: 0.0049  decode.d8.loss_mask: 0.6744  decode.d8.loss_dice: 0.5795
2026/07/31 10:23:27 - mmengine - INFO - Iter(train) [24500/40000]  base_lr: 2.2851e-05 lr: 2.2851e-05  eta: 8:19:53  time: 2.1585  data_time: 0.0274  memory: 9084  grad_norm: 28.0561  loss: 6.1206  decode.loss_cls: 0.0087  decode.loss_mask: 0.2979  decode.loss_dice: 0.2839  decode.d0.loss_cls: 0.0824  decode.d0.loss_mask: 0.2997  decode.d0.loss_dice: 0.3284  decode.d1.loss_cls: 0.0316  decode.d1.loss_mask: 0.2972  decode.d1.loss_dice: 0.2854  decode.d2.loss_cls: 0.0102  decode.d2.loss_mask: 0.2998  decode.d2.loss_dice: 0.2816  decode.d3.loss_cls: 0.0100  decode.d3.loss_mask: 0.2963  decode.d3.loss_dice: 0.2979  decode.d4.loss_cls: 0.0155  decode.d4.loss_mask: 0.3005  decode.d4.loss_dice: 0.2988  decode.d5.loss_cls: 0.0130  decode.d5.loss_mask: 0.3010  decode.d5.loss_dice: 0.3045  decode.d6.loss_cls: 0.0106  decode.d6.loss_mask: 0.3010  decode.d6.loss_dice: 0.2989  decode.d7.loss_cls: 0.0071  decode.d7.loss_mask: 0.2999  decode.d7.loss_dice: 0.2778  decode.d8.loss_cls: 0.0080  decode.d8.loss_mask: 0.2978  decode.d8.loss_dice: 0.2751
2026/07/31 10:26:50 - mmengine - INFO - Iter(train) [24600/40000]  base_lr: 2.2718e-05 lr: 2.2718e-05  eta: 8:16:45  time: 2.0719  data_time: 0.0162  memory: 9084  grad_norm: 49.5132  loss: 12.0426  decode.loss_cls: 0.0044  decode.loss_mask: 0.6585  decode.loss_dice: 0.5059  decode.d0.loss_cls: 0.1486  decode.d0.loss_mask: 0.7130  decode.d0.loss_dice: 0.5214  decode.d1.loss_cls: 0.0194  decode.d1.loss_mask: 0.6764  decode.d1.loss_dice: 0.5169  decode.d2.loss_cls: 0.0114  decode.d2.loss_mask: 0.6696  decode.d2.loss_dice: 0.5169  decode.d3.loss_cls: 0.0089  decode.d3.loss_mask: 0.6644  decode.d3.loss_dice: 0.5089  decode.d4.loss_cls: 0.0085  decode.d4.loss_mask: 0.6669  decode.d4.loss_dice: 0.5099  decode.d5.loss_cls: 0.0081  decode.d5.loss_mask: 0.6667  decode.d5.loss_dice: 0.5081  decode.d6.loss_cls: 0.0063  decode.d6.loss_mask: 0.6647  decode.d6.loss_dice: 0.5062  decode.d7.loss_cls: 0.0064  decode.d7.loss_mask: 0.6629  decode.d7.loss_dice: 0.5050  decode.d8.loss_cls: 0.0044  decode.d8.loss_mask: 0.6648  decode.d8.loss_dice: 0.5093
2026/07/31 10:30:19 - mmengine - INFO - Iter(train) [24700/40000]  base_lr: 2.2585e-05 lr: 2.2585e-05  eta: 8:13:42  time: 2.0865  data_time: 0.0174  memory: 9076  grad_norm: 44.8753  loss: 9.3900  decode.loss_cls: 0.0059  decode.loss_mask: 0.4596  decode.loss_dice: 0.4579  decode.d0.loss_cls: 0.1079  decode.d0.loss_mask: 0.4950  decode.d0.loss_dice: 0.5011  decode.d1.loss_cls: 0.0252  decode.d1.loss_mask: 0.4693  decode.d1.loss_dice: 0.4426  decode.d2.loss_cls: 0.0225  decode.d2.loss_mask: 0.4602  decode.d2.loss_dice: 0.4423  decode.d3.loss_cls: 0.0049  decode.d3.loss_mask: 0.4615  decode.d3.loss_dice: 0.4541  decode.d4.loss_cls: 0.0039  decode.d4.loss_mask: 0.4612  decode.d4.loss_dice: 0.4460  decode.d5.loss_cls: 0.0043  decode.d5.loss_mask: 0.4604  decode.d5.loss_dice: 0.4453  decode.d6.loss_cls: 0.0046  decode.d6.loss_mask: 0.4588  decode.d6.loss_dice: 0.4633  decode.d7.loss_cls: 0.0049  decode.d7.loss_mask: 0.4612  decode.d7.loss_dice: 0.4486  decode.d8.loss_cls: 0.0049  decode.d8.loss_mask: 0.4606  decode.d8.loss_dice: 0.4520
2026/07/31 10:33:50 - mmengine - INFO - Iter(train) [24800/40000]  base_lr: 2.2452e-05 lr: 2.2452e-05  eta: 8:10:39  time: 2.2015  data_time: 0.0284  memory: 9084  grad_norm: 73.8159  loss: 14.2479  decode.loss_cls: 0.0080  decode.loss_mask: 0.8063  decode.loss_dice: 0.5841  decode.d0.loss_cls: 0.0954  decode.d0.loss_mask: 0.8682  decode.d0.loss_dice: 0.6093  decode.d1.loss_cls: 0.0154  decode.d1.loss_mask: 0.8162  decode.d1.loss_dice: 0.5995  decode.d2.loss_cls: 0.0066  decode.d2.loss_mask: 0.8088  decode.d2.loss_dice: 0.5901  decode.d3.loss_cls: 0.0061  decode.d3.loss_mask: 0.8062  decode.d3.loss_dice: 0.5885  decode.d4.loss_cls: 0.0070  decode.d4.loss_mask: 0.8068  decode.d4.loss_dice: 0.5923  decode.d5.loss_cls: 0.0084  decode.d5.loss_mask: 0.8102  decode.d5.loss_dice: 0.5914  decode.d6.loss_cls: 0.0079  decode.d6.loss_mask: 0.8133  decode.d6.loss_dice: 0.5925  decode.d7.loss_cls: 0.0086  decode.d7.loss_mask: 0.8096  decode.d7.loss_dice: 0.5902  decode.d8.loss_cls: 0.0087  decode.d8.loss_mask: 0.8091  decode.d8.loss_dice: 0.5832
2026/07/31 10:37:19 - mmengine - INFO - Iter(train) [24900/40000]  base_lr: 2.2319e-05 lr: 2.2319e-05  eta: 8:07:34  time: 2.0805  data_time: 0.0160  memory: 9084  grad_norm: 39.2113  loss: 8.3753  decode.loss_cls: 0.0023  decode.loss_mask: 0.4351  decode.loss_dice: 0.3862  decode.d0.loss_cls: 0.1100  decode.d0.loss_mask: 0.4686  decode.d0.loss_dice: 0.3990  decode.d1.loss_cls: 0.0219  decode.d1.loss_mask: 0.4404  decode.d1.loss_dice: 0.3810  decode.d2.loss_cls: 0.0042  decode.d2.loss_mask: 0.4413  decode.d2.loss_dice: 0.3803  decode.d3.loss_cls: 0.0029  decode.d3.loss_mask: 0.4400  decode.d3.loss_dice: 0.3833  decode.d4.loss_cls: 0.0027  decode.d4.loss_mask: 0.4366  decode.d4.loss_dice: 0.3800  decode.d5.loss_cls: 0.0028  decode.d5.loss_mask: 0.4357  decode.d5.loss_dice: 0.3798  decode.d6.loss_cls: 0.0024  decode.d6.loss_mask: 0.4355  decode.d6.loss_dice: 0.3741  decode.d7.loss_cls: 0.0023  decode.d7.loss_mask: 0.4357  decode.d7.loss_dice: 0.3784  decode.d8.loss_cls: 0.0019  decode.d8.loss_mask: 0.4320  decode.d8.loss_dice: 0.3788
2026/07/31 10:40:49 - mmengine - INFO - Exp name: dinov3_m2f_gram_4999_20260730_204508
2026/07/31 10:40:49 - mmengine - INFO - Iter(train) [25000/40000]  base_lr: 2.2186e-05 lr: 2.2186e-05  eta: 8:04:30  time: 2.0825  data_time: 0.0163  memory: 9084  grad_norm: 56.4823  loss: 13.4030  decode.loss_cls: 0.0038  decode.loss_mask: 0.7399  decode.loss_dice: 0.5804  decode.d0.loss_cls: 0.0632  decode.d0.loss_mask: 0.7930  decode.d0.loss_dice: 0.5908  decode.d1.loss_cls: 0.0171  decode.d1.loss_mask: 0.7466  decode.d1.loss_dice: 0.5836  decode.d2.loss_cls: 0.0092  decode.d2.loss_mask: 0.7406  decode.d2.loss_dice: 0.5775  decode.d3.loss_cls: 0.0043  decode.d3.loss_mask: 0.7351  decode.d3.loss_dice: 0.5768  decode.d4.loss_cls: 0.0030  decode.d4.loss_mask: 0.7436  decode.d4.loss_dice: 0.5805  decode.d5.loss_cls: 0.0051  decode.d5.loss_mask: 0.7435  decode.d5.loss_dice: 0.5805  decode.d6.loss_cls: 0.0041  decode.d6.loss_mask: 0.7399  decode.d6.loss_dice: 0.5884  decode.d7.loss_cls: 0.0031  decode.d7.loss_mask: 0.7424  decode.d7.loss_dice: 0.5807  decode.d8.loss_cls: 0.0039  decode.d8.loss_mask: 0.7427  decode.d8.loss_dice: 0.5798
2026/07/31 10:44:24 - mmengine - INFO - Iter(train) [25100/40000]  base_lr: 2.2053e-05 lr: 2.2053e-05  eta: 8:01:29  time: 2.1820  data_time: 0.0305  memory: 9084  grad_norm: 78.7302  loss: 16.2094  decode.loss_cls: 0.0158  decode.loss_mask: 0.9479  decode.loss_dice: 0.6282  decode.d0.loss_cls: 0.1306  decode.d0.loss_mask: 1.0261  decode.d0.loss_dice: 0.6902  decode.d1.loss_cls: 0.0187  decode.d1.loss_mask: 0.9509  decode.d1.loss_dice: 0.6572  decode.d2.loss_cls: 0.0150  decode.d2.loss_mask: 0.9551  decode.d2.loss_dice: 0.6369  decode.d3.loss_cls: 0.0085  decode.d3.loss_mask: 0.9448  decode.d3.loss_dice: 0.6377  decode.d4.loss_cls: 0.0126  decode.d4.loss_mask: 0.9413  decode.d4.loss_dice: 0.6407  decode.d5.loss_cls: 0.0082  decode.d5.loss_mask: 0.9441  decode.d5.loss_dice: 0.6323  decode.d6.loss_cls: 0.0102  decode.d6.loss_mask: 0.9456  decode.d6.loss_dice: 0.6381  decode.d7.loss_cls: 0.0123  decode.d7.loss_mask: 0.9451  decode.d7.loss_dice: 0.6314  decode.d8.loss_cls: 0.0166  decode.d8.loss_mask: 0.9442  decode.d8.loss_dice: 0.6232
2026/07/31 10:47:54 - mmengine - INFO - Iter(train) [25200/40000]  base_lr: 2.1920e-05 lr: 2.1920e-05  eta: 7:58:24  time: 2.0706  data_time: 0.0156  memory: 9076  grad_norm: 58.4879  loss: 14.2028  decode.loss_cls: 0.0028  decode.loss_mask: 0.7848  decode.loss_dice: 0.6181  decode.d0.loss_cls: 0.0996  decode.d0.loss_mask: 0.8095  decode.d0.loss_dice: 0.6408  decode.d1.loss_cls: 0.0172  decode.d1.loss_mask: 0.7890  decode.d1.loss_dice: 0.6216  decode.d2.loss_cls: 0.0087  decode.d2.loss_mask: 0.7820  decode.d2.loss_dice: 0.6265  decode.d3.loss_cls: 0.0029  decode.d3.loss_mask: 0.7847  decode.d3.loss_dice: 0.6178  decode.d4.loss_cls: 0.0034  decode.d4.loss_mask: 0.7847  decode.d4.loss_dice: 0.6165  decode.d5.loss_cls: 0.0023  decode.d5.loss_mask: 0.7828  decode.d5.loss_dice: 0.6087  decode.d6.loss_cls: 0.0034  decode.d6.loss_mask: 0.7891  decode.d6.loss_dice: 0.6059  decode.d7.loss_cls: 0.0034  decode.d7.loss_mask: 0.7863  decode.d7.loss_dice: 0.6128  decode.d8.loss_cls: 0.0033  decode.d8.loss_mask: 0.7845  decode.d8.loss_dice: 0.6093
2026/07/31 10:50:55 - mmengine - INFO - Iter(train) [25300/40000]  base_lr: 2.1786e-05 lr: 2.1786e-05  eta: 7:55:03  time: 0.8627  data_time: 0.0164  memory: 9084  grad_norm: 64.8495  loss: 15.0432  decode.loss_cls: 0.0049  decode.loss_mask: 0.7847  decode.loss_dice: 0.6932  decode.d0.loss_cls: 0.0810  decode.d0.loss_mask: 0.8361  decode.d0.loss_dice: 0.6882  decode.d1.loss_cls: 0.0150  decode.d1.loss_mask: 0.8130  decode.d1.loss_dice: 0.6942  decode.d2.loss_cls: 0.0117  decode.d2.loss_mask: 0.7980  decode.d2.loss_dice: 0.6878  decode.d3.loss_cls: 0.0075  decode.d3.loss_mask: 0.7911  decode.d3.loss_dice: 0.6910  decode.d4.loss_cls: 0.0094  decode.d4.loss_mask: 0.7855  decode.d4.loss_dice: 0.6894  decode.d5.loss_cls: 0.0036  decode.d5.loss_mask: 0.7977  decode.d5.loss_dice: 0.6945  decode.d6.loss_cls: 0.0064  decode.d6.loss_mask: 0.7843  decode.d6.loss_dice: 0.6994  decode.d7.loss_cls: 0.0048  decode.d7.loss_mask: 0.7888  decode.d7.loss_dice: 0.7036  decode.d8.loss_cls: 0.0043  decode.d8.loss_mask: 0.7815  decode.d8.loss_dice: 0.6927
2026/07/31 10:53:45 - mmengine - INFO - Iter(train) [25400/40000]  base_lr: 2.1653e-05 lr: 2.1653e-05  eta: 7:51:35  time: 2.2218  data_time: 0.0299  memory: 9084  grad_norm: 79.2508  loss: 13.7370  decode.loss_cls: 0.0190  decode.loss_mask: 0.7094  decode.loss_dice: 0.6342  decode.d0.loss_cls: 0.0993  decode.d0.loss_mask: 0.7785  decode.d0.loss_dice: 0.6825  decode.d1.loss_cls: 0.0325  decode.d1.loss_mask: 0.7257  decode.d1.loss_dice: 0.6397  decode.d2.loss_cls: 0.0257  decode.d2.loss_mask: 0.7155  decode.d2.loss_dice: 0.6129  decode.d3.loss_cls: 0.0187  decode.d3.loss_mask: 0.7021  decode.d3.loss_dice: 0.6226  decode.d4.loss_cls: 0.0159  decode.d4.loss_mask: 0.7014  decode.d4.loss_dice: 0.6268  decode.d5.loss_cls: 0.0161  decode.d5.loss_mask: 0.7041  decode.d5.loss_dice: 0.6292  decode.d6.loss_cls: 0.0161  decode.d6.loss_mask: 0.6993  decode.d6.loss_dice: 0.6130  decode.d7.loss_cls: 0.0172  decode.d7.loss_mask: 0.7042  decode.d7.loss_dice: 0.6225  decode.d8.loss_cls: 0.0143  decode.d8.loss_mask: 0.7082  decode.d8.loss_dice: 0.6305
2026/07/31 10:57:14 - mmengine - INFO - Iter(train) [25500/40000]  base_lr: 2.1519e-05 lr: 2.1519e-05  eta: 7:48:30  time: 2.0734  data_time: 0.0203  memory: 9076  grad_norm: 57.9990  loss: 12.0832  decode.loss_cls: 0.0184  decode.loss_mask: 0.6034  decode.loss_dice: 0.5713  decode.d0.loss_cls: 0.0845  decode.d0.loss_mask: 0.6426  decode.d0.loss_dice: 0.6065  decode.d1.loss_cls: 0.0641  decode.d1.loss_mask: 0.5919  decode.d1.loss_dice: 0.5655  decode.d2.loss_cls: 0.0356  decode.d2.loss_mask: 0.5977  decode.d2.loss_dice: 0.5677  decode.d3.loss_cls: 0.0218  decode.d3.loss_mask: 0.5974  decode.d3.loss_dice: 0.5682  decode.d4.loss_cls: 0.0210  decode.d4.loss_mask: 0.6057  decode.d4.loss_dice: 0.5665  decode.d5.loss_cls: 0.0207  decode.d5.loss_mask: 0.6018  decode.d5.loss_dice: 0.5668  decode.d6.loss_cls: 0.0124  decode.d6.loss_mask: 0.6025  decode.d6.loss_dice: 0.5594  decode.d7.loss_cls: 0.0114  decode.d7.loss_mask: 0.6050  decode.d7.loss_dice: 0.5678  decode.d8.loss_cls: 0.0184  decode.d8.loss_mask: 0.6047  decode.d8.loss_dice: 0.5824
2026/07/31 11:00:43 - mmengine - INFO - Iter(train) [25600/40000]  base_lr: 2.1386e-05 lr: 2.1386e-05  eta: 7:45:25  time: 2.0500  data_time: 0.0165  memory: 9084  grad_norm: 68.8557  loss: 12.4627  decode.loss_cls: 0.0088  decode.loss_mask: 0.6625  decode.loss_dice: 0.5399  decode.d0.loss_cls: 0.1917  decode.d0.loss_mask: 0.7208  decode.d0.loss_dice: 0.6471  decode.d1.loss_cls: 0.0373  decode.d1.loss_mask: 0.6795  decode.d1.loss_dice: 0.5499  decode.d2.loss_cls: 0.0276  decode.d2.loss_mask: 0.6647  decode.d2.loss_dice: 0.5412  decode.d3.loss_cls: 0.0148  decode.d3.loss_mask: 0.6606  decode.d3.loss_dice: 0.5305  decode.d4.loss_cls: 0.0124  decode.d4.loss_mask: 0.6537  decode.d4.loss_dice: 0.5292  decode.d5.loss_cls: 0.0122  decode.d5.loss_mask: 0.6554  decode.d5.loss_dice: 0.5365  decode.d6.loss_cls: 0.0099  decode.d6.loss_mask: 0.6555  decode.d6.loss_dice: 0.5286  decode.d7.loss_cls: 0.0115  decode.d7.loss_mask: 0.6621  decode.d7.loss_dice: 0.5238  decode.d8.loss_cls: 0.0086  decode.d8.loss_mask: 0.6593  decode.d8.loss_dice: 0.5272
2026/07/31 11:04:12 - mmengine - INFO - Iter(train) [25700/40000]  base_lr: 2.1252e-05 lr: 2.1252e-05  eta: 7:42:20  time: 2.1351  data_time: 0.0221  memory: 9084  grad_norm: 48.7858  loss: 10.3534  decode.loss_cls: 0.0058  decode.loss_mask: 0.5337  decode.loss_dice: 0.4728  decode.d0.loss_cls: 0.0827  decode.d0.loss_mask: 0.5777  decode.d0.loss_dice: 0.5075  decode.d1.loss_cls: 0.0221  decode.d1.loss_mask: 0.5385  decode.d1.loss_dice: 0.4661  decode.d2.loss_cls: 0.0072  decode.d2.loss_mask: 0.5371  decode.d2.loss_dice: 0.4770  decode.d3.loss_cls: 0.0062  decode.d3.loss_mask: 0.5357  decode.d3.loss_dice: 0.4719  decode.d4.loss_cls: 0.0076  decode.d4.loss_mask: 0.5379  decode.d4.loss_dice: 0.4895  decode.d5.loss_cls: 0.0068  decode.d5.loss_mask: 0.5327  decode.d5.loss_dice: 0.4891  decode.d6.loss_cls: 0.0061  decode.d6.loss_mask: 0.5353  decode.d6.loss_dice: 0.4705  decode.d7.loss_cls: 0.0070  decode.d7.loss_mask: 0.5323  decode.d7.loss_dice: 0.4731  decode.d8.loss_cls: 0.0059  decode.d8.loss_mask: 0.5356  decode.d8.loss_dice: 0.4819
2026/07/31 11:07:41 - mmengine - INFO - Iter(train) [25800/40000]  base_lr: 2.1118e-05 lr: 2.1118e-05  eta: 7:39:14  time: 2.1571  data_time: 0.0287  memory: 9084  grad_norm: 38.7151  loss: 8.2745  decode.loss_cls: 0.0236  decode.loss_mask: 0.3279  decode.loss_dice: 0.4640  decode.d0.loss_cls: 0.1486  decode.d0.loss_mask: 0.3404  decode.d0.loss_dice: 0.5165  decode.d1.loss_cls: 0.0732  decode.d1.loss_mask: 0.3315  decode.d1.loss_dice: 0.4613  decode.d2.loss_cls: 0.0393  decode.d2.loss_mask: 0.3253  decode.d2.loss_dice: 0.4581  decode.d3.loss_cls: 0.0288  decode.d3.loss_mask: 0.3253  decode.d3.loss_dice: 0.4555  decode.d4.loss_cls: 0.0183  decode.d4.loss_mask: 0.3226  decode.d4.loss_dice: 0.4558  decode.d5.loss_cls: 0.0194  decode.d5.loss_mask: 0.3238  decode.d5.loss_dice: 0.4407  decode.d6.loss_cls: 0.0085  decode.d6.loss_mask: 0.3228  decode.d6.loss_dice: 0.4603  decode.d7.loss_cls: 0.0073  decode.d7.loss_mask: 0.3228  decode.d7.loss_dice: 0.4524  decode.d8.loss_cls: 0.0160  decode.d8.loss_mask: 0.3234  decode.d8.loss_dice: 0.4609
2026/07/31 11:11:11 - mmengine - INFO - Iter(train) [25900/40000]  base_lr: 2.0984e-05 lr: 2.0984e-05  eta: 7:36:08  time: 1.9813  data_time: 0.0166  memory: 9084  grad_norm: 49.7348  loss: 10.5659  decode.loss_cls: 0.0031  decode.loss_mask: 0.5386  decode.loss_dice: 0.4987  decode.d0.loss_cls: 0.0887  decode.d0.loss_mask: 0.5567  decode.d0.loss_dice: 0.5518  decode.d1.loss_cls: 0.0121  decode.d1.loss_mask: 0.5393  decode.d1.loss_dice: 0.5058  decode.d2.loss_cls: 0.0062  decode.d2.loss_mask: 0.5393  decode.d2.loss_dice: 0.4963  decode.d3.loss_cls: 0.0072  decode.d3.loss_mask: 0.5384  decode.d3.loss_dice: 0.4978  decode.d4.loss_cls: 0.0069  decode.d4.loss_mask: 0.5388  decode.d4.loss_dice: 0.4944  decode.d5.loss_cls: 0.0071  decode.d5.loss_mask: 0.5364  decode.d5.loss_dice: 0.4958  decode.d6.loss_cls: 0.0042  decode.d6.loss_mask: 0.5365  decode.d6.loss_dice: 0.4930  decode.d7.loss_cls: 0.0038  decode.d7.loss_mask: 0.5354  decode.d7.loss_dice: 0.5003  decode.d8.loss_cls: 0.0046  decode.d8.loss_mask: 0.5344  decode.d8.loss_dice: 0.4940
2026/07/31 11:14:35 - mmengine - INFO - Exp name: dinov3_m2f_gram_4999_20260730_204508
2026/07/31 11:14:35 - mmengine - INFO - Iter(train) [26000/40000]  base_lr: 2.0850e-05 lr: 2.0850e-05  eta: 7:32:59  time: 1.9882  data_time: 0.0163  memory: 9076  grad_norm: 85.3779  loss: 15.3530  decode.loss_cls: 0.0282  decode.loss_mask: 0.7914  decode.loss_dice: 0.6430  decode.d0.loss_cls: 0.1423  decode.d0.loss_mask: 0.9873  decode.d0.loss_dice: 0.7662  decode.d1.loss_cls: 0.0676  decode.d1.loss_mask: 0.8102  decode.d1.loss_dice: 0.6583  decode.d2.loss_cls: 0.0567  decode.d2.loss_mask: 0.8079  decode.d2.loss_dice: 0.6717  decode.d3.loss_cls: 0.0488  decode.d3.loss_mask: 0.8063  decode.d3.loss_dice: 0.6581  decode.d4.loss_cls: 0.0409  decode.d4.loss_mask: 0.7989  decode.d4.loss_dice: 0.6653  decode.d5.loss_cls: 0.0376  decode.d5.loss_mask: 0.7993  decode.d5.loss_dice: 0.6276  decode.d6.loss_cls: 0.0303  decode.d6.loss_mask: 0.7989  decode.d6.loss_dice: 0.6591  decode.d7.loss_cls: 0.0420  decode.d7.loss_mask: 0.7912  decode.d7.loss_dice: 0.6563  decode.d8.loss_cls: 0.0283  decode.d8.loss_mask: 0.7923  decode.d8.loss_dice: 0.6410
2026/07/31 11:14:35 - mmengine - INFO - Saving checkpoint at 26000 iterations
2026/07/31 11:15:30 - mmengine - INFO - Iter(val) [100/504]    eta: 0:01:35  time: 0.2092  data_time: 0.0085  memory: 3098  
2026/07/31 11:15:51 - mmengine - INFO - Iter(val) [200/504]    eta: 0:01:07  time: 0.2091  data_time: 0.0078  memory: 3098  
2026/07/31 11:16:12 - mmengine - INFO - Iter(val) [300/504]    eta: 0:00:44  time: 0.2079  data_time: 0.0072  memory: 3098  
2026/07/31 11:16:34 - mmengine - INFO - Iter(val) [400/504]    eta: 0:00:22  time: 0.2498  data_time: 0.0146  memory: 3098  
2026/07/31 11:16:57 - mmengine - INFO - Iter(val) [500/504]    eta: 0:00:00  time: 0.2118  data_time: 0.0099  memory: 3098  
2026/07/31 11:18:43 - mmengine - INFO - per class results:
2026/07/31 11:18:43 - mmengine - INFO - 
+--------------------+-------+-------+--------+-----------+--------+
|       Class        |  IoU  |  Acc  | Fscore | Precision | Recall |
+--------------------+-------+-------+--------+-----------+--------+
| impervious_surface | 85.36 | 92.09 |  92.1  |   92.12   | 92.09  |
|      building      | 94.33 | 95.19 | 97.08  |   99.04   | 95.19  |
|   low_vegetation   |  81.2 | 94.62 | 89.62  |   85.13   | 94.62  |
|        tree        | 81.84 | 85.72 | 90.01  |   94.75   | 85.72  |
|        car         | 92.44 | 94.48 | 96.07  |   97.71   | 94.48  |
+--------------------+-------+-------+--------+-----------+--------+
2026/07/31 11:18:43 - mmengine - INFO - Iter(val) [504/504]    aAcc: 91.7400  mIoU: 87.0300  mAcc: 92.4200  mFscore: 92.9800  mPrecision: 93.7500  mRecall: 92.4200  data_time: 0.0120  time: 0.2223
2026/07/31 11:22:05 - mmengine - INFO - Iter(train) [26100/40000]  base_lr: 2.0716e-05 lr: 2.0716e-05  eta: 7:30:45  time: 1.9607  data_time: 0.0153  memory: 9076  grad_norm: 52.1035  loss: 11.1986  decode.loss_cls: 0.0006  decode.loss_mask: 0.6045  decode.loss_dice: 0.5012  decode.d0.loss_cls: 0.0948  decode.d0.loss_mask: 0.6184  decode.d0.loss_dice: 0.5234  decode.d1.loss_cls: 0.0135  decode.d1.loss_mask: 0.6095  decode.d1.loss_dice: 0.5027  decode.d2.loss_cls: 0.0025  decode.d2.loss_mask: 0.6042  decode.d2.loss_dice: 0.4978  decode.d3.loss_cls: 0.0013  decode.d3.loss_mask: 0.6032  decode.d3.loss_dice: 0.4962  decode.d4.loss_cls: 0.0013  decode.d4.loss_mask: 0.6059  decode.d4.loss_dice: 0.4941  decode.d5.loss_cls: 0.0011  decode.d5.loss_mask: 0.6042  decode.d5.loss_dice: 0.4960  decode.d6.loss_cls: 0.0009  decode.d6.loss_mask: 0.6071  decode.d6.loss_dice: 0.5048  decode.d7.loss_cls: 0.0007  decode.d7.loss_mask: 0.6037  decode.d7.loss_dice: 0.4952  decode.d8.loss_cls: 0.0006  decode.d8.loss_mask: 0.6041  decode.d8.loss_dice: 0.5052
2026/07/31 11:25:31 - mmengine - INFO - Iter(train) [26200/40000]  base_lr: 2.0582e-05 lr: 2.0582e-05  eta: 7:27:37  time: 2.0918  data_time: 0.0292  memory: 9084  grad_norm: 55.2341  loss: 13.4402  decode.loss_cls: 0.0017  decode.loss_mask: 0.7394  decode.loss_dice: 0.5874  decode.d0.loss_cls: 0.0665  decode.d0.loss_mask: 0.8306  decode.d0.loss_dice: 0.6234  decode.d1.loss_cls: 0.0105  decode.d1.loss_mask: 0.7423  decode.d1.loss_dice: 0.5859  decode.d2.loss_cls: 0.0024  decode.d2.loss_mask: 0.7368  decode.d2.loss_dice: 0.5814  decode.d3.loss_cls: 0.0017  decode.d3.loss_mask: 0.7322  decode.d3.loss_dice: 0.5803  decode.d4.loss_cls: 0.0017  decode.d4.loss_mask: 0.7368  decode.d4.loss_dice: 0.5798  decode.d5.loss_cls: 0.0018  decode.d5.loss_mask: 0.7396  decode.d5.loss_dice: 0.5842  decode.d6.loss_cls: 0.0019  decode.d6.loss_mask: 0.7341  decode.d6.loss_dice: 0.5850  decode.d7.loss_cls: 0.0015  decode.d7.loss_mask: 0.7414  decode.d7.loss_dice: 0.5850  decode.d8.loss_cls: 0.0014  decode.d8.loss_mask: 0.7385  decode.d8.loss_dice: 0.5848
2026/07/31 11:28:53 - mmengine - INFO - Iter(train) [26300/40000]  base_lr: 2.0448e-05 lr: 2.0448e-05  eta: 7:24:26  time: 1.9590  data_time: 0.0161  memory: 9084  grad_norm: 48.4497  loss: 12.5155  decode.loss_cls: 0.0209  decode.loss_mask: 0.6457  decode.loss_dice: 0.5788  decode.d0.loss_cls: 0.1018  decode.d0.loss_mask: 0.6527  decode.d0.loss_dice: 0.5872  decode.d1.loss_cls: 0.0293  decode.d1.loss_mask: 0.6410  decode.d1.loss_dice: 0.5750  decode.d2.loss_cls: 0.0322  decode.d2.loss_mask: 0.6355  decode.d2.loss_dice: 0.5810  decode.d3.loss_cls: 0.0340  decode.d3.loss_mask: 0.6351  decode.d3.loss_dice: 0.5643  decode.d4.loss_cls: 0.0456  decode.d4.loss_mask: 0.6328  decode.d4.loss_dice: 0.5602  decode.d5.loss_cls: 0.0245  decode.d5.loss_mask: 0.6425  decode.d5.loss_dice: 0.5708  decode.d6.loss_cls: 0.0430  decode.d6.loss_mask: 0.6385  decode.d6.loss_dice: 0.5638  decode.d7.loss_cls: 0.0190  decode.d7.loss_mask: 0.6452  decode.d7.loss_dice: 0.5794  decode.d8.loss_cls: 0.0206  decode.d8.loss_mask: 0.6423  decode.d8.loss_dice: 0.5730
2026/07/31 11:32:16 - mmengine - INFO - Iter(train) [26400/40000]  base_lr: 2.0313e-05 lr: 2.0313e-05  eta: 7:21:16  time: 2.0246  data_time: 0.0163  memory: 9076  grad_norm: 51.6563  loss: 10.1485  decode.loss_cls: 0.0163  decode.loss_mask: 0.5270  decode.loss_dice: 0.4507  decode.d0.loss_cls: 0.1115  decode.d0.loss_mask: 0.5342  decode.d0.loss_dice: 0.4904  decode.d1.loss_cls: 0.0300  decode.d1.loss_mask: 0.5260  decode.d1.loss_dice: 0.4583  decode.d2.loss_cls: 0.0242  decode.d2.loss_mask: 0.5273  decode.d2.loss_dice: 0.4402  decode.d3.loss_cls: 0.0234  decode.d3.loss_mask: 0.5238  decode.d3.loss_dice: 0.4566  decode.d4.loss_cls: 0.0206  decode.d4.loss_mask: 0.5295  decode.d4.loss_dice: 0.4508  decode.d5.loss_cls: 0.0194  decode.d5.loss_mask: 0.5295  decode.d5.loss_dice: 0.4593  decode.d6.loss_cls: 0.0224  decode.d6.loss_mask: 0.5265  decode.d6.loss_dice: 0.4548  decode.d7.loss_cls: 0.0200  decode.d7.loss_mask: 0.5250  decode.d7.loss_dice: 0.4508  decode.d8.loss_cls: 0.0198  decode.d8.loss_mask: 0.5264  decode.d8.loss_dice: 0.4535
2026/07/31 11:35:39 - mmengine - INFO - Iter(train) [26500/40000]  base_lr: 2.0179e-05 lr: 2.0179e-05  eta: 7:18:05  time: 1.9632  data_time: 0.0157  memory: 9084  grad_norm: 64.1430  loss: 14.3563  decode.loss_cls: 0.0311  decode.loss_mask: 0.7254  decode.loss_dice: 0.6173  decode.d0.loss_cls: 0.1475  decode.d0.loss_mask: 0.8870  decode.d0.loss_dice: 0.7820  decode.d1.loss_cls: 0.0633  decode.d1.loss_mask: 0.7483  decode.d1.loss_dice: 0.6361  decode.d2.loss_cls: 0.0524  decode.d2.loss_mask: 0.7349  decode.d2.loss_dice: 0.6397  decode.d3.loss_cls: 0.0378  decode.d3.loss_mask: 0.7296  decode.d3.loss_dice: 0.6214  decode.d4.loss_cls: 0.0351  decode.d4.loss_mask: 0.7239  decode.d4.loss_dice: 0.6161  decode.d5.loss_cls: 0.0348  decode.d5.loss_mask: 0.7253  decode.d5.loss_dice: 0.6166  decode.d6.loss_cls: 0.0334  decode.d6.loss_mask: 0.7340  decode.d6.loss_dice: 0.6281  decode.d7.loss_cls: 0.0317  decode.d7.loss_mask: 0.7317  decode.d7.loss_dice: 0.6223  decode.d8.loss_cls: 0.0314  decode.d8.loss_mask: 0.7175  decode.d8.loss_dice: 0.6206
2026/07/31 11:39:00 - mmengine - INFO - Iter(train) [26600/40000]  base_lr: 2.0044e-05 lr: 2.0044e-05  eta: 7:14:53  time: 2.1512  data_time: 0.0282  memory: 9084  grad_norm: 60.3340  loss: 10.0484  decode.loss_cls: 0.0019  decode.loss_mask: 0.5293  decode.loss_dice: 0.4521  decode.d0.loss_cls: 0.1099  decode.d0.loss_mask: 0.5484  decode.d0.loss_dice: 0.4924  decode.d1.loss_cls: 0.0232  decode.d1.loss_mask: 0.5308  decode.d1.loss_dice: 0.4509  decode.d2.loss_cls: 0.0071  decode.d2.loss_mask: 0.5314  decode.d2.loss_dice: 0.4607  decode.d3.loss_cls: 0.0027  decode.d3.loss_mask: 0.5280  decode.d3.loss_dice: 0.4504  decode.d4.loss_cls: 0.0028  decode.d4.loss_mask: 0.5293  decode.d4.loss_dice: 0.4503  decode.d5.loss_cls: 0.0021  decode.d5.loss_mask: 0.5286  decode.d5.loss_dice: 0.4512  decode.d6.loss_cls: 0.0020  decode.d6.loss_mask: 0.5293  decode.d6.loss_dice: 0.4511  decode.d7.loss_cls: 0.0018  decode.d7.loss_mask: 0.5292  decode.d7.loss_dice: 0.4571  decode.d8.loss_cls: 0.0021  decode.d8.loss_mask: 0.5338  decode.d8.loss_dice: 0.4583
2026/07/31 11:41:35 - mmengine - INFO - Iter(train) [26700/40000]  base_lr: 1.9910e-05 lr: 1.9910e-05  eta: 7:11:19  time: 0.9049  data_time: 0.0158  memory: 9084  grad_norm: 71.1268  loss: 12.2910  decode.loss_cls: 0.0040  decode.loss_mask: 0.6504  decode.loss_dice: 0.5476  decode.d0.loss_cls: 0.1097  decode.d0.loss_mask: 0.7268  decode.d0.loss_dice: 0.5990  decode.d1.loss_cls: 0.0366  decode.d1.loss_mask: 0.6633  decode.d1.loss_dice: 0.5497  decode.d2.loss_cls: 0.0205  decode.d2.loss_mask: 0.6541  decode.d2.loss_dice: 0.5423  decode.d3.loss_cls: 0.0126  decode.d3.loss_mask: 0.6536  decode.d3.loss_dice: 0.5387  decode.d4.loss_cls: 0.0091  decode.d4.loss_mask: 0.6543  decode.d4.loss_dice: 0.5421  decode.d5.loss_cls: 0.0058  decode.d5.loss_mask: 0.6510  decode.d5.loss_dice: 0.5408  decode.d6.loss_cls: 0.0062  decode.d6.loss_mask: 0.6521  decode.d6.loss_dice: 0.5421  decode.d7.loss_cls: 0.0050  decode.d7.loss_mask: 0.6456  decode.d7.loss_dice: 0.5394  decode.d8.loss_cls: 0.0036  decode.d8.loss_mask: 0.6441  decode.d8.loss_dice: 0.5410
2026/07/31 11:43:24 - mmengine - INFO - Iter(train) [26800/40000]  base_lr: 1.9775e-05 lr: 1.9775e-05  eta: 7:07:22  time: 0.6630  data_time: 0.0153  memory: 9084  grad_norm: 102.1198  loss: 12.4094  decode.loss_cls: 0.0394  decode.loss_mask: 0.6412  decode.loss_dice: 0.4840  decode.d0.loss_cls: 0.1732  decode.d0.loss_mask: 0.8631  decode.d0.loss_dice: 0.6635  decode.d1.loss_cls: 0.0448  decode.d1.loss_mask: 0.6623  decode.d1.loss_dice: 0.5167  decode.d2.loss_cls: 0.0405  decode.d2.loss_mask: 0.6581  decode.d2.loss_dice: 0.5026  decode.d3.loss_cls: 0.0447  decode.d3.loss_mask: 0.6489  decode.d3.loss_dice: 0.4933  decode.d4.loss_cls: 0.0527  decode.d4.loss_mask: 0.6407  decode.d4.loss_dice: 0.4892  decode.d5.loss_cls: 0.0432  decode.d5.loss_mask: 0.6640  decode.d5.loss_dice: 0.4922  decode.d6.loss_cls: 0.0386  decode.d6.loss_mask: 0.6615  decode.d6.loss_dice: 0.4923  decode.d7.loss_cls: 0.0352  decode.d7.loss_mask: 0.6547  decode.d7.loss_dice: 0.4928  decode.d8.loss_cls: 0.0393  decode.d8.loss_mask: 0.6462  decode.d8.loss_dice: 0.4908
2026/07/31 11:44:38 - mmengine - INFO - Iter(train) [26900/40000]  base_lr: 1.9640e-05 lr: 1.9640e-05  eta: 7:03:09  time: 0.6721  data_time: 0.0163  memory: 9076  grad_norm: 64.0591  loss: 15.2167  decode.loss_cls: 0.0160  decode.loss_mask: 0.8765  decode.loss_dice: 0.6228  decode.d0.loss_cls: 0.1129  decode.d0.loss_mask: 0.9224  decode.d0.loss_dice: 0.6282  decode.d1.loss_cls: 0.0157  decode.d1.loss_mask: 0.8864  decode.d1.loss_dice: 0.6189  decode.d2.loss_cls: 0.0142  decode.d2.loss_mask: 0.8803  decode.d2.loss_dice: 0.6203  decode.d3.loss_cls: 0.0124  decode.d3.loss_mask: 0.8807  decode.d3.loss_dice: 0.6190  decode.d4.loss_cls: 0.0090  decode.d4.loss_mask: 0.8784  decode.d4.loss_dice: 0.6165  decode.d5.loss_cls: 0.0074  decode.d5.loss_mask: 0.8771  decode.d5.loss_dice: 0.6170  decode.d6.loss_cls: 0.0054  decode.d6.loss_mask: 0.8724  decode.d6.loss_dice: 0.6153  decode.d7.loss_cls: 0.0050  decode.d7.loss_mask: 0.8731  decode.d7.loss_dice: 0.6202  decode.d8.loss_cls: 0.0055  decode.d8.loss_mask: 0.8701  decode.d8.loss_dice: 0.6178
2026/07/31 11:45:52 - mmengine - INFO - Exp name: dinov3_m2f_gram_4999_20260730_204508
2026/07/31 11:45:52 - mmengine - INFO - Iter(train) [27000/40000]  base_lr: 1.9505e-05 lr: 1.9505e-05  eta: 6:58:58  time: 0.6640  data_time: 0.0156  memory: 9084  grad_norm: 65.4024  loss: 12.8835  decode.loss_cls: 0.0014  decode.loss_mask: 0.7145  decode.loss_dice: 0.5522  decode.d0.loss_cls: 0.0956  decode.d0.loss_mask: 0.7584  decode.d0.loss_dice: 0.5981  decode.d1.loss_cls: 0.0176  decode.d1.loss_mask: 0.7166  decode.d1.loss_dice: 0.5555  decode.d2.loss_cls: 0.0121  decode.d2.loss_mask: 0.7111  decode.d2.loss_dice: 0.5547  decode.d3.loss_cls: 0.0032  decode.d3.loss_mask: 0.7092  decode.d3.loss_dice: 0.5514  decode.d4.loss_cls: 0.0029  decode.d4.loss_mask: 0.7110  decode.d4.loss_dice: 0.5504  decode.d5.loss_cls: 0.0022  decode.d5.loss_mask: 0.7153  decode.d5.loss_dice: 0.5542  decode.d6.loss_cls: 0.0024  decode.d6.loss_mask: 0.7122  decode.d6.loss_dice: 0.5496  decode.d7.loss_cls: 0.0023  decode.d7.loss_mask: 0.7165  decode.d7.loss_dice: 0.5469  decode.d8.loss_cls: 0.0013  decode.d8.loss_mask: 0.7138  decode.d8.loss_dice: 0.5507
2026/07/31 11:47:04 - mmengine - INFO - Iter(train) [27100/40000]  base_lr: 1.9370e-05 lr: 1.9370e-05  eta: 6:54:47  time: 0.7861  data_time: 0.0239  memory: 9084  grad_norm: 39.8367  loss: 8.5119  decode.loss_cls: 0.0015  decode.loss_mask: 0.4689  decode.loss_dice: 0.3790  decode.d0.loss_cls: 0.0791  decode.d0.loss_mask: 0.4724  decode.d0.loss_dice: 0.4074  decode.d1.loss_cls: 0.0192  decode.d1.loss_mask: 0.4632  decode.d1.loss_dice: 0.3592  decode.d2.loss_cls: 0.0036  decode.d2.loss_mask: 0.4644  decode.d2.loss_dice: 0.3683  decode.d3.loss_cls: 0.0016  decode.d3.loss_mask: 0.4616  decode.d3.loss_dice: 0.3823  decode.d4.loss_cls: 0.0012  decode.d4.loss_mask: 0.4655  decode.d4.loss_dice: 0.3685  decode.d5.loss_cls: 0.0010  decode.d5.loss_mask: 0.4677  decode.d5.loss_dice: 0.3760  decode.d6.loss_cls: 0.0016  decode.d6.loss_mask: 0.4665  decode.d6.loss_dice: 0.3538  decode.d7.loss_cls: 0.0018  decode.d7.loss_mask: 0.4667  decode.d7.loss_dice: 0.3667  decode.d8.loss_cls: 0.0015  decode.d8.loss_mask: 0.4676  decode.d8.loss_dice: 0.3745
2026/07/31 11:48:13 - mmengine - INFO - Iter(train) [27200/40000]  base_lr: 1.9235e-05 lr: 1.9235e-05  eta: 6:50:35  time: 0.6671  data_time: 0.0159  memory: 9084  grad_norm: 44.6693  loss: 8.9852  decode.loss_cls: 0.0017  decode.loss_mask: 0.4985  decode.loss_dice: 0.3770  decode.d0.loss_cls: 0.1397  decode.d0.loss_mask: 0.5472  decode.d0.loss_dice: 0.4108  decode.d1.loss_cls: 0.0134  decode.d1.loss_mask: 0.5026  decode.d1.loss_dice: 0.3781  decode.d2.loss_cls: 0.0072  decode.d2.loss_mask: 0.4966  decode.d2.loss_dice: 0.3750  decode.d3.loss_cls: 0.0031  decode.d3.loss_mask: 0.4986  decode.d3.loss_dice: 0.3778  decode.d4.loss_cls: 0.0018  decode.d4.loss_mask: 0.4946  decode.d4.loss_dice: 0.3725  decode.d5.loss_cls: 0.0021  decode.d5.loss_mask: 0.4961  decode.d5.loss_dice: 0.3741  decode.d6.loss_cls: 0.0016  decode.d6.loss_mask: 0.4977  decode.d6.loss_dice: 0.3765  decode.d7.loss_cls: 0.0011  decode.d7.loss_mask: 0.4968  decode.d7.loss_dice: 0.3746  decode.d8.loss_cls: 0.0013  decode.d8.loss_mask: 0.4944  decode.d8.loss_dice: 0.3727
2026/07/31 11:49:26 - mmengine - INFO - Iter(train) [27300/40000]  base_lr: 1.9100e-05 lr: 1.9100e-05  eta: 6:46:28  time: 0.6615  data_time: 0.0160  memory: 9076  grad_norm: 60.9588  loss: 10.4267  decode.loss_cls: 0.0024  decode.loss_mask: 0.5463  decode.loss_dice: 0.4619  decode.d0.loss_cls: 0.0876  decode.d0.loss_mask: 0.6330  decode.d0.loss_dice: 0.5359  decode.d1.loss_cls: 0.0145  decode.d1.loss_mask: 0.5603  decode.d1.loss_dice: 0.4788  decode.d2.loss_cls: 0.0128  decode.d2.loss_mask: 0.5438  decode.d2.loss_dice: 0.4700  decode.d3.loss_cls: 0.0036  decode.d3.loss_mask: 0.5476  decode.d3.loss_dice: 0.4667  decode.d4.loss_cls: 0.0031  decode.d4.loss_mask: 0.5425  decode.d4.loss_dice: 0.4692  decode.d5.loss_cls: 0.0026  decode.d5.loss_mask: 0.5425  decode.d5.loss_dice: 0.4625  decode.d6.loss_cls: 0.0021  decode.d6.loss_mask: 0.5455  decode.d6.loss_dice: 0.4656  decode.d7.loss_cls: 0.0020  decode.d7.loss_mask: 0.5475  decode.d7.loss_dice: 0.4674  decode.d8.loss_cls: 0.0016  decode.d8.loss_mask: 0.5474  decode.d8.loss_dice: 0.4599
2026/07/31 11:50:41 - mmengine - INFO - Iter(train) [27400/40000]  base_lr: 1.8964e-05 lr: 1.8964e-05  eta: 6:42:22  time: 0.6665  data_time: 0.0163  memory: 9084  grad_norm: 74.4132  loss: 14.0855  decode.loss_cls: 0.0025  decode.loss_mask: 0.7912  decode.loss_dice: 0.6050  decode.d0.loss_cls: 0.0923  decode.d0.loss_mask: 0.8179  decode.d0.loss_dice: 0.6169  decode.d1.loss_cls: 0.0299  decode.d1.loss_mask: 0.7878  decode.d1.loss_dice: 0.6030  decode.d2.loss_cls: 0.0128  decode.d2.loss_mask: 0.7922  decode.d2.loss_dice: 0.6119  decode.d3.loss_cls: 0.0077  decode.d3.loss_mask: 0.7883  decode.d3.loss_dice: 0.5909  decode.d4.loss_cls: 0.0047  decode.d4.loss_mask: 0.7860  decode.d4.loss_dice: 0.5915  decode.d5.loss_cls: 0.0051  decode.d5.loss_mask: 0.7866  decode.d5.loss_dice: 0.5963  decode.d6.loss_cls: 0.0035  decode.d6.loss_mask: 0.7893  decode.d6.loss_dice: 0.5944  decode.d7.loss_cls: 0.0024  decode.d7.loss_mask: 0.7872  decode.d7.loss_dice: 0.5996  decode.d8.loss_cls: 0.0025  decode.d8.loss_mask: 0.7902  decode.d8.loss_dice: 0.5960
2026/07/31 11:51:54 - mmengine - INFO - Iter(train) [27500/40000]  base_lr: 1.8829e-05 lr: 1.8829e-05  eta: 6:38:16  time: 0.7996  data_time: 0.0237  memory: 9084  grad_norm: 50.2536  loss: 7.6465  decode.loss_cls: 0.0014  decode.loss_mask: 0.3924  decode.loss_dice: 0.3598  decode.d0.loss_cls: 0.0971  decode.d0.loss_mask: 0.4307  decode.d0.loss_dice: 0.3824  decode.d1.loss_cls: 0.0205  decode.d1.loss_mask: 0.4007  decode.d1.loss_dice: 0.3589  decode.d2.loss_cls: 0.0040  decode.d2.loss_mask: 0.3957  decode.d2.loss_dice: 0.3523  decode.d3.loss_cls: 0.0099  decode.d3.loss_mask: 0.3929  decode.d3.loss_dice: 0.3380  decode.d4.loss_cls: 0.0016  decode.d4.loss_mask: 0.3920  decode.d4.loss_dice: 0.3469  decode.d5.loss_cls: 0.0018  decode.d5.loss_mask: 0.3925  decode.d5.loss_dice: 0.3530  decode.d6.loss_cls: 0.0015  decode.d6.loss_mask: 0.3918  decode.d6.loss_dice: 0.3438  decode.d7.loss_cls: 0.0015  decode.d7.loss_mask: 0.3927  decode.d7.loss_dice: 0.3490  decode.d8.loss_cls: 0.0013  decode.d8.loss_mask: 0.3919  decode.d8.loss_dice: 0.3484
2026/07/31 11:53:02 - mmengine - INFO - Iter(train) [27600/40000]  base_lr: 1.8693e-05 lr: 1.8693e-05  eta: 6:34:09  time: 0.7158  data_time: 0.0179  memory: 9084  grad_norm: 47.3346  loss: 11.1588  decode.loss_cls: 0.0066  decode.loss_mask: 0.5868  decode.loss_dice: 0.4997  decode.d0.loss_cls: 0.1054  decode.d0.loss_mask: 0.6580  decode.d0.loss_dice: 0.5409  decode.d1.loss_cls: 0.0443  decode.d1.loss_mask: 0.6010  decode.d1.loss_dice: 0.5010  decode.d2.loss_cls: 0.0236  decode.d2.loss_mask: 0.5884  decode.d2.loss_dice: 0.4814  decode.d3.loss_cls: 0.0160  decode.d3.loss_mask: 0.5864  decode.d3.loss_dice: 0.4770  decode.d4.loss_cls: 0.0106  decode.d4.loss_mask: 0.5884  decode.d4.loss_dice: 0.4965  decode.d5.loss_cls: 0.0068  decode.d5.loss_mask: 0.5895  decode.d5.loss_dice: 0.4916  decode.d6.loss_cls: 0.0070  decode.d6.loss_mask: 0.5856  decode.d6.loss_dice: 0.4939  decode.d7.loss_cls: 0.0056  decode.d7.loss_mask: 0.5910  decode.d7.loss_dice: 0.4911  decode.d8.loss_cls: 0.0062  decode.d8.loss_mask: 0.5866  decode.d8.loss_dice: 0.4917
2026/07/31 11:54:17 - mmengine - INFO - Iter(train) [27700/40000]  base_lr: 1.8557e-05 lr: 1.8557e-05  eta: 6:30:07  time: 0.6639  data_time: 0.0160  memory: 9084  grad_norm: 72.4966  loss: 14.4200  decode.loss_cls: 0.0092  decode.loss_mask: 0.7898  decode.loss_dice: 0.6011  decode.d0.loss_cls: 0.1074  decode.d0.loss_mask: 0.9261  decode.d0.loss_dice: 0.6708  decode.d1.loss_cls: 0.0167  decode.d1.loss_mask: 0.8052  decode.d1.loss_dice: 0.6218  decode.d2.loss_cls: 0.0104  decode.d2.loss_mask: 0.8024  decode.d2.loss_dice: 0.6346  decode.d3.loss_cls: 0.0080  decode.d3.loss_mask: 0.7938  decode.d3.loss_dice: 0.6199  decode.d4.loss_cls: 0.0089  decode.d4.loss_mask: 0.7925  decode.d4.loss_dice: 0.6069  decode.d5.loss_cls: 0.0106  decode.d5.loss_mask: 0.7876  decode.d5.loss_dice: 0.6009  decode.d6.loss_cls: 0.0119  decode.d6.loss_mask: 0.7914  decode.d6.loss_dice: 0.5966  decode.d7.loss_cls: 0.0103  decode.d7.loss_mask: 0.7871  decode.d7.loss_dice: 0.5961  decode.d8.loss_cls: 0.0097  decode.d8.loss_mask: 0.7813  decode.d8.loss_dice: 0.6112
2026/07/31 11:55:30 - mmengine - INFO - Iter(train) [27800/40000]  base_lr: 1.8421e-05 lr: 1.8421e-05  eta: 6:26:06  time: 0.6609  data_time: 0.0161  memory: 9076  grad_norm: 50.7416  loss: 9.8548  decode.loss_cls: 0.0009  decode.loss_mask: 0.5358  decode.loss_dice: 0.4320  decode.d0.loss_cls: 0.0935  decode.d0.loss_mask: 0.5452  decode.d0.loss_dice: 0.4291  decode.d1.loss_cls: 0.0104  decode.d1.loss_mask: 0.5384  decode.d1.loss_dice: 0.4469  decode.d2.loss_cls: 0.0031  decode.d2.loss_mask: 0.5331  decode.d2.loss_dice: 0.4382  decode.d3.loss_cls: 0.0012  decode.d3.loss_mask: 0.5324  decode.d3.loss_dice: 0.4397  decode.d4.loss_cls: 0.0012  decode.d4.loss_mask: 0.5378  decode.d4.loss_dice: 0.4470  decode.d5.loss_cls: 0.0017  decode.d5.loss_mask: 0.5341  decode.d5.loss_dice: 0.4374  decode.d6.loss_cls: 0.0013  decode.d6.loss_mask: 0.5370  decode.d6.loss_dice: 0.4248  decode.d7.loss_cls: 0.0011  decode.d7.loss_mask: 0.5371  decode.d7.loss_dice: 0.4374  decode.d8.loss_cls: 0.0009  decode.d8.loss_mask: 0.5380  decode.d8.loss_dice: 0.4380
2026/07/31 11:56:45 - mmengine - INFO - Iter(train) [27900/40000]  base_lr: 1.8285e-05 lr: 1.8285e-05  eta: 6:22:06  time: 0.6622  data_time: 0.0160  memory: 9084  grad_norm: 53.0549  loss: 12.6073  decode.loss_cls: 0.0090  decode.loss_mask: 0.6863  decode.loss_dice: 0.5495  decode.d0.loss_cls: 0.0769  decode.d0.loss_mask: 0.7259  decode.d0.loss_dice: 0.5775  decode.d1.loss_cls: 0.0160  decode.d1.loss_mask: 0.6868  decode.d1.loss_dice: 0.5670  decode.d2.loss_cls: 0.0086  decode.d2.loss_mask: 0.6857  decode.d2.loss_dice: 0.5589  decode.d3.loss_cls: 0.0097  decode.d3.loss_mask: 0.6818  decode.d3.loss_dice: 0.5574  decode.d4.loss_cls: 0.0102  decode.d4.loss_mask: 0.6817  decode.d4.loss_dice: 0.5543  decode.d5.loss_cls: 0.0091  decode.d5.loss_mask: 0.6807  decode.d5.loss_dice: 0.5514  decode.d6.loss_cls: 0.0092  decode.d6.loss_mask: 0.6807  decode.d6.loss_dice: 0.5558  decode.d7.loss_cls: 0.0091  decode.d7.loss_mask: 0.6808  decode.d7.loss_dice: 0.5478  decode.d8.loss_cls: 0.0095  decode.d8.loss_mask: 0.6802  decode.d8.loss_dice: 0.5498
2026/07/31 11:57:58 - mmengine - INFO - Exp name: dinov3_m2f_gram_4999_20260730_204508
2026/07/31 11:57:58 - mmengine - INFO - Iter(train) [28000/40000]  base_lr: 1.8149e-05 lr: 1.8149e-05  eta: 6:18:07  time: 0.8172  data_time: 0.0257  memory: 9084  grad_norm: 65.5140  loss: 11.3282  decode.loss_cls: 0.0029  decode.loss_mask: 0.6016  decode.loss_dice: 0.4951  decode.d0.loss_cls: 0.0807  decode.d0.loss_mask: 0.7106  decode.d0.loss_dice: 0.5423  decode.d1.loss_cls: 0.0110  decode.d1.loss_mask: 0.6281  decode.d1.loss_dice: 0.4993  decode.d2.loss_cls: 0.0120  decode.d2.loss_mask: 0.6147  decode.d2.loss_dice: 0.4948  decode.d3.loss_cls: 0.0134  decode.d3.loss_mask: 0.6034  decode.d3.loss_dice: 0.4907  decode.d4.loss_cls: 0.0035  decode.d4.loss_mask: 0.6034  decode.d4.loss_dice: 0.4956  decode.d5.loss_cls: 0.0036  decode.d5.loss_mask: 0.6009  decode.d5.loss_dice: 0.5040  decode.d6.loss_cls: 0.0031  decode.d6.loss_mask: 0.6032  decode.d6.loss_dice: 0.5050  decode.d7.loss_cls: 0.0033  decode.d7.loss_mask: 0.6011  decode.d7.loss_dice: 0.4972  decode.d8.loss_cls: 0.0034  decode.d8.loss_mask: 0.6012  decode.d8.loss_dice: 0.4992
2026/07/31 11:57:58 - mmengine - INFO - Saving checkpoint at 28000 iterations
2026/07/31 11:58:45 - mmengine - INFO - Iter(val) [100/504]    eta: 0:01:28  time: 0.2136  data_time: 0.0081  memory: 3098  
2026/07/31 11:59:06 - mmengine - INFO - Iter(val) [200/504]    eta: 0:01:05  time: 0.2100  data_time: 0.0081  memory: 3098  
2026/07/31 11:59:29 - mmengine - INFO - Iter(val) [300/504]    eta: 0:00:44  time: 0.2366  data_time: 0.0152  memory: 3098  
2026/07/31 11:59:51 - mmengine - INFO - Iter(val) [400/504]    eta: 0:00:22  time: 0.2122  data_time: 0.0094  memory: 3098  
2026/07/31 12:00:12 - mmengine - INFO - Iter(val) [500/504]    eta: 0:00:00  time: 0.2101  data_time: 0.0079  memory: 3098  
2026/07/31 12:00:16 - mmengine - INFO - per class results:
2026/07/31 12:00:16 - mmengine - INFO - 
+--------------------+-------+-------+--------+-----------+--------+
|       Class        |  IoU  |  Acc  | Fscore | Precision | Recall |
+--------------------+-------+-------+--------+-----------+--------+
| impervious_surface | 86.57 |  91.3 |  92.8  |   94.36   |  91.3  |
|      building      | 95.43 | 97.42 | 97.66  |    97.9   | 97.42  |
|   low_vegetation   | 79.65 | 85.76 | 88.67  |   91.79   | 85.76  |
|        tree        | 80.63 | 93.98 | 89.28  |   85.03   | 93.98  |
|        car         | 92.12 |  93.3 |  95.9  |   98.65   |  93.3  |
+--------------------+-------+-------+--------+-----------+--------+
2026/07/31 12:00:16 - mmengine - INFO - Iter(val) [504/504]    aAcc: 91.5400  mIoU: 86.8800  mAcc: 92.3500  mFscore: 92.8600  mPrecision: 93.5500  mRecall: 92.3500  data_time: 0.0108  time: 0.2176
2026/07/31 12:01:30 - mmengine - INFO - Iter(train) [28100/40000]  base_lr: 1.8013e-05 lr: 1.8013e-05  eta: 6:14:10  time: 0.7044  data_time: 0.0199  memory: 9076  grad_norm: 50.6638  loss: 9.5441  decode.loss_cls: 0.0014  decode.loss_mask: 0.4889  decode.loss_dice: 0.4346  decode.d0.loss_cls: 0.1435  decode.d0.loss_mask: 0.5336  decode.d0.loss_dice: 0.4663  decode.d1.loss_cls: 0.0327  decode.d1.loss_mask: 0.5039  decode.d1.loss_dice: 0.4358  decode.d2.loss_cls: 0.0110  decode.d2.loss_mask: 0.5019  decode.d2.loss_dice: 0.4359  decode.d3.loss_cls: 0.0102  decode.d3.loss_mask: 0.5004  decode.d3.loss_dice: 0.4349  decode.d4.loss_cls: 0.0016  decode.d4.loss_mask: 0.4928  decode.d4.loss_dice: 0.4289  decode.d5.loss_cls: 0.0018  decode.d5.loss_mask: 0.4882  decode.d5.loss_dice: 0.4229  decode.d6.loss_cls: 0.0016  decode.d6.loss_mask: 0.4859  decode.d6.loss_dice: 0.4227  decode.d7.loss_cls: 0.0028  decode.d7.loss_mask: 0.4911  decode.d7.loss_dice: 0.4386  decode.d8.loss_cls: 0.0014  decode.d8.loss_mask: 0.4896  decode.d8.loss_dice: 0.4390
2026/07/31 12:02:41 - mmengine - INFO - Iter(train) [28200/40000]  base_lr: 1.7877e-05 lr: 1.7877e-05  eta: 6:10:12  time: 0.7977  data_time: 0.0255  memory: 9084  grad_norm: 93.1748  loss: 17.5302  decode.loss_cls: 0.0499  decode.loss_mask: 0.9262  decode.loss_dice: 0.6936  decode.d0.loss_cls: 0.2277  decode.d0.loss_mask: 1.1490  decode.d0.loss_dice: 0.9077  decode.d1.loss_cls: 0.1039  decode.d1.loss_mask: 0.9764  decode.d1.loss_dice: 0.7258  decode.d2.loss_cls: 0.1070  decode.d2.loss_mask: 0.9408  decode.d2.loss_dice: 0.7006  decode.d3.loss_cls: 0.0747  decode.d3.loss_mask: 0.9190  decode.d3.loss_dice: 0.6909  decode.d4.loss_cls: 0.0624  decode.d4.loss_mask: 0.9143  decode.d4.loss_dice: 0.6865  decode.d5.loss_cls: 0.0597  decode.d5.loss_mask: 0.9193  decode.d5.loss_dice: 0.6883  decode.d6.loss_cls: 0.0612  decode.d6.loss_mask: 0.9227  decode.d6.loss_dice: 0.6897  decode.d7.loss_cls: 0.0651  decode.d7.loss_mask: 0.9131  decode.d7.loss_dice: 0.6870  decode.d8.loss_cls: 0.0640  decode.d8.loss_mask: 0.9139  decode.d8.loss_dice: 0.6896
2026/07/31 12:03:50 - mmengine - INFO - Iter(train) [28300/40000]  base_lr: 1.7741e-05 lr: 1.7741e-05  eta: 6:06:15  time: 0.6600  data_time: 0.0159  memory: 9084  grad_norm: 55.1910  loss: 10.0652  decode.loss_cls: 0.0051  decode.loss_mask: 0.5446  decode.loss_dice: 0.4231  decode.d0.loss_cls: 0.1221  decode.d0.loss_mask: 0.5960  decode.d0.loss_dice: 0.4733  decode.d1.loss_cls: 0.0165  decode.d1.loss_mask: 0.5513  decode.d1.loss_dice: 0.4484  decode.d2.loss_cls: 0.0064  decode.d2.loss_mask: 0.5460  decode.d2.loss_dice: 0.4323  decode.d3.loss_cls: 0.0071  decode.d3.loss_mask: 0.5476  decode.d3.loss_dice: 0.4128  decode.d4.loss_cls: 0.0083  decode.d4.loss_mask: 0.5459  decode.d4.loss_dice: 0.4458  decode.d5.loss_cls: 0.0071  decode.d5.loss_mask: 0.5485  decode.d5.loss_dice: 0.4523  decode.d6.loss_cls: 0.0051  decode.d6.loss_mask: 0.5485  decode.d6.loss_dice: 0.4115  decode.d7.loss_cls: 0.0053  decode.d7.loss_mask: 0.5469  decode.d7.loss_dice: 0.4384  decode.d8.loss_cls: 0.0045  decode.d8.loss_mask: 0.5485  decode.d8.loss_dice: 0.4157
2026/07/31 12:05:05 - mmengine - INFO - Iter(train) [28400/40000]  base_lr: 1.7604e-05 lr: 1.7604e-05  eta: 6:02:21  time: 0.6649  data_time: 0.0159  memory: 9084  grad_norm: 39.5831  loss: 8.2894  decode.loss_cls: 0.0039  decode.loss_mask: 0.3735  decode.loss_dice: 0.4290  decode.d0.loss_cls: 0.1109  decode.d0.loss_mask: 0.3955  decode.d0.loss_dice: 0.4768  decode.d1.loss_cls: 0.0389  decode.d1.loss_mask: 0.3809  decode.d1.loss_dice: 0.4239  decode.d2.loss_cls: 0.0322  decode.d2.loss_mask: 0.3796  decode.d2.loss_dice: 0.4084  decode.d3.loss_cls: 0.0095  decode.d3.loss_mask: 0.3759  decode.d3.loss_dice: 0.4288  decode.d4.loss_cls: 0.0060  decode.d4.loss_mask: 0.3753  decode.d4.loss_dice: 0.4288  decode.d5.loss_cls: 0.0055  decode.d5.loss_mask: 0.3762  decode.d5.loss_dice: 0.4185  decode.d6.loss_cls: 0.0035  decode.d6.loss_mask: 0.3754  decode.d6.loss_dice: 0.4359  decode.d7.loss_cls: 0.0046  decode.d7.loss_mask: 0.3755  decode.d7.loss_dice: 0.4226  decode.d8.loss_cls: 0.0038  decode.d8.loss_mask: 0.3754  decode.d8.loss_dice: 0.4148
2026/07/31 12:06:18 - mmengine - INFO - Iter(train) [28500/40000]  base_lr: 1.7467e-05 lr: 1.7467e-05  eta: 5:58:27  time: 0.6806  data_time: 0.0197  memory: 9084  grad_norm: 64.5933  loss: 12.7786  decode.loss_cls: 0.0020  decode.loss_mask: 0.7072  decode.loss_dice: 0.5455  decode.d0.loss_cls: 0.1124  decode.d0.loss_mask: 0.7164  decode.d0.loss_dice: 0.5920  decode.d1.loss_cls: 0.0128  decode.d1.loss_mask: 0.7103  decode.d1.loss_dice: 0.5596  decode.d2.loss_cls: 0.0074  decode.d2.loss_mask: 0.7082  decode.d2.loss_dice: 0.5600  decode.d3.loss_cls: 0.0026  decode.d3.loss_mask: 0.7064  decode.d3.loss_dice: 0.5500  decode.d4.loss_cls: 0.0026  decode.d4.loss_mask: 0.7059  decode.d4.loss_dice: 0.5531  decode.d5.loss_cls: 0.0019  decode.d5.loss_mask: 0.7071  decode.d5.loss_dice: 0.5462  decode.d6.loss_cls: 0.0025  decode.d6.loss_mask: 0.7013  decode.d6.loss_dice: 0.5486  decode.d7.loss_cls: 0.0024  decode.d7.loss_mask: 0.7061  decode.d7.loss_dice: 0.5475  decode.d8.loss_cls: 0.0022  decode.d8.loss_mask: 0.7086  decode.d8.loss_dice: 0.5499
2026/07/31 12:07:34 - mmengine - INFO - Iter(train) [28600/40000]  base_lr: 1.7331e-05 lr: 1.7331e-05  eta: 5:54:36  time: 0.7983  data_time: 0.0248  memory: 9076  grad_norm: 55.7177  loss: 13.7416  decode.loss_cls: 0.0078  decode.loss_mask: 0.7706  decode.loss_dice: 0.5600  decode.d0.loss_cls: 0.1140  decode.d0.loss_mask: 0.8782  decode.d0.loss_dice: 0.6174  decode.d1.loss_cls: 0.0232  decode.d1.loss_mask: 0.7756  decode.d1.loss_dice: 0.5681  decode.d2.loss_cls: 0.0199  decode.d2.loss_mask: 0.7690  decode.d2.loss_dice: 0.5491  decode.d3.loss_cls: 0.0098  decode.d3.loss_mask: 0.7728  decode.d3.loss_dice: 0.5685  decode.d4.loss_cls: 0.0092  decode.d4.loss_mask: 0.7715  decode.d4.loss_dice: 0.5712  decode.d5.loss_cls: 0.0095  decode.d5.loss_mask: 0.7678  decode.d5.loss_dice: 0.5701  decode.d6.loss_cls: 0.0055  decode.d6.loss_mask: 0.7723  decode.d6.loss_dice: 0.5718  decode.d7.loss_cls: 0.0055  decode.d7.loss_mask: 0.7674  decode.d7.loss_dice: 0.5625  decode.d8.loss_cls: 0.0064  decode.d8.loss_mask: 0.7749  decode.d8.loss_dice: 0.5720
2026/07/31 12:08:43 - mmengine - INFO - Iter(train) [28700/40000]  base_lr: 1.7194e-05 lr: 1.7194e-05  eta: 5:50:43  time: 0.7158  data_time: 0.0174  memory: 9076  grad_norm: 48.8795  loss: 10.9066  decode.loss_cls: 0.0140  decode.loss_mask: 0.5960  decode.loss_dice: 0.4703  decode.d0.loss_cls: 0.0905  decode.d0.loss_mask: 0.6085  decode.d0.loss_dice: 0.4876  decode.d1.loss_cls: 0.0157  decode.d1.loss_mask: 0.5981  decode.d1.loss_dice: 0.4766  decode.d2.loss_cls: 0.0213  decode.d2.loss_mask: 0.5957  decode.d2.loss_dice: 0.4629  decode.d3.loss_cls: 0.0219  decode.d3.loss_mask: 0.5982  decode.d3.loss_dice: 0.4698  decode.d4.loss_cls: 0.0119  decode.d4.loss_mask: 0.5972  decode.d4.loss_dice: 0.4656  decode.d5.loss_cls: 0.0093  decode.d5.loss_mask: 0.5976  decode.d5.loss_dice: 0.4668  decode.d6.loss_cls: 0.0109  decode.d6.loss_mask: 0.5977  decode.d6.loss_dice: 0.4673  decode.d7.loss_cls: 0.0118  decode.d7.loss_mask: 0.5956  decode.d7.loss_dice: 0.4657  decode.d8.loss_cls: 0.0157  decode.d8.loss_mask: 0.5949  decode.d8.loss_dice: 0.4712
2026/07/31 12:09:57 - mmengine - INFO - Iter(train) [28800/40000]  base_lr: 1.7057e-05 lr: 1.7057e-05  eta: 5:46:53  time: 0.6711  data_time: 0.0159  memory: 9084  grad_norm: 40.8513  loss: 9.7466  decode.loss_cls: 0.0011  decode.loss_mask: 0.5335  decode.loss_dice: 0.4312  decode.d0.loss_cls: 0.0662  decode.d0.loss_mask: 0.5457  decode.d0.loss_dice: 0.4477  decode.d1.loss_cls: 0.0076  decode.d1.loss_mask: 0.5316  decode.d1.loss_dice: 0.4410  decode.d2.loss_cls: 0.0059  decode.d2.loss_mask: 0.5270  decode.d2.loss_dice: 0.4353  decode.d3.loss_cls: 0.0089  decode.d3.loss_mask: 0.5288  decode.d3.loss_dice: 0.4300  decode.d4.loss_cls: 0.0046  decode.d4.loss_mask: 0.5339  decode.d4.loss_dice: 0.4266  decode.d5.loss_cls: 0.0095  decode.d5.loss_mask: 0.5296  decode.d5.loss_dice: 0.4240  decode.d6.loss_cls: 0.0015  decode.d6.loss_mask: 0.5299  decode.d6.loss_dice: 0.4264  decode.d7.loss_cls: 0.0013  decode.d7.loss_mask: 0.5313  decode.d7.loss_dice: 0.4273  decode.d8.loss_cls: 0.0010  decode.d8.loss_mask: 0.5307  decode.d8.loss_dice: 0.4276
2026/07/31 12:11:09 - mmengine - INFO - Iter(train) [28900/40000]  base_lr: 1.6920e-05 lr: 1.6920e-05  eta: 5:43:04  time: 0.6592  data_time: 0.0165  memory: 9084  grad_norm: 46.8432  loss: 10.3625  decode.loss_cls: 0.0015  decode.loss_mask: 0.5347  decode.loss_dice: 0.4828  decode.d0.loss_cls: 0.0938  decode.d0.loss_mask: 0.5434  decode.d0.loss_dice: 0.4975  decode.d1.loss_cls: 0.0161  decode.d1.loss_mask: 0.5412  decode.d1.loss_dice: 0.4864  decode.d2.loss_cls: 0.0039  decode.d2.loss_mask: 0.5371  decode.d2.loss_dice: 0.4803  decode.d3.loss_cls: 0.0030  decode.d3.loss_mask: 0.5350  decode.d3.loss_dice: 0.4967  decode.d4.loss_cls: 0.0017  decode.d4.loss_mask: 0.5351  decode.d4.loss_dice: 0.4916  decode.d5.loss_cls: 0.0018  decode.d5.loss_mask: 0.5354  decode.d5.loss_dice: 0.4821  decode.d6.loss_cls: 0.0014  decode.d6.loss_mask: 0.5333  decode.d6.loss_dice: 0.4831  decode.d7.loss_cls: 0.0012  decode.d7.loss_mask: 0.5308  decode.d7.loss_dice: 0.4902  decode.d8.loss_cls: 0.0011  decode.d8.loss_mask: 0.5342  decode.d8.loss_dice: 0.4861
2026/07/31 12:12:15 - mmengine - INFO - Exp name: dinov3_m2f_gram_4999_20260730_204508
2026/07/31 12:12:15 - mmengine - INFO - Iter(train) [29000/40000]  base_lr: 1.6782e-05 lr: 1.6782e-05  eta: 5:39:13  time: 0.6593  data_time: 0.0154  memory: 9076  grad_norm: 57.6394  loss: 8.4665  decode.loss_cls: 0.0009  decode.loss_mask: 0.4288  decode.loss_dice: 0.3966  decode.d0.loss_cls: 0.0978  decode.d0.loss_mask: 0.4535  decode.d0.loss_dice: 0.4175  decode.d1.loss_cls: 0.0125  decode.d1.loss_mask: 0.4353  decode.d1.loss_dice: 0.4007  decode.d2.loss_cls: 0.0023  decode.d2.loss_mask: 0.4322  decode.d2.loss_dice: 0.3975  decode.d3.loss_cls: 0.0010  decode.d3.loss_mask: 0.4309  decode.d3.loss_dice: 0.3977  decode.d4.loss_cls: 0.0012  decode.d4.loss_mask: 0.4338  decode.d4.loss_dice: 0.4010  decode.d5.loss_cls: 0.0008  decode.d5.loss_mask: 0.4274  decode.d5.loss_dice: 0.4012  decode.d6.loss_cls: 0.0008  decode.d6.loss_mask: 0.4321  decode.d6.loss_dice: 0.4015  decode.d7.loss_cls: 0.0006  decode.d7.loss_mask: 0.4296  decode.d7.loss_dice: 0.3998  decode.d8.loss_cls: 0.0010  decode.d8.loss_mask: 0.4307  decode.d8.loss_dice: 0.3998
2026/07/31 12:13:21 - mmengine - INFO - Iter(train) [29100/40000]  base_lr: 1.6645e-05 lr: 1.6645e-05  eta: 5:35:23  time: 0.6729  data_time: 0.0163  memory: 9084  grad_norm: 61.6368  loss: 11.4802  decode.loss_cls: 0.0131  decode.loss_mask: 0.5861  decode.loss_dice: 0.4954  decode.d0.loss_cls: 0.0837  decode.d0.loss_mask: 0.7971  decode.d0.loss_dice: 0.6727  decode.d1.loss_cls: 0.0391  decode.d1.loss_mask: 0.5939  decode.d1.loss_dice: 0.5130  decode.d2.loss_cls: 0.0254  decode.d2.loss_mask: 0.5884  decode.d2.loss_dice: 0.5098  decode.d3.loss_cls: 0.0135  decode.d3.loss_mask: 0.5890  decode.d3.loss_dice: 0.4918  decode.d4.loss_cls: 0.0133  decode.d4.loss_mask: 0.5815  decode.d4.loss_dice: 0.4997  decode.d5.loss_cls: 0.0142  decode.d5.loss_mask: 0.5839  decode.d5.loss_dice: 0.4892  decode.d6.loss_cls: 0.0120  decode.d6.loss_mask: 0.5888  decode.d6.loss_dice: 0.4996  decode.d7.loss_cls: 0.0111  decode.d7.loss_mask: 0.5850  decode.d7.loss_dice: 0.4914  decode.d8.loss_cls: 0.0102  decode.d8.loss_mask: 0.5851  decode.d8.loss_dice: 0.5032
2026/07/31 12:14:28 - mmengine - INFO - Iter(train) [29200/40000]  base_lr: 1.6507e-05 lr: 1.6507e-05  eta: 5:31:35  time: 0.6581  data_time: 0.0151  memory: 9084  grad_norm: 73.6405  loss: 10.8494  decode.loss_cls: 0.0135  decode.loss_mask: 0.5780  decode.loss_dice: 0.4590  decode.d0.loss_cls: 0.1230  decode.d0.loss_mask: 0.6391  decode.d0.loss_dice: 0.5079  decode.d1.loss_cls: 0.0267  decode.d1.loss_mask: 0.5915  decode.d1.loss_dice: 0.4812  decode.d2.loss_cls: 0.0211  decode.d2.loss_mask: 0.5845  decode.d2.loss_dice: 0.4702  decode.d3.loss_cls: 0.0153  decode.d3.loss_mask: 0.5822  decode.d3.loss_dice: 0.4648  decode.d4.loss_cls: 0.0129  decode.d4.loss_mask: 0.5771  decode.d4.loss_dice: 0.4692  decode.d5.loss_cls: 0.0127  decode.d5.loss_mask: 0.5764  decode.d5.loss_dice: 0.4610  decode.d6.loss_cls: 0.0244  decode.d6.loss_mask: 0.5745  decode.d6.loss_dice: 0.4594  decode.d7.loss_cls: 0.0153  decode.d7.loss_mask: 0.5756  decode.d7.loss_dice: 0.4699  decode.d8.loss_cls: 0.0128  decode.d8.loss_mask: 0.5782  decode.d8.loss_dice: 0.4721
2026/07/31 12:15:35 - mmengine - INFO - Iter(train) [29300/40000]  base_lr: 1.6370e-05 lr: 1.6370e-05  eta: 5:27:48  time: 0.6602  data_time: 0.0155  memory: 9084  grad_norm: 59.4344  loss: 11.8660  decode.loss_cls: 0.0037  decode.loss_mask: 0.6512  decode.loss_dice: 0.5113  decode.d0.loss_cls: 0.1006  decode.d0.loss_mask: 0.7010  decode.d0.loss_dice: 0.5595  decode.d1.loss_cls: 0.0177  decode.d1.loss_mask: 0.6486  decode.d1.loss_dice: 0.5260  decode.d2.loss_cls: 0.0042  decode.d2.loss_mask: 0.6497  decode.d2.loss_dice: 0.5218  decode.d3.loss_cls: 0.0034  decode.d3.loss_mask: 0.6452  decode.d3.loss_dice: 0.5085  decode.d4.loss_cls: 0.0032  decode.d4.loss_mask: 0.6473  decode.d4.loss_dice: 0.5096  decode.d5.loss_cls: 0.0029  decode.d5.loss_mask: 0.6514  decode.d5.loss_dice: 0.5072  decode.d6.loss_cls: 0.0040  decode.d6.loss_mask: 0.6535  decode.d6.loss_dice: 0.5072  decode.d7.loss_cls: 0.0034  decode.d7.loss_mask: 0.6537  decode.d7.loss_dice: 0.5073  decode.d8.loss_cls: 0.0031  decode.d8.loss_mask: 0.6521  decode.d8.loss_dice: 0.5079
2026/07/31 12:16:44 - mmengine - INFO - Iter(train) [29400/40000]  base_lr: 1.6232e-05 lr: 1.6232e-05  eta: 5:24:03  time: 0.6701  data_time: 0.0165  memory: 9084  grad_norm: 86.4450  loss: 9.9103  decode.loss_cls: 0.0173  decode.loss_mask: 0.5291  decode.loss_dice: 0.4144  decode.d0.loss_cls: 0.1770  decode.d0.loss_mask: 0.6159  decode.d0.loss_dice: 0.5155  decode.d1.loss_cls: 0.0532  decode.d1.loss_mask: 0.5262  decode.d1.loss_dice: 0.4094  decode.d2.loss_cls: 0.0422  decode.d2.loss_mask: 0.5021  decode.d2.loss_dice: 0.3997  decode.d3.loss_cls: 0.0347  decode.d3.loss_mask: 0.5001  decode.d3.loss_dice: 0.3998  decode.d4.loss_cls: 0.0379  decode.d4.loss_mask: 0.5076  decode.d4.loss_dice: 0.3937  decode.d5.loss_cls: 0.0339  decode.d5.loss_mask: 0.5363  decode.d5.loss_dice: 0.4017  decode.d6.loss_cls: 0.0227  decode.d6.loss_mask: 0.5239  decode.d6.loss_dice: 0.4052  decode.d7.loss_cls: 0.0231  decode.d7.loss_mask: 0.5165  decode.d7.loss_dice: 0.3989  decode.d8.loss_cls: 0.0267  decode.d8.loss_mask: 0.5377  decode.d8.loss_dice: 0.4079
2026/07/31 12:17:51 - mmengine - INFO - Iter(train) [29500/40000]  base_lr: 1.6094e-05 lr: 1.6094e-05  eta: 5:20:18  time: 0.6789  data_time: 0.0155  memory: 9076  grad_norm: 45.4277  loss: 10.1800  decode.loss_cls: 0.0073  decode.loss_mask: 0.5663  decode.loss_dice: 0.4377  decode.d0.loss_cls: 0.0983  decode.d0.loss_mask: 0.5897  decode.d0.loss_dice: 0.4451  decode.d1.loss_cls: 0.0132  decode.d1.loss_mask: 0.5693  decode.d1.loss_dice: 0.4282  decode.d2.loss_cls: 0.0103  decode.d2.loss_mask: 0.5639  decode.d2.loss_dice: 0.4402  decode.d3.loss_cls: 0.0050  decode.d3.loss_mask: 0.5636  decode.d3.loss_dice: 0.4331  decode.d4.loss_cls: 0.0059  decode.d4.loss_mask: 0.5653  decode.d4.loss_dice: 0.4297  decode.d5.loss_cls: 0.0068  decode.d5.loss_mask: 0.5613  decode.d5.loss_dice: 0.4423  decode.d6.loss_cls: 0.0056  decode.d6.loss_mask: 0.5638  decode.d6.loss_dice: 0.4220  decode.d7.loss_cls: 0.0069  decode.d7.loss_mask: 0.5647  decode.d7.loss_dice: 0.4358  decode.d8.loss_cls: 0.0057  decode.d8.loss_mask: 0.5577  decode.d8.loss_dice: 0.4355
2026/07/31 12:18:58 - mmengine - INFO - Iter(train) [29600/40000]  base_lr: 1.5956e-05 lr: 1.5956e-05  eta: 5:16:34  time: 0.6574  data_time: 0.0154  memory: 9084  grad_norm: 73.1055  loss: 14.5756  decode.loss_cls: 0.0102  decode.loss_mask: 0.8201  decode.loss_dice: 0.6034  decode.d0.loss_cls: 0.1042  decode.d0.loss_mask: 0.8745  decode.d0.loss_dice: 0.6185  decode.d1.loss_cls: 0.0397  decode.d1.loss_mask: 0.8429  decode.d1.loss_dice: 0.5976  decode.d2.loss_cls: 0.0228  decode.d2.loss_mask: 0.8275  decode.d2.loss_dice: 0.5961  decode.d3.loss_cls: 0.0154  decode.d3.loss_mask: 0.8266  decode.d3.loss_dice: 0.5919  decode.d4.loss_cls: 0.0093  decode.d4.loss_mask: 0.8301  decode.d4.loss_dice: 0.5989  decode.d5.loss_cls: 0.0084  decode.d5.loss_mask: 0.8249  decode.d5.loss_dice: 0.5933  decode.d6.loss_cls: 0.0101  decode.d6.loss_mask: 0.8231  decode.d6.loss_dice: 0.6031  decode.d7.loss_cls: 0.0115  decode.d7.loss_mask: 0.8270  decode.d7.loss_dice: 0.6087  decode.d8.loss_cls: 0.0093  decode.d8.loss_mask: 0.8236  decode.d8.loss_dice: 0.6030
2026/07/31 12:20:04 - mmengine - INFO - Iter(train) [29700/40000]  base_lr: 1.5818e-05 lr: 1.5818e-05  eta: 5:12:51  time: 0.6670  data_time: 0.0156  memory: 9084  grad_norm: 44.1020  loss: 8.2206  decode.loss_cls: 0.0054  decode.loss_mask: 0.4222  decode.loss_dice: 0.3494  decode.d0.loss_cls: 0.1071  decode.d0.loss_mask: 0.4570  decode.d0.loss_dice: 0.4319  decode.d1.loss_cls: 0.0307  decode.d1.loss_mask: 0.4323  decode.d1.loss_dice: 0.3697  decode.d2.loss_cls: 0.0123  decode.d2.loss_mask: 0.4225  decode.d2.loss_dice: 0.3645  decode.d3.loss_cls: 0.0201  decode.d3.loss_mask: 0.4230  decode.d3.loss_dice: 0.3727  decode.d4.loss_cls: 0.0070  decode.d4.loss_mask: 0.4237  decode.d4.loss_dice: 0.3708  decode.d5.loss_cls: 0.0115  decode.d5.loss_mask: 0.4237  decode.d5.loss_dice: 0.3782  decode.d6.loss_cls: 0.0083  decode.d6.loss_mask: 0.4236  decode.d6.loss_dice: 0.3591  decode.d7.loss_cls: 0.0137  decode.d7.loss_mask: 0.4251  decode.d7.loss_dice: 0.3646  decode.d8.loss_cls: 0.0058  decode.d8.loss_mask: 0.4259  decode.d8.loss_dice: 0.3587
2026/07/31 12:21:10 - mmengine - INFO - Iter(train) [29800/40000]  base_lr: 1.5680e-05 lr: 1.5680e-05  eta: 5:09:09  time: 0.6606  data_time: 0.0152  memory: 9084  grad_norm: 52.4795  loss: 10.1542  decode.loss_cls: 0.0019  decode.loss_mask: 0.5336  decode.loss_dice: 0.4591  decode.d0.loss_cls: 0.1002  decode.d0.loss_mask: 0.5868  decode.d0.loss_dice: 0.5036  decode.d1.loss_cls: 0.0363  decode.d1.loss_mask: 0.5446  decode.d1.loss_dice: 0.4699  decode.d2.loss_cls: 0.0138  decode.d2.loss_mask: 0.5356  decode.d2.loss_dice: 0.4490  decode.d3.loss_cls: 0.0021  decode.d3.loss_mask: 0.5293  decode.d3.loss_dice: 0.4491  decode.d4.loss_cls: 0.0019  decode.d4.loss_mask: 0.5316  decode.d4.loss_dice: 0.4551  decode.d5.loss_cls: 0.0013  decode.d5.loss_mask: 0.5288  decode.d5.loss_dice: 0.4503  decode.d6.loss_cls: 0.0015  decode.d6.loss_mask: 0.5297  decode.d6.loss_dice: 0.4585  decode.d7.loss_cls: 0.0015  decode.d7.loss_mask: 0.5335  decode.d7.loss_dice: 0.4552  decode.d8.loss_cls: 0.0019  decode.d8.loss_mask: 0.5323  decode.d8.loss_dice: 0.4561
2026/07/31 12:22:17 - mmengine - INFO - Iter(train) [29900/40000]  base_lr: 1.5541e-05 lr: 1.5541e-05  eta: 5:05:28  time: 0.6897  data_time: 0.0161  memory: 9084  grad_norm: 45.0630  loss: 8.4479  decode.loss_cls: 0.0328  decode.loss_mask: 0.4208  decode.loss_dice: 0.3857  decode.d0.loss_cls: 0.0943  decode.d0.loss_mask: 0.4448  decode.d0.loss_dice: 0.4443  decode.d1.loss_cls: 0.0317  decode.d1.loss_mask: 0.4230  decode.d1.loss_dice: 0.4004  decode.d2.loss_cls: 0.0302  decode.d2.loss_mask: 0.4151  decode.d2.loss_dice: 0.3749  decode.d3.loss_cls: 0.0147  decode.d3.loss_mask: 0.4208  decode.d3.loss_dice: 0.3797  decode.d4.loss_cls: 0.0154  decode.d4.loss_mask: 0.4186  decode.d4.loss_dice: 0.3794  decode.d5.loss_cls: 0.0248  decode.d5.loss_mask: 0.4198  decode.d5.loss_dice: 0.3921  decode.d6.loss_cls: 0.0236  decode.d6.loss_mask: 0.4172  decode.d6.loss_dice: 0.3816  decode.d7.loss_cls: 0.0254  decode.d7.loss_mask: 0.4200  decode.d7.loss_dice: 0.3859  decode.d8.loss_cls: 0.0210  decode.d8.loss_mask: 0.4204  decode.d8.loss_dice: 0.3893
2026/07/31 12:23:24 - mmengine - INFO - Exp name: dinov3_m2f_gram_4999_20260730_204508
2026/07/31 12:23:24 - mmengine - INFO - Iter(train) [30000/40000]  base_lr: 1.5403e-05 lr: 1.5403e-05  eta: 5:01:49  time: 0.6878  data_time: 0.0156  memory: 9084  grad_norm: 49.3601  loss: 11.3553  decode.loss_cls: 0.0011  decode.loss_mask: 0.6057  decode.loss_dice: 0.5080  decode.d0.loss_cls: 0.0961  decode.d0.loss_mask: 0.6212  decode.d0.loss_dice: 0.5421  decode.d1.loss_cls: 0.0269  decode.d1.loss_mask: 0.6058  decode.d1.loss_dice: 0.5238  decode.d2.loss_cls: 0.0076  decode.d2.loss_mask: 0.6025  decode.d2.loss_dice: 0.5117  decode.d3.loss_cls: 0.0041  decode.d3.loss_mask: 0.6045  decode.d3.loss_dice: 0.5063  decode.d4.loss_cls: 0.0022  decode.d4.loss_mask: 0.6084  decode.d4.loss_dice: 0.5068  decode.d5.loss_cls: 0.0018  decode.d5.loss_mask: 0.6075  decode.d5.loss_dice: 0.5089  decode.d6.loss_cls: 0.0015  decode.d6.loss_mask: 0.5994  decode.d6.loss_dice: 0.5086  decode.d7.loss_cls: 0.0013  decode.d7.loss_mask: 0.6054  decode.d7.loss_dice: 0.5123  decode.d8.loss_cls: 0.0012  decode.d8.loss_mask: 0.6067  decode.d8.loss_dice: 0.5159
2026/07/31 12:23:24 - mmengine - INFO - Saving checkpoint at 30000 iterations
2026/07/31 12:24:06 - mmengine - INFO - Iter(val) [100/504]    eta: 0:01:27  time: 0.2080  data_time: 0.0075  memory: 3098  
2026/07/31 12:24:27 - mmengine - INFO - Iter(val) [200/504]    eta: 0:01:04  time: 0.2092  data_time: 0.0077  memory: 3098  
2026/07/31 12:24:48 - mmengine - INFO - Iter(val) [300/504]    eta: 0:00:43  time: 0.2089  data_time: 0.0082  memory: 3098  
2026/07/31 12:25:09 - mmengine - INFO - Iter(val) [400/504]    eta: 0:00:21  time: 0.2090  data_time: 0.0078  memory: 3098  
2026/07/31 12:25:30 - mmengine - INFO - Iter(val) [500/504]    eta: 0:00:00  time: 0.2085  data_time: 0.0074  memory: 3098  
2026/07/31 12:25:35 - mmengine - INFO - per class results:
2026/07/31 12:25:35 - mmengine - INFO - 
+--------------------+-------+-------+--------+-----------+--------+
|       Class        |  IoU  |  Acc  | Fscore | Precision | Recall |
+--------------------+-------+-------+--------+-----------+--------+
| impervious_surface |  86.7 | 91.18 | 92.87  |   94.63   | 91.18  |
|      building      | 95.05 | 98.16 | 97.46  |   96.77   | 98.16  |
|   low_vegetation   | 80.53 | 93.45 | 89.22  |   85.35   | 93.45  |
|        tree        | 80.29 | 85.28 | 89.06  |   93.21   | 85.28  |
|        car         | 92.53 | 94.85 | 96.12  |   97.43   | 94.85  |
+--------------------+-------+-------+--------+-----------+--------+
2026/07/31 12:25:35 - mmengine - INFO - Iter(val) [504/504]    aAcc: 91.6400  mIoU: 87.0200  mAcc: 92.5800  mFscore: 92.9500  mPrecision: 93.4800  mRecall: 92.5800  data_time: 0.0091  time: 0.2105
2026/07/31 12:26:41 - mmengine - INFO - Iter(train) [30100/40000]  base_lr: 1.5264e-05 lr: 1.5264e-05  eta: 4:58:11  time: 0.6545  data_time: 0.0158  memory: 9084  grad_norm: 52.4138  loss: 8.9854  decode.loss_cls: 0.0015  decode.loss_mask: 0.4730  decode.loss_dice: 0.4041  decode.d0.loss_cls: 0.1130  decode.d0.loss_mask: 0.5180  decode.d0.loss_dice: 0.4238  decode.d1.loss_cls: 0.0279  decode.d1.loss_mask: 0.4788  decode.d1.loss_dice: 0.4020  decode.d2.loss_cls: 0.0068  decode.d2.loss_mask: 0.4787  decode.d2.loss_dice: 0.4002  decode.d3.loss_cls: 0.0032  decode.d3.loss_mask: 0.4756  decode.d3.loss_dice: 0.3960  decode.d4.loss_cls: 0.0034  decode.d4.loss_mask: 0.4709  decode.d4.loss_dice: 0.3967  decode.d5.loss_cls: 0.0040  decode.d5.loss_mask: 0.4756  decode.d5.loss_dice: 0.3999  decode.d6.loss_cls: 0.0035  decode.d6.loss_mask: 0.4741  decode.d6.loss_dice: 0.4032  decode.d7.loss_cls: 0.0024  decode.d7.loss_mask: 0.4745  decode.d7.loss_dice: 0.3988  decode.d8.loss_cls: 0.0017  decode.d8.loss_mask: 0.4752  decode.d8.loss_dice: 0.3989
2026/07/31 12:27:48 - mmengine - INFO - Iter(train) [30200/40000]  base_lr: 1.5125e-05 lr: 1.5125e-05  eta: 4:54:34  time: 0.6611  data_time: 0.0155  memory: 9084  grad_norm: 43.0890  loss: 10.7414  decode.loss_cls: 0.0008  decode.loss_mask: 0.5566  decode.loss_dice: 0.4974  decode.d0.loss_cls: 0.0725  decode.d0.loss_mask: 0.5800  decode.d0.loss_dice: 0.5254  decode.d1.loss_cls: 0.0170  decode.d1.loss_mask: 0.5613  decode.d1.loss_dice: 0.4990  decode.d2.loss_cls: 0.0123  decode.d2.loss_mask: 0.5585  decode.d2.loss_dice: 0.5062  decode.d3.loss_cls: 0.0021  decode.d3.loss_mask: 0.5577  decode.d3.loss_dice: 0.5040  decode.d4.loss_cls: 0.0012  decode.d4.loss_mask: 0.5575  decode.d4.loss_dice: 0.5033  decode.d5.loss_cls: 0.0012  decode.d5.loss_mask: 0.5523  decode.d5.loss_dice: 0.4991  decode.d6.loss_cls: 0.0011  decode.d6.loss_mask: 0.5522  decode.d6.loss_dice: 0.5031  decode.d7.loss_cls: 0.0008  decode.d7.loss_mask: 0.5595  decode.d7.loss_dice: 0.4993  decode.d8.loss_cls: 0.0008  decode.d8.loss_mask: 0.5567  decode.d8.loss_dice: 0.5024
2026/07/31 12:28:57 - mmengine - INFO - Iter(train) [30300/40000]  base_lr: 1.4986e-05 lr: 1.4986e-05  eta: 4:50:58  time: 0.6648  data_time: 0.0155  memory: 9084  grad_norm: 115.4409  loss: 14.8872  decode.loss_cls: 0.0208  decode.loss_mask: 0.7241  decode.loss_dice: 0.6160  decode.d0.loss_cls: 0.2464  decode.d0.loss_mask: 1.0990  decode.d0.loss_dice: 0.8568  decode.d1.loss_cls: 0.0866  decode.d1.loss_mask: 0.7871  decode.d1.loss_dice: 0.6279  decode.d2.loss_cls: 0.0712  decode.d2.loss_mask: 0.7539  decode.d2.loss_dice: 0.6264  decode.d3.loss_cls: 0.0478  decode.d3.loss_mask: 0.7330  decode.d3.loss_dice: 0.6144  decode.d4.loss_cls: 0.0352  decode.d4.loss_mask: 0.7328  decode.d4.loss_dice: 0.6477  decode.d5.loss_cls: 0.0402  decode.d5.loss_mask: 0.7314  decode.d5.loss_dice: 0.6293  decode.d6.loss_cls: 0.0363  decode.d6.loss_mask: 0.7314  decode.d6.loss_dice: 0.6190  decode.d7.loss_cls: 0.0275  decode.d7.loss_mask: 0.7213  decode.d7.loss_dice: 0.6373  decode.d8.loss_cls: 0.0332  decode.d8.loss_mask: 0.7188  decode.d8.loss_dice: 0.6346
2026/07/31 12:30:04 - mmengine - INFO - Iter(train) [30400/40000]  base_lr: 1.4847e-05 lr: 1.4847e-05  eta: 4:47:22  time: 0.6660  data_time: 0.0157  memory: 9076  grad_norm: 55.1697  loss: 9.5319  decode.loss_cls: 0.0197  decode.loss_mask: 0.4885  decode.loss_dice: 0.4271  decode.d0.loss_cls: 0.0942  decode.d0.loss_mask: 0.4930  decode.d0.loss_dice: 0.4632  decode.d1.loss_cls: 0.0216  decode.d1.loss_mask: 0.4889  decode.d1.loss_dice: 0.4540  decode.d2.loss_cls: 0.0205  decode.d2.loss_mask: 0.4881  decode.d2.loss_dice: 0.4383  decode.d3.loss_cls: 0.0144  decode.d3.loss_mask: 0.4904  decode.d3.loss_dice: 0.4393  decode.d4.loss_cls: 0.0123  decode.d4.loss_mask: 0.4854  decode.d4.loss_dice: 0.4222  decode.d5.loss_cls: 0.0191  decode.d5.loss_mask: 0.4904  decode.d5.loss_dice: 0.4453  decode.d6.loss_cls: 0.0157  decode.d6.loss_mask: 0.4872  decode.d6.loss_dice: 0.4338  decode.d7.loss_cls: 0.0100  decode.d7.loss_mask: 0.4850  decode.d7.loss_dice: 0.4386  decode.d8.loss_cls: 0.0228  decode.d8.loss_mask: 0.4896  decode.d8.loss_dice: 0.4335
2026/07/31 12:31:11 - mmengine - INFO - Iter(train) [30500/40000]  base_lr: 1.4708e-05 lr: 1.4708e-05  eta: 4:43:47  time: 0.6698  data_time: 0.0153  memory: 9084  grad_norm: 56.1922  loss: 12.2684  decode.loss_cls: 0.0017  decode.loss_mask: 0.6758  decode.loss_dice: 0.5240  decode.d0.loss_cls: 0.0758  decode.d0.loss_mask: 0.7185  decode.d0.loss_dice: 0.5309  decode.d1.loss_cls: 0.0165  decode.d1.loss_mask: 0.6911  decode.d1.loss_dice: 0.5370  decode.d2.loss_cls: 0.0073  decode.d2.loss_mask: 0.6862  decode.d2.loss_dice: 0.5309  decode.d3.loss_cls: 0.0071  decode.d3.loss_mask: 0.6757  decode.d3.loss_dice: 0.5240  decode.d4.loss_cls: 0.0037  decode.d4.loss_mask: 0.6839  decode.d4.loss_dice: 0.5277  decode.d5.loss_cls: 0.0027  decode.d5.loss_mask: 0.6837  decode.d5.loss_dice: 0.5290  decode.d6.loss_cls: 0.0023  decode.d6.loss_mask: 0.6782  decode.d6.loss_dice: 0.5293  decode.d7.loss_cls: 0.0024  decode.d7.loss_mask: 0.6822  decode.d7.loss_dice: 0.5285  decode.d8.loss_cls: 0.0018  decode.d8.loss_mask: 0.6804  decode.d8.loss_dice: 0.5302
2026/07/31 12:32:18 - mmengine - INFO - Iter(train) [30600/40000]  base_lr: 1.4568e-05 lr: 1.4568e-05  eta: 4:40:14  time: 0.6766  data_time: 0.0160  memory: 9084  grad_norm: 60.2703  loss: 11.9405  decode.loss_cls: 0.0118  decode.loss_mask: 0.6333  decode.loss_dice: 0.5359  decode.d0.loss_cls: 0.0798  decode.d0.loss_mask: 0.6697  decode.d0.loss_dice: 0.5535  decode.d1.loss_cls: 0.0218  decode.d1.loss_mask: 0.6417  decode.d1.loss_dice: 0.5319  decode.d2.loss_cls: 0.0071  decode.d2.loss_mask: 0.6401  decode.d2.loss_dice: 0.5317  decode.d3.loss_cls: 0.0126  decode.d3.loss_mask: 0.6340  decode.d3.loss_dice: 0.5298  decode.d4.loss_cls: 0.0065  decode.d4.loss_mask: 0.6352  decode.d4.loss_dice: 0.5354  decode.d5.loss_cls: 0.0123  decode.d5.loss_mask: 0.6334  decode.d5.loss_dice: 0.5348  decode.d6.loss_cls: 0.0082  decode.d6.loss_mask: 0.6350  decode.d6.loss_dice: 0.5395  decode.d7.loss_cls: 0.0143  decode.d7.loss_mask: 0.6330  decode.d7.loss_dice: 0.5372  decode.d8.loss_cls: 0.0128  decode.d8.loss_mask: 0.6302  decode.d8.loss_dice: 0.5379
2026/07/31 12:33:25 - mmengine - INFO - Iter(train) [30700/40000]  base_lr: 1.4429e-05 lr: 1.4429e-05  eta: 4:36:41  time: 0.6658  data_time: 0.0155  memory: 9076  grad_norm: 37.1066  loss: 7.4985  decode.loss_cls: 0.0022  decode.loss_mask: 0.3718  decode.loss_dice: 0.3486  decode.d0.loss_cls: 0.1141  decode.d0.loss_mask: 0.3859  decode.d0.loss_dice: 0.3767  decode.d1.loss_cls: 0.0232  decode.d1.loss_mask: 0.3816  decode.d1.loss_dice: 0.3594  decode.d2.loss_cls: 0.0118  decode.d2.loss_mask: 0.3778  decode.d2.loss_dice: 0.3659  decode.d3.loss_cls: 0.0056  decode.d3.loss_mask: 0.3777  decode.d3.loss_dice: 0.3481  decode.d4.loss_cls: 0.0049  decode.d4.loss_mask: 0.3772  decode.d4.loss_dice: 0.3613  decode.d5.loss_cls: 0.0041  decode.d5.loss_mask: 0.3755  decode.d5.loss_dice: 0.3522  decode.d6.loss_cls: 0.0023  decode.d6.loss_mask: 0.3753  decode.d6.loss_dice: 0.3475  decode.d7.loss_cls: 0.0027  decode.d7.loss_mask: 0.3731  decode.d7.loss_dice: 0.3512  decode.d8.loss_cls: 0.0024  decode.d8.loss_mask: 0.3705  decode.d8.loss_dice: 0.3475
2026/07/31 12:34:31 - mmengine - INFO - Iter(train) [30800/40000]  base_lr: 1.4289e-05 lr: 1.4289e-05  eta: 4:33:09  time: 0.6586  data_time: 0.0162  memory: 9084  grad_norm: 110.4231  loss: 18.2633  decode.loss_cls: 0.0181  decode.loss_mask: 0.9668  decode.loss_dice: 0.7267  decode.d0.loss_cls: 0.2393  decode.d0.loss_mask: 1.3019  decode.d0.loss_dice: 0.9635  decode.d1.loss_cls: 0.1007  decode.d1.loss_mask: 1.0441  decode.d1.loss_dice: 0.7472  decode.d2.loss_cls: 0.0674  decode.d2.loss_mask: 1.0113  decode.d2.loss_dice: 0.7272  decode.d3.loss_cls: 0.0426  decode.d3.loss_mask: 0.9737  decode.d3.loss_dice: 0.7218  decode.d4.loss_cls: 0.0273  decode.d4.loss_mask: 0.9680  decode.d4.loss_dice: 0.7256  decode.d5.loss_cls: 0.0248  decode.d5.loss_mask: 0.9655  decode.d5.loss_dice: 0.7319  decode.d6.loss_cls: 0.0210  decode.d6.loss_mask: 0.9710  decode.d6.loss_dice: 0.7389  decode.d7.loss_cls: 0.0195  decode.d7.loss_mask: 0.9656  decode.d7.loss_dice: 0.7302  decode.d8.loss_cls: 0.0154  decode.d8.loss_mask: 0.9734  decode.d8.loss_dice: 0.7328
2026/07/31 12:35:37 - mmengine - INFO - Iter(train) [30900/40000]  base_lr: 1.4149e-05 lr: 1.4149e-05  eta: 4:29:38  time: 0.6586  data_time: 0.0157  memory: 9084  grad_norm: 39.8671  loss: 5.4807  decode.loss_cls: 0.0221  decode.loss_mask: 0.2708  decode.loss_dice: 0.2168  decode.d0.loss_cls: 0.2839  decode.d0.loss_mask: 0.2938  decode.d0.loss_dice: 0.3031  decode.d1.loss_cls: 0.0379  decode.d1.loss_mask: 0.2689  decode.d1.loss_dice: 0.2302  decode.d2.loss_cls: 0.0249  decode.d2.loss_mask: 0.2721  decode.d2.loss_dice: 0.2248  decode.d3.loss_cls: 0.0221  decode.d3.loss_mask: 0.2703  decode.d3.loss_dice: 0.2183  decode.d4.loss_cls: 0.0161  decode.d4.loss_mask: 0.2685  decode.d4.loss_dice: 0.2089  decode.d5.loss_cls: 0.0145  decode.d5.loss_mask: 0.2685  decode.d5.loss_dice: 0.2166  decode.d6.loss_cls: 0.0148  decode.d6.loss_mask: 0.2734  decode.d6.loss_dice: 0.2229  decode.d7.loss_cls: 0.0174  decode.d7.loss_mask: 0.2705  decode.d7.loss_dice: 0.2344  decode.d8.loss_cls: 0.0115  decode.d8.loss_mask: 0.2679  decode.d8.loss_dice: 0.2147
2026/07/31 12:36:44 - mmengine - INFO - Exp name: dinov3_m2f_gram_4999_20260730_204508
2026/07/31 12:36:44 - mmengine - INFO - Iter(train) [31000/40000]  base_lr: 1.4009e-05 lr: 1.4009e-05  eta: 4:26:08  time: 0.6739  data_time: 0.0155  memory: 9084  grad_norm: 52.5702  loss: 10.2167  decode.loss_cls: 0.0134  decode.loss_mask: 0.5402  decode.loss_dice: 0.4546  decode.d0.loss_cls: 0.0976  decode.d0.loss_mask: 0.5845  decode.d0.loss_dice: 0.4894  decode.d1.loss_cls: 0.0270  decode.d1.loss_mask: 0.5470  decode.d1.loss_dice: 0.4554  decode.d2.loss_cls: 0.0170  decode.d2.loss_mask: 0.5339  decode.d2.loss_dice: 0.4641  decode.d3.loss_cls: 0.0145  decode.d3.loss_mask: 0.5347  decode.d3.loss_dice: 0.4346  decode.d4.loss_cls: 0.0141  decode.d4.loss_mask: 0.5371  decode.d4.loss_dice: 0.4609  decode.d5.loss_cls: 0.0139  decode.d5.loss_mask: 0.5330  decode.d5.loss_dice: 0.4372  decode.d6.loss_cls: 0.0139  decode.d6.loss_mask: 0.5351  decode.d6.loss_dice: 0.4420  decode.d7.loss_cls: 0.0204  decode.d7.loss_mask: 0.5399  decode.d7.loss_dice: 0.4486  decode.d8.loss_cls: 0.0145  decode.d8.loss_mask: 0.5390  decode.d8.loss_dice: 0.4591
2026/07/31 12:37:51 - mmengine - INFO - Iter(train) [31100/40000]  base_lr: 1.3869e-05 lr: 1.3869e-05  eta: 4:22:39  time: 0.6706  data_time: 0.0150  memory: 9084  grad_norm: 58.0113  loss: 10.0908  decode.loss_cls: 0.0027  decode.loss_mask: 0.5422  decode.loss_dice: 0.4380  decode.d0.loss_cls: 0.1268  decode.d0.loss_mask: 0.5627  decode.d0.loss_dice: 0.4747  decode.d1.loss_cls: 0.0117  decode.d1.loss_mask: 0.5516  decode.d1.loss_dice: 0.4414  decode.d2.loss_cls: 0.0030  decode.d2.loss_mask: 0.5487  decode.d2.loss_dice: 0.4398  decode.d3.loss_cls: 0.0019  decode.d3.loss_mask: 0.5459  decode.d3.loss_dice: 0.4389  decode.d4.loss_cls: 0.0022  decode.d4.loss_mask: 0.5447  decode.d4.loss_dice: 0.4416  decode.d5.loss_cls: 0.0018  decode.d5.loss_mask: 0.5467  decode.d5.loss_dice: 0.4446  decode.d6.loss_cls: 0.0024  decode.d6.loss_mask: 0.5447  decode.d6.loss_dice: 0.4435  decode.d7.loss_cls: 0.0026  decode.d7.loss_mask: 0.5434  decode.d7.loss_dice: 0.4449  decode.d8.loss_cls: 0.0030  decode.d8.loss_mask: 0.5438  decode.d8.loss_dice: 0.4510
2026/07/31 12:39:01 - mmengine - INFO - Iter(train) [31200/40000]  base_lr: 1.3729e-05 lr: 1.3729e-05  eta: 4:19:11  time: 0.6603  data_time: 0.0159  memory: 9076  grad_norm: 63.2045  loss: 10.7889  decode.loss_cls: 0.0015  decode.loss_mask: 0.6007  decode.loss_dice: 0.4432  decode.d0.loss_cls: 0.1596  decode.d0.loss_mask: 0.6633  decode.d0.loss_dice: 0.4942  decode.d1.loss_cls: 0.0295  decode.d1.loss_mask: 0.6052  decode.d1.loss_dice: 0.4421  decode.d2.loss_cls: 0.0093  decode.d2.loss_mask: 0.5982  decode.d2.loss_dice: 0.4499  decode.d3.loss_cls: 0.0048  decode.d3.loss_mask: 0.6041  decode.d3.loss_dice: 0.4560  decode.d4.loss_cls: 0.0029  decode.d4.loss_mask: 0.5973  decode.d4.loss_dice: 0.4451  decode.d5.loss_cls: 0.0028  decode.d5.loss_mask: 0.6019  decode.d5.loss_dice: 0.4518  decode.d6.loss_cls: 0.0023  decode.d6.loss_mask: 0.6010  decode.d6.loss_dice: 0.4468  decode.d7.loss_cls: 0.0017  decode.d7.loss_mask: 0.5981  decode.d7.loss_dice: 0.4421  decode.d8.loss_cls: 0.0016  decode.d8.loss_mask: 0.5956  decode.d8.loss_dice: 0.4362
2026/07/31 12:40:08 - mmengine - INFO - Iter(train) [31300/40000]  base_lr: 1.3588e-05 lr: 1.3588e-05  eta: 4:15:44  time: 0.6738  data_time: 0.0163  memory: 9076  grad_norm: 46.6215  loss: 10.0232  decode.loss_cls: 0.0082  decode.loss_mask: 0.5356  decode.loss_dice: 0.4374  decode.d0.loss_cls: 0.0760  decode.d0.loss_mask: 0.5553  decode.d0.loss_dice: 0.4727  decode.d1.loss_cls: 0.0245  decode.d1.loss_mask: 0.5389  decode.d1.loss_dice: 0.4457  decode.d2.loss_cls: 0.0119  decode.d2.loss_mask: 0.5380  decode.d2.loss_dice: 0.4507  decode.d3.loss_cls: 0.0097  decode.d3.loss_mask: 0.5391  decode.d3.loss_dice: 0.4448  decode.d4.loss_cls: 0.0122  decode.d4.loss_mask: 0.5361  decode.d4.loss_dice: 0.4317  decode.d5.loss_cls: 0.0124  decode.d5.loss_mask: 0.5392  decode.d5.loss_dice: 0.4434  decode.d6.loss_cls: 0.0087  decode.d6.loss_mask: 0.5359  decode.d6.loss_dice: 0.4439  decode.d7.loss_cls: 0.0074  decode.d7.loss_mask: 0.5366  decode.d7.loss_dice: 0.4371  decode.d8.loss_cls: 0.0075  decode.d8.loss_mask: 0.5393  decode.d8.loss_dice: 0.4428
2026/07/31 12:41:14 - mmengine - INFO - Iter(train) [31400/40000]  base_lr: 1.3448e-05 lr: 1.3448e-05  eta: 4:12:18  time: 0.6661  data_time: 0.0162  memory: 9084  grad_norm: 32.3443  loss: 6.9222  decode.loss_cls: 0.0007  decode.loss_mask: 0.3693  decode.loss_dice: 0.3204  decode.d0.loss_cls: 0.0992  decode.d0.loss_mask: 0.3721  decode.d0.loss_dice: 0.3211  decode.d1.loss_cls: 0.0068  decode.d1.loss_mask: 0.3650  decode.d1.loss_dice: 0.3206  decode.d2.loss_cls: 0.0043  decode.d2.loss_mask: 0.3618  decode.d2.loss_dice: 0.3168  decode.d3.loss_cls: 0.0026  decode.d3.loss_mask: 0.3659  decode.d3.loss_dice: 0.3046  decode.d4.loss_cls: 0.0013  decode.d4.loss_mask: 0.3643  decode.d4.loss_dice: 0.3167  decode.d5.loss_cls: 0.0008  decode.d5.loss_mask: 0.3650  decode.d5.loss_dice: 0.3063  decode.d6.loss_cls: 0.0008  decode.d6.loss_mask: 0.3672  decode.d6.loss_dice: 0.3122  decode.d7.loss_cls: 0.0007  decode.d7.loss_mask: 0.3652  decode.d7.loss_dice: 0.3108  decode.d8.loss_cls: 0.0005  decode.d8.loss_mask: 0.3681  decode.d8.loss_dice: 0.3112
2026/07/31 12:42:22 - mmengine - INFO - Iter(train) [31500/40000]  base_lr: 1.3307e-05 lr: 1.3307e-05  eta: 4:08:52  time: 0.6696  data_time: 0.0154  memory: 9084  grad_norm: 57.5011  loss: 10.2543  decode.loss_cls: 0.0012  decode.loss_mask: 0.5162  decode.loss_dice: 0.4938  decode.d0.loss_cls: 0.0748  decode.d0.loss_mask: 0.5480  decode.d0.loss_dice: 0.5309  decode.d1.loss_cls: 0.0297  decode.d1.loss_mask: 0.5228  decode.d1.loss_dice: 0.4945  decode.d2.loss_cls: 0.0042  decode.d2.loss_mask: 0.5172  decode.d2.loss_dice: 0.4893  decode.d3.loss_cls: 0.0043  decode.d3.loss_mask: 0.5176  decode.d3.loss_dice: 0.4933  decode.d4.loss_cls: 0.0018  decode.d4.loss_mask: 0.5143  decode.d4.loss_dice: 0.4835  decode.d5.loss_cls: 0.0013  decode.d5.loss_mask: 0.5180  decode.d5.loss_dice: 0.4873  decode.d6.loss_cls: 0.0010  decode.d6.loss_mask: 0.5170  decode.d6.loss_dice: 0.4864  decode.d7.loss_cls: 0.0009  decode.d7.loss_mask: 0.5152  decode.d7.loss_dice: 0.4784  decode.d8.loss_cls: 0.0012  decode.d8.loss_mask: 0.5185  decode.d8.loss_dice: 0.4916
2026/07/31 12:43:29 - mmengine - INFO - Iter(train) [31600/40000]  base_lr: 1.3166e-05 lr: 1.3166e-05  eta: 4:05:28  time: 0.6613  data_time: 0.0153  memory: 9076  grad_norm: 47.4227  loss: 8.3188  decode.loss_cls: 0.0058  decode.loss_mask: 0.4293  decode.loss_dice: 0.3724  decode.d0.loss_cls: 0.0901  decode.d0.loss_mask: 0.4649  decode.d0.loss_dice: 0.4078  decode.d1.loss_cls: 0.0170  decode.d1.loss_mask: 0.4427  decode.d1.loss_dice: 0.3883  decode.d2.loss_cls: 0.0098  decode.d2.loss_mask: 0.4373  decode.d2.loss_dice: 0.3810  decode.d3.loss_cls: 0.0133  decode.d3.loss_mask: 0.4360  decode.d3.loss_dice: 0.3791  decode.d4.loss_cls: 0.0072  decode.d4.loss_mask: 0.4314  decode.d4.loss_dice: 0.3726  decode.d5.loss_cls: 0.0051  decode.d5.loss_mask: 0.4311  decode.d5.loss_dice: 0.3705  decode.d6.loss_cls: 0.0070  decode.d6.loss_mask: 0.4264  decode.d6.loss_dice: 0.3705  decode.d7.loss_cls: 0.0065  decode.d7.loss_mask: 0.4297  decode.d7.loss_dice: 0.3746  decode.d8.loss_cls: 0.0048  decode.d8.loss_mask: 0.4331  decode.d8.loss_dice: 0.3730
2026/07/31 12:44:37 - mmengine - INFO - Iter(train) [31700/40000]  base_lr: 1.3025e-05 lr: 1.3025e-05  eta: 4:02:04  time: 0.6881  data_time: 0.0159  memory: 9084  grad_norm: 62.1323  loss: 10.7929  decode.loss_cls: 0.0044  decode.loss_mask: 0.5521  decode.loss_dice: 0.4647  decode.d0.loss_cls: 0.1372  decode.d0.loss_mask: 0.8034  decode.d0.loss_dice: 0.6636  decode.d1.loss_cls: 0.0569  decode.d1.loss_mask: 0.5677  decode.d1.loss_dice: 0.4610  decode.d2.loss_cls: 0.0170  decode.d2.loss_mask: 0.5517  decode.d2.loss_dice: 0.4531  decode.d3.loss_cls: 0.0127  decode.d3.loss_mask: 0.5521  decode.d3.loss_dice: 0.4526  decode.d4.loss_cls: 0.0076  decode.d4.loss_mask: 0.5524  decode.d4.loss_dice: 0.4568  decode.d5.loss_cls: 0.0055  decode.d5.loss_mask: 0.5561  decode.d5.loss_dice: 0.4516  decode.d6.loss_cls: 0.0055  decode.d6.loss_mask: 0.5551  decode.d6.loss_dice: 0.4478  decode.d7.loss_cls: 0.0050  decode.d7.loss_mask: 0.5515  decode.d7.loss_dice: 0.4442  decode.d8.loss_cls: 0.0038  decode.d8.loss_mask: 0.5491  decode.d8.loss_dice: 0.4507
2026/07/31 12:45:43 - mmengine - INFO - Iter(train) [31800/40000]  base_lr: 1.2883e-05 lr: 1.2883e-05  eta: 3:58:41  time: 0.6723  data_time: 0.0170  memory: 9084  grad_norm: 51.4533  loss: 10.4101  decode.loss_cls: 0.0004  decode.loss_mask: 0.5275  decode.loss_dice: 0.4810  decode.d0.loss_cls: 0.0938  decode.d0.loss_mask: 0.6226  decode.d0.loss_dice: 0.5205  decode.d1.loss_cls: 0.0307  decode.d1.loss_mask: 0.5353  decode.d1.loss_dice: 0.4893  decode.d2.loss_cls: 0.0140  decode.d2.loss_mask: 0.5292  decode.d2.loss_dice: 0.4858  decode.d3.loss_cls: 0.0023  decode.d3.loss_mask: 0.5338  decode.d3.loss_dice: 0.4828  decode.d4.loss_cls: 0.0012  decode.d4.loss_mask: 0.5333  decode.d4.loss_dice: 0.4790  decode.d5.loss_cls: 0.0007  decode.d5.loss_mask: 0.5264  decode.d5.loss_dice: 0.4763  decode.d6.loss_cls: 0.0007  decode.d6.loss_mask: 0.5271  decode.d6.loss_dice: 0.4787  decode.d7.loss_cls: 0.0004  decode.d7.loss_mask: 0.5316  decode.d7.loss_dice: 0.4870  decode.d8.loss_cls: 0.0003  decode.d8.loss_mask: 0.5301  decode.d8.loss_dice: 0.4884
2026/07/31 12:46:49 - mmengine - INFO - Iter(train) [31900/40000]  base_lr: 1.2742e-05 lr: 1.2742e-05  eta: 3:55:19  time: 0.6653  data_time: 0.0156  memory: 9084  grad_norm: 53.9506  loss: 11.6536  decode.loss_cls: 0.0218  decode.loss_mask: 0.6159  decode.loss_dice: 0.5137  decode.d0.loss_cls: 0.0697  decode.d0.loss_mask: 0.6623  decode.d0.loss_dice: 0.5337  decode.d1.loss_cls: 0.0111  decode.d1.loss_mask: 0.6275  decode.d1.loss_dice: 0.5278  decode.d2.loss_cls: 0.0040  decode.d2.loss_mask: 0.6217  decode.d2.loss_dice: 0.5225  decode.d3.loss_cls: 0.0154  decode.d3.loss_mask: 0.6218  decode.d3.loss_dice: 0.5224  decode.d4.loss_cls: 0.0011  decode.d4.loss_mask: 0.6246  decode.d4.loss_dice: 0.5306  decode.d5.loss_cls: 0.0173  decode.d5.loss_mask: 0.6182  decode.d5.loss_dice: 0.5094  decode.d6.loss_cls: 0.0226  decode.d6.loss_mask: 0.6199  decode.d6.loss_dice: 0.5120  decode.d7.loss_cls: 0.0224  decode.d7.loss_mask: 0.6180  decode.d7.loss_dice: 0.5105  decode.d8.loss_cls: 0.0075  decode.d8.loss_mask: 0.6219  decode.d8.loss_dice: 0.5266
2026/07/31 12:47:59 - mmengine - INFO - Exp name: dinov3_m2f_gram_4999_20260730_204508
2026/07/31 12:47:59 - mmengine - INFO - Iter(train) [32000/40000]  base_lr: 1.2600e-05 lr: 1.2600e-05  eta: 3:51:58  time: 0.6677  data_time: 0.0162  memory: 9084  grad_norm: 76.2242  loss: 11.5453  decode.loss_cls: 0.0215  decode.loss_mask: 0.5783  decode.loss_dice: 0.4921  decode.d0.loss_cls: 0.1858  decode.d0.loss_mask: 0.7104  decode.d0.loss_dice: 0.6243  decode.d1.loss_cls: 0.0639  decode.d1.loss_mask: 0.6109  decode.d1.loss_dice: 0.4989  decode.d2.loss_cls: 0.0476  decode.d2.loss_mask: 0.6036  decode.d2.loss_dice: 0.4913  decode.d3.loss_cls: 0.0330  decode.d3.loss_mask: 0.5915  decode.d3.loss_dice: 0.4841  decode.d4.loss_cls: 0.0264  decode.d4.loss_mask: 0.5893  decode.d4.loss_dice: 0.4842  decode.d5.loss_cls: 0.0275  decode.d5.loss_mask: 0.5827  decode.d5.loss_dice: 0.4917  decode.d6.loss_cls: 0.0193  decode.d6.loss_mask: 0.5805  decode.d6.loss_dice: 0.4980  decode.d7.loss_cls: 0.0195  decode.d7.loss_mask: 0.5812  decode.d7.loss_dice: 0.5022  decode.d8.loss_cls: 0.0189  decode.d8.loss_mask: 0.5860  decode.d8.loss_dice: 0.5005
2026/07/31 12:47:59 - mmengine - INFO - Saving checkpoint at 32000 iterations
2026/07/31 12:48:39 - mmengine - INFO - Iter(val) [100/504]    eta: 0:01:27  time: 0.2084  data_time: 0.0079  memory: 3098  
2026/07/31 12:49:00 - mmengine - INFO - Iter(val) [200/504]    eta: 0:01:04  time: 0.2091  data_time: 0.0075  memory: 3098  
2026/07/31 12:49:21 - mmengine - INFO - Iter(val) [300/504]    eta: 0:00:43  time: 0.2092  data_time: 0.0075  memory: 3098  
2026/07/31 12:49:42 - mmengine - INFO - Iter(val) [400/504]    eta: 0:00:21  time: 0.2113  data_time: 0.0078  memory: 3098  
2026/07/31 12:50:03 - mmengine - INFO - Iter(val) [500/504]    eta: 0:00:00  time: 0.2102  data_time: 0.0077  memory: 3098  
2026/07/31 12:50:43 - mmengine - INFO - per class results:
2026/07/31 12:50:43 - mmengine - INFO - 
+--------------------+-------+-------+--------+-----------+--------+
|       Class        |  IoU  |  Acc  | Fscore | Precision | Recall |
+--------------------+-------+-------+--------+-----------+--------+
| impervious_surface | 85.28 | 90.38 | 92.05  |   93.79   | 90.38  |
|      building      | 94.38 | 97.32 | 97.11  |    96.9   | 97.32  |
|   low_vegetation   | 78.71 | 94.84 | 88.09  |   82.23   | 94.84  |
|        tree        | 78.57 | 81.65 |  88.0  |   95.41   | 81.65  |
|        car         | 93.12 | 96.64 | 96.44  |   96.24   | 96.64  |
+--------------------+-------+-------+--------+-----------+--------+
2026/07/31 12:50:43 - mmengine - INFO - Iter(val) [504/504]    aAcc: 90.7500  mIoU: 86.0100  mAcc: 92.1700  mFscore: 92.3400  mPrecision: 92.9200  mRecall: 92.1700  data_time: 0.0091  time: 0.2112
2026/07/31 12:53:02 - mmengine - INFO - Iter(train) [32100/40000]  base_lr: 1.2458e-05 lr: 1.2458e-05  eta: 3:49:05  time: 1.4310  data_time: 0.0155  memory: 9076  grad_norm: 41.8342  loss: 10.6513  decode.loss_cls: 0.0009  decode.loss_mask: 0.5968  decode.loss_dice: 0.4538  decode.d0.loss_cls: 0.0746  decode.d0.loss_mask: 0.6244  decode.d0.loss_dice: 0.4535  decode.d1.loss_cls: 0.0105  decode.d1.loss_mask: 0.6020  decode.d1.loss_dice: 0.4552  decode.d2.loss_cls: 0.0038  decode.d2.loss_mask: 0.6013  decode.d2.loss_dice: 0.4525  decode.d3.loss_cls: 0.0008  decode.d3.loss_mask: 0.5935  decode.d3.loss_dice: 0.4530  decode.d4.loss_cls: 0.0012  decode.d4.loss_mask: 0.5964  decode.d4.loss_dice: 0.4546  decode.d5.loss_cls: 0.0009  decode.d5.loss_mask: 0.5978  decode.d5.loss_dice: 0.4582  decode.d6.loss_cls: 0.0007  decode.d6.loss_mask: 0.5978  decode.d6.loss_dice: 0.4560  decode.d7.loss_cls: 0.0005  decode.d7.loss_mask: 0.5979  decode.d7.loss_dice: 0.4560  decode.d8.loss_cls: 0.0009  decode.d8.loss_mask: 0.5957  decode.d8.loss_dice: 0.4602
2026/07/31 12:55:20 - mmengine - INFO - Iter(train) [32200/40000]  base_lr: 1.2316e-05 lr: 1.2316e-05  eta: 3:46:03  time: 1.4064  data_time: 0.0162  memory: 9084  grad_norm: 54.3925  loss: 12.0682  decode.loss_cls: 0.0024  decode.loss_mask: 0.6721  decode.loss_dice: 0.5030  decode.d0.loss_cls: 0.1017  decode.d0.loss_mask: 0.7273  decode.d0.loss_dice: 0.5325  decode.d1.loss_cls: 0.0222  decode.d1.loss_mask: 0.6773  decode.d1.loss_dice: 0.5194  decode.d2.loss_cls: 0.0207  decode.d2.loss_mask: 0.6696  decode.d2.loss_dice: 0.5055  decode.d3.loss_cls: 0.0125  decode.d3.loss_mask: 0.6743  decode.d3.loss_dice: 0.5135  decode.d4.loss_cls: 0.0071  decode.d4.loss_mask: 0.6712  decode.d4.loss_dice: 0.5035  decode.d5.loss_cls: 0.0046  decode.d5.loss_mask: 0.6663  decode.d5.loss_dice: 0.5029  decode.d6.loss_cls: 0.0024  decode.d6.loss_mask: 0.6725  decode.d6.loss_dice: 0.5131  decode.d7.loss_cls: 0.0115  decode.d7.loss_mask: 0.6687  decode.d7.loss_dice: 0.5099  decode.d8.loss_cls: 0.0018  decode.d8.loss_mask: 0.6731  decode.d8.loss_dice: 0.5053
2026/07/31 12:57:40 - mmengine - INFO - Iter(train) [32300/40000]  base_lr: 1.2174e-05 lr: 1.2174e-05  eta: 3:43:01  time: 1.4230  data_time: 0.0163  memory: 9084  grad_norm: 66.4229  loss: 11.7236  decode.loss_cls: 0.0018  decode.loss_mask: 0.6509  decode.loss_dice: 0.4963  decode.d0.loss_cls: 0.0870  decode.d0.loss_mask: 0.6941  decode.d0.loss_dice: 0.5548  decode.d1.loss_cls: 0.0147  decode.d1.loss_mask: 0.6598  decode.d1.loss_dice: 0.4879  decode.d2.loss_cls: 0.0111  decode.d2.loss_mask: 0.6563  decode.d2.loss_dice: 0.5016  decode.d3.loss_cls: 0.0033  decode.d3.loss_mask: 0.6468  decode.d3.loss_dice: 0.4833  decode.d4.loss_cls: 0.0032  decode.d4.loss_mask: 0.6502  decode.d4.loss_dice: 0.5001  decode.d5.loss_cls: 0.0025  decode.d5.loss_mask: 0.6502  decode.d5.loss_dice: 0.4965  decode.d6.loss_cls: 0.0102  decode.d6.loss_mask: 0.6595  decode.d6.loss_dice: 0.4902  decode.d7.loss_cls: 0.0073  decode.d7.loss_mask: 0.6544  decode.d7.loss_dice: 0.4996  decode.d8.loss_cls: 0.0019  decode.d8.loss_mask: 0.6538  decode.d8.loss_dice: 0.4941
2026/07/31 13:00:01 - mmengine - INFO - Iter(train) [32400/40000]  base_lr: 1.2032e-05 lr: 1.2032e-05  eta: 3:39:59  time: 1.3283  data_time: 0.0160  memory: 9084  grad_norm: 43.8844  loss: 8.0227  decode.loss_cls: 0.0004  decode.loss_mask: 0.4155  decode.loss_dice: 0.3533  decode.d0.loss_cls: 0.1247  decode.d0.loss_mask: 0.4679  decode.d0.loss_dice: 0.3987  decode.d1.loss_cls: 0.0144  decode.d1.loss_mask: 0.4235  decode.d1.loss_dice: 0.3656  decode.d2.loss_cls: 0.0026  decode.d2.loss_mask: 0.4231  decode.d2.loss_dice: 0.3677  decode.d3.loss_cls: 0.0012  decode.d3.loss_mask: 0.4163  decode.d3.loss_dice: 0.3568  decode.d4.loss_cls: 0.0011  decode.d4.loss_mask: 0.4178  decode.d4.loss_dice: 0.3594  decode.d5.loss_cls: 0.0008  decode.d5.loss_mask: 0.4208  decode.d5.loss_dice: 0.3604  decode.d6.loss_cls: 0.0004  decode.d6.loss_mask: 0.4140  decode.d6.loss_dice: 0.3571  decode.d7.loss_cls: 0.0004  decode.d7.loss_mask: 0.4172  decode.d7.loss_dice: 0.3603  decode.d8.loss_cls: 0.0003  decode.d8.loss_mask: 0.4201  decode.d8.loss_dice: 0.3608
2026/07/31 13:02:23 - mmengine - INFO - Iter(train) [32500/40000]  base_lr: 1.1889e-05 lr: 1.1889e-05  eta: 3:36:58  time: 1.3314  data_time: 0.0163  memory: 9084  grad_norm: 40.4652  loss: 8.2100  decode.loss_cls: 0.0060  decode.loss_mask: 0.4009  decode.loss_dice: 0.3939  decode.d0.loss_cls: 0.0885  decode.d0.loss_mask: 0.4123  decode.d0.loss_dice: 0.4128  decode.d1.loss_cls: 0.0261  decode.d1.loss_mask: 0.4032  decode.d1.loss_dice: 0.4014  decode.d2.loss_cls: 0.0136  decode.d2.loss_mask: 0.4022  decode.d2.loss_dice: 0.3942  decode.d3.loss_cls: 0.0129  decode.d3.loss_mask: 0.4045  decode.d3.loss_dice: 0.3880  decode.d4.loss_cls: 0.0124  decode.d4.loss_mask: 0.4033  decode.d4.loss_dice: 0.3963  decode.d5.loss_cls: 0.0128  decode.d5.loss_mask: 0.4058  decode.d5.loss_dice: 0.3859  decode.d6.loss_cls: 0.0128  decode.d6.loss_mask: 0.4001  decode.d6.loss_dice: 0.3941  decode.d7.loss_cls: 0.0129  decode.d7.loss_mask: 0.4033  decode.d7.loss_dice: 0.3998  decode.d8.loss_cls: 0.0056  decode.d8.loss_mask: 0.4012  decode.d8.loss_dice: 0.4033
2026/07/31 13:04:43 - mmengine - INFO - Iter(train) [32600/40000]  base_lr: 1.1746e-05 lr: 1.1746e-05  eta: 3:33:57  time: 1.4173  data_time: 0.0161  memory: 9084  grad_norm: 55.2671  loss: 11.1233  decode.loss_cls: 0.0019  decode.loss_mask: 0.5937  decode.loss_dice: 0.4911  decode.d0.loss_cls: 0.0942  decode.d0.loss_mask: 0.6259  decode.d0.loss_dice: 0.5214  decode.d1.loss_cls: 0.0230  decode.d1.loss_mask: 0.6029  decode.d1.loss_dice: 0.5011  decode.d2.loss_cls: 0.0130  decode.d2.loss_mask: 0.5964  decode.d2.loss_dice: 0.5015  decode.d3.loss_cls: 0.0056  decode.d3.loss_mask: 0.6012  decode.d3.loss_dice: 0.4897  decode.d4.loss_cls: 0.0047  decode.d4.loss_mask: 0.5939  decode.d4.loss_dice: 0.4916  decode.d5.loss_cls: 0.0028  decode.d5.loss_mask: 0.5912  decode.d5.loss_dice: 0.4974  decode.d6.loss_cls: 0.0027  decode.d6.loss_mask: 0.5944  decode.d6.loss_dice: 0.4970  decode.d7.loss_cls: 0.0018  decode.d7.loss_mask: 0.5951  decode.d7.loss_dice: 0.4917  decode.d8.loss_cls: 0.0015  decode.d8.loss_mask: 0.5995  decode.d8.loss_dice: 0.4952
2026/07/31 13:07:01 - mmengine - INFO - Iter(train) [32700/40000]  base_lr: 1.1604e-05 lr: 1.1604e-05  eta: 3:30:56  time: 1.4086  data_time: 0.0157  memory: 9084  grad_norm: 51.2513  loss: 10.1072  decode.loss_cls: 0.0010  decode.loss_mask: 0.5344  decode.loss_dice: 0.4560  decode.d0.loss_cls: 0.1282  decode.d0.loss_mask: 0.5654  decode.d0.loss_dice: 0.4590  decode.d1.loss_cls: 0.0150  decode.d1.loss_mask: 0.5374  decode.d1.loss_dice: 0.4572  decode.d2.loss_cls: 0.0059  decode.d2.loss_mask: 0.5363  decode.d2.loss_dice: 0.4559  decode.d3.loss_cls: 0.0022  decode.d3.loss_mask: 0.5377  decode.d3.loss_dice: 0.4556  decode.d4.loss_cls: 0.0020  decode.d4.loss_mask: 0.5367  decode.d4.loss_dice: 0.4565  decode.d5.loss_cls: 0.0017  decode.d5.loss_mask: 0.5358  decode.d5.loss_dice: 0.4553  decode.d6.loss_cls: 0.0019  decode.d6.loss_mask: 0.5383  decode.d6.loss_dice: 0.4574  decode.d7.loss_cls: 0.0011  decode.d7.loss_mask: 0.5338  decode.d7.loss_dice: 0.4547  decode.d8.loss_cls: 0.0009  decode.d8.loss_mask: 0.5298  decode.d8.loss_dice: 0.4541
2026/07/31 13:09:11 - mmengine - INFO - Iter(train) [32800/40000]  base_lr: 1.1460e-05 lr: 1.1460e-05  eta: 3:27:53  time: 0.6590  data_time: 0.0155  memory: 9084  grad_norm: 45.6346  loss: 10.0818  decode.loss_cls: 0.0003  decode.loss_mask: 0.5492  decode.loss_dice: 0.4436  decode.d0.loss_cls: 0.0728  decode.d0.loss_mask: 0.5603  decode.d0.loss_dice: 0.4594  decode.d1.loss_cls: 0.0101  decode.d1.loss_mask: 0.5498  decode.d1.loss_dice: 0.4556  decode.d2.loss_cls: 0.0054  decode.d2.loss_mask: 0.5492  decode.d2.loss_dice: 0.4516  decode.d3.loss_cls: 0.0009  decode.d3.loss_mask: 0.5464  decode.d3.loss_dice: 0.4516  decode.d4.loss_cls: 0.0005  decode.d4.loss_mask: 0.5490  decode.d4.loss_dice: 0.4450  decode.d5.loss_cls: 0.0004  decode.d5.loss_mask: 0.5482  decode.d5.loss_dice: 0.4481  decode.d6.loss_cls: 0.0004  decode.d6.loss_mask: 0.5502  decode.d6.loss_dice: 0.4427  decode.d7.loss_cls: 0.0004  decode.d7.loss_mask: 0.5493  decode.d7.loss_dice: 0.4433  decode.d8.loss_cls: 0.0004  decode.d8.loss_mask: 0.5513  decode.d8.loss_dice: 0.4463
2026/07/31 13:10:21 - mmengine - INFO - Iter(train) [32900/40000]  base_lr: 1.1317e-05 lr: 1.1317e-05  eta: 3:24:37  time: 0.6638  data_time: 0.0157  memory: 9084  grad_norm: 107.4838  loss: 13.7909  decode.loss_cls: 0.0191  decode.loss_mask: 0.7073  decode.loss_dice: 0.5718  decode.d0.loss_cls: 0.1747  decode.d0.loss_mask: 0.9838  decode.d0.loss_dice: 0.7114  decode.d1.loss_cls: 0.0594  decode.d1.loss_mask: 0.7488  decode.d1.loss_dice: 0.5947  decode.d2.loss_cls: 0.0479  decode.d2.loss_mask: 0.7335  decode.d2.loss_dice: 0.5941  decode.d3.loss_cls: 0.0329  decode.d3.loss_mask: 0.7123  decode.d3.loss_dice: 0.5688  decode.d4.loss_cls: 0.0240  decode.d4.loss_mask: 0.7097  decode.d4.loss_dice: 0.5659  decode.d5.loss_cls: 0.0306  decode.d5.loss_mask: 0.7198  decode.d5.loss_dice: 0.5688  decode.d6.loss_cls: 0.0227  decode.d6.loss_mask: 0.7107  decode.d6.loss_dice: 0.5681  decode.d7.loss_cls: 0.0208  decode.d7.loss_mask: 0.7031  decode.d7.loss_dice: 0.5735  decode.d8.loss_cls: 0.0195  decode.d8.loss_mask: 0.7127  decode.d8.loss_dice: 0.5804
2026/07/31 13:11:27 - mmengine - INFO - Exp name: dinov3_m2f_gram_4999_20260730_204508
2026/07/31 13:11:27 - mmengine - INFO - Iter(train) [33000/40000]  base_lr: 1.1173e-05 lr: 1.1173e-05  eta: 3:21:22  time: 0.6591  data_time: 0.0159  memory: 9076  grad_norm: 56.4349  loss: 9.7273  decode.loss_cls: 0.0012  decode.loss_mask: 0.5279  decode.loss_dice: 0.4384  decode.d0.loss_cls: 0.0887  decode.d0.loss_mask: 0.5290  decode.d0.loss_dice: 0.4598  decode.d1.loss_cls: 0.0336  decode.d1.loss_mask: 0.5237  decode.d1.loss_dice: 0.4290  decode.d2.loss_cls: 0.0148  decode.d2.loss_mask: 0.5263  decode.d2.loss_dice: 0.4191  decode.d3.loss_cls: 0.0040  decode.d3.loss_mask: 0.5237  decode.d3.loss_dice: 0.4368  decode.d4.loss_cls: 0.0022  decode.d4.loss_mask: 0.5215  decode.d4.loss_dice: 0.4357  decode.d5.loss_cls: 0.0076  decode.d5.loss_mask: 0.5249  decode.d5.loss_dice: 0.4262  decode.d6.loss_cls: 0.0014  decode.d6.loss_mask: 0.5270  decode.d6.loss_dice: 0.4224  decode.d7.loss_cls: 0.0168  decode.d7.loss_mask: 0.5266  decode.d7.loss_dice: 0.4110  decode.d8.loss_cls: 0.0016  decode.d8.loss_mask: 0.5236  decode.d8.loss_dice: 0.4231
2026/07/31 13:12:34 - mmengine - INFO - Iter(train) [33100/40000]  base_lr: 1.1030e-05 lr: 1.1030e-05  eta: 3:18:07  time: 0.6763  data_time: 0.0159  memory: 9084  grad_norm: 38.7858  loss: 9.4680  decode.loss_cls: 0.0009  decode.loss_mask: 0.5159  decode.loss_dice: 0.4219  decode.d0.loss_cls: 0.0734  decode.d0.loss_mask: 0.5311  decode.d0.loss_dice: 0.4222  decode.d1.loss_cls: 0.0120  decode.d1.loss_mask: 0.5180  decode.d1.loss_dice: 0.4208  decode.d2.loss_cls: 0.0058  decode.d2.loss_mask: 0.5195  decode.d2.loss_dice: 0.4146  decode.d3.loss_cls: 0.0030  decode.d3.loss_mask: 0.5195  decode.d3.loss_dice: 0.4142  decode.d4.loss_cls: 0.0028  decode.d4.loss_mask: 0.5152  decode.d4.loss_dice: 0.4142  decode.d5.loss_cls: 0.0031  decode.d5.loss_mask: 0.5164  decode.d5.loss_dice: 0.4168  decode.d6.loss_cls: 0.0009  decode.d6.loss_mask: 0.5139  decode.d6.loss_dice: 0.4193  decode.d7.loss_cls: 0.0009  decode.d7.loss_mask: 0.5150  decode.d7.loss_dice: 0.4162  decode.d8.loss_cls: 0.0008  decode.d8.loss_mask: 0.5186  decode.d8.loss_dice: 0.4212
2026/07/31 13:13:41 - mmengine - INFO - Iter(train) [33200/40000]  base_lr: 1.0886e-05 lr: 1.0886e-05  eta: 3:14:53  time: 0.6678  data_time: 0.0151  memory: 9084  grad_norm: 61.7318  loss: 11.9664  decode.loss_cls: 0.0007  decode.loss_mask: 0.6396  decode.loss_dice: 0.5369  decode.d0.loss_cls: 0.0739  decode.d0.loss_mask: 0.6724  decode.d0.loss_dice: 0.5528  decode.d1.loss_cls: 0.0170  decode.d1.loss_mask: 0.6516  decode.d1.loss_dice: 0.5392  decode.d2.loss_cls: 0.0056  decode.d2.loss_mask: 0.6525  decode.d2.loss_dice: 0.5413  decode.d3.loss_cls: 0.0017  decode.d3.loss_mask: 0.6429  decode.d3.loss_dice: 0.5319  decode.d4.loss_cls: 0.0018  decode.d4.loss_mask: 0.6442  decode.d4.loss_dice: 0.5388  decode.d5.loss_cls: 0.0015  decode.d5.loss_mask: 0.6416  decode.d5.loss_dice: 0.5367  decode.d6.loss_cls: 0.0011  decode.d6.loss_mask: 0.6376  decode.d6.loss_dice: 0.5381  decode.d7.loss_cls: 0.0009  decode.d7.loss_mask: 0.6425  decode.d7.loss_dice: 0.5391  decode.d8.loss_cls: 0.0007  decode.d8.loss_mask: 0.6415  decode.d8.loss_dice: 0.5401
2026/07/31 13:14:48 - mmengine - INFO - Iter(train) [33300/40000]  base_lr: 1.0742e-05 lr: 1.0742e-05  eta: 3:11:40  time: 0.6572  data_time: 0.0156  memory: 9076  grad_norm: 71.3468  loss: 10.2971  decode.loss_cls: 0.0077  decode.loss_mask: 0.5393  decode.loss_dice: 0.4647  decode.d0.loss_cls: 0.0935  decode.d0.loss_mask: 0.5580  decode.d0.loss_dice: 0.5019  decode.d1.loss_cls: 0.0132  decode.d1.loss_mask: 0.5384  decode.d1.loss_dice: 0.4822  decode.d2.loss_cls: 0.0185  decode.d2.loss_mask: 0.5313  decode.d2.loss_dice: 0.4752  decode.d3.loss_cls: 0.0097  decode.d3.loss_mask: 0.5305  decode.d3.loss_dice: 0.4680  decode.d4.loss_cls: 0.0124  decode.d4.loss_mask: 0.5335  decode.d4.loss_dice: 0.4656  decode.d5.loss_cls: 0.0133  decode.d5.loss_mask: 0.5332  decode.d5.loss_dice: 0.4698  decode.d6.loss_cls: 0.0092  decode.d6.loss_mask: 0.5351  decode.d6.loss_dice: 0.4676  decode.d7.loss_cls: 0.0112  decode.d7.loss_mask: 0.5403  decode.d7.loss_dice: 0.4648  decode.d8.loss_cls: 0.0084  decode.d8.loss_mask: 0.5349  decode.d8.loss_dice: 0.4657
2026/07/31 13:15:54 - mmengine - INFO - Iter(train) [33400/40000]  base_lr: 1.0597e-05 lr: 1.0597e-05  eta: 3:08:28  time: 0.6741  data_time: 0.0159  memory: 9084  grad_norm: 132.8749  loss: 13.2877  decode.loss_cls: 0.0106  decode.loss_mask: 0.6344  decode.loss_dice: 0.5311  decode.d0.loss_cls: 0.2425  decode.d0.loss_mask: 1.0785  decode.d0.loss_dice: 0.8788  decode.d1.loss_cls: 0.0521  decode.d1.loss_mask: 0.7698  decode.d1.loss_dice: 0.6083  decode.d2.loss_cls: 0.0394  decode.d2.loss_mask: 0.7195  decode.d2.loss_dice: 0.5644  decode.d3.loss_cls: 0.0211  decode.d3.loss_mask: 0.6643  decode.d3.loss_dice: 0.5471  decode.d4.loss_cls: 0.0149  decode.d4.loss_mask: 0.6453  decode.d4.loss_dice: 0.5340  decode.d5.loss_cls: 0.0126  decode.d5.loss_mask: 0.6486  decode.d5.loss_dice: 0.5375  decode.d6.loss_cls: 0.0128  decode.d6.loss_mask: 0.6338  decode.d6.loss_dice: 0.5361  decode.d7.loss_cls: 0.0106  decode.d7.loss_mask: 0.6265  decode.d7.loss_dice: 0.5257  decode.d8.loss_cls: 0.0112  decode.d8.loss_mask: 0.6428  decode.d8.loss_dice: 0.5335
2026/07/31 13:17:00 - mmengine - INFO - Iter(train) [33500/40000]  base_lr: 1.0453e-05 lr: 1.0453e-05  eta: 3:05:16  time: 0.6571  data_time: 0.0157  memory: 9084  grad_norm: 59.3314  loss: 8.7187  decode.loss_cls: 0.0048  decode.loss_mask: 0.4660  decode.loss_dice: 0.3781  decode.d0.loss_cls: 0.1715  decode.d0.loss_mask: 0.4909  decode.d0.loss_dice: 0.4005  decode.d1.loss_cls: 0.0336  decode.d1.loss_mask: 0.4689  decode.d1.loss_dice: 0.3729  decode.d2.loss_cls: 0.0227  decode.d2.loss_mask: 0.4716  decode.d2.loss_dice: 0.3703  decode.d3.loss_cls: 0.0110  decode.d3.loss_mask: 0.4653  decode.d3.loss_dice: 0.3709  decode.d4.loss_cls: 0.0164  decode.d4.loss_mask: 0.4698  decode.d4.loss_dice: 0.3651  decode.d5.loss_cls: 0.0171  decode.d5.loss_mask: 0.4683  decode.d5.loss_dice: 0.3704  decode.d6.loss_cls: 0.0075  decode.d6.loss_mask: 0.4650  decode.d6.loss_dice: 0.3635  decode.d7.loss_cls: 0.0055  decode.d7.loss_mask: 0.4636  decode.d7.loss_dice: 0.3649  decode.d8.loss_cls: 0.0041  decode.d8.loss_mask: 0.4668  decode.d8.loss_dice: 0.3717
2026/07/31 13:18:06 - mmengine - INFO - Iter(train) [33600/40000]  base_lr: 1.0308e-05 lr: 1.0308e-05  eta: 3:02:05  time: 0.6673  data_time: 0.0165  memory: 9084  grad_norm: 57.1508  loss: 11.5225  decode.loss_cls: 0.0077  decode.loss_mask: 0.6020  decode.loss_dice: 0.5174  decode.d0.loss_cls: 0.0826  decode.d0.loss_mask: 0.6597  decode.d0.loss_dice: 0.5656  decode.d1.loss_cls: 0.0222  decode.d1.loss_mask: 0.6184  decode.d1.loss_dice: 0.5301  decode.d2.loss_cls: 0.0101  decode.d2.loss_mask: 0.6126  decode.d2.loss_dice: 0.5212  decode.d3.loss_cls: 0.0076  decode.d3.loss_mask: 0.6094  decode.d3.loss_dice: 0.5145  decode.d4.loss_cls: 0.0082  decode.d4.loss_mask: 0.6071  decode.d4.loss_dice: 0.5137  decode.d5.loss_cls: 0.0078  decode.d5.loss_mask: 0.6049  decode.d5.loss_dice: 0.5143  decode.d6.loss_cls: 0.0059  decode.d6.loss_mask: 0.6015  decode.d6.loss_dice: 0.5146  decode.d7.loss_cls: 0.0122  decode.d7.loss_mask: 0.6058  decode.d7.loss_dice: 0.5158  decode.d8.loss_cls: 0.0103  decode.d8.loss_mask: 0.6034  decode.d8.loss_dice: 0.5159
2026/07/31 13:19:17 - mmengine - INFO - Iter(train) [33700/40000]  base_lr: 1.0163e-05 lr: 1.0163e-05  eta: 2:58:55  time: 0.9604  data_time: 0.3064  memory: 9084  grad_norm: 52.8374  loss: 8.8301  decode.loss_cls: 0.0064  decode.loss_mask: 0.4956  decode.loss_dice: 0.3592  decode.d0.loss_cls: 0.1361  decode.d0.loss_mask: 0.5120  decode.d0.loss_dice: 0.3893  decode.d1.loss_cls: 0.0122  decode.d1.loss_mask: 0.5005  decode.d1.loss_dice: 0.3693  decode.d2.loss_cls: 0.0077  decode.d2.loss_mask: 0.4981  decode.d2.loss_dice: 0.3709  decode.d3.loss_cls: 0.0105  decode.d3.loss_mask: 0.4928  decode.d3.loss_dice: 0.3643  decode.d4.loss_cls: 0.0071  decode.d4.loss_mask: 0.4943  decode.d4.loss_dice: 0.3608  decode.d5.loss_cls: 0.0065  decode.d5.loss_mask: 0.4932  decode.d5.loss_dice: 0.3622  decode.d6.loss_cls: 0.0074  decode.d6.loss_mask: 0.4927  decode.d6.loss_dice: 0.3614  decode.d7.loss_cls: 0.0060  decode.d7.loss_mask: 0.4949  decode.d7.loss_dice: 0.3612  decode.d8.loss_cls: 0.0055  decode.d8.loss_mask: 0.4924  decode.d8.loss_dice: 0.3598
2026/07/31 13:20:24 - mmengine - INFO - Iter(train) [33800/40000]  base_lr: 1.0017e-05 lr: 1.0017e-05  eta: 2:55:46  time: 0.7031  data_time: 0.0158  memory: 9076  grad_norm: 83.6041  loss: 9.5611  decode.loss_cls: 0.0006  decode.loss_mask: 0.5215  decode.loss_dice: 0.3915  decode.d0.loss_cls: 0.1669  decode.d0.loss_mask: 0.5894  decode.d0.loss_dice: 0.4398  decode.d1.loss_cls: 0.0229  decode.d1.loss_mask: 0.5289  decode.d1.loss_dice: 0.4100  decode.d2.loss_cls: 0.0166  decode.d2.loss_mask: 0.5274  decode.d2.loss_dice: 0.4119  decode.d3.loss_cls: 0.0023  decode.d3.loss_mask: 0.5213  decode.d3.loss_dice: 0.4069  decode.d4.loss_cls: 0.0018  decode.d4.loss_mask: 0.5213  decode.d4.loss_dice: 0.3993  decode.d5.loss_cls: 0.0020  decode.d5.loss_mask: 0.5178  decode.d5.loss_dice: 0.4049  decode.d6.loss_cls: 0.0008  decode.d6.loss_mask: 0.5219  decode.d6.loss_dice: 0.4020  decode.d7.loss_cls: 0.0007  decode.d7.loss_mask: 0.5149  decode.d7.loss_dice: 0.3951  decode.d8.loss_cls: 0.0006  decode.d8.loss_mask: 0.5204  decode.d8.loss_dice: 0.3996
2026/07/31 13:21:31 - mmengine - INFO - Iter(train) [33900/40000]  base_lr: 9.8718e-06 lr: 9.8718e-06  eta: 2:52:37  time: 0.6597  data_time: 0.0158  memory: 9076  grad_norm: 47.4237  loss: 9.8446  decode.loss_cls: 0.0049  decode.loss_mask: 0.5193  decode.loss_dice: 0.4426  decode.d0.loss_cls: 0.0718  decode.d0.loss_mask: 0.5359  decode.d0.loss_dice: 0.4523  decode.d1.loss_cls: 0.0201  decode.d1.loss_mask: 0.5218  decode.d1.loss_dice: 0.4542  decode.d2.loss_cls: 0.0152  decode.d2.loss_mask: 0.5196  decode.d2.loss_dice: 0.4485  decode.d3.loss_cls: 0.0097  decode.d3.loss_mask: 0.5192  decode.d3.loss_dice: 0.4420  decode.d4.loss_cls: 0.0062  decode.d4.loss_mask: 0.5187  decode.d4.loss_dice: 0.4495  decode.d5.loss_cls: 0.0058  decode.d5.loss_mask: 0.5187  decode.d5.loss_dice: 0.4459  decode.d6.loss_cls: 0.0114  decode.d6.loss_mask: 0.5173  decode.d6.loss_dice: 0.4465  decode.d7.loss_cls: 0.0026  decode.d7.loss_mask: 0.5180  decode.d7.loss_dice: 0.4426  decode.d8.loss_cls: 0.0071  decode.d8.loss_mask: 0.5191  decode.d8.loss_dice: 0.4580
2026/07/31 13:22:39 - mmengine - INFO - Exp name: dinov3_m2f_gram_4999_20260730_204508
2026/07/31 13:22:39 - mmengine - INFO - Iter(train) [34000/40000]  base_lr: 9.7260e-06 lr: 9.7260e-06  eta: 2:49:30  time: 0.7168  data_time: 0.0156  memory: 9084  grad_norm: 30.6235  loss: 5.2384  decode.loss_cls: 0.0026  decode.loss_mask: 0.2653  decode.loss_dice: 0.2438  decode.d0.loss_cls: 0.1038  decode.d0.loss_mask: 0.2665  decode.d0.loss_dice: 0.2870  decode.d1.loss_cls: 0.0119  decode.d1.loss_mask: 0.2643  decode.d1.loss_dice: 0.2538  decode.d2.loss_cls: 0.0047  decode.d2.loss_mask: 0.2650  decode.d2.loss_dice: 0.2413  decode.d3.loss_cls: 0.0030  decode.d3.loss_mask: 0.2640  decode.d3.loss_dice: 0.2346  decode.d4.loss_cls: 0.0029  decode.d4.loss_mask: 0.2645  decode.d4.loss_dice: 0.2323  decode.d5.loss_cls: 0.0041  decode.d5.loss_mask: 0.2653  decode.d5.loss_dice: 0.2406  decode.d6.loss_cls: 0.0029  decode.d6.loss_mask: 0.2639  decode.d6.loss_dice: 0.2377  decode.d7.loss_cls: 0.0020  decode.d7.loss_mask: 0.2653  decode.d7.loss_dice: 0.2444  decode.d8.loss_cls: 0.0029  decode.d8.loss_mask: 0.2648  decode.d8.loss_dice: 0.2331
2026/07/31 13:22:39 - mmengine - INFO - Saving checkpoint at 34000 iterations
2026/07/31 13:23:20 - mmengine - INFO - Iter(val) [100/504]    eta: 0:01:27  time: 0.2096  data_time: 0.0077  memory: 3098  
2026/07/31 13:23:41 - mmengine - INFO - Iter(val) [200/504]    eta: 0:01:04  time: 0.2086  data_time: 0.0076  memory: 3098  
2026/07/31 13:24:02 - mmengine - INFO - Iter(val) [300/504]    eta: 0:00:43  time: 0.2087  data_time: 0.0077  memory: 3098  
2026/07/31 13:24:23 - mmengine - INFO - Iter(val) [400/504]    eta: 0:00:21  time: 0.2102  data_time: 0.0078  memory: 3098  
2026/07/31 13:24:44 - mmengine - INFO - Iter(val) [500/504]    eta: 0:00:00  time: 0.2085  data_time: 0.0073  memory: 3098  
2026/07/31 13:24:49 - mmengine - INFO - per class results:
2026/07/31 13:24:49 - mmengine - INFO - 
+--------------------+-------+-------+--------+-----------+--------+
|       Class        |  IoU  |  Acc  | Fscore | Precision | Recall |
+--------------------+-------+-------+--------+-----------+--------+
| impervious_surface | 87.23 | 93.16 | 93.18  |    93.2   | 93.16  |
|      building      | 94.92 | 98.38 |  97.4  |   96.43   | 98.38  |
|   low_vegetation   | 81.76 | 91.61 | 89.96  |   88.37   | 91.61  |
|        tree        |  82.1 | 87.69 | 90.17  |   92.79   | 87.69  |
|        car         | 94.04 | 97.36 | 96.93  |    96.5   | 97.36  |
+--------------------+-------+-------+--------+-----------+--------+
2026/07/31 13:24:49 - mmengine - INFO - Iter(val) [504/504]    aAcc: 92.2500  mIoU: 88.0100  mAcc: 93.6400  mFscore: 93.5300  mPrecision: 93.4600  mRecall: 93.6400  data_time: 0.0091  time: 0.2104
2026/07/31 13:25:56 - mmengine - INFO - Iter(train) [34100/40000]  base_lr: 9.5800e-06 lr: 9.5800e-06  eta: 2:46:23  time: 0.6649  data_time: 0.0158  memory: 9084  grad_norm: 59.6416  loss: 11.5586  decode.loss_cls: 0.0009  decode.loss_mask: 0.6520  decode.loss_dice: 0.4750  decode.d0.loss_cls: 0.1145  decode.d0.loss_mask: 0.6898  decode.d0.loss_dice: 0.5053  decode.d1.loss_cls: 0.0191  decode.d1.loss_mask: 0.6704  decode.d1.loss_dice: 0.4869  decode.d2.loss_cls: 0.0042  decode.d2.loss_mask: 0.6600  decode.d2.loss_dice: 0.4803  decode.d3.loss_cls: 0.0034  decode.d3.loss_mask: 0.6523  decode.d3.loss_dice: 0.4793  decode.d4.loss_cls: 0.0022  decode.d4.loss_mask: 0.6535  decode.d4.loss_dice: 0.4797  decode.d5.loss_cls: 0.0016  decode.d5.loss_mask: 0.6569  decode.d5.loss_dice: 0.4840  decode.d6.loss_cls: 0.0011  decode.d6.loss_mask: 0.6503  decode.d6.loss_dice: 0.4785  decode.d7.loss_cls: 0.0009  decode.d7.loss_mask: 0.6537  decode.d7.loss_dice: 0.4743  decode.d8.loss_cls: 0.0007  decode.d8.loss_mask: 0.6498  decode.d8.loss_dice: 0.4781
2026/07/31 13:27:04 - mmengine - INFO - Iter(train) [34200/40000]  base_lr: 9.4337e-06 lr: 9.4337e-06  eta: 2:43:17  time: 0.6636  data_time: 0.0156  memory: 9076  grad_norm: 44.8112  loss: 7.8367  decode.loss_cls: 0.0003  decode.loss_mask: 0.3805  decode.loss_dice: 0.3886  decode.d0.loss_cls: 0.1128  decode.d0.loss_mask: 0.4041  decode.d0.loss_dice: 0.4157  decode.d1.loss_cls: 0.0257  decode.d1.loss_mask: 0.3835  decode.d1.loss_dice: 0.3874  decode.d2.loss_cls: 0.0093  decode.d2.loss_mask: 0.3841  decode.d2.loss_dice: 0.3660  decode.d3.loss_cls: 0.0015  decode.d3.loss_mask: 0.3864  decode.d3.loss_dice: 0.3931  decode.d4.loss_cls: 0.0007  decode.d4.loss_mask: 0.3853  decode.d4.loss_dice: 0.3894  decode.d5.loss_cls: 0.0005  decode.d5.loss_mask: 0.3808  decode.d5.loss_dice: 0.3741  decode.d6.loss_cls: 0.0004  decode.d6.loss_mask: 0.3833  decode.d6.loss_dice: 0.3726  decode.d7.loss_cls: 0.0004  decode.d7.loss_mask: 0.3823  decode.d7.loss_dice: 0.3775  decode.d8.loss_cls: 0.0003  decode.d8.loss_mask: 0.3828  decode.d8.loss_dice: 0.3675
2026/07/31 13:28:10 - mmengine - INFO - Iter(train) [34300/40000]  base_lr: 9.2872e-06 lr: 9.2872e-06  eta: 2:40:11  time: 0.6672  data_time: 0.0163  memory: 9084  grad_norm: 78.4686  loss: 12.6090  decode.loss_cls: 0.0015  decode.loss_mask: 0.6793  decode.loss_dice: 0.4967  decode.d0.loss_cls: 0.1090  decode.d0.loss_mask: 0.9615  decode.d0.loss_dice: 0.7139  decode.d1.loss_cls: 0.0236  decode.d1.loss_mask: 0.7109  decode.d1.loss_dice: 0.5242  decode.d2.loss_cls: 0.0142  decode.d2.loss_mask: 0.7011  decode.d2.loss_dice: 0.5127  decode.d3.loss_cls: 0.0056  decode.d3.loss_mask: 0.6959  decode.d3.loss_dice: 0.5032  decode.d4.loss_cls: 0.0036  decode.d4.loss_mask: 0.6914  decode.d4.loss_dice: 0.5015  decode.d5.loss_cls: 0.0032  decode.d5.loss_mask: 0.6876  decode.d5.loss_dice: 0.5002  decode.d6.loss_cls: 0.0026  decode.d6.loss_mask: 0.6877  decode.d6.loss_dice: 0.5050  decode.d7.loss_cls: 0.0020  decode.d7.loss_mask: 0.6822  decode.d7.loss_dice: 0.5008  decode.d8.loss_cls: 0.0018  decode.d8.loss_mask: 0.6857  decode.d8.loss_dice: 0.5004
2026/07/31 13:29:16 - mmengine - INFO - Iter(train) [34400/40000]  base_lr: 9.1405e-06 lr: 9.1405e-06  eta: 2:37:05  time: 0.6600  data_time: 0.0161  memory: 9084  grad_norm: 42.8825  loss: 8.6667  decode.loss_cls: 0.0003  decode.loss_mask: 0.4699  decode.loss_dice: 0.3757  decode.d0.loss_cls: 0.0982  decode.d0.loss_mask: 0.5166  decode.d0.loss_dice: 0.3931  decode.d1.loss_cls: 0.0176  decode.d1.loss_mask: 0.4735  decode.d1.loss_dice: 0.3835  decode.d2.loss_cls: 0.0027  decode.d2.loss_mask: 0.4714  decode.d2.loss_dice: 0.3795  decode.d3.loss_cls: 0.0010  decode.d3.loss_mask: 0.4701  decode.d3.loss_dice: 0.3777  decode.d4.loss_cls: 0.0007  decode.d4.loss_mask: 0.4688  decode.d4.loss_dice: 0.3772  decode.d5.loss_cls: 0.0005  decode.d5.loss_mask: 0.4703  decode.d5.loss_dice: 0.3798  decode.d6.loss_cls: 0.0005  decode.d6.loss_mask: 0.4699  decode.d6.loss_dice: 0.3756  decode.d7.loss_cls: 0.0004  decode.d7.loss_mask: 0.4705  decode.d7.loss_dice: 0.3771  decode.d8.loss_cls: 0.0004  decode.d8.loss_mask: 0.4683  decode.d8.loss_dice: 0.3759
2026/07/31 13:30:23 - mmengine - INFO - Iter(train) [34500/40000]  base_lr: 8.9934e-06 lr: 8.9934e-06  eta: 2:34:01  time: 0.6625  data_time: 0.0155  memory: 9084  grad_norm: 50.4585  loss: 11.3312  decode.loss_cls: 0.0010  decode.loss_mask: 0.6233  decode.loss_dice: 0.4924  decode.d0.loss_cls: 0.0687  decode.d0.loss_mask: 0.6757  decode.d0.loss_dice: 0.5066  decode.d1.loss_cls: 0.0114  decode.d1.loss_mask: 0.6341  decode.d1.loss_dice: 0.4977  decode.d2.loss_cls: 0.0033  decode.d2.loss_mask: 0.6227  decode.d2.loss_dice: 0.4964  decode.d3.loss_cls: 0.0015  decode.d3.loss_mask: 0.6208  decode.d3.loss_dice: 0.4978  decode.d4.loss_cls: 0.0025  decode.d4.loss_mask: 0.6231  decode.d4.loss_dice: 0.4901  decode.d5.loss_cls: 0.0024  decode.d5.loss_mask: 0.6186  decode.d5.loss_dice: 0.4857  decode.d6.loss_cls: 0.0018  decode.d6.loss_mask: 0.6260  decode.d6.loss_dice: 0.4930  decode.d7.loss_cls: 0.0058  decode.d7.loss_mask: 0.6222  decode.d7.loss_dice: 0.4886  decode.d8.loss_cls: 0.0021  decode.d8.loss_mask: 0.6233  decode.d8.loss_dice: 0.4926
2026/07/31 13:31:33 - mmengine - INFO - Iter(train) [34600/40000]  base_lr: 8.8461e-06 lr: 8.8461e-06  eta: 2:30:58  time: 0.6829  data_time: 0.0159  memory: 9084  grad_norm: 90.9109  loss: 13.3705  decode.loss_cls: 0.0058  decode.loss_mask: 0.7556  decode.loss_dice: 0.5198  decode.d0.loss_cls: 0.1536  decode.d0.loss_mask: 0.9222  decode.d0.loss_dice: 0.6399  decode.d1.loss_cls: 0.0290  decode.d1.loss_mask: 0.7971  decode.d1.loss_dice: 0.5405  decode.d2.loss_cls: 0.0222  decode.d2.loss_mask: 0.7787  decode.d2.loss_dice: 0.4989  decode.d3.loss_cls: 0.0137  decode.d3.loss_mask: 0.7522  decode.d3.loss_dice: 0.5431  decode.d4.loss_cls: 0.0135  decode.d4.loss_mask: 0.7550  decode.d4.loss_dice: 0.5234  decode.d5.loss_cls: 0.0113  decode.d5.loss_mask: 0.7518  decode.d5.loss_dice: 0.5109  decode.d6.loss_cls: 0.0138  decode.d6.loss_mask: 0.7488  decode.d6.loss_dice: 0.5068  decode.d7.loss_cls: 0.0111  decode.d7.loss_mask: 0.7460  decode.d7.loss_dice: 0.5228  decode.d8.loss_cls: 0.0109  decode.d8.loss_mask: 0.7506  decode.d8.loss_dice: 0.5214
2026/07/31 13:32:41 - mmengine - INFO - Iter(train) [34700/40000]  base_lr: 8.6986e-06 lr: 8.6986e-06  eta: 2:27:55  time: 0.6913  data_time: 0.0154  memory: 9076  grad_norm: 44.9962  loss: 10.6444  decode.loss_cls: 0.0015  decode.loss_mask: 0.5977  decode.loss_dice: 0.4659  decode.d0.loss_cls: 0.0774  decode.d0.loss_mask: 0.6034  decode.d0.loss_dice: 0.4537  decode.d1.loss_cls: 0.0083  decode.d1.loss_mask: 0.5927  decode.d1.loss_dice: 0.4768  decode.d2.loss_cls: 0.0086  decode.d2.loss_mask: 0.5918  decode.d2.loss_dice: 0.4540  decode.d3.loss_cls: 0.0010  decode.d3.loss_mask: 0.5924  decode.d3.loss_dice: 0.4474  decode.d4.loss_cls: 0.0009  decode.d4.loss_mask: 0.5929  decode.d4.loss_dice: 0.4586  decode.d5.loss_cls: 0.0012  decode.d5.loss_mask: 0.5949  decode.d5.loss_dice: 0.4517  decode.d6.loss_cls: 0.0011  decode.d6.loss_mask: 0.5903  decode.d6.loss_dice: 0.4576  decode.d7.loss_cls: 0.0013  decode.d7.loss_mask: 0.5968  decode.d7.loss_dice: 0.4656  decode.d8.loss_cls: 0.0007  decode.d8.loss_mask: 0.5964  decode.d8.loss_dice: 0.4620
2026/07/31 13:33:49 - mmengine - INFO - Iter(train) [34800/40000]  base_lr: 8.5507e-06 lr: 8.5507e-06  eta: 2:24:52  time: 0.6642  data_time: 0.0154  memory: 9084  grad_norm: 62.6512  loss: 13.2260  decode.loss_cls: 0.0002  decode.loss_mask: 0.7284  decode.loss_dice: 0.5631  decode.d0.loss_cls: 0.0620  decode.d0.loss_mask: 0.8217  decode.d0.loss_dice: 0.5864  decode.d1.loss_cls: 0.0110  decode.d1.loss_mask: 0.7544  decode.d1.loss_dice: 0.5735  decode.d2.loss_cls: 0.0027  decode.d2.loss_mask: 0.7441  decode.d2.loss_dice: 0.5770  decode.d3.loss_cls: 0.0008  decode.d3.loss_mask: 0.7361  decode.d3.loss_dice: 0.5756  decode.d4.loss_cls: 0.0006  decode.d4.loss_mask: 0.7342  decode.d4.loss_dice: 0.5685  decode.d5.loss_cls: 0.0006  decode.d5.loss_mask: 0.7324  decode.d5.loss_dice: 0.5639  decode.d6.loss_cls: 0.0005  decode.d6.loss_mask: 0.7256  decode.d6.loss_dice: 0.5651  decode.d7.loss_cls: 0.0002  decode.d7.loss_mask: 0.7280  decode.d7.loss_dice: 0.5704  decode.d8.loss_cls: 0.0002  decode.d8.loss_mask: 0.7317  decode.d8.loss_dice: 0.5671
2026/07/31 13:34:55 - mmengine - INFO - Iter(train) [34900/40000]  base_lr: 8.4026e-06 lr: 8.4026e-06  eta: 2:21:50  time: 0.6646  data_time: 0.0154  memory: 9084  grad_norm: 68.3561  loss: 12.3478  decode.loss_cls: 0.0151  decode.loss_mask: 0.6464  decode.loss_dice: 0.5615  decode.d0.loss_cls: 0.0861  decode.d0.loss_mask: 0.6951  decode.d0.loss_dice: 0.6283  decode.d1.loss_cls: 0.0366  decode.d1.loss_mask: 0.6662  decode.d1.loss_dice: 0.5457  decode.d2.loss_cls: 0.0300  decode.d2.loss_mask: 0.6515  decode.d2.loss_dice: 0.5458  decode.d3.loss_cls: 0.0170  decode.d3.loss_mask: 0.6456  decode.d3.loss_dice: 0.5352  decode.d4.loss_cls: 0.0132  decode.d4.loss_mask: 0.6509  decode.d4.loss_dice: 0.5499  decode.d5.loss_cls: 0.0167  decode.d5.loss_mask: 0.6467  decode.d5.loss_dice: 0.5518  decode.d6.loss_cls: 0.0134  decode.d6.loss_mask: 0.6399  decode.d6.loss_dice: 0.5325  decode.d7.loss_cls: 0.0224  decode.d7.loss_mask: 0.6431  decode.d7.loss_dice: 0.5514  decode.d8.loss_cls: 0.0137  decode.d8.loss_mask: 0.6457  decode.d8.loss_dice: 0.5502
2026/07/31 13:36:01 - mmengine - INFO - Exp name: dinov3_m2f_gram_4999_20260730_204508
2026/07/31 13:36:01 - mmengine - INFO - Iter(train) [35000/40000]  base_lr: 8.2541e-06 lr: 8.2541e-06  eta: 2:18:49  time: 0.6601  data_time: 0.0163  memory: 9076  grad_norm: 43.0379  loss: 8.9080  decode.loss_cls: 0.0013  decode.loss_mask: 0.4564  decode.loss_dice: 0.4187  decode.d0.loss_cls: 0.0933  decode.d0.loss_mask: 0.4854  decode.d0.loss_dice: 0.4386  decode.d1.loss_cls: 0.0249  decode.d1.loss_mask: 0.4653  decode.d1.loss_dice: 0.4192  decode.d2.loss_cls: 0.0111  decode.d2.loss_mask: 0.4583  decode.d2.loss_dice: 0.4134  decode.d3.loss_cls: 0.0038  decode.d3.loss_mask: 0.4554  decode.d3.loss_dice: 0.4078  decode.d4.loss_cls: 0.0023  decode.d4.loss_mask: 0.4536  decode.d4.loss_dice: 0.4118  decode.d5.loss_cls: 0.0016  decode.d5.loss_mask: 0.4537  decode.d5.loss_dice: 0.4146  decode.d6.loss_cls: 0.0013  decode.d6.loss_mask: 0.4554  decode.d6.loss_dice: 0.4155  decode.d7.loss_cls: 0.0009  decode.d7.loss_mask: 0.4561  decode.d7.loss_dice: 0.4144  decode.d8.loss_cls: 0.0011  decode.d8.loss_mask: 0.4561  decode.d8.loss_dice: 0.4168
2026/07/31 13:37:08 - mmengine - INFO - Iter(train) [35100/40000]  base_lr: 8.1054e-06 lr: 8.1054e-06  eta: 2:15:49  time: 0.6680  data_time: 0.0155  memory: 9084  grad_norm: 33.0525  loss: 6.0562  decode.loss_cls: 0.0040  decode.loss_mask: 0.3135  decode.loss_dice: 0.2713  decode.d0.loss_cls: 0.1202  decode.d0.loss_mask: 0.3207  decode.d0.loss_dice: 0.2981  decode.d1.loss_cls: 0.0161  decode.d1.loss_mask: 0.3135  decode.d1.loss_dice: 0.2744  decode.d2.loss_cls: 0.0072  decode.d2.loss_mask: 0.3135  decode.d2.loss_dice: 0.2716  decode.d3.loss_cls: 0.0045  decode.d3.loss_mask: 0.3151  decode.d3.loss_dice: 0.2743  decode.d4.loss_cls: 0.0053  decode.d4.loss_mask: 0.3153  decode.d4.loss_dice: 0.2690  decode.d5.loss_cls: 0.0081  decode.d5.loss_mask: 0.3137  decode.d5.loss_dice: 0.2669  decode.d6.loss_cls: 0.0043  decode.d6.loss_mask: 0.3135  decode.d6.loss_dice: 0.2677  decode.d7.loss_cls: 0.0041  decode.d7.loss_mask: 0.3154  decode.d7.loss_dice: 0.2681  decode.d8.loss_cls: 0.0060  decode.d8.loss_mask: 0.3144  decode.d8.loss_dice: 0.2665
2026/07/31 13:38:15 - mmengine - INFO - Iter(train) [35200/40000]  base_lr: 7.9564e-06 lr: 7.9564e-06  eta: 2:12:49  time: 0.6872  data_time: 0.0160  memory: 9084  grad_norm: 35.4536  loss: 8.2493  decode.loss_cls: 0.0003  decode.loss_mask: 0.4265  decode.loss_dice: 0.3825  decode.d0.loss_cls: 0.0773  decode.d0.loss_mask: 0.4415  decode.d0.loss_dice: 0.4058  decode.d1.loss_cls: 0.0216  decode.d1.loss_mask: 0.4263  decode.d1.loss_dice: 0.3935  decode.d2.loss_cls: 0.0109  decode.d2.loss_mask: 0.4243  decode.d2.loss_dice: 0.3845  decode.d3.loss_cls: 0.0010  decode.d3.loss_mask: 0.4229  decode.d3.loss_dice: 0.3809  decode.d4.loss_cls: 0.0008  decode.d4.loss_mask: 0.4252  decode.d4.loss_dice: 0.3847  decode.d5.loss_cls: 0.0006  decode.d5.loss_mask: 0.4274  decode.d5.loss_dice: 0.3796  decode.d6.loss_cls: 0.0004  decode.d6.loss_mask: 0.4269  decode.d6.loss_dice: 0.3834  decode.d7.loss_cls: 0.0004  decode.d7.loss_mask: 0.4282  decode.d7.loss_dice: 0.3809  decode.d8.loss_cls: 0.0003  decode.d8.loss_mask: 0.4274  decode.d8.loss_dice: 0.3831
2026/07/31 13:39:21 - mmengine - INFO - Iter(train) [35300/40000]  base_lr: 7.8071e-06 lr: 7.8071e-06  eta: 2:09:49  time: 0.6637  data_time: 0.0159  memory: 9084  grad_norm: 43.2151  loss: 6.9304  decode.loss_cls: 0.0126  decode.loss_mask: 0.3182  decode.loss_dice: 0.3465  decode.d0.loss_cls: 0.1391  decode.d0.loss_mask: 0.3513  decode.d0.loss_dice: 0.3943  decode.d1.loss_cls: 0.0309  decode.d1.loss_mask: 0.3236  decode.d1.loss_dice: 0.3308  decode.d2.loss_cls: 0.0171  decode.d2.loss_mask: 0.3219  decode.d2.loss_dice: 0.3343  decode.d3.loss_cls: 0.0150  decode.d3.loss_mask: 0.3242  decode.d3.loss_dice: 0.3399  decode.d4.loss_cls: 0.0051  decode.d4.loss_mask: 0.3238  decode.d4.loss_dice: 0.3454  decode.d5.loss_cls: 0.0037  decode.d5.loss_mask: 0.3237  decode.d5.loss_dice: 0.3518  decode.d6.loss_cls: 0.0021  decode.d6.loss_mask: 0.3230  decode.d6.loss_dice: 0.3354  decode.d7.loss_cls: 0.0019  decode.d7.loss_mask: 0.3204  decode.d7.loss_dice: 0.3440  decode.d8.loss_cls: 0.0018  decode.d8.loss_mask: 0.3201  decode.d8.loss_dice: 0.3284
2026/07/31 13:40:28 - mmengine - INFO - Iter(train) [35400/40000]  base_lr: 7.6574e-06 lr: 7.6574e-06  eta: 2:06:51  time: 0.6743  data_time: 0.0160  memory: 9084  grad_norm: 38.1885  loss: 7.9245  decode.loss_cls: 0.0009  decode.loss_mask: 0.4010  decode.loss_dice: 0.3661  decode.d0.loss_cls: 0.0903  decode.d0.loss_mask: 0.4152  decode.d0.loss_dice: 0.3983  decode.d1.loss_cls: 0.0131  decode.d1.loss_mask: 0.3999  decode.d1.loss_dice: 0.3854  decode.d2.loss_cls: 0.0040  decode.d2.loss_mask: 0.4028  decode.d2.loss_dice: 0.3819  decode.d3.loss_cls: 0.0033  decode.d3.loss_mask: 0.3994  decode.d3.loss_dice: 0.3728  decode.d4.loss_cls: 0.0039  decode.d4.loss_mask: 0.3996  decode.d4.loss_dice: 0.3740  decode.d5.loss_cls: 0.0027  decode.d5.loss_mask: 0.4007  decode.d5.loss_dice: 0.3781  decode.d6.loss_cls: 0.0025  decode.d6.loss_mask: 0.4024  decode.d6.loss_dice: 0.3690  decode.d7.loss_cls: 0.0012  decode.d7.loss_mask: 0.4008  decode.d7.loss_dice: 0.3765  decode.d8.loss_cls: 0.0016  decode.d8.loss_mask: 0.4026  decode.d8.loss_dice: 0.3747
2026/07/31 13:41:38 - mmengine - INFO - Iter(train) [35500/40000]  base_lr: 7.5074e-06 lr: 7.5074e-06  eta: 2:03:53  time: 0.6742  data_time: 0.0160  memory: 9084  grad_norm: 101.9960  loss: 13.5859  decode.loss_cls: 0.0037  decode.loss_mask: 0.7520  decode.loss_dice: 0.5571  decode.d0.loss_cls: 0.1198  decode.d0.loss_mask: 0.8726  decode.d0.loss_dice: 0.6184  decode.d1.loss_cls: 0.0613  decode.d1.loss_mask: 0.7922  decode.d1.loss_dice: 0.5650  decode.d2.loss_cls: 0.0349  decode.d2.loss_mask: 0.7691  decode.d2.loss_dice: 0.5626  decode.d3.loss_cls: 0.0148  decode.d3.loss_mask: 0.7598  decode.d3.loss_dice: 0.5576  decode.d4.loss_cls: 0.0164  decode.d4.loss_mask: 0.7478  decode.d4.loss_dice: 0.5540  decode.d5.loss_cls: 0.0118  decode.d5.loss_mask: 0.7542  decode.d5.loss_dice: 0.5556  decode.d6.loss_cls: 0.0092  decode.d6.loss_mask: 0.7458  decode.d6.loss_dice: 0.5524  decode.d7.loss_cls: 0.0042  decode.d7.loss_mask: 0.7434  decode.d7.loss_dice: 0.5509  decode.d8.loss_cls: 0.0035  decode.d8.loss_mask: 0.7423  decode.d8.loss_dice: 0.5535
2026/07/31 13:42:45 - mmengine - INFO - Iter(train) [35600/40000]  base_lr: 7.3571e-06 lr: 7.3571e-06  eta: 2:00:56  time: 0.6618  data_time: 0.0158  memory: 9076  grad_norm: 54.8512  loss: 9.4738  decode.loss_cls: 0.0003  decode.loss_mask: 0.5103  decode.loss_dice: 0.4162  decode.d0.loss_cls: 0.0993  decode.d0.loss_mask: 0.5150  decode.d0.loss_dice: 0.4488  decode.d1.loss_cls: 0.0080  decode.d1.loss_mask: 0.5132  decode.d1.loss_dice: 0.4352  decode.d2.loss_cls: 0.0019  decode.d2.loss_mask: 0.5054  decode.d2.loss_dice: 0.4252  decode.d3.loss_cls: 0.0007  decode.d3.loss_mask: 0.5097  decode.d3.loss_dice: 0.4252  decode.d4.loss_cls: 0.0008  decode.d4.loss_mask: 0.5107  decode.d4.loss_dice: 0.4245  decode.d5.loss_cls: 0.0006  decode.d5.loss_mask: 0.5109  decode.d5.loss_dice: 0.4184  decode.d6.loss_cls: 0.0005  decode.d6.loss_mask: 0.5102  decode.d6.loss_dice: 0.4146  decode.d7.loss_cls: 0.0004  decode.d7.loss_mask: 0.5109  decode.d7.loss_dice: 0.4211  decode.d8.loss_cls: 0.0003  decode.d8.loss_mask: 0.5148  decode.d8.loss_dice: 0.4207
2026/07/31 13:43:52 - mmengine - INFO - Iter(train) [35700/40000]  base_lr: 7.2064e-06 lr: 7.2064e-06  eta: 1:57:59  time: 0.6674  data_time: 0.0159  memory: 9084  grad_norm: 59.6216  loss: 11.4343  decode.loss_cls: 0.0002  decode.loss_mask: 0.6440  decode.loss_dice: 0.4880  decode.d0.loss_cls: 0.0622  decode.d0.loss_mask: 0.6605  decode.d0.loss_dice: 0.4978  decode.d1.loss_cls: 0.0134  decode.d1.loss_mask: 0.6386  decode.d1.loss_dice: 0.4900  decode.d2.loss_cls: 0.0033  decode.d2.loss_mask: 0.6408  decode.d2.loss_dice: 0.4893  decode.d3.loss_cls: 0.0010  decode.d3.loss_mask: 0.6410  decode.d3.loss_dice: 0.4912  decode.d4.loss_cls: 0.0005  decode.d4.loss_mask: 0.6386  decode.d4.loss_dice: 0.4931  decode.d5.loss_cls: 0.0005  decode.d5.loss_mask: 0.6418  decode.d5.loss_dice: 0.4890  decode.d6.loss_cls: 0.0003  decode.d6.loss_mask: 0.6439  decode.d6.loss_dice: 0.4941  decode.d7.loss_cls: 0.0002  decode.d7.loss_mask: 0.6418  decode.d7.loss_dice: 0.4917  decode.d8.loss_cls: 0.0001  decode.d8.loss_mask: 0.6463  decode.d8.loss_dice: 0.4911
2026/07/31 13:44:59 - mmengine - INFO - Iter(train) [35800/40000]  base_lr: 7.0554e-06 lr: 7.0554e-06  eta: 1:55:03  time: 0.6790  data_time: 0.0158  memory: 9084  grad_norm: 65.2683  loss: 11.5854  decode.loss_cls: 0.0027  decode.loss_mask: 0.6211  decode.loss_dice: 0.5326  decode.d0.loss_cls: 0.0752  decode.d0.loss_mask: 0.6352  decode.d0.loss_dice: 0.5198  decode.d1.loss_cls: 0.0254  decode.d1.loss_mask: 0.6185  decode.d1.loss_dice: 0.5178  decode.d2.loss_cls: 0.0087  decode.d2.loss_mask: 0.6198  decode.d2.loss_dice: 0.5287  decode.d3.loss_cls: 0.0077  decode.d3.loss_mask: 0.6212  decode.d3.loss_dice: 0.5268  decode.d4.loss_cls: 0.0066  decode.d4.loss_mask: 0.6197  decode.d4.loss_dice: 0.5217  decode.d5.loss_cls: 0.0039  decode.d5.loss_mask: 0.6171  decode.d5.loss_dice: 0.5142  decode.d6.loss_cls: 0.0032  decode.d6.loss_mask: 0.6174  decode.d6.loss_dice: 0.5245  decode.d7.loss_cls: 0.0104  decode.d7.loss_mask: 0.6188  decode.d7.loss_dice: 0.5215  decode.d8.loss_cls: 0.0034  decode.d8.loss_mask: 0.6187  decode.d8.loss_dice: 0.5231
2026/07/31 13:46:06 - mmengine - INFO - Iter(train) [35900/40000]  base_lr: 6.9041e-06 lr: 6.9041e-06  eta: 1:52:08  time: 0.6623  data_time: 0.0162  memory: 9076  grad_norm: 56.0827  loss: 8.9555  decode.loss_cls: 0.0024  decode.loss_mask: 0.4636  decode.loss_dice: 0.3948  decode.d0.loss_cls: 0.1159  decode.d0.loss_mask: 0.4841  decode.d0.loss_dice: 0.4427  decode.d1.loss_cls: 0.0380  decode.d1.loss_mask: 0.4676  decode.d1.loss_dice: 0.4094  decode.d2.loss_cls: 0.0201  decode.d2.loss_mask: 0.4681  decode.d2.loss_dice: 0.4106  decode.d3.loss_cls: 0.0047  decode.d3.loss_mask: 0.4657  decode.d3.loss_dice: 0.4104  decode.d4.loss_cls: 0.0026  decode.d4.loss_mask: 0.4647  decode.d4.loss_dice: 0.4034  decode.d5.loss_cls: 0.0027  decode.d5.loss_mask: 0.4635  decode.d5.loss_dice: 0.4066  decode.d6.loss_cls: 0.0024  decode.d6.loss_mask: 0.4688  decode.d6.loss_dice: 0.4015  decode.d7.loss_cls: 0.0041  decode.d7.loss_mask: 0.4663  decode.d7.loss_dice: 0.4030  decode.d8.loss_cls: 0.0025  decode.d8.loss_mask: 0.4632  decode.d8.loss_dice: 0.4020
2026/07/31 13:47:13 - mmengine - INFO - Exp name: dinov3_m2f_gram_4999_20260730_204508
2026/07/31 13:47:13 - mmengine - INFO - Iter(train) [36000/40000]  base_lr: 6.7523e-06 lr: 6.7523e-06  eta: 1:49:13  time: 0.6637  data_time: 0.0159  memory: 9084  grad_norm: 110.2962  loss: 12.7979  decode.loss_cls: 0.0277  decode.loss_mask: 0.6240  decode.loss_dice: 0.5165  decode.d0.loss_cls: 0.2044  decode.d0.loss_mask: 0.9951  decode.d0.loss_dice: 0.7646  decode.d1.loss_cls: 0.0862  decode.d1.loss_mask: 0.7068  decode.d1.loss_dice: 0.5741  decode.d2.loss_cls: 0.0533  decode.d2.loss_mask: 0.6572  decode.d2.loss_dice: 0.5481  decode.d3.loss_cls: 0.0412  decode.d3.loss_mask: 0.6321  decode.d3.loss_dice: 0.5290  decode.d4.loss_cls: 0.0360  decode.d4.loss_mask: 0.6274  decode.d4.loss_dice: 0.5306  decode.d5.loss_cls: 0.0344  decode.d5.loss_mask: 0.6173  decode.d5.loss_dice: 0.5160  decode.d6.loss_cls: 0.0302  decode.d6.loss_mask: 0.6101  decode.d6.loss_dice: 0.5067  decode.d7.loss_cls: 0.0353  decode.d7.loss_mask: 0.6139  decode.d7.loss_dice: 0.5105  decode.d8.loss_cls: 0.0292  decode.d8.loss_mask: 0.6211  decode.d8.loss_dice: 0.5186
2026/07/31 13:47:13 - mmengine - INFO - Saving checkpoint at 36000 iterations
2026/07/31 13:47:54 - mmengine - INFO - Iter(val) [100/504]    eta: 0:01:27  time: 0.2079  data_time: 0.0077  memory: 3098  
2026/07/31 13:48:14 - mmengine - INFO - Iter(val) [200/504]    eta: 0:01:04  time: 0.2081  data_time: 0.0076  memory: 3098  
2026/07/31 13:48:35 - mmengine - INFO - Iter(val) [300/504]    eta: 0:00:43  time: 0.2095  data_time: 0.0077  memory: 3098  
2026/07/31 13:48:56 - mmengine - INFO - Iter(val) [400/504]    eta: 0:00:21  time: 0.2113  data_time: 0.0078  memory: 3098  
2026/07/31 13:49:18 - mmengine - INFO - Iter(val) [500/504]    eta: 0:00:00  time: 0.2114  data_time: 0.0080  memory: 3098  
2026/07/31 13:49:22 - mmengine - INFO - per class results:
2026/07/31 13:49:22 - mmengine - INFO - 
+--------------------+-------+-------+--------+-----------+--------+
|       Class        |  IoU  |  Acc  | Fscore | Precision | Recall |
+--------------------+-------+-------+--------+-----------+--------+
| impervious_surface | 82.14 | 88.91 | 90.19  |   91.51   | 88.91  |
|      building      | 88.94 | 98.69 | 94.15  |    90.0   | 98.69  |
|   low_vegetation   | 68.07 |  91.5 |  81.0  |   72.67   |  91.5  |
|        tree        | 63.84 | 65.06 | 77.93  |   97.15   | 65.06  |
|        car         | 86.02 | 88.17 | 92.48  |   97.24   | 88.17  |
+--------------------+-------+-------+--------+-----------+--------+
2026/07/31 13:49:22 - mmengine - INFO - Iter(val) [504/504]    aAcc: 85.0800  mIoU: 77.8000  mAcc: 86.4700  mFscore: 87.1500  mPrecision: 89.7200  mRecall: 86.4700  data_time: 0.0091  time: 0.2111
2026/07/31 13:50:29 - mmengine - INFO - Iter(train) [36100/40000]  base_lr: 6.6002e-06 lr: 6.6002e-06  eta: 1:46:19  time: 0.6643  data_time: 0.0154  memory: 9084  grad_norm: 61.9062  loss: 10.2458  decode.loss_cls: 0.0110  decode.loss_mask: 0.5526  decode.loss_dice: 0.4388  decode.d0.loss_cls: 0.1255  decode.d0.loss_mask: 0.5612  decode.d0.loss_dice: 0.4665  decode.d1.loss_cls: 0.0301  decode.d1.loss_mask: 0.5436  decode.d1.loss_dice: 0.4588  decode.d2.loss_cls: 0.0220  decode.d2.loss_mask: 0.5419  decode.d2.loss_dice: 0.4494  decode.d3.loss_cls: 0.0203  decode.d3.loss_mask: 0.5451  decode.d3.loss_dice: 0.4537  decode.d4.loss_cls: 0.0169  decode.d4.loss_mask: 0.5446  decode.d4.loss_dice: 0.4391  decode.d5.loss_cls: 0.0148  decode.d5.loss_mask: 0.5451  decode.d5.loss_dice: 0.4357  decode.d6.loss_cls: 0.0172  decode.d6.loss_mask: 0.5461  decode.d6.loss_dice: 0.4403  decode.d7.loss_cls: 0.0164  decode.d7.loss_mask: 0.5551  decode.d7.loss_dice: 0.4393  decode.d8.loss_cls: 0.0169  decode.d8.loss_mask: 0.5524  decode.d8.loss_dice: 0.4452
2026/07/31 13:51:36 - mmengine - INFO - Iter(train) [36200/40000]  base_lr: 6.4477e-06 lr: 6.4477e-06  eta: 1:43:25  time: 0.6693  data_time: 0.0157  memory: 9084  grad_norm: 57.3758  loss: 10.5686  decode.loss_cls: 0.0027  decode.loss_mask: 0.5369  decode.loss_dice: 0.4715  decode.d0.loss_cls: 0.0965  decode.d0.loss_mask: 0.6473  decode.d0.loss_dice: 0.5711  decode.d1.loss_cls: 0.0227  decode.d1.loss_mask: 0.5624  decode.d1.loss_dice: 0.4978  decode.d2.loss_cls: 0.0176  decode.d2.loss_mask: 0.5517  decode.d2.loss_dice: 0.4830  decode.d3.loss_cls: 0.0093  decode.d3.loss_mask: 0.5442  decode.d3.loss_dice: 0.4671  decode.d4.loss_cls: 0.0072  decode.d4.loss_mask: 0.5446  decode.d4.loss_dice: 0.4701  decode.d5.loss_cls: 0.0063  decode.d5.loss_mask: 0.5414  decode.d5.loss_dice: 0.4750  decode.d6.loss_cls: 0.0043  decode.d6.loss_mask: 0.5396  decode.d6.loss_dice: 0.4734  decode.d7.loss_cls: 0.0049  decode.d7.loss_mask: 0.5392  decode.d7.loss_dice: 0.4689  decode.d8.loss_cls: 0.0034  decode.d8.loss_mask: 0.5368  decode.d8.loss_dice: 0.4715
2026/07/31 13:52:46 - mmengine - INFO - Iter(train) [36300/40000]  base_lr: 6.2948e-06 lr: 6.2948e-06  eta: 1:40:32  time: 0.6845  data_time: 0.0156  memory: 9084  grad_norm: 54.5388  loss: 9.1556  decode.loss_cls: 0.0030  decode.loss_mask: 0.5160  decode.loss_dice: 0.3576  decode.d0.loss_cls: 0.1262  decode.d0.loss_mask: 0.5555  decode.d0.loss_dice: 0.4200  decode.d1.loss_cls: 0.0189  decode.d1.loss_mask: 0.5279  decode.d1.loss_dice: 0.3752  decode.d2.loss_cls: 0.0101  decode.d2.loss_mask: 0.5255  decode.d2.loss_dice: 0.3714  decode.d3.loss_cls: 0.0112  decode.d3.loss_mask: 0.5277  decode.d3.loss_dice: 0.3739  decode.d4.loss_cls: 0.0095  decode.d4.loss_mask: 0.5238  decode.d4.loss_dice: 0.3657  decode.d5.loss_cls: 0.0048  decode.d5.loss_mask: 0.5212  decode.d5.loss_dice: 0.3612  decode.d6.loss_cls: 0.0043  decode.d6.loss_mask: 0.5184  decode.d6.loss_dice: 0.3600  decode.d7.loss_cls: 0.0032  decode.d7.loss_mask: 0.5188  decode.d7.loss_dice: 0.3635  decode.d8.loss_cls: 0.0032  decode.d8.loss_mask: 0.5180  decode.d8.loss_dice: 0.3597
2026/07/31 13:53:53 - mmengine - INFO - Iter(train) [36400/40000]  base_lr: 6.1415e-06 lr: 6.1415e-06  eta: 1:37:40  time: 0.6569  data_time: 0.0161  memory: 9076  grad_norm: 86.6851  loss: 13.2181  decode.loss_cls: 0.0119  decode.loss_mask: 0.7402  decode.loss_dice: 0.5297  decode.d0.loss_cls: 0.1045  decode.d0.loss_mask: 0.8195  decode.d0.loss_dice: 0.6015  decode.d1.loss_cls: 0.0250  decode.d1.loss_mask: 0.7487  decode.d1.loss_dice: 0.5323  decode.d2.loss_cls: 0.0180  decode.d2.loss_mask: 0.7488  decode.d2.loss_dice: 0.5390  decode.d3.loss_cls: 0.0089  decode.d3.loss_mask: 0.7378  decode.d3.loss_dice: 0.5393  decode.d4.loss_cls: 0.0140  decode.d4.loss_mask: 0.7413  decode.d4.loss_dice: 0.5415  decode.d5.loss_cls: 0.0101  decode.d5.loss_mask: 0.7424  decode.d5.loss_dice: 0.5475  decode.d6.loss_cls: 0.0114  decode.d6.loss_mask: 0.7421  decode.d6.loss_dice: 0.5421  decode.d7.loss_cls: 0.0124  decode.d7.loss_mask: 0.7419  decode.d7.loss_dice: 0.5562  decode.d8.loss_cls: 0.0257  decode.d8.loss_mask: 0.7413  decode.d8.loss_dice: 0.5431
2026/07/31 13:55:00 - mmengine - INFO - Iter(train) [36500/40000]  base_lr: 5.9877e-06 lr: 5.9877e-06  eta: 1:34:48  time: 0.6612  data_time: 0.0163  memory: 9084  grad_norm: 44.4342  loss: 9.4305  decode.loss_cls: 0.0002  decode.loss_mask: 0.5110  decode.loss_dice: 0.4219  decode.d0.loss_cls: 0.0728  decode.d0.loss_mask: 0.5318  decode.d0.loss_dice: 0.4322  decode.d1.loss_cls: 0.0041  decode.d1.loss_mask: 0.5116  decode.d1.loss_dice: 0.4290  decode.d2.loss_cls: 0.0017  decode.d2.loss_mask: 0.5084  decode.d2.loss_dice: 0.4227  decode.d3.loss_cls: 0.0013  decode.d3.loss_mask: 0.5123  decode.d3.loss_dice: 0.4226  decode.d4.loss_cls: 0.0008  decode.d4.loss_mask: 0.5094  decode.d4.loss_dice: 0.4211  decode.d5.loss_cls: 0.0004  decode.d5.loss_mask: 0.5120  decode.d5.loss_dice: 0.4204  decode.d6.loss_cls: 0.0003  decode.d6.loss_mask: 0.5120  decode.d6.loss_dice: 0.4149  decode.d7.loss_cls: 0.0003  decode.d7.loss_mask: 0.5116  decode.d7.loss_dice: 0.4186  decode.d8.loss_cls: 0.0002  decode.d8.loss_mask: 0.5120  decode.d8.loss_dice: 0.4127
2026/07/31 13:56:06 - mmengine - INFO - Iter(train) [36600/40000]  base_lr: 5.8335e-06 lr: 5.8335e-06  eta: 1:31:56  time: 0.6702  data_time: 0.0161  memory: 9084  grad_norm: 31.6577  loss: 6.3588  decode.loss_cls: 0.0002  decode.loss_mask: 0.3210  decode.loss_dice: 0.3038  decode.d0.loss_cls: 0.0692  decode.d0.loss_mask: 0.3260  decode.d0.loss_dice: 0.3338  decode.d1.loss_cls: 0.0319  decode.d1.loss_mask: 0.3215  decode.d1.loss_dice: 0.2940  decode.d2.loss_cls: 0.0030  decode.d2.loss_mask: 0.3224  decode.d2.loss_dice: 0.3071  decode.d3.loss_cls: 0.0011  decode.d3.loss_mask: 0.3225  decode.d3.loss_dice: 0.3020  decode.d4.loss_cls: 0.0005  decode.d4.loss_mask: 0.3237  decode.d4.loss_dice: 0.2871  decode.d5.loss_cls: 0.0003  decode.d5.loss_mask: 0.3214  decode.d5.loss_dice: 0.2933  decode.d6.loss_cls: 0.0003  decode.d6.loss_mask: 0.3233  decode.d6.loss_dice: 0.3070  decode.d7.loss_cls: 0.0002  decode.d7.loss_mask: 0.3224  decode.d7.loss_dice: 0.3010  decode.d8.loss_cls: 0.0002  decode.d8.loss_mask: 0.3229  decode.d8.loss_dice: 0.2955
2026/07/31 13:57:13 - mmengine - INFO - Iter(train) [36700/40000]  base_lr: 5.6789e-06 lr: 5.6789e-06  eta: 1:29:05  time: 0.6700  data_time: 0.0157  memory: 9084  grad_norm: 63.1745  loss: 8.5867  decode.loss_cls: 0.0017  decode.loss_mask: 0.4840  decode.loss_dice: 0.3330  decode.d0.loss_cls: 0.1626  decode.d0.loss_mask: 0.5393  decode.d0.loss_dice: 0.3677  decode.d1.loss_cls: 0.0183  decode.d1.loss_mask: 0.5023  decode.d1.loss_dice: 0.3407  decode.d2.loss_cls: 0.0096  decode.d2.loss_mask: 0.4992  decode.d2.loss_dice: 0.3415  decode.d3.loss_cls: 0.0061  decode.d3.loss_mask: 0.4931  decode.d3.loss_dice: 0.3402  decode.d4.loss_cls: 0.0044  decode.d4.loss_mask: 0.4933  decode.d4.loss_dice: 0.3353  decode.d5.loss_cls: 0.0026  decode.d5.loss_mask: 0.4907  decode.d5.loss_dice: 0.3395  decode.d6.loss_cls: 0.0028  decode.d6.loss_mask: 0.4910  decode.d6.loss_dice: 0.3387  decode.d7.loss_cls: 0.0017  decode.d7.loss_mask: 0.4855  decode.d7.loss_dice: 0.3359  decode.d8.loss_cls: 0.0013  decode.d8.loss_mask: 0.4898  decode.d8.loss_dice: 0.3350
2026/07/31 13:58:20 - mmengine - INFO - Iter(train) [36800/40000]  base_lr: 5.5237e-06 lr: 5.5237e-06  eta: 1:26:15  time: 0.6625  data_time: 0.0165  memory: 9076  grad_norm: 43.7781  loss: 8.6563  decode.loss_cls: 0.0014  decode.loss_mask: 0.4300  decode.loss_dice: 0.4188  decode.d0.loss_cls: 0.0875  decode.d0.loss_mask: 0.4470  decode.d0.loss_dice: 0.4430  decode.d1.loss_cls: 0.0194  decode.d1.loss_mask: 0.4393  decode.d1.loss_dice: 0.4322  decode.d2.loss_cls: 0.0230  decode.d2.loss_mask: 0.4311  decode.d2.loss_dice: 0.4063  decode.d3.loss_cls: 0.0024  decode.d3.loss_mask: 0.4260  decode.d3.loss_dice: 0.4222  decode.d4.loss_cls: 0.0042  decode.d4.loss_mask: 0.4286  decode.d4.loss_dice: 0.4144  decode.d5.loss_cls: 0.0039  decode.d5.loss_mask: 0.4289  decode.d5.loss_dice: 0.4200  decode.d6.loss_cls: 0.0030  decode.d6.loss_mask: 0.4295  decode.d6.loss_dice: 0.4037  decode.d7.loss_cls: 0.0029  decode.d7.loss_mask: 0.4296  decode.d7.loss_dice: 0.4031  decode.d8.loss_cls: 0.0024  decode.d8.loss_mask: 0.4276  decode.d8.loss_dice: 0.4248
2026/07/31 13:59:27 - mmengine - INFO - Iter(train) [36900/40000]  base_lr: 5.3681e-06 lr: 5.3681e-06  eta: 1:23:25  time: 0.6632  data_time: 0.0155  memory: 9084  grad_norm: 79.1049  loss: 13.1788  decode.loss_cls: 0.0179  decode.loss_mask: 0.7125  decode.loss_dice: 0.5167  decode.d0.loss_cls: 0.1193  decode.d0.loss_mask: 0.9086  decode.d0.loss_dice: 0.6278  decode.d1.loss_cls: 0.0141  decode.d1.loss_mask: 0.7819  decode.d1.loss_dice: 0.5585  decode.d2.loss_cls: 0.0146  decode.d2.loss_mask: 0.7727  decode.d2.loss_dice: 0.5511  decode.d3.loss_cls: 0.0387  decode.d3.loss_mask: 0.7322  decode.d3.loss_dice: 0.5214  decode.d4.loss_cls: 0.0302  decode.d4.loss_mask: 0.7200  decode.d4.loss_dice: 0.5161  decode.d5.loss_cls: 0.0267  decode.d5.loss_mask: 0.7140  decode.d5.loss_dice: 0.5122  decode.d6.loss_cls: 0.0189  decode.d6.loss_mask: 0.7113  decode.d6.loss_dice: 0.5245  decode.d7.loss_cls: 0.0211  decode.d7.loss_mask: 0.7143  decode.d7.loss_dice: 0.5210  decode.d8.loss_cls: 0.0183  decode.d8.loss_mask: 0.7213  decode.d8.loss_dice: 0.5209
2026/07/31 14:00:33 - mmengine - INFO - Exp name: dinov3_m2f_gram_4999_20260730_204508
2026/07/31 14:00:33 - mmengine - INFO - Iter(train) [37000/40000]  base_lr: 5.2120e-06 lr: 5.2120e-06  eta: 1:20:36  time: 0.6626  data_time: 0.0158  memory: 9084  grad_norm: 26.2485  loss: 6.1721  decode.loss_cls: 0.0003  decode.loss_mask: 0.3272  decode.loss_dice: 0.2805  decode.d0.loss_cls: 0.1101  decode.d0.loss_mask: 0.3462  decode.d0.loss_dice: 0.2851  decode.d1.loss_cls: 0.0133  decode.d1.loss_mask: 0.3267  decode.d1.loss_dice: 0.2825  decode.d2.loss_cls: 0.0027  decode.d2.loss_mask: 0.3243  decode.d2.loss_dice: 0.2693  decode.d3.loss_cls: 0.0012  decode.d3.loss_mask: 0.3260  decode.d3.loss_dice: 0.2686  decode.d4.loss_cls: 0.0007  decode.d4.loss_mask: 0.3254  decode.d4.loss_dice: 0.2683  decode.d5.loss_cls: 0.0004  decode.d5.loss_mask: 0.3264  decode.d5.loss_dice: 0.2724  decode.d6.loss_cls: 0.0003  decode.d6.loss_mask: 0.3272  decode.d6.loss_dice: 0.2777  decode.d7.loss_cls: 0.0003  decode.d7.loss_mask: 0.3255  decode.d7.loss_dice: 0.2787  decode.d8.loss_cls: 0.0003  decode.d8.loss_mask: 0.3265  decode.d8.loss_dice: 0.2780
2026/07/31 14:01:39 - mmengine - INFO - Iter(train) [37100/40000]  base_lr: 5.0554e-06 lr: 5.0554e-06  eta: 1:17:48  time: 0.6607  data_time: 0.0163  memory: 9084  grad_norm: 50.5226  loss: 10.1797  decode.loss_cls: 0.0011  decode.loss_mask: 0.5620  decode.loss_dice: 0.4405  decode.d0.loss_cls: 0.1015  decode.d0.loss_mask: 0.6016  decode.d0.loss_dice: 0.4581  decode.d1.loss_cls: 0.0377  decode.d1.loss_mask: 0.5702  decode.d1.loss_dice: 0.4365  decode.d2.loss_cls: 0.0079  decode.d2.loss_mask: 0.5810  decode.d2.loss_dice: 0.4357  decode.d3.loss_cls: 0.0034  decode.d3.loss_mask: 0.5655  decode.d3.loss_dice: 0.4233  decode.d4.loss_cls: 0.0019  decode.d4.loss_mask: 0.5617  decode.d4.loss_dice: 0.4345  decode.d5.loss_cls: 0.0015  decode.d5.loss_mask: 0.5615  decode.d5.loss_dice: 0.4393  decode.d6.loss_cls: 0.0019  decode.d6.loss_mask: 0.5633  decode.d6.loss_dice: 0.4245  decode.d7.loss_cls: 0.0013  decode.d7.loss_mask: 0.5602  decode.d7.loss_dice: 0.4214  decode.d8.loss_cls: 0.0011  decode.d8.loss_mask: 0.5592  decode.d8.loss_dice: 0.4201
2026/07/31 14:02:48 - mmengine - INFO - Iter(train) [37200/40000]  base_lr: 4.8983e-06 lr: 4.8983e-06  eta: 1:15:00  time: 0.6623  data_time: 0.0159  memory: 9084  grad_norm: 77.5196  loss: 12.9181  decode.loss_cls: 0.0001  decode.loss_mask: 0.7464  decode.loss_dice: 0.5132  decode.d0.loss_cls: 0.1197  decode.d0.loss_mask: 0.7997  decode.d0.loss_dice: 0.5356  decode.d1.loss_cls: 0.0151  decode.d1.loss_mask: 0.7683  decode.d1.loss_dice: 0.5322  decode.d2.loss_cls: 0.0047  decode.d2.loss_mask: 0.7633  decode.d2.loss_dice: 0.5305  decode.d3.loss_cls: 0.0025  decode.d3.loss_mask: 0.7486  decode.d3.loss_dice: 0.5134  decode.d4.loss_cls: 0.0015  decode.d4.loss_mask: 0.7528  decode.d4.loss_dice: 0.5169  decode.d5.loss_cls: 0.0005  decode.d5.loss_mask: 0.7485  decode.d5.loss_dice: 0.5170  decode.d6.loss_cls: 0.0004  decode.d6.loss_mask: 0.7464  decode.d6.loss_dice: 0.5121  decode.d7.loss_cls: 0.0003  decode.d7.loss_mask: 0.7532  decode.d7.loss_dice: 0.5127  decode.d8.loss_cls: 0.0002  decode.d8.loss_mask: 0.7469  decode.d8.loss_dice: 0.5153
2026/07/31 14:03:56 - mmengine - INFO - Iter(train) [37300/40000]  base_lr: 4.7405e-06 lr: 4.7405e-06  eta: 1:12:12  time: 0.6986  data_time: 0.0156  memory: 9076  grad_norm: 51.5754  loss: 10.6853  decode.loss_cls: 0.0002  decode.loss_mask: 0.5844  decode.loss_dice: 0.4611  decode.d0.loss_cls: 0.1150  decode.d0.loss_mask: 0.6057  decode.d0.loss_dice: 0.4644  decode.d1.loss_cls: 0.0131  decode.d1.loss_mask: 0.5886  decode.d1.loss_dice: 0.4830  decode.d2.loss_cls: 0.0067  decode.d2.loss_mask: 0.5853  decode.d2.loss_dice: 0.4793  decode.d3.loss_cls: 0.0012  decode.d3.loss_mask: 0.5821  decode.d3.loss_dice: 0.4649  decode.d4.loss_cls: 0.0010  decode.d4.loss_mask: 0.5844  decode.d4.loss_dice: 0.4638  decode.d5.loss_cls: 0.0009  decode.d5.loss_mask: 0.5857  decode.d5.loss_dice: 0.4646  decode.d6.loss_cls: 0.0006  decode.d6.loss_mask: 0.5820  decode.d6.loss_dice: 0.4652  decode.d7.loss_cls: 0.0003  decode.d7.loss_mask: 0.5847  decode.d7.loss_dice: 0.4614  decode.d8.loss_cls: 0.0002  decode.d8.loss_mask: 0.5830  decode.d8.loss_dice: 0.4726
2026/07/31 14:05:02 - mmengine - INFO - Iter(train) [37400/40000]  base_lr: 4.5822e-06 lr: 4.5822e-06  eta: 1:09:25  time: 0.6714  data_time: 0.0160  memory: 9084  grad_norm: 84.5918  loss: 12.9690  decode.loss_cls: 0.0012  decode.loss_mask: 0.7257  decode.loss_dice: 0.5378  decode.d0.loss_cls: 0.0716  decode.d0.loss_mask: 0.8292  decode.d0.loss_dice: 0.5740  decode.d1.loss_cls: 0.0221  decode.d1.loss_mask: 0.7452  decode.d1.loss_dice: 0.5546  decode.d2.loss_cls: 0.0048  decode.d2.loss_mask: 0.7340  decode.d2.loss_dice: 0.5502  decode.d3.loss_cls: 0.0012  decode.d3.loss_mask: 0.7260  decode.d3.loss_dice: 0.5465  decode.d4.loss_cls: 0.0009  decode.d4.loss_mask: 0.7254  decode.d4.loss_dice: 0.5431  decode.d5.loss_cls: 0.0016  decode.d5.loss_mask: 0.7253  decode.d5.loss_dice: 0.5416  decode.d6.loss_cls: 0.0021  decode.d6.loss_mask: 0.7251  decode.d6.loss_dice: 0.5422  decode.d7.loss_cls: 0.0018  decode.d7.loss_mask: 0.7233  decode.d7.loss_dice: 0.5409  decode.d8.loss_cls: 0.0020  decode.d8.loss_mask: 0.7261  decode.d8.loss_dice: 0.5434
2026/07/31 14:06:09 - mmengine - INFO - Iter(train) [37500/40000]  base_lr: 4.4233e-06 lr: 4.4233e-06  eta: 1:06:39  time: 0.6669  data_time: 0.0158  memory: 9084  grad_norm: 69.7330  loss: 10.3162  decode.loss_cls: 0.0009  decode.loss_mask: 0.5747  decode.loss_dice: 0.4199  decode.d0.loss_cls: 0.0946  decode.d0.loss_mask: 0.6135  decode.d0.loss_dice: 0.4891  decode.d1.loss_cls: 0.0229  decode.d1.loss_mask: 0.5813  decode.d1.loss_dice: 0.4400  decode.d2.loss_cls: 0.0097  decode.d2.loss_mask: 0.5663  decode.d2.loss_dice: 0.4474  decode.d3.loss_cls: 0.0058  decode.d3.loss_mask: 0.5671  decode.d3.loss_dice: 0.4239  decode.d4.loss_cls: 0.0023  decode.d4.loss_mask: 0.5694  decode.d4.loss_dice: 0.4375  decode.d5.loss_cls: 0.0015  decode.d5.loss_mask: 0.5680  decode.d5.loss_dice: 0.4449  decode.d6.loss_cls: 0.0007  decode.d6.loss_mask: 0.5706  decode.d6.loss_dice: 0.4297  decode.d7.loss_cls: 0.0005  decode.d7.loss_mask: 0.5708  decode.d7.loss_dice: 0.4431  decode.d8.loss_cls: 0.0005  decode.d8.loss_mask: 0.5697  decode.d8.loss_dice: 0.4498
2026/07/31 14:07:16 - mmengine - INFO - Iter(train) [37600/40000]  base_lr: 4.2637e-06 lr: 4.2637e-06  eta: 1:03:53  time: 0.6593  data_time: 0.0153  memory: 9076  grad_norm: 47.9747  loss: 8.4626  decode.loss_cls: 0.0004  decode.loss_mask: 0.4148  decode.loss_dice: 0.4114  decode.d0.loss_cls: 0.0917  decode.d0.loss_mask: 0.4590  decode.d0.loss_dice: 0.4533  decode.d1.loss_cls: 0.0355  decode.d1.loss_mask: 0.4282  decode.d1.loss_dice: 0.4112  decode.d2.loss_cls: 0.0193  decode.d2.loss_mask: 0.4204  decode.d2.loss_dice: 0.4063  decode.d3.loss_cls: 0.0031  decode.d3.loss_mask: 0.4192  decode.d3.loss_dice: 0.4089  decode.d4.loss_cls: 0.0018  decode.d4.loss_mask: 0.4145  decode.d4.loss_dice: 0.4000  decode.d5.loss_cls: 0.0014  decode.d5.loss_mask: 0.4170  decode.d5.loss_dice: 0.4047  decode.d6.loss_cls: 0.0005  decode.d6.loss_mask: 0.4149  decode.d6.loss_dice: 0.3985  decode.d7.loss_cls: 0.0004  decode.d7.loss_mask: 0.4155  decode.d7.loss_dice: 0.4002  decode.d8.loss_cls: 0.0004  decode.d8.loss_mask: 0.4122  decode.d8.loss_dice: 0.3979
2026/07/31 14:08:23 - mmengine - INFO - Iter(train) [37700/40000]  base_lr: 4.1035e-06 lr: 4.1035e-06  eta: 1:01:07  time: 0.6972  data_time: 0.0154  memory: 9084  grad_norm: 62.4232  loss: 12.0777  decode.loss_cls: 0.0074  decode.loss_mask: 0.6701  decode.loss_dice: 0.4978  decode.d0.loss_cls: 0.1954  decode.d0.loss_mask: 0.7482  decode.d0.loss_dice: 0.5864  decode.d1.loss_cls: 0.0396  decode.d1.loss_mask: 0.6743  decode.d1.loss_dice: 0.4987  decode.d2.loss_cls: 0.0340  decode.d2.loss_mask: 0.6630  decode.d2.loss_dice: 0.4875  decode.d3.loss_cls: 0.0206  decode.d3.loss_mask: 0.6536  decode.d3.loss_dice: 0.4855  decode.d4.loss_cls: 0.0181  decode.d4.loss_mask: 0.6591  decode.d4.loss_dice: 0.4974  decode.d5.loss_cls: 0.0117  decode.d5.loss_mask: 0.6668  decode.d5.loss_dice: 0.4851  decode.d6.loss_cls: 0.0125  decode.d6.loss_mask: 0.6638  decode.d6.loss_dice: 0.4825  decode.d7.loss_cls: 0.0078  decode.d7.loss_mask: 0.6669  decode.d7.loss_dice: 0.4846  decode.d8.loss_cls: 0.0073  decode.d8.loss_mask: 0.6659  decode.d8.loss_dice: 0.4862
2026/07/31 14:09:30 - mmengine - INFO - Iter(train) [37800/40000]  base_lr: 3.9426e-06 lr: 3.9426e-06  eta: 0:58:23  time: 0.6595  data_time: 0.0156  memory: 9084  grad_norm: 59.1006  loss: 9.3964  decode.loss_cls: 0.0003  decode.loss_mask: 0.5009  decode.loss_dice: 0.4404  decode.d0.loss_cls: 0.0809  decode.d0.loss_mask: 0.5069  decode.d0.loss_dice: 0.4431  decode.d1.loss_cls: 0.0261  decode.d1.loss_mask: 0.5085  decode.d1.loss_dice: 0.4333  decode.d2.loss_cls: 0.0076  decode.d2.loss_mask: 0.5062  decode.d2.loss_dice: 0.4212  decode.d3.loss_cls: 0.0033  decode.d3.loss_mask: 0.5037  decode.d3.loss_dice: 0.4160  decode.d4.loss_cls: 0.0013  decode.d4.loss_mask: 0.5038  decode.d4.loss_dice: 0.4050  decode.d5.loss_cls: 0.0014  decode.d5.loss_mask: 0.5042  decode.d5.loss_dice: 0.4242  decode.d6.loss_cls: 0.0007  decode.d6.loss_mask: 0.5031  decode.d6.loss_dice: 0.4235  decode.d7.loss_cls: 0.0006  decode.d7.loss_mask: 0.5011  decode.d7.loss_dice: 0.4219  decode.d8.loss_cls: 0.0003  decode.d8.loss_mask: 0.5000  decode.d8.loss_dice: 0.4069
2026/07/31 14:10:36 - mmengine - INFO - Iter(train) [37900/40000]  base_lr: 3.7809e-06 lr: 3.7809e-06  eta: 0:55:38  time: 0.6593  data_time: 0.0160  memory: 9084  grad_norm: 45.2337  loss: 7.5863  decode.loss_cls: 0.0038  decode.loss_mask: 0.3032  decode.loss_dice: 0.4149  decode.d0.loss_cls: 0.1220  decode.d0.loss_mask: 0.3203  decode.d0.loss_dice: 0.4748  decode.d1.loss_cls: 0.0435  decode.d1.loss_mask: 0.3068  decode.d1.loss_dice: 0.4152  decode.d2.loss_cls: 0.0270  decode.d2.loss_mask: 0.3023  decode.d2.loss_dice: 0.4236  decode.d3.loss_cls: 0.0164  decode.d3.loss_mask: 0.3035  decode.d3.loss_dice: 0.4333  decode.d4.loss_cls: 0.0088  decode.d4.loss_mask: 0.3021  decode.d4.loss_dice: 0.4265  decode.d5.loss_cls: 0.0156  decode.d5.loss_mask: 0.3043  decode.d5.loss_dice: 0.4129  decode.d6.loss_cls: 0.0097  decode.d6.loss_mask: 0.3038  decode.d6.loss_dice: 0.4339  decode.d7.loss_cls: 0.0138  decode.d7.loss_mask: 0.3046  decode.d7.loss_dice: 0.3992  decode.d8.loss_cls: 0.0052  decode.d8.loss_mask: 0.3035  decode.d8.loss_dice: 0.4316
2026/07/31 14:11:43 - mmengine - INFO - Exp name: dinov3_m2f_gram_4999_20260730_204508
2026/07/31 14:11:43 - mmengine - INFO - Iter(train) [38000/40000]  base_lr: 3.6185e-06 lr: 3.6185e-06  eta: 0:52:54  time: 0.6697  data_time: 0.0155  memory: 9084  grad_norm: 48.0514  loss: 9.2877  decode.loss_cls: 0.0053  decode.loss_mask: 0.4620  decode.loss_dice: 0.4346  decode.d0.loss_cls: 0.0996  decode.d0.loss_mask: 0.4809  decode.d0.loss_dice: 0.5086  decode.d1.loss_cls: 0.0255  decode.d1.loss_mask: 0.4620  decode.d1.loss_dice: 0.4416  decode.d2.loss_cls: 0.0186  decode.d2.loss_mask: 0.4628  decode.d2.loss_dice: 0.4367  decode.d3.loss_cls: 0.0097  decode.d3.loss_mask: 0.4631  decode.d3.loss_dice: 0.4404  decode.d4.loss_cls: 0.0036  decode.d4.loss_mask: 0.4701  decode.d4.loss_dice: 0.4363  decode.d5.loss_cls: 0.0037  decode.d5.loss_mask: 0.4637  decode.d5.loss_dice: 0.4350  decode.d6.loss_cls: 0.0030  decode.d6.loss_mask: 0.4616  decode.d6.loss_dice: 0.4403  decode.d7.loss_cls: 0.0091  decode.d7.loss_mask: 0.4640  decode.d7.loss_dice: 0.4423  decode.d8.loss_cls: 0.0050  decode.d8.loss_mask: 0.4588  decode.d8.loss_dice: 0.4397
2026/07/31 14:11:43 - mmengine - INFO - Saving checkpoint at 38000 iterations
2026/07/31 14:12:24 - mmengine - INFO - Iter(val) [100/504]    eta: 0:01:27  time: 0.2095  data_time: 0.0079  memory: 3098  
2026/07/31 14:12:45 - mmengine - INFO - Iter(val) [200/504]    eta: 0:01:04  time: 0.2093  data_time: 0.0079  memory: 3098  
2026/07/31 14:13:06 - mmengine - INFO - Iter(val) [300/504]    eta: 0:00:43  time: 0.2087  data_time: 0.0075  memory: 3098  
2026/07/31 14:13:27 - mmengine - INFO - Iter(val) [400/504]    eta: 0:00:22  time: 0.2145  data_time: 0.0083  memory: 3098  
2026/07/31 14:13:48 - mmengine - INFO - Iter(val) [500/504]    eta: 0:00:00  time: 0.2086  data_time: 0.0075  memory: 3098  
2026/07/31 14:13:53 - mmengine - INFO - per class results:
2026/07/31 14:13:53 - mmengine - INFO - 
+--------------------+-------+-------+--------+-----------+--------+
|       Class        |  IoU  |  Acc  | Fscore | Precision | Recall |
+--------------------+-------+-------+--------+-----------+--------+
| impervious_surface | 85.97 | 92.57 | 92.46  |   92.35   | 92.57  |
|      building      | 92.51 |  98.9 | 96.11  |   93.47   |  98.9  |
|   low_vegetation   | 78.91 | 90.78 | 88.21  |   85.79   | 90.78  |
|        tree        | 79.88 | 84.04 | 88.81  |   94.16   | 84.04  |
|        car         | 92.36 | 95.25 | 96.03  |   96.82   | 95.25  |
+--------------------+-------+-------+--------+-----------+--------+
2026/07/31 14:13:53 - mmengine - INFO - Iter(val) [504/504]    aAcc: 90.9500  mIoU: 85.9300  mAcc: 92.3100  mFscore: 92.3200  mPrecision: 92.5200  mRecall: 92.3100  data_time: 0.0091  time: 0.2113
2026/07/31 14:15:02 - mmengine - INFO - Iter(train) [38100/40000]  base_lr: 3.4552e-06 lr: 3.4552e-06  eta: 0:50:11  time: 0.6632  data_time: 0.0162  memory: 9076  grad_norm: 113.5588  loss: 14.1693  decode.loss_cls: 0.0086  decode.loss_mask: 0.8063  decode.loss_dice: 0.5718  decode.d0.loss_cls: 0.1233  decode.d0.loss_mask: 0.8777  decode.d0.loss_dice: 0.5752  decode.d1.loss_cls: 0.0256  decode.d1.loss_mask: 0.8459  decode.d1.loss_dice: 0.5873  decode.d2.loss_cls: 0.0179  decode.d2.loss_mask: 0.8327  decode.d2.loss_dice: 0.5798  decode.d3.loss_cls: 0.0099  decode.d3.loss_mask: 0.8183  decode.d3.loss_dice: 0.5710  decode.d4.loss_cls: 0.0061  decode.d4.loss_mask: 0.8100  decode.d4.loss_dice: 0.5756  decode.d5.loss_cls: 0.0056  decode.d5.loss_mask: 0.8114  decode.d5.loss_dice: 0.5793  decode.d6.loss_cls: 0.0047  decode.d6.loss_mask: 0.8067  decode.d6.loss_dice: 0.5670  decode.d7.loss_cls: 0.0058  decode.d7.loss_mask: 0.8085  decode.d7.loss_dice: 0.5618  decode.d8.loss_cls: 0.0074  decode.d8.loss_mask: 0.8000  decode.d8.loss_dice: 0.5682
2026/07/31 14:16:09 - mmengine - INFO - Iter(train) [38200/40000]  base_lr: 3.2911e-06 lr: 3.2911e-06  eta: 0:47:29  time: 0.6848  data_time: 0.0157  memory: 9076  grad_norm: 49.3439  loss: 9.2291  decode.loss_cls: 0.0006  decode.loss_mask: 0.5063  decode.loss_dice: 0.3964  decode.d0.loss_cls: 0.1001  decode.d0.loss_mask: 0.5167  decode.d0.loss_dice: 0.4289  decode.d1.loss_cls: 0.0192  decode.d1.loss_mask: 0.5041  decode.d1.loss_dice: 0.4006  decode.d2.loss_cls: 0.0060  decode.d2.loss_mask: 0.5026  decode.d2.loss_dice: 0.3949  decode.d3.loss_cls: 0.0033  decode.d3.loss_mask: 0.5030  decode.d3.loss_dice: 0.4038  decode.d4.loss_cls: 0.0019  decode.d4.loss_mask: 0.5051  decode.d4.loss_dice: 0.4004  decode.d5.loss_cls: 0.0013  decode.d5.loss_mask: 0.5018  decode.d5.loss_dice: 0.4038  decode.d6.loss_cls: 0.0005  decode.d6.loss_mask: 0.5019  decode.d6.loss_dice: 0.4039  decode.d7.loss_cls: 0.0005  decode.d7.loss_mask: 0.5021  decode.d7.loss_dice: 0.4038  decode.d8.loss_cls: 0.0134  decode.d8.loss_mask: 0.5038  decode.d8.loss_dice: 0.3984
2026/07/31 14:17:18 - mmengine - INFO - Iter(train) [38300/40000]  base_lr: 3.1261e-06 lr: 3.1261e-06  eta: 0:44:46  time: 0.6696  data_time: 0.0160  memory: 9084  grad_norm: 50.4471  loss: 9.8793  decode.loss_cls: 0.0002  decode.loss_mask: 0.5420  decode.loss_dice: 0.4394  decode.d0.loss_cls: 0.0649  decode.d0.loss_mask: 0.5546  decode.d0.loss_dice: 0.4378  decode.d1.loss_cls: 0.0044  decode.d1.loss_mask: 0.5450  decode.d1.loss_dice: 0.4405  decode.d2.loss_cls: 0.0015  decode.d2.loss_mask: 0.5432  decode.d2.loss_dice: 0.4378  decode.d3.loss_cls: 0.0006  decode.d3.loss_mask: 0.5386  decode.d3.loss_dice: 0.4356  decode.d4.loss_cls: 0.0004  decode.d4.loss_mask: 0.5408  decode.d4.loss_dice: 0.4382  decode.d5.loss_cls: 0.0004  decode.d5.loss_mask: 0.5412  decode.d5.loss_dice: 0.4404  decode.d6.loss_cls: 0.0003  decode.d6.loss_mask: 0.5377  decode.d6.loss_dice: 0.4369  decode.d7.loss_cls: 0.0002  decode.d7.loss_mask: 0.5400  decode.d7.loss_dice: 0.4391  decode.d8.loss_cls: 0.0002  decode.d8.loss_mask: 0.5393  decode.d8.loss_dice: 0.4380
2026/07/31 14:18:24 - mmengine - INFO - Iter(train) [38400/40000]  base_lr: 2.9601e-06 lr: 2.9601e-06  eta: 0:42:04  time: 0.6996  data_time: 0.0159  memory: 9084  grad_norm: 61.3733  loss: 10.5494  decode.loss_cls: 0.0014  decode.loss_mask: 0.5512  decode.loss_dice: 0.4852  decode.d0.loss_cls: 0.0812  decode.d0.loss_mask: 0.5734  decode.d0.loss_dice: 0.5073  decode.d1.loss_cls: 0.0103  decode.d1.loss_mask: 0.5607  decode.d1.loss_dice: 0.4856  decode.d2.loss_cls: 0.0042  decode.d2.loss_mask: 0.5601  decode.d2.loss_dice: 0.5032  decode.d3.loss_cls: 0.0039  decode.d3.loss_mask: 0.5522  decode.d3.loss_dice: 0.4848  decode.d4.loss_cls: 0.0044  decode.d4.loss_mask: 0.5520  decode.d4.loss_dice: 0.4782  decode.d5.loss_cls: 0.0038  decode.d5.loss_mask: 0.5490  decode.d5.loss_dice: 0.4839  decode.d6.loss_cls: 0.0030  decode.d6.loss_mask: 0.5480  decode.d6.loss_dice: 0.4820  decode.d7.loss_cls: 0.0022  decode.d7.loss_mask: 0.5512  decode.d7.loss_dice: 0.4844  decode.d8.loss_cls: 0.0013  decode.d8.loss_mask: 0.5496  decode.d8.loss_dice: 0.4918
2026/07/31 14:19:31 - mmengine - INFO - Iter(train) [38500/40000]  base_lr: 2.7931e-06 lr: 2.7931e-06  eta: 0:39:23  time: 0.6863  data_time: 0.0155  memory: 9076  grad_norm: 68.5757  loss: 9.6258  decode.loss_cls: 0.0048  decode.loss_mask: 0.4984  decode.loss_dice: 0.4345  decode.d0.loss_cls: 0.0951  decode.d0.loss_mask: 0.5122  decode.d0.loss_dice: 0.4796  decode.d1.loss_cls: 0.0518  decode.d1.loss_mask: 0.5035  decode.d1.loss_dice: 0.4421  decode.d2.loss_cls: 0.0167  decode.d2.loss_mask: 0.4941  decode.d2.loss_dice: 0.4371  decode.d3.loss_cls: 0.0071  decode.d3.loss_mask: 0.4986  decode.d3.loss_dice: 0.4437  decode.d4.loss_cls: 0.0100  decode.d4.loss_mask: 0.4959  decode.d4.loss_dice: 0.4397  decode.d5.loss_cls: 0.0079  decode.d5.loss_mask: 0.4942  decode.d5.loss_dice: 0.4347  decode.d6.loss_cls: 0.0075  decode.d6.loss_mask: 0.4998  decode.d6.loss_dice: 0.4369  decode.d7.loss_cls: 0.0080  decode.d7.loss_mask: 0.4984  decode.d7.loss_dice: 0.4342  decode.d8.loss_cls: 0.0066  decode.d8.loss_mask: 0.4984  decode.d8.loss_dice: 0.4344
2026/07/31 14:20:38 - mmengine - INFO - Iter(train) [38600/40000]  base_lr: 2.6249e-06 lr: 2.6249e-06  eta: 0:36:42  time: 0.6667  data_time: 0.0158  memory: 9084  grad_norm: 91.6890  loss: 13.7673  decode.loss_cls: 0.0641  decode.loss_mask: 0.6873  decode.loss_dice: 0.5880  decode.d0.loss_cls: 0.0979  decode.d0.loss_mask: 0.8309  decode.d0.loss_dice: 0.6983  decode.d1.loss_cls: 0.0758  decode.d1.loss_mask: 0.7200  decode.d1.loss_dice: 0.6156  decode.d2.loss_cls: 0.0789  decode.d2.loss_mask: 0.6991  decode.d2.loss_dice: 0.5766  decode.d3.loss_cls: 0.0684  decode.d3.loss_mask: 0.6835  decode.d3.loss_dice: 0.5884  decode.d4.loss_cls: 0.0671  decode.d4.loss_mask: 0.6880  decode.d4.loss_dice: 0.5931  decode.d5.loss_cls: 0.0620  decode.d5.loss_mask: 0.6855  decode.d5.loss_dice: 0.5909  decode.d6.loss_cls: 0.0643  decode.d6.loss_mask: 0.6880  decode.d6.loss_dice: 0.5783  decode.d7.loss_cls: 0.0636  decode.d7.loss_mask: 0.6858  decode.d7.loss_dice: 0.5950  decode.d8.loss_cls: 0.0634  decode.d8.loss_mask: 0.6829  decode.d8.loss_dice: 0.5867
2026/07/31 14:21:46 - mmengine - INFO - Iter(train) [38700/40000]  base_lr: 2.4555e-06 lr: 2.4555e-06  eta: 0:34:02  time: 0.6720  data_time: 0.0153  memory: 9084  grad_norm: 56.7872  loss: 8.6354  decode.loss_cls: 0.0049  decode.loss_mask: 0.4489  decode.loss_dice: 0.3799  decode.d0.loss_cls: 0.1356  decode.d0.loss_mask: 0.4714  decode.d0.loss_dice: 0.4249  decode.d1.loss_cls: 0.0293  decode.d1.loss_mask: 0.4481  decode.d1.loss_dice: 0.4034  decode.d2.loss_cls: 0.0194  decode.d2.loss_mask: 0.4428  decode.d2.loss_dice: 0.3852  decode.d3.loss_cls: 0.0130  decode.d3.loss_mask: 0.4468  decode.d3.loss_dice: 0.3908  decode.d4.loss_cls: 0.0092  decode.d4.loss_mask: 0.4450  decode.d4.loss_dice: 0.3801  decode.d5.loss_cls: 0.0151  decode.d5.loss_mask: 0.4418  decode.d5.loss_dice: 0.3825  decode.d6.loss_cls: 0.0053  decode.d6.loss_mask: 0.4449  decode.d6.loss_dice: 0.3874  decode.d7.loss_cls: 0.0053  decode.d7.loss_mask: 0.4480  decode.d7.loss_dice: 0.3886  decode.d8.loss_cls: 0.0050  decode.d8.loss_mask: 0.4476  decode.d8.loss_dice: 0.3852
2026/07/31 14:22:52 - mmengine - INFO - Iter(train) [38800/40000]  base_lr: 2.2849e-06 lr: 2.2849e-06  eta: 0:31:22  time: 0.6619  data_time: 0.0157  memory: 9084  grad_norm: 63.9835  loss: 11.0196  decode.loss_cls: 0.0049  decode.loss_mask: 0.5878  decode.loss_dice: 0.4685  decode.d0.loss_cls: 0.1254  decode.d0.loss_mask: 0.6681  decode.d0.loss_dice: 0.5442  decode.d1.loss_cls: 0.0367  decode.d1.loss_mask: 0.6021  decode.d1.loss_dice: 0.4966  decode.d2.loss_cls: 0.0154  decode.d2.loss_mask: 0.5942  decode.d2.loss_dice: 0.4825  decode.d3.loss_cls: 0.0074  decode.d3.loss_mask: 0.5908  decode.d3.loss_dice: 0.4694  decode.d4.loss_cls: 0.0079  decode.d4.loss_mask: 0.5919  decode.d4.loss_dice: 0.4710  decode.d5.loss_cls: 0.0091  decode.d5.loss_mask: 0.5889  decode.d5.loss_dice: 0.4672  decode.d6.loss_cls: 0.0087  decode.d6.loss_mask: 0.5896  decode.d6.loss_dice: 0.4685  decode.d7.loss_cls: 0.0058  decode.d7.loss_mask: 0.5888  decode.d7.loss_dice: 0.4672  decode.d8.loss_cls: 0.0055  decode.d8.loss_mask: 0.5863  decode.d8.loss_dice: 0.4689
2026/07/31 14:24:02 - mmengine - INFO - Iter(train) [38900/40000]  base_lr: 2.1128e-06 lr: 2.1128e-06  eta: 0:28:43  time: 0.6621  data_time: 0.0163  memory: 9084  grad_norm: 69.5439  loss: 8.3263  decode.loss_cls: 0.0144  decode.loss_mask: 0.4439  decode.loss_dice: 0.3285  decode.d0.loss_cls: 0.1684  decode.d0.loss_mask: 0.5260  decode.d0.loss_dice: 0.4272  decode.d1.loss_cls: 0.0459  decode.d1.loss_mask: 0.4678  decode.d1.loss_dice: 0.3375  decode.d2.loss_cls: 0.0338  decode.d2.loss_mask: 0.4618  decode.d2.loss_dice: 0.3287  decode.d3.loss_cls: 0.0313  decode.d3.loss_mask: 0.4522  decode.d3.loss_dice: 0.3168  decode.d4.loss_cls: 0.0251  decode.d4.loss_mask: 0.4503  decode.d4.loss_dice: 0.3195  decode.d5.loss_cls: 0.0184  decode.d5.loss_mask: 0.4494  decode.d5.loss_dice: 0.3296  decode.d6.loss_cls: 0.0141  decode.d6.loss_mask: 0.4486  decode.d6.loss_dice: 0.3221  decode.d7.loss_cls: 0.0124  decode.d7.loss_mask: 0.4503  decode.d7.loss_dice: 0.3194  decode.d8.loss_cls: 0.0129  decode.d8.loss_mask: 0.4438  decode.d8.loss_dice: 0.3264
2026/07/31 14:25:08 - mmengine - INFO - Exp name: dinov3_m2f_gram_4999_20260730_204508
2026/07/31 14:25:08 - mmengine - INFO - Iter(train) [39000/40000]  base_lr: 1.9391e-06 lr: 1.9391e-06  eta: 0:26:04  time: 0.6681  data_time: 0.0160  memory: 9076  grad_norm: 57.6702  loss: 10.4293  decode.loss_cls: 0.0028  decode.loss_mask: 0.5781  decode.loss_dice: 0.4455  decode.d0.loss_cls: 0.0938  decode.d0.loss_mask: 0.6149  decode.d0.loss_dice: 0.4547  decode.d1.loss_cls: 0.0112  decode.d1.loss_mask: 0.5931  decode.d1.loss_dice: 0.4574  decode.d2.loss_cls: 0.0044  decode.d2.loss_mask: 0.5889  decode.d2.loss_dice: 0.4422  decode.d3.loss_cls: 0.0014  decode.d3.loss_mask: 0.5823  decode.d3.loss_dice: 0.4552  decode.d4.loss_cls: 0.0013  decode.d4.loss_mask: 0.5803  decode.d4.loss_dice: 0.4337  decode.d5.loss_cls: 0.0013  decode.d5.loss_mask: 0.5803  decode.d5.loss_dice: 0.4403  decode.d6.loss_cls: 0.0023  decode.d6.loss_mask: 0.5813  decode.d6.loss_dice: 0.4385  decode.d7.loss_cls: 0.0019  decode.d7.loss_mask: 0.5783  decode.d7.loss_dice: 0.4459  decode.d8.loss_cls: 0.0024  decode.d8.loss_mask: 0.5776  decode.d8.loss_dice: 0.4380
2026/07/31 14:26:14 - mmengine - INFO - Iter(train) [39100/40000]  base_lr: 1.7637e-06 lr: 1.7637e-06  eta: 0:23:25  time: 0.6655  data_time: 0.0163  memory: 9084  grad_norm: 72.4734  loss: 12.5055  decode.loss_cls: 0.0015  decode.loss_mask: 0.7084  decode.loss_dice: 0.5244  decode.d0.loss_cls: 0.1151  decode.d0.loss_mask: 0.7490  decode.d0.loss_dice: 0.5478  decode.d1.loss_cls: 0.0147  decode.d1.loss_mask: 0.7090  decode.d1.loss_dice: 0.5267  decode.d2.loss_cls: 0.0019  decode.d2.loss_mask: 0.7062  decode.d2.loss_dice: 0.5331  decode.d3.loss_cls: 0.0013  decode.d3.loss_mask: 0.7106  decode.d3.loss_dice: 0.5260  decode.d4.loss_cls: 0.0012  decode.d4.loss_mask: 0.7059  decode.d4.loss_dice: 0.5203  decode.d5.loss_cls: 0.0011  decode.d5.loss_mask: 0.7038  decode.d5.loss_dice: 0.5216  decode.d6.loss_cls: 0.0009  decode.d6.loss_mask: 0.7051  decode.d6.loss_dice: 0.5209  decode.d7.loss_cls: 0.0011  decode.d7.loss_mask: 0.7039  decode.d7.loss_dice: 0.5163  decode.d8.loss_cls: 0.0012  decode.d8.loss_mask: 0.7063  decode.d8.loss_dice: 0.5200
2026/07/31 14:27:21 - mmengine - INFO - Iter(train) [39200/40000]  base_lr: 1.5863e-06 lr: 1.5863e-06  eta: 0:20:47  time: 0.6599  data_time: 0.0158  memory: 9084  grad_norm: 44.0881  loss: 8.6460  decode.loss_cls: 0.0003  decode.loss_mask: 0.4733  decode.loss_dice: 0.3746  decode.d0.loss_cls: 0.0825  decode.d0.loss_mask: 0.5169  decode.d0.loss_dice: 0.3997  decode.d1.loss_cls: 0.0119  decode.d1.loss_mask: 0.4788  decode.d1.loss_dice: 0.3820  decode.d2.loss_cls: 0.0025  decode.d2.loss_mask: 0.4770  decode.d2.loss_dice: 0.3795  decode.d3.loss_cls: 0.0014  decode.d3.loss_mask: 0.4708  decode.d3.loss_dice: 0.3704  decode.d4.loss_cls: 0.0007  decode.d4.loss_mask: 0.4748  decode.d4.loss_dice: 0.3726  decode.d5.loss_cls: 0.0003  decode.d5.loss_mask: 0.4725  decode.d5.loss_dice: 0.3736  decode.d6.loss_cls: 0.0003  decode.d6.loss_mask: 0.4726  decode.d6.loss_dice: 0.3728  decode.d7.loss_cls: 0.0002  decode.d7.loss_mask: 0.4710  decode.d7.loss_dice: 0.3734  decode.d8.loss_cls: 0.0003  decode.d8.loss_mask: 0.4708  decode.d8.loss_dice: 0.3686
2026/07/31 14:28:28 - mmengine - INFO - Iter(train) [39300/40000]  base_lr: 1.4067e-06 lr: 1.4067e-06  eta: 0:18:10  time: 0.6664  data_time: 0.0160  memory: 9084  grad_norm: 66.2937  loss: 9.3287  decode.loss_cls: 0.0013  decode.loss_mask: 0.5364  decode.loss_dice: 0.3634  decode.d0.loss_cls: 0.1060  decode.d0.loss_mask: 0.5999  decode.d0.loss_dice: 0.4205  decode.d1.loss_cls: 0.0181  decode.d1.loss_mask: 0.5515  decode.d1.loss_dice: 0.3733  decode.d2.loss_cls: 0.0053  decode.d2.loss_mask: 0.5433  decode.d2.loss_dice: 0.3664  decode.d3.loss_cls: 0.0039  decode.d3.loss_mask: 0.5398  decode.d3.loss_dice: 0.3727  decode.d4.loss_cls: 0.0027  decode.d4.loss_mask: 0.5370  decode.d4.loss_dice: 0.3693  decode.d5.loss_cls: 0.0020  decode.d5.loss_mask: 0.5346  decode.d5.loss_dice: 0.3662  decode.d6.loss_cls: 0.0017  decode.d6.loss_mask: 0.5347  decode.d6.loss_dice: 0.3631  decode.d7.loss_cls: 0.0008  decode.d7.loss_mask: 0.5370  decode.d7.loss_dice: 0.3689  decode.d8.loss_cls: 0.0011  decode.d8.loss_mask: 0.5357  decode.d8.loss_dice: 0.3724
2026/07/31 14:29:35 - mmengine - INFO - Iter(train) [39400/40000]  base_lr: 1.2244e-06 lr: 1.2244e-06  eta: 0:15:33  time: 0.6590  data_time: 0.0159  memory: 9076  grad_norm: 50.7713  loss: 8.8039  decode.loss_cls: 0.0030  decode.loss_mask: 0.4473  decode.loss_dice: 0.4159  decode.d0.loss_cls: 0.0931  decode.d0.loss_mask: 0.4539  decode.d0.loss_dice: 0.4392  decode.d1.loss_cls: 0.0304  decode.d1.loss_mask: 0.4474  decode.d1.loss_dice: 0.4133  decode.d2.loss_cls: 0.0140  decode.d2.loss_mask: 0.4478  decode.d2.loss_dice: 0.4064  decode.d3.loss_cls: 0.0106  decode.d3.loss_mask: 0.4501  decode.d3.loss_dice: 0.4147  decode.d4.loss_cls: 0.0092  decode.d4.loss_mask: 0.4490  decode.d4.loss_dice: 0.4071  decode.d5.loss_cls: 0.0068  decode.d5.loss_mask: 0.4504  decode.d5.loss_dice: 0.4022  decode.d6.loss_cls: 0.0103  decode.d6.loss_mask: 0.4507  decode.d6.loss_dice: 0.4095  decode.d7.loss_cls: 0.0048  decode.d7.loss_mask: 0.4462  decode.d7.loss_dice: 0.4166  decode.d8.loss_cls: 0.0041  decode.d8.loss_mask: 0.4433  decode.d8.loss_dice: 0.4066
2026/07/31 14:30:42 - mmengine - INFO - Iter(train) [39500/40000]  base_lr: 1.0391e-06 lr: 1.0391e-06  eta: 0:12:56  time: 0.6579  data_time: 0.0153  memory: 9084  grad_norm: 75.4086  loss: 12.5387  decode.loss_cls: 0.0024  decode.loss_mask: 0.6968  decode.loss_dice: 0.5413  decode.d0.loss_cls: 0.0869  decode.d0.loss_mask: 0.7153  decode.d0.loss_dice: 0.5381  decode.d1.loss_cls: 0.0169  decode.d1.loss_mask: 0.7000  decode.d1.loss_dice: 0.5416  decode.d2.loss_cls: 0.0041  decode.d2.loss_mask: 0.7029  decode.d2.loss_dice: 0.5359  decode.d3.loss_cls: 0.0020  decode.d3.loss_mask: 0.7009  decode.d3.loss_dice: 0.5408  decode.d4.loss_cls: 0.0019  decode.d4.loss_mask: 0.7008  decode.d4.loss_dice: 0.5384  decode.d5.loss_cls: 0.0021  decode.d5.loss_mask: 0.6981  decode.d5.loss_dice: 0.5425  decode.d6.loss_cls: 0.0026  decode.d6.loss_mask: 0.6926  decode.d6.loss_dice: 0.5414  decode.d7.loss_cls: 0.0038  decode.d7.loss_mask: 0.6978  decode.d7.loss_dice: 0.5472  decode.d8.loss_cls: 0.0035  decode.d8.loss_mask: 0.6989  decode.d8.loss_dice: 0.5409
2026/07/31 14:31:48 - mmengine - INFO - Iter(train) [39600/40000]  base_lr: 8.5007e-07 lr: 8.5007e-07  eta: 0:10:20  time: 0.7021  data_time: 0.0164  memory: 9084  grad_norm: 47.6448  loss: 7.2694  decode.loss_cls: 0.0009  decode.loss_mask: 0.4009  decode.loss_dice: 0.3128  decode.d0.loss_cls: 0.1027  decode.d0.loss_mask: 0.4255  decode.d0.loss_dice: 0.3263  decode.d1.loss_cls: 0.0149  decode.d1.loss_mask: 0.4041  decode.d1.loss_dice: 0.3169  decode.d2.loss_cls: 0.0136  decode.d2.loss_mask: 0.4029  decode.d2.loss_dice: 0.2997  decode.d3.loss_cls: 0.0022  decode.d3.loss_mask: 0.3998  decode.d3.loss_dice: 0.3079  decode.d4.loss_cls: 0.0018  decode.d4.loss_mask: 0.4005  decode.d4.loss_dice: 0.3066  decode.d5.loss_cls: 0.0013  decode.d5.loss_mask: 0.4035  decode.d5.loss_dice: 0.3000  decode.d6.loss_cls: 0.0112  decode.d6.loss_mask: 0.4016  decode.d6.loss_dice: 0.3039  decode.d7.loss_cls: 0.0015  decode.d7.loss_mask: 0.4006  decode.d7.loss_dice: 0.2946  decode.d8.loss_cls: 0.0012  decode.d8.loss_mask: 0.4036  decode.d8.loss_dice: 0.3064
2026/07/31 14:32:54 - mmengine - INFO - Iter(train) [39700/40000]  base_lr: 6.5616e-07 lr: 6.5616e-07  eta: 0:07:44  time: 0.6650  data_time: 0.0162  memory: 9084  grad_norm: 51.9884  loss: 9.4023  decode.loss_cls: 0.0015  decode.loss_mask: 0.4711  decode.loss_dice: 0.4460  decode.d0.loss_cls: 0.1053  decode.d0.loss_mask: 0.5176  decode.d0.loss_dice: 0.4741  decode.d1.loss_cls: 0.0355  decode.d1.loss_mask: 0.4810  decode.d1.loss_dice: 0.4538  decode.d2.loss_cls: 0.0172  decode.d2.loss_mask: 0.4744  decode.d2.loss_dice: 0.4437  decode.d3.loss_cls: 0.0068  decode.d3.loss_mask: 0.4710  decode.d3.loss_dice: 0.4282  decode.d4.loss_cls: 0.0118  decode.d4.loss_mask: 0.4702  decode.d4.loss_dice: 0.4464  decode.d5.loss_cls: 0.0031  decode.d5.loss_mask: 0.4691  decode.d5.loss_dice: 0.4281  decode.d6.loss_cls: 0.0023  decode.d6.loss_mask: 0.4728  decode.d6.loss_dice: 0.4497  decode.d7.loss_cls: 0.0130  decode.d7.loss_mask: 0.4700  decode.d7.loss_dice: 0.4378  decode.d8.loss_cls: 0.0015  decode.d8.loss_mask: 0.4697  decode.d8.loss_dice: 0.4294
2026/07/31 14:34:04 - mmengine - INFO - Iter(train) [39800/40000]  base_lr: 4.5554e-07 lr: 4.5554e-07  eta: 0:05:09  time: 0.6618  data_time: 0.0161  memory: 9084  grad_norm: 105.9673  loss: 14.5376  decode.loss_cls: 0.0074  decode.loss_mask: 0.8158  decode.loss_dice: 0.5949  decode.d0.loss_cls: 0.1247  decode.d0.loss_mask: 0.8702  decode.d0.loss_dice: 0.6776  decode.d1.loss_cls: 0.0329  decode.d1.loss_mask: 0.8235  decode.d1.loss_dice: 0.6037  decode.d2.loss_cls: 0.0257  decode.d2.loss_mask: 0.8271  decode.d2.loss_dice: 0.5737  decode.d3.loss_cls: 0.0243  decode.d3.loss_mask: 0.8224  decode.d3.loss_dice: 0.5905  decode.d4.loss_cls: 0.0095  decode.d4.loss_mask: 0.8257  decode.d4.loss_dice: 0.5759  decode.d5.loss_cls: 0.0223  decode.d5.loss_mask: 0.8244  decode.d5.loss_dice: 0.5793  decode.d6.loss_cls: 0.0080  decode.d6.loss_mask: 0.8128  decode.d6.loss_dice: 0.6042  decode.d7.loss_cls: 0.0220  decode.d7.loss_mask: 0.8204  decode.d7.loss_dice: 0.5872  decode.d8.loss_cls: 0.0241  decode.d8.loss_mask: 0.8120  decode.d8.loss_dice: 0.5952
2026/07/31 14:35:11 - mmengine - INFO - Iter(train) [39900/40000]  base_lr: 2.4412e-07 lr: 2.4412e-07  eta: 0:02:34  time: 0.6678  data_time: 0.0160  memory: 9076  grad_norm: 67.1044  loss: 9.3676  decode.loss_cls: 0.0007  decode.loss_mask: 0.5348  decode.loss_dice: 0.3877  decode.d0.loss_cls: 0.0856  decode.d0.loss_mask: 0.5611  decode.d0.loss_dice: 0.3959  decode.d1.loss_cls: 0.0032  decode.d1.loss_mask: 0.5315  decode.d1.loss_dice: 0.3945  decode.d2.loss_cls: 0.0014  decode.d2.loss_mask: 0.5354  decode.d2.loss_dice: 0.3937  decode.d3.loss_cls: 0.0008  decode.d3.loss_mask: 0.5354  decode.d3.loss_dice: 0.3941  decode.d4.loss_cls: 0.0007  decode.d4.loss_mask: 0.5333  decode.d4.loss_dice: 0.3902  decode.d5.loss_cls: 0.0008  decode.d5.loss_mask: 0.5350  decode.d5.loss_dice: 0.3913  decode.d6.loss_cls: 0.0006  decode.d6.loss_mask: 0.5370  decode.d6.loss_dice: 0.3896  decode.d7.loss_cls: 0.0004  decode.d7.loss_mask: 0.5309  decode.d7.loss_dice: 0.3860  decode.d8.loss_cls: 0.0006  decode.d8.loss_mask: 0.5307  decode.d8.loss_dice: 0.3847
2026/07/31 14:36:17 - mmengine - INFO - Exp name: dinov3_m2f_gram_4999_20260730_204508
2026/07/31 14:36:17 - mmengine - INFO - Iter(train) [40000/40000]  base_lr: 0.0000e+00 lr: 0.0000e+00  eta: 0:00:00  time: 0.6669  data_time: 0.0157  memory: 9084  grad_norm: 71.6150  loss: 11.6048  decode.loss_cls: 0.0008  decode.loss_mask: 0.6390  decode.loss_dice: 0.5006  decode.d0.loss_cls: 0.0669  decode.d0.loss_mask: 0.6668  decode.d0.loss_dice: 0.5194  decode.d1.loss_cls: 0.0104  decode.d1.loss_mask: 0.6496  decode.d1.loss_dice: 0.5155  decode.d2.loss_cls: 0.0022  decode.d2.loss_mask: 0.6463  decode.d2.loss_dice: 0.5114  decode.d3.loss_cls: 0.0005  decode.d3.loss_mask: 0.6418  decode.d3.loss_dice: 0.5078  decode.d4.loss_cls: 0.0005  decode.d4.loss_mask: 0.6410  decode.d4.loss_dice: 0.5077  decode.d5.loss_cls: 0.0008  decode.d5.loss_mask: 0.6383  decode.d5.loss_dice: 0.5079  decode.d6.loss_cls: 0.0012  decode.d6.loss_mask: 0.6383  decode.d6.loss_dice: 0.5036  decode.d7.loss_cls: 0.0013  decode.d7.loss_mask: 0.6401  decode.d7.loss_dice: 0.5042  decode.d8.loss_cls: 0.0012  decode.d8.loss_mask: 0.6397  decode.d8.loss_dice: 0.5004
2026/07/31 14:36:17 - mmengine - INFO - Saving checkpoint at 40000 iterations
2026/07/31 14:36:58 - mmengine - INFO - Iter(val) [100/504]    eta: 0:01:27  time: 0.2090  data_time: 0.0080  memory: 3098  
2026/07/31 14:37:19 - mmengine - INFO - Iter(val) [200/504]    eta: 0:01:04  time: 0.2083  data_time: 0.0077  memory: 3098  
2026/07/31 14:37:40 - mmengine - INFO - Iter(val) [300/504]    eta: 0:00:43  time: 0.2088  data_time: 0.0080  memory: 3098  
2026/07/31 14:38:01 - mmengine - INFO - Iter(val) [400/504]    eta: 0:00:21  time: 0.2090  data_time: 0.0076  memory: 3098  
2026/07/31 14:38:22 - mmengine - INFO - Iter(val) [500/504]    eta: 0:00:00  time: 0.2101  data_time: 0.0077  memory: 3098  
2026/07/31 14:38:27 - mmengine - INFO - per class results:
2026/07/31 14:38:27 - mmengine - INFO - 
+--------------------+-------+-------+--------+-----------+--------+
|       Class        |  IoU  |  Acc  | Fscore | Precision | Recall |
+--------------------+-------+-------+--------+-----------+--------+
| impervious_surface | 86.99 | 91.78 | 93.04  |   94.35   | 91.78  |
|      building      |  94.8 |  98.5 | 97.33  |   96.19   |  98.5  |
|   low_vegetation   | 80.68 |  92.9 | 89.31  |   85.98   |  92.9  |
|        tree        | 80.98 | 85.72 | 89.49  |    93.6   | 85.72  |
|        car         | 92.88 | 95.93 | 96.31  |   96.69   | 95.93  |
+--------------------+-------+-------+--------+-----------+--------+
2026/07/31 14:38:27 - mmengine - INFO - Iter(val) [504/504]    aAcc: 91.8100  mIoU: 87.2700  mAcc: 92.9700  mFscore: 93.1000  mPrecision: 93.3600  mRecall: 92.9700  data_time: 0.0092  time: 0.2108
