2026/07/20 19:06:53 - mmengine - INFO - 
------------------------------------------------------------
System environment:
    sys.platform: linux
    Python: 3.12.13 | packaged by Anaconda, Inc. | (main, Mar 19 2026, 20:20:58) [GCC 14.3.0]
    CUDA available: True
    MUSA available: False
    numpy_random_seed: 349518888
    GPU 0,1: NVIDIA A40
    CUDA_HOME: /home/users_model/miniconda3/envs/mmseg_dino
    NVCC: Cuda compilation tools, release 12.9, V12.9.86
    GCC: gcc (Ubuntu 9.4.0-1ubuntu1~20.04.2) 9.4.0
    PyTorch: 2.7.1
    PyTorch compiling details: PyTorch built with:
  - GCC 14.3
  - C++ Version: 201703
  - Intel(R) oneAPI Math Kernel Library Version 2024.2.2-Product Build 20240823 for Intel(R) 64 architecture applications
  - Intel(R) MKL-DNN v3.7.1 (Git Hash d21fc6dbb4db827872fc8cf05e70f6771bd4937b)
  - OpenMP 201511 (a.k.a. OpenMP 4.5)
  - LAPACK is enabled (usually provided by MKL)
  - NNPACK is enabled
  - CPU capability usage: AVX512
  - CUDA Runtime 12.9
  - NVCC architecture flags: -gencode;arch=compute_50,code=sm_50;-gencode;arch=compute_60,code=sm_60;-gencode;arch=compute_70,code=sm_70;-gencode;arch=compute_75,code=sm_75;-gencode;arch=compute_80,code=sm_80;-gencode;arch=compute_86,code=sm_86;-gencode;arch=compute_90,code=sm_90;-gencode;arch=compute_100,code=sm_100;-gencode;arch=compute_120,code=sm_120;-gencode;arch=compute_120,code=compute_120
  - CuDNN 91.0.2
    - Built with CuDNN 91.0.1
  - Magma 2.9.0
  - Build settings: BLAS_INFO=mkl, BUILD_TYPE=Release, COMMIT_SHA=Unknown, CUDA_VERSION=12.9, CUDNN_VERSION=9.10.1, CXX_COMPILER=/home/conda/feedstock_root/build_artifacts/libtorch_1753846581042/_build_env/bin/x86_64-conda-linux-gnu-c++, CXX_FLAGS=-fmessage-length=0 -march=nocona -mtune=haswell -ftree-vectorize -fPIC -fstack-protector-strong -fno-plt -O2 -ffunction-sections -pipe -isystem /home/conda/feedstock_root/build_artifacts/libtorch_1753846581042/_h_env_placehold_placehold_placehold_placehold_placehold_placehold_placehold_placehold_placehold_placehold_placehold_placehold_placehold_placehold_placehold_placehold_placehold_placehold_pl/include -fdebug-prefix-map=/home/conda/feedstock_root/build_artifacts/libtorch_1753846581042/work=/usr/local/src/conda/libtorch-2.7.1 -fdebug-prefix-map=/home/conda/feedstock_root/build_artifacts/libtorch_1753846581042/_h_env_placehold_placehold_placehold_placehold_placehold_placehold_placehold_placehold_placehold_placehold_placehold_placehold_placehold_placehold_placehold_placehold_placehold_placehold_pl=/usr/local/src/conda-prefix -I/home/conda/feedstock_root/build_artifacts/libtorch_1753846581042/_h_env_placehold_placehold_placehold_placehold_placehold_placehold_placehold_placehold_placehold_placehold_placehold_placehold_placehold_placehold_placehold_placehold_placehold_placehold_pl/targets/x86_64-linux/include -I/home/conda/feedstock_root/build_artifacts/libtorch_1753846581042/_build_env/targets/x86_64-linux/include -w -Wno-deprecated-declarations -Wno-error=maybe-uninitialized -D_GLIBCXX_USE_CXX11_ABI=1 -fvisibility-inlines-hidden -DUSE_PTHREADPOOL -DNDEBUG -DUSE_KINETO -DLIBKINETO_NOROCTRACER -DLIBKINETO_NOXPUPTI=ON -DUSE_FBGEMM -DUSE_PYTORCH_QNNPACK -DUSE_XNNPACK -DSYMBOLICATE_MOBILE_DEBUG_HANDLE -O2 -fPIC -Wall -Wextra -Werror=return-type -Werror=non-virtual-dtor -Werror=range-loop-construct -Werror=bool-operation -Wnarrowing -Wno-missing-field-initializers -Wno-unknown-pragmas -Wno-unused-parameter -Wno-strict-overflow -Wno-strict-aliasing -Wno-stringop-overflow -Wsuggest-override -Wno-psabi -Wno-error=old-style-cast -fdiagnostics-color=always -faligned-new -Wno-maybe-uninitialized -fno-math-errno -fno-trapping-math -Werror=format -Wno-dangling-reference -Wno-error=dangling-reference -Wno-error=redundant-move -Wno-stringop-overflow, LAPACK_INFO=mkl, PERF_WITH_AVX=1, PERF_WITH_AVX2=1, TORCH_VERSION=2.7.1, USE_CUDA=1, USE_CUDNN=ON, USE_CUSPARSELT=OFF, USE_GFLAGS=OFF, USE_GLOG=OFF, USE_GLOO=ON, USE_MKL=ON, USE_MKLDNN=1, USE_MPI=OFF, USE_NCCL=ON, USE_NNPACK=ON, USE_OPENMP=ON, USE_ROCM=OFF, USE_ROCM_KERNEL_ASSERT=OFF, 

    TorchVision: 0.22.1
    OpenCV: 4.13.0
    MMEngine: 0.10.7

Runtime environment:
    cudnn_benchmark: True
    mp_cfg: {'mp_start_method': 'fork', 'opencv_num_threads': 0}
    dist_cfg: {'backend': 'nccl'}
    seed: 349518888
    Distributed launcher: pytorch
    Distributed training: True
    GPU number: 2
------------------------------------------------------------

2026/07/20 19:06:53 - mmengine - INFO - Config:
DATA_ROOT = '/mnt/qh2-nas3/00-model/00-limx/datasets/potsdam/'
DINO_CKPT = '/mnt/qh2-nas3/00-model/00-limx/Dinov3/ckpt/stage2+stage3-zhejiang/31999.pth'
auto_scale_lr = dict(base_batch_size=16, enable=False)
crop_size = (
    512,
    512,
)
custom_imports = dict(
    allow_failed_imports=False,
    imports=[
        'custom_datasets.customPotsdam',
        'custom_models.dinov3_backbone',
    ])
data_preprocessor = dict(
    bgr_to_rgb=False,
    mean=None,
    pad_val=0,
    seg_pad_val=255,
    size=(
        512,
        512,
    ),
    std=None,
    test_cfg=dict(size_divisor=32),
    type='SegDataPreProcessor')
data_root = 'data/ade/ADEChallengeData2016'
dataset_type = 'ADE20KDataset'
default_hooks = dict(
    checkpoint=dict(
        by_epoch=False,
        interval=2000,
        max_keep_ckpts=1,
        save_best='mIoU',
        type='CheckpointHook'),
    logger=dict(interval=100, log_metric_by_epoch=False, type='LoggerHook'),
    param_scheduler=dict(type='ParamSchedulerHook'),
    sampler_seed=dict(type='DistSamplerSeedHook'),
    timer=dict(type='IterTimerHook'),
    visualization=dict(type='SegVisualizationHook'))
default_scope = 'mmseg'
embed_multi = dict(decay_mult=0.0, lr_mult=1.0)
env_cfg = dict(
    cudnn_benchmark=True,
    dist_cfg=dict(backend='nccl'),
    mp_cfg=dict(mp_start_method='fork', opencv_num_threads=0))
find_unused_parameters = True
img_ratios = [
    0.5,
    0.75,
    1.0,
    1.25,
    1.5,
    1.75,
]
img_size = 512
launcher = 'pytorch'
load_from = None
log_level = 'INFO'
log_processor = dict(by_epoch=False)
max_iters = 80000
model = dict(
    backbone=dict(
        arch='vit_large',
        checkpoint=
        '/mnt/qh2-nas3/00-model/00-limx/Dinov3/ckpt/stage2+stage3-zhejiang/31999.pth',
        finetune_vit=False,
        freeze_backbone=True,
        img_size=512,
        interaction_indexes=[
            5,
            11,
            17,
            23,
        ],
        layerscale_init=1e-05,
        mask_k_bias=True,
        n_storage_tokens=4,
        patch_size=16,
        type='DINOv3BackboneMmseg'),
    data_preprocessor=dict(
        bgr_to_rgb=False,
        mean=None,
        pad_val=0,
        seg_pad_val=255,
        size=(
            512,
            512,
        ),
        std=None,
        test_cfg=dict(size_divisor=32),
        type='SegDataPreProcessor'),
    decode_head=dict(
        align_corners=False,
        enforce_decoder_input_project=False,
        feat_channels=256,
        in_channels=[
            1024,
            1024,
            1024,
            1024,
        ],
        loss_cls=dict(
            class_weight=[
                1.0,
                1.0,
                1.0,
                1.0,
                1.0,
                1.0,
            ],
            loss_weight=2.0,
            reduction='mean',
            type='mmdet.CrossEntropyLoss',
            use_sigmoid=False),
        loss_dice=dict(
            activate=True,
            eps=1.0,
            loss_weight=5.0,
            naive_dice=True,
            reduction='mean',
            type='mmdet.DiceLoss',
            use_sigmoid=True),
        loss_mask=dict(
            loss_weight=5.0,
            reduction='mean',
            type='mmdet.CrossEntropyLoss',
            use_sigmoid=True),
        num_classes=5,
        num_queries=50,
        num_transformer_feat_level=3,
        out_channels=256,
        pixel_decoder=dict(
            act_cfg=dict(type='ReLU'),
            encoder=dict(
                init_cfg=None,
                layer_cfg=dict(
                    ffn_cfg=dict(
                        act_cfg=dict(inplace=True, type='ReLU'),
                        embed_dims=256,
                        feedforward_channels=1024,
                        ffn_drop=0.0,
                        num_fcs=2),
                    self_attn_cfg=dict(
                        batch_first=True,
                        dropout=0.0,
                        embed_dims=256,
                        im2col_step=64,
                        init_cfg=None,
                        norm_cfg=None,
                        num_heads=8,
                        num_levels=3,
                        num_points=4)),
                num_layers=6),
            init_cfg=None,
            norm_cfg=dict(num_groups=32, type='GN'),
            num_outs=3,
            positional_encoding=dict(normalize=True, num_feats=128),
            type='mmdet.MSDeformAttnPixelDecoder'),
        positional_encoding=dict(normalize=True, num_feats=128),
        strides=[
            4,
            8,
            16,
            32,
        ],
        train_cfg=dict(
            assigner=dict(
                match_costs=[
                    dict(type='mmdet.ClassificationCost', weight=2.0),
                    dict(
                        type='mmdet.CrossEntropyLossCost',
                        use_sigmoid=True,
                        weight=5.0),
                    dict(
                        eps=1.0,
                        pred_act=True,
                        type='mmdet.DiceCost',
                        weight=5.0),
                ],
                type='mmdet.HungarianAssigner'),
            importance_sample_ratio=0.75,
            num_points=12544,
            oversample_ratio=3.0,
            sampler=dict(type='mmdet.MaskPseudoSampler')),
        transformer_decoder=dict(
            init_cfg=None,
            layer_cfg=dict(
                cross_attn_cfg=dict(
                    attn_drop=0.0,
                    batch_first=True,
                    dropout_layer=None,
                    embed_dims=256,
                    num_heads=8,
                    proj_drop=0.0),
                ffn_cfg=dict(
                    act_cfg=dict(inplace=True, type='ReLU'),
                    add_identity=True,
                    dropout_layer=None,
                    embed_dims=256,
                    feedforward_channels=2048,
                    ffn_drop=0.0,
                    num_fcs=2),
                self_attn_cfg=dict(
                    attn_drop=0.0,
                    batch_first=True,
                    dropout_layer=None,
                    embed_dims=256,
                    num_heads=8,
                    proj_drop=0.0)),
            num_layers=9,
            return_intermediate=True),
        type='Mask2FormerHead'),
    test_cfg=dict(mode='whole'),
    train_cfg=dict(),
    type='EncoderDecoder')
num_classes = 5
optim_wrapper = dict(
    clip_grad=dict(max_norm=0.01, norm_type=2),
    optimizer=dict(
        betas=(
            0.9,
            0.999,
        ),
        eps=1e-08,
        lr=5e-05,
        type='AdamW',
        weight_decay=0.05),
    paramwise_cfg=dict(
        custom_keys=dict({'backbone.backbone': dict(lr_mult=0.0)}),
        norm_decay_mult=0.0),
    type='OptimWrapper')
optimizer = dict(
    betas=(
        0.9,
        0.999,
    ),
    eps=1e-08,
    lr=0.0001,
    type='AdamW',
    weight_decay=0.05)
param_scheduler = [
    dict(
        begin=0, by_epoch=False, end=3000, start_factor=0.001,
        type='LinearLR'),
    dict(
        begin=3000,
        by_epoch=False,
        end=80000,
        eta_min=0,
        power=0.9,
        type='PolyLR'),
]
resume = False
test_cfg = dict(type='TestLoop')
test_dataloader = dict(
    batch_size=4,
    dataset=dict(
        data_root='/mnt/qh2-nas3/00-model/00-limx/datasets/potsdam/',
        pipeline=[
            dict(img_size=512, type='LoadCustomRaster'),
            dict(type='CustomNormalize'),
            dict(type='PackSegInputs'),
        ],
        split='val',
        type='CustomPotsdamDataset'),
    num_workers=4)
test_evaluator = dict(
    iou_metrics=[
        'mIoU',
        'mFscore',
    ], type='IoUMetric')
test_pipeline = [
    dict(type='LoadImageFromFile'),
    dict(keep_ratio=True, scale=(
        2048,
        512,
    ), type='Resize'),
    dict(reduce_zero_label=True, type='LoadAnnotations'),
    dict(type='PackSegInputs'),
]
train_cfg = dict(max_iters=80000, type='IterBasedTrainLoop', val_interval=2000)
train_dataloader = dict(
    batch_size=4,
    dataset=dict(
        data_root='/mnt/qh2-nas3/00-model/00-limx/datasets/potsdam/',
        pipeline=[
            dict(img_size=512, type='LoadCustomRaster'),
            dict(prob=0.5, type='CustomRandomRotate90'),
            dict(direction='horizontal', prob=0.5, type='RandomFlip'),
            dict(direction='vertical', prob=0.5, type='RandomFlip'),
            dict(type='CustomNormalize'),
            dict(type='PackSegInputs'),
        ],
        split='train',
        type='CustomPotsdamDataset'),
    num_workers=4)
train_pipeline = [
    dict(img_size=512, type='LoadCustomRaster'),
    dict(prob=0.5, type='CustomRandomRotate90'),
    dict(direction='horizontal', prob=0.5, type='RandomFlip'),
    dict(direction='vertical', prob=0.5, type='RandomFlip'),
    dict(type='CustomNormalize'),
    dict(type='PackSegInputs'),
]
tta_model = dict(type='SegTTAModel')
tta_pipeline = [
    dict(backend_args=None, type='LoadImageFromFile'),
    dict(
        transforms=[
            [
                dict(keep_ratio=True, scale_factor=0.5, type='Resize'),
                dict(keep_ratio=True, scale_factor=0.75, type='Resize'),
                dict(keep_ratio=True, scale_factor=1.0, type='Resize'),
                dict(keep_ratio=True, scale_factor=1.25, type='Resize'),
                dict(keep_ratio=True, scale_factor=1.5, type='Resize'),
                dict(keep_ratio=True, scale_factor=1.75, type='Resize'),
            ],
            [
                dict(direction='horizontal', prob=0.0, type='RandomFlip'),
                dict(direction='horizontal', prob=1.0, type='RandomFlip'),
            ],
            [
                dict(type='LoadAnnotations'),
            ],
            [
                dict(type='PackSegInputs'),
            ],
        ],
        type='TestTimeAug'),
]
val_cfg = dict(type='ValLoop')
val_dataloader = dict(
    batch_size=4,
    dataset=dict(
        data_root='/mnt/qh2-nas3/00-model/00-limx/datasets/potsdam/',
        pipeline=[
            dict(img_size=512, type='LoadCustomRaster'),
            dict(type='CustomNormalize'),
            dict(type='PackSegInputs'),
        ],
        split='val',
        type='CustomPotsdamDataset'),
    num_workers=4)
val_evaluator = dict(
    iou_metrics=[
        'mIoU',
        'mFscore',
    ], type='IoUMetric')
val_pipeline = [
    dict(img_size=512, type='LoadCustomRaster'),
    dict(type='CustomNormalize'),
    dict(type='PackSegInputs'),
]
vis_backends = [
    dict(type='LocalVisBackend'),
]
visualizer = dict(
    name='visualizer',
    type='SegLocalVisualizer',
    vis_backends=[
        dict(type='LocalVisBackend'),
    ])
work_dir = 'work_dirs/dinov3_m2f_31999'

2026/07/20 19:07:19 - mmengine - INFO - Hooks will be executed in the following order:
before_run:
(VERY_HIGH   ) RuntimeInfoHook                    
(BELOW_NORMAL) LoggerHook                         
 -------------------- 
before_train:
(VERY_HIGH   ) RuntimeInfoHook                    
(NORMAL      ) IterTimerHook                      
(VERY_LOW    ) CheckpointHook                     
 -------------------- 
before_train_epoch:
(VERY_HIGH   ) RuntimeInfoHook                    
(NORMAL      ) IterTimerHook                      
(NORMAL      ) DistSamplerSeedHook                
 -------------------- 
before_train_iter:
(VERY_HIGH   ) RuntimeInfoHook                    
(NORMAL      ) IterTimerHook                      
 -------------------- 
after_train_iter:
(VERY_HIGH   ) RuntimeInfoHook                    
(NORMAL      ) IterTimerHook                      
(BELOW_NORMAL) LoggerHook                         
(LOW         ) ParamSchedulerHook                 
(VERY_LOW    ) CheckpointHook                     
 -------------------- 
after_train_epoch:
(NORMAL      ) IterTimerHook                      
(LOW         ) ParamSchedulerHook                 
(VERY_LOW    ) CheckpointHook                     
 -------------------- 
before_val:
(VERY_HIGH   ) RuntimeInfoHook                    
 -------------------- 
before_val_epoch:
(NORMAL      ) IterTimerHook                      
 -------------------- 
before_val_iter:
(NORMAL      ) IterTimerHook                      
 -------------------- 
after_val_iter:
(NORMAL      ) IterTimerHook                      
(NORMAL      ) SegVisualizationHook               
(BELOW_NORMAL) LoggerHook                         
 -------------------- 
after_val_epoch:
(VERY_HIGH   ) RuntimeInfoHook                    
(NORMAL      ) IterTimerHook                      
(BELOW_NORMAL) LoggerHook                         
(LOW         ) ParamSchedulerHook                 
(VERY_LOW    ) CheckpointHook                     
 -------------------- 
after_val:
(VERY_HIGH   ) RuntimeInfoHook                    
 -------------------- 
after_train:
(VERY_HIGH   ) RuntimeInfoHook                    
(VERY_LOW    ) CheckpointHook                     
 -------------------- 
before_test:
(VERY_HIGH   ) RuntimeInfoHook                    
 -------------------- 
before_test_epoch:
(NORMAL      ) IterTimerHook                      
 -------------------- 
before_test_iter:
(NORMAL      ) IterTimerHook                      
 -------------------- 
after_test_iter:
(NORMAL      ) IterTimerHook                      
(NORMAL      ) SegVisualizationHook               
(BELOW_NORMAL) LoggerHook                         
 -------------------- 
after_test_epoch:
(VERY_HIGH   ) RuntimeInfoHook                    
(NORMAL      ) IterTimerHook                      
(BELOW_NORMAL) LoggerHook                         
 -------------------- 
after_test:
(VERY_HIGH   ) RuntimeInfoHook                    
 -------------------- 
after_run:
(BELOW_NORMAL) LoggerHook                         
 -------------------- 
2026/07/20 19:07:20 - mmengine - WARNING - backbone.backbone.cls_token is skipped since its requires_grad=False
2026/07/20 19:07:20 - mmengine - WARNING - backbone.backbone.storage_tokens is skipped since its requires_grad=False
2026/07/20 19:07:20 - mmengine - WARNING - backbone.backbone.mask_token is skipped since its requires_grad=False
2026/07/20 19:07:20 - mmengine - WARNING - backbone.backbone.patch_embed.proj.weight is skipped since its requires_grad=False
2026/07/20 19:07:20 - mmengine - WARNING - backbone.backbone.patch_embed.proj.bias is skipped since its requires_grad=False
2026/07/20 19:07:20 - mmengine - WARNING - backbone.backbone.blocks.0.norm1.weight is skipped since its requires_grad=False
2026/07/20 19:07:20 - mmengine - WARNING - backbone.backbone.blocks.0.norm1.bias is skipped since its requires_grad=False
2026/07/20 19:07:20 - mmengine - WARNING - backbone.backbone.blocks.0.attn.qkv.weight is skipped since its requires_grad=False
2026/07/20 19:07:20 - mmengine - WARNING - backbone.backbone.blocks.0.attn.qkv.bias is skipped since its requires_grad=False
2026/07/20 19:07:20 - mmengine - WARNING - backbone.backbone.blocks.0.attn.proj.weight is skipped since its requires_grad=False
2026/07/20 19:07:20 - mmengine - WARNING - backbone.backbone.blocks.0.attn.proj.bias is skipped since its requires_grad=False
2026/07/20 19:07:20 - mmengine - WARNING - backbone.backbone.blocks.0.ls1.gamma is skipped since its requires_grad=False
2026/07/20 19:07:20 - mmengine - WARNING - backbone.backbone.blocks.0.norm2.weight is skipped since its requires_grad=False
2026/07/20 19:07:20 - mmengine - WARNING - backbone.backbone.blocks.0.norm2.bias is skipped since its requires_grad=False
2026/07/20 19:07:20 - mmengine - WARNING - backbone.backbone.blocks.0.mlp.fc1.weight is skipped since its requires_grad=False
2026/07/20 19:07:20 - mmengine - WARNING - backbone.backbone.blocks.0.mlp.fc1.bias is skipped since its requires_grad=False
2026/07/20 19:07:20 - mmengine - WARNING - backbone.backbone.blocks.0.mlp.fc2.weight is skipped since its requires_grad=False
2026/07/20 19:07:20 - mmengine - WARNING - backbone.backbone.blocks.0.mlp.fc2.bias is skipped since its requires_grad=False
2026/07/20 19:07:20 - mmengine - WARNING - backbone.backbone.blocks.0.ls2.gamma is skipped since its requires_grad=False
2026/07/20 19:07:20 - mmengine - WARNING - backbone.backbone.blocks.1.norm1.weight is skipped since its requires_grad=False
2026/07/20 19:07:20 - mmengine - WARNING - backbone.backbone.blocks.1.norm1.bias is skipped since its requires_grad=False
2026/07/20 19:07:20 - mmengine - WARNING - backbone.backbone.blocks.1.attn.qkv.weight is skipped since its requires_grad=False
2026/07/20 19:07:20 - mmengine - WARNING - backbone.backbone.blocks.1.attn.qkv.bias is skipped since its requires_grad=False
2026/07/20 19:07:20 - mmengine - WARNING - backbone.backbone.blocks.1.attn.proj.weight is skipped since its requires_grad=False
2026/07/20 19:07:20 - mmengine - WARNING - backbone.backbone.blocks.1.attn.proj.bias is skipped since its requires_grad=False
2026/07/20 19:07:20 - mmengine - WARNING - backbone.backbone.blocks.1.ls1.gamma is skipped since its requires_grad=False
2026/07/20 19:07:20 - mmengine - WARNING - backbone.backbone.blocks.1.norm2.weight is skipped since its requires_grad=False
2026/07/20 19:07:20 - mmengine - WARNING - backbone.backbone.blocks.1.norm2.bias is skipped since its requires_grad=False
2026/07/20 19:07:20 - mmengine - WARNING - backbone.backbone.blocks.1.mlp.fc1.weight is skipped since its requires_grad=False
2026/07/20 19:07:20 - mmengine - WARNING - backbone.backbone.blocks.1.mlp.fc1.bias is skipped since its requires_grad=False
2026/07/20 19:07:20 - mmengine - WARNING - backbone.backbone.blocks.1.mlp.fc2.weight is skipped since its requires_grad=False
2026/07/20 19:07:20 - mmengine - WARNING - backbone.backbone.blocks.1.mlp.fc2.bias is skipped since its requires_grad=False
2026/07/20 19:07:20 - mmengine - WARNING - backbone.backbone.blocks.1.ls2.gamma is skipped since its requires_grad=False
2026/07/20 19:07:20 - mmengine - WARNING - backbone.backbone.blocks.2.norm1.weight is skipped since its requires_grad=False
2026/07/20 19:07:20 - mmengine - WARNING - backbone.backbone.blocks.2.norm1.bias is skipped since its requires_grad=False
2026/07/20 19:07:20 - mmengine - WARNING - backbone.backbone.blocks.2.attn.qkv.weight is skipped since its requires_grad=False
2026/07/20 19:07:20 - mmengine - WARNING - backbone.backbone.blocks.2.attn.qkv.bias is skipped since its requires_grad=False
2026/07/20 19:07:20 - mmengine - WARNING - backbone.backbone.blocks.2.attn.proj.weight is skipped since its requires_grad=False
2026/07/20 19:07:20 - mmengine - WARNING - backbone.backbone.blocks.2.attn.proj.bias is skipped since its requires_grad=False
2026/07/20 19:07:20 - mmengine - WARNING - backbone.backbone.blocks.2.ls1.gamma is skipped since its requires_grad=False
2026/07/20 19:07:20 - mmengine - WARNING - backbone.backbone.blocks.2.norm2.weight is skipped since its requires_grad=False
2026/07/20 19:07:20 - mmengine - WARNING - backbone.backbone.blocks.2.norm2.bias is skipped since its requires_grad=False
2026/07/20 19:07:20 - mmengine - WARNING - backbone.backbone.blocks.2.mlp.fc1.weight is skipped since its requires_grad=False
2026/07/20 19:07:20 - mmengine - WARNING - backbone.backbone.blocks.2.mlp.fc1.bias is skipped since its requires_grad=False
2026/07/20 19:07:20 - mmengine - WARNING - backbone.backbone.blocks.2.mlp.fc2.weight is skipped since its requires_grad=False
2026/07/20 19:07:20 - mmengine - WARNING - backbone.backbone.blocks.2.mlp.fc2.bias is skipped since its requires_grad=False
2026/07/20 19:07:20 - mmengine - WARNING - backbone.backbone.blocks.2.ls2.gamma is skipped since its requires_grad=False
2026/07/20 19:07:20 - mmengine - WARNING - backbone.backbone.blocks.3.norm1.weight is skipped since its requires_grad=False
2026/07/20 19:07:20 - mmengine - WARNING - backbone.backbone.blocks.3.norm1.bias is skipped since its requires_grad=False
2026/07/20 19:07:20 - mmengine - WARNING - backbone.backbone.blocks.3.attn.qkv.weight is skipped since its requires_grad=False
2026/07/20 19:07:20 - mmengine - WARNING - backbone.backbone.blocks.3.attn.qkv.bias is skipped since its requires_grad=False
2026/07/20 19:07:20 - mmengine - WARNING - backbone.backbone.blocks.3.attn.proj.weight is skipped since its requires_grad=False
2026/07/20 19:07:20 - mmengine - WARNING - backbone.backbone.blocks.3.attn.proj.bias is skipped since its requires_grad=False
2026/07/20 19:07:20 - mmengine - WARNING - backbone.backbone.blocks.3.ls1.gamma is skipped since its requires_grad=False
2026/07/20 19:07:20 - mmengine - WARNING - backbone.backbone.blocks.3.norm2.weight is skipped since its requires_grad=False
2026/07/20 19:07:20 - mmengine - WARNING - backbone.backbone.blocks.3.norm2.bias is skipped since its requires_grad=False
2026/07/20 19:07:20 - mmengine - WARNING - backbone.backbone.blocks.3.mlp.fc1.weight is skipped since its requires_grad=False
2026/07/20 19:07:20 - mmengine - WARNING - backbone.backbone.blocks.3.mlp.fc1.bias is skipped since its requires_grad=False
2026/07/20 19:07:20 - mmengine - WARNING - backbone.backbone.blocks.3.mlp.fc2.weight is skipped since its requires_grad=False
2026/07/20 19:07:20 - mmengine - WARNING - backbone.backbone.blocks.3.mlp.fc2.bias is skipped since its requires_grad=False
2026/07/20 19:07:20 - mmengine - WARNING - backbone.backbone.blocks.3.ls2.gamma is skipped since its requires_grad=False
2026/07/20 19:07:20 - mmengine - WARNING - backbone.backbone.blocks.4.norm1.weight is skipped since its requires_grad=False
2026/07/20 19:07:20 - mmengine - WARNING - backbone.backbone.blocks.4.norm1.bias is skipped since its requires_grad=False
2026/07/20 19:07:20 - mmengine - WARNING - backbone.backbone.blocks.4.attn.qkv.weight is skipped since its requires_grad=False
2026/07/20 19:07:20 - mmengine - WARNING - backbone.backbone.blocks.4.attn.qkv.bias is skipped since its requires_grad=False
2026/07/20 19:07:20 - mmengine - WARNING - backbone.backbone.blocks.4.attn.proj.weight is skipped since its requires_grad=False
2026/07/20 19:07:20 - mmengine - WARNING - backbone.backbone.blocks.4.attn.proj.bias is skipped since its requires_grad=False
2026/07/20 19:07:20 - mmengine - WARNING - backbone.backbone.blocks.4.ls1.gamma is skipped since its requires_grad=False
2026/07/20 19:07:20 - mmengine - WARNING - backbone.backbone.blocks.4.norm2.weight is skipped since its requires_grad=False
2026/07/20 19:07:20 - mmengine - WARNING - backbone.backbone.blocks.4.norm2.bias is skipped since its requires_grad=False
2026/07/20 19:07:20 - mmengine - WARNING - backbone.backbone.blocks.4.mlp.fc1.weight is skipped since its requires_grad=False
2026/07/20 19:07:20 - mmengine - WARNING - backbone.backbone.blocks.4.mlp.fc1.bias is skipped since its requires_grad=False
2026/07/20 19:07:20 - mmengine - WARNING - backbone.backbone.blocks.4.mlp.fc2.weight is skipped since its requires_grad=False
2026/07/20 19:07:20 - mmengine - WARNING - backbone.backbone.blocks.4.mlp.fc2.bias is skipped since its requires_grad=False
2026/07/20 19:07:20 - mmengine - WARNING - backbone.backbone.blocks.4.ls2.gamma is skipped since its requires_grad=False
2026/07/20 19:07:20 - mmengine - WARNING - backbone.backbone.blocks.5.norm1.weight is skipped since its requires_grad=False
2026/07/20 19:07:20 - mmengine - WARNING - backbone.backbone.blocks.5.norm1.bias is skipped since its requires_grad=False
2026/07/20 19:07:20 - mmengine - WARNING - backbone.backbone.blocks.5.attn.qkv.weight is skipped since its requires_grad=False
2026/07/20 19:07:20 - mmengine - WARNING - backbone.backbone.blocks.5.attn.qkv.bias is skipped since its requires_grad=False
2026/07/20 19:07:20 - mmengine - WARNING - backbone.backbone.blocks.5.attn.proj.weight is skipped since its requires_grad=False
2026/07/20 19:07:20 - mmengine - WARNING - backbone.backbone.blocks.5.attn.proj.bias is skipped since its requires_grad=False
2026/07/20 19:07:20 - mmengine - WARNING - backbone.backbone.blocks.5.ls1.gamma is skipped since its requires_grad=False
2026/07/20 19:07:20 - mmengine - WARNING - backbone.backbone.blocks.5.norm2.weight is skipped since its requires_grad=False
2026/07/20 19:07:20 - mmengine - WARNING - backbone.backbone.blocks.5.norm2.bias is skipped since its requires_grad=False
2026/07/20 19:07:20 - mmengine - WARNING - backbone.backbone.blocks.5.mlp.fc1.weight is skipped since its requires_grad=False
2026/07/20 19:07:20 - mmengine - WARNING - backbone.backbone.blocks.5.mlp.fc1.bias is skipped since its requires_grad=False
2026/07/20 19:07:20 - mmengine - WARNING - backbone.backbone.blocks.5.mlp.fc2.weight is skipped since its requires_grad=False
2026/07/20 19:07:20 - mmengine - WARNING - backbone.backbone.blocks.5.mlp.fc2.bias is skipped since its requires_grad=False
2026/07/20 19:07:20 - mmengine - WARNING - backbone.backbone.blocks.5.ls2.gamma is skipped since its requires_grad=False
2026/07/20 19:07:20 - mmengine - WARNING - backbone.backbone.blocks.6.norm1.weight is skipped since its requires_grad=False
2026/07/20 19:07:20 - mmengine - WARNING - backbone.backbone.blocks.6.norm1.bias is skipped since its requires_grad=False
2026/07/20 19:07:20 - mmengine - WARNING - backbone.backbone.blocks.6.attn.qkv.weight is skipped since its requires_grad=False
2026/07/20 19:07:20 - mmengine - WARNING - backbone.backbone.blocks.6.attn.qkv.bias is skipped since its requires_grad=False
2026/07/20 19:07:20 - mmengine - WARNING - backbone.backbone.blocks.6.attn.proj.weight is skipped since its requires_grad=False
2026/07/20 19:07:20 - mmengine - WARNING - backbone.backbone.blocks.6.attn.proj.bias is skipped since its requires_grad=False
2026/07/20 19:07:20 - mmengine - WARNING - backbone.backbone.blocks.6.ls1.gamma is skipped since its requires_grad=False
2026/07/20 19:07:20 - mmengine - WARNING - backbone.backbone.blocks.6.norm2.weight is skipped since its requires_grad=False
2026/07/20 19:07:20 - mmengine - WARNING - backbone.backbone.blocks.6.norm2.bias is skipped since its requires_grad=False
2026/07/20 19:07:20 - mmengine - WARNING - backbone.backbone.blocks.6.mlp.fc1.weight is skipped since its requires_grad=False
2026/07/20 19:07:20 - mmengine - WARNING - backbone.backbone.blocks.6.mlp.fc1.bias is skipped since its requires_grad=False
2026/07/20 19:07:20 - mmengine - WARNING - backbone.backbone.blocks.6.mlp.fc2.weight is skipped since its requires_grad=False
2026/07/20 19:07:20 - mmengine - WARNING - backbone.backbone.blocks.6.mlp.fc2.bias is skipped since its requires_grad=False
2026/07/20 19:07:20 - mmengine - WARNING - backbone.backbone.blocks.6.ls2.gamma is skipped since its requires_grad=False
2026/07/20 19:07:20 - mmengine - WARNING - backbone.backbone.blocks.7.norm1.weight is skipped since its requires_grad=False
2026/07/20 19:07:20 - mmengine - WARNING - backbone.backbone.blocks.7.norm1.bias is skipped since its requires_grad=False
2026/07/20 19:07:20 - mmengine - WARNING - backbone.backbone.blocks.7.attn.qkv.weight is skipped since its requires_grad=False
2026/07/20 19:07:20 - mmengine - WARNING - backbone.backbone.blocks.7.attn.qkv.bias is skipped since its requires_grad=False
2026/07/20 19:07:20 - mmengine - WARNING - backbone.backbone.blocks.7.attn.proj.weight is skipped since its requires_grad=False
2026/07/20 19:07:20 - mmengine - WARNING - backbone.backbone.blocks.7.attn.proj.bias is skipped since its requires_grad=False
2026/07/20 19:07:20 - mmengine - WARNING - backbone.backbone.blocks.7.ls1.gamma is skipped since its requires_grad=False
2026/07/20 19:07:20 - mmengine - WARNING - backbone.backbone.blocks.7.norm2.weight is skipped since its requires_grad=False
2026/07/20 19:07:20 - mmengine - WARNING - backbone.backbone.blocks.7.norm2.bias is skipped since its requires_grad=False
2026/07/20 19:07:20 - mmengine - WARNING - backbone.backbone.blocks.7.mlp.fc1.weight is skipped since its requires_grad=False
2026/07/20 19:07:20 - mmengine - WARNING - backbone.backbone.blocks.7.mlp.fc1.bias is skipped since its requires_grad=False
2026/07/20 19:07:20 - mmengine - WARNING - backbone.backbone.blocks.7.mlp.fc2.weight is skipped since its requires_grad=False
2026/07/20 19:07:20 - mmengine - WARNING - backbone.backbone.blocks.7.mlp.fc2.bias is skipped since its requires_grad=False
2026/07/20 19:07:20 - mmengine - WARNING - backbone.backbone.blocks.7.ls2.gamma is skipped since its requires_grad=False
2026/07/20 19:07:20 - mmengine - WARNING - backbone.backbone.blocks.8.norm1.weight is skipped since its requires_grad=False
2026/07/20 19:07:20 - mmengine - WARNING - backbone.backbone.blocks.8.norm1.bias is skipped since its requires_grad=False
2026/07/20 19:07:20 - mmengine - WARNING - backbone.backbone.blocks.8.attn.qkv.weight is skipped since its requires_grad=False
2026/07/20 19:07:20 - mmengine - WARNING - backbone.backbone.blocks.8.attn.qkv.bias is skipped since its requires_grad=False
2026/07/20 19:07:20 - mmengine - WARNING - backbone.backbone.blocks.8.attn.proj.weight is skipped since its requires_grad=False
2026/07/20 19:07:20 - mmengine - WARNING - backbone.backbone.blocks.8.attn.proj.bias is skipped since its requires_grad=False
2026/07/20 19:07:20 - mmengine - WARNING - backbone.backbone.blocks.8.ls1.gamma is skipped since its requires_grad=False
2026/07/20 19:07:20 - mmengine - WARNING - backbone.backbone.blocks.8.norm2.weight is skipped since its requires_grad=False
2026/07/20 19:07:20 - mmengine - WARNING - backbone.backbone.blocks.8.norm2.bias is skipped since its requires_grad=False
2026/07/20 19:07:20 - mmengine - WARNING - backbone.backbone.blocks.8.mlp.fc1.weight is skipped since its requires_grad=False
2026/07/20 19:07:20 - mmengine - WARNING - backbone.backbone.blocks.8.mlp.fc1.bias is skipped since its requires_grad=False
2026/07/20 19:07:20 - mmengine - WARNING - backbone.backbone.blocks.8.mlp.fc2.weight is skipped since its requires_grad=False
2026/07/20 19:07:20 - mmengine - WARNING - backbone.backbone.blocks.8.mlp.fc2.bias is skipped since its requires_grad=False
2026/07/20 19:07:20 - mmengine - WARNING - backbone.backbone.blocks.8.ls2.gamma is skipped since its requires_grad=False
2026/07/20 19:07:20 - mmengine - WARNING - backbone.backbone.blocks.9.norm1.weight is skipped since its requires_grad=False
2026/07/20 19:07:20 - mmengine - WARNING - backbone.backbone.blocks.9.norm1.bias is skipped since its requires_grad=False
2026/07/20 19:07:20 - mmengine - WARNING - backbone.backbone.blocks.9.attn.qkv.weight is skipped since its requires_grad=False
2026/07/20 19:07:20 - mmengine - WARNING - backbone.backbone.blocks.9.attn.qkv.bias is skipped since its requires_grad=False
2026/07/20 19:07:20 - mmengine - WARNING - backbone.backbone.blocks.9.attn.proj.weight is skipped since its requires_grad=False
2026/07/20 19:07:20 - mmengine - WARNING - backbone.backbone.blocks.9.attn.proj.bias is skipped since its requires_grad=False
2026/07/20 19:07:20 - mmengine - WARNING - backbone.backbone.blocks.9.ls1.gamma is skipped since its requires_grad=False
2026/07/20 19:07:20 - mmengine - WARNING - backbone.backbone.blocks.9.norm2.weight is skipped since its requires_grad=False
2026/07/20 19:07:20 - mmengine - WARNING - backbone.backbone.blocks.9.norm2.bias is skipped since its requires_grad=False
2026/07/20 19:07:20 - mmengine - WARNING - backbone.backbone.blocks.9.mlp.fc1.weight is skipped since its requires_grad=False
2026/07/20 19:07:20 - mmengine - WARNING - backbone.backbone.blocks.9.mlp.fc1.bias is skipped since its requires_grad=False
2026/07/20 19:07:20 - mmengine - WARNING - backbone.backbone.blocks.9.mlp.fc2.weight is skipped since its requires_grad=False
2026/07/20 19:07:20 - mmengine - WARNING - backbone.backbone.blocks.9.mlp.fc2.bias is skipped since its requires_grad=False
2026/07/20 19:07:20 - mmengine - WARNING - backbone.backbone.blocks.9.ls2.gamma is skipped since its requires_grad=False
2026/07/20 19:07:20 - mmengine - WARNING - backbone.backbone.blocks.10.norm1.weight is skipped since its requires_grad=False
2026/07/20 19:07:20 - mmengine - WARNING - backbone.backbone.blocks.10.norm1.bias is skipped since its requires_grad=False
2026/07/20 19:07:20 - mmengine - WARNING - backbone.backbone.blocks.10.attn.qkv.weight is skipped since its requires_grad=False
2026/07/20 19:07:20 - mmengine - WARNING - backbone.backbone.blocks.10.attn.qkv.bias is skipped since its requires_grad=False
2026/07/20 19:07:20 - mmengine - WARNING - backbone.backbone.blocks.10.attn.proj.weight is skipped since its requires_grad=False
2026/07/20 19:07:20 - mmengine - WARNING - backbone.backbone.blocks.10.attn.proj.bias is skipped since its requires_grad=False
2026/07/20 19:07:20 - mmengine - WARNING - backbone.backbone.blocks.10.ls1.gamma is skipped since its requires_grad=False
2026/07/20 19:07:20 - mmengine - WARNING - backbone.backbone.blocks.10.norm2.weight is skipped since its requires_grad=False
2026/07/20 19:07:20 - mmengine - WARNING - backbone.backbone.blocks.10.norm2.bias is skipped since its requires_grad=False
2026/07/20 19:07:20 - mmengine - WARNING - backbone.backbone.blocks.10.mlp.fc1.weight is skipped since its requires_grad=False
2026/07/20 19:07:20 - mmengine - WARNING - backbone.backbone.blocks.10.mlp.fc1.bias is skipped since its requires_grad=False
2026/07/20 19:07:20 - mmengine - WARNING - backbone.backbone.blocks.10.mlp.fc2.weight is skipped since its requires_grad=False
2026/07/20 19:07:20 - mmengine - WARNING - backbone.backbone.blocks.10.mlp.fc2.bias is skipped since its requires_grad=False
2026/07/20 19:07:20 - mmengine - WARNING - backbone.backbone.blocks.10.ls2.gamma is skipped since its requires_grad=False
2026/07/20 19:07:20 - mmengine - WARNING - backbone.backbone.blocks.11.norm1.weight is skipped since its requires_grad=False
2026/07/20 19:07:20 - mmengine - WARNING - backbone.backbone.blocks.11.norm1.bias is skipped since its requires_grad=False
2026/07/20 19:07:20 - mmengine - WARNING - backbone.backbone.blocks.11.attn.qkv.weight is skipped since its requires_grad=False
2026/07/20 19:07:20 - mmengine - WARNING - backbone.backbone.blocks.11.attn.qkv.bias is skipped since its requires_grad=False
2026/07/20 19:07:20 - mmengine - WARNING - backbone.backbone.blocks.11.attn.proj.weight is skipped since its requires_grad=False
2026/07/20 19:07:20 - mmengine - WARNING - backbone.backbone.blocks.11.attn.proj.bias is skipped since its requires_grad=False
2026/07/20 19:07:20 - mmengine - WARNING - backbone.backbone.blocks.11.ls1.gamma is skipped since its requires_grad=False
2026/07/20 19:07:20 - mmengine - WARNING - backbone.backbone.blocks.11.norm2.weight is skipped since its requires_grad=False
2026/07/20 19:07:20 - mmengine - WARNING - backbone.backbone.blocks.11.norm2.bias is skipped since its requires_grad=False
2026/07/20 19:07:20 - mmengine - WARNING - backbone.backbone.blocks.11.mlp.fc1.weight is skipped since its requires_grad=False
2026/07/20 19:07:20 - mmengine - WARNING - backbone.backbone.blocks.11.mlp.fc1.bias is skipped since its requires_grad=False
2026/07/20 19:07:20 - mmengine - WARNING - backbone.backbone.blocks.11.mlp.fc2.weight is skipped since its requires_grad=False
2026/07/20 19:07:20 - mmengine - WARNING - backbone.backbone.blocks.11.mlp.fc2.bias is skipped since its requires_grad=False
2026/07/20 19:07:20 - mmengine - WARNING - backbone.backbone.blocks.11.ls2.gamma is skipped since its requires_grad=False
2026/07/20 19:07:20 - mmengine - WARNING - backbone.backbone.blocks.12.norm1.weight is skipped since its requires_grad=False
2026/07/20 19:07:20 - mmengine - WARNING - backbone.backbone.blocks.12.norm1.bias is skipped since its requires_grad=False
2026/07/20 19:07:20 - mmengine - WARNING - backbone.backbone.blocks.12.attn.qkv.weight is skipped since its requires_grad=False
2026/07/20 19:07:20 - mmengine - WARNING - backbone.backbone.blocks.12.attn.qkv.bias is skipped since its requires_grad=False
2026/07/20 19:07:20 - mmengine - WARNING - backbone.backbone.blocks.12.attn.proj.weight is skipped since its requires_grad=False
2026/07/20 19:07:20 - mmengine - WARNING - backbone.backbone.blocks.12.attn.proj.bias is skipped since its requires_grad=False
2026/07/20 19:07:20 - mmengine - WARNING - backbone.backbone.blocks.12.ls1.gamma is skipped since its requires_grad=False
2026/07/20 19:07:20 - mmengine - WARNING - backbone.backbone.blocks.12.norm2.weight is skipped since its requires_grad=False
2026/07/20 19:07:20 - mmengine - WARNING - backbone.backbone.blocks.12.norm2.bias is skipped since its requires_grad=False
2026/07/20 19:07:20 - mmengine - WARNING - backbone.backbone.blocks.12.mlp.fc1.weight is skipped since its requires_grad=False
2026/07/20 19:07:20 - mmengine - WARNING - backbone.backbone.blocks.12.mlp.fc1.bias is skipped since its requires_grad=False
2026/07/20 19:07:20 - mmengine - WARNING - backbone.backbone.blocks.12.mlp.fc2.weight is skipped since its requires_grad=False
2026/07/20 19:07:20 - mmengine - WARNING - backbone.backbone.blocks.12.mlp.fc2.bias is skipped since its requires_grad=False
2026/07/20 19:07:20 - mmengine - WARNING - backbone.backbone.blocks.12.ls2.gamma is skipped since its requires_grad=False
2026/07/20 19:07:20 - mmengine - WARNING - backbone.backbone.blocks.13.norm1.weight is skipped since its requires_grad=False
2026/07/20 19:07:20 - mmengine - WARNING - backbone.backbone.blocks.13.norm1.bias is skipped since its requires_grad=False
2026/07/20 19:07:20 - mmengine - WARNING - backbone.backbone.blocks.13.attn.qkv.weight is skipped since its requires_grad=False
2026/07/20 19:07:20 - mmengine - WARNING - backbone.backbone.blocks.13.attn.qkv.bias is skipped since its requires_grad=False
2026/07/20 19:07:20 - mmengine - WARNING - backbone.backbone.blocks.13.attn.proj.weight is skipped since its requires_grad=False
2026/07/20 19:07:20 - mmengine - WARNING - backbone.backbone.blocks.13.attn.proj.bias is skipped since its requires_grad=False
2026/07/20 19:07:20 - mmengine - WARNING - backbone.backbone.blocks.13.ls1.gamma is skipped since its requires_grad=False
2026/07/20 19:07:20 - mmengine - WARNING - backbone.backbone.blocks.13.norm2.weight is skipped since its requires_grad=False
2026/07/20 19:07:20 - mmengine - WARNING - backbone.backbone.blocks.13.norm2.bias is skipped since its requires_grad=False
2026/07/20 19:07:20 - mmengine - WARNING - backbone.backbone.blocks.13.mlp.fc1.weight is skipped since its requires_grad=False
2026/07/20 19:07:20 - mmengine - WARNING - backbone.backbone.blocks.13.mlp.fc1.bias is skipped since its requires_grad=False
2026/07/20 19:07:20 - mmengine - WARNING - backbone.backbone.blocks.13.mlp.fc2.weight is skipped since its requires_grad=False
2026/07/20 19:07:20 - mmengine - WARNING - backbone.backbone.blocks.13.mlp.fc2.bias is skipped since its requires_grad=False
2026/07/20 19:07:20 - mmengine - WARNING - backbone.backbone.blocks.13.ls2.gamma is skipped since its requires_grad=False
2026/07/20 19:07:20 - mmengine - WARNING - backbone.backbone.blocks.14.norm1.weight is skipped since its requires_grad=False
2026/07/20 19:07:20 - mmengine - WARNING - backbone.backbone.blocks.14.norm1.bias is skipped since its requires_grad=False
2026/07/20 19:07:20 - mmengine - WARNING - backbone.backbone.blocks.14.attn.qkv.weight is skipped since its requires_grad=False
2026/07/20 19:07:20 - mmengine - WARNING - backbone.backbone.blocks.14.attn.qkv.bias is skipped since its requires_grad=False
2026/07/20 19:07:20 - mmengine - WARNING - backbone.backbone.blocks.14.attn.proj.weight is skipped since its requires_grad=False
2026/07/20 19:07:20 - mmengine - WARNING - backbone.backbone.blocks.14.attn.proj.bias is skipped since its requires_grad=False
2026/07/20 19:07:20 - mmengine - WARNING - backbone.backbone.blocks.14.ls1.gamma is skipped since its requires_grad=False
2026/07/20 19:07:20 - mmengine - WARNING - backbone.backbone.blocks.14.norm2.weight is skipped since its requires_grad=False
2026/07/20 19:07:20 - mmengine - WARNING - backbone.backbone.blocks.14.norm2.bias is skipped since its requires_grad=False
2026/07/20 19:07:20 - mmengine - WARNING - backbone.backbone.blocks.14.mlp.fc1.weight is skipped since its requires_grad=False
2026/07/20 19:07:20 - mmengine - WARNING - backbone.backbone.blocks.14.mlp.fc1.bias is skipped since its requires_grad=False
2026/07/20 19:07:20 - mmengine - WARNING - backbone.backbone.blocks.14.mlp.fc2.weight is skipped since its requires_grad=False
2026/07/20 19:07:20 - mmengine - WARNING - backbone.backbone.blocks.14.mlp.fc2.bias is skipped since its requires_grad=False
2026/07/20 19:07:20 - mmengine - WARNING - backbone.backbone.blocks.14.ls2.gamma is skipped since its requires_grad=False
2026/07/20 19:07:20 - mmengine - WARNING - backbone.backbone.blocks.15.norm1.weight is skipped since its requires_grad=False
2026/07/20 19:07:20 - mmengine - WARNING - backbone.backbone.blocks.15.norm1.bias is skipped since its requires_grad=False
2026/07/20 19:07:20 - mmengine - WARNING - backbone.backbone.blocks.15.attn.qkv.weight is skipped since its requires_grad=False
2026/07/20 19:07:20 - mmengine - WARNING - backbone.backbone.blocks.15.attn.qkv.bias is skipped since its requires_grad=False
2026/07/20 19:07:20 - mmengine - WARNING - backbone.backbone.blocks.15.attn.proj.weight is skipped since its requires_grad=False
2026/07/20 19:07:20 - mmengine - WARNING - backbone.backbone.blocks.15.attn.proj.bias is skipped since its requires_grad=False
2026/07/20 19:07:20 - mmengine - WARNING - backbone.backbone.blocks.15.ls1.gamma is skipped since its requires_grad=False
2026/07/20 19:07:20 - mmengine - WARNING - backbone.backbone.blocks.15.norm2.weight is skipped since its requires_grad=False
2026/07/20 19:07:20 - mmengine - WARNING - backbone.backbone.blocks.15.norm2.bias is skipped since its requires_grad=False
2026/07/20 19:07:20 - mmengine - WARNING - backbone.backbone.blocks.15.mlp.fc1.weight is skipped since its requires_grad=False
2026/07/20 19:07:20 - mmengine - WARNING - backbone.backbone.blocks.15.mlp.fc1.bias is skipped since its requires_grad=False
2026/07/20 19:07:20 - mmengine - WARNING - backbone.backbone.blocks.15.mlp.fc2.weight is skipped since its requires_grad=False
2026/07/20 19:07:20 - mmengine - WARNING - backbone.backbone.blocks.15.mlp.fc2.bias is skipped since its requires_grad=False
2026/07/20 19:07:20 - mmengine - WARNING - backbone.backbone.blocks.15.ls2.gamma is skipped since its requires_grad=False
2026/07/20 19:07:20 - mmengine - WARNING - backbone.backbone.blocks.16.norm1.weight is skipped since its requires_grad=False
2026/07/20 19:07:20 - mmengine - WARNING - backbone.backbone.blocks.16.norm1.bias is skipped since its requires_grad=False
2026/07/20 19:07:20 - mmengine - WARNING - backbone.backbone.blocks.16.attn.qkv.weight is skipped since its requires_grad=False
2026/07/20 19:07:20 - mmengine - WARNING - backbone.backbone.blocks.16.attn.qkv.bias is skipped since its requires_grad=False
2026/07/20 19:07:20 - mmengine - WARNING - backbone.backbone.blocks.16.attn.proj.weight is skipped since its requires_grad=False
2026/07/20 19:07:20 - mmengine - WARNING - backbone.backbone.blocks.16.attn.proj.bias is skipped since its requires_grad=False
2026/07/20 19:07:20 - mmengine - WARNING - backbone.backbone.blocks.16.ls1.gamma is skipped since its requires_grad=False
2026/07/20 19:07:20 - mmengine - WARNING - backbone.backbone.blocks.16.norm2.weight is skipped since its requires_grad=False
2026/07/20 19:07:20 - mmengine - WARNING - backbone.backbone.blocks.16.norm2.bias is skipped since its requires_grad=False
2026/07/20 19:07:20 - mmengine - WARNING - backbone.backbone.blocks.16.mlp.fc1.weight is skipped since its requires_grad=False
2026/07/20 19:07:20 - mmengine - WARNING - backbone.backbone.blocks.16.mlp.fc1.bias is skipped since its requires_grad=False
2026/07/20 19:07:20 - mmengine - WARNING - backbone.backbone.blocks.16.mlp.fc2.weight is skipped since its requires_grad=False
2026/07/20 19:07:20 - mmengine - WARNING - backbone.backbone.blocks.16.mlp.fc2.bias is skipped since its requires_grad=False
2026/07/20 19:07:20 - mmengine - WARNING - backbone.backbone.blocks.16.ls2.gamma is skipped since its requires_grad=False
2026/07/20 19:07:20 - mmengine - WARNING - backbone.backbone.blocks.17.norm1.weight is skipped since its requires_grad=False
2026/07/20 19:07:20 - mmengine - WARNING - backbone.backbone.blocks.17.norm1.bias is skipped since its requires_grad=False
2026/07/20 19:07:20 - mmengine - WARNING - backbone.backbone.blocks.17.attn.qkv.weight is skipped since its requires_grad=False
2026/07/20 19:07:20 - mmengine - WARNING - backbone.backbone.blocks.17.attn.qkv.bias is skipped since its requires_grad=False
2026/07/20 19:07:20 - mmengine - WARNING - backbone.backbone.blocks.17.attn.proj.weight is skipped since its requires_grad=False
2026/07/20 19:07:20 - mmengine - WARNING - backbone.backbone.blocks.17.attn.proj.bias is skipped since its requires_grad=False
2026/07/20 19:07:20 - mmengine - WARNING - backbone.backbone.blocks.17.ls1.gamma is skipped since its requires_grad=False
2026/07/20 19:07:20 - mmengine - WARNING - backbone.backbone.blocks.17.norm2.weight is skipped since its requires_grad=False
2026/07/20 19:07:20 - mmengine - WARNING - backbone.backbone.blocks.17.norm2.bias is skipped since its requires_grad=False
2026/07/20 19:07:20 - mmengine - WARNING - backbone.backbone.blocks.17.mlp.fc1.weight is skipped since its requires_grad=False
2026/07/20 19:07:20 - mmengine - WARNING - backbone.backbone.blocks.17.mlp.fc1.bias is skipped since its requires_grad=False
2026/07/20 19:07:20 - mmengine - WARNING - backbone.backbone.blocks.17.mlp.fc2.weight is skipped since its requires_grad=False
2026/07/20 19:07:20 - mmengine - WARNING - backbone.backbone.blocks.17.mlp.fc2.bias is skipped since its requires_grad=False
2026/07/20 19:07:20 - mmengine - WARNING - backbone.backbone.blocks.17.ls2.gamma is skipped since its requires_grad=False
2026/07/20 19:07:20 - mmengine - WARNING - backbone.backbone.blocks.18.norm1.weight is skipped since its requires_grad=False
2026/07/20 19:07:20 - mmengine - WARNING - backbone.backbone.blocks.18.norm1.bias is skipped since its requires_grad=False
2026/07/20 19:07:20 - mmengine - WARNING - backbone.backbone.blocks.18.attn.qkv.weight is skipped since its requires_grad=False
2026/07/20 19:07:20 - mmengine - WARNING - backbone.backbone.blocks.18.attn.qkv.bias is skipped since its requires_grad=False
2026/07/20 19:07:20 - mmengine - WARNING - backbone.backbone.blocks.18.attn.proj.weight is skipped since its requires_grad=False
2026/07/20 19:07:20 - mmengine - WARNING - backbone.backbone.blocks.18.attn.proj.bias is skipped since its requires_grad=False
2026/07/20 19:07:20 - mmengine - WARNING - backbone.backbone.blocks.18.ls1.gamma is skipped since its requires_grad=False
2026/07/20 19:07:20 - mmengine - WARNING - backbone.backbone.blocks.18.norm2.weight is skipped since its requires_grad=False
2026/07/20 19:07:20 - mmengine - WARNING - backbone.backbone.blocks.18.norm2.bias is skipped since its requires_grad=False
2026/07/20 19:07:20 - mmengine - WARNING - backbone.backbone.blocks.18.mlp.fc1.weight is skipped since its requires_grad=False
2026/07/20 19:07:20 - mmengine - WARNING - backbone.backbone.blocks.18.mlp.fc1.bias is skipped since its requires_grad=False
2026/07/20 19:07:20 - mmengine - WARNING - backbone.backbone.blocks.18.mlp.fc2.weight is skipped since its requires_grad=False
2026/07/20 19:07:20 - mmengine - WARNING - backbone.backbone.blocks.18.mlp.fc2.bias is skipped since its requires_grad=False
2026/07/20 19:07:20 - mmengine - WARNING - backbone.backbone.blocks.18.ls2.gamma is skipped since its requires_grad=False
2026/07/20 19:07:20 - mmengine - WARNING - backbone.backbone.blocks.19.norm1.weight is skipped since its requires_grad=False
2026/07/20 19:07:20 - mmengine - WARNING - backbone.backbone.blocks.19.norm1.bias is skipped since its requires_grad=False
2026/07/20 19:07:20 - mmengine - WARNING - backbone.backbone.blocks.19.attn.qkv.weight is skipped since its requires_grad=False
2026/07/20 19:07:20 - mmengine - WARNING - backbone.backbone.blocks.19.attn.qkv.bias is skipped since its requires_grad=False
2026/07/20 19:07:20 - mmengine - WARNING - backbone.backbone.blocks.19.attn.proj.weight is skipped since its requires_grad=False
2026/07/20 19:07:20 - mmengine - WARNING - backbone.backbone.blocks.19.attn.proj.bias is skipped since its requires_grad=False
2026/07/20 19:07:20 - mmengine - WARNING - backbone.backbone.blocks.19.ls1.gamma is skipped since its requires_grad=False
2026/07/20 19:07:20 - mmengine - WARNING - backbone.backbone.blocks.19.norm2.weight is skipped since its requires_grad=False
2026/07/20 19:07:20 - mmengine - WARNING - backbone.backbone.blocks.19.norm2.bias is skipped since its requires_grad=False
2026/07/20 19:07:20 - mmengine - WARNING - backbone.backbone.blocks.19.mlp.fc1.weight is skipped since its requires_grad=False
2026/07/20 19:07:20 - mmengine - WARNING - backbone.backbone.blocks.19.mlp.fc1.bias is skipped since its requires_grad=False
2026/07/20 19:07:20 - mmengine - WARNING - backbone.backbone.blocks.19.mlp.fc2.weight is skipped since its requires_grad=False
2026/07/20 19:07:20 - mmengine - WARNING - backbone.backbone.blocks.19.mlp.fc2.bias is skipped since its requires_grad=False
2026/07/20 19:07:20 - mmengine - WARNING - backbone.backbone.blocks.19.ls2.gamma is skipped since its requires_grad=False
2026/07/20 19:07:20 - mmengine - WARNING - backbone.backbone.blocks.20.norm1.weight is skipped since its requires_grad=False
2026/07/20 19:07:20 - mmengine - WARNING - backbone.backbone.blocks.20.norm1.bias is skipped since its requires_grad=False
2026/07/20 19:07:20 - mmengine - WARNING - backbone.backbone.blocks.20.attn.qkv.weight is skipped since its requires_grad=False
2026/07/20 19:07:20 - mmengine - WARNING - backbone.backbone.blocks.20.attn.qkv.bias is skipped since its requires_grad=False
2026/07/20 19:07:20 - mmengine - WARNING - backbone.backbone.blocks.20.attn.proj.weight is skipped since its requires_grad=False
2026/07/20 19:07:20 - mmengine - WARNING - backbone.backbone.blocks.20.attn.proj.bias is skipped since its requires_grad=False
2026/07/20 19:07:20 - mmengine - WARNING - backbone.backbone.blocks.20.ls1.gamma is skipped since its requires_grad=False
2026/07/20 19:07:20 - mmengine - WARNING - backbone.backbone.blocks.20.norm2.weight is skipped since its requires_grad=False
2026/07/20 19:07:20 - mmengine - WARNING - backbone.backbone.blocks.20.norm2.bias is skipped since its requires_grad=False
2026/07/20 19:07:20 - mmengine - WARNING - backbone.backbone.blocks.20.mlp.fc1.weight is skipped since its requires_grad=False
2026/07/20 19:07:20 - mmengine - WARNING - backbone.backbone.blocks.20.mlp.fc1.bias is skipped since its requires_grad=False
2026/07/20 19:07:20 - mmengine - WARNING - backbone.backbone.blocks.20.mlp.fc2.weight is skipped since its requires_grad=False
2026/07/20 19:07:20 - mmengine - WARNING - backbone.backbone.blocks.20.mlp.fc2.bias is skipped since its requires_grad=False
2026/07/20 19:07:20 - mmengine - WARNING - backbone.backbone.blocks.20.ls2.gamma is skipped since its requires_grad=False
2026/07/20 19:07:20 - mmengine - WARNING - backbone.backbone.blocks.21.norm1.weight is skipped since its requires_grad=False
2026/07/20 19:07:20 - mmengine - WARNING - backbone.backbone.blocks.21.norm1.bias is skipped since its requires_grad=False
2026/07/20 19:07:20 - mmengine - WARNING - backbone.backbone.blocks.21.attn.qkv.weight is skipped since its requires_grad=False
2026/07/20 19:07:20 - mmengine - WARNING - backbone.backbone.blocks.21.attn.qkv.bias is skipped since its requires_grad=False
2026/07/20 19:07:20 - mmengine - WARNING - backbone.backbone.blocks.21.attn.proj.weight is skipped since its requires_grad=False
2026/07/20 19:07:20 - mmengine - WARNING - backbone.backbone.blocks.21.attn.proj.bias is skipped since its requires_grad=False
2026/07/20 19:07:20 - mmengine - WARNING - backbone.backbone.blocks.21.ls1.gamma is skipped since its requires_grad=False
2026/07/20 19:07:20 - mmengine - WARNING - backbone.backbone.blocks.21.norm2.weight is skipped since its requires_grad=False
2026/07/20 19:07:20 - mmengine - WARNING - backbone.backbone.blocks.21.norm2.bias is skipped since its requires_grad=False
2026/07/20 19:07:20 - mmengine - WARNING - backbone.backbone.blocks.21.mlp.fc1.weight is skipped since its requires_grad=False
2026/07/20 19:07:20 - mmengine - WARNING - backbone.backbone.blocks.21.mlp.fc1.bias is skipped since its requires_grad=False
2026/07/20 19:07:20 - mmengine - WARNING - backbone.backbone.blocks.21.mlp.fc2.weight is skipped since its requires_grad=False
2026/07/20 19:07:20 - mmengine - WARNING - backbone.backbone.blocks.21.mlp.fc2.bias is skipped since its requires_grad=False
2026/07/20 19:07:20 - mmengine - WARNING - backbone.backbone.blocks.21.ls2.gamma is skipped since its requires_grad=False
2026/07/20 19:07:20 - mmengine - WARNING - backbone.backbone.blocks.22.norm1.weight is skipped since its requires_grad=False
2026/07/20 19:07:20 - mmengine - WARNING - backbone.backbone.blocks.22.norm1.bias is skipped since its requires_grad=False
2026/07/20 19:07:20 - mmengine - WARNING - backbone.backbone.blocks.22.attn.qkv.weight is skipped since its requires_grad=False
2026/07/20 19:07:20 - mmengine - WARNING - backbone.backbone.blocks.22.attn.qkv.bias is skipped since its requires_grad=False
2026/07/20 19:07:20 - mmengine - WARNING - backbone.backbone.blocks.22.attn.proj.weight is skipped since its requires_grad=False
2026/07/20 19:07:20 - mmengine - WARNING - backbone.backbone.blocks.22.attn.proj.bias is skipped since its requires_grad=False
2026/07/20 19:07:20 - mmengine - WARNING - backbone.backbone.blocks.22.ls1.gamma is skipped since its requires_grad=False
2026/07/20 19:07:20 - mmengine - WARNING - backbone.backbone.blocks.22.norm2.weight is skipped since its requires_grad=False
2026/07/20 19:07:20 - mmengine - WARNING - backbone.backbone.blocks.22.norm2.bias is skipped since its requires_grad=False
2026/07/20 19:07:20 - mmengine - WARNING - backbone.backbone.blocks.22.mlp.fc1.weight is skipped since its requires_grad=False
2026/07/20 19:07:20 - mmengine - WARNING - backbone.backbone.blocks.22.mlp.fc1.bias is skipped since its requires_grad=False
2026/07/20 19:07:20 - mmengine - WARNING - backbone.backbone.blocks.22.mlp.fc2.weight is skipped since its requires_grad=False
2026/07/20 19:07:20 - mmengine - WARNING - backbone.backbone.blocks.22.mlp.fc2.bias is skipped since its requires_grad=False
2026/07/20 19:07:20 - mmengine - WARNING - backbone.backbone.blocks.22.ls2.gamma is skipped since its requires_grad=False
2026/07/20 19:07:20 - mmengine - WARNING - backbone.backbone.blocks.23.norm1.weight is skipped since its requires_grad=False
2026/07/20 19:07:20 - mmengine - WARNING - backbone.backbone.blocks.23.norm1.bias is skipped since its requires_grad=False
2026/07/20 19:07:20 - mmengine - WARNING - backbone.backbone.blocks.23.attn.qkv.weight is skipped since its requires_grad=False
2026/07/20 19:07:20 - mmengine - WARNING - backbone.backbone.blocks.23.attn.qkv.bias is skipped since its requires_grad=False
2026/07/20 19:07:20 - mmengine - WARNING - backbone.backbone.blocks.23.attn.proj.weight is skipped since its requires_grad=False
2026/07/20 19:07:20 - mmengine - WARNING - backbone.backbone.blocks.23.attn.proj.bias is skipped since its requires_grad=False
2026/07/20 19:07:20 - mmengine - WARNING - backbone.backbone.blocks.23.ls1.gamma is skipped since its requires_grad=False
2026/07/20 19:07:20 - mmengine - WARNING - backbone.backbone.blocks.23.norm2.weight is skipped since its requires_grad=False
2026/07/20 19:07:20 - mmengine - WARNING - backbone.backbone.blocks.23.norm2.bias is skipped since its requires_grad=False
2026/07/20 19:07:20 - mmengine - WARNING - backbone.backbone.blocks.23.mlp.fc1.weight is skipped since its requires_grad=False
2026/07/20 19:07:20 - mmengine - WARNING - backbone.backbone.blocks.23.mlp.fc1.bias is skipped since its requires_grad=False
2026/07/20 19:07:20 - mmengine - WARNING - backbone.backbone.blocks.23.mlp.fc2.weight is skipped since its requires_grad=False
2026/07/20 19:07:20 - mmengine - WARNING - backbone.backbone.blocks.23.mlp.fc2.bias is skipped since its requires_grad=False
2026/07/20 19:07:20 - mmengine - WARNING - backbone.backbone.blocks.23.ls2.gamma is skipped since its requires_grad=False
2026/07/20 19:07:20 - mmengine - WARNING - backbone.backbone.norm.weight is skipped since its requires_grad=False
2026/07/20 19:07:20 - mmengine - WARNING - backbone.backbone.norm.bias is skipped since its requires_grad=False
2026/07/20 19:07:20 - mmengine - WARNING - backbone.adapter.backbone.cls_token is skipped since its requires_grad=False
2026/07/20 19:07:20 - mmengine - WARNING - backbone.adapter.backbone.storage_tokens is skipped since its requires_grad=False
2026/07/20 19:07:20 - mmengine - WARNING - backbone.adapter.backbone.mask_token is skipped since its requires_grad=False
2026/07/20 19:07:20 - mmengine - WARNING - backbone.adapter.backbone.patch_embed.proj.weight is skipped since its requires_grad=False
2026/07/20 19:07:20 - mmengine - WARNING - backbone.adapter.backbone.patch_embed.proj.bias is skipped since its requires_grad=False
2026/07/20 19:07:20 - mmengine - WARNING - backbone.adapter.backbone.blocks.0.norm1.weight is skipped since its requires_grad=False
2026/07/20 19:07:20 - mmengine - WARNING - backbone.adapter.backbone.blocks.0.norm1.bias is skipped since its requires_grad=False
2026/07/20 19:07:20 - mmengine - WARNING - backbone.adapter.backbone.blocks.0.attn.qkv.weight is skipped since its requires_grad=False
2026/07/20 19:07:20 - mmengine - WARNING - backbone.adapter.backbone.blocks.0.attn.qkv.bias is skipped since its requires_grad=False
2026/07/20 19:07:20 - mmengine - WARNING - backbone.adapter.backbone.blocks.0.attn.proj.weight is skipped since its requires_grad=False
2026/07/20 19:07:20 - mmengine - WARNING - backbone.adapter.backbone.blocks.0.attn.proj.bias is skipped since its requires_grad=False
2026/07/20 19:07:20 - mmengine - WARNING - backbone.adapter.backbone.blocks.0.ls1.gamma is skipped since its requires_grad=False
2026/07/20 19:07:20 - mmengine - WARNING - backbone.adapter.backbone.blocks.0.norm2.weight is skipped since its requires_grad=False
2026/07/20 19:07:20 - mmengine - WARNING - backbone.adapter.backbone.blocks.0.norm2.bias is skipped since its requires_grad=False
2026/07/20 19:07:20 - mmengine - WARNING - backbone.adapter.backbone.blocks.0.mlp.fc1.weight is skipped since its requires_grad=False
2026/07/20 19:07:20 - mmengine - WARNING - backbone.adapter.backbone.blocks.0.mlp.fc1.bias is skipped since its requires_grad=False
2026/07/20 19:07:20 - mmengine - WARNING - backbone.adapter.backbone.blocks.0.mlp.fc2.weight is skipped since its requires_grad=False
2026/07/20 19:07:20 - mmengine - WARNING - backbone.adapter.backbone.blocks.0.mlp.fc2.bias is skipped since its requires_grad=False
2026/07/20 19:07:20 - mmengine - WARNING - backbone.adapter.backbone.blocks.0.ls2.gamma is skipped since its requires_grad=False
2026/07/20 19:07:20 - mmengine - WARNING - backbone.adapter.backbone.blocks.1.norm1.weight is skipped since its requires_grad=False
2026/07/20 19:07:20 - mmengine - WARNING - backbone.adapter.backbone.blocks.1.norm1.bias is skipped since its requires_grad=False
2026/07/20 19:07:20 - mmengine - WARNING - backbone.adapter.backbone.blocks.1.attn.qkv.weight is skipped since its requires_grad=False
2026/07/20 19:07:20 - mmengine - WARNING - backbone.adapter.backbone.blocks.1.attn.qkv.bias is skipped since its requires_grad=False
2026/07/20 19:07:20 - mmengine - WARNING - backbone.adapter.backbone.blocks.1.attn.proj.weight is skipped since its requires_grad=False
2026/07/20 19:07:20 - mmengine - WARNING - backbone.adapter.backbone.blocks.1.attn.proj.bias is skipped since its requires_grad=False
2026/07/20 19:07:20 - mmengine - WARNING - backbone.adapter.backbone.blocks.1.ls1.gamma is skipped since its requires_grad=False
2026/07/20 19:07:20 - mmengine - WARNING - backbone.adapter.backbone.blocks.1.norm2.weight is skipped since its requires_grad=False
2026/07/20 19:07:20 - mmengine - WARNING - backbone.adapter.backbone.blocks.1.norm2.bias is skipped since its requires_grad=False
2026/07/20 19:07:20 - mmengine - WARNING - backbone.adapter.backbone.blocks.1.mlp.fc1.weight is skipped since its requires_grad=False
2026/07/20 19:07:20 - mmengine - WARNING - backbone.adapter.backbone.blocks.1.mlp.fc1.bias is skipped since its requires_grad=False
2026/07/20 19:07:20 - mmengine - WARNING - backbone.adapter.backbone.blocks.1.mlp.fc2.weight is skipped since its requires_grad=False
2026/07/20 19:07:20 - mmengine - WARNING - backbone.adapter.backbone.blocks.1.mlp.fc2.bias is skipped since its requires_grad=False
2026/07/20 19:07:20 - mmengine - WARNING - backbone.adapter.backbone.blocks.1.ls2.gamma is skipped since its requires_grad=False
2026/07/20 19:07:20 - mmengine - WARNING - backbone.adapter.backbone.blocks.2.norm1.weight is skipped since its requires_grad=False
2026/07/20 19:07:20 - mmengine - WARNING - backbone.adapter.backbone.blocks.2.norm1.bias is skipped since its requires_grad=False
2026/07/20 19:07:20 - mmengine - WARNING - backbone.adapter.backbone.blocks.2.attn.qkv.weight is skipped since its requires_grad=False
2026/07/20 19:07:20 - mmengine - WARNING - backbone.adapter.backbone.blocks.2.attn.qkv.bias is skipped since its requires_grad=False
2026/07/20 19:07:20 - mmengine - WARNING - backbone.adapter.backbone.blocks.2.attn.proj.weight is skipped since its requires_grad=False
2026/07/20 19:07:20 - mmengine - WARNING - backbone.adapter.backbone.blocks.2.attn.proj.bias is skipped since its requires_grad=False
2026/07/20 19:07:20 - mmengine - WARNING - backbone.adapter.backbone.blocks.2.ls1.gamma is skipped since its requires_grad=False
2026/07/20 19:07:20 - mmengine - WARNING - backbone.adapter.backbone.blocks.2.norm2.weight is skipped since its requires_grad=False
2026/07/20 19:07:20 - mmengine - WARNING - backbone.adapter.backbone.blocks.2.norm2.bias is skipped since its requires_grad=False
2026/07/20 19:07:20 - mmengine - WARNING - backbone.adapter.backbone.blocks.2.mlp.fc1.weight is skipped since its requires_grad=False
2026/07/20 19:07:20 - mmengine - WARNING - backbone.adapter.backbone.blocks.2.mlp.fc1.bias is skipped since its requires_grad=False
2026/07/20 19:07:20 - mmengine - WARNING - backbone.adapter.backbone.blocks.2.mlp.fc2.weight is skipped since its requires_grad=False
2026/07/20 19:07:20 - mmengine - WARNING - backbone.adapter.backbone.blocks.2.mlp.fc2.bias is skipped since its requires_grad=False
2026/07/20 19:07:20 - mmengine - WARNING - backbone.adapter.backbone.blocks.2.ls2.gamma is skipped since its requires_grad=False
2026/07/20 19:07:20 - mmengine - WARNING - backbone.adapter.backbone.blocks.3.norm1.weight is skipped since its requires_grad=False
2026/07/20 19:07:20 - mmengine - WARNING - backbone.adapter.backbone.blocks.3.norm1.bias is skipped since its requires_grad=False
2026/07/20 19:07:20 - mmengine - WARNING - backbone.adapter.backbone.blocks.3.attn.qkv.weight is skipped since its requires_grad=False
2026/07/20 19:07:20 - mmengine - WARNING - backbone.adapter.backbone.blocks.3.attn.qkv.bias is skipped since its requires_grad=False
2026/07/20 19:07:20 - mmengine - WARNING - backbone.adapter.backbone.blocks.3.attn.proj.weight is skipped since its requires_grad=False
2026/07/20 19:07:20 - mmengine - WARNING - backbone.adapter.backbone.blocks.3.attn.proj.bias is skipped since its requires_grad=False
2026/07/20 19:07:20 - mmengine - WARNING - backbone.adapter.backbone.blocks.3.ls1.gamma is skipped since its requires_grad=False
2026/07/20 19:07:20 - mmengine - WARNING - backbone.adapter.backbone.blocks.3.norm2.weight is skipped since its requires_grad=False
2026/07/20 19:07:20 - mmengine - WARNING - backbone.adapter.backbone.blocks.3.norm2.bias is skipped since its requires_grad=False
2026/07/20 19:07:20 - mmengine - WARNING - backbone.adapter.backbone.blocks.3.mlp.fc1.weight is skipped since its requires_grad=False
2026/07/20 19:07:20 - mmengine - WARNING - backbone.adapter.backbone.blocks.3.mlp.fc1.bias is skipped since its requires_grad=False
2026/07/20 19:07:20 - mmengine - WARNING - backbone.adapter.backbone.blocks.3.mlp.fc2.weight is skipped since its requires_grad=False
2026/07/20 19:07:20 - mmengine - WARNING - backbone.adapter.backbone.blocks.3.mlp.fc2.bias is skipped since its requires_grad=False
2026/07/20 19:07:20 - mmengine - WARNING - backbone.adapter.backbone.blocks.3.ls2.gamma is skipped since its requires_grad=False
2026/07/20 19:07:20 - mmengine - WARNING - backbone.adapter.backbone.blocks.4.norm1.weight is skipped since its requires_grad=False
2026/07/20 19:07:20 - mmengine - WARNING - backbone.adapter.backbone.blocks.4.norm1.bias is skipped since its requires_grad=False
2026/07/20 19:07:20 - mmengine - WARNING - backbone.adapter.backbone.blocks.4.attn.qkv.weight is skipped since its requires_grad=False
2026/07/20 19:07:20 - mmengine - WARNING - backbone.adapter.backbone.blocks.4.attn.qkv.bias is skipped since its requires_grad=False
2026/07/20 19:07:20 - mmengine - WARNING - backbone.adapter.backbone.blocks.4.attn.proj.weight is skipped since its requires_grad=False
2026/07/20 19:07:20 - mmengine - WARNING - backbone.adapter.backbone.blocks.4.attn.proj.bias is skipped since its requires_grad=False
2026/07/20 19:07:20 - mmengine - WARNING - backbone.adapter.backbone.blocks.4.ls1.gamma is skipped since its requires_grad=False
2026/07/20 19:07:20 - mmengine - WARNING - backbone.adapter.backbone.blocks.4.norm2.weight is skipped since its requires_grad=False
2026/07/20 19:07:20 - mmengine - WARNING - backbone.adapter.backbone.blocks.4.norm2.bias is skipped since its requires_grad=False
2026/07/20 19:07:20 - mmengine - WARNING - backbone.adapter.backbone.blocks.4.mlp.fc1.weight is skipped since its requires_grad=False
2026/07/20 19:07:20 - mmengine - WARNING - backbone.adapter.backbone.blocks.4.mlp.fc1.bias is skipped since its requires_grad=False
2026/07/20 19:07:20 - mmengine - WARNING - backbone.adapter.backbone.blocks.4.mlp.fc2.weight is skipped since its requires_grad=False
2026/07/20 19:07:20 - mmengine - WARNING - backbone.adapter.backbone.blocks.4.mlp.fc2.bias is skipped since its requires_grad=False
2026/07/20 19:07:20 - mmengine - WARNING - backbone.adapter.backbone.blocks.4.ls2.gamma is skipped since its requires_grad=False
2026/07/20 19:07:20 - mmengine - WARNING - backbone.adapter.backbone.blocks.5.norm1.weight is skipped since its requires_grad=False
2026/07/20 19:07:20 - mmengine - WARNING - backbone.adapter.backbone.blocks.5.norm1.bias is skipped since its requires_grad=False
2026/07/20 19:07:20 - mmengine - WARNING - backbone.adapter.backbone.blocks.5.attn.qkv.weight is skipped since its requires_grad=False
2026/07/20 19:07:20 - mmengine - WARNING - backbone.adapter.backbone.blocks.5.attn.qkv.bias is skipped since its requires_grad=False
2026/07/20 19:07:20 - mmengine - WARNING - backbone.adapter.backbone.blocks.5.attn.proj.weight is skipped since its requires_grad=False
2026/07/20 19:07:20 - mmengine - WARNING - backbone.adapter.backbone.blocks.5.attn.proj.bias is skipped since its requires_grad=False
2026/07/20 19:07:20 - mmengine - WARNING - backbone.adapter.backbone.blocks.5.ls1.gamma is skipped since its requires_grad=False
2026/07/20 19:07:20 - mmengine - WARNING - backbone.adapter.backbone.blocks.5.norm2.weight is skipped since its requires_grad=False
2026/07/20 19:07:20 - mmengine - WARNING - backbone.adapter.backbone.blocks.5.norm2.bias is skipped since its requires_grad=False
2026/07/20 19:07:20 - mmengine - WARNING - backbone.adapter.backbone.blocks.5.mlp.fc1.weight is skipped since its requires_grad=False
2026/07/20 19:07:20 - mmengine - WARNING - backbone.adapter.backbone.blocks.5.mlp.fc1.bias is skipped since its requires_grad=False
2026/07/20 19:07:20 - mmengine - WARNING - backbone.adapter.backbone.blocks.5.mlp.fc2.weight is skipped since its requires_grad=False
2026/07/20 19:07:20 - mmengine - WARNING - backbone.adapter.backbone.blocks.5.mlp.fc2.bias is skipped since its requires_grad=False
2026/07/20 19:07:20 - mmengine - WARNING - backbone.adapter.backbone.blocks.5.ls2.gamma is skipped since its requires_grad=False
2026/07/20 19:07:20 - mmengine - WARNING - backbone.adapter.backbone.blocks.6.norm1.weight is skipped since its requires_grad=False
2026/07/20 19:07:20 - mmengine - WARNING - backbone.adapter.backbone.blocks.6.norm1.bias is skipped since its requires_grad=False
2026/07/20 19:07:20 - mmengine - WARNING - backbone.adapter.backbone.blocks.6.attn.qkv.weight is skipped since its requires_grad=False
2026/07/20 19:07:20 - mmengine - WARNING - backbone.adapter.backbone.blocks.6.attn.qkv.bias is skipped since its requires_grad=False
2026/07/20 19:07:20 - mmengine - WARNING - backbone.adapter.backbone.blocks.6.attn.proj.weight is skipped since its requires_grad=False
2026/07/20 19:07:20 - mmengine - WARNING - backbone.adapter.backbone.blocks.6.attn.proj.bias is skipped since its requires_grad=False
2026/07/20 19:07:20 - mmengine - WARNING - backbone.adapter.backbone.blocks.6.ls1.gamma is skipped since its requires_grad=False
2026/07/20 19:07:20 - mmengine - WARNING - backbone.adapter.backbone.blocks.6.norm2.weight is skipped since its requires_grad=False
2026/07/20 19:07:20 - mmengine - WARNING - backbone.adapter.backbone.blocks.6.norm2.bias is skipped since its requires_grad=False
2026/07/20 19:07:20 - mmengine - WARNING - backbone.adapter.backbone.blocks.6.mlp.fc1.weight is skipped since its requires_grad=False
2026/07/20 19:07:20 - mmengine - WARNING - backbone.adapter.backbone.blocks.6.mlp.fc1.bias is skipped since its requires_grad=False
2026/07/20 19:07:20 - mmengine - WARNING - backbone.adapter.backbone.blocks.6.mlp.fc2.weight is skipped since its requires_grad=False
2026/07/20 19:07:20 - mmengine - WARNING - backbone.adapter.backbone.blocks.6.mlp.fc2.bias is skipped since its requires_grad=False
2026/07/20 19:07:20 - mmengine - WARNING - backbone.adapter.backbone.blocks.6.ls2.gamma is skipped since its requires_grad=False
2026/07/20 19:07:20 - mmengine - WARNING - backbone.adapter.backbone.blocks.7.norm1.weight is skipped since its requires_grad=False
2026/07/20 19:07:20 - mmengine - WARNING - backbone.adapter.backbone.blocks.7.norm1.bias is skipped since its requires_grad=False
2026/07/20 19:07:20 - mmengine - WARNING - backbone.adapter.backbone.blocks.7.attn.qkv.weight is skipped since its requires_grad=False
2026/07/20 19:07:20 - mmengine - WARNING - backbone.adapter.backbone.blocks.7.attn.qkv.bias is skipped since its requires_grad=False
2026/07/20 19:07:20 - mmengine - WARNING - backbone.adapter.backbone.blocks.7.attn.proj.weight is skipped since its requires_grad=False
2026/07/20 19:07:20 - mmengine - WARNING - backbone.adapter.backbone.blocks.7.attn.proj.bias is skipped since its requires_grad=False
2026/07/20 19:07:20 - mmengine - WARNING - backbone.adapter.backbone.blocks.7.ls1.gamma is skipped since its requires_grad=False
2026/07/20 19:07:20 - mmengine - WARNING - backbone.adapter.backbone.blocks.7.norm2.weight is skipped since its requires_grad=False
2026/07/20 19:07:20 - mmengine - WARNING - backbone.adapter.backbone.blocks.7.norm2.bias is skipped since its requires_grad=False
2026/07/20 19:07:20 - mmengine - WARNING - backbone.adapter.backbone.blocks.7.mlp.fc1.weight is skipped since its requires_grad=False
2026/07/20 19:07:20 - mmengine - WARNING - backbone.adapter.backbone.blocks.7.mlp.fc1.bias is skipped since its requires_grad=False
2026/07/20 19:07:20 - mmengine - WARNING - backbone.adapter.backbone.blocks.7.mlp.fc2.weight is skipped since its requires_grad=False
2026/07/20 19:07:20 - mmengine - WARNING - backbone.adapter.backbone.blocks.7.mlp.fc2.bias is skipped since its requires_grad=False
2026/07/20 19:07:20 - mmengine - WARNING - backbone.adapter.backbone.blocks.7.ls2.gamma is skipped since its requires_grad=False
2026/07/20 19:07:20 - mmengine - WARNING - backbone.adapter.backbone.blocks.8.norm1.weight is skipped since its requires_grad=False
2026/07/20 19:07:20 - mmengine - WARNING - backbone.adapter.backbone.blocks.8.norm1.bias is skipped since its requires_grad=False
2026/07/20 19:07:20 - mmengine - WARNING - backbone.adapter.backbone.blocks.8.attn.qkv.weight is skipped since its requires_grad=False
2026/07/20 19:07:20 - mmengine - WARNING - backbone.adapter.backbone.blocks.8.attn.qkv.bias is skipped since its requires_grad=False
2026/07/20 19:07:20 - mmengine - WARNING - backbone.adapter.backbone.blocks.8.attn.proj.weight is skipped since its requires_grad=False
2026/07/20 19:07:20 - mmengine - WARNING - backbone.adapter.backbone.blocks.8.attn.proj.bias is skipped since its requires_grad=False
2026/07/20 19:07:20 - mmengine - WARNING - backbone.adapter.backbone.blocks.8.ls1.gamma is skipped since its requires_grad=False
2026/07/20 19:07:20 - mmengine - WARNING - backbone.adapter.backbone.blocks.8.norm2.weight is skipped since its requires_grad=False
2026/07/20 19:07:20 - mmengine - WARNING - backbone.adapter.backbone.blocks.8.norm2.bias is skipped since its requires_grad=False
2026/07/20 19:07:20 - mmengine - WARNING - backbone.adapter.backbone.blocks.8.mlp.fc1.weight is skipped since its requires_grad=False
2026/07/20 19:07:20 - mmengine - WARNING - backbone.adapter.backbone.blocks.8.mlp.fc1.bias is skipped since its requires_grad=False
2026/07/20 19:07:20 - mmengine - WARNING - backbone.adapter.backbone.blocks.8.mlp.fc2.weight is skipped since its requires_grad=False
2026/07/20 19:07:20 - mmengine - WARNING - backbone.adapter.backbone.blocks.8.mlp.fc2.bias is skipped since its requires_grad=False
2026/07/20 19:07:20 - mmengine - WARNING - backbone.adapter.backbone.blocks.8.ls2.gamma is skipped since its requires_grad=False
2026/07/20 19:07:20 - mmengine - WARNING - backbone.adapter.backbone.blocks.9.norm1.weight is skipped since its requires_grad=False
2026/07/20 19:07:20 - mmengine - WARNING - backbone.adapter.backbone.blocks.9.norm1.bias is skipped since its requires_grad=False
2026/07/20 19:07:20 - mmengine - WARNING - backbone.adapter.backbone.blocks.9.attn.qkv.weight is skipped since its requires_grad=False
2026/07/20 19:07:20 - mmengine - WARNING - backbone.adapter.backbone.blocks.9.attn.qkv.bias is skipped since its requires_grad=False
2026/07/20 19:07:20 - mmengine - WARNING - backbone.adapter.backbone.blocks.9.attn.proj.weight is skipped since its requires_grad=False
2026/07/20 19:07:20 - mmengine - WARNING - backbone.adapter.backbone.blocks.9.attn.proj.bias is skipped since its requires_grad=False
2026/07/20 19:07:20 - mmengine - WARNING - backbone.adapter.backbone.blocks.9.ls1.gamma is skipped since its requires_grad=False
2026/07/20 19:07:20 - mmengine - WARNING - backbone.adapter.backbone.blocks.9.norm2.weight is skipped since its requires_grad=False
2026/07/20 19:07:20 - mmengine - WARNING - backbone.adapter.backbone.blocks.9.norm2.bias is skipped since its requires_grad=False
2026/07/20 19:07:20 - mmengine - WARNING - backbone.adapter.backbone.blocks.9.mlp.fc1.weight is skipped since its requires_grad=False
2026/07/20 19:07:20 - mmengine - WARNING - backbone.adapter.backbone.blocks.9.mlp.fc1.bias is skipped since its requires_grad=False
2026/07/20 19:07:20 - mmengine - WARNING - backbone.adapter.backbone.blocks.9.mlp.fc2.weight is skipped since its requires_grad=False
2026/07/20 19:07:20 - mmengine - WARNING - backbone.adapter.backbone.blocks.9.mlp.fc2.bias is skipped since its requires_grad=False
2026/07/20 19:07:20 - mmengine - WARNING - backbone.adapter.backbone.blocks.9.ls2.gamma is skipped since its requires_grad=False
2026/07/20 19:07:20 - mmengine - WARNING - backbone.adapter.backbone.blocks.10.norm1.weight is skipped since its requires_grad=False
2026/07/20 19:07:20 - mmengine - WARNING - backbone.adapter.backbone.blocks.10.norm1.bias is skipped since its requires_grad=False
2026/07/20 19:07:20 - mmengine - WARNING - backbone.adapter.backbone.blocks.10.attn.qkv.weight is skipped since its requires_grad=False
2026/07/20 19:07:20 - mmengine - WARNING - backbone.adapter.backbone.blocks.10.attn.qkv.bias is skipped since its requires_grad=False
2026/07/20 19:07:20 - mmengine - WARNING - backbone.adapter.backbone.blocks.10.attn.proj.weight is skipped since its requires_grad=False
2026/07/20 19:07:20 - mmengine - WARNING - backbone.adapter.backbone.blocks.10.attn.proj.bias is skipped since its requires_grad=False
2026/07/20 19:07:20 - mmengine - WARNING - backbone.adapter.backbone.blocks.10.ls1.gamma is skipped since its requires_grad=False
2026/07/20 19:07:20 - mmengine - WARNING - backbone.adapter.backbone.blocks.10.norm2.weight is skipped since its requires_grad=False
2026/07/20 19:07:20 - mmengine - WARNING - backbone.adapter.backbone.blocks.10.norm2.bias is skipped since its requires_grad=False
2026/07/20 19:07:20 - mmengine - WARNING - backbone.adapter.backbone.blocks.10.mlp.fc1.weight is skipped since its requires_grad=False
2026/07/20 19:07:20 - mmengine - WARNING - backbone.adapter.backbone.blocks.10.mlp.fc1.bias is skipped since its requires_grad=False
2026/07/20 19:07:20 - mmengine - WARNING - backbone.adapter.backbone.blocks.10.mlp.fc2.weight is skipped since its requires_grad=False
2026/07/20 19:07:20 - mmengine - WARNING - backbone.adapter.backbone.blocks.10.mlp.fc2.bias is skipped since its requires_grad=False
2026/07/20 19:07:20 - mmengine - WARNING - backbone.adapter.backbone.blocks.10.ls2.gamma is skipped since its requires_grad=False
2026/07/20 19:07:20 - mmengine - WARNING - backbone.adapter.backbone.blocks.11.norm1.weight is skipped since its requires_grad=False
2026/07/20 19:07:20 - mmengine - WARNING - backbone.adapter.backbone.blocks.11.norm1.bias is skipped since its requires_grad=False
2026/07/20 19:07:20 - mmengine - WARNING - backbone.adapter.backbone.blocks.11.attn.qkv.weight is skipped since its requires_grad=False
2026/07/20 19:07:20 - mmengine - WARNING - backbone.adapter.backbone.blocks.11.attn.qkv.bias is skipped since its requires_grad=False
2026/07/20 19:07:20 - mmengine - WARNING - backbone.adapter.backbone.blocks.11.attn.proj.weight is skipped since its requires_grad=False
2026/07/20 19:07:20 - mmengine - WARNING - backbone.adapter.backbone.blocks.11.attn.proj.bias is skipped since its requires_grad=False
2026/07/20 19:07:20 - mmengine - WARNING - backbone.adapter.backbone.blocks.11.ls1.gamma is skipped since its requires_grad=False
2026/07/20 19:07:20 - mmengine - WARNING - backbone.adapter.backbone.blocks.11.norm2.weight is skipped since its requires_grad=False
2026/07/20 19:07:20 - mmengine - WARNING - backbone.adapter.backbone.blocks.11.norm2.bias is skipped since its requires_grad=False
2026/07/20 19:07:20 - mmengine - WARNING - backbone.adapter.backbone.blocks.11.mlp.fc1.weight is skipped since its requires_grad=False
2026/07/20 19:07:20 - mmengine - WARNING - backbone.adapter.backbone.blocks.11.mlp.fc1.bias is skipped since its requires_grad=False
2026/07/20 19:07:20 - mmengine - WARNING - backbone.adapter.backbone.blocks.11.mlp.fc2.weight is skipped since its requires_grad=False
2026/07/20 19:07:20 - mmengine - WARNING - backbone.adapter.backbone.blocks.11.mlp.fc2.bias is skipped since its requires_grad=False
2026/07/20 19:07:20 - mmengine - WARNING - backbone.adapter.backbone.blocks.11.ls2.gamma is skipped since its requires_grad=False
2026/07/20 19:07:20 - mmengine - WARNING - backbone.adapter.backbone.blocks.12.norm1.weight is skipped since its requires_grad=False
2026/07/20 19:07:20 - mmengine - WARNING - backbone.adapter.backbone.blocks.12.norm1.bias is skipped since its requires_grad=False
2026/07/20 19:07:20 - mmengine - WARNING - backbone.adapter.backbone.blocks.12.attn.qkv.weight is skipped since its requires_grad=False
2026/07/20 19:07:20 - mmengine - WARNING - backbone.adapter.backbone.blocks.12.attn.qkv.bias is skipped since its requires_grad=False
2026/07/20 19:07:20 - mmengine - WARNING - backbone.adapter.backbone.blocks.12.attn.proj.weight is skipped since its requires_grad=False
2026/07/20 19:07:20 - mmengine - WARNING - backbone.adapter.backbone.blocks.12.attn.proj.bias is skipped since its requires_grad=False
2026/07/20 19:07:20 - mmengine - WARNING - backbone.adapter.backbone.blocks.12.ls1.gamma is skipped since its requires_grad=False
2026/07/20 19:07:20 - mmengine - WARNING - backbone.adapter.backbone.blocks.12.norm2.weight is skipped since its requires_grad=False
2026/07/20 19:07:20 - mmengine - WARNING - backbone.adapter.backbone.blocks.12.norm2.bias is skipped since its requires_grad=False
2026/07/20 19:07:20 - mmengine - WARNING - backbone.adapter.backbone.blocks.12.mlp.fc1.weight is skipped since its requires_grad=False
2026/07/20 19:07:20 - mmengine - WARNING - backbone.adapter.backbone.blocks.12.mlp.fc1.bias is skipped since its requires_grad=False
2026/07/20 19:07:20 - mmengine - WARNING - backbone.adapter.backbone.blocks.12.mlp.fc2.weight is skipped since its requires_grad=False
2026/07/20 19:07:20 - mmengine - WARNING - backbone.adapter.backbone.blocks.12.mlp.fc2.bias is skipped since its requires_grad=False
2026/07/20 19:07:20 - mmengine - WARNING - backbone.adapter.backbone.blocks.12.ls2.gamma is skipped since its requires_grad=False
2026/07/20 19:07:20 - mmengine - WARNING - backbone.adapter.backbone.blocks.13.norm1.weight is skipped since its requires_grad=False
2026/07/20 19:07:20 - mmengine - WARNING - backbone.adapter.backbone.blocks.13.norm1.bias is skipped since its requires_grad=False
2026/07/20 19:07:20 - mmengine - WARNING - backbone.adapter.backbone.blocks.13.attn.qkv.weight is skipped since its requires_grad=False
2026/07/20 19:07:20 - mmengine - WARNING - backbone.adapter.backbone.blocks.13.attn.qkv.bias is skipped since its requires_grad=False
2026/07/20 19:07:20 - mmengine - WARNING - backbone.adapter.backbone.blocks.13.attn.proj.weight is skipped since its requires_grad=False
2026/07/20 19:07:20 - mmengine - WARNING - backbone.adapter.backbone.blocks.13.attn.proj.bias is skipped since its requires_grad=False
2026/07/20 19:07:20 - mmengine - WARNING - backbone.adapter.backbone.blocks.13.ls1.gamma is skipped since its requires_grad=False
2026/07/20 19:07:20 - mmengine - WARNING - backbone.adapter.backbone.blocks.13.norm2.weight is skipped since its requires_grad=False
2026/07/20 19:07:20 - mmengine - WARNING - backbone.adapter.backbone.blocks.13.norm2.bias is skipped since its requires_grad=False
2026/07/20 19:07:20 - mmengine - WARNING - backbone.adapter.backbone.blocks.13.mlp.fc1.weight is skipped since its requires_grad=False
2026/07/20 19:07:20 - mmengine - WARNING - backbone.adapter.backbone.blocks.13.mlp.fc1.bias is skipped since its requires_grad=False
2026/07/20 19:07:20 - mmengine - WARNING - backbone.adapter.backbone.blocks.13.mlp.fc2.weight is skipped since its requires_grad=False
2026/07/20 19:07:20 - mmengine - WARNING - backbone.adapter.backbone.blocks.13.mlp.fc2.bias is skipped since its requires_grad=False
2026/07/20 19:07:20 - mmengine - WARNING - backbone.adapter.backbone.blocks.13.ls2.gamma is skipped since its requires_grad=False
2026/07/20 19:07:20 - mmengine - WARNING - backbone.adapter.backbone.blocks.14.norm1.weight is skipped since its requires_grad=False
2026/07/20 19:07:20 - mmengine - WARNING - backbone.adapter.backbone.blocks.14.norm1.bias is skipped since its requires_grad=False
2026/07/20 19:07:20 - mmengine - WARNING - backbone.adapter.backbone.blocks.14.attn.qkv.weight is skipped since its requires_grad=False
2026/07/20 19:07:20 - mmengine - WARNING - backbone.adapter.backbone.blocks.14.attn.qkv.bias is skipped since its requires_grad=False
2026/07/20 19:07:20 - mmengine - WARNING - backbone.adapter.backbone.blocks.14.attn.proj.weight is skipped since its requires_grad=False
2026/07/20 19:07:20 - mmengine - WARNING - backbone.adapter.backbone.blocks.14.attn.proj.bias is skipped since its requires_grad=False
2026/07/20 19:07:20 - mmengine - WARNING - backbone.adapter.backbone.blocks.14.ls1.gamma is skipped since its requires_grad=False
2026/07/20 19:07:20 - mmengine - WARNING - backbone.adapter.backbone.blocks.14.norm2.weight is skipped since its requires_grad=False
2026/07/20 19:07:20 - mmengine - WARNING - backbone.adapter.backbone.blocks.14.norm2.bias is skipped since its requires_grad=False
2026/07/20 19:07:20 - mmengine - WARNING - backbone.adapter.backbone.blocks.14.mlp.fc1.weight is skipped since its requires_grad=False
2026/07/20 19:07:20 - mmengine - WARNING - backbone.adapter.backbone.blocks.14.mlp.fc1.bias is skipped since its requires_grad=False
2026/07/20 19:07:20 - mmengine - WARNING - backbone.adapter.backbone.blocks.14.mlp.fc2.weight is skipped since its requires_grad=False
2026/07/20 19:07:20 - mmengine - WARNING - backbone.adapter.backbone.blocks.14.mlp.fc2.bias is skipped since its requires_grad=False
2026/07/20 19:07:20 - mmengine - WARNING - backbone.adapter.backbone.blocks.14.ls2.gamma is skipped since its requires_grad=False
2026/07/20 19:07:20 - mmengine - WARNING - backbone.adapter.backbone.blocks.15.norm1.weight is skipped since its requires_grad=False
2026/07/20 19:07:20 - mmengine - WARNING - backbone.adapter.backbone.blocks.15.norm1.bias is skipped since its requires_grad=False
2026/07/20 19:07:20 - mmengine - WARNING - backbone.adapter.backbone.blocks.15.attn.qkv.weight is skipped since its requires_grad=False
2026/07/20 19:07:20 - mmengine - WARNING - backbone.adapter.backbone.blocks.15.attn.qkv.bias is skipped since its requires_grad=False
2026/07/20 19:07:20 - mmengine - WARNING - backbone.adapter.backbone.blocks.15.attn.proj.weight is skipped since its requires_grad=False
2026/07/20 19:07:20 - mmengine - WARNING - backbone.adapter.backbone.blocks.15.attn.proj.bias is skipped since its requires_grad=False
2026/07/20 19:07:20 - mmengine - WARNING - backbone.adapter.backbone.blocks.15.ls1.gamma is skipped since its requires_grad=False
2026/07/20 19:07:20 - mmengine - WARNING - backbone.adapter.backbone.blocks.15.norm2.weight is skipped since its requires_grad=False
2026/07/20 19:07:20 - mmengine - WARNING - backbone.adapter.backbone.blocks.15.norm2.bias is skipped since its requires_grad=False
2026/07/20 19:07:20 - mmengine - WARNING - backbone.adapter.backbone.blocks.15.mlp.fc1.weight is skipped since its requires_grad=False
2026/07/20 19:07:20 - mmengine - WARNING - backbone.adapter.backbone.blocks.15.mlp.fc1.bias is skipped since its requires_grad=False
2026/07/20 19:07:20 - mmengine - WARNING - backbone.adapter.backbone.blocks.15.mlp.fc2.weight is skipped since its requires_grad=False
2026/07/20 19:07:20 - mmengine - WARNING - backbone.adapter.backbone.blocks.15.mlp.fc2.bias is skipped since its requires_grad=False
2026/07/20 19:07:20 - mmengine - WARNING - backbone.adapter.backbone.blocks.15.ls2.gamma is skipped since its requires_grad=False
2026/07/20 19:07:20 - mmengine - WARNING - backbone.adapter.backbone.blocks.16.norm1.weight is skipped since its requires_grad=False
2026/07/20 19:07:20 - mmengine - WARNING - backbone.adapter.backbone.blocks.16.norm1.bias is skipped since its requires_grad=False
2026/07/20 19:07:20 - mmengine - WARNING - backbone.adapter.backbone.blocks.16.attn.qkv.weight is skipped since its requires_grad=False
2026/07/20 19:07:20 - mmengine - WARNING - backbone.adapter.backbone.blocks.16.attn.qkv.bias is skipped since its requires_grad=False
2026/07/20 19:07:20 - mmengine - WARNING - backbone.adapter.backbone.blocks.16.attn.proj.weight is skipped since its requires_grad=False
2026/07/20 19:07:20 - mmengine - WARNING - backbone.adapter.backbone.blocks.16.attn.proj.bias is skipped since its requires_grad=False
2026/07/20 19:07:20 - mmengine - WARNING - backbone.adapter.backbone.blocks.16.ls1.gamma is skipped since its requires_grad=False
2026/07/20 19:07:20 - mmengine - WARNING - backbone.adapter.backbone.blocks.16.norm2.weight is skipped since its requires_grad=False
2026/07/20 19:07:20 - mmengine - WARNING - backbone.adapter.backbone.blocks.16.norm2.bias is skipped since its requires_grad=False
2026/07/20 19:07:20 - mmengine - WARNING - backbone.adapter.backbone.blocks.16.mlp.fc1.weight is skipped since its requires_grad=False
2026/07/20 19:07:20 - mmengine - WARNING - backbone.adapter.backbone.blocks.16.mlp.fc1.bias is skipped since its requires_grad=False
2026/07/20 19:07:20 - mmengine - WARNING - backbone.adapter.backbone.blocks.16.mlp.fc2.weight is skipped since its requires_grad=False
2026/07/20 19:07:20 - mmengine - WARNING - backbone.adapter.backbone.blocks.16.mlp.fc2.bias is skipped since its requires_grad=False
2026/07/20 19:07:20 - mmengine - WARNING - backbone.adapter.backbone.blocks.16.ls2.gamma is skipped since its requires_grad=False
2026/07/20 19:07:20 - mmengine - WARNING - backbone.adapter.backbone.blocks.17.norm1.weight is skipped since its requires_grad=False
2026/07/20 19:07:20 - mmengine - WARNING - backbone.adapter.backbone.blocks.17.norm1.bias is skipped since its requires_grad=False
2026/07/20 19:07:20 - mmengine - WARNING - backbone.adapter.backbone.blocks.17.attn.qkv.weight is skipped since its requires_grad=False
2026/07/20 19:07:20 - mmengine - WARNING - backbone.adapter.backbone.blocks.17.attn.qkv.bias is skipped since its requires_grad=False
2026/07/20 19:07:20 - mmengine - WARNING - backbone.adapter.backbone.blocks.17.attn.proj.weight is skipped since its requires_grad=False
2026/07/20 19:07:20 - mmengine - WARNING - backbone.adapter.backbone.blocks.17.attn.proj.bias is skipped since its requires_grad=False
2026/07/20 19:07:20 - mmengine - WARNING - backbone.adapter.backbone.blocks.17.ls1.gamma is skipped since its requires_grad=False
2026/07/20 19:07:20 - mmengine - WARNING - backbone.adapter.backbone.blocks.17.norm2.weight is skipped since its requires_grad=False
2026/07/20 19:07:20 - mmengine - WARNING - backbone.adapter.backbone.blocks.17.norm2.bias is skipped since its requires_grad=False
2026/07/20 19:07:20 - mmengine - WARNING - backbone.adapter.backbone.blocks.17.mlp.fc1.weight is skipped since its requires_grad=False
2026/07/20 19:07:20 - mmengine - WARNING - backbone.adapter.backbone.blocks.17.mlp.fc1.bias is skipped since its requires_grad=False
2026/07/20 19:07:20 - mmengine - WARNING - backbone.adapter.backbone.blocks.17.mlp.fc2.weight is skipped since its requires_grad=False
2026/07/20 19:07:20 - mmengine - WARNING - backbone.adapter.backbone.blocks.17.mlp.fc2.bias is skipped since its requires_grad=False
2026/07/20 19:07:20 - mmengine - WARNING - backbone.adapter.backbone.blocks.17.ls2.gamma is skipped since its requires_grad=False
2026/07/20 19:07:20 - mmengine - WARNING - backbone.adapter.backbone.blocks.18.norm1.weight is skipped since its requires_grad=False
2026/07/20 19:07:20 - mmengine - WARNING - backbone.adapter.backbone.blocks.18.norm1.bias is skipped since its requires_grad=False
2026/07/20 19:07:20 - mmengine - WARNING - backbone.adapter.backbone.blocks.18.attn.qkv.weight is skipped since its requires_grad=False
2026/07/20 19:07:20 - mmengine - WARNING - backbone.adapter.backbone.blocks.18.attn.qkv.bias is skipped since its requires_grad=False
2026/07/20 19:07:20 - mmengine - WARNING - backbone.adapter.backbone.blocks.18.attn.proj.weight is skipped since its requires_grad=False
2026/07/20 19:07:20 - mmengine - WARNING - backbone.adapter.backbone.blocks.18.attn.proj.bias is skipped since its requires_grad=False
2026/07/20 19:07:20 - mmengine - WARNING - backbone.adapter.backbone.blocks.18.ls1.gamma is skipped since its requires_grad=False
2026/07/20 19:07:20 - mmengine - WARNING - backbone.adapter.backbone.blocks.18.norm2.weight is skipped since its requires_grad=False
2026/07/20 19:07:20 - mmengine - WARNING - backbone.adapter.backbone.blocks.18.norm2.bias is skipped since its requires_grad=False
2026/07/20 19:07:20 - mmengine - WARNING - backbone.adapter.backbone.blocks.18.mlp.fc1.weight is skipped since its requires_grad=False
2026/07/20 19:07:20 - mmengine - WARNING - backbone.adapter.backbone.blocks.18.mlp.fc1.bias is skipped since its requires_grad=False
2026/07/20 19:07:20 - mmengine - WARNING - backbone.adapter.backbone.blocks.18.mlp.fc2.weight is skipped since its requires_grad=False
2026/07/20 19:07:20 - mmengine - WARNING - backbone.adapter.backbone.blocks.18.mlp.fc2.bias is skipped since its requires_grad=False
2026/07/20 19:07:20 - mmengine - WARNING - backbone.adapter.backbone.blocks.18.ls2.gamma is skipped since its requires_grad=False
2026/07/20 19:07:20 - mmengine - WARNING - backbone.adapter.backbone.blocks.19.norm1.weight is skipped since its requires_grad=False
2026/07/20 19:07:20 - mmengine - WARNING - backbone.adapter.backbone.blocks.19.norm1.bias is skipped since its requires_grad=False
2026/07/20 19:07:20 - mmengine - WARNING - backbone.adapter.backbone.blocks.19.attn.qkv.weight is skipped since its requires_grad=False
2026/07/20 19:07:20 - mmengine - WARNING - backbone.adapter.backbone.blocks.19.attn.qkv.bias is skipped since its requires_grad=False
2026/07/20 19:07:20 - mmengine - WARNING - backbone.adapter.backbone.blocks.19.attn.proj.weight is skipped since its requires_grad=False
2026/07/20 19:07:20 - mmengine - WARNING - backbone.adapter.backbone.blocks.19.attn.proj.bias is skipped since its requires_grad=False
2026/07/20 19:07:20 - mmengine - WARNING - backbone.adapter.backbone.blocks.19.ls1.gamma is skipped since its requires_grad=False
2026/07/20 19:07:20 - mmengine - WARNING - backbone.adapter.backbone.blocks.19.norm2.weight is skipped since its requires_grad=False
2026/07/20 19:07:20 - mmengine - WARNING - backbone.adapter.backbone.blocks.19.norm2.bias is skipped since its requires_grad=False
2026/07/20 19:07:20 - mmengine - WARNING - backbone.adapter.backbone.blocks.19.mlp.fc1.weight is skipped since its requires_grad=False
2026/07/20 19:07:20 - mmengine - WARNING - backbone.adapter.backbone.blocks.19.mlp.fc1.bias is skipped since its requires_grad=False
2026/07/20 19:07:20 - mmengine - WARNING - backbone.adapter.backbone.blocks.19.mlp.fc2.weight is skipped since its requires_grad=False
2026/07/20 19:07:20 - mmengine - WARNING - backbone.adapter.backbone.blocks.19.mlp.fc2.bias is skipped since its requires_grad=False
2026/07/20 19:07:20 - mmengine - WARNING - backbone.adapter.backbone.blocks.19.ls2.gamma is skipped since its requires_grad=False
2026/07/20 19:07:20 - mmengine - WARNING - backbone.adapter.backbone.blocks.20.norm1.weight is skipped since its requires_grad=False
2026/07/20 19:07:20 - mmengine - WARNING - backbone.adapter.backbone.blocks.20.norm1.bias is skipped since its requires_grad=False
2026/07/20 19:07:20 - mmengine - WARNING - backbone.adapter.backbone.blocks.20.attn.qkv.weight is skipped since its requires_grad=False
2026/07/20 19:07:20 - mmengine - WARNING - backbone.adapter.backbone.blocks.20.attn.qkv.bias is skipped since its requires_grad=False
2026/07/20 19:07:20 - mmengine - WARNING - backbone.adapter.backbone.blocks.20.attn.proj.weight is skipped since its requires_grad=False
2026/07/20 19:07:20 - mmengine - WARNING - backbone.adapter.backbone.blocks.20.attn.proj.bias is skipped since its requires_grad=False
2026/07/20 19:07:20 - mmengine - WARNING - backbone.adapter.backbone.blocks.20.ls1.gamma is skipped since its requires_grad=False
2026/07/20 19:07:20 - mmengine - WARNING - backbone.adapter.backbone.blocks.20.norm2.weight is skipped since its requires_grad=False
2026/07/20 19:07:20 - mmengine - WARNING - backbone.adapter.backbone.blocks.20.norm2.bias is skipped since its requires_grad=False
2026/07/20 19:07:20 - mmengine - WARNING - backbone.adapter.backbone.blocks.20.mlp.fc1.weight is skipped since its requires_grad=False
2026/07/20 19:07:20 - mmengine - WARNING - backbone.adapter.backbone.blocks.20.mlp.fc1.bias is skipped since its requires_grad=False
2026/07/20 19:07:20 - mmengine - WARNING - backbone.adapter.backbone.blocks.20.mlp.fc2.weight is skipped since its requires_grad=False
2026/07/20 19:07:20 - mmengine - WARNING - backbone.adapter.backbone.blocks.20.mlp.fc2.bias is skipped since its requires_grad=False
2026/07/20 19:07:20 - mmengine - WARNING - backbone.adapter.backbone.blocks.20.ls2.gamma is skipped since its requires_grad=False
2026/07/20 19:07:20 - mmengine - WARNING - backbone.adapter.backbone.blocks.21.norm1.weight is skipped since its requires_grad=False
2026/07/20 19:07:20 - mmengine - WARNING - backbone.adapter.backbone.blocks.21.norm1.bias is skipped since its requires_grad=False
2026/07/20 19:07:20 - mmengine - WARNING - backbone.adapter.backbone.blocks.21.attn.qkv.weight is skipped since its requires_grad=False
2026/07/20 19:07:20 - mmengine - WARNING - backbone.adapter.backbone.blocks.21.attn.qkv.bias is skipped since its requires_grad=False
2026/07/20 19:07:20 - mmengine - WARNING - backbone.adapter.backbone.blocks.21.attn.proj.weight is skipped since its requires_grad=False
2026/07/20 19:07:20 - mmengine - WARNING - backbone.adapter.backbone.blocks.21.attn.proj.bias is skipped since its requires_grad=False
2026/07/20 19:07:20 - mmengine - WARNING - backbone.adapter.backbone.blocks.21.ls1.gamma is skipped since its requires_grad=False
2026/07/20 19:07:20 - mmengine - WARNING - backbone.adapter.backbone.blocks.21.norm2.weight is skipped since its requires_grad=False
2026/07/20 19:07:20 - mmengine - WARNING - backbone.adapter.backbone.blocks.21.norm2.bias is skipped since its requires_grad=False
2026/07/20 19:07:20 - mmengine - WARNING - backbone.adapter.backbone.blocks.21.mlp.fc1.weight is skipped since its requires_grad=False
2026/07/20 19:07:20 - mmengine - WARNING - backbone.adapter.backbone.blocks.21.mlp.fc1.bias is skipped since its requires_grad=False
2026/07/20 19:07:20 - mmengine - WARNING - backbone.adapter.backbone.blocks.21.mlp.fc2.weight is skipped since its requires_grad=False
2026/07/20 19:07:20 - mmengine - WARNING - backbone.adapter.backbone.blocks.21.mlp.fc2.bias is skipped since its requires_grad=False
2026/07/20 19:07:20 - mmengine - WARNING - backbone.adapter.backbone.blocks.21.ls2.gamma is skipped since its requires_grad=False
2026/07/20 19:07:20 - mmengine - WARNING - backbone.adapter.backbone.blocks.22.norm1.weight is skipped since its requires_grad=False
2026/07/20 19:07:20 - mmengine - WARNING - backbone.adapter.backbone.blocks.22.norm1.bias is skipped since its requires_grad=False
2026/07/20 19:07:20 - mmengine - WARNING - backbone.adapter.backbone.blocks.22.attn.qkv.weight is skipped since its requires_grad=False
2026/07/20 19:07:20 - mmengine - WARNING - backbone.adapter.backbone.blocks.22.attn.qkv.bias is skipped since its requires_grad=False
2026/07/20 19:07:20 - mmengine - WARNING - backbone.adapter.backbone.blocks.22.attn.proj.weight is skipped since its requires_grad=False
2026/07/20 19:07:20 - mmengine - WARNING - backbone.adapter.backbone.blocks.22.attn.proj.bias is skipped since its requires_grad=False
2026/07/20 19:07:20 - mmengine - WARNING - backbone.adapter.backbone.blocks.22.ls1.gamma is skipped since its requires_grad=False
2026/07/20 19:07:20 - mmengine - WARNING - backbone.adapter.backbone.blocks.22.norm2.weight is skipped since its requires_grad=False
2026/07/20 19:07:20 - mmengine - WARNING - backbone.adapter.backbone.blocks.22.norm2.bias is skipped since its requires_grad=False
2026/07/20 19:07:20 - mmengine - WARNING - backbone.adapter.backbone.blocks.22.mlp.fc1.weight is skipped since its requires_grad=False
2026/07/20 19:07:20 - mmengine - WARNING - backbone.adapter.backbone.blocks.22.mlp.fc1.bias is skipped since its requires_grad=False
2026/07/20 19:07:20 - mmengine - WARNING - backbone.adapter.backbone.blocks.22.mlp.fc2.weight is skipped since its requires_grad=False
2026/07/20 19:07:20 - mmengine - WARNING - backbone.adapter.backbone.blocks.22.mlp.fc2.bias is skipped since its requires_grad=False
2026/07/20 19:07:20 - mmengine - WARNING - backbone.adapter.backbone.blocks.22.ls2.gamma is skipped since its requires_grad=False
2026/07/20 19:07:20 - mmengine - WARNING - backbone.adapter.backbone.blocks.23.norm1.weight is skipped since its requires_grad=False
2026/07/20 19:07:20 - mmengine - WARNING - backbone.adapter.backbone.blocks.23.norm1.bias is skipped since its requires_grad=False
2026/07/20 19:07:20 - mmengine - WARNING - backbone.adapter.backbone.blocks.23.attn.qkv.weight is skipped since its requires_grad=False
2026/07/20 19:07:20 - mmengine - WARNING - backbone.adapter.backbone.blocks.23.attn.qkv.bias is skipped since its requires_grad=False
2026/07/20 19:07:20 - mmengine - WARNING - backbone.adapter.backbone.blocks.23.attn.proj.weight is skipped since its requires_grad=False
2026/07/20 19:07:20 - mmengine - WARNING - backbone.adapter.backbone.blocks.23.attn.proj.bias is skipped since its requires_grad=False
2026/07/20 19:07:20 - mmengine - WARNING - backbone.adapter.backbone.blocks.23.ls1.gamma is skipped since its requires_grad=False
2026/07/20 19:07:20 - mmengine - WARNING - backbone.adapter.backbone.blocks.23.norm2.weight is skipped since its requires_grad=False
2026/07/20 19:07:20 - mmengine - WARNING - backbone.adapter.backbone.blocks.23.norm2.bias is skipped since its requires_grad=False
2026/07/20 19:07:20 - mmengine - WARNING - backbone.adapter.backbone.blocks.23.mlp.fc1.weight is skipped since its requires_grad=False
2026/07/20 19:07:20 - mmengine - WARNING - backbone.adapter.backbone.blocks.23.mlp.fc1.bias is skipped since its requires_grad=False
2026/07/20 19:07:20 - mmengine - WARNING - backbone.adapter.backbone.blocks.23.mlp.fc2.weight is skipped since its requires_grad=False
2026/07/20 19:07:20 - mmengine - WARNING - backbone.adapter.backbone.blocks.23.mlp.fc2.bias is skipped since its requires_grad=False
2026/07/20 19:07:20 - mmengine - WARNING - backbone.adapter.backbone.blocks.23.ls2.gamma is skipped since its requires_grad=False
2026/07/20 19:07:20 - mmengine - WARNING - backbone.adapter.backbone.norm.weight is skipped since its requires_grad=False
2026/07/20 19:07:20 - mmengine - WARNING - backbone.adapter.backbone.norm.bias is skipped since its requires_grad=False
2026/07/20 19:07:20 - mmengine - INFO - paramwise_options -- backbone.adapter.spm.stem.1.weight:weight_decay=0.0
2026/07/20 19:07:20 - mmengine - INFO - paramwise_options -- backbone.adapter.spm.stem.1.bias:weight_decay=0.0
2026/07/20 19:07:20 - mmengine - INFO - paramwise_options -- backbone.adapter.spm.stem.4.weight:weight_decay=0.0
2026/07/20 19:07:20 - mmengine - INFO - paramwise_options -- backbone.adapter.spm.stem.4.bias:weight_decay=0.0
2026/07/20 19:07:20 - mmengine - INFO - paramwise_options -- backbone.adapter.spm.stem.7.weight:weight_decay=0.0
2026/07/20 19:07:20 - mmengine - INFO - paramwise_options -- backbone.adapter.spm.stem.7.bias:weight_decay=0.0
2026/07/20 19:07:20 - mmengine - INFO - paramwise_options -- backbone.adapter.spm.conv2.1.weight:weight_decay=0.0
2026/07/20 19:07:20 - mmengine - INFO - paramwise_options -- backbone.adapter.spm.conv2.1.bias:weight_decay=0.0
2026/07/20 19:07:20 - mmengine - INFO - paramwise_options -- backbone.adapter.spm.conv3.1.weight:weight_decay=0.0
2026/07/20 19:07:20 - mmengine - INFO - paramwise_options -- backbone.adapter.spm.conv3.1.bias:weight_decay=0.0
2026/07/20 19:07:20 - mmengine - INFO - paramwise_options -- backbone.adapter.spm.conv4.1.weight:weight_decay=0.0
2026/07/20 19:07:20 - mmengine - INFO - paramwise_options -- backbone.adapter.spm.conv4.1.bias:weight_decay=0.0
2026/07/20 19:07:20 - mmengine - INFO - paramwise_options -- backbone.adapter.interactions.0.extractor.query_norm.weight:weight_decay=0.0
2026/07/20 19:07:20 - mmengine - INFO - paramwise_options -- backbone.adapter.interactions.0.extractor.query_norm.bias:weight_decay=0.0
2026/07/20 19:07:20 - mmengine - INFO - paramwise_options -- backbone.adapter.interactions.0.extractor.feat_norm.weight:weight_decay=0.0
2026/07/20 19:07:20 - mmengine - INFO - paramwise_options -- backbone.adapter.interactions.0.extractor.feat_norm.bias:weight_decay=0.0
2026/07/20 19:07:20 - mmengine - INFO - paramwise_options -- backbone.adapter.interactions.0.extractor.ffn_norm.weight:weight_decay=0.0
2026/07/20 19:07:20 - mmengine - INFO - paramwise_options -- backbone.adapter.interactions.0.extractor.ffn_norm.bias:weight_decay=0.0
2026/07/20 19:07:20 - mmengine - INFO - paramwise_options -- backbone.adapter.interactions.1.extractor.query_norm.weight:weight_decay=0.0
2026/07/20 19:07:20 - mmengine - INFO - paramwise_options -- backbone.adapter.interactions.1.extractor.query_norm.bias:weight_decay=0.0
2026/07/20 19:07:20 - mmengine - INFO - paramwise_options -- backbone.adapter.interactions.1.extractor.feat_norm.weight:weight_decay=0.0
2026/07/20 19:07:20 - mmengine - INFO - paramwise_options -- backbone.adapter.interactions.1.extractor.feat_norm.bias:weight_decay=0.0
2026/07/20 19:07:20 - mmengine - INFO - paramwise_options -- backbone.adapter.interactions.1.extractor.ffn_norm.weight:weight_decay=0.0
2026/07/20 19:07:20 - mmengine - INFO - paramwise_options -- backbone.adapter.interactions.1.extractor.ffn_norm.bias:weight_decay=0.0
2026/07/20 19:07:20 - mmengine - INFO - paramwise_options -- backbone.adapter.interactions.2.extractor.query_norm.weight:weight_decay=0.0
2026/07/20 19:07:20 - mmengine - INFO - paramwise_options -- backbone.adapter.interactions.2.extractor.query_norm.bias:weight_decay=0.0
2026/07/20 19:07:20 - mmengine - INFO - paramwise_options -- backbone.adapter.interactions.2.extractor.feat_norm.weight:weight_decay=0.0
2026/07/20 19:07:20 - mmengine - INFO - paramwise_options -- backbone.adapter.interactions.2.extractor.feat_norm.bias:weight_decay=0.0
2026/07/20 19:07:20 - mmengine - INFO - paramwise_options -- backbone.adapter.interactions.2.extractor.ffn_norm.weight:weight_decay=0.0
2026/07/20 19:07:20 - mmengine - INFO - paramwise_options -- backbone.adapter.interactions.2.extractor.ffn_norm.bias:weight_decay=0.0
2026/07/20 19:07:20 - mmengine - INFO - paramwise_options -- backbone.adapter.interactions.3.extractor.query_norm.weight:weight_decay=0.0
2026/07/20 19:07:20 - mmengine - INFO - paramwise_options -- backbone.adapter.interactions.3.extractor.query_norm.bias:weight_decay=0.0
2026/07/20 19:07:20 - mmengine - INFO - paramwise_options -- backbone.adapter.interactions.3.extractor.feat_norm.weight:weight_decay=0.0
2026/07/20 19:07:20 - mmengine - INFO - paramwise_options -- backbone.adapter.interactions.3.extractor.feat_norm.bias:weight_decay=0.0
2026/07/20 19:07:20 - mmengine - INFO - paramwise_options -- backbone.adapter.interactions.3.extractor.ffn_norm.weight:weight_decay=0.0
2026/07/20 19:07:20 - mmengine - INFO - paramwise_options -- backbone.adapter.interactions.3.extractor.ffn_norm.bias:weight_decay=0.0
2026/07/20 19:07:20 - mmengine - INFO - paramwise_options -- backbone.adapter.interactions.3.extra_extractors.0.query_norm.weight:weight_decay=0.0
2026/07/20 19:07:20 - mmengine - INFO - paramwise_options -- backbone.adapter.interactions.3.extra_extractors.0.query_norm.bias:weight_decay=0.0
2026/07/20 19:07:20 - mmengine - INFO - paramwise_options -- backbone.adapter.interactions.3.extra_extractors.0.feat_norm.weight:weight_decay=0.0
2026/07/20 19:07:20 - mmengine - INFO - paramwise_options -- backbone.adapter.interactions.3.extra_extractors.0.feat_norm.bias:weight_decay=0.0
2026/07/20 19:07:20 - mmengine - INFO - paramwise_options -- backbone.adapter.interactions.3.extra_extractors.0.ffn_norm.weight:weight_decay=0.0
2026/07/20 19:07:20 - mmengine - INFO - paramwise_options -- backbone.adapter.interactions.3.extra_extractors.0.ffn_norm.bias:weight_decay=0.0
2026/07/20 19:07:20 - mmengine - INFO - paramwise_options -- backbone.adapter.interactions.3.extra_extractors.1.query_norm.weight:weight_decay=0.0
2026/07/20 19:07:20 - mmengine - INFO - paramwise_options -- backbone.adapter.interactions.3.extra_extractors.1.query_norm.bias:weight_decay=0.0
2026/07/20 19:07:20 - mmengine - INFO - paramwise_options -- backbone.adapter.interactions.3.extra_extractors.1.feat_norm.weight:weight_decay=0.0
2026/07/20 19:07:20 - mmengine - INFO - paramwise_options -- backbone.adapter.interactions.3.extra_extractors.1.feat_norm.bias:weight_decay=0.0
2026/07/20 19:07:20 - mmengine - INFO - paramwise_options -- backbone.adapter.interactions.3.extra_extractors.1.ffn_norm.weight:weight_decay=0.0
2026/07/20 19:07:20 - mmengine - INFO - paramwise_options -- backbone.adapter.interactions.3.extra_extractors.1.ffn_norm.bias:weight_decay=0.0
2026/07/20 19:07:20 - mmengine - INFO - paramwise_options -- backbone.adapter.norm1.weight:weight_decay=0.0
2026/07/20 19:07:20 - mmengine - INFO - paramwise_options -- backbone.adapter.norm1.bias:weight_decay=0.0
2026/07/20 19:07:20 - mmengine - INFO - paramwise_options -- backbone.adapter.norm2.weight:weight_decay=0.0
2026/07/20 19:07:20 - mmengine - INFO - paramwise_options -- backbone.adapter.norm2.bias:weight_decay=0.0
2026/07/20 19:07:20 - mmengine - INFO - paramwise_options -- backbone.adapter.norm3.weight:weight_decay=0.0
2026/07/20 19:07:20 - mmengine - INFO - paramwise_options -- backbone.adapter.norm3.bias:weight_decay=0.0
2026/07/20 19:07:20 - mmengine - INFO - paramwise_options -- backbone.adapter.norm4.weight:weight_decay=0.0
2026/07/20 19:07:20 - mmengine - INFO - paramwise_options -- backbone.adapter.norm4.bias:weight_decay=0.0
2026/07/20 19:07:20 - mmengine - INFO - paramwise_options -- decode_head.pixel_decoder.input_convs.0.gn.weight:weight_decay=0.0
2026/07/20 19:07:20 - mmengine - INFO - paramwise_options -- decode_head.pixel_decoder.input_convs.0.gn.bias:weight_decay=0.0
2026/07/20 19:07:20 - mmengine - INFO - paramwise_options -- decode_head.pixel_decoder.input_convs.1.gn.weight:weight_decay=0.0
2026/07/20 19:07:20 - mmengine - INFO - paramwise_options -- decode_head.pixel_decoder.input_convs.1.gn.bias:weight_decay=0.0
2026/07/20 19:07:20 - mmengine - INFO - paramwise_options -- decode_head.pixel_decoder.input_convs.2.gn.weight:weight_decay=0.0
2026/07/20 19:07:20 - mmengine - INFO - paramwise_options -- decode_head.pixel_decoder.input_convs.2.gn.bias:weight_decay=0.0
2026/07/20 19:07:20 - mmengine - INFO - paramwise_options -- decode_head.pixel_decoder.encoder.layers.0.norms.0.weight:weight_decay=0.0
2026/07/20 19:07:20 - mmengine - INFO - paramwise_options -- decode_head.pixel_decoder.encoder.layers.0.norms.0.bias:weight_decay=0.0
2026/07/20 19:07:20 - mmengine - INFO - paramwise_options -- decode_head.pixel_decoder.encoder.layers.0.norms.1.weight:weight_decay=0.0
2026/07/20 19:07:20 - mmengine - INFO - paramwise_options -- decode_head.pixel_decoder.encoder.layers.0.norms.1.bias:weight_decay=0.0
2026/07/20 19:07:20 - mmengine - INFO - paramwise_options -- decode_head.pixel_decoder.encoder.layers.1.norms.0.weight:weight_decay=0.0
2026/07/20 19:07:20 - mmengine - INFO - paramwise_options -- decode_head.pixel_decoder.encoder.layers.1.norms.0.bias:weight_decay=0.0
2026/07/20 19:07:20 - mmengine - INFO - paramwise_options -- decode_head.pixel_decoder.encoder.layers.1.norms.1.weight:weight_decay=0.0
2026/07/20 19:07:20 - mmengine - INFO - paramwise_options -- decode_head.pixel_decoder.encoder.layers.1.norms.1.bias:weight_decay=0.0
2026/07/20 19:07:20 - mmengine - INFO - paramwise_options -- decode_head.pixel_decoder.encoder.layers.2.norms.0.weight:weight_decay=0.0
2026/07/20 19:07:20 - mmengine - INFO - paramwise_options -- decode_head.pixel_decoder.encoder.layers.2.norms.0.bias:weight_decay=0.0
2026/07/20 19:07:20 - mmengine - INFO - paramwise_options -- decode_head.pixel_decoder.encoder.layers.2.norms.1.weight:weight_decay=0.0
2026/07/20 19:07:20 - mmengine - INFO - paramwise_options -- decode_head.pixel_decoder.encoder.layers.2.norms.1.bias:weight_decay=0.0
2026/07/20 19:07:20 - mmengine - INFO - paramwise_options -- decode_head.pixel_decoder.encoder.layers.3.norms.0.weight:weight_decay=0.0
2026/07/20 19:07:20 - mmengine - INFO - paramwise_options -- decode_head.pixel_decoder.encoder.layers.3.norms.0.bias:weight_decay=0.0
2026/07/20 19:07:20 - mmengine - INFO - paramwise_options -- decode_head.pixel_decoder.encoder.layers.3.norms.1.weight:weight_decay=0.0
2026/07/20 19:07:20 - mmengine - INFO - paramwise_options -- decode_head.pixel_decoder.encoder.layers.3.norms.1.bias:weight_decay=0.0
2026/07/20 19:07:20 - mmengine - INFO - paramwise_options -- decode_head.pixel_decoder.encoder.layers.4.norms.0.weight:weight_decay=0.0
2026/07/20 19:07:20 - mmengine - INFO - paramwise_options -- decode_head.pixel_decoder.encoder.layers.4.norms.0.bias:weight_decay=0.0
2026/07/20 19:07:20 - mmengine - INFO - paramwise_options -- decode_head.pixel_decoder.encoder.layers.4.norms.1.weight:weight_decay=0.0
2026/07/20 19:07:20 - mmengine - INFO - paramwise_options -- decode_head.pixel_decoder.encoder.layers.4.norms.1.bias:weight_decay=0.0
2026/07/20 19:07:20 - mmengine - INFO - paramwise_options -- decode_head.pixel_decoder.encoder.layers.5.norms.0.weight:weight_decay=0.0
2026/07/20 19:07:20 - mmengine - INFO - paramwise_options -- decode_head.pixel_decoder.encoder.layers.5.norms.0.bias:weight_decay=0.0
2026/07/20 19:07:20 - mmengine - INFO - paramwise_options -- decode_head.pixel_decoder.encoder.layers.5.norms.1.weight:weight_decay=0.0
2026/07/20 19:07:20 - mmengine - INFO - paramwise_options -- decode_head.pixel_decoder.encoder.layers.5.norms.1.bias:weight_decay=0.0
2026/07/20 19:07:20 - mmengine - INFO - paramwise_options -- decode_head.pixel_decoder.lateral_convs.0.gn.weight:weight_decay=0.0
2026/07/20 19:07:20 - mmengine - INFO - paramwise_options -- decode_head.pixel_decoder.lateral_convs.0.gn.bias:weight_decay=0.0
2026/07/20 19:07:20 - mmengine - INFO - paramwise_options -- decode_head.pixel_decoder.output_convs.0.gn.weight:weight_decay=0.0
2026/07/20 19:07:20 - mmengine - INFO - paramwise_options -- decode_head.pixel_decoder.output_convs.0.gn.bias:weight_decay=0.0
2026/07/20 19:07:20 - mmengine - INFO - paramwise_options -- decode_head.transformer_decoder.layers.0.norms.0.weight:weight_decay=0.0
2026/07/20 19:07:20 - mmengine - INFO - paramwise_options -- decode_head.transformer_decoder.layers.0.norms.0.bias:weight_decay=0.0
2026/07/20 19:07:20 - mmengine - INFO - paramwise_options -- decode_head.transformer_decoder.layers.0.norms.1.weight:weight_decay=0.0
2026/07/20 19:07:20 - mmengine - INFO - paramwise_options -- decode_head.transformer_decoder.layers.0.norms.1.bias:weight_decay=0.0
2026/07/20 19:07:20 - mmengine - INFO - paramwise_options -- decode_head.transformer_decoder.layers.0.norms.2.weight:weight_decay=0.0
2026/07/20 19:07:20 - mmengine - INFO - paramwise_options -- decode_head.transformer_decoder.layers.0.norms.2.bias:weight_decay=0.0
2026/07/20 19:07:20 - mmengine - INFO - paramwise_options -- decode_head.transformer_decoder.layers.1.norms.0.weight:weight_decay=0.0
2026/07/20 19:07:20 - mmengine - INFO - paramwise_options -- decode_head.transformer_decoder.layers.1.norms.0.bias:weight_decay=0.0
2026/07/20 19:07:20 - mmengine - INFO - paramwise_options -- decode_head.transformer_decoder.layers.1.norms.1.weight:weight_decay=0.0
2026/07/20 19:07:20 - mmengine - INFO - paramwise_options -- decode_head.transformer_decoder.layers.1.norms.1.bias:weight_decay=0.0
2026/07/20 19:07:20 - mmengine - INFO - paramwise_options -- decode_head.transformer_decoder.layers.1.norms.2.weight:weight_decay=0.0
2026/07/20 19:07:20 - mmengine - INFO - paramwise_options -- decode_head.transformer_decoder.layers.1.norms.2.bias:weight_decay=0.0
2026/07/20 19:07:20 - mmengine - INFO - paramwise_options -- decode_head.transformer_decoder.layers.2.norms.0.weight:weight_decay=0.0
2026/07/20 19:07:20 - mmengine - INFO - paramwise_options -- decode_head.transformer_decoder.layers.2.norms.0.bias:weight_decay=0.0
2026/07/20 19:07:20 - mmengine - INFO - paramwise_options -- decode_head.transformer_decoder.layers.2.norms.1.weight:weight_decay=0.0
2026/07/20 19:07:20 - mmengine - INFO - paramwise_options -- decode_head.transformer_decoder.layers.2.norms.1.bias:weight_decay=0.0
2026/07/20 19:07:20 - mmengine - INFO - paramwise_options -- decode_head.transformer_decoder.layers.2.norms.2.weight:weight_decay=0.0
2026/07/20 19:07:20 - mmengine - INFO - paramwise_options -- decode_head.transformer_decoder.layers.2.norms.2.bias:weight_decay=0.0
2026/07/20 19:07:20 - mmengine - INFO - paramwise_options -- decode_head.transformer_decoder.layers.3.norms.0.weight:weight_decay=0.0
2026/07/20 19:07:20 - mmengine - INFO - paramwise_options -- decode_head.transformer_decoder.layers.3.norms.0.bias:weight_decay=0.0
2026/07/20 19:07:20 - mmengine - INFO - paramwise_options -- decode_head.transformer_decoder.layers.3.norms.1.weight:weight_decay=0.0
2026/07/20 19:07:20 - mmengine - INFO - paramwise_options -- decode_head.transformer_decoder.layers.3.norms.1.bias:weight_decay=0.0
2026/07/20 19:07:20 - mmengine - INFO - paramwise_options -- decode_head.transformer_decoder.layers.3.norms.2.weight:weight_decay=0.0
2026/07/20 19:07:20 - mmengine - INFO - paramwise_options -- decode_head.transformer_decoder.layers.3.norms.2.bias:weight_decay=0.0
2026/07/20 19:07:20 - mmengine - INFO - paramwise_options -- decode_head.transformer_decoder.layers.4.norms.0.weight:weight_decay=0.0
2026/07/20 19:07:20 - mmengine - INFO - paramwise_options -- decode_head.transformer_decoder.layers.4.norms.0.bias:weight_decay=0.0
2026/07/20 19:07:20 - mmengine - INFO - paramwise_options -- decode_head.transformer_decoder.layers.4.norms.1.weight:weight_decay=0.0
2026/07/20 19:07:20 - mmengine - INFO - paramwise_options -- decode_head.transformer_decoder.layers.4.norms.1.bias:weight_decay=0.0
2026/07/20 19:07:20 - mmengine - INFO - paramwise_options -- decode_head.transformer_decoder.layers.4.norms.2.weight:weight_decay=0.0
2026/07/20 19:07:20 - mmengine - INFO - paramwise_options -- decode_head.transformer_decoder.layers.4.norms.2.bias:weight_decay=0.0
2026/07/20 19:07:20 - mmengine - INFO - paramwise_options -- decode_head.transformer_decoder.layers.5.norms.0.weight:weight_decay=0.0
2026/07/20 19:07:20 - mmengine - INFO - paramwise_options -- decode_head.transformer_decoder.layers.5.norms.0.bias:weight_decay=0.0
2026/07/20 19:07:20 - mmengine - INFO - paramwise_options -- decode_head.transformer_decoder.layers.5.norms.1.weight:weight_decay=0.0
2026/07/20 19:07:20 - mmengine - INFO - paramwise_options -- decode_head.transformer_decoder.layers.5.norms.1.bias:weight_decay=0.0
2026/07/20 19:07:20 - mmengine - INFO - paramwise_options -- decode_head.transformer_decoder.layers.5.norms.2.weight:weight_decay=0.0
2026/07/20 19:07:20 - mmengine - INFO - paramwise_options -- decode_head.transformer_decoder.layers.5.norms.2.bias:weight_decay=0.0
2026/07/20 19:07:20 - mmengine - INFO - paramwise_options -- decode_head.transformer_decoder.layers.6.norms.0.weight:weight_decay=0.0
2026/07/20 19:07:20 - mmengine - INFO - paramwise_options -- decode_head.transformer_decoder.layers.6.norms.0.bias:weight_decay=0.0
2026/07/20 19:07:20 - mmengine - INFO - paramwise_options -- decode_head.transformer_decoder.layers.6.norms.1.weight:weight_decay=0.0
2026/07/20 19:07:20 - mmengine - INFO - paramwise_options -- decode_head.transformer_decoder.layers.6.norms.1.bias:weight_decay=0.0
2026/07/20 19:07:20 - mmengine - INFO - paramwise_options -- decode_head.transformer_decoder.layers.6.norms.2.weight:weight_decay=0.0
2026/07/20 19:07:20 - mmengine - INFO - paramwise_options -- decode_head.transformer_decoder.layers.6.norms.2.bias:weight_decay=0.0
2026/07/20 19:07:20 - mmengine - INFO - paramwise_options -- decode_head.transformer_decoder.layers.7.norms.0.weight:weight_decay=0.0
2026/07/20 19:07:20 - mmengine - INFO - paramwise_options -- decode_head.transformer_decoder.layers.7.norms.0.bias:weight_decay=0.0
2026/07/20 19:07:20 - mmengine - INFO - paramwise_options -- decode_head.transformer_decoder.layers.7.norms.1.weight:weight_decay=0.0
2026/07/20 19:07:20 - mmengine - INFO - paramwise_options -- decode_head.transformer_decoder.layers.7.norms.1.bias:weight_decay=0.0
2026/07/20 19:07:20 - mmengine - INFO - paramwise_options -- decode_head.transformer_decoder.layers.7.norms.2.weight:weight_decay=0.0
2026/07/20 19:07:20 - mmengine - INFO - paramwise_options -- decode_head.transformer_decoder.layers.7.norms.2.bias:weight_decay=0.0
2026/07/20 19:07:20 - mmengine - INFO - paramwise_options -- decode_head.transformer_decoder.layers.8.norms.0.weight:weight_decay=0.0
2026/07/20 19:07:20 - mmengine - INFO - paramwise_options -- decode_head.transformer_decoder.layers.8.norms.0.bias:weight_decay=0.0
2026/07/20 19:07:20 - mmengine - INFO - paramwise_options -- decode_head.transformer_decoder.layers.8.norms.1.weight:weight_decay=0.0
2026/07/20 19:07:20 - mmengine - INFO - paramwise_options -- decode_head.transformer_decoder.layers.8.norms.1.bias:weight_decay=0.0
2026/07/20 19:07:20 - mmengine - INFO - paramwise_options -- decode_head.transformer_decoder.layers.8.norms.2.weight:weight_decay=0.0
2026/07/20 19:07:20 - mmengine - INFO - paramwise_options -- decode_head.transformer_decoder.layers.8.norms.2.bias:weight_decay=0.0
2026/07/20 19:07:20 - mmengine - INFO - paramwise_options -- decode_head.transformer_decoder.post_norm.weight:weight_decay=0.0
2026/07/20 19:07:20 - mmengine - INFO - paramwise_options -- decode_head.transformer_decoder.post_norm.bias:weight_decay=0.0
2026/07/20 19:07:21 - mmengine - WARNING - The prefix is not set in metric class IoUMetric.
Name of parameter - Initialization information

backbone.backbone.cls_token - torch.Size([1, 1, 1024]): 
The value is the same before and after calling `init_weights` of EncoderDecoder  

backbone.backbone.storage_tokens - torch.Size([1, 4, 1024]): 
The value is the same before and after calling `init_weights` of EncoderDecoder  

backbone.backbone.mask_token - torch.Size([1, 1024]): 
The value is the same before and after calling `init_weights` of EncoderDecoder  

backbone.backbone.patch_embed.proj.weight - torch.Size([1024, 3, 16, 16]): 
The value is the same before and after calling `init_weights` of EncoderDecoder  

backbone.backbone.patch_embed.proj.bias - torch.Size([1024]): 
The value is the same before and after calling `init_weights` of EncoderDecoder  

backbone.backbone.blocks.0.norm1.weight - torch.Size([1024]): 
The value is the same before and after calling `init_weights` of EncoderDecoder  

backbone.backbone.blocks.0.norm1.bias - torch.Size([1024]): 
The value is the same before and after calling `init_weights` of EncoderDecoder  

backbone.backbone.blocks.0.attn.qkv.weight - torch.Size([3072, 1024]): 
The value is the same before and after calling `init_weights` of EncoderDecoder  

backbone.backbone.blocks.0.attn.qkv.bias - torch.Size([3072]): 
The value is the same before and after calling `init_weights` of EncoderDecoder  

backbone.backbone.blocks.0.attn.proj.weight - torch.Size([1024, 1024]): 
The value is the same before and after calling `init_weights` of EncoderDecoder  

backbone.backbone.blocks.0.attn.proj.bias - torch.Size([1024]): 
The value is the same before and after calling `init_weights` of EncoderDecoder  

backbone.backbone.blocks.0.ls1.gamma - torch.Size([1024]): 
The value is the same before and after calling `init_weights` of EncoderDecoder  

backbone.backbone.blocks.0.norm2.weight - torch.Size([1024]): 
The value is the same before and after calling `init_weights` of EncoderDecoder  

backbone.backbone.blocks.0.norm2.bias - torch.Size([1024]): 
The value is the same before and after calling `init_weights` of EncoderDecoder  

backbone.backbone.blocks.0.mlp.fc1.weight - torch.Size([4096, 1024]): 
The value is the same before and after calling `init_weights` of EncoderDecoder  

backbone.backbone.blocks.0.mlp.fc1.bias - torch.Size([4096]): 
The value is the same before and after calling `init_weights` of EncoderDecoder  

backbone.backbone.blocks.0.mlp.fc2.weight - torch.Size([1024, 4096]): 
The value is the same before and after calling `init_weights` of EncoderDecoder  

backbone.backbone.blocks.0.mlp.fc2.bias - torch.Size([1024]): 
The value is the same before and after calling `init_weights` of EncoderDecoder  

backbone.backbone.blocks.0.ls2.gamma - torch.Size([1024]): 
The value is the same before and after calling `init_weights` of EncoderDecoder  

backbone.backbone.blocks.1.norm1.weight - torch.Size([1024]): 
The value is the same before and after calling `init_weights` of EncoderDecoder  

backbone.backbone.blocks.1.norm1.bias - torch.Size([1024]): 
The value is the same before and after calling `init_weights` of EncoderDecoder  

backbone.backbone.blocks.1.attn.qkv.weight - torch.Size([3072, 1024]): 
The value is the same before and after calling `init_weights` of EncoderDecoder  

backbone.backbone.blocks.1.attn.qkv.bias - torch.Size([3072]): 
The value is the same before and after calling `init_weights` of EncoderDecoder  

backbone.backbone.blocks.1.attn.proj.weight - torch.Size([1024, 1024]): 
The value is the same before and after calling `init_weights` of EncoderDecoder  

backbone.backbone.blocks.1.attn.proj.bias - torch.Size([1024]): 
The value is the same before and after calling `init_weights` of EncoderDecoder  

backbone.backbone.blocks.1.ls1.gamma - torch.Size([1024]): 
The value is the same before and after calling `init_weights` of EncoderDecoder  

backbone.backbone.blocks.1.norm2.weight - torch.Size([1024]): 
The value is the same before and after calling `init_weights` of EncoderDecoder  

backbone.backbone.blocks.1.norm2.bias - torch.Size([1024]): 
The value is the same before and after calling `init_weights` of EncoderDecoder  

backbone.backbone.blocks.1.mlp.fc1.weight - torch.Size([4096, 1024]): 
The value is the same before and after calling `init_weights` of EncoderDecoder  

backbone.backbone.blocks.1.mlp.fc1.bias - torch.Size([4096]): 
The value is the same before and after calling `init_weights` of EncoderDecoder  

backbone.backbone.blocks.1.mlp.fc2.weight - torch.Size([1024, 4096]): 
The value is the same before and after calling `init_weights` of EncoderDecoder  

backbone.backbone.blocks.1.mlp.fc2.bias - torch.Size([1024]): 
The value is the same before and after calling `init_weights` of EncoderDecoder  

backbone.backbone.blocks.1.ls2.gamma - torch.Size([1024]): 
The value is the same before and after calling `init_weights` of EncoderDecoder  

backbone.backbone.blocks.2.norm1.weight - torch.Size([1024]): 
The value is the same before and after calling `init_weights` of EncoderDecoder  

backbone.backbone.blocks.2.norm1.bias - torch.Size([1024]): 
The value is the same before and after calling `init_weights` of EncoderDecoder  

backbone.backbone.blocks.2.attn.qkv.weight - torch.Size([3072, 1024]): 
The value is the same before and after calling `init_weights` of EncoderDecoder  

backbone.backbone.blocks.2.attn.qkv.bias - torch.Size([3072]): 
The value is the same before and after calling `init_weights` of EncoderDecoder  

backbone.backbone.blocks.2.attn.proj.weight - torch.Size([1024, 1024]): 
The value is the same before and after calling `init_weights` of EncoderDecoder  

backbone.backbone.blocks.2.attn.proj.bias - torch.Size([1024]): 
The value is the same before and after calling `init_weights` of EncoderDecoder  

backbone.backbone.blocks.2.ls1.gamma - torch.Size([1024]): 
The value is the same before and after calling `init_weights` of EncoderDecoder  

backbone.backbone.blocks.2.norm2.weight - torch.Size([1024]): 
The value is the same before and after calling `init_weights` of EncoderDecoder  

backbone.backbone.blocks.2.norm2.bias - torch.Size([1024]): 
The value is the same before and after calling `init_weights` of EncoderDecoder  

backbone.backbone.blocks.2.mlp.fc1.weight - torch.Size([4096, 1024]): 
The value is the same before and after calling `init_weights` of EncoderDecoder  

backbone.backbone.blocks.2.mlp.fc1.bias - torch.Size([4096]): 
The value is the same before and after calling `init_weights` of EncoderDecoder  

backbone.backbone.blocks.2.mlp.fc2.weight - torch.Size([1024, 4096]): 
The value is the same before and after calling `init_weights` of EncoderDecoder  

backbone.backbone.blocks.2.mlp.fc2.bias - torch.Size([1024]): 
The value is the same before and after calling `init_weights` of EncoderDecoder  

backbone.backbone.blocks.2.ls2.gamma - torch.Size([1024]): 
The value is the same before and after calling `init_weights` of EncoderDecoder  

backbone.backbone.blocks.3.norm1.weight - torch.Size([1024]): 
The value is the same before and after calling `init_weights` of EncoderDecoder  

backbone.backbone.blocks.3.norm1.bias - torch.Size([1024]): 
The value is the same before and after calling `init_weights` of EncoderDecoder  

backbone.backbone.blocks.3.attn.qkv.weight - torch.Size([3072, 1024]): 
The value is the same before and after calling `init_weights` of EncoderDecoder  

backbone.backbone.blocks.3.attn.qkv.bias - torch.Size([3072]): 
The value is the same before and after calling `init_weights` of EncoderDecoder  

backbone.backbone.blocks.3.attn.proj.weight - torch.Size([1024, 1024]): 
The value is the same before and after calling `init_weights` of EncoderDecoder  

backbone.backbone.blocks.3.attn.proj.bias - torch.Size([1024]): 
The value is the same before and after calling `init_weights` of EncoderDecoder  

backbone.backbone.blocks.3.ls1.gamma - torch.Size([1024]): 
The value is the same before and after calling `init_weights` of EncoderDecoder  

backbone.backbone.blocks.3.norm2.weight - torch.Size([1024]): 
The value is the same before and after calling `init_weights` of EncoderDecoder  

backbone.backbone.blocks.3.norm2.bias - torch.Size([1024]): 
The value is the same before and after calling `init_weights` of EncoderDecoder  

backbone.backbone.blocks.3.mlp.fc1.weight - torch.Size([4096, 1024]): 
The value is the same before and after calling `init_weights` of EncoderDecoder  

backbone.backbone.blocks.3.mlp.fc1.bias - torch.Size([4096]): 
The value is the same before and after calling `init_weights` of EncoderDecoder  

backbone.backbone.blocks.3.mlp.fc2.weight - torch.Size([1024, 4096]): 
The value is the same before and after calling `init_weights` of EncoderDecoder  

backbone.backbone.blocks.3.mlp.fc2.bias - torch.Size([1024]): 
The value is the same before and after calling `init_weights` of EncoderDecoder  

backbone.backbone.blocks.3.ls2.gamma - torch.Size([1024]): 
The value is the same before and after calling `init_weights` of EncoderDecoder  

backbone.backbone.blocks.4.norm1.weight - torch.Size([1024]): 
The value is the same before and after calling `init_weights` of EncoderDecoder  

backbone.backbone.blocks.4.norm1.bias - torch.Size([1024]): 
The value is the same before and after calling `init_weights` of EncoderDecoder  

backbone.backbone.blocks.4.attn.qkv.weight - torch.Size([3072, 1024]): 
The value is the same before and after calling `init_weights` of EncoderDecoder  

backbone.backbone.blocks.4.attn.qkv.bias - torch.Size([3072]): 
The value is the same before and after calling `init_weights` of EncoderDecoder  

backbone.backbone.blocks.4.attn.proj.weight - torch.Size([1024, 1024]): 
The value is the same before and after calling `init_weights` of EncoderDecoder  

backbone.backbone.blocks.4.attn.proj.bias - torch.Size([1024]): 
The value is the same before and after calling `init_weights` of EncoderDecoder  

backbone.backbone.blocks.4.ls1.gamma - torch.Size([1024]): 
The value is the same before and after calling `init_weights` of EncoderDecoder  

backbone.backbone.blocks.4.norm2.weight - torch.Size([1024]): 
The value is the same before and after calling `init_weights` of EncoderDecoder  

backbone.backbone.blocks.4.norm2.bias - torch.Size([1024]): 
The value is the same before and after calling `init_weights` of EncoderDecoder  

backbone.backbone.blocks.4.mlp.fc1.weight - torch.Size([4096, 1024]): 
The value is the same before and after calling `init_weights` of EncoderDecoder  

backbone.backbone.blocks.4.mlp.fc1.bias - torch.Size([4096]): 
The value is the same before and after calling `init_weights` of EncoderDecoder  

backbone.backbone.blocks.4.mlp.fc2.weight - torch.Size([1024, 4096]): 
The value is the same before and after calling `init_weights` of EncoderDecoder  

backbone.backbone.blocks.4.mlp.fc2.bias - torch.Size([1024]): 
The value is the same before and after calling `init_weights` of EncoderDecoder  

backbone.backbone.blocks.4.ls2.gamma - torch.Size([1024]): 
The value is the same before and after calling `init_weights` of EncoderDecoder  

backbone.backbone.blocks.5.norm1.weight - torch.Size([1024]): 
The value is the same before and after calling `init_weights` of EncoderDecoder  

backbone.backbone.blocks.5.norm1.bias - torch.Size([1024]): 
The value is the same before and after calling `init_weights` of EncoderDecoder  

backbone.backbone.blocks.5.attn.qkv.weight - torch.Size([3072, 1024]): 
The value is the same before and after calling `init_weights` of EncoderDecoder  

backbone.backbone.blocks.5.attn.qkv.bias - torch.Size([3072]): 
The value is the same before and after calling `init_weights` of EncoderDecoder  

backbone.backbone.blocks.5.attn.proj.weight - torch.Size([1024, 1024]): 
The value is the same before and after calling `init_weights` of EncoderDecoder  

backbone.backbone.blocks.5.attn.proj.bias - torch.Size([1024]): 
The value is the same before and after calling `init_weights` of EncoderDecoder  

backbone.backbone.blocks.5.ls1.gamma - torch.Size([1024]): 
The value is the same before and after calling `init_weights` of EncoderDecoder  

backbone.backbone.blocks.5.norm2.weight - torch.Size([1024]): 
The value is the same before and after calling `init_weights` of EncoderDecoder  

backbone.backbone.blocks.5.norm2.bias - torch.Size([1024]): 
The value is the same before and after calling `init_weights` of EncoderDecoder  

backbone.backbone.blocks.5.mlp.fc1.weight - torch.Size([4096, 1024]): 
The value is the same before and after calling `init_weights` of EncoderDecoder  

backbone.backbone.blocks.5.mlp.fc1.bias - torch.Size([4096]): 
The value is the same before and after calling `init_weights` of EncoderDecoder  

backbone.backbone.blocks.5.mlp.fc2.weight - torch.Size([1024, 4096]): 
The value is the same before and after calling `init_weights` of EncoderDecoder  

backbone.backbone.blocks.5.mlp.fc2.bias - torch.Size([1024]): 
The value is the same before and after calling `init_weights` of EncoderDecoder  

backbone.backbone.blocks.5.ls2.gamma - torch.Size([1024]): 
The value is the same before and after calling `init_weights` of EncoderDecoder  

backbone.backbone.blocks.6.norm1.weight - torch.Size([1024]): 
The value is the same before and after calling `init_weights` of EncoderDecoder  

backbone.backbone.blocks.6.norm1.bias - torch.Size([1024]): 
The value is the same before and after calling `init_weights` of EncoderDecoder  

backbone.backbone.blocks.6.attn.qkv.weight - torch.Size([3072, 1024]): 
The value is the same before and after calling `init_weights` of EncoderDecoder  

backbone.backbone.blocks.6.attn.qkv.bias - torch.Size([3072]): 
The value is the same before and after calling `init_weights` of EncoderDecoder  

backbone.backbone.blocks.6.attn.proj.weight - torch.Size([1024, 1024]): 
The value is the same before and after calling `init_weights` of EncoderDecoder  

backbone.backbone.blocks.6.attn.proj.bias - torch.Size([1024]): 
The value is the same before and after calling `init_weights` of EncoderDecoder  

backbone.backbone.blocks.6.ls1.gamma - torch.Size([1024]): 
The value is the same before and after calling `init_weights` of EncoderDecoder  

backbone.backbone.blocks.6.norm2.weight - torch.Size([1024]): 
The value is the same before and after calling `init_weights` of EncoderDecoder  

backbone.backbone.blocks.6.norm2.bias - torch.Size([1024]): 
The value is the same before and after calling `init_weights` of EncoderDecoder  

backbone.backbone.blocks.6.mlp.fc1.weight - torch.Size([4096, 1024]): 
The value is the same before and after calling `init_weights` of EncoderDecoder  

backbone.backbone.blocks.6.mlp.fc1.bias - torch.Size([4096]): 
The value is the same before and after calling `init_weights` of EncoderDecoder  

backbone.backbone.blocks.6.mlp.fc2.weight - torch.Size([1024, 4096]): 
The value is the same before and after calling `init_weights` of EncoderDecoder  

backbone.backbone.blocks.6.mlp.fc2.bias - torch.Size([1024]): 
The value is the same before and after calling `init_weights` of EncoderDecoder  

backbone.backbone.blocks.6.ls2.gamma - torch.Size([1024]): 
The value is the same before and after calling `init_weights` of EncoderDecoder  

backbone.backbone.blocks.7.norm1.weight - torch.Size([1024]): 
The value is the same before and after calling `init_weights` of EncoderDecoder  

backbone.backbone.blocks.7.norm1.bias - torch.Size([1024]): 
The value is the same before and after calling `init_weights` of EncoderDecoder  

backbone.backbone.blocks.7.attn.qkv.weight - torch.Size([3072, 1024]): 
The value is the same before and after calling `init_weights` of EncoderDecoder  

backbone.backbone.blocks.7.attn.qkv.bias - torch.Size([3072]): 
The value is the same before and after calling `init_weights` of EncoderDecoder  

backbone.backbone.blocks.7.attn.proj.weight - torch.Size([1024, 1024]): 
The value is the same before and after calling `init_weights` of EncoderDecoder  

backbone.backbone.blocks.7.attn.proj.bias - torch.Size([1024]): 
The value is the same before and after calling `init_weights` of EncoderDecoder  

backbone.backbone.blocks.7.ls1.gamma - torch.Size([1024]): 
The value is the same before and after calling `init_weights` of EncoderDecoder  

backbone.backbone.blocks.7.norm2.weight - torch.Size([1024]): 
The value is the same before and after calling `init_weights` of EncoderDecoder  

backbone.backbone.blocks.7.norm2.bias - torch.Size([1024]): 
The value is the same before and after calling `init_weights` of EncoderDecoder  

backbone.backbone.blocks.7.mlp.fc1.weight - torch.Size([4096, 1024]): 
The value is the same before and after calling `init_weights` of EncoderDecoder  

backbone.backbone.blocks.7.mlp.fc1.bias - torch.Size([4096]): 
The value is the same before and after calling `init_weights` of EncoderDecoder  

backbone.backbone.blocks.7.mlp.fc2.weight - torch.Size([1024, 4096]): 
The value is the same before and after calling `init_weights` of EncoderDecoder  

backbone.backbone.blocks.7.mlp.fc2.bias - torch.Size([1024]): 
The value is the same before and after calling `init_weights` of EncoderDecoder  

backbone.backbone.blocks.7.ls2.gamma - torch.Size([1024]): 
The value is the same before and after calling `init_weights` of EncoderDecoder  

backbone.backbone.blocks.8.norm1.weight - torch.Size([1024]): 
The value is the same before and after calling `init_weights` of EncoderDecoder  

backbone.backbone.blocks.8.norm1.bias - torch.Size([1024]): 
The value is the same before and after calling `init_weights` of EncoderDecoder  

backbone.backbone.blocks.8.attn.qkv.weight - torch.Size([3072, 1024]): 
The value is the same before and after calling `init_weights` of EncoderDecoder  

backbone.backbone.blocks.8.attn.qkv.bias - torch.Size([3072]): 
The value is the same before and after calling `init_weights` of EncoderDecoder  

backbone.backbone.blocks.8.attn.proj.weight - torch.Size([1024, 1024]): 
The value is the same before and after calling `init_weights` of EncoderDecoder  

backbone.backbone.blocks.8.attn.proj.bias - torch.Size([1024]): 
The value is the same before and after calling `init_weights` of EncoderDecoder  

backbone.backbone.blocks.8.ls1.gamma - torch.Size([1024]): 
The value is the same before and after calling `init_weights` of EncoderDecoder  

backbone.backbone.blocks.8.norm2.weight - torch.Size([1024]): 
The value is the same before and after calling `init_weights` of EncoderDecoder  

backbone.backbone.blocks.8.norm2.bias - torch.Size([1024]): 
The value is the same before and after calling `init_weights` of EncoderDecoder  

backbone.backbone.blocks.8.mlp.fc1.weight - torch.Size([4096, 1024]): 
The value is the same before and after calling `init_weights` of EncoderDecoder  

backbone.backbone.blocks.8.mlp.fc1.bias - torch.Size([4096]): 
The value is the same before and after calling `init_weights` of EncoderDecoder  

backbone.backbone.blocks.8.mlp.fc2.weight - torch.Size([1024, 4096]): 
The value is the same before and after calling `init_weights` of EncoderDecoder  

backbone.backbone.blocks.8.mlp.fc2.bias - torch.Size([1024]): 
The value is the same before and after calling `init_weights` of EncoderDecoder  

backbone.backbone.blocks.8.ls2.gamma - torch.Size([1024]): 
The value is the same before and after calling `init_weights` of EncoderDecoder  

backbone.backbone.blocks.9.norm1.weight - torch.Size([1024]): 
The value is the same before and after calling `init_weights` of EncoderDecoder  

backbone.backbone.blocks.9.norm1.bias - torch.Size([1024]): 
The value is the same before and after calling `init_weights` of EncoderDecoder  

backbone.backbone.blocks.9.attn.qkv.weight - torch.Size([3072, 1024]): 
The value is the same before and after calling `init_weights` of EncoderDecoder  

backbone.backbone.blocks.9.attn.qkv.bias - torch.Size([3072]): 
The value is the same before and after calling `init_weights` of EncoderDecoder  

backbone.backbone.blocks.9.attn.proj.weight - torch.Size([1024, 1024]): 
The value is the same before and after calling `init_weights` of EncoderDecoder  

backbone.backbone.blocks.9.attn.proj.bias - torch.Size([1024]): 
The value is the same before and after calling `init_weights` of EncoderDecoder  

backbone.backbone.blocks.9.ls1.gamma - torch.Size([1024]): 
The value is the same before and after calling `init_weights` of EncoderDecoder  

backbone.backbone.blocks.9.norm2.weight - torch.Size([1024]): 
The value is the same before and after calling `init_weights` of EncoderDecoder  

backbone.backbone.blocks.9.norm2.bias - torch.Size([1024]): 
The value is the same before and after calling `init_weights` of EncoderDecoder  

backbone.backbone.blocks.9.mlp.fc1.weight - torch.Size([4096, 1024]): 
The value is the same before and after calling `init_weights` of EncoderDecoder  

backbone.backbone.blocks.9.mlp.fc1.bias - torch.Size([4096]): 
The value is the same before and after calling `init_weights` of EncoderDecoder  

backbone.backbone.blocks.9.mlp.fc2.weight - torch.Size([1024, 4096]): 
The value is the same before and after calling `init_weights` of EncoderDecoder  

backbone.backbone.blocks.9.mlp.fc2.bias - torch.Size([1024]): 
The value is the same before and after calling `init_weights` of EncoderDecoder  

backbone.backbone.blocks.9.ls2.gamma - torch.Size([1024]): 
The value is the same before and after calling `init_weights` of EncoderDecoder  

backbone.backbone.blocks.10.norm1.weight - torch.Size([1024]): 
The value is the same before and after calling `init_weights` of EncoderDecoder  

backbone.backbone.blocks.10.norm1.bias - torch.Size([1024]): 
The value is the same before and after calling `init_weights` of EncoderDecoder  

backbone.backbone.blocks.10.attn.qkv.weight - torch.Size([3072, 1024]): 
The value is the same before and after calling `init_weights` of EncoderDecoder  

backbone.backbone.blocks.10.attn.qkv.bias - torch.Size([3072]): 
The value is the same before and after calling `init_weights` of EncoderDecoder  

backbone.backbone.blocks.10.attn.proj.weight - torch.Size([1024, 1024]): 
The value is the same before and after calling `init_weights` of EncoderDecoder  

backbone.backbone.blocks.10.attn.proj.bias - torch.Size([1024]): 
The value is the same before and after calling `init_weights` of EncoderDecoder  

backbone.backbone.blocks.10.ls1.gamma - torch.Size([1024]): 
The value is the same before and after calling `init_weights` of EncoderDecoder  

backbone.backbone.blocks.10.norm2.weight - torch.Size([1024]): 
The value is the same before and after calling `init_weights` of EncoderDecoder  

backbone.backbone.blocks.10.norm2.bias - torch.Size([1024]): 
The value is the same before and after calling `init_weights` of EncoderDecoder  

backbone.backbone.blocks.10.mlp.fc1.weight - torch.Size([4096, 1024]): 
The value is the same before and after calling `init_weights` of EncoderDecoder  

backbone.backbone.blocks.10.mlp.fc1.bias - torch.Size([4096]): 
The value is the same before and after calling `init_weights` of EncoderDecoder  

backbone.backbone.blocks.10.mlp.fc2.weight - torch.Size([1024, 4096]): 
The value is the same before and after calling `init_weights` of EncoderDecoder  

backbone.backbone.blocks.10.mlp.fc2.bias - torch.Size([1024]): 
The value is the same before and after calling `init_weights` of EncoderDecoder  

backbone.backbone.blocks.10.ls2.gamma - torch.Size([1024]): 
The value is the same before and after calling `init_weights` of EncoderDecoder  

backbone.backbone.blocks.11.norm1.weight - torch.Size([1024]): 
The value is the same before and after calling `init_weights` of EncoderDecoder  

backbone.backbone.blocks.11.norm1.bias - torch.Size([1024]): 
The value is the same before and after calling `init_weights` of EncoderDecoder  

backbone.backbone.blocks.11.attn.qkv.weight - torch.Size([3072, 1024]): 
The value is the same before and after calling `init_weights` of EncoderDecoder  

backbone.backbone.blocks.11.attn.qkv.bias - torch.Size([3072]): 
The value is the same before and after calling `init_weights` of EncoderDecoder  

backbone.backbone.blocks.11.attn.proj.weight - torch.Size([1024, 1024]): 
The value is the same before and after calling `init_weights` of EncoderDecoder  

backbone.backbone.blocks.11.attn.proj.bias - torch.Size([1024]): 
The value is the same before and after calling `init_weights` of EncoderDecoder  

backbone.backbone.blocks.11.ls1.gamma - torch.Size([1024]): 
The value is the same before and after calling `init_weights` of EncoderDecoder  

backbone.backbone.blocks.11.norm2.weight - torch.Size([1024]): 
The value is the same before and after calling `init_weights` of EncoderDecoder  

backbone.backbone.blocks.11.norm2.bias - torch.Size([1024]): 
The value is the same before and after calling `init_weights` of EncoderDecoder  

backbone.backbone.blocks.11.mlp.fc1.weight - torch.Size([4096, 1024]): 
The value is the same before and after calling `init_weights` of EncoderDecoder  

backbone.backbone.blocks.11.mlp.fc1.bias - torch.Size([4096]): 
The value is the same before and after calling `init_weights` of EncoderDecoder  

backbone.backbone.blocks.11.mlp.fc2.weight - torch.Size([1024, 4096]): 
The value is the same before and after calling `init_weights` of EncoderDecoder  

backbone.backbone.blocks.11.mlp.fc2.bias - torch.Size([1024]): 
The value is the same before and after calling `init_weights` of EncoderDecoder  

backbone.backbone.blocks.11.ls2.gamma - torch.Size([1024]): 
The value is the same before and after calling `init_weights` of EncoderDecoder  

backbone.backbone.blocks.12.norm1.weight - torch.Size([1024]): 
The value is the same before and after calling `init_weights` of EncoderDecoder  

backbone.backbone.blocks.12.norm1.bias - torch.Size([1024]): 
The value is the same before and after calling `init_weights` of EncoderDecoder  

backbone.backbone.blocks.12.attn.qkv.weight - torch.Size([3072, 1024]): 
The value is the same before and after calling `init_weights` of EncoderDecoder  

backbone.backbone.blocks.12.attn.qkv.bias - torch.Size([3072]): 
The value is the same before and after calling `init_weights` of EncoderDecoder  

backbone.backbone.blocks.12.attn.proj.weight - torch.Size([1024, 1024]): 
The value is the same before and after calling `init_weights` of EncoderDecoder  

backbone.backbone.blocks.12.attn.proj.bias - torch.Size([1024]): 
The value is the same before and after calling `init_weights` of EncoderDecoder  

backbone.backbone.blocks.12.ls1.gamma - torch.Size([1024]): 
The value is the same before and after calling `init_weights` of EncoderDecoder  

backbone.backbone.blocks.12.norm2.weight - torch.Size([1024]): 
The value is the same before and after calling `init_weights` of EncoderDecoder  

backbone.backbone.blocks.12.norm2.bias - torch.Size([1024]): 
The value is the same before and after calling `init_weights` of EncoderDecoder  

backbone.backbone.blocks.12.mlp.fc1.weight - torch.Size([4096, 1024]): 
The value is the same before and after calling `init_weights` of EncoderDecoder  

backbone.backbone.blocks.12.mlp.fc1.bias - torch.Size([4096]): 
The value is the same before and after calling `init_weights` of EncoderDecoder  

backbone.backbone.blocks.12.mlp.fc2.weight - torch.Size([1024, 4096]): 
The value is the same before and after calling `init_weights` of EncoderDecoder  

backbone.backbone.blocks.12.mlp.fc2.bias - torch.Size([1024]): 
The value is the same before and after calling `init_weights` of EncoderDecoder  

backbone.backbone.blocks.12.ls2.gamma - torch.Size([1024]): 
The value is the same before and after calling `init_weights` of EncoderDecoder  

backbone.backbone.blocks.13.norm1.weight - torch.Size([1024]): 
The value is the same before and after calling `init_weights` of EncoderDecoder  

backbone.backbone.blocks.13.norm1.bias - torch.Size([1024]): 
The value is the same before and after calling `init_weights` of EncoderDecoder  

backbone.backbone.blocks.13.attn.qkv.weight - torch.Size([3072, 1024]): 
The value is the same before and after calling `init_weights` of EncoderDecoder  

backbone.backbone.blocks.13.attn.qkv.bias - torch.Size([3072]): 
The value is the same before and after calling `init_weights` of EncoderDecoder  

backbone.backbone.blocks.13.attn.proj.weight - torch.Size([1024, 1024]): 
The value is the same before and after calling `init_weights` of EncoderDecoder  

backbone.backbone.blocks.13.attn.proj.bias - torch.Size([1024]): 
The value is the same before and after calling `init_weights` of EncoderDecoder  

backbone.backbone.blocks.13.ls1.gamma - torch.Size([1024]): 
The value is the same before and after calling `init_weights` of EncoderDecoder  

backbone.backbone.blocks.13.norm2.weight - torch.Size([1024]): 
The value is the same before and after calling `init_weights` of EncoderDecoder  

backbone.backbone.blocks.13.norm2.bias - torch.Size([1024]): 
The value is the same before and after calling `init_weights` of EncoderDecoder  

backbone.backbone.blocks.13.mlp.fc1.weight - torch.Size([4096, 1024]): 
The value is the same before and after calling `init_weights` of EncoderDecoder  

backbone.backbone.blocks.13.mlp.fc1.bias - torch.Size([4096]): 
The value is the same before and after calling `init_weights` of EncoderDecoder  

backbone.backbone.blocks.13.mlp.fc2.weight - torch.Size([1024, 4096]): 
The value is the same before and after calling `init_weights` of EncoderDecoder  

backbone.backbone.blocks.13.mlp.fc2.bias - torch.Size([1024]): 
The value is the same before and after calling `init_weights` of EncoderDecoder  

backbone.backbone.blocks.13.ls2.gamma - torch.Size([1024]): 
The value is the same before and after calling `init_weights` of EncoderDecoder  

backbone.backbone.blocks.14.norm1.weight - torch.Size([1024]): 
The value is the same before and after calling `init_weights` of EncoderDecoder  

backbone.backbone.blocks.14.norm1.bias - torch.Size([1024]): 
The value is the same before and after calling `init_weights` of EncoderDecoder  

backbone.backbone.blocks.14.attn.qkv.weight - torch.Size([3072, 1024]): 
The value is the same before and after calling `init_weights` of EncoderDecoder  

backbone.backbone.blocks.14.attn.qkv.bias - torch.Size([3072]): 
The value is the same before and after calling `init_weights` of EncoderDecoder  

backbone.backbone.blocks.14.attn.proj.weight - torch.Size([1024, 1024]): 
The value is the same before and after calling `init_weights` of EncoderDecoder  

backbone.backbone.blocks.14.attn.proj.bias - torch.Size([1024]): 
The value is the same before and after calling `init_weights` of EncoderDecoder  

backbone.backbone.blocks.14.ls1.gamma - torch.Size([1024]): 
The value is the same before and after calling `init_weights` of EncoderDecoder  

backbone.backbone.blocks.14.norm2.weight - torch.Size([1024]): 
The value is the same before and after calling `init_weights` of EncoderDecoder  

backbone.backbone.blocks.14.norm2.bias - torch.Size([1024]): 
The value is the same before and after calling `init_weights` of EncoderDecoder  

backbone.backbone.blocks.14.mlp.fc1.weight - torch.Size([4096, 1024]): 
The value is the same before and after calling `init_weights` of EncoderDecoder  

backbone.backbone.blocks.14.mlp.fc1.bias - torch.Size([4096]): 
The value is the same before and after calling `init_weights` of EncoderDecoder  

backbone.backbone.blocks.14.mlp.fc2.weight - torch.Size([1024, 4096]): 
The value is the same before and after calling `init_weights` of EncoderDecoder  

backbone.backbone.blocks.14.mlp.fc2.bias - torch.Size([1024]): 
The value is the same before and after calling `init_weights` of EncoderDecoder  

backbone.backbone.blocks.14.ls2.gamma - torch.Size([1024]): 
The value is the same before and after calling `init_weights` of EncoderDecoder  

backbone.backbone.blocks.15.norm1.weight - torch.Size([1024]): 
The value is the same before and after calling `init_weights` of EncoderDecoder  

backbone.backbone.blocks.15.norm1.bias - torch.Size([1024]): 
The value is the same before and after calling `init_weights` of EncoderDecoder  

backbone.backbone.blocks.15.attn.qkv.weight - torch.Size([3072, 1024]): 
The value is the same before and after calling `init_weights` of EncoderDecoder  

backbone.backbone.blocks.15.attn.qkv.bias - torch.Size([3072]): 
The value is the same before and after calling `init_weights` of EncoderDecoder  

backbone.backbone.blocks.15.attn.proj.weight - torch.Size([1024, 1024]): 
The value is the same before and after calling `init_weights` of EncoderDecoder  

backbone.backbone.blocks.15.attn.proj.bias - torch.Size([1024]): 
The value is the same before and after calling `init_weights` of EncoderDecoder  

backbone.backbone.blocks.15.ls1.gamma - torch.Size([1024]): 
The value is the same before and after calling `init_weights` of EncoderDecoder  

backbone.backbone.blocks.15.norm2.weight - torch.Size([1024]): 
The value is the same before and after calling `init_weights` of EncoderDecoder  

backbone.backbone.blocks.15.norm2.bias - torch.Size([1024]): 
The value is the same before and after calling `init_weights` of EncoderDecoder  

backbone.backbone.blocks.15.mlp.fc1.weight - torch.Size([4096, 1024]): 
The value is the same before and after calling `init_weights` of EncoderDecoder  

backbone.backbone.blocks.15.mlp.fc1.bias - torch.Size([4096]): 
The value is the same before and after calling `init_weights` of EncoderDecoder  

backbone.backbone.blocks.15.mlp.fc2.weight - torch.Size([1024, 4096]): 
The value is the same before and after calling `init_weights` of EncoderDecoder  

backbone.backbone.blocks.15.mlp.fc2.bias - torch.Size([1024]): 
The value is the same before and after calling `init_weights` of EncoderDecoder  

backbone.backbone.blocks.15.ls2.gamma - torch.Size([1024]): 
The value is the same before and after calling `init_weights` of EncoderDecoder  

backbone.backbone.blocks.16.norm1.weight - torch.Size([1024]): 
The value is the same before and after calling `init_weights` of EncoderDecoder  

backbone.backbone.blocks.16.norm1.bias - torch.Size([1024]): 
The value is the same before and after calling `init_weights` of EncoderDecoder  

backbone.backbone.blocks.16.attn.qkv.weight - torch.Size([3072, 1024]): 
The value is the same before and after calling `init_weights` of EncoderDecoder  

backbone.backbone.blocks.16.attn.qkv.bias - torch.Size([3072]): 
The value is the same before and after calling `init_weights` of EncoderDecoder  

backbone.backbone.blocks.16.attn.proj.weight - torch.Size([1024, 1024]): 
The value is the same before and after calling `init_weights` of EncoderDecoder  

backbone.backbone.blocks.16.attn.proj.bias - torch.Size([1024]): 
The value is the same before and after calling `init_weights` of EncoderDecoder  

backbone.backbone.blocks.16.ls1.gamma - torch.Size([1024]): 
The value is the same before and after calling `init_weights` of EncoderDecoder  

backbone.backbone.blocks.16.norm2.weight - torch.Size([1024]): 
The value is the same before and after calling `init_weights` of EncoderDecoder  

backbone.backbone.blocks.16.norm2.bias - torch.Size([1024]): 
The value is the same before and after calling `init_weights` of EncoderDecoder  

backbone.backbone.blocks.16.mlp.fc1.weight - torch.Size([4096, 1024]): 
The value is the same before and after calling `init_weights` of EncoderDecoder  

backbone.backbone.blocks.16.mlp.fc1.bias - torch.Size([4096]): 
The value is the same before and after calling `init_weights` of EncoderDecoder  

backbone.backbone.blocks.16.mlp.fc2.weight - torch.Size([1024, 4096]): 
The value is the same before and after calling `init_weights` of EncoderDecoder  

backbone.backbone.blocks.16.mlp.fc2.bias - torch.Size([1024]): 
The value is the same before and after calling `init_weights` of EncoderDecoder  

backbone.backbone.blocks.16.ls2.gamma - torch.Size([1024]): 
The value is the same before and after calling `init_weights` of EncoderDecoder  

backbone.backbone.blocks.17.norm1.weight - torch.Size([1024]): 
The value is the same before and after calling `init_weights` of EncoderDecoder  

backbone.backbone.blocks.17.norm1.bias - torch.Size([1024]): 
The value is the same before and after calling `init_weights` of EncoderDecoder  

backbone.backbone.blocks.17.attn.qkv.weight - torch.Size([3072, 1024]): 
The value is the same before and after calling `init_weights` of EncoderDecoder  

backbone.backbone.blocks.17.attn.qkv.bias - torch.Size([3072]): 
The value is the same before and after calling `init_weights` of EncoderDecoder  

backbone.backbone.blocks.17.attn.proj.weight - torch.Size([1024, 1024]): 
The value is the same before and after calling `init_weights` of EncoderDecoder  

backbone.backbone.blocks.17.attn.proj.bias - torch.Size([1024]): 
The value is the same before and after calling `init_weights` of EncoderDecoder  

backbone.backbone.blocks.17.ls1.gamma - torch.Size([1024]): 
The value is the same before and after calling `init_weights` of EncoderDecoder  

backbone.backbone.blocks.17.norm2.weight - torch.Size([1024]): 
The value is the same before and after calling `init_weights` of EncoderDecoder  

backbone.backbone.blocks.17.norm2.bias - torch.Size([1024]): 
The value is the same before and after calling `init_weights` of EncoderDecoder  

backbone.backbone.blocks.17.mlp.fc1.weight - torch.Size([4096, 1024]): 
The value is the same before and after calling `init_weights` of EncoderDecoder  

backbone.backbone.blocks.17.mlp.fc1.bias - torch.Size([4096]): 
The value is the same before and after calling `init_weights` of EncoderDecoder  

backbone.backbone.blocks.17.mlp.fc2.weight - torch.Size([1024, 4096]): 
The value is the same before and after calling `init_weights` of EncoderDecoder  

backbone.backbone.blocks.17.mlp.fc2.bias - torch.Size([1024]): 
The value is the same before and after calling `init_weights` of EncoderDecoder  

backbone.backbone.blocks.17.ls2.gamma - torch.Size([1024]): 
The value is the same before and after calling `init_weights` of EncoderDecoder  

backbone.backbone.blocks.18.norm1.weight - torch.Size([1024]): 
The value is the same before and after calling `init_weights` of EncoderDecoder  

backbone.backbone.blocks.18.norm1.bias - torch.Size([1024]): 
The value is the same before and after calling `init_weights` of EncoderDecoder  

backbone.backbone.blocks.18.attn.qkv.weight - torch.Size([3072, 1024]): 
The value is the same before and after calling `init_weights` of EncoderDecoder  

backbone.backbone.blocks.18.attn.qkv.bias - torch.Size([3072]): 
The value is the same before and after calling `init_weights` of EncoderDecoder  

backbone.backbone.blocks.18.attn.proj.weight - torch.Size([1024, 1024]): 
The value is the same before and after calling `init_weights` of EncoderDecoder  

backbone.backbone.blocks.18.attn.proj.bias - torch.Size([1024]): 
The value is the same before and after calling `init_weights` of EncoderDecoder  

backbone.backbone.blocks.18.ls1.gamma - torch.Size([1024]): 
The value is the same before and after calling `init_weights` of EncoderDecoder  

backbone.backbone.blocks.18.norm2.weight - torch.Size([1024]): 
The value is the same before and after calling `init_weights` of EncoderDecoder  

backbone.backbone.blocks.18.norm2.bias - torch.Size([1024]): 
The value is the same before and after calling `init_weights` of EncoderDecoder  

backbone.backbone.blocks.18.mlp.fc1.weight - torch.Size([4096, 1024]): 
The value is the same before and after calling `init_weights` of EncoderDecoder  

backbone.backbone.blocks.18.mlp.fc1.bias - torch.Size([4096]): 
The value is the same before and after calling `init_weights` of EncoderDecoder  

backbone.backbone.blocks.18.mlp.fc2.weight - torch.Size([1024, 4096]): 
The value is the same before and after calling `init_weights` of EncoderDecoder  

backbone.backbone.blocks.18.mlp.fc2.bias - torch.Size([1024]): 
The value is the same before and after calling `init_weights` of EncoderDecoder  

backbone.backbone.blocks.18.ls2.gamma - torch.Size([1024]): 
The value is the same before and after calling `init_weights` of EncoderDecoder  

backbone.backbone.blocks.19.norm1.weight - torch.Size([1024]): 
The value is the same before and after calling `init_weights` of EncoderDecoder  

backbone.backbone.blocks.19.norm1.bias - torch.Size([1024]): 
The value is the same before and after calling `init_weights` of EncoderDecoder  

backbone.backbone.blocks.19.attn.qkv.weight - torch.Size([3072, 1024]): 
The value is the same before and after calling `init_weights` of EncoderDecoder  

backbone.backbone.blocks.19.attn.qkv.bias - torch.Size([3072]): 
The value is the same before and after calling `init_weights` of EncoderDecoder  

backbone.backbone.blocks.19.attn.proj.weight - torch.Size([1024, 1024]): 
The value is the same before and after calling `init_weights` of EncoderDecoder  

backbone.backbone.blocks.19.attn.proj.bias - torch.Size([1024]): 
The value is the same before and after calling `init_weights` of EncoderDecoder  

backbone.backbone.blocks.19.ls1.gamma - torch.Size([1024]): 
The value is the same before and after calling `init_weights` of EncoderDecoder  

backbone.backbone.blocks.19.norm2.weight - torch.Size([1024]): 
The value is the same before and after calling `init_weights` of EncoderDecoder  

backbone.backbone.blocks.19.norm2.bias - torch.Size([1024]): 
The value is the same before and after calling `init_weights` of EncoderDecoder  

backbone.backbone.blocks.19.mlp.fc1.weight - torch.Size([4096, 1024]): 
The value is the same before and after calling `init_weights` of EncoderDecoder  

backbone.backbone.blocks.19.mlp.fc1.bias - torch.Size([4096]): 
The value is the same before and after calling `init_weights` of EncoderDecoder  

backbone.backbone.blocks.19.mlp.fc2.weight - torch.Size([1024, 4096]): 
The value is the same before and after calling `init_weights` of EncoderDecoder  

backbone.backbone.blocks.19.mlp.fc2.bias - torch.Size([1024]): 
The value is the same before and after calling `init_weights` of EncoderDecoder  

backbone.backbone.blocks.19.ls2.gamma - torch.Size([1024]): 
The value is the same before and after calling `init_weights` of EncoderDecoder  

backbone.backbone.blocks.20.norm1.weight - torch.Size([1024]): 
The value is the same before and after calling `init_weights` of EncoderDecoder  

backbone.backbone.blocks.20.norm1.bias - torch.Size([1024]): 
The value is the same before and after calling `init_weights` of EncoderDecoder  

backbone.backbone.blocks.20.attn.qkv.weight - torch.Size([3072, 1024]): 
The value is the same before and after calling `init_weights` of EncoderDecoder  

backbone.backbone.blocks.20.attn.qkv.bias - torch.Size([3072]): 
The value is the same before and after calling `init_weights` of EncoderDecoder  

backbone.backbone.blocks.20.attn.proj.weight - torch.Size([1024, 1024]): 
The value is the same before and after calling `init_weights` of EncoderDecoder  

backbone.backbone.blocks.20.attn.proj.bias - torch.Size([1024]): 
The value is the same before and after calling `init_weights` of EncoderDecoder  

backbone.backbone.blocks.20.ls1.gamma - torch.Size([1024]): 
The value is the same before and after calling `init_weights` of EncoderDecoder  

backbone.backbone.blocks.20.norm2.weight - torch.Size([1024]): 
The value is the same before and after calling `init_weights` of EncoderDecoder  

backbone.backbone.blocks.20.norm2.bias - torch.Size([1024]): 
The value is the same before and after calling `init_weights` of EncoderDecoder  

backbone.backbone.blocks.20.mlp.fc1.weight - torch.Size([4096, 1024]): 
The value is the same before and after calling `init_weights` of EncoderDecoder  

backbone.backbone.blocks.20.mlp.fc1.bias - torch.Size([4096]): 
The value is the same before and after calling `init_weights` of EncoderDecoder  

backbone.backbone.blocks.20.mlp.fc2.weight - torch.Size([1024, 4096]): 
The value is the same before and after calling `init_weights` of EncoderDecoder  

backbone.backbone.blocks.20.mlp.fc2.bias - torch.Size([1024]): 
The value is the same before and after calling `init_weights` of EncoderDecoder  

backbone.backbone.blocks.20.ls2.gamma - torch.Size([1024]): 
The value is the same before and after calling `init_weights` of EncoderDecoder  

backbone.backbone.blocks.21.norm1.weight - torch.Size([1024]): 
The value is the same before and after calling `init_weights` of EncoderDecoder  

backbone.backbone.blocks.21.norm1.bias - torch.Size([1024]): 
The value is the same before and after calling `init_weights` of EncoderDecoder  

backbone.backbone.blocks.21.attn.qkv.weight - torch.Size([3072, 1024]): 
The value is the same before and after calling `init_weights` of EncoderDecoder  

backbone.backbone.blocks.21.attn.qkv.bias - torch.Size([3072]): 
The value is the same before and after calling `init_weights` of EncoderDecoder  

backbone.backbone.blocks.21.attn.proj.weight - torch.Size([1024, 1024]): 
The value is the same before and after calling `init_weights` of EncoderDecoder  

backbone.backbone.blocks.21.attn.proj.bias - torch.Size([1024]): 
The value is the same before and after calling `init_weights` of EncoderDecoder  

backbone.backbone.blocks.21.ls1.gamma - torch.Size([1024]): 
The value is the same before and after calling `init_weights` of EncoderDecoder  

backbone.backbone.blocks.21.norm2.weight - torch.Size([1024]): 
The value is the same before and after calling `init_weights` of EncoderDecoder  

backbone.backbone.blocks.21.norm2.bias - torch.Size([1024]): 
The value is the same before and after calling `init_weights` of EncoderDecoder  

backbone.backbone.blocks.21.mlp.fc1.weight - torch.Size([4096, 1024]): 
The value is the same before and after calling `init_weights` of EncoderDecoder  

backbone.backbone.blocks.21.mlp.fc1.bias - torch.Size([4096]): 
The value is the same before and after calling `init_weights` of EncoderDecoder  

backbone.backbone.blocks.21.mlp.fc2.weight - torch.Size([1024, 4096]): 
The value is the same before and after calling `init_weights` of EncoderDecoder  

backbone.backbone.blocks.21.mlp.fc2.bias - torch.Size([1024]): 
The value is the same before and after calling `init_weights` of EncoderDecoder  

backbone.backbone.blocks.21.ls2.gamma - torch.Size([1024]): 
The value is the same before and after calling `init_weights` of EncoderDecoder  

backbone.backbone.blocks.22.norm1.weight - torch.Size([1024]): 
The value is the same before and after calling `init_weights` of EncoderDecoder  

backbone.backbone.blocks.22.norm1.bias - torch.Size([1024]): 
The value is the same before and after calling `init_weights` of EncoderDecoder  

backbone.backbone.blocks.22.attn.qkv.weight - torch.Size([3072, 1024]): 
The value is the same before and after calling `init_weights` of EncoderDecoder  

backbone.backbone.blocks.22.attn.qkv.bias - torch.Size([3072]): 
The value is the same before and after calling `init_weights` of EncoderDecoder  

backbone.backbone.blocks.22.attn.proj.weight - torch.Size([1024, 1024]): 
The value is the same before and after calling `init_weights` of EncoderDecoder  

backbone.backbone.blocks.22.attn.proj.bias - torch.Size([1024]): 
The value is the same before and after calling `init_weights` of EncoderDecoder  

backbone.backbone.blocks.22.ls1.gamma - torch.Size([1024]): 
The value is the same before and after calling `init_weights` of EncoderDecoder  

backbone.backbone.blocks.22.norm2.weight - torch.Size([1024]): 
The value is the same before and after calling `init_weights` of EncoderDecoder  

backbone.backbone.blocks.22.norm2.bias - torch.Size([1024]): 
The value is the same before and after calling `init_weights` of EncoderDecoder  

backbone.backbone.blocks.22.mlp.fc1.weight - torch.Size([4096, 1024]): 
The value is the same before and after calling `init_weights` of EncoderDecoder  

backbone.backbone.blocks.22.mlp.fc1.bias - torch.Size([4096]): 
The value is the same before and after calling `init_weights` of EncoderDecoder  

backbone.backbone.blocks.22.mlp.fc2.weight - torch.Size([1024, 4096]): 
The value is the same before and after calling `init_weights` of EncoderDecoder  

backbone.backbone.blocks.22.mlp.fc2.bias - torch.Size([1024]): 
The value is the same before and after calling `init_weights` of EncoderDecoder  

backbone.backbone.blocks.22.ls2.gamma - torch.Size([1024]): 
The value is the same before and after calling `init_weights` of EncoderDecoder  

backbone.backbone.blocks.23.norm1.weight - torch.Size([1024]): 
The value is the same before and after calling `init_weights` of EncoderDecoder  

backbone.backbone.blocks.23.norm1.bias - torch.Size([1024]): 
The value is the same before and after calling `init_weights` of EncoderDecoder  

backbone.backbone.blocks.23.attn.qkv.weight - torch.Size([3072, 1024]): 
The value is the same before and after calling `init_weights` of EncoderDecoder  

backbone.backbone.blocks.23.attn.qkv.bias - torch.Size([3072]): 
The value is the same before and after calling `init_weights` of EncoderDecoder  

backbone.backbone.blocks.23.attn.proj.weight - torch.Size([1024, 1024]): 
The value is the same before and after calling `init_weights` of EncoderDecoder  

backbone.backbone.blocks.23.attn.proj.bias - torch.Size([1024]): 
The value is the same before and after calling `init_weights` of EncoderDecoder  

backbone.backbone.blocks.23.ls1.gamma - torch.Size([1024]): 
The value is the same before and after calling `init_weights` of EncoderDecoder  

backbone.backbone.blocks.23.norm2.weight - torch.Size([1024]): 
The value is the same before and after calling `init_weights` of EncoderDecoder  

backbone.backbone.blocks.23.norm2.bias - torch.Size([1024]): 
The value is the same before and after calling `init_weights` of EncoderDecoder  

backbone.backbone.blocks.23.mlp.fc1.weight - torch.Size([4096, 1024]): 
The value is the same before and after calling `init_weights` of EncoderDecoder  

backbone.backbone.blocks.23.mlp.fc1.bias - torch.Size([4096]): 
The value is the same before and after calling `init_weights` of EncoderDecoder  

backbone.backbone.blocks.23.mlp.fc2.weight - torch.Size([1024, 4096]): 
The value is the same before and after calling `init_weights` of EncoderDecoder  

backbone.backbone.blocks.23.mlp.fc2.bias - torch.Size([1024]): 
The value is the same before and after calling `init_weights` of EncoderDecoder  

backbone.backbone.blocks.23.ls2.gamma - torch.Size([1024]): 
The value is the same before and after calling `init_weights` of EncoderDecoder  

backbone.backbone.norm.weight - torch.Size([1024]): 
The value is the same before and after calling `init_weights` of EncoderDecoder  

backbone.backbone.norm.bias - torch.Size([1024]): 
The value is the same before and after calling `init_weights` of EncoderDecoder  

backbone.adapter.level_embed - torch.Size([3, 1024]): 
The value is the same before and after calling `init_weights` of EncoderDecoder  

backbone.adapter.spm.stem.0.weight - torch.Size([64, 3, 3, 3]): 
The value is the same before and after calling `init_weights` of EncoderDecoder  

backbone.adapter.spm.stem.1.weight - torch.Size([64]): 
The value is the same before and after calling `init_weights` of EncoderDecoder  

backbone.adapter.spm.stem.1.bias - torch.Size([64]): 
The value is the same before and after calling `init_weights` of EncoderDecoder  

backbone.adapter.spm.stem.3.weight - torch.Size([64, 64, 3, 3]): 
The value is the same before and after calling `init_weights` of EncoderDecoder  

backbone.adapter.spm.stem.4.weight - torch.Size([64]): 
The value is the same before and after calling `init_weights` of EncoderDecoder  

backbone.adapter.spm.stem.4.bias - torch.Size([64]): 
The value is the same before and after calling `init_weights` of EncoderDecoder  

backbone.adapter.spm.stem.6.weight - torch.Size([64, 64, 3, 3]): 
The value is the same before and after calling `init_weights` of EncoderDecoder  

backbone.adapter.spm.stem.7.weight - torch.Size([64]): 
The value is the same before and after calling `init_weights` of EncoderDecoder  

backbone.adapter.spm.stem.7.bias - torch.Size([64]): 
The value is the same before and after calling `init_weights` of EncoderDecoder  

backbone.adapter.spm.conv2.0.weight - torch.Size([128, 64, 3, 3]): 
The value is the same before and after calling `init_weights` of EncoderDecoder  

backbone.adapter.spm.conv2.1.weight - torch.Size([128]): 
The value is the same before and after calling `init_weights` of EncoderDecoder  

backbone.adapter.spm.conv2.1.bias - torch.Size([128]): 
The value is the same before and after calling `init_weights` of EncoderDecoder  

backbone.adapter.spm.conv3.0.weight - torch.Size([256, 128, 3, 3]): 
The value is the same before and after calling `init_weights` of EncoderDecoder  

backbone.adapter.spm.conv3.1.weight - torch.Size([256]): 
The value is the same before and after calling `init_weights` of EncoderDecoder  

backbone.adapter.spm.conv3.1.bias - torch.Size([256]): 
The value is the same before and after calling `init_weights` of EncoderDecoder  

backbone.adapter.spm.conv4.0.weight - torch.Size([256, 256, 3, 3]): 
The value is the same before and after calling `init_weights` of EncoderDecoder  

backbone.adapter.spm.conv4.1.weight - torch.Size([256]): 
The value is the same before and after calling `init_weights` of EncoderDecoder  

backbone.adapter.spm.conv4.1.bias - torch.Size([256]): 
The value is the same before and after calling `init_weights` of EncoderDecoder  

backbone.adapter.spm.fc1.weight - torch.Size([1024, 64, 1, 1]): 
The value is the same before and after calling `init_weights` of EncoderDecoder  

backbone.adapter.spm.fc1.bias - torch.Size([1024]): 
The value is the same before and after calling `init_weights` of EncoderDecoder  

backbone.adapter.spm.fc2.weight - torch.Size([1024, 128, 1, 1]): 
The value is the same before and after calling `init_weights` of EncoderDecoder  

backbone.adapter.spm.fc2.bias - torch.Size([1024]): 
The value is the same before and after calling `init_weights` of EncoderDecoder  

backbone.adapter.spm.fc3.weight - torch.Size([1024, 256, 1, 1]): 
The value is the same before and after calling `init_weights` of EncoderDecoder  

backbone.adapter.spm.fc3.bias - torch.Size([1024]): 
The value is the same before and after calling `init_weights` of EncoderDecoder  

backbone.adapter.spm.fc4.weight - torch.Size([1024, 256, 1, 1]): 
The value is the same before and after calling `init_weights` of EncoderDecoder  

backbone.adapter.spm.fc4.bias - torch.Size([1024]): 
The value is the same before and after calling `init_weights` of EncoderDecoder  

backbone.adapter.interactions.0.extractor.query_norm.weight - torch.Size([1024]): 
The value is the same before and after calling `init_weights` of EncoderDecoder  

backbone.adapter.interactions.0.extractor.query_norm.bias - torch.Size([1024]): 
The value is the same before and after calling `init_weights` of EncoderDecoder  

backbone.adapter.interactions.0.extractor.feat_norm.weight - torch.Size([1024]): 
The value is the same before and after calling `init_weights` of EncoderDecoder  

backbone.adapter.interactions.0.extractor.feat_norm.bias - torch.Size([1024]): 
The value is the same before and after calling `init_weights` of EncoderDecoder  

backbone.adapter.interactions.0.extractor.attn.attn.sampling_offsets.weight - torch.Size([128, 1024]): 
The value is the same before and after calling `init_weights` of EncoderDecoder  

backbone.adapter.interactions.0.extractor.attn.attn.sampling_offsets.bias - torch.Size([128]): 
The value is the same before and after calling `init_weights` of EncoderDecoder  

backbone.adapter.interactions.0.extractor.attn.attn.attention_weights.weight - torch.Size([64, 1024]): 
The value is the same before and after calling `init_weights` of EncoderDecoder  

backbone.adapter.interactions.0.extractor.attn.attn.attention_weights.bias - torch.Size([64]): 
The value is the same before and after calling `init_weights` of EncoderDecoder  

backbone.adapter.interactions.0.extractor.attn.attn.value_proj.weight - torch.Size([1024, 1024]): 
The value is the same before and after calling `init_weights` of EncoderDecoder  

backbone.adapter.interactions.0.extractor.attn.attn.value_proj.bias - torch.Size([1024]): 
The value is the same before and after calling `init_weights` of EncoderDecoder  

backbone.adapter.interactions.0.extractor.attn.attn.output_proj.weight - torch.Size([1024, 1024]): 
The value is the same before and after calling `init_weights` of EncoderDecoder  

backbone.adapter.interactions.0.extractor.attn.attn.output_proj.bias - torch.Size([1024]): 
The value is the same before and after calling `init_weights` of EncoderDecoder  

backbone.adapter.interactions.0.extractor.ffn.fc1.weight - torch.Size([256, 1024]): 
The value is the same before and after calling `init_weights` of EncoderDecoder  

backbone.adapter.interactions.0.extractor.ffn.fc1.bias - torch.Size([256]): 
The value is the same before and after calling `init_weights` of EncoderDecoder  

backbone.adapter.interactions.0.extractor.ffn.dwconv.dwconv.weight - torch.Size([256, 1, 3, 3]): 
The value is the same before and after calling `init_weights` of EncoderDecoder  

backbone.adapter.interactions.0.extractor.ffn.dwconv.dwconv.bias - torch.Size([256]): 
The value is the same before and after calling `init_weights` of EncoderDecoder  

backbone.adapter.interactions.0.extractor.ffn.fc2.weight - torch.Size([1024, 256]): 
The value is the same before and after calling `init_weights` of EncoderDecoder  

backbone.adapter.interactions.0.extractor.ffn.fc2.bias - torch.Size([1024]): 
The value is the same before and after calling `init_weights` of EncoderDecoder  

backbone.adapter.interactions.0.extractor.ffn_norm.weight - torch.Size([1024]): 
The value is the same before and after calling `init_weights` of EncoderDecoder  

backbone.adapter.interactions.0.extractor.ffn_norm.bias - torch.Size([1024]): 
The value is the same before and after calling `init_weights` of EncoderDecoder  

backbone.adapter.interactions.1.extractor.query_norm.weight - torch.Size([1024]): 
The value is the same before and after calling `init_weights` of EncoderDecoder  

backbone.adapter.interactions.1.extractor.query_norm.bias - torch.Size([1024]): 
The value is the same before and after calling `init_weights` of EncoderDecoder  

backbone.adapter.interactions.1.extractor.feat_norm.weight - torch.Size([1024]): 
The value is the same before and after calling `init_weights` of EncoderDecoder  

backbone.adapter.interactions.1.extractor.feat_norm.bias - torch.Size([1024]): 
The value is the same before and after calling `init_weights` of EncoderDecoder  

backbone.adapter.interactions.1.extractor.attn.attn.sampling_offsets.weight - torch.Size([128, 1024]): 
The value is the same before and after calling `init_weights` of EncoderDecoder  

backbone.adapter.interactions.1.extractor.attn.attn.sampling_offsets.bias - torch.Size([128]): 
The value is the same before and after calling `init_weights` of EncoderDecoder  

backbone.adapter.interactions.1.extractor.attn.attn.attention_weights.weight - torch.Size([64, 1024]): 
The value is the same before and after calling `init_weights` of EncoderDecoder  

backbone.adapter.interactions.1.extractor.attn.attn.attention_weights.bias - torch.Size([64]): 
The value is the same before and after calling `init_weights` of EncoderDecoder  

backbone.adapter.interactions.1.extractor.attn.attn.value_proj.weight - torch.Size([1024, 1024]): 
The value is the same before and after calling `init_weights` of EncoderDecoder  

backbone.adapter.interactions.1.extractor.attn.attn.value_proj.bias - torch.Size([1024]): 
The value is the same before and after calling `init_weights` of EncoderDecoder  

backbone.adapter.interactions.1.extractor.attn.attn.output_proj.weight - torch.Size([1024, 1024]): 
The value is the same before and after calling `init_weights` of EncoderDecoder  

backbone.adapter.interactions.1.extractor.attn.attn.output_proj.bias - torch.Size([1024]): 
The value is the same before and after calling `init_weights` of EncoderDecoder  

backbone.adapter.interactions.1.extractor.ffn.fc1.weight - torch.Size([256, 1024]): 
The value is the same before and after calling `init_weights` of EncoderDecoder  

backbone.adapter.interactions.1.extractor.ffn.fc1.bias - torch.Size([256]): 
The value is the same before and after calling `init_weights` of EncoderDecoder  

backbone.adapter.interactions.1.extractor.ffn.dwconv.dwconv.weight - torch.Size([256, 1, 3, 3]): 
The value is the same before and after calling `init_weights` of EncoderDecoder  

backbone.adapter.interactions.1.extractor.ffn.dwconv.dwconv.bias - torch.Size([256]): 
The value is the same before and after calling `init_weights` of EncoderDecoder  

backbone.adapter.interactions.1.extractor.ffn.fc2.weight - torch.Size([1024, 256]): 
The value is the same before and after calling `init_weights` of EncoderDecoder  

backbone.adapter.interactions.1.extractor.ffn.fc2.bias - torch.Size([1024]): 
The value is the same before and after calling `init_weights` of EncoderDecoder  

backbone.adapter.interactions.1.extractor.ffn_norm.weight - torch.Size([1024]): 
The value is the same before and after calling `init_weights` of EncoderDecoder  

backbone.adapter.interactions.1.extractor.ffn_norm.bias - torch.Size([1024]): 
The value is the same before and after calling `init_weights` of EncoderDecoder  

backbone.adapter.interactions.2.extractor.query_norm.weight - torch.Size([1024]): 
The value is the same before and after calling `init_weights` of EncoderDecoder  

backbone.adapter.interactions.2.extractor.query_norm.bias - torch.Size([1024]): 
The value is the same before and after calling `init_weights` of EncoderDecoder  

backbone.adapter.interactions.2.extractor.feat_norm.weight - torch.Size([1024]): 
The value is the same before and after calling `init_weights` of EncoderDecoder  

backbone.adapter.interactions.2.extractor.feat_norm.bias - torch.Size([1024]): 
The value is the same before and after calling `init_weights` of EncoderDecoder  

backbone.adapter.interactions.2.extractor.attn.attn.sampling_offsets.weight - torch.Size([128, 1024]): 
The value is the same before and after calling `init_weights` of EncoderDecoder  

backbone.adapter.interactions.2.extractor.attn.attn.sampling_offsets.bias - torch.Size([128]): 
The value is the same before and after calling `init_weights` of EncoderDecoder  

backbone.adapter.interactions.2.extractor.attn.attn.attention_weights.weight - torch.Size([64, 1024]): 
The value is the same before and after calling `init_weights` of EncoderDecoder  

backbone.adapter.interactions.2.extractor.attn.attn.attention_weights.bias - torch.Size([64]): 
The value is the same before and after calling `init_weights` of EncoderDecoder  

backbone.adapter.interactions.2.extractor.attn.attn.value_proj.weight - torch.Size([1024, 1024]): 
The value is the same before and after calling `init_weights` of EncoderDecoder  

backbone.adapter.interactions.2.extractor.attn.attn.value_proj.bias - torch.Size([1024]): 
The value is the same before and after calling `init_weights` of EncoderDecoder  

backbone.adapter.interactions.2.extractor.attn.attn.output_proj.weight - torch.Size([1024, 1024]): 
The value is the same before and after calling `init_weights` of EncoderDecoder  

backbone.adapter.interactions.2.extractor.attn.attn.output_proj.bias - torch.Size([1024]): 
The value is the same before and after calling `init_weights` of EncoderDecoder  

backbone.adapter.interactions.2.extractor.ffn.fc1.weight - torch.Size([256, 1024]): 
The value is the same before and after calling `init_weights` of EncoderDecoder  

backbone.adapter.interactions.2.extractor.ffn.fc1.bias - torch.Size([256]): 
The value is the same before and after calling `init_weights` of EncoderDecoder  

backbone.adapter.interactions.2.extractor.ffn.dwconv.dwconv.weight - torch.Size([256, 1, 3, 3]): 
The value is the same before and after calling `init_weights` of EncoderDecoder  

backbone.adapter.interactions.2.extractor.ffn.dwconv.dwconv.bias - torch.Size([256]): 
The value is the same before and after calling `init_weights` of EncoderDecoder  

backbone.adapter.interactions.2.extractor.ffn.fc2.weight - torch.Size([1024, 256]): 
The value is the same before and after calling `init_weights` of EncoderDecoder  

backbone.adapter.interactions.2.extractor.ffn.fc2.bias - torch.Size([1024]): 
The value is the same before and after calling `init_weights` of EncoderDecoder  

backbone.adapter.interactions.2.extractor.ffn_norm.weight - torch.Size([1024]): 
The value is the same before and after calling `init_weights` of EncoderDecoder  

backbone.adapter.interactions.2.extractor.ffn_norm.bias - torch.Size([1024]): 
The value is the same before and after calling `init_weights` of EncoderDecoder  

backbone.adapter.interactions.3.extractor.query_norm.weight - torch.Size([1024]): 
The value is the same before and after calling `init_weights` of EncoderDecoder  

backbone.adapter.interactions.3.extractor.query_norm.bias - torch.Size([1024]): 
The value is the same before and after calling `init_weights` of EncoderDecoder  

backbone.adapter.interactions.3.extractor.feat_norm.weight - torch.Size([1024]): 
The value is the same before and after calling `init_weights` of EncoderDecoder  

backbone.adapter.interactions.3.extractor.feat_norm.bias - torch.Size([1024]): 
The value is the same before and after calling `init_weights` of EncoderDecoder  

backbone.adapter.interactions.3.extractor.attn.attn.sampling_offsets.weight - torch.Size([128, 1024]): 
The value is the same before and after calling `init_weights` of EncoderDecoder  

backbone.adapter.interactions.3.extractor.attn.attn.sampling_offsets.bias - torch.Size([128]): 
The value is the same before and after calling `init_weights` of EncoderDecoder  

backbone.adapter.interactions.3.extractor.attn.attn.attention_weights.weight - torch.Size([64, 1024]): 
The value is the same before and after calling `init_weights` of EncoderDecoder  

backbone.adapter.interactions.3.extractor.attn.attn.attention_weights.bias - torch.Size([64]): 
The value is the same before and after calling `init_weights` of EncoderDecoder  

backbone.adapter.interactions.3.extractor.attn.attn.value_proj.weight - torch.Size([1024, 1024]): 
The value is the same before and after calling `init_weights` of EncoderDecoder  

backbone.adapter.interactions.3.extractor.attn.attn.value_proj.bias - torch.Size([1024]): 
The value is the same before and after calling `init_weights` of EncoderDecoder  

backbone.adapter.interactions.3.extractor.attn.attn.output_proj.weight - torch.Size([1024, 1024]): 
The value is the same before and after calling `init_weights` of EncoderDecoder  

backbone.adapter.interactions.3.extractor.attn.attn.output_proj.bias - torch.Size([1024]): 
The value is the same before and after calling `init_weights` of EncoderDecoder  

backbone.adapter.interactions.3.extractor.ffn.fc1.weight - torch.Size([256, 1024]): 
The value is the same before and after calling `init_weights` of EncoderDecoder  

backbone.adapter.interactions.3.extractor.ffn.fc1.bias - torch.Size([256]): 
The value is the same before and after calling `init_weights` of EncoderDecoder  

backbone.adapter.interactions.3.extractor.ffn.dwconv.dwconv.weight - torch.Size([256, 1, 3, 3]): 
The value is the same before and after calling `init_weights` of EncoderDecoder  

backbone.adapter.interactions.3.extractor.ffn.dwconv.dwconv.bias - torch.Size([256]): 
The value is the same before and after calling `init_weights` of EncoderDecoder  

backbone.adapter.interactions.3.extractor.ffn.fc2.weight - torch.Size([1024, 256]): 
The value is the same before and after calling `init_weights` of EncoderDecoder  

backbone.adapter.interactions.3.extractor.ffn.fc2.bias - torch.Size([1024]): 
The value is the same before and after calling `init_weights` of EncoderDecoder  

backbone.adapter.interactions.3.extractor.ffn_norm.weight - torch.Size([1024]): 
The value is the same before and after calling `init_weights` of EncoderDecoder  

backbone.adapter.interactions.3.extractor.ffn_norm.bias - torch.Size([1024]): 
The value is the same before and after calling `init_weights` of EncoderDecoder  

backbone.adapter.interactions.3.extra_extractors.0.query_norm.weight - torch.Size([1024]): 
The value is the same before and after calling `init_weights` of EncoderDecoder  

backbone.adapter.interactions.3.extra_extractors.0.query_norm.bias - torch.Size([1024]): 
The value is the same before and after calling `init_weights` of EncoderDecoder  

backbone.adapter.interactions.3.extra_extractors.0.feat_norm.weight - torch.Size([1024]): 
The value is the same before and after calling `init_weights` of EncoderDecoder  

backbone.adapter.interactions.3.extra_extractors.0.feat_norm.bias - torch.Size([1024]): 
The value is the same before and after calling `init_weights` of EncoderDecoder  

backbone.adapter.interactions.3.extra_extractors.0.attn.attn.sampling_offsets.weight - torch.Size([128, 1024]): 
The value is the same before and after calling `init_weights` of EncoderDecoder  

backbone.adapter.interactions.3.extra_extractors.0.attn.attn.sampling_offsets.bias - torch.Size([128]): 
The value is the same before and after calling `init_weights` of EncoderDecoder  

backbone.adapter.interactions.3.extra_extractors.0.attn.attn.attention_weights.weight - torch.Size([64, 1024]): 
The value is the same before and after calling `init_weights` of EncoderDecoder  

backbone.adapter.interactions.3.extra_extractors.0.attn.attn.attention_weights.bias - torch.Size([64]): 
The value is the same before and after calling `init_weights` of EncoderDecoder  

backbone.adapter.interactions.3.extra_extractors.0.attn.attn.value_proj.weight - torch.Size([1024, 1024]): 
The value is the same before and after calling `init_weights` of EncoderDecoder  

backbone.adapter.interactions.3.extra_extractors.0.attn.attn.value_proj.bias - torch.Size([1024]): 
The value is the same before and after calling `init_weights` of EncoderDecoder  

backbone.adapter.interactions.3.extra_extractors.0.attn.attn.output_proj.weight - torch.Size([1024, 1024]): 
The value is the same before and after calling `init_weights` of EncoderDecoder  

backbone.adapter.interactions.3.extra_extractors.0.attn.attn.output_proj.bias - torch.Size([1024]): 
The value is the same before and after calling `init_weights` of EncoderDecoder  

backbone.adapter.interactions.3.extra_extractors.0.ffn.fc1.weight - torch.Size([256, 1024]): 
The value is the same before and after calling `init_weights` of EncoderDecoder  

backbone.adapter.interactions.3.extra_extractors.0.ffn.fc1.bias - torch.Size([256]): 
The value is the same before and after calling `init_weights` of EncoderDecoder  

backbone.adapter.interactions.3.extra_extractors.0.ffn.dwconv.dwconv.weight - torch.Size([256, 1, 3, 3]): 
The value is the same before and after calling `init_weights` of EncoderDecoder  

backbone.adapter.interactions.3.extra_extractors.0.ffn.dwconv.dwconv.bias - torch.Size([256]): 
The value is the same before and after calling `init_weights` of EncoderDecoder  

backbone.adapter.interactions.3.extra_extractors.0.ffn.fc2.weight - torch.Size([1024, 256]): 
The value is the same before and after calling `init_weights` of EncoderDecoder  

backbone.adapter.interactions.3.extra_extractors.0.ffn.fc2.bias - torch.Size([1024]): 
The value is the same before and after calling `init_weights` of EncoderDecoder  

backbone.adapter.interactions.3.extra_extractors.0.ffn_norm.weight - torch.Size([1024]): 
The value is the same before and after calling `init_weights` of EncoderDecoder  

backbone.adapter.interactions.3.extra_extractors.0.ffn_norm.bias - torch.Size([1024]): 
The value is the same before and after calling `init_weights` of EncoderDecoder  

backbone.adapter.interactions.3.extra_extractors.1.query_norm.weight - torch.Size([1024]): 
The value is the same before and after calling `init_weights` of EncoderDecoder  

backbone.adapter.interactions.3.extra_extractors.1.query_norm.bias - torch.Size([1024]): 
The value is the same before and after calling `init_weights` of EncoderDecoder  

backbone.adapter.interactions.3.extra_extractors.1.feat_norm.weight - torch.Size([1024]): 
The value is the same before and after calling `init_weights` of EncoderDecoder  

backbone.adapter.interactions.3.extra_extractors.1.feat_norm.bias - torch.Size([1024]): 
The value is the same before and after calling `init_weights` of EncoderDecoder  

backbone.adapter.interactions.3.extra_extractors.1.attn.attn.sampling_offsets.weight - torch.Size([128, 1024]): 
The value is the same before and after calling `init_weights` of EncoderDecoder  

backbone.adapter.interactions.3.extra_extractors.1.attn.attn.sampling_offsets.bias - torch.Size([128]): 
The value is the same before and after calling `init_weights` of EncoderDecoder  

backbone.adapter.interactions.3.extra_extractors.1.attn.attn.attention_weights.weight - torch.Size([64, 1024]): 
The value is the same before and after calling `init_weights` of EncoderDecoder  

backbone.adapter.interactions.3.extra_extractors.1.attn.attn.attention_weights.bias - torch.Size([64]): 
The value is the same before and after calling `init_weights` of EncoderDecoder  

backbone.adapter.interactions.3.extra_extractors.1.attn.attn.value_proj.weight - torch.Size([1024, 1024]): 
The value is the same before and after calling `init_weights` of EncoderDecoder  

backbone.adapter.interactions.3.extra_extractors.1.attn.attn.value_proj.bias - torch.Size([1024]): 
The value is the same before and after calling `init_weights` of EncoderDecoder  

backbone.adapter.interactions.3.extra_extractors.1.attn.attn.output_proj.weight - torch.Size([1024, 1024]): 
The value is the same before and after calling `init_weights` of EncoderDecoder  

backbone.adapter.interactions.3.extra_extractors.1.attn.attn.output_proj.bias - torch.Size([1024]): 
The value is the same before and after calling `init_weights` of EncoderDecoder  

backbone.adapter.interactions.3.extra_extractors.1.ffn.fc1.weight - torch.Size([256, 1024]): 
The value is the same before and after calling `init_weights` of EncoderDecoder  

backbone.adapter.interactions.3.extra_extractors.1.ffn.fc1.bias - torch.Size([256]): 
The value is the same before and after calling `init_weights` of EncoderDecoder  

backbone.adapter.interactions.3.extra_extractors.1.ffn.dwconv.dwconv.weight - torch.Size([256, 1, 3, 3]): 
The value is the same before and after calling `init_weights` of EncoderDecoder  

backbone.adapter.interactions.3.extra_extractors.1.ffn.dwconv.dwconv.bias - torch.Size([256]): 
The value is the same before and after calling `init_weights` of EncoderDecoder  

backbone.adapter.interactions.3.extra_extractors.1.ffn.fc2.weight - torch.Size([1024, 256]): 
The value is the same before and after calling `init_weights` of EncoderDecoder  

backbone.adapter.interactions.3.extra_extractors.1.ffn.fc2.bias - torch.Size([1024]): 
The value is the same before and after calling `init_weights` of EncoderDecoder  

backbone.adapter.interactions.3.extra_extractors.1.ffn_norm.weight - torch.Size([1024]): 
The value is the same before and after calling `init_weights` of EncoderDecoder  

backbone.adapter.interactions.3.extra_extractors.1.ffn_norm.bias - torch.Size([1024]): 
The value is the same before and after calling `init_weights` of EncoderDecoder  

backbone.adapter.up.weight - torch.Size([1024, 1024, 2, 2]): 
The value is the same before and after calling `init_weights` of EncoderDecoder  

backbone.adapter.up.bias - torch.Size([1024]): 
The value is the same before and after calling `init_weights` of EncoderDecoder  

backbone.adapter.norm1.weight - torch.Size([1024]): 
The value is the same before and after calling `init_weights` of EncoderDecoder  

backbone.adapter.norm1.bias - torch.Size([1024]): 
The value is the same before and after calling `init_weights` of EncoderDecoder  

backbone.adapter.norm2.weight - torch.Size([1024]): 
The value is the same before and after calling `init_weights` of EncoderDecoder  

backbone.adapter.norm2.bias - torch.Size([1024]): 
The value is the same before and after calling `init_weights` of EncoderDecoder  

backbone.adapter.norm3.weight - torch.Size([1024]): 
The value is the same before and after calling `init_weights` of EncoderDecoder  

backbone.adapter.norm3.bias - torch.Size([1024]): 
The value is the same before and after calling `init_weights` of EncoderDecoder  

backbone.adapter.norm4.weight - torch.Size([1024]): 
The value is the same before and after calling `init_weights` of EncoderDecoder  

backbone.adapter.norm4.bias - torch.Size([1024]): 
The value is the same before and after calling `init_weights` of EncoderDecoder  

decode_head.pixel_decoder.input_convs.0.conv.weight - torch.Size([256, 1024, 1, 1]): 
Initialized by user-defined `init_weights` in Mask2FormerHead  

decode_head.pixel_decoder.input_convs.0.conv.bias - torch.Size([256]): 
The value is the same before and after calling `init_weights` of EncoderDecoder  

decode_head.pixel_decoder.input_convs.0.gn.weight - torch.Size([256]): 
The value is the same before and after calling `init_weights` of EncoderDecoder  

decode_head.pixel_decoder.input_convs.0.gn.bias - torch.Size([256]): 
The value is the same before and after calling `init_weights` of EncoderDecoder  

decode_head.pixel_decoder.input_convs.1.conv.weight - torch.Size([256, 1024, 1, 1]): 
Initialized by user-defined `init_weights` in Mask2FormerHead  

decode_head.pixel_decoder.input_convs.1.conv.bias - torch.Size([256]): 
The value is the same before and after calling `init_weights` of EncoderDecoder  

decode_head.pixel_decoder.input_convs.1.gn.weight - torch.Size([256]): 
The value is the same before and after calling `init_weights` of EncoderDecoder  

decode_head.pixel_decoder.input_convs.1.gn.bias - torch.Size([256]): 
The value is the same before and after calling `init_weights` of EncoderDecoder  

decode_head.pixel_decoder.input_convs.2.conv.weight - torch.Size([256, 1024, 1, 1]): 
Initialized by user-defined `init_weights` in Mask2FormerHead  

decode_head.pixel_decoder.input_convs.2.conv.bias - torch.Size([256]): 
The value is the same before and after calling `init_weights` of EncoderDecoder  

decode_head.pixel_decoder.input_convs.2.gn.weight - torch.Size([256]): 
The value is the same before and after calling `init_weights` of EncoderDecoder  

decode_head.pixel_decoder.input_convs.2.gn.bias - torch.Size([256]): 
The value is the same before and after calling `init_weights` of EncoderDecoder  

decode_head.pixel_decoder.encoder.layers.0.self_attn.sampling_offsets.weight - torch.Size([192, 256]): 
The value is the same before and after calling `init_weights` of EncoderDecoder  

decode_head.pixel_decoder.encoder.layers.0.self_attn.sampling_offsets.bias - torch.Size([192]): 
Initialized by user-defined `init_weights` in Mask2FormerHead  

decode_head.pixel_decoder.encoder.layers.0.self_attn.attention_weights.weight - torch.Size([96, 256]): 
The value is the same before and after calling `init_weights` of EncoderDecoder  

decode_head.pixel_decoder.encoder.layers.0.self_attn.attention_weights.bias - torch.Size([96]): 
The value is the same before and after calling `init_weights` of EncoderDecoder  

decode_head.pixel_decoder.encoder.layers.0.self_attn.value_proj.weight - torch.Size([256, 256]): 
Initialized by user-defined `init_weights` in Mask2FormerHead  

decode_head.pixel_decoder.encoder.layers.0.self_attn.value_proj.bias - torch.Size([256]): 
The value is the same before and after calling `init_weights` of EncoderDecoder  

decode_head.pixel_decoder.encoder.layers.0.self_attn.output_proj.weight - torch.Size([256, 256]): 
Initialized by user-defined `init_weights` in Mask2FormerHead  

decode_head.pixel_decoder.encoder.layers.0.self_attn.output_proj.bias - torch.Size([256]): 
The value is the same before and after calling `init_weights` of EncoderDecoder  

decode_head.pixel_decoder.encoder.layers.0.ffn.layers.0.0.weight - torch.Size([1024, 256]): 
Initialized by user-defined `init_weights` in Mask2FormerHead  

decode_head.pixel_decoder.encoder.layers.0.ffn.layers.0.0.bias - torch.Size([1024]): 
The value is the same before and after calling `init_weights` of EncoderDecoder  

decode_head.pixel_decoder.encoder.layers.0.ffn.layers.1.weight - torch.Size([256, 1024]): 
Initialized by user-defined `init_weights` in Mask2FormerHead  

decode_head.pixel_decoder.encoder.layers.0.ffn.layers.1.bias - torch.Size([256]): 
The value is the same before and after calling `init_weights` of EncoderDecoder  

decode_head.pixel_decoder.encoder.layers.0.norms.0.weight - torch.Size([256]): 
The value is the same before and after calling `init_weights` of EncoderDecoder  

decode_head.pixel_decoder.encoder.layers.0.norms.0.bias - torch.Size([256]): 
The value is the same before and after calling `init_weights` of EncoderDecoder  

decode_head.pixel_decoder.encoder.layers.0.norms.1.weight - torch.Size([256]): 
The value is the same before and after calling `init_weights` of EncoderDecoder  

decode_head.pixel_decoder.encoder.layers.0.norms.1.bias - torch.Size([256]): 
The value is the same before and after calling `init_weights` of EncoderDecoder  

decode_head.pixel_decoder.encoder.layers.1.self_attn.sampling_offsets.weight - torch.Size([192, 256]): 
The value is the same before and after calling `init_weights` of EncoderDecoder  

decode_head.pixel_decoder.encoder.layers.1.self_attn.sampling_offsets.bias - torch.Size([192]): 
Initialized by user-defined `init_weights` in Mask2FormerHead  

decode_head.pixel_decoder.encoder.layers.1.self_attn.attention_weights.weight - torch.Size([96, 256]): 
The value is the same before and after calling `init_weights` of EncoderDecoder  

decode_head.pixel_decoder.encoder.layers.1.self_attn.attention_weights.bias - torch.Size([96]): 
The value is the same before and after calling `init_weights` of EncoderDecoder  

decode_head.pixel_decoder.encoder.layers.1.self_attn.value_proj.weight - torch.Size([256, 256]): 
Initialized by user-defined `init_weights` in Mask2FormerHead  

decode_head.pixel_decoder.encoder.layers.1.self_attn.value_proj.bias - torch.Size([256]): 
The value is the same before and after calling `init_weights` of EncoderDecoder  

decode_head.pixel_decoder.encoder.layers.1.self_attn.output_proj.weight - torch.Size([256, 256]): 
Initialized by user-defined `init_weights` in Mask2FormerHead  

decode_head.pixel_decoder.encoder.layers.1.self_attn.output_proj.bias - torch.Size([256]): 
The value is the same before and after calling `init_weights` of EncoderDecoder  

decode_head.pixel_decoder.encoder.layers.1.ffn.layers.0.0.weight - torch.Size([1024, 256]): 
Initialized by user-defined `init_weights` in Mask2FormerHead  

decode_head.pixel_decoder.encoder.layers.1.ffn.layers.0.0.bias - torch.Size([1024]): 
The value is the same before and after calling `init_weights` of EncoderDecoder  

decode_head.pixel_decoder.encoder.layers.1.ffn.layers.1.weight - torch.Size([256, 1024]): 
Initialized by user-defined `init_weights` in Mask2FormerHead  

decode_head.pixel_decoder.encoder.layers.1.ffn.layers.1.bias - torch.Size([256]): 
The value is the same before and after calling `init_weights` of EncoderDecoder  

decode_head.pixel_decoder.encoder.layers.1.norms.0.weight - torch.Size([256]): 
The value is the same before and after calling `init_weights` of EncoderDecoder  

decode_head.pixel_decoder.encoder.layers.1.norms.0.bias - torch.Size([256]): 
The value is the same before and after calling `init_weights` of EncoderDecoder  

decode_head.pixel_decoder.encoder.layers.1.norms.1.weight - torch.Size([256]): 
The value is the same before and after calling `init_weights` of EncoderDecoder  

decode_head.pixel_decoder.encoder.layers.1.norms.1.bias - torch.Size([256]): 
The value is the same before and after calling `init_weights` of EncoderDecoder  

decode_head.pixel_decoder.encoder.layers.2.self_attn.sampling_offsets.weight - torch.Size([192, 256]): 
The value is the same before and after calling `init_weights` of EncoderDecoder  

decode_head.pixel_decoder.encoder.layers.2.self_attn.sampling_offsets.bias - torch.Size([192]): 
Initialized by user-defined `init_weights` in Mask2FormerHead  

decode_head.pixel_decoder.encoder.layers.2.self_attn.attention_weights.weight - torch.Size([96, 256]): 
The value is the same before and after calling `init_weights` of EncoderDecoder  

decode_head.pixel_decoder.encoder.layers.2.self_attn.attention_weights.bias - torch.Size([96]): 
The value is the same before and after calling `init_weights` of EncoderDecoder  

decode_head.pixel_decoder.encoder.layers.2.self_attn.value_proj.weight - torch.Size([256, 256]): 
Initialized by user-defined `init_weights` in Mask2FormerHead  

decode_head.pixel_decoder.encoder.layers.2.self_attn.value_proj.bias - torch.Size([256]): 
The value is the same before and after calling `init_weights` of EncoderDecoder  

decode_head.pixel_decoder.encoder.layers.2.self_attn.output_proj.weight - torch.Size([256, 256]): 
Initialized by user-defined `init_weights` in Mask2FormerHead  

decode_head.pixel_decoder.encoder.layers.2.self_attn.output_proj.bias - torch.Size([256]): 
The value is the same before and after calling `init_weights` of EncoderDecoder  

decode_head.pixel_decoder.encoder.layers.2.ffn.layers.0.0.weight - torch.Size([1024, 256]): 
Initialized by user-defined `init_weights` in Mask2FormerHead  

decode_head.pixel_decoder.encoder.layers.2.ffn.layers.0.0.bias - torch.Size([1024]): 
The value is the same before and after calling `init_weights` of EncoderDecoder  

decode_head.pixel_decoder.encoder.layers.2.ffn.layers.1.weight - torch.Size([256, 1024]): 
Initialized by user-defined `init_weights` in Mask2FormerHead  

decode_head.pixel_decoder.encoder.layers.2.ffn.layers.1.bias - torch.Size([256]): 
The value is the same before and after calling `init_weights` of EncoderDecoder  

decode_head.pixel_decoder.encoder.layers.2.norms.0.weight - torch.Size([256]): 
The value is the same before and after calling `init_weights` of EncoderDecoder  

decode_head.pixel_decoder.encoder.layers.2.norms.0.bias - torch.Size([256]): 
The value is the same before and after calling `init_weights` of EncoderDecoder  

decode_head.pixel_decoder.encoder.layers.2.norms.1.weight - torch.Size([256]): 
The value is the same before and after calling `init_weights` of EncoderDecoder  

decode_head.pixel_decoder.encoder.layers.2.norms.1.bias - torch.Size([256]): 
The value is the same before and after calling `init_weights` of EncoderDecoder  

decode_head.pixel_decoder.encoder.layers.3.self_attn.sampling_offsets.weight - torch.Size([192, 256]): 
The value is the same before and after calling `init_weights` of EncoderDecoder  

decode_head.pixel_decoder.encoder.layers.3.self_attn.sampling_offsets.bias - torch.Size([192]): 
Initialized by user-defined `init_weights` in Mask2FormerHead  

decode_head.pixel_decoder.encoder.layers.3.self_attn.attention_weights.weight - torch.Size([96, 256]): 
The value is the same before and after calling `init_weights` of EncoderDecoder  

decode_head.pixel_decoder.encoder.layers.3.self_attn.attention_weights.bias - torch.Size([96]): 
The value is the same before and after calling `init_weights` of EncoderDecoder  

decode_head.pixel_decoder.encoder.layers.3.self_attn.value_proj.weight - torch.Size([256, 256]): 
Initialized by user-defined `init_weights` in Mask2FormerHead  

decode_head.pixel_decoder.encoder.layers.3.self_attn.value_proj.bias - torch.Size([256]): 
The value is the same before and after calling `init_weights` of EncoderDecoder  

decode_head.pixel_decoder.encoder.layers.3.self_attn.output_proj.weight - torch.Size([256, 256]): 
Initialized by user-defined `init_weights` in Mask2FormerHead  

decode_head.pixel_decoder.encoder.layers.3.self_attn.output_proj.bias - torch.Size([256]): 
The value is the same before and after calling `init_weights` of EncoderDecoder  

decode_head.pixel_decoder.encoder.layers.3.ffn.layers.0.0.weight - torch.Size([1024, 256]): 
Initialized by user-defined `init_weights` in Mask2FormerHead  

decode_head.pixel_decoder.encoder.layers.3.ffn.layers.0.0.bias - torch.Size([1024]): 
The value is the same before and after calling `init_weights` of EncoderDecoder  

decode_head.pixel_decoder.encoder.layers.3.ffn.layers.1.weight - torch.Size([256, 1024]): 
Initialized by user-defined `init_weights` in Mask2FormerHead  

decode_head.pixel_decoder.encoder.layers.3.ffn.layers.1.bias - torch.Size([256]): 
The value is the same before and after calling `init_weights` of EncoderDecoder  

decode_head.pixel_decoder.encoder.layers.3.norms.0.weight - torch.Size([256]): 
The value is the same before and after calling `init_weights` of EncoderDecoder  

decode_head.pixel_decoder.encoder.layers.3.norms.0.bias - torch.Size([256]): 
The value is the same before and after calling `init_weights` of EncoderDecoder  

decode_head.pixel_decoder.encoder.layers.3.norms.1.weight - torch.Size([256]): 
The value is the same before and after calling `init_weights` of EncoderDecoder  

decode_head.pixel_decoder.encoder.layers.3.norms.1.bias - torch.Size([256]): 
The value is the same before and after calling `init_weights` of EncoderDecoder  

decode_head.pixel_decoder.encoder.layers.4.self_attn.sampling_offsets.weight - torch.Size([192, 256]): 
The value is the same before and after calling `init_weights` of EncoderDecoder  

decode_head.pixel_decoder.encoder.layers.4.self_attn.sampling_offsets.bias - torch.Size([192]): 
Initialized by user-defined `init_weights` in Mask2FormerHead  

decode_head.pixel_decoder.encoder.layers.4.self_attn.attention_weights.weight - torch.Size([96, 256]): 
The value is the same before and after calling `init_weights` of EncoderDecoder  

decode_head.pixel_decoder.encoder.layers.4.self_attn.attention_weights.bias - torch.Size([96]): 
The value is the same before and after calling `init_weights` of EncoderDecoder  

decode_head.pixel_decoder.encoder.layers.4.self_attn.value_proj.weight - torch.Size([256, 256]): 
Initialized by user-defined `init_weights` in Mask2FormerHead  

decode_head.pixel_decoder.encoder.layers.4.self_attn.value_proj.bias - torch.Size([256]): 
The value is the same before and after calling `init_weights` of EncoderDecoder  

decode_head.pixel_decoder.encoder.layers.4.self_attn.output_proj.weight - torch.Size([256, 256]): 
Initialized by user-defined `init_weights` in Mask2FormerHead  

decode_head.pixel_decoder.encoder.layers.4.self_attn.output_proj.bias - torch.Size([256]): 
The value is the same before and after calling `init_weights` of EncoderDecoder  

decode_head.pixel_decoder.encoder.layers.4.ffn.layers.0.0.weight - torch.Size([1024, 256]): 
Initialized by user-defined `init_weights` in Mask2FormerHead  

decode_head.pixel_decoder.encoder.layers.4.ffn.layers.0.0.bias - torch.Size([1024]): 
The value is the same before and after calling `init_weights` of EncoderDecoder  

decode_head.pixel_decoder.encoder.layers.4.ffn.layers.1.weight - torch.Size([256, 1024]): 
Initialized by user-defined `init_weights` in Mask2FormerHead  

decode_head.pixel_decoder.encoder.layers.4.ffn.layers.1.bias - torch.Size([256]): 
The value is the same before and after calling `init_weights` of EncoderDecoder  

decode_head.pixel_decoder.encoder.layers.4.norms.0.weight - torch.Size([256]): 
The value is the same before and after calling `init_weights` of EncoderDecoder  

decode_head.pixel_decoder.encoder.layers.4.norms.0.bias - torch.Size([256]): 
The value is the same before and after calling `init_weights` of EncoderDecoder  

decode_head.pixel_decoder.encoder.layers.4.norms.1.weight - torch.Size([256]): 
The value is the same before and after calling `init_weights` of EncoderDecoder  

decode_head.pixel_decoder.encoder.layers.4.norms.1.bias - torch.Size([256]): 
The value is the same before and after calling `init_weights` of EncoderDecoder  

decode_head.pixel_decoder.encoder.layers.5.self_attn.sampling_offsets.weight - torch.Size([192, 256]): 
The value is the same before and after calling `init_weights` of EncoderDecoder  

decode_head.pixel_decoder.encoder.layers.5.self_attn.sampling_offsets.bias - torch.Size([192]): 
Initialized by user-defined `init_weights` in Mask2FormerHead  

decode_head.pixel_decoder.encoder.layers.5.self_attn.attention_weights.weight - torch.Size([96, 256]): 
The value is the same before and after calling `init_weights` of EncoderDecoder  

decode_head.pixel_decoder.encoder.layers.5.self_attn.attention_weights.bias - torch.Size([96]): 
The value is the same before and after calling `init_weights` of EncoderDecoder  

decode_head.pixel_decoder.encoder.layers.5.self_attn.value_proj.weight - torch.Size([256, 256]): 
Initialized by user-defined `init_weights` in Mask2FormerHead  

decode_head.pixel_decoder.encoder.layers.5.self_attn.value_proj.bias - torch.Size([256]): 
The value is the same before and after calling `init_weights` of EncoderDecoder  

decode_head.pixel_decoder.encoder.layers.5.self_attn.output_proj.weight - torch.Size([256, 256]): 
Initialized by user-defined `init_weights` in Mask2FormerHead  

decode_head.pixel_decoder.encoder.layers.5.self_attn.output_proj.bias - torch.Size([256]): 
The value is the same before and after calling `init_weights` of EncoderDecoder  

decode_head.pixel_decoder.encoder.layers.5.ffn.layers.0.0.weight - torch.Size([1024, 256]): 
Initialized by user-defined `init_weights` in Mask2FormerHead  

decode_head.pixel_decoder.encoder.layers.5.ffn.layers.0.0.bias - torch.Size([1024]): 
The value is the same before and after calling `init_weights` of EncoderDecoder  

decode_head.pixel_decoder.encoder.layers.5.ffn.layers.1.weight - torch.Size([256, 1024]): 
Initialized by user-defined `init_weights` in Mask2FormerHead  

decode_head.pixel_decoder.encoder.layers.5.ffn.layers.1.bias - torch.Size([256]): 
The value is the same before and after calling `init_weights` of EncoderDecoder  

decode_head.pixel_decoder.encoder.layers.5.norms.0.weight - torch.Size([256]): 
The value is the same before and after calling `init_weights` of EncoderDecoder  

decode_head.pixel_decoder.encoder.layers.5.norms.0.bias - torch.Size([256]): 
The value is the same before and after calling `init_weights` of EncoderDecoder  

decode_head.pixel_decoder.encoder.layers.5.norms.1.weight - torch.Size([256]): 
The value is the same before and after calling `init_weights` of EncoderDecoder  

decode_head.pixel_decoder.encoder.layers.5.norms.1.bias - torch.Size([256]): 
The value is the same before and after calling `init_weights` of EncoderDecoder  

decode_head.pixel_decoder.level_encoding.weight - torch.Size([3, 256]): 
Initialized by user-defined `init_weights` in Mask2FormerHead  

decode_head.pixel_decoder.lateral_convs.0.conv.weight - torch.Size([256, 1024, 1, 1]): 
Initialized by user-defined `init_weights` in Mask2FormerHead  

decode_head.pixel_decoder.lateral_convs.0.gn.weight - torch.Size([256]): 
The value is the same before and after calling `init_weights` of EncoderDecoder  

decode_head.pixel_decoder.lateral_convs.0.gn.bias - torch.Size([256]): 
The value is the same before and after calling `init_weights` of EncoderDecoder  

decode_head.pixel_decoder.output_convs.0.conv.weight - torch.Size([256, 256, 3, 3]): 
Initialized by user-defined `init_weights` in Mask2FormerHead  

decode_head.pixel_decoder.output_convs.0.gn.weight - torch.Size([256]): 
The value is the same before and after calling `init_weights` of EncoderDecoder  

decode_head.pixel_decoder.output_convs.0.gn.bias - torch.Size([256]): 
The value is the same before and after calling `init_weights` of EncoderDecoder  

decode_head.pixel_decoder.mask_feature.weight - torch.Size([256, 256, 1, 1]): 
Initialized by user-defined `init_weights` in Mask2FormerHead  

decode_head.pixel_decoder.mask_feature.bias - torch.Size([256]): 
Initialized by user-defined `init_weights` in Mask2FormerHead  

decode_head.transformer_decoder.layers.0.self_attn.attn.in_proj_weight - torch.Size([768, 256]): 
Initialized by user-defined `init_weights` in Mask2FormerHead  

decode_head.transformer_decoder.layers.0.self_attn.attn.in_proj_bias - torch.Size([768]): 
The value is the same before and after calling `init_weights` of EncoderDecoder  

decode_head.transformer_decoder.layers.0.self_attn.attn.out_proj.weight - torch.Size([256, 256]): 
Initialized by user-defined `init_weights` in Mask2FormerHead  

decode_head.transformer_decoder.layers.0.self_attn.attn.out_proj.bias - torch.Size([256]): 
The value is the same before and after calling `init_weights` of EncoderDecoder  

decode_head.transformer_decoder.layers.0.cross_attn.attn.in_proj_weight - torch.Size([768, 256]): 
Initialized by user-defined `init_weights` in Mask2FormerHead  

decode_head.transformer_decoder.layers.0.cross_attn.attn.in_proj_bias - torch.Size([768]): 
The value is the same before and after calling `init_weights` of EncoderDecoder  

decode_head.transformer_decoder.layers.0.cross_attn.attn.out_proj.weight - torch.Size([256, 256]): 
Initialized by user-defined `init_weights` in Mask2FormerHead  

decode_head.transformer_decoder.layers.0.cross_attn.attn.out_proj.bias - torch.Size([256]): 
The value is the same before and after calling `init_weights` of EncoderDecoder  

decode_head.transformer_decoder.layers.0.ffn.layers.0.0.weight - torch.Size([2048, 256]): 
Initialized by user-defined `init_weights` in Mask2FormerHead  

decode_head.transformer_decoder.layers.0.ffn.layers.0.0.bias - torch.Size([2048]): 
The value is the same before and after calling `init_weights` of EncoderDecoder  

decode_head.transformer_decoder.layers.0.ffn.layers.1.weight - torch.Size([256, 2048]): 
Initialized by user-defined `init_weights` in Mask2FormerHead  

decode_head.transformer_decoder.layers.0.ffn.layers.1.bias - torch.Size([256]): 
The value is the same before and after calling `init_weights` of EncoderDecoder  

decode_head.transformer_decoder.layers.0.norms.0.weight - torch.Size([256]): 
The value is the same before and after calling `init_weights` of EncoderDecoder  

decode_head.transformer_decoder.layers.0.norms.0.bias - torch.Size([256]): 
The value is the same before and after calling `init_weights` of EncoderDecoder  

decode_head.transformer_decoder.layers.0.norms.1.weight - torch.Size([256]): 
The value is the same before and after calling `init_weights` of EncoderDecoder  

decode_head.transformer_decoder.layers.0.norms.1.bias - torch.Size([256]): 
The value is the same before and after calling `init_weights` of EncoderDecoder  

decode_head.transformer_decoder.layers.0.norms.2.weight - torch.Size([256]): 
The value is the same before and after calling `init_weights` of EncoderDecoder  

decode_head.transformer_decoder.layers.0.norms.2.bias - torch.Size([256]): 
The value is the same before and after calling `init_weights` of EncoderDecoder  

decode_head.transformer_decoder.layers.1.self_attn.attn.in_proj_weight - torch.Size([768, 256]): 
Initialized by user-defined `init_weights` in Mask2FormerHead  

decode_head.transformer_decoder.layers.1.self_attn.attn.in_proj_bias - torch.Size([768]): 
The value is the same before and after calling `init_weights` of EncoderDecoder  

decode_head.transformer_decoder.layers.1.self_attn.attn.out_proj.weight - torch.Size([256, 256]): 
Initialized by user-defined `init_weights` in Mask2FormerHead  

decode_head.transformer_decoder.layers.1.self_attn.attn.out_proj.bias - torch.Size([256]): 
The value is the same before and after calling `init_weights` of EncoderDecoder  

decode_head.transformer_decoder.layers.1.cross_attn.attn.in_proj_weight - torch.Size([768, 256]): 
Initialized by user-defined `init_weights` in Mask2FormerHead  

decode_head.transformer_decoder.layers.1.cross_attn.attn.in_proj_bias - torch.Size([768]): 
The value is the same before and after calling `init_weights` of EncoderDecoder  

decode_head.transformer_decoder.layers.1.cross_attn.attn.out_proj.weight - torch.Size([256, 256]): 
Initialized by user-defined `init_weights` in Mask2FormerHead  

decode_head.transformer_decoder.layers.1.cross_attn.attn.out_proj.bias - torch.Size([256]): 
The value is the same before and after calling `init_weights` of EncoderDecoder  

decode_head.transformer_decoder.layers.1.ffn.layers.0.0.weight - torch.Size([2048, 256]): 
Initialized by user-defined `init_weights` in Mask2FormerHead  

decode_head.transformer_decoder.layers.1.ffn.layers.0.0.bias - torch.Size([2048]): 
The value is the same before and after calling `init_weights` of EncoderDecoder  

decode_head.transformer_decoder.layers.1.ffn.layers.1.weight - torch.Size([256, 2048]): 
Initialized by user-defined `init_weights` in Mask2FormerHead  

decode_head.transformer_decoder.layers.1.ffn.layers.1.bias - torch.Size([256]): 
The value is the same before and after calling `init_weights` of EncoderDecoder  

decode_head.transformer_decoder.layers.1.norms.0.weight - torch.Size([256]): 
The value is the same before and after calling `init_weights` of EncoderDecoder  

decode_head.transformer_decoder.layers.1.norms.0.bias - torch.Size([256]): 
The value is the same before and after calling `init_weights` of EncoderDecoder  

decode_head.transformer_decoder.layers.1.norms.1.weight - torch.Size([256]): 
The value is the same before and after calling `init_weights` of EncoderDecoder  

decode_head.transformer_decoder.layers.1.norms.1.bias - torch.Size([256]): 
The value is the same before and after calling `init_weights` of EncoderDecoder  

decode_head.transformer_decoder.layers.1.norms.2.weight - torch.Size([256]): 
The value is the same before and after calling `init_weights` of EncoderDecoder  

decode_head.transformer_decoder.layers.1.norms.2.bias - torch.Size([256]): 
The value is the same before and after calling `init_weights` of EncoderDecoder  

decode_head.transformer_decoder.layers.2.self_attn.attn.in_proj_weight - torch.Size([768, 256]): 
Initialized by user-defined `init_weights` in Mask2FormerHead  

decode_head.transformer_decoder.layers.2.self_attn.attn.in_proj_bias - torch.Size([768]): 
The value is the same before and after calling `init_weights` of EncoderDecoder  

decode_head.transformer_decoder.layers.2.self_attn.attn.out_proj.weight - torch.Size([256, 256]): 
Initialized by user-defined `init_weights` in Mask2FormerHead  

decode_head.transformer_decoder.layers.2.self_attn.attn.out_proj.bias - torch.Size([256]): 
The value is the same before and after calling `init_weights` of EncoderDecoder  

decode_head.transformer_decoder.layers.2.cross_attn.attn.in_proj_weight - torch.Size([768, 256]): 
Initialized by user-defined `init_weights` in Mask2FormerHead  

decode_head.transformer_decoder.layers.2.cross_attn.attn.in_proj_bias - torch.Size([768]): 
The value is the same before and after calling `init_weights` of EncoderDecoder  

decode_head.transformer_decoder.layers.2.cross_attn.attn.out_proj.weight - torch.Size([256, 256]): 
Initialized by user-defined `init_weights` in Mask2FormerHead  

decode_head.transformer_decoder.layers.2.cross_attn.attn.out_proj.bias - torch.Size([256]): 
The value is the same before and after calling `init_weights` of EncoderDecoder  

decode_head.transformer_decoder.layers.2.ffn.layers.0.0.weight - torch.Size([2048, 256]): 
Initialized by user-defined `init_weights` in Mask2FormerHead  

decode_head.transformer_decoder.layers.2.ffn.layers.0.0.bias - torch.Size([2048]): 
The value is the same before and after calling `init_weights` of EncoderDecoder  

decode_head.transformer_decoder.layers.2.ffn.layers.1.weight - torch.Size([256, 2048]): 
Initialized by user-defined `init_weights` in Mask2FormerHead  

decode_head.transformer_decoder.layers.2.ffn.layers.1.bias - torch.Size([256]): 
The value is the same before and after calling `init_weights` of EncoderDecoder  

decode_head.transformer_decoder.layers.2.norms.0.weight - torch.Size([256]): 
The value is the same before and after calling `init_weights` of EncoderDecoder  

decode_head.transformer_decoder.layers.2.norms.0.bias - torch.Size([256]): 
The value is the same before and after calling `init_weights` of EncoderDecoder  

decode_head.transformer_decoder.layers.2.norms.1.weight - torch.Size([256]): 
The value is the same before and after calling `init_weights` of EncoderDecoder  

decode_head.transformer_decoder.layers.2.norms.1.bias - torch.Size([256]): 
The value is the same before and after calling `init_weights` of EncoderDecoder  

decode_head.transformer_decoder.layers.2.norms.2.weight - torch.Size([256]): 
The value is the same before and after calling `init_weights` of EncoderDecoder  

decode_head.transformer_decoder.layers.2.norms.2.bias - torch.Size([256]): 
The value is the same before and after calling `init_weights` of EncoderDecoder  

decode_head.transformer_decoder.layers.3.self_attn.attn.in_proj_weight - torch.Size([768, 256]): 
Initialized by user-defined `init_weights` in Mask2FormerHead  

decode_head.transformer_decoder.layers.3.self_attn.attn.in_proj_bias - torch.Size([768]): 
The value is the same before and after calling `init_weights` of EncoderDecoder  

decode_head.transformer_decoder.layers.3.self_attn.attn.out_proj.weight - torch.Size([256, 256]): 
Initialized by user-defined `init_weights` in Mask2FormerHead  

decode_head.transformer_decoder.layers.3.self_attn.attn.out_proj.bias - torch.Size([256]): 
The value is the same before and after calling `init_weights` of EncoderDecoder  

decode_head.transformer_decoder.layers.3.cross_attn.attn.in_proj_weight - torch.Size([768, 256]): 
Initialized by user-defined `init_weights` in Mask2FormerHead  

decode_head.transformer_decoder.layers.3.cross_attn.attn.in_proj_bias - torch.Size([768]): 
The value is the same before and after calling `init_weights` of EncoderDecoder  

decode_head.transformer_decoder.layers.3.cross_attn.attn.out_proj.weight - torch.Size([256, 256]): 
Initialized by user-defined `init_weights` in Mask2FormerHead  

decode_head.transformer_decoder.layers.3.cross_attn.attn.out_proj.bias - torch.Size([256]): 
The value is the same before and after calling `init_weights` of EncoderDecoder  

decode_head.transformer_decoder.layers.3.ffn.layers.0.0.weight - torch.Size([2048, 256]): 
Initialized by user-defined `init_weights` in Mask2FormerHead  

decode_head.transformer_decoder.layers.3.ffn.layers.0.0.bias - torch.Size([2048]): 
The value is the same before and after calling `init_weights` of EncoderDecoder  

decode_head.transformer_decoder.layers.3.ffn.layers.1.weight - torch.Size([256, 2048]): 
Initialized by user-defined `init_weights` in Mask2FormerHead  

decode_head.transformer_decoder.layers.3.ffn.layers.1.bias - torch.Size([256]): 
The value is the same before and after calling `init_weights` of EncoderDecoder  

decode_head.transformer_decoder.layers.3.norms.0.weight - torch.Size([256]): 
The value is the same before and after calling `init_weights` of EncoderDecoder  

decode_head.transformer_decoder.layers.3.norms.0.bias - torch.Size([256]): 
The value is the same before and after calling `init_weights` of EncoderDecoder  

decode_head.transformer_decoder.layers.3.norms.1.weight - torch.Size([256]): 
The value is the same before and after calling `init_weights` of EncoderDecoder  

decode_head.transformer_decoder.layers.3.norms.1.bias - torch.Size([256]): 
The value is the same before and after calling `init_weights` of EncoderDecoder  

decode_head.transformer_decoder.layers.3.norms.2.weight - torch.Size([256]): 
The value is the same before and after calling `init_weights` of EncoderDecoder  

decode_head.transformer_decoder.layers.3.norms.2.bias - torch.Size([256]): 
The value is the same before and after calling `init_weights` of EncoderDecoder  

decode_head.transformer_decoder.layers.4.self_attn.attn.in_proj_weight - torch.Size([768, 256]): 
Initialized by user-defined `init_weights` in Mask2FormerHead  

decode_head.transformer_decoder.layers.4.self_attn.attn.in_proj_bias - torch.Size([768]): 
The value is the same before and after calling `init_weights` of EncoderDecoder  

decode_head.transformer_decoder.layers.4.self_attn.attn.out_proj.weight - torch.Size([256, 256]): 
Initialized by user-defined `init_weights` in Mask2FormerHead  

decode_head.transformer_decoder.layers.4.self_attn.attn.out_proj.bias - torch.Size([256]): 
The value is the same before and after calling `init_weights` of EncoderDecoder  

decode_head.transformer_decoder.layers.4.cross_attn.attn.in_proj_weight - torch.Size([768, 256]): 
Initialized by user-defined `init_weights` in Mask2FormerHead  

decode_head.transformer_decoder.layers.4.cross_attn.attn.in_proj_bias - torch.Size([768]): 
The value is the same before and after calling `init_weights` of EncoderDecoder  

decode_head.transformer_decoder.layers.4.cross_attn.attn.out_proj.weight - torch.Size([256, 256]): 
Initialized by user-defined `init_weights` in Mask2FormerHead  

decode_head.transformer_decoder.layers.4.cross_attn.attn.out_proj.bias - torch.Size([256]): 
The value is the same before and after calling `init_weights` of EncoderDecoder  

decode_head.transformer_decoder.layers.4.ffn.layers.0.0.weight - torch.Size([2048, 256]): 
Initialized by user-defined `init_weights` in Mask2FormerHead  

decode_head.transformer_decoder.layers.4.ffn.layers.0.0.bias - torch.Size([2048]): 
The value is the same before and after calling `init_weights` of EncoderDecoder  

decode_head.transformer_decoder.layers.4.ffn.layers.1.weight - torch.Size([256, 2048]): 
Initialized by user-defined `init_weights` in Mask2FormerHead  

decode_head.transformer_decoder.layers.4.ffn.layers.1.bias - torch.Size([256]): 
The value is the same before and after calling `init_weights` of EncoderDecoder  

decode_head.transformer_decoder.layers.4.norms.0.weight - torch.Size([256]): 
The value is the same before and after calling `init_weights` of EncoderDecoder  

decode_head.transformer_decoder.layers.4.norms.0.bias - torch.Size([256]): 
The value is the same before and after calling `init_weights` of EncoderDecoder  

decode_head.transformer_decoder.layers.4.norms.1.weight - torch.Size([256]): 
The value is the same before and after calling `init_weights` of EncoderDecoder  

decode_head.transformer_decoder.layers.4.norms.1.bias - torch.Size([256]): 
The value is the same before and after calling `init_weights` of EncoderDecoder  

decode_head.transformer_decoder.layers.4.norms.2.weight - torch.Size([256]): 
The value is the same before and after calling `init_weights` of EncoderDecoder  

decode_head.transformer_decoder.layers.4.norms.2.bias - torch.Size([256]): 
The value is the same before and after calling `init_weights` of EncoderDecoder  

decode_head.transformer_decoder.layers.5.self_attn.attn.in_proj_weight - torch.Size([768, 256]): 
Initialized by user-defined `init_weights` in Mask2FormerHead  

decode_head.transformer_decoder.layers.5.self_attn.attn.in_proj_bias - torch.Size([768]): 
The value is the same before and after calling `init_weights` of EncoderDecoder  

decode_head.transformer_decoder.layers.5.self_attn.attn.out_proj.weight - torch.Size([256, 256]): 
Initialized by user-defined `init_weights` in Mask2FormerHead  

decode_head.transformer_decoder.layers.5.self_attn.attn.out_proj.bias - torch.Size([256]): 
The value is the same before and after calling `init_weights` of EncoderDecoder  

decode_head.transformer_decoder.layers.5.cross_attn.attn.in_proj_weight - torch.Size([768, 256]): 
Initialized by user-defined `init_weights` in Mask2FormerHead  

decode_head.transformer_decoder.layers.5.cross_attn.attn.in_proj_bias - torch.Size([768]): 
The value is the same before and after calling `init_weights` of EncoderDecoder  

decode_head.transformer_decoder.layers.5.cross_attn.attn.out_proj.weight - torch.Size([256, 256]): 
Initialized by user-defined `init_weights` in Mask2FormerHead  

decode_head.transformer_decoder.layers.5.cross_attn.attn.out_proj.bias - torch.Size([256]): 
The value is the same before and after calling `init_weights` of EncoderDecoder  

decode_head.transformer_decoder.layers.5.ffn.layers.0.0.weight - torch.Size([2048, 256]): 
Initialized by user-defined `init_weights` in Mask2FormerHead  

decode_head.transformer_decoder.layers.5.ffn.layers.0.0.bias - torch.Size([2048]): 
The value is the same before and after calling `init_weights` of EncoderDecoder  

decode_head.transformer_decoder.layers.5.ffn.layers.1.weight - torch.Size([256, 2048]): 
Initialized by user-defined `init_weights` in Mask2FormerHead  

decode_head.transformer_decoder.layers.5.ffn.layers.1.bias - torch.Size([256]): 
The value is the same before and after calling `init_weights` of EncoderDecoder  

decode_head.transformer_decoder.layers.5.norms.0.weight - torch.Size([256]): 
The value is the same before and after calling `init_weights` of EncoderDecoder  

decode_head.transformer_decoder.layers.5.norms.0.bias - torch.Size([256]): 
The value is the same before and after calling `init_weights` of EncoderDecoder  

decode_head.transformer_decoder.layers.5.norms.1.weight - torch.Size([256]): 
The value is the same before and after calling `init_weights` of EncoderDecoder  

decode_head.transformer_decoder.layers.5.norms.1.bias - torch.Size([256]): 
The value is the same before and after calling `init_weights` of EncoderDecoder  

decode_head.transformer_decoder.layers.5.norms.2.weight - torch.Size([256]): 
The value is the same before and after calling `init_weights` of EncoderDecoder  

decode_head.transformer_decoder.layers.5.norms.2.bias - torch.Size([256]): 
The value is the same before and after calling `init_weights` of EncoderDecoder  

decode_head.transformer_decoder.layers.6.self_attn.attn.in_proj_weight - torch.Size([768, 256]): 
Initialized by user-defined `init_weights` in Mask2FormerHead  

decode_head.transformer_decoder.layers.6.self_attn.attn.in_proj_bias - torch.Size([768]): 
The value is the same before and after calling `init_weights` of EncoderDecoder  

decode_head.transformer_decoder.layers.6.self_attn.attn.out_proj.weight - torch.Size([256, 256]): 
Initialized by user-defined `init_weights` in Mask2FormerHead  

decode_head.transformer_decoder.layers.6.self_attn.attn.out_proj.bias - torch.Size([256]): 
The value is the same before and after calling `init_weights` of EncoderDecoder  

decode_head.transformer_decoder.layers.6.cross_attn.attn.in_proj_weight - torch.Size([768, 256]): 
Initialized by user-defined `init_weights` in Mask2FormerHead  

decode_head.transformer_decoder.layers.6.cross_attn.attn.in_proj_bias - torch.Size([768]): 
The value is the same before and after calling `init_weights` of EncoderDecoder  

decode_head.transformer_decoder.layers.6.cross_attn.attn.out_proj.weight - torch.Size([256, 256]): 
Initialized by user-defined `init_weights` in Mask2FormerHead  

decode_head.transformer_decoder.layers.6.cross_attn.attn.out_proj.bias - torch.Size([256]): 
The value is the same before and after calling `init_weights` of EncoderDecoder  

decode_head.transformer_decoder.layers.6.ffn.layers.0.0.weight - torch.Size([2048, 256]): 
Initialized by user-defined `init_weights` in Mask2FormerHead  

decode_head.transformer_decoder.layers.6.ffn.layers.0.0.bias - torch.Size([2048]): 
The value is the same before and after calling `init_weights` of EncoderDecoder  

decode_head.transformer_decoder.layers.6.ffn.layers.1.weight - torch.Size([256, 2048]): 
Initialized by user-defined `init_weights` in Mask2FormerHead  

decode_head.transformer_decoder.layers.6.ffn.layers.1.bias - torch.Size([256]): 
The value is the same before and after calling `init_weights` of EncoderDecoder  

decode_head.transformer_decoder.layers.6.norms.0.weight - torch.Size([256]): 
The value is the same before and after calling `init_weights` of EncoderDecoder  

decode_head.transformer_decoder.layers.6.norms.0.bias - torch.Size([256]): 
The value is the same before and after calling `init_weights` of EncoderDecoder  

decode_head.transformer_decoder.layers.6.norms.1.weight - torch.Size([256]): 
The value is the same before and after calling `init_weights` of EncoderDecoder  

decode_head.transformer_decoder.layers.6.norms.1.bias - torch.Size([256]): 
The value is the same before and after calling `init_weights` of EncoderDecoder  

decode_head.transformer_decoder.layers.6.norms.2.weight - torch.Size([256]): 
The value is the same before and after calling `init_weights` of EncoderDecoder  

decode_head.transformer_decoder.layers.6.norms.2.bias - torch.Size([256]): 
The value is the same before and after calling `init_weights` of EncoderDecoder  

decode_head.transformer_decoder.layers.7.self_attn.attn.in_proj_weight - torch.Size([768, 256]): 
Initialized by user-defined `init_weights` in Mask2FormerHead  

decode_head.transformer_decoder.layers.7.self_attn.attn.in_proj_bias - torch.Size([768]): 
The value is the same before and after calling `init_weights` of EncoderDecoder  

decode_head.transformer_decoder.layers.7.self_attn.attn.out_proj.weight - torch.Size([256, 256]): 
Initialized by user-defined `init_weights` in Mask2FormerHead  

decode_head.transformer_decoder.layers.7.self_attn.attn.out_proj.bias - torch.Size([256]): 
The value is the same before and after calling `init_weights` of EncoderDecoder  

decode_head.transformer_decoder.layers.7.cross_attn.attn.in_proj_weight - torch.Size([768, 256]): 
Initialized by user-defined `init_weights` in Mask2FormerHead  

decode_head.transformer_decoder.layers.7.cross_attn.attn.in_proj_bias - torch.Size([768]): 
The value is the same before and after calling `init_weights` of EncoderDecoder  

decode_head.transformer_decoder.layers.7.cross_attn.attn.out_proj.weight - torch.Size([256, 256]): 
Initialized by user-defined `init_weights` in Mask2FormerHead  

decode_head.transformer_decoder.layers.7.cross_attn.attn.out_proj.bias - torch.Size([256]): 
The value is the same before and after calling `init_weights` of EncoderDecoder  

decode_head.transformer_decoder.layers.7.ffn.layers.0.0.weight - torch.Size([2048, 256]): 
Initialized by user-defined `init_weights` in Mask2FormerHead  

decode_head.transformer_decoder.layers.7.ffn.layers.0.0.bias - torch.Size([2048]): 
The value is the same before and after calling `init_weights` of EncoderDecoder  

decode_head.transformer_decoder.layers.7.ffn.layers.1.weight - torch.Size([256, 2048]): 
Initialized by user-defined `init_weights` in Mask2FormerHead  

decode_head.transformer_decoder.layers.7.ffn.layers.1.bias - torch.Size([256]): 
The value is the same before and after calling `init_weights` of EncoderDecoder  

decode_head.transformer_decoder.layers.7.norms.0.weight - torch.Size([256]): 
The value is the same before and after calling `init_weights` of EncoderDecoder  

decode_head.transformer_decoder.layers.7.norms.0.bias - torch.Size([256]): 
The value is the same before and after calling `init_weights` of EncoderDecoder  

decode_head.transformer_decoder.layers.7.norms.1.weight - torch.Size([256]): 
The value is the same before and after calling `init_weights` of EncoderDecoder  

decode_head.transformer_decoder.layers.7.norms.1.bias - torch.Size([256]): 
The value is the same before and after calling `init_weights` of EncoderDecoder  

decode_head.transformer_decoder.layers.7.norms.2.weight - torch.Size([256]): 
The value is the same before and after calling `init_weights` of EncoderDecoder  

decode_head.transformer_decoder.layers.7.norms.2.bias - torch.Size([256]): 
The value is the same before and after calling `init_weights` of EncoderDecoder  

decode_head.transformer_decoder.layers.8.self_attn.attn.in_proj_weight - torch.Size([768, 256]): 
Initialized by user-defined `init_weights` in Mask2FormerHead  

decode_head.transformer_decoder.layers.8.self_attn.attn.in_proj_bias - torch.Size([768]): 
The value is the same before and after calling `init_weights` of EncoderDecoder  

decode_head.transformer_decoder.layers.8.self_attn.attn.out_proj.weight - torch.Size([256, 256]): 
Initialized by user-defined `init_weights` in Mask2FormerHead  

decode_head.transformer_decoder.layers.8.self_attn.attn.out_proj.bias - torch.Size([256]): 
The value is the same before and after calling `init_weights` of EncoderDecoder  

decode_head.transformer_decoder.layers.8.cross_attn.attn.in_proj_weight - torch.Size([768, 256]): 
Initialized by user-defined `init_weights` in Mask2FormerHead  

decode_head.transformer_decoder.layers.8.cross_attn.attn.in_proj_bias - torch.Size([768]): 
The value is the same before and after calling `init_weights` of EncoderDecoder  

decode_head.transformer_decoder.layers.8.cross_attn.attn.out_proj.weight - torch.Size([256, 256]): 
Initialized by user-defined `init_weights` in Mask2FormerHead  

decode_head.transformer_decoder.layers.8.cross_attn.attn.out_proj.bias - torch.Size([256]): 
The value is the same before and after calling `init_weights` of EncoderDecoder  

decode_head.transformer_decoder.layers.8.ffn.layers.0.0.weight - torch.Size([2048, 256]): 
Initialized by user-defined `init_weights` in Mask2FormerHead  

decode_head.transformer_decoder.layers.8.ffn.layers.0.0.bias - torch.Size([2048]): 
The value is the same before and after calling `init_weights` of EncoderDecoder  

decode_head.transformer_decoder.layers.8.ffn.layers.1.weight - torch.Size([256, 2048]): 
Initialized by user-defined `init_weights` in Mask2FormerHead  

decode_head.transformer_decoder.layers.8.ffn.layers.1.bias - torch.Size([256]): 
The value is the same before and after calling `init_weights` of EncoderDecoder  

decode_head.transformer_decoder.layers.8.norms.0.weight - torch.Size([256]): 
The value is the same before and after calling `init_weights` of EncoderDecoder  

decode_head.transformer_decoder.layers.8.norms.0.bias - torch.Size([256]): 
The value is the same before and after calling `init_weights` of EncoderDecoder  

decode_head.transformer_decoder.layers.8.norms.1.weight - torch.Size([256]): 
The value is the same before and after calling `init_weights` of EncoderDecoder  

decode_head.transformer_decoder.layers.8.norms.1.bias - torch.Size([256]): 
The value is the same before and after calling `init_weights` of EncoderDecoder  

decode_head.transformer_decoder.layers.8.norms.2.weight - torch.Size([256]): 
The value is the same before and after calling `init_weights` of EncoderDecoder  

decode_head.transformer_decoder.layers.8.norms.2.bias - torch.Size([256]): 
The value is the same before and after calling `init_weights` of EncoderDecoder  

decode_head.transformer_decoder.post_norm.weight - torch.Size([256]): 
The value is the same before and after calling `init_weights` of EncoderDecoder  

decode_head.transformer_decoder.post_norm.bias - torch.Size([256]): 
The value is the same before and after calling `init_weights` of EncoderDecoder  

decode_head.query_embed.weight - torch.Size([50, 256]): 
The value is the same before and after calling `init_weights` of EncoderDecoder  

decode_head.query_feat.weight - torch.Size([50, 256]): 
The value is the same before and after calling `init_weights` of EncoderDecoder  

decode_head.level_embed.weight - torch.Size([3, 256]): 
The value is the same before and after calling `init_weights` of EncoderDecoder  

decode_head.cls_embed.weight - torch.Size([6, 256]): 
The value is the same before and after calling `init_weights` of EncoderDecoder  

decode_head.cls_embed.bias - torch.Size([6]): 
The value is the same before and after calling `init_weights` of EncoderDecoder  

decode_head.mask_embed.0.weight - torch.Size([256, 256]): 
The value is the same before and after calling `init_weights` of EncoderDecoder  

decode_head.mask_embed.0.bias - torch.Size([256]): 
The value is the same before and after calling `init_weights` of EncoderDecoder  

decode_head.mask_embed.2.weight - torch.Size([256, 256]): 
The value is the same before and after calling `init_weights` of EncoderDecoder  

decode_head.mask_embed.2.bias - torch.Size([256]): 
The value is the same before and after calling `init_weights` of EncoderDecoder  

decode_head.mask_embed.4.weight - torch.Size([256, 256]): 
The value is the same before and after calling `init_weights` of EncoderDecoder  

decode_head.mask_embed.4.bias - torch.Size([256]): 
The value is the same before and after calling `init_weights` of EncoderDecoder  
2026/07/20 19:07:22 - mmengine - WARNING - "FileClient" will be deprecated in future. Please use io functions in https://mmengine.readthedocs.io/en/latest/api/fileio.html#file-io
2026/07/20 19:07:22 - mmengine - WARNING - "HardDiskBackend" is the alias of "LocalBackend" and the former will be deprecated in future.
2026/07/20 19:07:22 - mmengine - INFO - Checkpoints will be saved to /mnt/qh2-nas3/00-model/00-fb/fusion_potsdam/work_dirs/dinov3_m2f_31999.
2026/07/20 19:09:36 - mmengine - INFO - Iter(train) [  100/80000]  base_lr: 1.6989e-06 lr: 1.6989e-06  eta: 1 day, 5:44:44  time: 1.1564  data_time: 0.0145  memory: 16674  grad_norm: 275.5540  loss: 81.8882  decode.loss_cls: 1.1992  decode.loss_mask: 3.2539  decode.loss_dice: 3.6850  decode.d0.loss_cls: 3.6421  decode.d0.loss_mask: 2.6002  decode.d0.loss_dice: 3.2845  decode.d1.loss_cls: 3.1959  decode.d1.loss_mask: 2.5897  decode.d1.loss_dice: 3.3202  decode.d2.loss_cls: 2.5351  decode.d2.loss_mask: 2.5672  decode.d2.loss_dice: 3.3507  decode.d3.loss_cls: 1.2727  decode.d3.loss_mask: 2.7537  decode.d3.loss_dice: 3.4143  decode.d4.loss_cls: 1.3101  decode.d4.loss_mask: 2.8786  decode.d4.loss_dice: 3.5130  decode.d5.loss_cls: 1.4427  decode.d5.loss_mask: 3.0550  decode.d5.loss_dice: 3.5281  decode.d6.loss_cls: 0.9925  decode.d6.loss_mask: 3.1899  decode.d6.loss_dice: 3.5820  decode.d7.loss_cls: 1.0755  decode.d7.loss_mask: 3.2128  decode.d7.loss_dice: 3.5585  decode.d8.loss_cls: 1.1478  decode.d8.loss_mask: 3.2160  decode.d8.loss_dice: 3.5213
2026/07/20 19:11:31 - mmengine - INFO - Iter(train) [  200/80000]  base_lr: 3.3645e-06 lr: 3.3645e-06  eta: 1 day, 3:40:52  time: 1.1520  data_time: 0.0142  memory: 9079  grad_norm: 62.9498  loss: 72.0067  decode.loss_cls: 0.8619  decode.loss_mask: 2.4344  decode.loss_dice: 3.6967  decode.d0.loss_cls: 3.5758  decode.d0.loss_mask: 2.4530  decode.d0.loss_dice: 3.4924  decode.d1.loss_cls: 1.0320  decode.d1.loss_mask: 2.4187  decode.d1.loss_dice: 3.4700  decode.d2.loss_cls: 0.8756  decode.d2.loss_mask: 2.3913  decode.d2.loss_dice: 3.5453  decode.d3.loss_cls: 0.8556  decode.d3.loss_mask: 2.4108  decode.d3.loss_dice: 3.5543  decode.d4.loss_cls: 0.8489  decode.d4.loss_mask: 2.4222  decode.d4.loss_dice: 3.6030  decode.d5.loss_cls: 0.8697  decode.d5.loss_mask: 2.4301  decode.d5.loss_dice: 3.6152  decode.d6.loss_cls: 0.8716  decode.d6.loss_mask: 2.4399  decode.d6.loss_dice: 3.6699  decode.d7.loss_cls: 0.8694  decode.d7.loss_mask: 2.5197  decode.d7.loss_dice: 3.6675  decode.d8.loss_cls: 0.8582  decode.d8.loss_mask: 2.5904  decode.d8.loss_dice: 3.6632
2026/07/20 19:13:27 - mmengine - INFO - Iter(train) [  300/80000]  base_lr: 5.0300e-06 lr: 5.0300e-06  eta: 1 day, 2:58:44  time: 1.1605  data_time: 0.0136  memory: 9088  grad_norm: 142.1306  loss: 64.2262  decode.loss_cls: 0.7625  decode.loss_mask: 2.3886  decode.loss_dice: 3.2141  decode.d0.loss_cls: 3.5782  decode.d0.loss_mask: 2.3265  decode.d0.loss_dice: 3.0973  decode.d1.loss_cls: 0.8273  decode.d1.loss_mask: 2.2813  decode.d1.loss_dice: 3.1272  decode.d2.loss_cls: 0.7383  decode.d2.loss_mask: 2.2059  decode.d2.loss_dice: 3.1143  decode.d3.loss_cls: 0.7324  decode.d3.loss_mask: 2.2011  decode.d3.loss_dice: 3.0515  decode.d4.loss_cls: 0.7315  decode.d4.loss_mask: 2.2111  decode.d4.loss_dice: 3.0134  decode.d5.loss_cls: 0.7689  decode.d5.loss_mask: 2.2565  decode.d5.loss_dice: 3.0466  decode.d6.loss_cls: 0.7703  decode.d6.loss_mask: 2.2693  decode.d6.loss_dice: 3.0500  decode.d7.loss_cls: 0.7670  decode.d7.loss_mask: 2.2725  decode.d7.loss_dice: 3.1424  decode.d8.loss_cls: 0.7637  decode.d8.loss_mask: 2.3140  decode.d8.loss_dice: 3.2023
2026/07/20 19:15:24 - mmengine - INFO - Iter(train) [  400/80000]  base_lr: 6.6956e-06 lr: 6.6956e-06  eta: 1 day, 2:38:49  time: 1.1529  data_time: 0.0144  memory: 9088  grad_norm: 132.8757  loss: 60.1442  decode.loss_cls: 0.8044  decode.loss_mask: 2.1114  decode.loss_dice: 2.9057  decode.d0.loss_cls: 3.5490  decode.d0.loss_mask: 2.1861  decode.d0.loss_dice: 3.0229  decode.d1.loss_cls: 0.8421  decode.d1.loss_mask: 2.0929  decode.d1.loss_dice: 2.9297  decode.d2.loss_cls: 0.7867  decode.d2.loss_mask: 2.0535  decode.d2.loss_dice: 2.8907  decode.d3.loss_cls: 0.7380  decode.d3.loss_mask: 2.0590  decode.d3.loss_dice: 2.8529  decode.d4.loss_cls: 0.7438  decode.d4.loss_mask: 2.0614  decode.d4.loss_dice: 2.7995  decode.d5.loss_cls: 0.7615  decode.d5.loss_mask: 2.0430  decode.d5.loss_dice: 2.8134  decode.d6.loss_cls: 0.7642  decode.d6.loss_mask: 2.0693  decode.d6.loss_dice: 2.7573  decode.d7.loss_cls: 0.7974  decode.d7.loss_mask: 2.0913  decode.d7.loss_dice: 2.8467  decode.d8.loss_cls: 0.8014  decode.d8.loss_mask: 2.1014  decode.d8.loss_dice: 2.8674
2026/07/20 19:17:21 - mmengine - INFO - Iter(train) [  500/80000]  base_lr: 8.3611e-06 lr: 8.3611e-06  eta: 1 day, 2:27:36  time: 1.1825  data_time: 0.0143  memory: 9079  grad_norm: 155.5425  loss: 46.9711  decode.loss_cls: 0.6424  decode.loss_mask: 1.5822  decode.loss_dice: 2.1613  decode.d0.loss_cls: 3.5805  decode.d0.loss_mask: 1.7272  decode.d0.loss_dice: 2.4843  decode.d1.loss_cls: 0.7529  decode.d1.loss_mask: 1.6026  decode.d1.loss_dice: 2.2767  decode.d2.loss_cls: 0.6947  decode.d2.loss_mask: 1.5660  decode.d2.loss_dice: 2.1606  decode.d3.loss_cls: 0.6424  decode.d3.loss_mask: 1.5533  decode.d3.loss_dice: 2.1124  decode.d4.loss_cls: 0.6266  decode.d4.loss_mask: 1.5524  decode.d4.loss_dice: 2.0796  decode.d5.loss_cls: 0.6342  decode.d5.loss_mask: 1.5625  decode.d5.loss_dice: 2.0630  decode.d6.loss_cls: 0.6287  decode.d6.loss_mask: 1.5404  decode.d6.loss_dice: 2.0585  decode.d7.loss_cls: 0.6408  decode.d7.loss_mask: 1.5631  decode.d7.loss_dice: 2.1503  decode.d8.loss_cls: 0.6331  decode.d8.loss_mask: 1.5611  decode.d8.loss_dice: 2.1368
2026/07/20 19:19:18 - mmengine - INFO - Iter(train) [  600/80000]  base_lr: 1.0027e-05 lr: 1.0027e-05  eta: 1 day, 2:19:30  time: 1.1649  data_time: 0.0144  memory: 9088  grad_norm: 214.5717  loss: 47.1793  decode.loss_cls: 0.6393  decode.loss_mask: 1.7736  decode.loss_dice: 2.0750  decode.d0.loss_cls: 3.5285  decode.d0.loss_mask: 1.8675  decode.d0.loss_dice: 2.3805  decode.d1.loss_cls: 0.7262  decode.d1.loss_mask: 1.7904  decode.d1.loss_dice: 2.2022  decode.d2.loss_cls: 0.6418  decode.d2.loss_mask: 1.7515  decode.d2.loss_dice: 2.0775  decode.d3.loss_cls: 0.5885  decode.d3.loss_mask: 1.7019  decode.d3.loss_dice: 1.9776  decode.d4.loss_cls: 0.5890  decode.d4.loss_mask: 1.7217  decode.d4.loss_dice: 1.9503  decode.d5.loss_cls: 0.5986  decode.d5.loss_mask: 1.7317  decode.d5.loss_dice: 1.9261  decode.d6.loss_cls: 0.5827  decode.d6.loss_mask: 1.7288  decode.d6.loss_dice: 1.9149  decode.d7.loss_cls: 0.5923  decode.d7.loss_mask: 1.7414  decode.d7.loss_dice: 1.9839  decode.d8.loss_cls: 0.6019  decode.d8.loss_mask: 1.7730  decode.d8.loss_dice: 2.0208
2026/07/20 19:21:12 - mmengine - INFO - Iter(train) [  700/80000]  base_lr: 1.1692e-05 lr: 1.1692e-05  eta: 1 day, 2:08:16  time: 1.2250  data_time: 0.0148  memory: 9088  grad_norm: 171.1000  loss: 40.8401  decode.loss_cls: 0.5377  decode.loss_mask: 1.4478  decode.loss_dice: 1.7393  decode.d0.loss_cls: 3.4855  decode.d0.loss_mask: 1.5756  decode.d0.loss_dice: 2.0541  decode.d1.loss_cls: 0.6901  decode.d1.loss_mask: 1.4939  decode.d1.loss_dice: 1.8814  decode.d2.loss_cls: 0.5879  decode.d2.loss_mask: 1.4674  decode.d2.loss_dice: 1.8108  decode.d3.loss_cls: 0.5315  decode.d3.loss_mask: 1.4575  decode.d3.loss_dice: 1.7681  decode.d4.loss_cls: 0.5144  decode.d4.loss_mask: 1.4772  decode.d4.loss_dice: 1.6954  decode.d5.loss_cls: 0.5220  decode.d5.loss_mask: 1.4701  decode.d5.loss_dice: 1.6882  decode.d6.loss_cls: 0.5169  decode.d6.loss_mask: 1.4715  decode.d6.loss_dice: 1.6747  decode.d7.loss_cls: 0.5060  decode.d7.loss_mask: 1.4358  decode.d7.loss_dice: 1.6903  decode.d8.loss_cls: 0.5194  decode.d8.loss_mask: 1.4361  decode.d8.loss_dice: 1.6934
2026/07/20 19:23:09 - mmengine - INFO - Iter(train) [  800/80000]  base_lr: 1.3358e-05 lr: 1.3358e-05  eta: 1 day, 2:02:41  time: 1.1637  data_time: 0.0164  memory: 9088  grad_norm: 197.2969  loss: 44.3224  decode.loss_cls: 0.5233  decode.loss_mask: 1.7690  decode.loss_dice: 1.8035  decode.d0.loss_cls: 3.3961  decode.d0.loss_mask: 1.8676  decode.d0.loss_dice: 2.1190  decode.d1.loss_cls: 0.6528  decode.d1.loss_mask: 1.7692  decode.d1.loss_dice: 1.8701  decode.d2.loss_cls: 0.5383  decode.d2.loss_mask: 1.7759  decode.d2.loss_dice: 1.7969  decode.d3.loss_cls: 0.4774  decode.d3.loss_mask: 1.8060  decode.d3.loss_dice: 1.7887  decode.d4.loss_cls: 0.4705  decode.d4.loss_mask: 1.8501  decode.d4.loss_dice: 1.7554  decode.d5.loss_cls: 0.4892  decode.d5.loss_mask: 1.8262  decode.d5.loss_dice: 1.7604  decode.d6.loss_cls: 0.4837  decode.d6.loss_mask: 1.8175  decode.d6.loss_dice: 1.7610  decode.d7.loss_cls: 0.4671  decode.d7.loss_mask: 1.8348  decode.d7.loss_dice: 1.8061  decode.d8.loss_cls: 0.4892  decode.d8.loss_mask: 1.7983  decode.d8.loss_dice: 1.7593
2026/07/20 19:24:22 - mmengine - INFO - Exp name: dinov3_m2f_31999_20260720_190649
2026/07/20 19:24:23 - mmengine - WARNING - Reach the end of the dataloader, it will be restarted and continue to iterate. It is recommended to use `mmengine.dataset.InfiniteSampler` to enable the dataloader to iterate infinitely.
2026/07/20 19:25:07 - mmengine - INFO - Iter(train) [  900/80000]  base_lr: 1.5023e-05 lr: 1.5023e-05  eta: 1 day, 2:00:46  time: 1.1681  data_time: 0.0149  memory: 9088  grad_norm: 218.8746  loss: 42.0516  decode.loss_cls: 0.4982  decode.loss_mask: 1.6465  decode.loss_dice: 1.8412  decode.d0.loss_cls: 3.3705  decode.d0.loss_mask: 1.6786  decode.d0.loss_dice: 2.0417  decode.d1.loss_cls: 0.5395  decode.d1.loss_mask: 1.6116  decode.d1.loss_dice: 1.8179  decode.d2.loss_cls: 0.4265  decode.d2.loss_mask: 1.6665  decode.d2.loss_dice: 1.7668  decode.d3.loss_cls: 0.3777  decode.d3.loss_mask: 1.7008  decode.d3.loss_dice: 1.7515  decode.d4.loss_cls: 0.3802  decode.d4.loss_mask: 1.7207  decode.d4.loss_dice: 1.7339  decode.d5.loss_cls: 0.4116  decode.d5.loss_mask: 1.6719  decode.d5.loss_dice: 1.7655  decode.d6.loss_cls: 0.4334  decode.d6.loss_mask: 1.6583  decode.d6.loss_dice: 1.7364  decode.d7.loss_cls: 0.4432  decode.d7.loss_mask: 1.6588  decode.d7.loss_dice: 1.7838  decode.d8.loss_cls: 0.4549  decode.d8.loss_mask: 1.6649  decode.d8.loss_dice: 1.7984
2026/07/20 19:27:03 - mmengine - INFO - Exp name: dinov3_m2f_31999_20260720_190649
2026/07/20 19:27:03 - mmengine - INFO - Iter(train) [ 1000/80000]  base_lr: 1.6689e-05 lr: 1.6689e-05  eta: 1 day, 1:56:04  time: 1.1707  data_time: 0.0136  memory: 9079  grad_norm: 179.3451  loss: 39.3790  decode.loss_cls: 0.3559  decode.loss_mask: 1.7585  decode.loss_dice: 1.5470  decode.d0.loss_cls: 3.2741  decode.d0.loss_mask: 1.7446  decode.d0.loss_dice: 1.7361  decode.d1.loss_cls: 0.4882  decode.d1.loss_mask: 1.7155  decode.d1.loss_dice: 1.5600  decode.d2.loss_cls: 0.3470  decode.d2.loss_mask: 1.7288  decode.d2.loss_dice: 1.5032  decode.d3.loss_cls: 0.2971  decode.d3.loss_mask: 1.7632  decode.d3.loss_dice: 1.5233  decode.d4.loss_cls: 0.2880  decode.d4.loss_mask: 1.7916  decode.d4.loss_dice: 1.5141  decode.d5.loss_cls: 0.2979  decode.d5.loss_mask: 1.7918  decode.d5.loss_dice: 1.5321  decode.d6.loss_cls: 0.2871  decode.d6.loss_mask: 1.7780  decode.d6.loss_dice: 1.5659  decode.d7.loss_cls: 0.3150  decode.d7.loss_mask: 1.7219  decode.d7.loss_dice: 1.5406  decode.d8.loss_cls: 0.3363  decode.d8.loss_mask: 1.7465  decode.d8.loss_dice: 1.5300
2026/07/20 19:29:01 - mmengine - INFO - Iter(train) [ 1100/80000]  base_lr: 1.8354e-05 lr: 1.8354e-05  eta: 1 day, 1:53:13  time: 1.1758  data_time: 0.0143  memory: 9088  grad_norm: 158.5703  loss: 38.5343  decode.loss_cls: 0.2218  decode.loss_mask: 1.6722  decode.loss_dice: 1.6010  decode.d0.loss_cls: 3.2071  decode.d0.loss_mask: 1.6637  decode.d0.loss_dice: 1.7398  decode.d1.loss_cls: 0.4102  decode.d1.loss_mask: 1.6665  decode.d1.loss_dice: 1.6562  decode.d2.loss_cls: 0.2571  decode.d2.loss_mask: 1.6823  decode.d2.loss_dice: 1.6326  decode.d3.loss_cls: 0.1722  decode.d3.loss_mask: 1.7361  decode.d3.loss_dice: 1.6285  decode.d4.loss_cls: 0.1602  decode.d4.loss_mask: 1.7473  decode.d4.loss_dice: 1.6387  decode.d5.loss_cls: 0.1736  decode.d5.loss_mask: 1.7327  decode.d5.loss_dice: 1.5866  decode.d6.loss_cls: 0.1733  decode.d6.loss_mask: 1.7454  decode.d6.loss_dice: 1.5841  decode.d7.loss_cls: 0.1851  decode.d7.loss_mask: 1.7241  decode.d7.loss_dice: 1.6104  decode.d8.loss_cls: 0.1928  decode.d8.loss_mask: 1.7179  decode.d8.loss_dice: 1.6144
2026/07/20 19:30:57 - mmengine - INFO - Iter(train) [ 1200/80000]  base_lr: 2.0020e-05 lr: 2.0020e-05  eta: 1 day, 1:48:59  time: 1.1477  data_time: 0.0147  memory: 9088  grad_norm: 210.3246  loss: 41.7803  decode.loss_cls: 0.2364  decode.loss_mask: 1.7737  decode.loss_dice: 1.9268  decode.d0.loss_cls: 3.1253  decode.d0.loss_mask: 1.7235  decode.d0.loss_dice: 2.0478  decode.d1.loss_cls: 0.3797  decode.d1.loss_mask: 1.7288  decode.d1.loss_dice: 1.8926  decode.d2.loss_cls: 0.2473  decode.d2.loss_mask: 1.7645  decode.d2.loss_dice: 1.8747  decode.d3.loss_cls: 0.2083  decode.d3.loss_mask: 1.7574  decode.d3.loss_dice: 1.8668  decode.d4.loss_cls: 0.2208  decode.d4.loss_mask: 1.7530  decode.d4.loss_dice: 1.8676  decode.d5.loss_cls: 0.2006  decode.d5.loss_mask: 1.7722  decode.d5.loss_dice: 1.8722  decode.d6.loss_cls: 0.1814  decode.d6.loss_mask: 1.7881  decode.d6.loss_dice: 1.8767  decode.d7.loss_cls: 0.2156  decode.d7.loss_mask: 1.7385  decode.d7.loss_dice: 1.8742  decode.d8.loss_cls: 0.2174  decode.d8.loss_mask: 1.7539  decode.d8.loss_dice: 1.8947
2026/07/20 19:32:53 - mmengine - INFO - Iter(train) [ 1300/80000]  base_lr: 2.1686e-05 lr: 2.1686e-05  eta: 1 day, 1:45:26  time: 1.1776  data_time: 0.0150  memory: 9079  grad_norm: 192.1393  loss: 34.0165  decode.loss_cls: 0.1803  decode.loss_mask: 1.5468  decode.loss_dice: 1.4598  decode.d0.loss_cls: 3.0793  decode.d0.loss_mask: 1.3674  decode.d0.loss_dice: 1.5123  decode.d1.loss_cls: 0.3087  decode.d1.loss_mask: 1.3943  decode.d1.loss_dice: 1.3624  decode.d2.loss_cls: 0.1944  decode.d2.loss_mask: 1.4793  decode.d2.loss_dice: 1.4168  decode.d3.loss_cls: 0.1700  decode.d3.loss_mask: 1.4759  decode.d3.loss_dice: 1.3984  decode.d4.loss_cls: 0.1672  decode.d4.loss_mask: 1.4985  decode.d4.loss_dice: 1.4235  decode.d5.loss_cls: 0.1597  decode.d5.loss_mask: 1.5484  decode.d5.loss_dice: 1.4785  decode.d6.loss_cls: 0.1627  decode.d6.loss_mask: 1.5191  decode.d6.loss_dice: 1.4537  decode.d7.loss_cls: 0.1664  decode.d7.loss_mask: 1.5045  decode.d7.loss_dice: 1.4420  decode.d8.loss_cls: 0.1615  decode.d8.loss_mask: 1.5254  decode.d8.loss_dice: 1.4590
2026/07/20 19:34:52 - mmengine - INFO - Iter(train) [ 1400/80000]  base_lr: 2.3351e-05 lr: 2.3351e-05  eta: 1 day, 1:44:28  time: 1.1785  data_time: 0.0147  memory: 9088  grad_norm: 157.1234  loss: 33.4532  decode.loss_cls: 0.1325  decode.loss_mask: 1.4934  decode.loss_dice: 1.4802  decode.d0.loss_cls: 2.9529  decode.d0.loss_mask: 1.3692  decode.d0.loss_dice: 1.5380  decode.d1.loss_cls: 0.2314  decode.d1.loss_mask: 1.4103  decode.d1.loss_dice: 1.4492  decode.d2.loss_cls: 0.1257  decode.d2.loss_mask: 1.4478  decode.d2.loss_dice: 1.4523  decode.d3.loss_cls: 0.1145  decode.d3.loss_mask: 1.4537  decode.d3.loss_dice: 1.4729  decode.d4.loss_cls: 0.1167  decode.d4.loss_mask: 1.4677  decode.d4.loss_dice: 1.4830  decode.d5.loss_cls: 0.1198  decode.d5.loss_mask: 1.4848  decode.d5.loss_dice: 1.4648  decode.d6.loss_cls: 0.1196  decode.d6.loss_mask: 1.4803  decode.d6.loss_dice: 1.4746  decode.d7.loss_cls: 0.1099  decode.d7.loss_mask: 1.4785  decode.d7.loss_dice: 1.4761  decode.d8.loss_cls: 0.1169  decode.d8.loss_mask: 1.4766  decode.d8.loss_dice: 1.4601
2026/07/20 19:36:53 - mmengine - INFO - Iter(train) [ 1500/80000]  base_lr: 2.5017e-05 lr: 2.5017e-05  eta: 1 day, 1:44:50  time: 1.0292  data_time: 0.0150  memory: 9088  grad_norm: 121.4949  loss: 33.1510  decode.loss_cls: 0.1299  decode.loss_mask: 1.4589  decode.loss_dice: 1.5372  decode.d0.loss_cls: 2.8229  decode.d0.loss_mask: 1.3322  decode.d0.loss_dice: 1.5654  decode.d1.loss_cls: 0.2340  decode.d1.loss_mask: 1.3640  decode.d1.loss_dice: 1.4609  decode.d2.loss_cls: 0.1449  decode.d2.loss_mask: 1.3983  decode.d2.loss_dice: 1.4651  decode.d3.loss_cls: 0.1138  decode.d3.loss_mask: 1.4245  decode.d3.loss_dice: 1.4942  decode.d4.loss_cls: 0.1078  decode.d4.loss_mask: 1.4401  decode.d4.loss_dice: 1.5125  decode.d5.loss_cls: 0.1178  decode.d5.loss_mask: 1.4334  decode.d5.loss_dice: 1.4793  decode.d6.loss_cls: 0.1086  decode.d6.loss_mask: 1.4274  decode.d6.loss_dice: 1.4391  decode.d7.loss_cls: 0.1117  decode.d7.loss_mask: 1.4334  decode.d7.loss_dice: 1.5149  decode.d8.loss_cls: 0.1322  decode.d8.loss_mask: 1.4334  decode.d8.loss_dice: 1.5131
2026/07/20 19:39:58 - mmengine - INFO - Iter(train) [ 1600/80000]  base_lr: 2.6682e-05 lr: 2.6682e-05  eta: 1 day, 2:37:30  time: 1.5468  data_time: 0.0150  memory: 9088  grad_norm: 145.8459  loss: 31.3343  decode.loss_cls: 0.1410  decode.loss_mask: 1.3902  decode.loss_dice: 1.4360  decode.d0.loss_cls: 2.7493  decode.d0.loss_mask: 1.3136  decode.d0.loss_dice: 1.4289  decode.d1.loss_cls: 0.1996  decode.d1.loss_mask: 1.3542  decode.d1.loss_dice: 1.4015  decode.d2.loss_cls: 0.1452  decode.d2.loss_mask: 1.3449  decode.d2.loss_dice: 1.3496  decode.d3.loss_cls: 0.1354  decode.d3.loss_mask: 1.3436  decode.d3.loss_dice: 1.3346  decode.d4.loss_cls: 0.1236  decode.d4.loss_mask: 1.3577  decode.d4.loss_dice: 1.3557  decode.d5.loss_cls: 0.1212  decode.d5.loss_mask: 1.3620  decode.d5.loss_dice: 1.3533  decode.d6.loss_cls: 0.1297  decode.d6.loss_mask: 1.3473  decode.d6.loss_dice: 1.3299  decode.d7.loss_cls: 0.1196  decode.d7.loss_mask: 1.3790  decode.d7.loss_dice: 1.3532  decode.d8.loss_cls: 0.1289  decode.d8.loss_mask: 1.3970  decode.d8.loss_dice: 1.4086
2026/07/20 19:41:52 - mmengine - INFO - Iter(train) [ 1700/80000]  base_lr: 2.8348e-05 lr: 2.8348e-05  eta: 1 day, 2:29:29  time: 1.1667  data_time: 0.0149  memory: 9088  grad_norm: 122.0210  loss: 32.1304  decode.loss_cls: 0.1262  decode.loss_mask: 1.4125  decode.loss_dice: 1.4367  decode.d0.loss_cls: 2.5773  decode.d0.loss_mask: 1.3161  decode.d0.loss_dice: 1.5602  decode.d1.loss_cls: 0.1778  decode.d1.loss_mask: 1.3575  decode.d1.loss_dice: 1.4954  decode.d2.loss_cls: 0.1238  decode.d2.loss_mask: 1.3755  decode.d2.loss_dice: 1.4566  decode.d3.loss_cls: 0.1272  decode.d3.loss_mask: 1.3817  decode.d3.loss_dice: 1.4377  decode.d4.loss_cls: 0.1229  decode.d4.loss_mask: 1.3917  decode.d4.loss_dice: 1.4434  decode.d5.loss_cls: 0.1159  decode.d5.loss_mask: 1.4126  decode.d5.loss_dice: 1.4520  decode.d6.loss_cls: 0.1214  decode.d6.loss_mask: 1.3941  decode.d6.loss_dice: 1.4162  decode.d7.loss_cls: 0.1234  decode.d7.loss_mask: 1.3927  decode.d7.loss_dice: 1.4168  decode.d8.loss_cls: 0.1136  decode.d8.loss_mask: 1.4197  decode.d8.loss_dice: 1.4318
2026/07/20 19:43:51 - mmengine - INFO - Iter(train) [ 1800/80000]  base_lr: 3.0013e-05 lr: 3.0013e-05  eta: 1 day, 2:25:14  time: 1.1695  data_time: 0.0143  memory: 9088  grad_norm: 147.3543  loss: 36.8027  decode.loss_cls: 0.2427  decode.loss_mask: 1.6954  decode.loss_dice: 1.5981  decode.d0.loss_cls: 2.4598  decode.d0.loss_mask: 1.6082  decode.d0.loss_dice: 1.6983  decode.d1.loss_cls: 0.2298  decode.d1.loss_mask: 1.6803  decode.d1.loss_dice: 1.5393  decode.d2.loss_cls: 0.2089  decode.d2.loss_mask: 1.6968  decode.d2.loss_dice: 1.5326  decode.d3.loss_cls: 0.2065  decode.d3.loss_mask: 1.6422  decode.d3.loss_dice: 1.5211  decode.d4.loss_cls: 0.2061  decode.d4.loss_mask: 1.6751  decode.d4.loss_dice: 1.5410  decode.d5.loss_cls: 0.2141  decode.d5.loss_mask: 1.6561  decode.d5.loss_dice: 1.5626  decode.d6.loss_cls: 0.2205  decode.d6.loss_mask: 1.6386  decode.d6.loss_dice: 1.5458  decode.d7.loss_cls: 0.2461  decode.d7.loss_mask: 1.6834  decode.d7.loss_dice: 1.5866  decode.d8.loss_cls: 0.2135  decode.d8.loss_mask: 1.6756  decode.d8.loss_dice: 1.5776
2026/07/20 19:45:47 - mmengine - INFO - Iter(train) [ 1900/80000]  base_lr: 3.1679e-05 lr: 3.1679e-05  eta: 1 day, 2:19:24  time: 1.1653  data_time: 0.0144  memory: 9079  grad_norm: 134.0778  loss: 32.4817  decode.loss_cls: 0.1278  decode.loss_mask: 1.4168  decode.loss_dice: 1.4158  decode.d0.loss_cls: 2.2960  decode.d0.loss_mask: 1.4635  decode.d0.loss_dice: 1.5497  decode.d1.loss_cls: 0.1379  decode.d1.loss_mask: 1.4827  decode.d1.loss_dice: 1.4819  decode.d2.loss_cls: 0.1163  decode.d2.loss_mask: 1.4599  decode.d2.loss_dice: 1.4615  decode.d3.loss_cls: 0.1198  decode.d3.loss_mask: 1.4541  decode.d3.loss_dice: 1.4539  decode.d4.loss_cls: 0.1215  decode.d4.loss_mask: 1.4471  decode.d4.loss_dice: 1.4591  decode.d5.loss_cls: 0.1209  decode.d5.loss_mask: 1.4407  decode.d5.loss_dice: 1.4485  decode.d6.loss_cls: 0.1168  decode.d6.loss_mask: 1.4569  decode.d6.loss_dice: 1.4240  decode.d7.loss_cls: 0.1148  decode.d7.loss_mask: 1.4499  decode.d7.loss_dice: 1.4477  decode.d8.loss_cls: 0.1101  decode.d8.loss_mask: 1.4459  decode.d8.loss_dice: 1.4401
2026/07/20 19:47:44 - mmengine - INFO - Exp name: dinov3_m2f_31999_20260720_190649
2026/07/20 19:47:44 - mmengine - INFO - Iter(train) [ 2000/80000]  base_lr: 3.3344e-05 lr: 3.3344e-05  eta: 1 day, 2:14:30  time: 1.1748  data_time: 0.0142  memory: 9088  grad_norm: 105.3397  loss: 30.8907  decode.loss_cls: 0.1293  decode.loss_mask: 1.4309  decode.loss_dice: 1.3687  decode.d0.loss_cls: 2.0970  decode.d0.loss_mask: 1.4178  decode.d0.loss_dice: 1.4087  decode.d1.loss_cls: 0.1316  decode.d1.loss_mask: 1.4087  decode.d1.loss_dice: 1.3648  decode.d2.loss_cls: 0.1142  decode.d2.loss_mask: 1.4016  decode.d2.loss_dice: 1.3514  decode.d3.loss_cls: 0.1212  decode.d3.loss_mask: 1.3926  decode.d3.loss_dice: 1.3477  decode.d4.loss_cls: 0.1322  decode.d4.loss_mask: 1.3905  decode.d4.loss_dice: 1.3370  decode.d5.loss_cls: 0.1217  decode.d5.loss_mask: 1.3952  decode.d5.loss_dice: 1.3485  decode.d6.loss_cls: 0.1198  decode.d6.loss_mask: 1.4261  decode.d6.loss_dice: 1.3348  decode.d7.loss_cls: 0.1278  decode.d7.loss_mask: 1.4059  decode.d7.loss_dice: 1.3506  decode.d8.loss_cls: 0.1357  decode.d8.loss_mask: 1.4159  decode.d8.loss_dice: 1.3631
2026/07/20 19:47:44 - mmengine - INFO - Saving checkpoint at 2000 iterations
2026/07/20 19:49:33 - mmengine - INFO - Iter(val) [100/504]    eta: 0:02:26  time: 0.3541  data_time: 0.0078  memory: 3097  
2026/07/20 19:50:08 - mmengine - INFO - Iter(val) [200/504]    eta: 0:01:48  time: 0.3510  data_time: 0.0079  memory: 3097  
2026/07/20 19:50:43 - mmengine - INFO - Iter(val) [300/504]    eta: 0:01:12  time: 0.3501  data_time: 0.0076  memory: 3097  
2026/07/20 19:51:18 - mmengine - INFO - Iter(val) [400/504]    eta: 0:00:36  time: 0.3618  data_time: 0.0078  memory: 3097  
2026/07/20 19:51:54 - mmengine - INFO - Iter(val) [500/504]    eta: 0:00:01  time: 0.3566  data_time: 0.0075  memory: 3097  
2026/07/20 19:52:00 - mmengine - INFO - per class results:
2026/07/20 19:52:00 - mmengine - INFO - 
+--------------------+-------+-------+--------+-----------+--------+
|       Class        |  IoU  |  Acc  | Fscore | Precision | Recall |
+--------------------+-------+-------+--------+-----------+--------+
| impervious_surface | 86.93 | 92.81 | 93.01  |   93.21   | 92.81  |
|      building      | 93.48 | 97.71 | 96.63  |   95.57   | 97.71  |
|   low_vegetation   | 77.88 | 88.65 | 87.57  |   86.51   | 88.65  |
|        tree        | 79.82 | 86.75 | 88.78  |   90.91   | 86.75  |
|        car         |  90.8 | 94.68 | 95.18  |   95.68   | 94.68  |
+--------------------+-------+-------+--------+-----------+--------+
2026/07/20 19:52:00 - mmengine - INFO - Iter(val) [504/504]    aAcc: 91.5700  mIoU: 85.7800  mAcc: 92.1200  mFscore: 92.2300  mPrecision: 92.3800  mRecall: 92.1200  data_time: 0.0110  time: 0.3539
2026/07/20 19:52:42 - mmengine - INFO - The best checkpoint with 85.7800 mIoU at 2000 iter is saved to best_mIoU_iter_2000.pth.
2026/07/20 19:55:26 - mmengine - INFO - Iter(train) [ 2100/80000]  base_lr: 3.5010e-05 lr: 3.5010e-05  eta: 1 day, 3:07:53  time: 1.1524  data_time: 0.0152  memory: 9088  grad_norm: 99.6464  loss: 34.1828  decode.loss_cls: 0.0527  decode.loss_mask: 1.6095  decode.loss_dice: 1.6035  decode.d0.loss_cls: 1.9257  decode.d0.loss_mask: 1.6125  decode.d0.loss_dice: 1.5938  decode.d1.loss_cls: 0.0772  decode.d1.loss_mask: 1.6210  decode.d1.loss_dice: 1.5591  decode.d2.loss_cls: 0.0546  decode.d2.loss_mask: 1.5997  decode.d2.loss_dice: 1.5539  decode.d3.loss_cls: 0.0481  decode.d3.loss_mask: 1.6037  decode.d3.loss_dice: 1.5836  decode.d4.loss_cls: 0.0515  decode.d4.loss_mask: 1.6070  decode.d4.loss_dice: 1.5654  decode.d5.loss_cls: 0.0533  decode.d5.loss_mask: 1.6032  decode.d5.loss_dice: 1.5597  decode.d6.loss_cls: 0.0479  decode.d6.loss_mask: 1.6231  decode.d6.loss_dice: 1.5451  decode.d7.loss_cls: 0.0549  decode.d7.loss_mask: 1.6034  decode.d7.loss_dice: 1.5491  decode.d8.loss_cls: 0.0516  decode.d8.loss_mask: 1.6048  decode.d8.loss_dice: 1.5641
2026/07/20 19:57:24 - mmengine - INFO - Iter(train) [ 2200/80000]  base_lr: 3.6676e-05 lr: 3.6676e-05  eta: 1 day, 3:01:38  time: 1.1751  data_time: 0.0154  memory: 9079  grad_norm: 113.5343  loss: 34.9283  decode.loss_cls: 0.1385  decode.loss_mask: 1.5695  decode.loss_dice: 1.6237  decode.d0.loss_cls: 1.7890  decode.d0.loss_mask: 1.5434  decode.d0.loss_dice: 1.6822  decode.d1.loss_cls: 0.1338  decode.d1.loss_mask: 1.5938  decode.d1.loss_dice: 1.6150  decode.d2.loss_cls: 0.1294  decode.d2.loss_mask: 1.5986  decode.d2.loss_dice: 1.6212  decode.d3.loss_cls: 0.1262  decode.d3.loss_mask: 1.5743  decode.d3.loss_dice: 1.6001  decode.d4.loss_cls: 0.1244  decode.d4.loss_mask: 1.5729  decode.d4.loss_dice: 1.6081  decode.d5.loss_cls: 0.1266  decode.d5.loss_mask: 1.5695  decode.d5.loss_dice: 1.6378  decode.d6.loss_cls: 0.1258  decode.d6.loss_mask: 1.5717  decode.d6.loss_dice: 1.6413  decode.d7.loss_cls: 0.1550  decode.d7.loss_mask: 1.5306  decode.d7.loss_dice: 1.6154  decode.d8.loss_cls: 0.1341  decode.d8.loss_mask: 1.5525  decode.d8.loss_dice: 1.6240
2026/07/20 19:59:21 - mmengine - INFO - Iter(train) [ 2300/80000]  base_lr: 3.8341e-05 lr: 3.8341e-05  eta: 1 day, 2:54:44  time: 1.1628  data_time: 0.0148  memory: 9088  grad_norm: 182.0990  loss: 37.1050  decode.loss_cls: 0.2359  decode.loss_mask: 1.6393  decode.loss_dice: 1.6644  decode.d0.loss_cls: 1.6567  decode.d0.loss_mask: 1.6310  decode.d0.loss_dice: 1.7385  decode.d1.loss_cls: 0.2412  decode.d1.loss_mask: 1.6680  decode.d1.loss_dice: 1.6661  decode.d2.loss_cls: 0.2453  decode.d2.loss_mask: 1.6636  decode.d2.loss_dice: 1.6216  decode.d3.loss_cls: 0.2273  decode.d3.loss_mask: 1.6789  decode.d3.loss_dice: 1.6616  decode.d4.loss_cls: 0.2573  decode.d4.loss_mask: 1.6260  decode.d4.loss_dice: 1.6572  decode.d5.loss_cls: 0.2316  decode.d5.loss_mask: 1.6696  decode.d5.loss_dice: 1.6733  decode.d6.loss_cls: 0.2278  decode.d6.loss_mask: 1.7326  decode.d6.loss_dice: 1.6721  decode.d7.loss_cls: 0.2297  decode.d7.loss_mask: 1.7106  decode.d7.loss_dice: 1.6605  decode.d8.loss_cls: 0.2323  decode.d8.loss_mask: 1.6390  decode.d8.loss_dice: 1.6462
2026/07/20 20:01:17 - mmengine - INFO - Iter(train) [ 2400/80000]  base_lr: 4.0007e-05 lr: 4.0007e-05  eta: 1 day, 2:47:58  time: 1.1790  data_time: 0.0150  memory: 9088  grad_norm: 129.4927  loss: 31.7515  decode.loss_cls: 0.1298  decode.loss_mask: 1.4367  decode.loss_dice: 1.4904  decode.d0.loss_cls: 1.4889  decode.d0.loss_mask: 1.4786  decode.d0.loss_dice: 1.5051  decode.d1.loss_cls: 0.1314  decode.d1.loss_mask: 1.4505  decode.d1.loss_dice: 1.4890  decode.d2.loss_cls: 0.1387  decode.d2.loss_mask: 1.4031  decode.d2.loss_dice: 1.4674  decode.d3.loss_cls: 0.0987  decode.d3.loss_mask: 1.4310  decode.d3.loss_dice: 1.4811  decode.d4.loss_cls: 0.1090  decode.d4.loss_mask: 1.4401  decode.d4.loss_dice: 1.4847  decode.d5.loss_cls: 0.1138  decode.d5.loss_mask: 1.4133  decode.d5.loss_dice: 1.4725  decode.d6.loss_cls: 0.1074  decode.d6.loss_mask: 1.4155  decode.d6.loss_dice: 1.4821  decode.d7.loss_cls: 0.1006  decode.d7.loss_mask: 1.4343  decode.d7.loss_dice: 1.5010  decode.d8.loss_cls: 0.1209  decode.d8.loss_mask: 1.4323  decode.d8.loss_dice: 1.5036
2026/07/20 20:03:14 - mmengine - INFO - Iter(train) [ 2500/80000]  base_lr: 4.1672e-05 lr: 4.1672e-05  eta: 1 day, 2:42:00  time: 1.1669  data_time: 0.0145  memory: 9088  grad_norm: 112.2007  loss: 34.4521  decode.loss_cls: 0.0631  decode.loss_mask: 1.5773  decode.loss_dice: 1.6724  decode.d0.loss_cls: 1.3006  decode.d0.loss_mask: 1.5315  decode.d0.loss_dice: 1.7178  decode.d1.loss_cls: 0.0805  decode.d1.loss_mask: 1.6040  decode.d1.loss_dice: 1.6725  decode.d2.loss_cls: 0.0741  decode.d2.loss_mask: 1.5847  decode.d2.loss_dice: 1.6571  decode.d3.loss_cls: 0.0758  decode.d3.loss_mask: 1.5902  decode.d3.loss_dice: 1.6799  decode.d4.loss_cls: 0.0771  decode.d4.loss_mask: 1.5708  decode.d4.loss_dice: 1.6388  decode.d5.loss_cls: 0.0694  decode.d5.loss_mask: 1.5744  decode.d5.loss_dice: 1.6691  decode.d6.loss_cls: 0.0639  decode.d6.loss_mask: 1.5913  decode.d6.loss_dice: 1.6836  decode.d7.loss_cls: 0.0586  decode.d7.loss_mask: 1.5835  decode.d7.loss_dice: 1.6613  decode.d8.loss_cls: 0.0588  decode.d8.loss_mask: 1.5964  decode.d8.loss_dice: 1.6739
2026/07/20 20:05:13 - mmengine - INFO - Iter(train) [ 2600/80000]  base_lr: 4.3338e-05 lr: 4.3338e-05  eta: 1 day, 2:37:44  time: 1.4352  data_time: 0.2878  memory: 9088  grad_norm: 133.4870  loss: 29.8674  decode.loss_cls: 0.2094  decode.loss_mask: 1.5039  decode.loss_dice: 1.2283  decode.d0.loss_cls: 1.2216  decode.d0.loss_mask: 1.4630  decode.d0.loss_dice: 1.2955  decode.d1.loss_cls: 0.1925  decode.d1.loss_mask: 1.4772  decode.d1.loss_dice: 1.2501  decode.d2.loss_cls: 0.1996  decode.d2.loss_mask: 1.4600  decode.d2.loss_dice: 1.1860  decode.d3.loss_cls: 0.2036  decode.d3.loss_mask: 1.4588  decode.d3.loss_dice: 1.1591  decode.d4.loss_cls: 0.1935  decode.d4.loss_mask: 1.4647  decode.d4.loss_dice: 1.1866  decode.d5.loss_cls: 0.1923  decode.d5.loss_mask: 1.4827  decode.d5.loss_dice: 1.1982  decode.d6.loss_cls: 0.1867  decode.d6.loss_mask: 1.4852  decode.d6.loss_dice: 1.2022  decode.d7.loss_cls: 0.2066  decode.d7.loss_mask: 1.4873  decode.d7.loss_dice: 1.1989  decode.d8.loss_cls: 0.2107  decode.d8.loss_mask: 1.4694  decode.d8.loss_dice: 1.1940
2026/07/20 20:07:13 - mmengine - INFO - Iter(train) [ 2700/80000]  base_lr: 4.5003e-05 lr: 4.5003e-05  eta: 1 day, 2:33:40  time: 1.2364  data_time: 0.0156  memory: 9079  grad_norm: 125.0631  loss: 35.0385  decode.loss_cls: 0.1356  decode.loss_mask: 1.7120  decode.loss_dice: 1.5767  decode.d0.loss_cls: 1.0619  decode.d0.loss_mask: 1.6536  decode.d0.loss_dice: 1.6267  decode.d1.loss_cls: 0.1424  decode.d1.loss_mask: 1.7276  decode.d1.loss_dice: 1.6144  decode.d2.loss_cls: 0.1431  decode.d2.loss_mask: 1.7381  decode.d2.loss_dice: 1.5746  decode.d3.loss_cls: 0.1280  decode.d3.loss_mask: 1.7488  decode.d3.loss_dice: 1.5290  decode.d4.loss_cls: 0.1299  decode.d4.loss_mask: 1.7321  decode.d4.loss_dice: 1.5456  decode.d5.loss_cls: 0.1278  decode.d5.loss_mask: 1.7335  decode.d5.loss_dice: 1.5730  decode.d6.loss_cls: 0.1228  decode.d6.loss_mask: 1.6942  decode.d6.loss_dice: 1.5597  decode.d7.loss_cls: 0.1310  decode.d7.loss_mask: 1.6731  decode.d7.loss_dice: 1.5424  decode.d8.loss_cls: 0.1434  decode.d8.loss_mask: 1.6548  decode.d8.loss_dice: 1.5628
2026/07/20 20:09:11 - mmengine - INFO - Iter(train) [ 2800/80000]  base_lr: 4.6669e-05 lr: 4.6669e-05  eta: 1 day, 2:28:47  time: 1.1933  data_time: 0.0148  memory: 9088  grad_norm: 93.3148  loss: 30.5126  decode.loss_cls: 0.0694  decode.loss_mask: 1.5112  decode.loss_dice: 1.4120  decode.d0.loss_cls: 0.8918  decode.d0.loss_mask: 1.4849  decode.d0.loss_dice: 1.4395  decode.d1.loss_cls: 0.0992  decode.d1.loss_mask: 1.4928  decode.d1.loss_dice: 1.3976  decode.d2.loss_cls: 0.0756  decode.d2.loss_mask: 1.4968  decode.d2.loss_dice: 1.3813  decode.d3.loss_cls: 0.0712  decode.d3.loss_mask: 1.4997  decode.d3.loss_dice: 1.3850  decode.d4.loss_cls: 0.0684  decode.d4.loss_mask: 1.5150  decode.d4.loss_dice: 1.4044  decode.d5.loss_cls: 0.0676  decode.d5.loss_mask: 1.5127  decode.d5.loss_dice: 1.3679  decode.d6.loss_cls: 0.0804  decode.d6.loss_mask: 1.4927  decode.d6.loss_dice: 1.3663  decode.d7.loss_cls: 0.0645  decode.d7.loss_mask: 1.5102  decode.d7.loss_dice: 1.3980  decode.d8.loss_cls: 0.0657  decode.d8.loss_mask: 1.5121  decode.d8.loss_dice: 1.3787
2026/07/20 20:11:09 - mmengine - INFO - Iter(train) [ 2900/80000]  base_lr: 4.8334e-05 lr: 4.8334e-05  eta: 1 day, 2:24:28  time: 1.2012  data_time: 0.0173  memory: 9088  grad_norm: 77.4991  loss: 19.8745  decode.loss_cls: 0.0588  decode.loss_mask: 0.8474  decode.loss_dice: 0.9931  decode.d0.loss_cls: 0.7693  decode.d0.loss_mask: 0.8304  decode.d0.loss_dice: 1.0498  decode.d1.loss_cls: 0.0790  decode.d1.loss_mask: 0.8527  decode.d1.loss_dice: 1.0402  decode.d2.loss_cls: 0.0741  decode.d2.loss_mask: 0.8506  decode.d2.loss_dice: 1.0158  decode.d3.loss_cls: 0.0625  decode.d3.loss_mask: 0.8484  decode.d3.loss_dice: 1.0029  decode.d4.loss_cls: 0.0702  decode.d4.loss_mask: 0.8538  decode.d4.loss_dice: 1.0213  decode.d5.loss_cls: 0.0644  decode.d5.loss_mask: 0.8584  decode.d5.loss_dice: 0.9962  decode.d6.loss_cls: 0.0704  decode.d6.loss_mask: 0.8539  decode.d6.loss_dice: 0.9669  decode.d7.loss_cls: 0.0652  decode.d7.loss_mask: 0.8426  decode.d7.loss_dice: 0.9747  decode.d8.loss_cls: 0.0639  decode.d8.loss_mask: 0.8358  decode.d8.loss_dice: 0.9616
2026/07/20 20:13:05 - mmengine - INFO - Exp name: dinov3_m2f_31999_20260720_190649
2026/07/20 20:13:05 - mmengine - INFO - Iter(train) [ 3000/80000]  base_lr: 5.0000e-05 lr: 5.0000e-05  eta: 1 day, 2:19:15  time: 1.1603  data_time: 0.0152  memory: 9088  grad_norm: 117.3838  loss: 33.1032  decode.loss_cls: 0.1652  decode.loss_mask: 1.6464  decode.loss_dice: 1.4586  decode.d0.loss_cls: 0.7581  decode.d0.loss_mask: 1.6268  decode.d0.loss_dice: 1.4692  decode.d1.loss_cls: 0.1665  decode.d1.loss_mask: 1.6736  decode.d1.loss_dice: 1.4707  decode.d2.loss_cls: 0.1666  decode.d2.loss_mask: 1.6265  decode.d2.loss_dice: 1.4265  decode.d3.loss_cls: 0.1858  decode.d3.loss_mask: 1.6087  decode.d3.loss_dice: 1.3988  decode.d4.loss_cls: 0.1700  decode.d4.loss_mask: 1.6286  decode.d4.loss_dice: 1.4175  decode.d5.loss_cls: 0.1841  decode.d5.loss_mask: 1.6444  decode.d5.loss_dice: 1.4352  decode.d6.loss_cls: 0.1904  decode.d6.loss_mask: 1.6185  decode.d6.loss_dice: 1.4204  decode.d7.loss_cls: 0.1808  decode.d7.loss_mask: 1.6465  decode.d7.loss_dice: 1.4386  decode.d8.loss_cls: 0.1686  decode.d8.loss_mask: 1.6551  decode.d8.loss_dice: 1.4565
2026/07/20 20:15:01 - mmengine - INFO - Iter(train) [ 3100/80000]  base_lr: 4.9942e-05 lr: 4.9942e-05  eta: 1 day, 2:14:31  time: 1.2231  data_time: 0.0148  memory: 9079  grad_norm: 72.4784  loss: 23.8634  decode.loss_cls: 0.0626  decode.loss_mask: 1.0947  decode.loss_dice: 1.1712  decode.d0.loss_cls: 0.6006  decode.d0.loss_mask: 1.0578  decode.d0.loss_dice: 1.2410  decode.d1.loss_cls: 0.0959  decode.d1.loss_mask: 1.0679  decode.d1.loss_dice: 1.1581  decode.d2.loss_cls: 0.0812  decode.d2.loss_mask: 1.1141  decode.d2.loss_dice: 1.1482  decode.d3.loss_cls: 0.0828  decode.d3.loss_mask: 1.1021  decode.d3.loss_dice: 1.1552  decode.d4.loss_cls: 0.0831  decode.d4.loss_mask: 1.0965  decode.d4.loss_dice: 1.1759  decode.d5.loss_cls: 0.0704  decode.d5.loss_mask: 1.0916  decode.d5.loss_dice: 1.2011  decode.d6.loss_cls: 0.0597  decode.d6.loss_mask: 1.0919  decode.d6.loss_dice: 1.1786  decode.d7.loss_cls: 0.0768  decode.d7.loss_mask: 1.0739  decode.d7.loss_dice: 1.1321  decode.d8.loss_cls: 0.0630  decode.d8.loss_mask: 1.0851  decode.d8.loss_dice: 1.1501
2026/07/20 20:16:56 - mmengine - INFO - Iter(train) [ 3200/80000]  base_lr: 4.9884e-05 lr: 4.9884e-05  eta: 1 day, 2:09:14  time: 1.1666  data_time: 0.0153  memory: 9088  grad_norm: 92.6768  loss: 29.7409  decode.loss_cls: 0.0723  decode.loss_mask: 1.5625  decode.loss_dice: 1.2784  decode.d0.loss_cls: 0.5083  decode.d0.loss_mask: 1.6031  decode.d0.loss_dice: 1.3333  decode.d1.loss_cls: 0.0648  decode.d1.loss_mask: 1.5819  decode.d1.loss_dice: 1.3052  decode.d2.loss_cls: 0.0544  decode.d2.loss_mask: 1.5829  decode.d2.loss_dice: 1.3073  decode.d3.loss_cls: 0.0701  decode.d3.loss_mask: 1.5688  decode.d3.loss_dice: 1.2820  decode.d4.loss_cls: 0.0683  decode.d4.loss_mask: 1.5575  decode.d4.loss_dice: 1.3114  decode.d5.loss_cls: 0.0723  decode.d5.loss_mask: 1.5480  decode.d5.loss_dice: 1.2783  decode.d6.loss_cls: 0.0794  decode.d6.loss_mask: 1.5517  decode.d6.loss_dice: 1.2862  decode.d7.loss_cls: 0.0725  decode.d7.loss_mask: 1.5390  decode.d7.loss_dice: 1.2940  decode.d8.loss_cls: 0.0702  decode.d8.loss_mask: 1.5474  decode.d8.loss_dice: 1.2890
2026/07/20 20:18:54 - mmengine - INFO - Iter(train) [ 3300/80000]  base_lr: 4.9825e-05 lr: 4.9825e-05  eta: 1 day, 2:05:15  time: 1.1523  data_time: 0.0145  memory: 9088  grad_norm: 87.2727  loss: 25.4349  decode.loss_cls: 0.0908  decode.loss_mask: 1.1744  decode.loss_dice: 1.2286  decode.d0.loss_cls: 0.5020  decode.d0.loss_mask: 1.2414  decode.d0.loss_dice: 1.2418  decode.d1.loss_cls: 0.0784  decode.d1.loss_mask: 1.1954  decode.d1.loss_dice: 1.2124  decode.d2.loss_cls: 0.0723  decode.d2.loss_mask: 1.1831  decode.d2.loss_dice: 1.2414  decode.d3.loss_cls: 0.0632  decode.d3.loss_mask: 1.1953  decode.d3.loss_dice: 1.2566  decode.d4.loss_cls: 0.0809  decode.d4.loss_mask: 1.1817  decode.d4.loss_dice: 1.2202  decode.d5.loss_cls: 0.0853  decode.d5.loss_mask: 1.1794  decode.d5.loss_dice: 1.1875  decode.d6.loss_cls: 0.0750  decode.d6.loss_mask: 1.1864  decode.d6.loss_dice: 1.2146  decode.d7.loss_cls: 0.0761  decode.d7.loss_mask: 1.1916  decode.d7.loss_dice: 1.2477  decode.d8.loss_cls: 0.0793  decode.d8.loss_mask: 1.2051  decode.d8.loss_dice: 1.2470
2026/07/20 20:20:49 - mmengine - INFO - Iter(train) [ 3400/80000]  base_lr: 4.9767e-05 lr: 4.9767e-05  eta: 1 day, 2:00:34  time: 1.1020  data_time: 0.0158  memory: 9088  grad_norm: 69.9679  loss: 30.9614  decode.loss_cls: 0.0436  decode.loss_mask: 1.5056  decode.loss_dice: 1.4959  decode.d0.loss_cls: 0.3972  decode.d0.loss_mask: 1.5053  decode.d0.loss_dice: 1.4472  decode.d1.loss_cls: 0.0574  decode.d1.loss_mask: 1.5175  decode.d1.loss_dice: 1.4620  decode.d2.loss_cls: 0.0377  decode.d2.loss_mask: 1.5323  decode.d2.loss_dice: 1.4908  decode.d3.loss_cls: 0.0312  decode.d3.loss_mask: 1.5365  decode.d3.loss_dice: 1.5037  decode.d4.loss_cls: 0.0493  decode.d4.loss_mask: 1.5447  decode.d4.loss_dice: 1.4990  decode.d5.loss_cls: 0.0600  decode.d5.loss_mask: 1.5145  decode.d5.loss_dice: 1.4990  decode.d6.loss_cls: 0.0445  decode.d6.loss_mask: 1.5329  decode.d6.loss_dice: 1.5160  decode.d7.loss_cls: 0.0539  decode.d7.loss_mask: 1.5177  decode.d7.loss_dice: 1.5027  decode.d8.loss_cls: 0.0435  decode.d8.loss_mask: 1.5178  decode.d8.loss_dice: 1.5020
2026/07/20 20:23:44 - mmengine - INFO - Iter(train) [ 3500/80000]  base_lr: 4.9708e-05 lr: 4.9708e-05  eta: 1 day, 2:17:34  time: 1.9302  data_time: 0.0150  memory: 9088  grad_norm: 116.2063  loss: 34.2574  decode.loss_cls: 0.0978  decode.loss_mask: 1.8299  decode.loss_dice: 1.4708  decode.d0.loss_cls: 0.4200  decode.d0.loss_mask: 1.8609  decode.d0.loss_dice: 1.4691  decode.d1.loss_cls: 0.1159  decode.d1.loss_mask: 1.8165  decode.d1.loss_dice: 1.4457  decode.d2.loss_cls: 0.1272  decode.d2.loss_mask: 1.8162  decode.d2.loss_dice: 1.4520  decode.d3.loss_cls: 0.1154  decode.d3.loss_mask: 1.8041  decode.d3.loss_dice: 1.4768  decode.d4.loss_cls: 0.1355  decode.d4.loss_mask: 1.8501  decode.d4.loss_dice: 1.4514  decode.d5.loss_cls: 0.0982  decode.d5.loss_mask: 1.8235  decode.d5.loss_dice: 1.4736  decode.d6.loss_cls: 0.1019  decode.d6.loss_mask: 1.8204  decode.d6.loss_dice: 1.4757  decode.d7.loss_cls: 0.0829  decode.d7.loss_mask: 1.7798  decode.d7.loss_dice: 1.4791  decode.d8.loss_cls: 0.0963  decode.d8.loss_mask: 1.7897  decode.d8.loss_dice: 1.4810
2026/07/20 20:26:00 - mmengine - INFO - Iter(train) [ 3600/80000]  base_lr: 4.9650e-05 lr: 4.9650e-05  eta: 1 day, 2:19:59  time: 1.1560  data_time: 0.0146  memory: 9079  grad_norm: 85.0372  loss: 28.9296  decode.loss_cls: 0.0973  decode.loss_mask: 1.4670  decode.loss_dice: 1.2818  decode.d0.loss_cls: 0.3699  decode.d0.loss_mask: 1.4694  decode.d0.loss_dice: 1.3727  decode.d1.loss_cls: 0.1035  decode.d1.loss_mask: 1.4622  decode.d1.loss_dice: 1.3421  decode.d2.loss_cls: 0.1064  decode.d2.loss_mask: 1.4308  decode.d2.loss_dice: 1.3219  decode.d3.loss_cls: 0.0986  decode.d3.loss_mask: 1.4455  decode.d3.loss_dice: 1.3167  decode.d4.loss_cls: 0.1032  decode.d4.loss_mask: 1.4405  decode.d4.loss_dice: 1.3269  decode.d5.loss_cls: 0.0986  decode.d5.loss_mask: 1.4303  decode.d5.loss_dice: 1.2875  decode.d6.loss_cls: 0.0807  decode.d6.loss_mask: 1.4728  decode.d6.loss_dice: 1.2940  decode.d7.loss_cls: 0.0967  decode.d7.loss_mask: 1.4385  decode.d7.loss_dice: 1.3068  decode.d8.loss_cls: 0.0929  decode.d8.loss_mask: 1.4632  decode.d8.loss_dice: 1.3114
2026/07/20 20:27:57 - mmengine - INFO - Iter(train) [ 3700/80000]  base_lr: 4.9591e-05 lr: 4.9591e-05  eta: 1 day, 2:15:37  time: 1.1726  data_time: 0.0155  memory: 9088  grad_norm: 61.0521  loss: 29.0734  decode.loss_cls: 0.0358  decode.loss_mask: 1.4520  decode.loss_dice: 1.4075  decode.d0.loss_cls: 0.2842  decode.d0.loss_mask: 1.4566  decode.d0.loss_dice: 1.3641  decode.d1.loss_cls: 0.0280  decode.d1.loss_mask: 1.4528  decode.d1.loss_dice: 1.4044  decode.d2.loss_cls: 0.0242  decode.d2.loss_mask: 1.4565  decode.d2.loss_dice: 1.3968  decode.d3.loss_cls: 0.0262  decode.d3.loss_mask: 1.4431  decode.d3.loss_dice: 1.3977  decode.d4.loss_cls: 0.0273  decode.d4.loss_mask: 1.4368  decode.d4.loss_dice: 1.4188  decode.d5.loss_cls: 0.0260  decode.d5.loss_mask: 1.4374  decode.d5.loss_dice: 1.4147  decode.d6.loss_cls: 0.0271  decode.d6.loss_mask: 1.4378  decode.d6.loss_dice: 1.4203  decode.d7.loss_cls: 0.0256  decode.d7.loss_mask: 1.4537  decode.d7.loss_dice: 1.4329  decode.d8.loss_cls: 0.0361  decode.d8.loss_mask: 1.4483  decode.d8.loss_dice: 1.4005
2026/07/20 20:29:54 - mmengine - INFO - Iter(train) [ 3800/80000]  base_lr: 4.9533e-05 lr: 4.9533e-05  eta: 1 day, 2:11:11  time: 1.1755  data_time: 0.0153  memory: 9088  grad_norm: 103.7546  loss: 33.2227  decode.loss_cls: 0.1431  decode.loss_mask: 1.5751  decode.loss_dice: 1.6196  decode.d0.loss_cls: 0.3289  decode.d0.loss_mask: 1.5663  decode.d0.loss_dice: 1.6459  decode.d1.loss_cls: 0.1284  decode.d1.loss_mask: 1.6006  decode.d1.loss_dice: 1.5996  decode.d2.loss_cls: 0.1394  decode.d2.loss_mask: 1.5592  decode.d2.loss_dice: 1.6141  decode.d3.loss_cls: 0.1088  decode.d3.loss_mask: 1.5623  decode.d3.loss_dice: 1.6179  decode.d4.loss_cls: 0.1300  decode.d4.loss_mask: 1.5685  decode.d4.loss_dice: 1.6235  decode.d5.loss_cls: 0.1326  decode.d5.loss_mask: 1.5471  decode.d5.loss_dice: 1.5917  decode.d6.loss_cls: 0.1236  decode.d6.loss_mask: 1.5475  decode.d6.loss_dice: 1.5935  decode.d7.loss_cls: 0.1195  decode.d7.loss_mask: 1.5456  decode.d7.loss_dice: 1.6153  decode.d8.loss_cls: 0.1348  decode.d8.loss_mask: 1.5657  decode.d8.loss_dice: 1.5746
2026/07/20 20:31:50 - mmengine - INFO - Iter(train) [ 3900/80000]  base_lr: 4.9474e-05 lr: 4.9474e-05  eta: 1 day, 2:06:39  time: 1.1623  data_time: 0.0151  memory: 9079  grad_norm: 71.5883  loss: 25.8766  decode.loss_cls: 0.0646  decode.loss_mask: 1.1623  decode.loss_dice: 1.3067  decode.d0.loss_cls: 0.2562  decode.d0.loss_mask: 1.1864  decode.d0.loss_dice: 1.3995  decode.d1.loss_cls: 0.0613  decode.d1.loss_mask: 1.1942  decode.d1.loss_dice: 1.3446  decode.d2.loss_cls: 0.0719  decode.d2.loss_mask: 1.1882  decode.d2.loss_dice: 1.3252  decode.d3.loss_cls: 0.0602  decode.d3.loss_mask: 1.1995  decode.d3.loss_dice: 1.3084  decode.d4.loss_cls: 0.0600  decode.d4.loss_mask: 1.1895  decode.d4.loss_dice: 1.3038  decode.d5.loss_cls: 0.0596  decode.d5.loss_mask: 1.1980  decode.d5.loss_dice: 1.3079  decode.d6.loss_cls: 0.0613  decode.d6.loss_mask: 1.1702  decode.d6.loss_dice: 1.2927  decode.d7.loss_cls: 0.0537  decode.d7.loss_mask: 1.1905  decode.d7.loss_dice: 1.3111  decode.d8.loss_cls: 0.0553  decode.d8.loss_mask: 1.1951  decode.d8.loss_dice: 1.2988
2026/07/20 20:33:47 - mmengine - INFO - Exp name: dinov3_m2f_31999_20260720_190649
2026/07/20 20:33:47 - mmengine - INFO - Iter(train) [ 4000/80000]  base_lr: 4.9416e-05 lr: 4.9416e-05  eta: 1 day, 2:02:28  time: 1.1574  data_time: 0.0150  memory: 9088  grad_norm: 101.2820  loss: 28.5523  decode.loss_cls: 0.1693  decode.loss_mask: 1.3454  decode.loss_dice: 1.3134  decode.d0.loss_cls: 0.3986  decode.d0.loss_mask: 1.3442  decode.d0.loss_dice: 1.3874  decode.d1.loss_cls: 0.2378  decode.d1.loss_mask: 1.3452  decode.d1.loss_dice: 1.2672  decode.d2.loss_cls: 0.2318  decode.d2.loss_mask: 1.3321  decode.d2.loss_dice: 1.2507  decode.d3.loss_cls: 0.1958  decode.d3.loss_mask: 1.3362  decode.d3.loss_dice: 1.2750  decode.d4.loss_cls: 0.1847  decode.d4.loss_mask: 1.3499  decode.d4.loss_dice: 1.2918  decode.d5.loss_cls: 0.1802  decode.d5.loss_mask: 1.3592  decode.d5.loss_dice: 1.2883  decode.d6.loss_cls: 0.1763  decode.d6.loss_mask: 1.3574  decode.d6.loss_dice: 1.2992  decode.d7.loss_cls: 0.1677  decode.d7.loss_mask: 1.3347  decode.d7.loss_dice: 1.3013  decode.d8.loss_cls: 0.1611  decode.d8.loss_mask: 1.3761  decode.d8.loss_dice: 1.2943
2026/07/20 20:33:47 - mmengine - INFO - Saving checkpoint at 4000 iterations
2026/07/20 20:35:04 - mmengine - INFO - Iter(val) [100/504]    eta: 0:02:26  time: 0.3501  data_time: 0.0077  memory: 3097  
2026/07/20 20:35:39 - mmengine - INFO - Iter(val) [200/504]    eta: 0:01:48  time: 0.3508  data_time: 0.0079  memory: 3097  
2026/07/20 20:36:14 - mmengine - INFO - Iter(val) [300/504]    eta: 0:01:12  time: 0.3499  data_time: 0.0081  memory: 3097  
2026/07/20 20:36:49 - mmengine - INFO - Iter(val) [400/504]    eta: 0:00:36  time: 0.3417  data_time: 0.0078  memory: 3097  
2026/07/20 20:37:24 - mmengine - INFO - Iter(val) [500/504]    eta: 0:00:01  time: 0.3585  data_time: 0.0076  memory: 3097  
2026/07/20 20:37:28 - mmengine - INFO - per class results:
2026/07/20 20:37:28 - mmengine - INFO - 
+--------------------+-------+-------+--------+-----------+--------+
|       Class        |  IoU  |  Acc  | Fscore | Precision | Recall |
+--------------------+-------+-------+--------+-----------+--------+
| impervious_surface | 83.14 | 95.94 | 90.79  |   86.17   | 95.94  |
|      building      | 94.51 |  97.4 | 97.18  |   96.95   |  97.4  |
|   low_vegetation   | 72.75 | 88.64 | 84.23  |   80.23   | 88.64  |
|        tree        | 71.47 | 73.23 | 83.36  |   96.75   | 73.23  |
|        car         | 87.59 | 89.25 | 93.39  |   97.92   | 89.25  |
+--------------------+-------+-------+--------+-----------+--------+
2026/07/20 20:37:28 - mmengine - INFO - Iter(val) [504/504]    aAcc: 89.1200  mIoU: 81.8900  mAcc: 88.8900  mFscore: 89.7900  mPrecision: 91.6000  mRecall: 88.8900  data_time: 0.0103  time: 0.3532
2026/07/20 20:39:22 - mmengine - INFO - Iter(train) [ 4100/80000]  base_lr: 4.9357e-05 lr: 4.9357e-05  eta: 1 day, 1:58:15  time: 1.1527  data_time: 0.0153  memory: 9088  grad_norm: 66.5352  loss: 24.3906  decode.loss_cls: 0.0564  decode.loss_mask: 1.2358  decode.loss_dice: 1.1385  decode.d0.loss_cls: 0.2368  decode.d0.loss_mask: 1.2474  decode.d0.loss_dice: 1.1632  decode.d1.loss_cls: 0.0763  decode.d1.loss_mask: 1.2224  decode.d1.loss_dice: 1.1144  decode.d2.loss_cls: 0.0687  decode.d2.loss_mask: 1.2131  decode.d2.loss_dice: 1.1198  decode.d3.loss_cls: 0.0583  decode.d3.loss_mask: 1.2435  decode.d3.loss_dice: 1.1137  decode.d4.loss_cls: 0.0581  decode.d4.loss_mask: 1.2459  decode.d4.loss_dice: 1.1253  decode.d5.loss_cls: 0.0581  decode.d5.loss_mask: 1.2538  decode.d5.loss_dice: 1.1235  decode.d6.loss_cls: 0.0643  decode.d6.loss_mask: 1.2521  decode.d6.loss_dice: 1.1017  decode.d7.loss_cls: 0.0621  decode.d7.loss_mask: 1.2353  decode.d7.loss_dice: 1.1044  decode.d8.loss_cls: 0.0622  decode.d8.loss_mask: 1.2296  decode.d8.loss_dice: 1.1058
2026/07/20 20:41:18 - mmengine - INFO - Iter(train) [ 4200/80000]  base_lr: 4.9299e-05 lr: 4.9299e-05  eta: 1 day, 1:54:02  time: 1.1539  data_time: 0.0159  memory: 9088  grad_norm: 99.4477  loss: 22.9013  decode.loss_cls: 0.1651  decode.loss_mask: 0.9314  decode.loss_dice: 1.1804  decode.d0.loss_cls: 0.2930  decode.d0.loss_mask: 0.9610  decode.d0.loss_dice: 1.2562  decode.d1.loss_cls: 0.1448  decode.d1.loss_mask: 0.9459  decode.d1.loss_dice: 1.2318  decode.d2.loss_cls: 0.1501  decode.d2.loss_mask: 0.9496  decode.d2.loss_dice: 1.2107  decode.d3.loss_cls: 0.1593  decode.d3.loss_mask: 0.9078  decode.d3.loss_dice: 1.1631  decode.d4.loss_cls: 0.1589  decode.d4.loss_mask: 0.9067  decode.d4.loss_dice: 1.1603  decode.d5.loss_cls: 0.1673  decode.d5.loss_mask: 0.8978  decode.d5.loss_dice: 1.1775  decode.d6.loss_cls: 0.1593  decode.d6.loss_mask: 0.9077  decode.d6.loss_dice: 1.1646  decode.d7.loss_cls: 0.1568  decode.d7.loss_mask: 0.9235  decode.d7.loss_dice: 1.1994  decode.d8.loss_cls: 0.1596  decode.d8.loss_mask: 0.9267  decode.d8.loss_dice: 1.1851
2026/07/20 20:43:13 - mmengine - INFO - Iter(train) [ 4300/80000]  base_lr: 4.9240e-05 lr: 4.9240e-05  eta: 1 day, 1:49:49  time: 1.1552  data_time: 0.0157  memory: 9088  grad_norm: 76.9023  loss: 25.2839  decode.loss_cls: 0.1072  decode.loss_mask: 1.1725  decode.loss_dice: 1.2044  decode.d0.loss_cls: 0.2428  decode.d0.loss_mask: 1.2284  decode.d0.loss_dice: 1.3247  decode.d1.loss_cls: 0.0976  decode.d1.loss_mask: 1.1919  decode.d1.loss_dice: 1.2720  decode.d2.loss_cls: 0.0844  decode.d2.loss_mask: 1.1826  decode.d2.loss_dice: 1.2438  decode.d3.loss_cls: 0.1175  decode.d3.loss_mask: 1.1772  decode.d3.loss_dice: 1.2085  decode.d4.loss_cls: 0.1061  decode.d4.loss_mask: 1.1964  decode.d4.loss_dice: 1.2303  decode.d5.loss_cls: 0.1095  decode.d5.loss_mask: 1.1809  decode.d5.loss_dice: 1.1847  decode.d6.loss_cls: 0.1102  decode.d6.loss_mask: 1.1678  decode.d6.loss_dice: 1.2005  decode.d7.loss_cls: 0.1029  decode.d7.loss_mask: 1.1680  decode.d7.loss_dice: 1.1994  decode.d8.loss_cls: 0.1087  decode.d8.loss_mask: 1.1610  decode.d8.loss_dice: 1.2018
2026/07/20 20:45:13 - mmengine - INFO - Iter(train) [ 4400/80000]  base_lr: 4.9182e-05 lr: 4.9182e-05  eta: 1 day, 1:46:44  time: 1.1409  data_time: 0.0150  memory: 9079  grad_norm: 86.8330  loss: 32.4395  decode.loss_cls: 0.1712  decode.loss_mask: 1.5447  decode.loss_dice: 1.5138  decode.d0.loss_cls: 0.2542  decode.d0.loss_mask: 1.5815  decode.d0.loss_dice: 1.5799  decode.d1.loss_cls: 0.1722  decode.d1.loss_mask: 1.5306  decode.d1.loss_dice: 1.5311  decode.d2.loss_cls: 0.1592  decode.d2.loss_mask: 1.4934  decode.d2.loss_dice: 1.5449  decode.d3.loss_cls: 0.1543  decode.d3.loss_mask: 1.5211  decode.d3.loss_dice: 1.5370  decode.d4.loss_cls: 0.1665  decode.d4.loss_mask: 1.5319  decode.d4.loss_dice: 1.5320  decode.d5.loss_cls: 0.1785  decode.d5.loss_mask: 1.5618  decode.d5.loss_dice: 1.5479  decode.d6.loss_cls: 0.1855  decode.d6.loss_mask: 1.5180  decode.d6.loss_dice: 1.5028  decode.d7.loss_cls: 0.1638  decode.d7.loss_mask: 1.5304  decode.d7.loss_dice: 1.5284  decode.d8.loss_cls: 0.1770  decode.d8.loss_mask: 1.5204  decode.d8.loss_dice: 1.5052
2026/07/20 20:47:10 - mmengine - INFO - Iter(train) [ 4500/80000]  base_lr: 4.9123e-05 lr: 4.9123e-05  eta: 1 day, 1:43:11  time: 1.1565  data_time: 0.0150  memory: 9079  grad_norm: 75.9265  loss: 26.0487  decode.loss_cls: 0.0330  decode.loss_mask: 1.3365  decode.loss_dice: 1.2279  decode.d0.loss_cls: 0.1887  decode.d0.loss_mask: 1.3514  decode.d0.loss_dice: 1.2875  decode.d1.loss_cls: 0.0574  decode.d1.loss_mask: 1.3420  decode.d1.loss_dice: 1.2123  decode.d2.loss_cls: 0.0540  decode.d2.loss_mask: 1.3271  decode.d2.loss_dice: 1.1770  decode.d3.loss_cls: 0.0622  decode.d3.loss_mask: 1.3161  decode.d3.loss_dice: 1.1820  decode.d4.loss_cls: 0.0402  decode.d4.loss_mask: 1.3355  decode.d4.loss_dice: 1.2016  decode.d5.loss_cls: 0.0376  decode.d5.loss_mask: 1.3266  decode.d5.loss_dice: 1.2035  decode.d6.loss_cls: 0.0362  decode.d6.loss_mask: 1.3291  decode.d6.loss_dice: 1.2071  decode.d7.loss_cls: 0.0342  decode.d7.loss_mask: 1.3374  decode.d7.loss_dice: 1.2075  decode.d8.loss_cls: 0.0348  decode.d8.loss_mask: 1.3305  decode.d8.loss_dice: 1.2321
2026/07/20 20:49:07 - mmengine - INFO - Iter(train) [ 4600/80000]  base_lr: 4.9065e-05 lr: 4.9065e-05  eta: 1 day, 1:39:43  time: 1.2080  data_time: 0.0151  memory: 9088  grad_norm: 79.8501  loss: 29.0566  decode.loss_cls: 0.0767  decode.loss_mask: 1.4902  decode.loss_dice: 1.3131  decode.d0.loss_cls: 0.1721  decode.d0.loss_mask: 1.5194  decode.d0.loss_dice: 1.3679  decode.d1.loss_cls: 0.0804  decode.d1.loss_mask: 1.4767  decode.d1.loss_dice: 1.3443  decode.d2.loss_cls: 0.0731  decode.d2.loss_mask: 1.4909  decode.d2.loss_dice: 1.3436  decode.d3.loss_cls: 0.0741  decode.d3.loss_mask: 1.4785  decode.d3.loss_dice: 1.3193  decode.d4.loss_cls: 0.0688  decode.d4.loss_mask: 1.4932  decode.d4.loss_dice: 1.3175  decode.d5.loss_cls: 0.0719  decode.d5.loss_mask: 1.4944  decode.d5.loss_dice: 1.3291  decode.d6.loss_cls: 0.0759  decode.d6.loss_mask: 1.4957  decode.d6.loss_dice: 1.3242  decode.d7.loss_cls: 0.0737  decode.d7.loss_mask: 1.5016  decode.d7.loss_dice: 1.3145  decode.d8.loss_cls: 0.0850  decode.d8.loss_mask: 1.4842  decode.d8.loss_dice: 1.3065
2026/07/20 20:51:06 - mmengine - INFO - Iter(train) [ 4700/80000]  base_lr: 4.9006e-05 lr: 4.9006e-05  eta: 1 day, 1:36:33  time: 1.1639  data_time: 0.0153  memory: 9088  grad_norm: 69.5516  loss: 27.1551  decode.loss_cls: 0.0626  decode.loss_mask: 1.3690  decode.loss_dice: 1.2787  decode.d0.loss_cls: 0.1687  decode.d0.loss_mask: 1.3982  decode.d0.loss_dice: 1.3162  decode.d1.loss_cls: 0.0483  decode.d1.loss_mask: 1.3780  decode.d1.loss_dice: 1.2821  decode.d2.loss_cls: 0.0398  decode.d2.loss_mask: 1.3717  decode.d2.loss_dice: 1.2688  decode.d3.loss_cls: 0.0522  decode.d3.loss_mask: 1.3805  decode.d3.loss_dice: 1.2572  decode.d4.loss_cls: 0.0616  decode.d4.loss_mask: 1.3720  decode.d4.loss_dice: 1.2627  decode.d5.loss_cls: 0.0677  decode.d5.loss_mask: 1.3655  decode.d5.loss_dice: 1.2690  decode.d6.loss_cls: 0.0537  decode.d6.loss_mask: 1.3706  decode.d6.loss_dice: 1.2683  decode.d7.loss_cls: 0.0589  decode.d7.loss_mask: 1.3649  decode.d7.loss_dice: 1.2687  decode.d8.loss_cls: 0.0619  decode.d8.loss_mask: 1.3733  decode.d8.loss_dice: 1.2642
2026/07/20 20:53:02 - mmengine - INFO - Iter(train) [ 4800/80000]  base_lr: 4.8947e-05 lr: 4.8947e-05  eta: 1 day, 1:32:58  time: 1.1759  data_time: 0.0154  memory: 9079  grad_norm: 80.1729  loss: 26.4354  decode.loss_cls: 0.0813  decode.loss_mask: 1.1858  decode.loss_dice: 1.3348  decode.d0.loss_cls: 0.2074  decode.d0.loss_mask: 1.2251  decode.d0.loss_dice: 1.4632  decode.d1.loss_cls: 0.1301  decode.d1.loss_mask: 1.1667  decode.d1.loss_dice: 1.3361  decode.d2.loss_cls: 0.1304  decode.d2.loss_mask: 1.1779  decode.d2.loss_dice: 1.3192  decode.d3.loss_cls: 0.1230  decode.d3.loss_mask: 1.1926  decode.d3.loss_dice: 1.3045  decode.d4.loss_cls: 0.1010  decode.d4.loss_mask: 1.1931  decode.d4.loss_dice: 1.3276  decode.d5.loss_cls: 0.1027  decode.d5.loss_mask: 1.1944  decode.d5.loss_dice: 1.3198  decode.d6.loss_cls: 0.0931  decode.d6.loss_mask: 1.1768  decode.d6.loss_dice: 1.3225  decode.d7.loss_cls: 0.1017  decode.d7.loss_mask: 1.1779  decode.d7.loss_dice: 1.3393  decode.d8.loss_cls: 0.0864  decode.d8.loss_mask: 1.1856  decode.d8.loss_dice: 1.3355
2026/07/20 20:54:58 - mmengine - INFO - Iter(train) [ 4900/80000]  base_lr: 4.8889e-05 lr: 4.8889e-05  eta: 1 day, 1:29:17  time: 1.1564  data_time: 0.0149  memory: 9088  grad_norm: 102.6005  loss: 31.4637  decode.loss_cls: 0.1979  decode.loss_mask: 1.4274  decode.loss_dice: 1.4902  decode.d0.loss_cls: 0.2119  decode.d0.loss_mask: 1.5513  decode.d0.loss_dice: 1.6202  decode.d1.loss_cls: 0.1391  decode.d1.loss_mask: 1.4742  decode.d1.loss_dice: 1.5043  decode.d2.loss_cls: 0.1566  decode.d2.loss_mask: 1.4645  decode.d2.loss_dice: 1.4952  decode.d3.loss_cls: 0.1863  decode.d3.loss_mask: 1.4499  decode.d3.loss_dice: 1.4749  decode.d4.loss_cls: 0.1854  decode.d4.loss_mask: 1.4602  decode.d4.loss_dice: 1.5051  decode.d5.loss_cls: 0.2032  decode.d5.loss_mask: 1.4685  decode.d5.loss_dice: 1.5033  decode.d6.loss_cls: 0.1891  decode.d6.loss_mask: 1.4768  decode.d6.loss_dice: 1.4718  decode.d7.loss_cls: 0.1799  decode.d7.loss_mask: 1.4691  decode.d7.loss_dice: 1.4453  decode.d8.loss_cls: 0.1948  decode.d8.loss_mask: 1.4366  decode.d8.loss_dice: 1.4308
2026/07/20 20:56:52 - mmengine - INFO - Exp name: dinov3_m2f_31999_20260720_190649
2026/07/20 20:56:52 - mmengine - INFO - Iter(train) [ 5000/80000]  base_lr: 4.8830e-05 lr: 4.8830e-05  eta: 1 day, 1:25:12  time: 1.1600  data_time: 0.0150  memory: 9088  grad_norm: 79.4001  loss: 26.1803  decode.loss_cls: 0.0895  decode.loss_mask: 1.2378  decode.loss_dice: 1.2644  decode.d0.loss_cls: 0.2145  decode.d0.loss_mask: 1.3030  decode.d0.loss_dice: 1.3802  decode.d1.loss_cls: 0.0955  decode.d1.loss_mask: 1.2562  decode.d1.loss_dice: 1.2895  decode.d2.loss_cls: 0.1013  decode.d2.loss_mask: 1.2445  decode.d2.loss_dice: 1.2520  decode.d3.loss_cls: 0.1060  decode.d3.loss_mask: 1.2277  decode.d3.loss_dice: 1.2325  decode.d4.loss_cls: 0.1017  decode.d4.loss_mask: 1.2474  decode.d4.loss_dice: 1.2231  decode.d5.loss_cls: 0.1019  decode.d5.loss_mask: 1.2415  decode.d5.loss_dice: 1.2422  decode.d6.loss_cls: 0.0982  decode.d6.loss_mask: 1.2432  decode.d6.loss_dice: 1.2513  decode.d7.loss_cls: 0.0872  decode.d7.loss_mask: 1.2365  decode.d7.loss_dice: 1.2456  decode.d8.loss_cls: 0.0876  decode.d8.loss_mask: 1.2251  decode.d8.loss_dice: 1.2531
2026/07/20 20:58:50 - mmengine - INFO - Iter(train) [ 5100/80000]  base_lr: 4.8772e-05 lr: 4.8772e-05  eta: 1 day, 1:22:03  time: 1.1683  data_time: 0.0153  memory: 9088  grad_norm: 86.8906  loss: 29.3647  decode.loss_cls: 0.0878  decode.loss_mask: 1.4964  decode.loss_dice: 1.3544  decode.d0.loss_cls: 0.1697  decode.d0.loss_mask: 1.5398  decode.d0.loss_dice: 1.4056  decode.d1.loss_cls: 0.1165  decode.d1.loss_mask: 1.4419  decode.d1.loss_dice: 1.3347  decode.d2.loss_cls: 0.0941  decode.d2.loss_mask: 1.4884  decode.d2.loss_dice: 1.3581  decode.d3.loss_cls: 0.1047  decode.d3.loss_mask: 1.4755  decode.d3.loss_dice: 1.3342  decode.d4.loss_cls: 0.1022  decode.d4.loss_mask: 1.4791  decode.d4.loss_dice: 1.3403  decode.d5.loss_cls: 0.1051  decode.d5.loss_mask: 1.4718  decode.d5.loss_dice: 1.3181  decode.d6.loss_cls: 0.0962  decode.d6.loss_mask: 1.4657  decode.d6.loss_dice: 1.3275  decode.d7.loss_cls: 0.0894  decode.d7.loss_mask: 1.4819  decode.d7.loss_dice: 1.3423  decode.d8.loss_cls: 0.0864  decode.d8.loss_mask: 1.4969  decode.d8.loss_dice: 1.3600
2026/07/20 21:00:50 - mmengine - INFO - Iter(train) [ 5200/80000]  base_lr: 4.8713e-05 lr: 4.8713e-05  eta: 1 day, 1:19:37  time: 1.1755  data_time: 0.0145  memory: 9088  grad_norm: 109.0372  loss: 27.2983  decode.loss_cls: 0.1595  decode.loss_mask: 1.3676  decode.loss_dice: 1.2063  decode.d0.loss_cls: 0.2521  decode.d0.loss_mask: 1.4520  decode.d0.loss_dice: 1.2760  decode.d1.loss_cls: 0.1461  decode.d1.loss_mask: 1.3708  decode.d1.loss_dice: 1.1851  decode.d2.loss_cls: 0.1494  decode.d2.loss_mask: 1.3661  decode.d2.loss_dice: 1.1821  decode.d3.loss_cls: 0.1631  decode.d3.loss_mask: 1.3579  decode.d3.loss_dice: 1.1620  decode.d4.loss_cls: 0.1489  decode.d4.loss_mask: 1.3865  decode.d4.loss_dice: 1.1678  decode.d5.loss_cls: 0.1359  decode.d5.loss_mask: 1.4030  decode.d5.loss_dice: 1.1677  decode.d6.loss_cls: 0.1510  decode.d6.loss_mask: 1.3650  decode.d6.loss_dice: 1.1860  decode.d7.loss_cls: 0.1399  decode.d7.loss_mask: 1.3778  decode.d7.loss_dice: 1.1859  decode.d8.loss_cls: 0.1401  decode.d8.loss_mask: 1.3689  decode.d8.loss_dice: 1.1778
2026/07/20 21:02:46 - mmengine - INFO - Iter(train) [ 5300/80000]  base_lr: 4.8654e-05 lr: 4.8654e-05  eta: 1 day, 1:16:18  time: 1.1633  data_time: 0.0151  memory: 9079  grad_norm: 87.8602  loss: 28.3574  decode.loss_cls: 0.0537  decode.loss_mask: 1.5325  decode.loss_dice: 1.2259  decode.d0.loss_cls: 0.1668  decode.d0.loss_mask: 1.5381  decode.d0.loss_dice: 1.2583  decode.d1.loss_cls: 0.0674  decode.d1.loss_mask: 1.5117  decode.d1.loss_dice: 1.2194  decode.d2.loss_cls: 0.0683  decode.d2.loss_mask: 1.5221  decode.d2.loss_dice: 1.2017  decode.d3.loss_cls: 0.0691  decode.d3.loss_mask: 1.5195  decode.d3.loss_dice: 1.2144  decode.d4.loss_cls: 0.0641  decode.d4.loss_mask: 1.5308  decode.d4.loss_dice: 1.2351  decode.d5.loss_cls: 0.0501  decode.d5.loss_mask: 1.5510  decode.d5.loss_dice: 1.2678  decode.d6.loss_cls: 0.0579  decode.d6.loss_mask: 1.5328  decode.d6.loss_dice: 1.2524  decode.d7.loss_cls: 0.0466  decode.d7.loss_mask: 1.5473  decode.d7.loss_dice: 1.2473  decode.d8.loss_cls: 0.0506  decode.d8.loss_mask: 1.5269  decode.d8.loss_dice: 1.2278
2026/07/20 21:04:43 - mmengine - INFO - Iter(train) [ 5400/80000]  base_lr: 4.8596e-05 lr: 4.8596e-05  eta: 1 day, 1:13:12  time: 1.2886  data_time: 0.0156  memory: 9088  grad_norm: 73.5313  loss: 27.4818  decode.loss_cls: 0.0525  decode.loss_mask: 1.4492  decode.loss_dice: 1.2375  decode.d0.loss_cls: 0.1675  decode.d0.loss_mask: 1.4614  decode.d0.loss_dice: 1.2202  decode.d1.loss_cls: 0.0735  decode.d1.loss_mask: 1.4531  decode.d1.loss_dice: 1.2136  decode.d2.loss_cls: 0.0518  decode.d2.loss_mask: 1.4579  decode.d2.loss_dice: 1.2243  decode.d3.loss_cls: 0.0684  decode.d3.loss_mask: 1.4470  decode.d3.loss_dice: 1.2212  decode.d4.loss_cls: 0.0701  decode.d4.loss_mask: 1.4463  decode.d4.loss_dice: 1.2139  decode.d5.loss_cls: 0.0567  decode.d5.loss_mask: 1.4611  decode.d5.loss_dice: 1.2277  decode.d6.loss_cls: 0.0637  decode.d6.loss_mask: 1.4504  decode.d6.loss_dice: 1.2215  decode.d7.loss_cls: 0.0593  decode.d7.loss_mask: 1.4479  decode.d7.loss_dice: 1.2337  decode.d8.loss_cls: 0.0630  decode.d8.loss_mask: 1.4409  decode.d8.loss_dice: 1.2266
2026/07/20 21:07:48 - mmengine - INFO - Iter(train) [ 5500/80000]  base_lr: 4.8537e-05 lr: 4.8537e-05  eta: 1 day, 1:25:18  time: 2.0334  data_time: 0.0154  memory: 9088  grad_norm: 71.7954  loss: 21.4441  decode.loss_cls: 0.0465  decode.loss_mask: 1.1006  decode.loss_dice: 0.9708  decode.d0.loss_cls: 0.1411  decode.d0.loss_mask: 1.1016  decode.d0.loss_dice: 1.0367  decode.d1.loss_cls: 0.0678  decode.d1.loss_mask: 1.1034  decode.d1.loss_dice: 0.9658  decode.d2.loss_cls: 0.0475  decode.d2.loss_mask: 1.1189  decode.d2.loss_dice: 0.9462  decode.d3.loss_cls: 0.0561  decode.d3.loss_mask: 1.1195  decode.d3.loss_dice: 0.9519  decode.d4.loss_cls: 0.0397  decode.d4.loss_mask: 1.1177  decode.d4.loss_dice: 0.9758  decode.d5.loss_cls: 0.0409  decode.d5.loss_mask: 1.1160  decode.d5.loss_dice: 0.9717  decode.d6.loss_cls: 0.0568  decode.d6.loss_mask: 1.1031  decode.d6.loss_dice: 0.9706  decode.d7.loss_cls: 0.0462  decode.d7.loss_mask: 1.1205  decode.d7.loss_dice: 0.9760  decode.d8.loss_cls: 0.0484  decode.d8.loss_mask: 1.1090  decode.d8.loss_dice: 0.9773
2026/07/20 21:09:49 - mmengine - INFO - Iter(train) [ 5600/80000]  base_lr: 4.8478e-05 lr: 4.8478e-05  eta: 1 day, 1:22:59  time: 1.1738  data_time: 0.0156  memory: 9088  grad_norm: 76.8780  loss: 21.6109  decode.loss_cls: 0.0700  decode.loss_mask: 1.1545  decode.loss_dice: 0.8978  decode.d0.loss_cls: 0.2045  decode.d0.loss_mask: 1.2822  decode.d0.loss_dice: 1.0341  decode.d1.loss_cls: 0.0788  decode.d1.loss_mask: 1.1674  decode.d1.loss_dice: 0.9243  decode.d2.loss_cls: 0.0764  decode.d2.loss_mask: 1.1418  decode.d2.loss_dice: 0.9190  decode.d3.loss_cls: 0.0717  decode.d3.loss_mask: 1.1306  decode.d3.loss_dice: 0.9054  decode.d4.loss_cls: 0.0711  decode.d4.loss_mask: 1.1359  decode.d4.loss_dice: 0.8920  decode.d5.loss_cls: 0.0703  decode.d5.loss_mask: 1.1452  decode.d5.loss_dice: 0.8985  decode.d6.loss_cls: 0.0719  decode.d6.loss_mask: 1.1436  decode.d6.loss_dice: 0.8920  decode.d7.loss_cls: 0.0711  decode.d7.loss_mask: 1.1479  decode.d7.loss_dice: 0.8873  decode.d8.loss_cls: 0.0684  decode.d8.loss_mask: 1.1497  decode.d8.loss_dice: 0.9076
2026/07/20 21:11:45 - mmengine - INFO - Iter(train) [ 5700/80000]  base_lr: 4.8420e-05 lr: 4.8420e-05  eta: 1 day, 1:19:24  time: 1.1706  data_time: 0.0157  memory: 9079  grad_norm: 63.0051  loss: 22.7552  decode.loss_cls: 0.0471  decode.loss_mask: 1.1143  decode.loss_dice: 1.0776  decode.d0.loss_cls: 0.1569  decode.d0.loss_mask: 1.1175  decode.d0.loss_dice: 1.1784  decode.d1.loss_cls: 0.0597  decode.d1.loss_mask: 1.1261  decode.d1.loss_dice: 1.1104  decode.d2.loss_cls: 0.0526  decode.d2.loss_mask: 1.1211  decode.d2.loss_dice: 1.1100  decode.d3.loss_cls: 0.0476  decode.d3.loss_mask: 1.1129  decode.d3.loss_dice: 1.0985  decode.d4.loss_cls: 0.0556  decode.d4.loss_mask: 1.1264  decode.d4.loss_dice: 1.0826  decode.d5.loss_cls: 0.0535  decode.d5.loss_mask: 1.1134  decode.d5.loss_dice: 1.0616  decode.d6.loss_cls: 0.0425  decode.d6.loss_mask: 1.1134  decode.d6.loss_dice: 1.0736  decode.d7.loss_cls: 0.0612  decode.d7.loss_mask: 1.1192  decode.d7.loss_dice: 1.0810  decode.d8.loss_cls: 0.0442  decode.d8.loss_mask: 1.1194  decode.d8.loss_dice: 1.0769
2026/07/20 21:13:42 - mmengine - INFO - Iter(train) [ 5800/80000]  base_lr: 4.8361e-05 lr: 4.8361e-05  eta: 1 day, 1:16:02  time: 1.1714  data_time: 0.0151  memory: 9088  grad_norm: 64.7023  loss: 26.1399  decode.loss_cls: 0.0568  decode.loss_mask: 1.3579  decode.loss_dice: 1.2048  decode.d0.loss_cls: 0.1380  decode.d0.loss_mask: 1.3869  decode.d0.loss_dice: 1.2391  decode.d1.loss_cls: 0.0491  decode.d1.loss_mask: 1.3400  decode.d1.loss_dice: 1.1833  decode.d2.loss_cls: 0.0547  decode.d2.loss_mask: 1.3393  decode.d2.loss_dice: 1.1777  decode.d3.loss_cls: 0.0430  decode.d3.loss_mask: 1.3404  decode.d3.loss_dice: 1.2014  decode.d4.loss_cls: 0.0522  decode.d4.loss_mask: 1.3522  decode.d4.loss_dice: 1.2044  decode.d5.loss_cls: 0.0521  decode.d5.loss_mask: 1.3522  decode.d5.loss_dice: 1.1891  decode.d6.loss_cls: 0.0480  decode.d6.loss_mask: 1.3582  decode.d6.loss_dice: 1.2058  decode.d7.loss_cls: 0.0508  decode.d7.loss_mask: 1.3528  decode.d7.loss_dice: 1.2125  decode.d8.loss_cls: 0.0506  decode.d8.loss_mask: 1.3602  decode.d8.loss_dice: 1.1862
2026/07/20 21:15:36 - mmengine - INFO - Iter(train) [ 5900/80000]  base_lr: 4.8303e-05 lr: 4.8303e-05  eta: 1 day, 1:12:12  time: 0.9940  data_time: 0.0148  memory: 9088  grad_norm: 55.4599  loss: 18.0661  decode.loss_cls: 0.0679  decode.loss_mask: 0.8759  decode.loss_dice: 0.8531  decode.d0.loss_cls: 0.1514  decode.d0.loss_mask: 0.9005  decode.d0.loss_dice: 0.9025  decode.d1.loss_cls: 0.0662  decode.d1.loss_mask: 0.8683  decode.d1.loss_dice: 0.8791  decode.d2.loss_cls: 0.0633  decode.d2.loss_mask: 0.8606  decode.d2.loss_dice: 0.8644  decode.d3.loss_cls: 0.0694  decode.d3.loss_mask: 0.8644  decode.d3.loss_dice: 0.8588  decode.d4.loss_cls: 0.0636  decode.d4.loss_mask: 0.8629  decode.d4.loss_dice: 0.8466  decode.d5.loss_cls: 0.0674  decode.d5.loss_mask: 0.8780  decode.d5.loss_dice: 0.8402  decode.d6.loss_cls: 0.0691  decode.d6.loss_mask: 0.8713  decode.d6.loss_dice: 0.8441  decode.d7.loss_cls: 0.0665  decode.d7.loss_mask: 0.8700  decode.d7.loss_dice: 0.8527  decode.d8.loss_cls: 0.0673  decode.d8.loss_mask: 0.8701  decode.d8.loss_dice: 0.8506
2026/07/20 21:17:33 - mmengine - INFO - Exp name: dinov3_m2f_31999_20260720_190649
2026/07/20 21:17:33 - mmengine - INFO - Iter(train) [ 6000/80000]  base_lr: 4.8244e-05 lr: 4.8244e-05  eta: 1 day, 1:09:06  time: 1.1526  data_time: 0.0153  memory: 9088  grad_norm: 70.8965  loss: 28.1893  decode.loss_cls: 0.1293  decode.loss_mask: 1.3704  decode.loss_dice: 1.3242  decode.d0.loss_cls: 0.1444  decode.d0.loss_mask: 1.4168  decode.d0.loss_dice: 1.3481  decode.d1.loss_cls: 0.1196  decode.d1.loss_mask: 1.3379  decode.d1.loss_dice: 1.3388  decode.d2.loss_cls: 0.1118  decode.d2.loss_mask: 1.3828  decode.d2.loss_dice: 1.3258  decode.d3.loss_cls: 0.1374  decode.d3.loss_mask: 1.3488  decode.d3.loss_dice: 1.3146  decode.d4.loss_cls: 0.1374  decode.d4.loss_mask: 1.3680  decode.d4.loss_dice: 1.3068  decode.d5.loss_cls: 0.1309  decode.d5.loss_mask: 1.3451  decode.d5.loss_dice: 1.3060  decode.d6.loss_cls: 0.1355  decode.d6.loss_mask: 1.3569  decode.d6.loss_dice: 1.3075  decode.d7.loss_cls: 0.1363  decode.d7.loss_mask: 1.3777  decode.d7.loss_dice: 1.3189  decode.d8.loss_cls: 0.1252  decode.d8.loss_mask: 1.3645  decode.d8.loss_dice: 1.3218
2026/07/20 21:17:33 - mmengine - INFO - Saving checkpoint at 6000 iterations
2026/07/20 21:18:49 - mmengine - INFO - Iter(val) [100/504]    eta: 0:02:26  time: 0.3522  data_time: 0.0078  memory: 3097  
2026/07/20 21:19:23 - mmengine - INFO - Iter(val) [200/504]    eta: 0:01:47  time: 0.3436  data_time: 0.0076  memory: 3097  
2026/07/20 21:19:59 - mmengine - INFO - Iter(val) [300/504]    eta: 0:01:12  time: 0.3546  data_time: 0.0077  memory: 3097  
2026/07/20 21:20:33 - mmengine - INFO - Iter(val) [400/504]    eta: 0:00:36  time: 0.3595  data_time: 0.0076  memory: 3097  
2026/07/20 21:21:08 - mmengine - INFO - Iter(val) [500/504]    eta: 0:00:01  time: 0.3552  data_time: 0.0075  memory: 3097  
2026/07/20 21:21:12 - mmengine - INFO - per class results:
2026/07/20 21:21:12 - mmengine - INFO - 
+--------------------+-------+-------+--------+-----------+--------+
|       Class        |  IoU  |  Acc  | Fscore | Precision | Recall |
+--------------------+-------+-------+--------+-----------+--------+
| impervious_surface | 87.38 | 91.47 | 93.27  |   95.14   | 91.47  |
|      building      | 94.46 |  98.8 | 97.15  |   95.56   |  98.8  |
|   low_vegetation   | 78.11 | 87.05 | 87.71  |   88.37   | 87.05  |
|        tree        | 80.91 | 90.59 | 89.45  |   88.33   | 90.59  |
|        car         | 92.93 | 95.12 | 96.34  |   97.59   | 95.12  |
+--------------------+-------+-------+--------+-----------+--------+
2026/07/20 21:21:12 - mmengine - INFO - Iter(val) [504/504]    aAcc: 91.9700  mIoU: 86.7600  mAcc: 92.6000  mFscore: 92.7800  mPrecision: 93.0000  mRecall: 92.6000  data_time: 0.0100  time: 0.3512
2026/07/20 21:21:12 - mmengine - INFO - The previous best checkpoint /mnt/qh2-nas3/00-model/00-fb/fusion_potsdam/work_dirs/dinov3_m2f_31999/best_mIoU_iter_2000.pth is removed
2026/07/20 21:21:31 - mmengine - INFO - The best checkpoint with 86.7600 mIoU at 6000 iter is saved to best_mIoU_iter_6000.pth.
2026/07/20 21:24:06 - mmengine - INFO - Iter(train) [ 6100/80000]  base_lr: 4.8185e-05 lr: 4.8185e-05  eta: 1 day, 1:18:03  time: 1.1640  data_time: 0.0162  memory: 9088  grad_norm: 67.2323  loss: 27.9962  decode.loss_cls: 0.0432  decode.loss_mask: 1.3703  decode.loss_dice: 1.3857  decode.d0.loss_cls: 0.1412  decode.d0.loss_mask: 1.4347  decode.d0.loss_dice: 1.3680  decode.d1.loss_cls: 0.0494  decode.d1.loss_mask: 1.3823  decode.d1.loss_dice: 1.3767  decode.d2.loss_cls: 0.0410  decode.d2.loss_mask: 1.3777  decode.d2.loss_dice: 1.3611  decode.d3.loss_cls: 0.0399  decode.d3.loss_mask: 1.3684  decode.d3.loss_dice: 1.3622  decode.d4.loss_cls: 0.0380  decode.d4.loss_mask: 1.3675  decode.d4.loss_dice: 1.3760  decode.d5.loss_cls: 0.0419  decode.d5.loss_mask: 1.3606  decode.d5.loss_dice: 1.3826  decode.d6.loss_cls: 0.0456  decode.d6.loss_mask: 1.3753  decode.d6.loss_dice: 1.3621  decode.d7.loss_cls: 0.0395  decode.d7.loss_mask: 1.3697  decode.d7.loss_dice: 1.3777  decode.d8.loss_cls: 0.0391  decode.d8.loss_mask: 1.3664  decode.d8.loss_dice: 1.3522
2026/07/20 21:26:03 - mmengine - INFO - Iter(train) [ 6200/80000]  base_lr: 4.8126e-05 lr: 4.8126e-05  eta: 1 day, 1:14:40  time: 1.1569  data_time: 0.0163  memory: 9079  grad_norm: 52.7895  loss: 20.0928  decode.loss_cls: 0.0233  decode.loss_mask: 1.0510  decode.loss_dice: 0.9208  decode.d0.loss_cls: 0.1244  decode.d0.loss_mask: 1.0693  decode.d0.loss_dice: 0.9804  decode.d1.loss_cls: 0.0431  decode.d1.loss_mask: 1.0492  decode.d1.loss_dice: 0.9068  decode.d2.loss_cls: 0.0286  decode.d2.loss_mask: 1.0494  decode.d2.loss_dice: 0.9210  decode.d3.loss_cls: 0.0270  decode.d3.loss_mask: 1.0527  decode.d3.loss_dice: 0.8998  decode.d4.loss_cls: 0.0272  decode.d4.loss_mask: 1.0523  decode.d4.loss_dice: 0.9209  decode.d5.loss_cls: 0.0256  decode.d5.loss_mask: 1.0542  decode.d5.loss_dice: 0.9016  decode.d6.loss_cls: 0.0257  decode.d6.loss_mask: 1.0584  decode.d6.loss_dice: 0.9124  decode.d7.loss_cls: 0.0246  decode.d7.loss_mask: 1.0542  decode.d7.loss_dice: 0.9053  decode.d8.loss_cls: 0.0232  decode.d8.loss_mask: 1.0507  decode.d8.loss_dice: 0.9095
2026/07/20 21:27:59 - mmengine - INFO - Iter(train) [ 6300/80000]  base_lr: 4.8068e-05 lr: 4.8068e-05  eta: 1 day, 1:11:20  time: 1.1726  data_time: 0.0190  memory: 9088  grad_norm: 60.4998  loss: 25.7168  decode.loss_cls: 0.0405  decode.loss_mask: 1.3264  decode.loss_dice: 1.2153  decode.d0.loss_cls: 0.1458  decode.d0.loss_mask: 1.3632  decode.d0.loss_dice: 1.1937  decode.d1.loss_cls: 0.0526  decode.d1.loss_mask: 1.3325  decode.d1.loss_dice: 1.1817  decode.d2.loss_cls: 0.0489  decode.d2.loss_mask: 1.3282  decode.d2.loss_dice: 1.1940  decode.d3.loss_cls: 0.0281  decode.d3.loss_mask: 1.3225  decode.d3.loss_dice: 1.1893  decode.d4.loss_cls: 0.0275  decode.d4.loss_mask: 1.3118  decode.d4.loss_dice: 1.2113  decode.d5.loss_cls: 0.0405  decode.d5.loss_mask: 1.3065  decode.d5.loss_dice: 1.2079  decode.d6.loss_cls: 0.0520  decode.d6.loss_mask: 1.3065  decode.d6.loss_dice: 1.1942  decode.d7.loss_cls: 0.0266  decode.d7.loss_mask: 1.3101  decode.d7.loss_dice: 1.2024  decode.d8.loss_cls: 0.0348  decode.d8.loss_mask: 1.3217  decode.d8.loss_dice: 1.2005
2026/07/20 21:29:56 - mmengine - INFO - Iter(train) [ 6400/80000]  base_lr: 4.8009e-05 lr: 4.8009e-05  eta: 1 day, 1:07:59  time: 1.1570  data_time: 0.0155  memory: 9088  grad_norm: 71.7635  loss: 22.4138  decode.loss_cls: 0.0474  decode.loss_mask: 1.1495  decode.loss_dice: 1.0327  decode.d0.loss_cls: 0.1090  decode.d0.loss_mask: 1.2030  decode.d0.loss_dice: 1.0844  decode.d1.loss_cls: 0.0283  decode.d1.loss_mask: 1.1481  decode.d1.loss_dice: 1.0388  decode.d2.loss_cls: 0.0320  decode.d2.loss_mask: 1.1406  decode.d2.loss_dice: 1.0392  decode.d3.loss_cls: 0.0355  decode.d3.loss_mask: 1.1422  decode.d3.loss_dice: 1.0311  decode.d4.loss_cls: 0.0334  decode.d4.loss_mask: 1.1406  decode.d4.loss_dice: 1.0586  decode.d5.loss_cls: 0.0369  decode.d5.loss_mask: 1.1453  decode.d5.loss_dice: 1.0521  decode.d6.loss_cls: 0.0408  decode.d6.loss_mask: 1.1421  decode.d6.loss_dice: 1.0488  decode.d7.loss_cls: 0.0331  decode.d7.loss_mask: 1.1543  decode.d7.loss_dice: 1.0477  decode.d8.loss_cls: 0.0320  decode.d8.loss_mask: 1.1471  decode.d8.loss_dice: 1.0392
2026/07/20 21:31:53 - mmengine - INFO - Iter(train) [ 6500/80000]  base_lr: 4.7950e-05 lr: 4.7950e-05  eta: 1 day, 1:04:48  time: 1.1711  data_time: 0.0152  memory: 9079  grad_norm: 69.7410  loss: 19.6025  decode.loss_cls: 0.1305  decode.loss_mask: 0.9376  decode.loss_dice: 0.8586  decode.d0.loss_cls: 0.2257  decode.d0.loss_mask: 0.9577  decode.d0.loss_dice: 1.0119  decode.d1.loss_cls: 0.1198  decode.d1.loss_mask: 0.9844  decode.d1.loss_dice: 0.9125  decode.d2.loss_cls: 0.1272  decode.d2.loss_mask: 0.9585  decode.d2.loss_dice: 0.8689  decode.d3.loss_cls: 0.1224  decode.d3.loss_mask: 0.9406  decode.d3.loss_dice: 0.8725  decode.d4.loss_cls: 0.1345  decode.d4.loss_mask: 0.9261  decode.d4.loss_dice: 0.8392  decode.d5.loss_cls: 0.1265  decode.d5.loss_mask: 0.9560  decode.d5.loss_dice: 0.8520  decode.d6.loss_cls: 0.1311  decode.d6.loss_mask: 0.9343  decode.d6.loss_dice: 0.8404  decode.d7.loss_cls: 0.1282  decode.d7.loss_mask: 0.9337  decode.d7.loss_dice: 0.8500  decode.d8.loss_cls: 0.1330  decode.d8.loss_mask: 0.9387  decode.d8.loss_dice: 0.8500
2026/07/20 21:33:48 - mmengine - INFO - Iter(train) [ 6600/80000]  base_lr: 4.7892e-05 lr: 4.7892e-05  eta: 1 day, 1:01:25  time: 1.0307  data_time: 0.0149  memory: 9088  grad_norm: 118.0788  loss: 37.3014  decode.loss_cls: 0.2535  decode.loss_mask: 1.8783  decode.loss_dice: 1.5628  decode.d0.loss_cls: 0.4163  decode.d0.loss_mask: 1.8475  decode.d0.loss_dice: 1.7481  decode.d1.loss_cls: 0.3301  decode.d1.loss_mask: 1.8213  decode.d1.loss_dice: 1.6033  decode.d2.loss_cls: 0.2983  decode.d2.loss_mask: 1.8479  decode.d2.loss_dice: 1.5560  decode.d3.loss_cls: 0.2958  decode.d3.loss_mask: 1.8557  decode.d3.loss_dice: 1.5643  decode.d4.loss_cls: 0.2941  decode.d4.loss_mask: 1.8434  decode.d4.loss_dice: 1.5482  decode.d5.loss_cls: 0.2951  decode.d5.loss_mask: 1.8448  decode.d5.loss_dice: 1.5341  decode.d6.loss_cls: 0.2894  decode.d6.loss_mask: 1.8654  decode.d6.loss_dice: 1.5334  decode.d7.loss_cls: 0.2539  decode.d7.loss_mask: 1.8696  decode.d7.loss_dice: 1.5675  decode.d8.loss_cls: 0.2547  decode.d8.loss_mask: 1.8654  decode.d8.loss_dice: 1.5633
2026/07/20 21:35:43 - mmengine - INFO - Iter(train) [ 6700/80000]  base_lr: 4.7833e-05 lr: 4.7833e-05  eta: 1 day, 0:57:58  time: 1.1372  data_time: 0.0152  memory: 9088  grad_norm: 69.6803  loss: 20.8076  decode.loss_cls: 0.0580  decode.loss_mask: 1.0674  decode.loss_dice: 0.9562  decode.d0.loss_cls: 0.1751  decode.d0.loss_mask: 1.1265  decode.d0.loss_dice: 1.0168  decode.d1.loss_cls: 0.0613  decode.d1.loss_mask: 1.0785  decode.d1.loss_dice: 0.9575  decode.d2.loss_cls: 0.0640  decode.d2.loss_mask: 1.0517  decode.d2.loss_dice: 0.9153  decode.d3.loss_cls: 0.0619  decode.d3.loss_mask: 1.0607  decode.d3.loss_dice: 0.9133  decode.d4.loss_cls: 0.0625  decode.d4.loss_mask: 1.0670  decode.d4.loss_dice: 0.9051  decode.d5.loss_cls: 0.0578  decode.d5.loss_mask: 1.0652  decode.d5.loss_dice: 0.9209  decode.d6.loss_cls: 0.0568  decode.d6.loss_mask: 1.0687  decode.d6.loss_dice: 0.9290  decode.d7.loss_cls: 0.0573  decode.d7.loss_mask: 1.0675  decode.d7.loss_dice: 0.9292  decode.d8.loss_cls: 0.0579  decode.d8.loss_mask: 1.0651  decode.d8.loss_dice: 0.9336
2026/07/20 21:37:40 - mmengine - INFO - Iter(train) [ 6800/80000]  base_lr: 4.7774e-05 lr: 4.7774e-05  eta: 1 day, 0:54:46  time: 1.1551  data_time: 0.0153  memory: 9088  grad_norm: 64.1441  loss: 17.5113  decode.loss_cls: 0.1041  decode.loss_mask: 0.7116  decode.loss_dice: 0.8986  decode.d0.loss_cls: 0.1584  decode.d0.loss_mask: 0.7394  decode.d0.loss_dice: 1.0203  decode.d1.loss_cls: 0.1312  decode.d1.loss_mask: 0.7247  decode.d1.loss_dice: 0.9201  decode.d2.loss_cls: 0.1170  decode.d2.loss_mask: 0.7217  decode.d2.loss_dice: 0.8939  decode.d3.loss_cls: 0.1058  decode.d3.loss_mask: 0.7235  decode.d3.loss_dice: 0.8971  decode.d4.loss_cls: 0.1122  decode.d4.loss_mask: 0.7262  decode.d4.loss_dice: 0.9001  decode.d5.loss_cls: 0.1190  decode.d5.loss_mask: 0.7225  decode.d5.loss_dice: 0.9014  decode.d6.loss_cls: 0.0985  decode.d6.loss_mask: 0.7129  decode.d6.loss_dice: 0.9065  decode.d7.loss_cls: 0.1073  decode.d7.loss_mask: 0.7173  decode.d7.loss_dice: 0.9084  decode.d8.loss_cls: 0.1118  decode.d8.loss_mask: 0.7141  decode.d8.loss_dice: 0.8860
2026/07/20 21:39:35 - mmengine - INFO - Iter(train) [ 6900/80000]  base_lr: 4.7715e-05 lr: 4.7715e-05  eta: 1 day, 0:51:29  time: 1.1484  data_time: 0.0149  memory: 9088  grad_norm: 71.4303  loss: 25.6989  decode.loss_cls: 0.1004  decode.loss_mask: 1.2511  decode.loss_dice: 1.1686  decode.d0.loss_cls: 0.1873  decode.d0.loss_mask: 1.3066  decode.d0.loss_dice: 1.3112  decode.d1.loss_cls: 0.0994  decode.d1.loss_mask: 1.2573  decode.d1.loss_dice: 1.2045  decode.d2.loss_cls: 0.0974  decode.d2.loss_mask: 1.2554  decode.d2.loss_dice: 1.1899  decode.d3.loss_cls: 0.0999  decode.d3.loss_mask: 1.2551  decode.d3.loss_dice: 1.1794  decode.d4.loss_cls: 0.0966  decode.d4.loss_mask: 1.2735  decode.d4.loss_dice: 1.1833  decode.d5.loss_cls: 0.0903  decode.d5.loss_mask: 1.2754  decode.d5.loss_dice: 1.1857  decode.d6.loss_cls: 0.0882  decode.d6.loss_mask: 1.2628  decode.d6.loss_dice: 1.1866  decode.d7.loss_cls: 0.0909  decode.d7.loss_mask: 1.2766  decode.d7.loss_dice: 1.1973  decode.d8.loss_cls: 0.1031  decode.d8.loss_mask: 1.2510  decode.d8.loss_dice: 1.1741
2026/07/20 21:41:34 - mmengine - INFO - Exp name: dinov3_m2f_31999_20260720_190649
2026/07/20 21:41:34 - mmengine - INFO - Iter(train) [ 7000/80000]  base_lr: 4.7657e-05 lr: 4.7657e-05  eta: 1 day, 0:48:51  time: 1.1749  data_time: 0.0153  memory: 9079  grad_norm: 51.2205  loss: 24.5956  decode.loss_cls: 0.0335  decode.loss_mask: 1.3458  decode.loss_dice: 1.0595  decode.d0.loss_cls: 0.1343  decode.d0.loss_mask: 1.3598  decode.d0.loss_dice: 1.0836  decode.d1.loss_cls: 0.0361  decode.d1.loss_mask: 1.3298  decode.d1.loss_dice: 1.0811  decode.d2.loss_cls: 0.0355  decode.d2.loss_mask: 1.3411  decode.d2.loss_dice: 1.0747  decode.d3.loss_cls: 0.0311  decode.d3.loss_mask: 1.3432  decode.d3.loss_dice: 1.0801  decode.d4.loss_cls: 0.0316  decode.d4.loss_mask: 1.3390  decode.d4.loss_dice: 1.0749  decode.d5.loss_cls: 0.0336  decode.d5.loss_mask: 1.3453  decode.d5.loss_dice: 1.0569  decode.d6.loss_cls: 0.0364  decode.d6.loss_mask: 1.3446  decode.d6.loss_dice: 1.0627  decode.d7.loss_cls: 0.0332  decode.d7.loss_mask: 1.3409  decode.d7.loss_dice: 1.0753  decode.d8.loss_cls: 0.0324  decode.d8.loss_mask: 1.3496  decode.d8.loss_dice: 1.0701
2026/07/20 21:43:30 - mmengine - INFO - Iter(train) [ 7100/80000]  base_lr: 4.7598e-05 lr: 4.7598e-05  eta: 1 day, 0:45:43  time: 1.1356  data_time: 0.0153  memory: 9079  grad_norm: 46.4919  loss: 20.4227  decode.loss_cls: 0.0270  decode.loss_mask: 1.0543  decode.loss_dice: 0.9288  decode.d0.loss_cls: 0.1115  decode.d0.loss_mask: 1.1053  decode.d0.loss_dice: 0.9627  decode.d1.loss_cls: 0.0369  decode.d1.loss_mask: 1.0650  decode.d1.loss_dice: 0.9348  decode.d2.loss_cls: 0.0384  decode.d2.loss_mask: 1.0604  decode.d2.loss_dice: 0.9359  decode.d3.loss_cls: 0.0265  decode.d3.loss_mask: 1.0597  decode.d3.loss_dice: 0.9355  decode.d4.loss_cls: 0.0255  decode.d4.loss_mask: 1.0507  decode.d4.loss_dice: 0.9409  decode.d5.loss_cls: 0.0392  decode.d5.loss_mask: 1.0510  decode.d5.loss_dice: 0.9435  decode.d6.loss_cls: 0.0234  decode.d6.loss_mask: 1.0607  decode.d6.loss_dice: 0.9474  decode.d7.loss_cls: 0.0356  decode.d7.loss_mask: 1.0603  decode.d7.loss_dice: 0.9408  decode.d8.loss_cls: 0.0239  decode.d8.loss_mask: 1.0600  decode.d8.loss_dice: 0.9371
2026/07/20 21:45:25 - mmengine - INFO - Iter(train) [ 7200/80000]  base_lr: 4.7539e-05 lr: 4.7539e-05  eta: 1 day, 0:42:30  time: 1.1550  data_time: 0.0149  memory: 9088  grad_norm: 57.6725  loss: 21.8826  decode.loss_cls: 0.0227  decode.loss_mask: 1.1492  decode.loss_dice: 1.0139  decode.d0.loss_cls: 0.0922  decode.d0.loss_mask: 1.1679  decode.d0.loss_dice: 1.0423  decode.d1.loss_cls: 0.0519  decode.d1.loss_mask: 1.1171  decode.d1.loss_dice: 1.0021  decode.d2.loss_cls: 0.0481  decode.d2.loss_mask: 1.1188  decode.d2.loss_dice: 1.0016  decode.d3.loss_cls: 0.0371  decode.d3.loss_mask: 1.1309  decode.d3.loss_dice: 1.0087  decode.d4.loss_cls: 0.0345  decode.d4.loss_mask: 1.1298  decode.d4.loss_dice: 1.0090  decode.d5.loss_cls: 0.0412  decode.d5.loss_mask: 1.1226  decode.d5.loss_dice: 1.0138  decode.d6.loss_cls: 0.0333  decode.d6.loss_mask: 1.1245  decode.d6.loss_dice: 1.0180  decode.d7.loss_cls: 0.0301  decode.d7.loss_mask: 1.1267  decode.d7.loss_dice: 1.0183  decode.d8.loss_cls: 0.0216  decode.d8.loss_mask: 1.1381  decode.d8.loss_dice: 1.0165
2026/07/20 21:47:21 - mmengine - INFO - Iter(train) [ 7300/80000]  base_lr: 4.7480e-05 lr: 4.7480e-05  eta: 1 day, 0:39:24  time: 1.1597  data_time: 0.0153  memory: 9088  grad_norm: 44.1946  loss: 19.8211  decode.loss_cls: 0.0304  decode.loss_mask: 0.9867  decode.loss_dice: 0.9493  decode.d0.loss_cls: 0.1152  decode.d0.loss_mask: 1.0172  decode.d0.loss_dice: 1.0123  decode.d1.loss_cls: 0.0308  decode.d1.loss_mask: 0.9911  decode.d1.loss_dice: 0.9636  decode.d2.loss_cls: 0.0302  decode.d2.loss_mask: 0.9812  decode.d2.loss_dice: 0.9476  decode.d3.loss_cls: 0.0319  decode.d3.loss_mask: 0.9794  decode.d3.loss_dice: 0.9598  decode.d4.loss_cls: 0.0352  decode.d4.loss_mask: 0.9769  decode.d4.loss_dice: 0.9390  decode.d5.loss_cls: 0.0323  decode.d5.loss_mask: 0.9811  decode.d5.loss_dice: 0.9345  decode.d6.loss_cls: 0.0295  decode.d6.loss_mask: 0.9871  decode.d6.loss_dice: 0.9498  decode.d7.loss_cls: 0.0272  decode.d7.loss_mask: 0.9802  decode.d7.loss_dice: 0.9540  decode.d8.loss_cls: 0.0273  decode.d8.loss_mask: 0.9875  decode.d8.loss_dice: 0.9527
2026/07/20 21:49:39 - mmengine - INFO - Iter(train) [ 7400/80000]  base_lr: 4.7422e-05 lr: 4.7422e-05  eta: 1 day, 0:40:01  time: 1.8500  data_time: 0.0150  memory: 9079  grad_norm: 60.5483  loss: 19.3037  decode.loss_cls: 0.0901  decode.loss_mask: 0.9330  decode.loss_dice: 0.9052  decode.d0.loss_cls: 0.1351  decode.d0.loss_mask: 0.9519  decode.d0.loss_dice: 0.9950  decode.d1.loss_cls: 0.0944  decode.d1.loss_mask: 0.9184  decode.d1.loss_dice: 0.9029  decode.d2.loss_cls: 0.1126  decode.d2.loss_mask: 0.9087  decode.d2.loss_dice: 0.8852  decode.d3.loss_cls: 0.0975  decode.d3.loss_mask: 0.9187  decode.d3.loss_dice: 0.8915  decode.d4.loss_cls: 0.0985  decode.d4.loss_mask: 0.9170  decode.d4.loss_dice: 0.8900  decode.d5.loss_cls: 0.0942  decode.d5.loss_mask: 0.9338  decode.d5.loss_dice: 0.8856  decode.d6.loss_cls: 0.0920  decode.d6.loss_mask: 0.9351  decode.d6.loss_dice: 0.8833  decode.d7.loss_cls: 0.0918  decode.d7.loss_mask: 0.9306  decode.d7.loss_dice: 0.9001  decode.d8.loss_cls: 0.0989  decode.d8.loss_mask: 0.9118  decode.d8.loss_dice: 0.9009
2026/07/20 21:52:30 - mmengine - INFO - Iter(train) [ 7500/80000]  base_lr: 4.7363e-05 lr: 4.7363e-05  eta: 1 day, 0:45:41  time: 1.1574  data_time: 0.0149  memory: 9088  grad_norm: 66.3195  loss: 22.5008  decode.loss_cls: 0.0885  decode.loss_mask: 1.0955  decode.loss_dice: 1.0596  decode.d0.loss_cls: 0.1282  decode.d0.loss_mask: 1.2313  decode.d0.loss_dice: 1.1960  decode.d1.loss_cls: 0.1204  decode.d1.loss_mask: 1.1041  decode.d1.loss_dice: 1.0319  decode.d2.loss_cls: 0.0976  decode.d2.loss_mask: 1.0829  decode.d2.loss_dice: 1.0227  decode.d3.loss_cls: 0.1119  decode.d3.loss_mask: 1.0631  decode.d3.loss_dice: 1.0156  decode.d4.loss_cls: 0.1024  decode.d4.loss_mask: 1.0879  decode.d4.loss_dice: 1.0259  decode.d5.loss_cls: 0.1121  decode.d5.loss_mask: 1.0762  decode.d5.loss_dice: 1.0092  decode.d6.loss_cls: 0.1120  decode.d6.loss_mask: 1.0586  decode.d6.loss_dice: 1.0182  decode.d7.loss_cls: 0.1190  decode.d7.loss_mask: 1.0612  decode.d7.loss_dice: 1.0381  decode.d8.loss_cls: 0.1023  decode.d8.loss_mask: 1.0704  decode.d8.loss_dice: 1.0579
2026/07/20 21:54:24 - mmengine - INFO - Iter(train) [ 7600/80000]  base_lr: 4.7304e-05 lr: 4.7304e-05  eta: 1 day, 0:42:13  time: 1.1384  data_time: 0.0162  memory: 9088  grad_norm: 81.6491  loss: 23.4610  decode.loss_cls: 0.0745  decode.loss_mask: 1.1658  decode.loss_dice: 1.0956  decode.d0.loss_cls: 0.1576  decode.d0.loss_mask: 1.2079  decode.d0.loss_dice: 1.1722  decode.d1.loss_cls: 0.0737  decode.d1.loss_mask: 1.1493  decode.d1.loss_dice: 1.0945  decode.d2.loss_cls: 0.0726  decode.d2.loss_mask: 1.1592  decode.d2.loss_dice: 1.0861  decode.d3.loss_cls: 0.0662  decode.d3.loss_mask: 1.1591  decode.d3.loss_dice: 1.0787  decode.d4.loss_cls: 0.0676  decode.d4.loss_mask: 1.1620  decode.d4.loss_dice: 1.0865  decode.d5.loss_cls: 0.0545  decode.d5.loss_mask: 1.1917  decode.d5.loss_dice: 1.0838  decode.d6.loss_cls: 0.0586  decode.d6.loss_mask: 1.1709  decode.d6.loss_dice: 1.0976  decode.d7.loss_cls: 0.0633  decode.d7.loss_mask: 1.1691  decode.d7.loss_dice: 1.1056  decode.d8.loss_cls: 0.0714  decode.d8.loss_mask: 1.1596  decode.d8.loss_dice: 1.1060
2026/07/20 21:56:19 - mmengine - INFO - Iter(train) [ 7700/80000]  base_lr: 4.7245e-05 lr: 4.7245e-05  eta: 1 day, 0:38:59  time: 1.1511  data_time: 0.0156  memory: 9088  grad_norm: 96.2668  loss: 28.5324  decode.loss_cls: 0.0982  decode.loss_mask: 1.4393  decode.loss_dice: 1.3217  decode.d0.loss_cls: 0.1614  decode.d0.loss_mask: 1.4451  decode.d0.loss_dice: 1.3297  decode.d1.loss_cls: 0.1013  decode.d1.loss_mask: 1.4209  decode.d1.loss_dice: 1.3313  decode.d2.loss_cls: 0.0943  decode.d2.loss_mask: 1.4184  decode.d2.loss_dice: 1.3058  decode.d3.loss_cls: 0.0921  decode.d3.loss_mask: 1.4211  decode.d3.loss_dice: 1.3219  decode.d4.loss_cls: 0.1160  decode.d4.loss_mask: 1.4074  decode.d4.loss_dice: 1.3025  decode.d5.loss_cls: 0.1057  decode.d5.loss_mask: 1.4362  decode.d5.loss_dice: 1.3246  decode.d6.loss_cls: 0.1118  decode.d6.loss_mask: 1.4304  decode.d6.loss_dice: 1.3129  decode.d7.loss_cls: 0.1011  decode.d7.loss_mask: 1.4423  decode.d7.loss_dice: 1.3098  decode.d8.loss_cls: 0.1041  decode.d8.loss_mask: 1.4286  decode.d8.loss_dice: 1.2966
2026/07/20 21:58:18 - mmengine - INFO - Iter(train) [ 7800/80000]  base_lr: 4.7186e-05 lr: 4.7186e-05  eta: 1 day, 0:36:26  time: 1.2246  data_time: 0.0154  memory: 9088  grad_norm: 87.6244  loss: 21.0157  decode.loss_cls: 0.1170  decode.loss_mask: 1.0908  decode.loss_dice: 1.0271  decode.d0.loss_cls: 0.2217  decode.d0.loss_mask: 0.9817  decode.d0.loss_dice: 1.0386  decode.d1.loss_cls: 0.1185  decode.d1.loss_mask: 0.9134  decode.d1.loss_dice: 0.9776  decode.d2.loss_cls: 0.1079  decode.d2.loss_mask: 0.9621  decode.d2.loss_dice: 1.0068  decode.d3.loss_cls: 0.1120  decode.d3.loss_mask: 0.9600  decode.d3.loss_dice: 0.9844  decode.d4.loss_cls: 0.1067  decode.d4.loss_mask: 0.9440  decode.d4.loss_dice: 1.0058  decode.d5.loss_cls: 0.1222  decode.d5.loss_mask: 0.9275  decode.d5.loss_dice: 0.9838  decode.d6.loss_cls: 0.0940  decode.d6.loss_mask: 0.9784  decode.d6.loss_dice: 1.0190  decode.d7.loss_cls: 0.1132  decode.d7.loss_mask: 0.9591  decode.d7.loss_dice: 1.0346  decode.d8.loss_cls: 0.1153  decode.d8.loss_mask: 0.9720  decode.d8.loss_dice: 1.0201
2026/07/20 22:00:14 - mmengine - INFO - Iter(train) [ 7900/80000]  base_lr: 4.7128e-05 lr: 4.7128e-05  eta: 1 day, 0:33:15  time: 1.1484  data_time: 0.0155  memory: 9079  grad_norm: 58.5198  loss: 20.1218  decode.loss_cls: 0.0438  decode.loss_mask: 1.0917  decode.loss_dice: 0.8621  decode.d0.loss_cls: 0.1242  decode.d0.loss_mask: 1.1027  decode.d0.loss_dice: 0.8747  decode.d1.loss_cls: 0.0601  decode.d1.loss_mask: 1.0858  decode.d1.loss_dice: 0.8625  decode.d2.loss_cls: 0.0600  decode.d2.loss_mask: 1.1013  decode.d2.loss_dice: 0.8628  decode.d3.loss_cls: 0.0542  decode.d3.loss_mask: 1.0976  decode.d3.loss_dice: 0.8605  decode.d4.loss_cls: 0.0521  decode.d4.loss_mask: 1.0931  decode.d4.loss_dice: 0.8506  decode.d5.loss_cls: 0.0525  decode.d5.loss_mask: 1.0881  decode.d5.loss_dice: 0.8576  decode.d6.loss_cls: 0.0471  decode.d6.loss_mask: 1.0946  decode.d6.loss_dice: 0.8616  decode.d7.loss_cls: 0.0377  decode.d7.loss_mask: 1.0896  decode.d7.loss_dice: 0.8605  decode.d8.loss_cls: 0.0418  decode.d8.loss_mask: 1.0976  decode.d8.loss_dice: 0.8533
2026/07/20 22:02:10 - mmengine - INFO - Exp name: dinov3_m2f_31999_20260720_190649
2026/07/20 22:02:10 - mmengine - INFO - Iter(train) [ 8000/80000]  base_lr: 4.7069e-05 lr: 4.7069e-05  eta: 1 day, 0:30:20  time: 1.1576  data_time: 0.0155  memory: 9088  grad_norm: 93.3032  loss: 28.8845  decode.loss_cls: 0.0724  decode.loss_mask: 1.5339  decode.loss_dice: 1.2503  decode.d0.loss_cls: 0.1292  decode.d0.loss_mask: 1.6185  decode.d0.loss_dice: 1.3202  decode.d1.loss_cls: 0.1141  decode.d1.loss_mask: 1.5379  decode.d1.loss_dice: 1.2422  decode.d2.loss_cls: 0.0884  decode.d2.loss_mask: 1.5365  decode.d2.loss_dice: 1.2431  decode.d3.loss_cls: 0.0637  decode.d3.loss_mask: 1.5411  decode.d3.loss_dice: 1.2584  decode.d4.loss_cls: 0.0813  decode.d4.loss_mask: 1.5510  decode.d4.loss_dice: 1.2370  decode.d5.loss_cls: 0.0910  decode.d5.loss_mask: 1.5449  decode.d5.loss_dice: 1.2401  decode.d6.loss_cls: 0.0755  decode.d6.loss_mask: 1.5449  decode.d6.loss_dice: 1.2463  decode.d7.loss_cls: 0.0716  decode.d7.loss_mask: 1.5384  decode.d7.loss_dice: 1.2532  decode.d8.loss_cls: 0.0697  decode.d8.loss_mask: 1.5396  decode.d8.loss_dice: 1.2504
2026/07/20 22:02:10 - mmengine - INFO - Saving checkpoint at 8000 iterations
2026/07/20 22:03:17 - mmengine - INFO - Iter(val) [100/504]    eta: 0:02:25  time: 0.3493  data_time: 0.0080  memory: 3097  
2026/07/20 22:03:52 - mmengine - INFO - Iter(val) [200/504]    eta: 0:01:47  time: 0.3511  data_time: 0.0077  memory: 3097  
2026/07/20 22:04:27 - mmengine - INFO - Iter(val) [300/504]    eta: 0:01:12  time: 0.3510  data_time: 0.0080  memory: 3097  
2026/07/20 22:05:02 - mmengine - INFO - Iter(val) [400/504]    eta: 0:00:36  time: 0.3509  data_time: 0.0077  memory: 3097  
2026/07/20 22:05:37 - mmengine - INFO - Iter(val) [500/504]    eta: 0:00:01  time: 0.3364  data_time: 0.0076  memory: 3097  
2026/07/20 22:05:40 - mmengine - INFO - per class results:
2026/07/20 22:05:40 - mmengine - INFO - 
+--------------------+-------+-------+--------+-----------+--------+
|       Class        |  IoU  |  Acc  | Fscore | Precision | Recall |
+--------------------+-------+-------+--------+-----------+--------+
| impervious_surface | 86.99 | 92.08 | 93.04  |   94.02   | 92.08  |
|      building      | 95.62 | 97.98 | 97.76  |   97.53   | 97.98  |
|   low_vegetation   | 76.88 | 96.23 | 86.93  |   79.26   | 96.23  |
|        tree        | 74.03 | 75.71 | 85.07  |   97.09   | 75.71  |
|        car         | 94.17 | 97.76 |  97.0  |   96.25   | 97.76  |
+--------------------+-------+-------+--------+-----------+--------+
2026/07/20 22:05:40 - mmengine - INFO - Iter(val) [504/504]    aAcc: 90.8900  mIoU: 85.5400  mAcc: 91.9500  mFscore: 91.9600  mPrecision: 92.8300  mRecall: 91.9500  data_time: 0.0102  time: 0.3523
2026/07/20 22:07:37 - mmengine - INFO - Iter(train) [ 8100/80000]  base_lr: 4.7010e-05 lr: 4.7010e-05  eta: 1 day, 0:27:48  time: 1.1502  data_time: 0.0157  memory: 9088  grad_norm: 67.4334  loss: 19.6609  decode.loss_cls: 0.0797  decode.loss_mask: 0.9603  decode.loss_dice: 0.9107  decode.d0.loss_cls: 0.1325  decode.d0.loss_mask: 1.0123  decode.d0.loss_dice: 1.0238  decode.d1.loss_cls: 0.0658  decode.d1.loss_mask: 0.9910  decode.d1.loss_dice: 0.9180  decode.d2.loss_cls: 0.0646  decode.d2.loss_mask: 0.9760  decode.d2.loss_dice: 0.9083  decode.d3.loss_cls: 0.0816  decode.d3.loss_mask: 0.9597  decode.d3.loss_dice: 0.8967  decode.d4.loss_cls: 0.0659  decode.d4.loss_mask: 0.9778  decode.d4.loss_dice: 0.9093  decode.d5.loss_cls: 0.0732  decode.d5.loss_mask: 0.9610  decode.d5.loss_dice: 0.8949  decode.d6.loss_cls: 0.0698  decode.d6.loss_mask: 0.9582  decode.d6.loss_dice: 0.8960  decode.d7.loss_cls: 0.0798  decode.d7.loss_mask: 0.9551  decode.d7.loss_dice: 0.9022  decode.d8.loss_cls: 0.0773  decode.d8.loss_mask: 0.9601  decode.d8.loss_dice: 0.8994
2026/07/20 22:09:33 - mmengine - INFO - Iter(train) [ 8200/80000]  base_lr: 4.6951e-05 lr: 4.6951e-05  eta: 1 day, 0:24:47  time: 1.1554  data_time: 0.0156  memory: 9088  grad_norm: 96.6216  loss: 24.7276  decode.loss_cls: 0.1059  decode.loss_mask: 1.2684  decode.loss_dice: 1.1037  decode.d0.loss_cls: 0.1173  decode.d0.loss_mask: 1.3161  decode.d0.loss_dice: 1.2393  decode.d1.loss_cls: 0.1009  decode.d1.loss_mask: 1.2711  decode.d1.loss_dice: 1.0959  decode.d2.loss_cls: 0.1127  decode.d2.loss_mask: 1.2435  decode.d2.loss_dice: 1.1011  decode.d3.loss_cls: 0.1194  decode.d3.loss_mask: 1.2342  decode.d3.loss_dice: 1.0835  decode.d4.loss_cls: 0.1039  decode.d4.loss_mask: 1.2376  decode.d4.loss_dice: 1.0982  decode.d5.loss_cls: 0.1107  decode.d5.loss_mask: 1.2437  decode.d5.loss_dice: 1.0832  decode.d6.loss_cls: 0.1251  decode.d6.loss_mask: 1.2344  decode.d6.loss_dice: 1.0816  decode.d7.loss_cls: 0.1180  decode.d7.loss_mask: 1.2389  decode.d7.loss_dice: 1.0823  decode.d8.loss_cls: 0.1012  decode.d8.loss_mask: 1.2624  decode.d8.loss_dice: 1.0934
2026/07/20 22:11:29 - mmengine - INFO - Iter(train) [ 8300/80000]  base_lr: 4.6892e-05 lr: 4.6892e-05  eta: 1 day, 0:21:51  time: 1.1605  data_time: 0.0150  memory: 9088  grad_norm: 52.2744  loss: 16.9431  decode.loss_cls: 0.0847  decode.loss_mask: 0.8035  decode.loss_dice: 0.7809  decode.d0.loss_cls: 0.1324  decode.d0.loss_mask: 0.8395  decode.d0.loss_dice: 0.8814  decode.d1.loss_cls: 0.0880  decode.d1.loss_mask: 0.8146  decode.d1.loss_dice: 0.7970  decode.d2.loss_cls: 0.0839  decode.d2.loss_mask: 0.8133  decode.d2.loss_dice: 0.7988  decode.d3.loss_cls: 0.0806  decode.d3.loss_mask: 0.8187  decode.d3.loss_dice: 0.7826  decode.d4.loss_cls: 0.0844  decode.d4.loss_mask: 0.8065  decode.d4.loss_dice: 0.7734  decode.d5.loss_cls: 0.0831  decode.d5.loss_mask: 0.8040  decode.d5.loss_dice: 0.7882  decode.d6.loss_cls: 0.0785  decode.d6.loss_mask: 0.8060  decode.d6.loss_dice: 0.7852  decode.d7.loss_cls: 0.0679  decode.d7.loss_mask: 0.8183  decode.d7.loss_dice: 0.7825  decode.d8.loss_cls: 0.0834  decode.d8.loss_mask: 0.8021  decode.d8.loss_dice: 0.7797
2026/07/20 22:13:23 - mmengine - INFO - Iter(train) [ 8400/80000]  base_lr: 4.6833e-05 lr: 4.6833e-05  eta: 1 day, 0:18:36  time: 1.1558  data_time: 0.0147  memory: 9088  grad_norm: 79.2617  loss: 24.2237  decode.loss_cls: 0.0470  decode.loss_mask: 1.2609  decode.loss_dice: 1.1002  decode.d0.loss_cls: 0.1146  decode.d0.loss_mask: 1.2950  decode.d0.loss_dice: 1.1466  decode.d1.loss_cls: 0.0682  decode.d1.loss_mask: 1.2517  decode.d1.loss_dice: 1.0914  decode.d2.loss_cls: 0.0508  decode.d2.loss_mask: 1.2700  decode.d2.loss_dice: 1.1075  decode.d3.loss_cls: 0.0543  decode.d3.loss_mask: 1.2659  decode.d3.loss_dice: 1.0902  decode.d4.loss_cls: 0.0419  decode.d4.loss_mask: 1.2638  decode.d4.loss_dice: 1.1010  decode.d5.loss_cls: 0.0432  decode.d5.loss_mask: 1.2661  decode.d5.loss_dice: 1.0974  decode.d6.loss_cls: 0.0503  decode.d6.loss_mask: 1.2576  decode.d6.loss_dice: 1.0999  decode.d7.loss_cls: 0.0459  decode.d7.loss_mask: 1.2646  decode.d7.loss_dice: 1.0892  decode.d8.loss_cls: 0.0422  decode.d8.loss_mask: 1.2611  decode.d8.loss_dice: 1.0855
2026/07/20 22:15:19 - mmengine - INFO - Iter(train) [ 8500/80000]  base_lr: 4.6774e-05 lr: 4.6774e-05  eta: 1 day, 0:15:38  time: 1.1522  data_time: 0.0150  memory: 9088  grad_norm: 75.7317  loss: 19.3079  decode.loss_cls: 0.0707  decode.loss_mask: 0.9901  decode.loss_dice: 0.8311  decode.d0.loss_cls: 0.1784  decode.d0.loss_mask: 1.0474  decode.d0.loss_dice: 0.9267  decode.d1.loss_cls: 0.0912  decode.d1.loss_mask: 1.0063  decode.d1.loss_dice: 0.8559  decode.d2.loss_cls: 0.0758  decode.d2.loss_mask: 0.9994  decode.d2.loss_dice: 0.8344  decode.d3.loss_cls: 0.0695  decode.d3.loss_mask: 1.0015  decode.d3.loss_dice: 0.8297  decode.d4.loss_cls: 0.0755  decode.d4.loss_mask: 0.9932  decode.d4.loss_dice: 0.8337  decode.d5.loss_cls: 0.0718  decode.d5.loss_mask: 0.9761  decode.d5.loss_dice: 0.8276  decode.d6.loss_cls: 0.0782  decode.d6.loss_mask: 0.9905  decode.d6.loss_dice: 0.8442  decode.d7.loss_cls: 0.0724  decode.d7.loss_mask: 1.0094  decode.d7.loss_dice: 0.8414  decode.d8.loss_cls: 0.0732  decode.d8.loss_mask: 0.9872  decode.d8.loss_dice: 0.8256
2026/07/20 22:17:16 - mmengine - INFO - Iter(train) [ 8600/80000]  base_lr: 4.6716e-05 lr: 4.6716e-05  eta: 1 day, 0:12:54  time: 1.1801  data_time: 0.0153  memory: 9088  grad_norm: 73.2672  loss: 23.0258  decode.loss_cls: 0.0589  decode.loss_mask: 1.1010  decode.loss_dice: 1.1275  decode.d0.loss_cls: 0.1186  decode.d0.loss_mask: 1.1466  decode.d0.loss_dice: 1.1752  decode.d1.loss_cls: 0.0628  decode.d1.loss_mask: 1.0961  decode.d1.loss_dice: 1.1347  decode.d2.loss_cls: 0.0620  decode.d2.loss_mask: 1.1012  decode.d2.loss_dice: 1.1267  decode.d3.loss_cls: 0.0580  decode.d3.loss_mask: 1.0958  decode.d3.loss_dice: 1.1175  decode.d4.loss_cls: 0.0612  decode.d4.loss_mask: 1.1014  decode.d4.loss_dice: 1.1169  decode.d5.loss_cls: 0.0653  decode.d5.loss_mask: 1.1212  decode.d5.loss_dice: 1.1180  decode.d6.loss_cls: 0.0641  decode.d6.loss_mask: 1.1138  decode.d6.loss_dice: 1.1101  decode.d7.loss_cls: 0.0600  decode.d7.loss_mask: 1.1062  decode.d7.loss_dice: 1.1194  decode.d8.loss_cls: 0.0593  decode.d8.loss_mask: 1.0985  decode.d8.loss_dice: 1.1278
2026/07/20 22:19:15 - mmengine - INFO - Iter(train) [ 8700/80000]  base_lr: 4.6657e-05 lr: 4.6657e-05  eta: 1 day, 0:10:30  time: 1.1394  data_time: 0.0152  memory: 9088  grad_norm: 104.6152  loss: 28.6364  decode.loss_cls: 0.1642  decode.loss_mask: 1.3909  decode.loss_dice: 1.2423  decode.d0.loss_cls: 0.2938  decode.d0.loss_mask: 1.4333  decode.d0.loss_dice: 1.3410  decode.d1.loss_cls: 0.1757  decode.d1.loss_mask: 1.4324  decode.d1.loss_dice: 1.2935  decode.d2.loss_cls: 0.1800  decode.d2.loss_mask: 1.4096  decode.d2.loss_dice: 1.2434  decode.d3.loss_cls: 0.1759  decode.d3.loss_mask: 1.4013  decode.d3.loss_dice: 1.2598  decode.d4.loss_cls: 0.1873  decode.d4.loss_mask: 1.4114  decode.d4.loss_dice: 1.2469  decode.d5.loss_cls: 0.1999  decode.d5.loss_mask: 1.3904  decode.d5.loss_dice: 1.2780  decode.d6.loss_cls: 0.2088  decode.d6.loss_mask: 1.4054  decode.d6.loss_dice: 1.2225  decode.d7.loss_cls: 0.1979  decode.d7.loss_mask: 1.4021  decode.d7.loss_dice: 1.2318  decode.d8.loss_cls: 0.1838  decode.d8.loss_mask: 1.4021  decode.d8.loss_dice: 1.2310
2026/07/20 22:21:11 - mmengine - INFO - Iter(train) [ 8800/80000]  base_lr: 4.6598e-05 lr: 4.6598e-05  eta: 1 day, 0:07:35  time: 1.1516  data_time: 0.0153  memory: 9079  grad_norm: 49.3056  loss: 18.2690  decode.loss_cls: 0.0256  decode.loss_mask: 0.9170  decode.loss_dice: 0.8613  decode.d0.loss_cls: 0.1005  decode.d0.loss_mask: 0.9320  decode.d0.loss_dice: 0.9080  decode.d1.loss_cls: 0.0427  decode.d1.loss_mask: 0.9145  decode.d1.loss_dice: 0.8563  decode.d2.loss_cls: 0.0440  decode.d2.loss_mask: 0.9099  decode.d2.loss_dice: 0.8558  decode.d3.loss_cls: 0.0442  decode.d3.loss_mask: 0.9128  decode.d3.loss_dice: 0.8484  decode.d4.loss_cls: 0.0465  decode.d4.loss_mask: 0.9106  decode.d4.loss_dice: 0.8652  decode.d5.loss_cls: 0.0479  decode.d5.loss_mask: 0.9131  decode.d5.loss_dice: 0.8709  decode.d6.loss_cls: 0.0343  decode.d6.loss_mask: 0.9144  decode.d6.loss_dice: 0.8565  decode.d7.loss_cls: 0.0329  decode.d7.loss_mask: 0.9307  decode.d7.loss_dice: 0.8608  decode.d8.loss_cls: 0.0257  decode.d8.loss_mask: 0.9213  decode.d8.loss_dice: 0.8652
2026/07/20 22:23:07 - mmengine - INFO - Iter(train) [ 8900/80000]  base_lr: 4.6539e-05 lr: 4.6539e-05  eta: 1 day, 0:04:43  time: 1.1479  data_time: 0.0155  memory: 9088  grad_norm: 56.7271  loss: 21.4611  decode.loss_cls: 0.0364  decode.loss_mask: 1.1641  decode.loss_dice: 0.9315  decode.d0.loss_cls: 0.1012  decode.d0.loss_mask: 1.1928  decode.d0.loss_dice: 0.9412  decode.d1.loss_cls: 0.0479  decode.d1.loss_mask: 1.1542  decode.d1.loss_dice: 0.9359  decode.d2.loss_cls: 0.0303  decode.d2.loss_mask: 1.1585  decode.d2.loss_dice: 0.9252  decode.d3.loss_cls: 0.0368  decode.d3.loss_mask: 1.1642  decode.d3.loss_dice: 0.9378  decode.d4.loss_cls: 0.0446  decode.d4.loss_mask: 1.1540  decode.d4.loss_dice: 0.9299  decode.d5.loss_cls: 0.0255  decode.d5.loss_mask: 1.1669  decode.d5.loss_dice: 0.9416  decode.d6.loss_cls: 0.0381  decode.d6.loss_mask: 1.1738  decode.d6.loss_dice: 0.9337  decode.d7.loss_cls: 0.0355  decode.d7.loss_mask: 1.1691  decode.d7.loss_dice: 0.9436  decode.d8.loss_cls: 0.0376  decode.d8.loss_mask: 1.1738  decode.d8.loss_dice: 0.9358
2026/07/20 22:25:02 - mmengine - INFO - Exp name: dinov3_m2f_31999_20260720_190649
2026/07/20 22:25:02 - mmengine - INFO - Iter(train) [ 9000/80000]  base_lr: 4.6480e-05 lr: 4.6480e-05  eta: 1 day, 0:01:52  time: 1.1618  data_time: 0.0150  memory: 9088  grad_norm: 62.3852  loss: 22.4593  decode.loss_cls: 0.0225  decode.loss_mask: 1.2046  decode.loss_dice: 1.0025  decode.d0.loss_cls: 0.0991  decode.d0.loss_mask: 1.2490  decode.d0.loss_dice: 1.0425  decode.d1.loss_cls: 0.0240  decode.d1.loss_mask: 1.2121  decode.d1.loss_dice: 1.0093  decode.d2.loss_cls: 0.0273  decode.d2.loss_mask: 1.2021  decode.d2.loss_dice: 0.9939  decode.d3.loss_cls: 0.0361  decode.d3.loss_mask: 1.1955  decode.d3.loss_dice: 0.9822  decode.d4.loss_cls: 0.0277  decode.d4.loss_mask: 1.2052  decode.d4.loss_dice: 0.9941  decode.d5.loss_cls: 0.0360  decode.d5.loss_mask: 1.2011  decode.d5.loss_dice: 0.9903  decode.d6.loss_cls: 0.0339  decode.d6.loss_mask: 1.2137  decode.d6.loss_dice: 0.9881  decode.d7.loss_cls: 0.0286  decode.d7.loss_mask: 1.2111  decode.d7.loss_dice: 1.0016  decode.d8.loss_cls: 0.0280  decode.d8.loss_mask: 1.2032  decode.d8.loss_dice: 0.9941
2026/07/20 22:26:59 - mmengine - INFO - Iter(train) [ 9100/80000]  base_lr: 4.6421e-05 lr: 4.6421e-05  eta: 23:59:11  time: 1.1655  data_time: 0.0153  memory: 9079  grad_norm: 48.3552  loss: 13.5776  decode.loss_cls: 0.0603  decode.loss_mask: 0.6673  decode.loss_dice: 0.5986  decode.d0.loss_cls: 0.1400  decode.d0.loss_mask: 0.7048  decode.d0.loss_dice: 0.7001  decode.d1.loss_cls: 0.0709  decode.d1.loss_mask: 0.6788  decode.d1.loss_dice: 0.6045  decode.d2.loss_cls: 0.0722  decode.d2.loss_mask: 0.6826  decode.d2.loss_dice: 0.6105  decode.d3.loss_cls: 0.0628  decode.d3.loss_mask: 0.6814  decode.d3.loss_dice: 0.6065  decode.d4.loss_cls: 0.0632  decode.d4.loss_mask: 0.6719  decode.d4.loss_dice: 0.5973  decode.d5.loss_cls: 0.0665  decode.d5.loss_mask: 0.6761  decode.d5.loss_dice: 0.6012  decode.d6.loss_cls: 0.0647  decode.d6.loss_mask: 0.6628  decode.d6.loss_dice: 0.5813  decode.d7.loss_cls: 0.0649  decode.d7.loss_mask: 0.6707  decode.d7.loss_dice: 0.5926  decode.d8.loss_cls: 0.0616  decode.d8.loss_mask: 0.6672  decode.d8.loss_dice: 0.5947
2026/07/20 22:28:53 - mmengine - INFO - Iter(train) [ 9200/80000]  base_lr: 4.6362e-05 lr: 4.6362e-05  eta: 23:56:11  time: 1.1415  data_time: 0.0151  memory: 9088  grad_norm: 91.7750  loss: 30.1033  decode.loss_cls: 0.1110  decode.loss_mask: 1.5311  decode.loss_dice: 1.3220  decode.d0.loss_cls: 0.2603  decode.d0.loss_mask: 1.6331  decode.d0.loss_dice: 1.4415  decode.d1.loss_cls: 0.1480  decode.d1.loss_mask: 1.5370  decode.d1.loss_dice: 1.3416  decode.d2.loss_cls: 0.1513  decode.d2.loss_mask: 1.5250  decode.d2.loss_dice: 1.3225  decode.d3.loss_cls: 0.1247  decode.d3.loss_mask: 1.5260  decode.d3.loss_dice: 1.3371  decode.d4.loss_cls: 0.1252  decode.d4.loss_mask: 1.5251  decode.d4.loss_dice: 1.3391  decode.d5.loss_cls: 0.1381  decode.d5.loss_mask: 1.5006  decode.d5.loss_dice: 1.2972  decode.d6.loss_cls: 0.1211  decode.d6.loss_mask: 1.5069  decode.d6.loss_dice: 1.3112  decode.d7.loss_cls: 0.1163  decode.d7.loss_mask: 1.5153  decode.d7.loss_dice: 1.3331  decode.d8.loss_cls: 0.1123  decode.d8.loss_mask: 1.5266  decode.d8.loss_dice: 1.3233
2026/07/20 22:30:49 - mmengine - INFO - Iter(train) [ 9300/80000]  base_lr: 4.6303e-05 lr: 4.6303e-05  eta: 23:53:26  time: 1.1469  data_time: 0.0151  memory: 9088  grad_norm: 62.6590  loss: 13.5590  decode.loss_cls: 0.1600  decode.loss_mask: 0.6160  decode.loss_dice: 0.5444  decode.d0.loss_cls: 0.3457  decode.d0.loss_mask: 0.6474  decode.d0.loss_dice: 0.6914  decode.d1.loss_cls: 0.1712  decode.d1.loss_mask: 0.6115  decode.d1.loss_dice: 0.5739  decode.d2.loss_cls: 0.1604  decode.d2.loss_mask: 0.6099  decode.d2.loss_dice: 0.5598  decode.d3.loss_cls: 0.1564  decode.d3.loss_mask: 0.6095  decode.d3.loss_dice: 0.5662  decode.d4.loss_cls: 0.1509  decode.d4.loss_mask: 0.5986  decode.d4.loss_dice: 0.5356  decode.d5.loss_cls: 0.1582  decode.d5.loss_mask: 0.6104  decode.d5.loss_dice: 0.5438  decode.d6.loss_cls: 0.1500  decode.d6.loss_mask: 0.6114  decode.d6.loss_dice: 0.5589  decode.d7.loss_cls: 0.1531  decode.d7.loss_mask: 0.6124  decode.d7.loss_dice: 0.5405  decode.d8.loss_cls: 0.1621  decode.d8.loss_mask: 0.6090  decode.d8.loss_dice: 0.5404
2026/07/20 22:33:09 - mmengine - INFO - Iter(train) [ 9400/80000]  base_lr: 4.6244e-05 lr: 4.6244e-05  eta: 23:53:37  time: 1.9064  data_time: 0.0151  memory: 9088  grad_norm: 83.5202  loss: 20.6660  decode.loss_cls: 0.0942  decode.loss_mask: 1.0464  decode.loss_dice: 0.8929  decode.d0.loss_cls: 0.1547  decode.d0.loss_mask: 1.1041  decode.d0.loss_dice: 1.0021  decode.d1.loss_cls: 0.0835  decode.d1.loss_mask: 1.0805  decode.d1.loss_dice: 0.9174  decode.d2.loss_cls: 0.0893  decode.d2.loss_mask: 1.0583  decode.d2.loss_dice: 0.9014  decode.d3.loss_cls: 0.0799  decode.d3.loss_mask: 1.0435  decode.d3.loss_dice: 0.8900  decode.d4.loss_cls: 0.0817  decode.d4.loss_mask: 1.0477  decode.d4.loss_dice: 0.9050  decode.d5.loss_cls: 0.0818  decode.d5.loss_mask: 1.0399  decode.d5.loss_dice: 0.9005  decode.d6.loss_cls: 0.0914  decode.d6.loss_mask: 1.0436  decode.d6.loss_dice: 0.9035  decode.d7.loss_cls: 0.0909  decode.d7.loss_mask: 1.0560  decode.d7.loss_dice: 0.9313  decode.d8.loss_cls: 0.0735  decode.d8.loss_mask: 1.0742  decode.d8.loss_dice: 0.9070
2026/07/20 22:35:57 - mmengine - INFO - Iter(train) [ 9500/80000]  base_lr: 4.6185e-05 lr: 4.6185e-05  eta: 23:57:17  time: 1.1414  data_time: 0.0153  memory: 9088  grad_norm: 67.5863  loss: 19.9729  decode.loss_cls: 0.0426  decode.loss_mask: 1.0104  decode.loss_dice: 0.8962  decode.d0.loss_cls: 0.1502  decode.d0.loss_mask: 1.0568  decode.d0.loss_dice: 0.9958  decode.d1.loss_cls: 0.0460  decode.d1.loss_mask: 1.0242  decode.d1.loss_dice: 0.9116  decode.d2.loss_cls: 0.0447  decode.d2.loss_mask: 1.0205  decode.d2.loss_dice: 0.9212  decode.d3.loss_cls: 0.0410  decode.d3.loss_mask: 1.0300  decode.d3.loss_dice: 0.9029  decode.d4.loss_cls: 0.0470  decode.d4.loss_mask: 1.0204  decode.d4.loss_dice: 0.9098  decode.d5.loss_cls: 0.0440  decode.d5.loss_mask: 1.0229  decode.d5.loss_dice: 0.9127  decode.d6.loss_cls: 0.0474  decode.d6.loss_mask: 1.0171  decode.d6.loss_dice: 0.9121  decode.d7.loss_cls: 0.0487  decode.d7.loss_mask: 1.0196  decode.d7.loss_dice: 0.9046  decode.d8.loss_cls: 0.0462  decode.d8.loss_mask: 1.0183  decode.d8.loss_dice: 0.9081
2026/07/20 22:37:55 - mmengine - INFO - Iter(train) [ 9600/80000]  base_lr: 4.6126e-05 lr: 4.6126e-05  eta: 23:54:48  time: 1.1651  data_time: 0.0150  memory: 9079  grad_norm: 87.8381  loss: 19.9188  decode.loss_cls: 0.0200  decode.loss_mask: 1.0931  decode.loss_dice: 0.8437  decode.d0.loss_cls: 0.1621  decode.d0.loss_mask: 1.0880  decode.d0.loss_dice: 0.9719  decode.d1.loss_cls: 0.0407  decode.d1.loss_mask: 1.0900  decode.d1.loss_dice: 0.8637  decode.d2.loss_cls: 0.0351  decode.d2.loss_mask: 1.0940  decode.d2.loss_dice: 0.8557  decode.d3.loss_cls: 0.0260  decode.d3.loss_mask: 1.0891  decode.d3.loss_dice: 0.8570  decode.d4.loss_cls: 0.0230  decode.d4.loss_mask: 1.0882  decode.d4.loss_dice: 0.8395  decode.d5.loss_cls: 0.0294  decode.d5.loss_mask: 1.0931  decode.d5.loss_dice: 0.8361  decode.d6.loss_cls: 0.0248  decode.d6.loss_mask: 1.0921  decode.d6.loss_dice: 0.8376  decode.d7.loss_cls: 0.0203  decode.d7.loss_mask: 1.0836  decode.d7.loss_dice: 0.8532  decode.d8.loss_cls: 0.0231  decode.d8.loss_mask: 1.0958  decode.d8.loss_dice: 0.8488
2026/07/20 22:39:51 - mmengine - INFO - Iter(train) [ 9700/80000]  base_lr: 4.6067e-05 lr: 4.6067e-05  eta: 23:52:00  time: 1.1550  data_time: 0.0151  memory: 9079  grad_norm: 56.5882  loss: 18.9840  decode.loss_cls: 0.0187  decode.loss_mask: 0.9219  decode.loss_dice: 0.9337  decode.d0.loss_cls: 0.0975  decode.d0.loss_mask: 0.9718  decode.d0.loss_dice: 0.9783  decode.d1.loss_cls: 0.0373  decode.d1.loss_mask: 0.9269  decode.d1.loss_dice: 0.9300  decode.d2.loss_cls: 0.0302  decode.d2.loss_mask: 0.9198  decode.d2.loss_dice: 0.9305  decode.d3.loss_cls: 0.0185  decode.d3.loss_mask: 0.9197  decode.d3.loss_dice: 0.9362  decode.d4.loss_cls: 0.0192  decode.d4.loss_mask: 0.9243  decode.d4.loss_dice: 0.9434  decode.d5.loss_cls: 0.0262  decode.d5.loss_mask: 0.9206  decode.d5.loss_dice: 0.9343  decode.d6.loss_cls: 0.0209  decode.d6.loss_mask: 0.9189  decode.d6.loss_dice: 0.9357  decode.d7.loss_cls: 0.0225  decode.d7.loss_mask: 0.9234  decode.d7.loss_dice: 0.9466  decode.d8.loss_cls: 0.0187  decode.d8.loss_mask: 0.9209  decode.d8.loss_dice: 0.9375
2026/07/20 22:41:47 - mmengine - INFO - Iter(train) [ 9800/80000]  base_lr: 4.6008e-05 lr: 4.6008e-05  eta: 23:49:11  time: 1.2068  data_time: 0.0154  memory: 9088  grad_norm: 47.7018  loss: 14.0172  decode.loss_cls: 0.0206  decode.loss_mask: 0.7374  decode.loss_dice: 0.6202  decode.d0.loss_cls: 0.1196  decode.d0.loss_mask: 0.7693  decode.d0.loss_dice: 0.6628  decode.d1.loss_cls: 0.0288  decode.d1.loss_mask: 0.7447  decode.d1.loss_dice: 0.6053  decode.d2.loss_cls: 0.0259  decode.d2.loss_mask: 0.7395  decode.d2.loss_dice: 0.6162  decode.d3.loss_cls: 0.0218  decode.d3.loss_mask: 0.7434  decode.d3.loss_dice: 0.6296  decode.d4.loss_cls: 0.0239  decode.d4.loss_mask: 0.7388  decode.d4.loss_dice: 0.6204  decode.d5.loss_cls: 0.0235  decode.d5.loss_mask: 0.7372  decode.d5.loss_dice: 0.6274  decode.d6.loss_cls: 0.0212  decode.d6.loss_mask: 0.7412  decode.d6.loss_dice: 0.6193  decode.d7.loss_cls: 0.0209  decode.d7.loss_mask: 0.7444  decode.d7.loss_dice: 0.6255  decode.d8.loss_cls: 0.0213  decode.d8.loss_mask: 0.7434  decode.d8.loss_dice: 0.6235
2026/07/20 22:43:43 - mmengine - INFO - Iter(train) [ 9900/80000]  base_lr: 4.5949e-05 lr: 4.5949e-05  eta: 23:46:27  time: 1.1546  data_time: 0.0154  memory: 9088  grad_norm: 51.1401  loss: 18.0647  decode.loss_cls: 0.0404  decode.loss_mask: 0.8968  decode.loss_dice: 0.8538  decode.d0.loss_cls: 0.0924  decode.d0.loss_mask: 0.9150  decode.d0.loss_dice: 0.9255  decode.d1.loss_cls: 0.0498  decode.d1.loss_mask: 0.8978  decode.d1.loss_dice: 0.8655  decode.d2.loss_cls: 0.0356  decode.d2.loss_mask: 0.8950  decode.d2.loss_dice: 0.8587  decode.d3.loss_cls: 0.0263  decode.d3.loss_mask: 0.8968  decode.d3.loss_dice: 0.8605  decode.d4.loss_cls: 0.0397  decode.d4.loss_mask: 0.8969  decode.d4.loss_dice: 0.8601  decode.d5.loss_cls: 0.0365  decode.d5.loss_mask: 0.8971  decode.d5.loss_dice: 0.8531  decode.d6.loss_cls: 0.0374  decode.d6.loss_mask: 0.8959  decode.d6.loss_dice: 0.8577  decode.d7.loss_cls: 0.0280  decode.d7.loss_mask: 0.8967  decode.d7.loss_dice: 0.8674  decode.d8.loss_cls: 0.0369  decode.d8.loss_mask: 0.8956  decode.d8.loss_dice: 0.8558
2026/07/20 22:45:39 - mmengine - INFO - Exp name: dinov3_m2f_31999_20260720_190649
2026/07/20 22:45:39 - mmengine - INFO - Iter(train) [10000/80000]  base_lr: 4.5890e-05 lr: 4.5890e-05  eta: 23:43:40  time: 1.1529  data_time: 0.0151  memory: 9079  grad_norm: 58.2727  loss: 15.9856  decode.loss_cls: 0.0583  decode.loss_mask: 0.8355  decode.loss_dice: 0.7095  decode.d0.loss_cls: 0.1148  decode.d0.loss_mask: 0.8774  decode.d0.loss_dice: 0.7593  decode.d1.loss_cls: 0.0479  decode.d1.loss_mask: 0.8359  decode.d1.loss_dice: 0.7030  decode.d2.loss_cls: 0.0476  decode.d2.loss_mask: 0.8300  decode.d2.loss_dice: 0.6983  decode.d3.loss_cls: 0.0488  decode.d3.loss_mask: 0.8325  decode.d3.loss_dice: 0.7018  decode.d4.loss_cls: 0.0551  decode.d4.loss_mask: 0.8329  decode.d4.loss_dice: 0.7018  decode.d5.loss_cls: 0.0575  decode.d5.loss_mask: 0.8285  decode.d5.loss_dice: 0.6847  decode.d6.loss_cls: 0.0574  decode.d6.loss_mask: 0.8257  decode.d6.loss_dice: 0.6864  decode.d7.loss_cls: 0.0575  decode.d7.loss_mask: 0.8241  decode.d7.loss_dice: 0.6897  decode.d8.loss_cls: 0.0568  decode.d8.loss_mask: 0.8334  decode.d8.loss_dice: 0.6934
2026/07/20 22:45:39 - mmengine - INFO - Saving checkpoint at 10000 iterations
2026/07/20 22:46:47 - mmengine - INFO - Iter(val) [100/504]    eta: 0:02:26  time: 0.3506  data_time: 0.0077  memory: 3097  
2026/07/20 22:47:22 - mmengine - INFO - Iter(val) [200/504]    eta: 0:01:48  time: 0.3501  data_time: 0.0083  memory: 3097  
2026/07/20 22:47:57 - mmengine - INFO - Iter(val) [300/504]    eta: 0:01:12  time: 0.3559  data_time: 0.0075  memory: 3097  
2026/07/20 22:48:32 - mmengine - INFO - Iter(val) [400/504]    eta: 0:00:36  time: 0.3487  data_time: 0.0074  memory: 3097  
2026/07/20 22:49:07 - mmengine - INFO - Iter(val) [500/504]    eta: 0:00:01  time: 0.3531  data_time: 0.0074  memory: 3097  
2026/07/20 22:49:11 - mmengine - INFO - per class results:
2026/07/20 22:49:11 - mmengine - INFO - 
+--------------------+-------+-------+--------+-----------+--------+
|       Class        |  IoU  |  Acc  | Fscore | Precision | Recall |
+--------------------+-------+-------+--------+-----------+--------+
| impervious_surface | 87.37 | 93.34 | 93.26  |   93.18   | 93.34  |
|      building      | 93.66 | 99.32 | 96.73  |   94.27   | 99.32  |
|   low_vegetation   | 79.58 |  89.9 | 88.63  |   87.39   |  89.9  |
|        tree        | 80.96 | 85.47 | 89.48  |   93.88   | 85.47  |
|        car         | 94.19 | 96.29 | 97.01  |   97.73   | 96.29  |
+--------------------+-------+-------+--------+-----------+--------+
2026/07/20 22:49:11 - mmengine - INFO - Iter(val) [504/504]    aAcc: 92.1500  mIoU: 87.1500  mAcc: 92.8600  mFscore: 93.0200  mPrecision: 93.2900  mRecall: 92.8600  data_time: 0.0101  time: 0.3526
2026/07/20 22:49:11 - mmengine - INFO - The previous best checkpoint /mnt/qh2-nas3/00-model/00-fb/fusion_potsdam/work_dirs/dinov3_m2f_31999/best_mIoU_iter_6000.pth is removed
2026/07/20 22:49:42 - mmengine - INFO - The best checkpoint with 87.1500 mIoU at 10000 iter is saved to best_mIoU_iter_10000.pth.
2026/07/20 22:52:06 - mmengine - INFO - Iter(train) [10100/80000]  base_lr: 4.5831e-05 lr: 4.5831e-05  eta: 23:48:04  time: 1.1517  data_time: 0.0154  memory: 9088  grad_norm: 66.9046  loss: 20.6707  decode.loss_cls: 0.0587  decode.loss_mask: 1.0124  decode.loss_dice: 0.9759  decode.d0.loss_cls: 0.1514  decode.d0.loss_mask: 1.1032  decode.d0.loss_dice: 1.0425  decode.d1.loss_cls: 0.0959  decode.d1.loss_mask: 1.0285  decode.d1.loss_dice: 0.9649  decode.d2.loss_cls: 0.0814  decode.d2.loss_mask: 1.0085  decode.d2.loss_dice: 0.9413  decode.d3.loss_cls: 0.0623  decode.d3.loss_mask: 1.0119  decode.d3.loss_dice: 0.9476  decode.d4.loss_cls: 0.0564  decode.d4.loss_mask: 1.0151  decode.d4.loss_dice: 0.9706  decode.d5.loss_cls: 0.0619  decode.d5.loss_mask: 1.0158  decode.d5.loss_dice: 0.9638  decode.d6.loss_cls: 0.0606  decode.d6.loss_mask: 1.0129  decode.d6.loss_dice: 0.9704  decode.d7.loss_cls: 0.0526  decode.d7.loss_mask: 1.0103  decode.d7.loss_dice: 0.9537  decode.d8.loss_cls: 0.0520  decode.d8.loss_mask: 1.0185  decode.d8.loss_dice: 0.9698
2026/07/20 22:54:02 - mmengine - INFO - Iter(train) [10200/80000]  base_lr: 4.5772e-05 lr: 4.5772e-05  eta: 23:45:15  time: 1.1757  data_time: 0.0149  memory: 9088  grad_norm: 84.5743  loss: 21.2256  decode.loss_cls: 0.0445  decode.loss_mask: 1.0271  decode.loss_dice: 1.0235  decode.d0.loss_cls: 0.1315  decode.d0.loss_mask: 1.1222  decode.d0.loss_dice: 1.0763  decode.d1.loss_cls: 0.0770  decode.d1.loss_mask: 1.0485  decode.d1.loss_dice: 1.0264  decode.d2.loss_cls: 0.0694  decode.d2.loss_mask: 1.0302  decode.d2.loss_dice: 1.0213  decode.d3.loss_cls: 0.0707  decode.d3.loss_mask: 1.0215  decode.d3.loss_dice: 1.0281  decode.d4.loss_cls: 0.0760  decode.d4.loss_mask: 1.0137  decode.d4.loss_dice: 1.0044  decode.d5.loss_cls: 0.0720  decode.d5.loss_mask: 1.0044  decode.d5.loss_dice: 1.0094  decode.d6.loss_cls: 0.0661  decode.d6.loss_mask: 1.0059  decode.d6.loss_dice: 1.0045  decode.d7.loss_cls: 0.0568  decode.d7.loss_mask: 1.0052  decode.d7.loss_dice: 1.0093  decode.d8.loss_cls: 0.0474  decode.d8.loss_mask: 1.0179  decode.d8.loss_dice: 1.0146
2026/07/20 22:55:58 - mmengine - INFO - Iter(train) [10300/80000]  base_lr: 4.5713e-05 lr: 4.5713e-05  eta: 23:42:26  time: 1.1549  data_time: 0.0156  memory: 9088  grad_norm: 74.2280  loss: 22.5201  decode.loss_cls: 0.0448  decode.loss_mask: 1.1935  decode.loss_dice: 1.0175  decode.d0.loss_cls: 0.0782  decode.d0.loss_mask: 1.2060  decode.d0.loss_dice: 1.0126  decode.d1.loss_cls: 0.0294  decode.d1.loss_mask: 1.1833  decode.d1.loss_dice: 1.0389  decode.d2.loss_cls: 0.0402  decode.d2.loss_mask: 1.1700  decode.d2.loss_dice: 1.0309  decode.d3.loss_cls: 0.0354  decode.d3.loss_mask: 1.1845  decode.d3.loss_dice: 1.0246  decode.d4.loss_cls: 0.0369  decode.d4.loss_mask: 1.1812  decode.d4.loss_dice: 1.0345  decode.d5.loss_cls: 0.0476  decode.d5.loss_mask: 1.1751  decode.d5.loss_dice: 1.0174  decode.d6.loss_cls: 0.0432  decode.d6.loss_mask: 1.1763  decode.d6.loss_dice: 1.0181  decode.d7.loss_cls: 0.0459  decode.d7.loss_mask: 1.1826  decode.d7.loss_dice: 1.0207  decode.d8.loss_cls: 0.0433  decode.d8.loss_mask: 1.1840  decode.d8.loss_dice: 1.0237
2026/07/20 22:57:57 - mmengine - INFO - Iter(train) [10400/80000]  base_lr: 4.5654e-05 lr: 4.5654e-05  eta: 23:40:01  time: 1.1504  data_time: 0.0152  memory: 9088  grad_norm: 88.0838  loss: 21.1804  decode.loss_cls: 0.1147  decode.loss_mask: 1.0675  decode.loss_dice: 0.9084  decode.d0.loss_cls: 0.2140  decode.d0.loss_mask: 1.1171  decode.d0.loss_dice: 1.0853  decode.d1.loss_cls: 0.1021  decode.d1.loss_mask: 1.0679  decode.d1.loss_dice: 0.8991  decode.d2.loss_cls: 0.1140  decode.d2.loss_mask: 1.0669  decode.d2.loss_dice: 0.9027  decode.d3.loss_cls: 0.1220  decode.d3.loss_mask: 1.0448  decode.d3.loss_dice: 0.8850  decode.d4.loss_cls: 0.1170  decode.d4.loss_mask: 1.0715  decode.d4.loss_dice: 0.8892  decode.d5.loss_cls: 0.1218  decode.d5.loss_mask: 1.0443  decode.d5.loss_dice: 0.8982  decode.d6.loss_cls: 0.1203  decode.d6.loss_mask: 1.0634  decode.d6.loss_dice: 0.9323  decode.d7.loss_cls: 0.1118  decode.d7.loss_mask: 1.0745  decode.d7.loss_dice: 0.9186  decode.d8.loss_cls: 0.1227  decode.d8.loss_mask: 1.0653  decode.d8.loss_dice: 0.9180
2026/07/20 22:59:52 - mmengine - INFO - Iter(train) [10500/80000]  base_lr: 4.5595e-05 lr: 4.5595e-05  eta: 23:37:11  time: 1.1499  data_time: 0.0153  memory: 9079  grad_norm: 77.9475  loss: 19.7091  decode.loss_cls: 0.0111  decode.loss_mask: 1.1066  decode.loss_dice: 0.8440  decode.d0.loss_cls: 0.0849  decode.d0.loss_mask: 1.1437  decode.d0.loss_dice: 0.8390  decode.d1.loss_cls: 0.0171  decode.d1.loss_mask: 1.1129  decode.d1.loss_dice: 0.8372  decode.d2.loss_cls: 0.0090  decode.d2.loss_mask: 1.1122  decode.d2.loss_dice: 0.8288  decode.d3.loss_cls: 0.0048  decode.d3.loss_mask: 1.1086  decode.d3.loss_dice: 0.8457  decode.d4.loss_cls: 0.0045  decode.d4.loss_mask: 1.1111  decode.d4.loss_dice: 0.8434  decode.d5.loss_cls: 0.0052  decode.d5.loss_mask: 1.1013  decode.d5.loss_dice: 0.8368  decode.d6.loss_cls: 0.0126  decode.d6.loss_mask: 1.1049  decode.d6.loss_dice: 0.8529  decode.d7.loss_cls: 0.0107  decode.d7.loss_mask: 1.1087  decode.d7.loss_dice: 0.8575  decode.d8.loss_cls: 0.0082  decode.d8.loss_mask: 1.1038  decode.d8.loss_dice: 0.8417
2026/07/20 23:01:48 - mmengine - INFO - Iter(train) [10600/80000]  base_lr: 4.5536e-05 lr: 4.5536e-05  eta: 23:34:25  time: 1.1582  data_time: 0.0152  memory: 9088  grad_norm: 75.0556  loss: 21.2601  decode.loss_cls: 0.0512  decode.loss_mask: 1.1128  decode.loss_dice: 0.9633  decode.d0.loss_cls: 0.1285  decode.d0.loss_mask: 1.1744  decode.d0.loss_dice: 0.9634  decode.d1.loss_cls: 0.0625  decode.d1.loss_mask: 1.1160  decode.d1.loss_dice: 0.9207  decode.d2.loss_cls: 0.0670  decode.d2.loss_mask: 1.1095  decode.d2.loss_dice: 0.9350  decode.d3.loss_cls: 0.0549  decode.d3.loss_mask: 1.1144  decode.d3.loss_dice: 0.9273  decode.d4.loss_cls: 0.0617  decode.d4.loss_mask: 1.1208  decode.d4.loss_dice: 0.9502  decode.d5.loss_cls: 0.0533  decode.d5.loss_mask: 1.1184  decode.d5.loss_dice: 0.9423  decode.d6.loss_cls: 0.0434  decode.d6.loss_mask: 1.1183  decode.d6.loss_dice: 0.9393  decode.d7.loss_cls: 0.0505  decode.d7.loss_mask: 1.1157  decode.d7.loss_dice: 0.9356  decode.d8.loss_cls: 0.0523  decode.d8.loss_mask: 1.1128  decode.d8.loss_dice: 0.9446
2026/07/20 23:03:47 - mmengine - INFO - Iter(train) [10700/80000]  base_lr: 4.5477e-05 lr: 4.5477e-05  eta: 23:32:04  time: 1.1564  data_time: 0.0152  memory: 9088  grad_norm: 89.1077  loss: 22.1085  decode.loss_cls: 0.0308  decode.loss_mask: 1.1539  decode.loss_dice: 0.9849  decode.d0.loss_cls: 0.1108  decode.d0.loss_mask: 1.2090  decode.d0.loss_dice: 1.1070  decode.d1.loss_cls: 0.0477  decode.d1.loss_mask: 1.1725  decode.d1.loss_dice: 1.0111  decode.d2.loss_cls: 0.0406  decode.d2.loss_mask: 1.1579  decode.d2.loss_dice: 0.9714  decode.d3.loss_cls: 0.0363  decode.d3.loss_mask: 1.1536  decode.d3.loss_dice: 0.9952  decode.d4.loss_cls: 0.0346  decode.d4.loss_mask: 1.1573  decode.d4.loss_dice: 0.9998  decode.d5.loss_cls: 0.0329  decode.d5.loss_mask: 1.1567  decode.d5.loss_dice: 0.9919  decode.d6.loss_cls: 0.0352  decode.d6.loss_mask: 1.1562  decode.d6.loss_dice: 0.9905  decode.d7.loss_cls: 0.0344  decode.d7.loss_mask: 1.1539  decode.d7.loss_dice: 1.0052  decode.d8.loss_cls: 0.0351  decode.d8.loss_mask: 1.1560  decode.d8.loss_dice: 0.9861
2026/07/20 23:05:43 - mmengine - INFO - Iter(train) [10800/80000]  base_lr: 4.5418e-05 lr: 4.5418e-05  eta: 23:29:20  time: 1.1499  data_time: 0.0148  memory: 9088  grad_norm: 72.4233  loss: 15.7454  decode.loss_cls: 0.0673  decode.loss_mask: 0.8410  decode.loss_dice: 0.6460  decode.d0.loss_cls: 0.1688  decode.d0.loss_mask: 0.8936  decode.d0.loss_dice: 0.7414  decode.d1.loss_cls: 0.0617  decode.d1.loss_mask: 0.8380  decode.d1.loss_dice: 0.6488  decode.d2.loss_cls: 0.0597  decode.d2.loss_mask: 0.8315  decode.d2.loss_dice: 0.6617  decode.d3.loss_cls: 0.0566  decode.d3.loss_mask: 0.8402  decode.d3.loss_dice: 0.6528  decode.d4.loss_cls: 0.0577  decode.d4.loss_mask: 0.8392  decode.d4.loss_dice: 0.6566  decode.d5.loss_cls: 0.0611  decode.d5.loss_mask: 0.8347  decode.d5.loss_dice: 0.6513  decode.d6.loss_cls: 0.0586  decode.d6.loss_mask: 0.8429  decode.d6.loss_dice: 0.6503  decode.d7.loss_cls: 0.0587  decode.d7.loss_mask: 0.8377  decode.d7.loss_dice: 0.6475  decode.d8.loss_cls: 0.0551  decode.d8.loss_mask: 0.8414  decode.d8.loss_dice: 0.6436
2026/07/20 23:07:36 - mmengine - INFO - Iter(train) [10900/80000]  base_lr: 4.5359e-05 lr: 4.5359e-05  eta: 23:26:24  time: 1.1536  data_time: 0.0155  memory: 9088  grad_norm: 43.4796  loss: 13.6773  decode.loss_cls: 0.0360  decode.loss_mask: 0.6581  decode.loss_dice: 0.6510  decode.d0.loss_cls: 0.1036  decode.d0.loss_mask: 0.7046  decode.d0.loss_dice: 0.7151  decode.d1.loss_cls: 0.0446  decode.d1.loss_mask: 0.6624  decode.d1.loss_dice: 0.6519  decode.d2.loss_cls: 0.0344  decode.d2.loss_mask: 0.6587  decode.d2.loss_dice: 0.6630  decode.d3.loss_cls: 0.0359  decode.d3.loss_mask: 0.6620  decode.d3.loss_dice: 0.6652  decode.d4.loss_cls: 0.0306  decode.d4.loss_mask: 0.6544  decode.d4.loss_dice: 0.6506  decode.d5.loss_cls: 0.0308  decode.d5.loss_mask: 0.6556  decode.d5.loss_dice: 0.6555  decode.d6.loss_cls: 0.0281  decode.d6.loss_mask: 0.6622  decode.d6.loss_dice: 0.6663  decode.d7.loss_cls: 0.0373  decode.d7.loss_mask: 0.6622  decode.d7.loss_dice: 0.6606  decode.d8.loss_cls: 0.0359  decode.d8.loss_mask: 0.6573  decode.d8.loss_dice: 0.6433
2026/07/20 23:09:32 - mmengine - INFO - Exp name: dinov3_m2f_31999_20260720_190649
2026/07/20 23:09:32 - mmengine - INFO - Iter(train) [11000/80000]  base_lr: 4.5300e-05 lr: 4.5300e-05  eta: 23:23:42  time: 1.1565  data_time: 0.0151  memory: 9088  grad_norm: 62.9379  loss: 19.1598  decode.loss_cls: 0.0362  decode.loss_mask: 1.0007  decode.loss_dice: 0.8526  decode.d0.loss_cls: 0.1256  decode.d0.loss_mask: 1.0409  decode.d0.loss_dice: 0.8880  decode.d1.loss_cls: 0.0509  decode.d1.loss_mask: 1.0111  decode.d1.loss_dice: 0.8731  decode.d2.loss_cls: 0.0487  decode.d2.loss_mask: 1.0113  decode.d2.loss_dice: 0.8720  decode.d3.loss_cls: 0.0416  decode.d3.loss_mask: 1.0053  decode.d3.loss_dice: 0.8674  decode.d4.loss_cls: 0.0435  decode.d4.loss_mask: 0.9912  decode.d4.loss_dice: 0.8589  decode.d5.loss_cls: 0.0395  decode.d5.loss_mask: 0.9972  decode.d5.loss_dice: 0.8487  decode.d6.loss_cls: 0.0360  decode.d6.loss_mask: 0.9956  decode.d6.loss_dice: 0.8394  decode.d7.loss_cls: 0.0370  decode.d7.loss_mask: 1.0015  decode.d7.loss_dice: 0.8521  decode.d8.loss_cls: 0.0372  decode.d8.loss_mask: 1.0048  decode.d8.loss_dice: 0.8517
2026/07/20 23:11:28 - mmengine - INFO - Iter(train) [11100/80000]  base_lr: 4.5241e-05 lr: 4.5241e-05  eta: 23:21:00  time: 1.1756  data_time: 0.0150  memory: 9088  grad_norm: 77.7029  loss: 17.5588  decode.loss_cls: 0.0584  decode.loss_mask: 0.9204  decode.loss_dice: 0.7529  decode.d0.loss_cls: 0.1419  decode.d0.loss_mask: 0.9764  decode.d0.loss_dice: 0.8116  decode.d1.loss_cls: 0.0754  decode.d1.loss_mask: 0.9076  decode.d1.loss_dice: 0.7680  decode.d2.loss_cls: 0.0574  decode.d2.loss_mask: 0.9136  decode.d2.loss_dice: 0.7627  decode.d3.loss_cls: 0.0544  decode.d3.loss_mask: 0.9121  decode.d3.loss_dice: 0.7618  decode.d4.loss_cls: 0.0556  decode.d4.loss_mask: 0.9127  decode.d4.loss_dice: 0.7640  decode.d5.loss_cls: 0.0565  decode.d5.loss_mask: 0.9139  decode.d5.loss_dice: 0.7656  decode.d6.loss_cls: 0.0475  decode.d6.loss_mask: 0.9175  decode.d6.loss_dice: 0.7682  decode.d7.loss_cls: 0.0547  decode.d7.loss_mask: 0.9227  decode.d7.loss_dice: 0.7665  decode.d8.loss_cls: 0.0502  decode.d8.loss_mask: 0.9262  decode.d8.loss_dice: 0.7628
2026/07/20 23:13:25 - mmengine - INFO - Iter(train) [11200/80000]  base_lr: 4.5182e-05 lr: 4.5182e-05  eta: 23:18:26  time: 1.1716  data_time: 0.0156  memory: 9088  grad_norm: 63.2598  loss: 18.4352  decode.loss_cls: 0.0157  decode.loss_mask: 0.9751  decode.loss_dice: 0.8439  decode.d0.loss_cls: 0.0876  decode.d0.loss_mask: 1.0172  decode.d0.loss_dice: 0.8469  decode.d1.loss_cls: 0.0264  decode.d1.loss_mask: 0.9709  decode.d1.loss_dice: 0.8380  decode.d2.loss_cls: 0.0199  decode.d2.loss_mask: 0.9717  decode.d2.loss_dice: 0.8295  decode.d3.loss_cls: 0.0186  decode.d3.loss_mask: 0.9773  decode.d3.loss_dice: 0.8391  decode.d4.loss_cls: 0.0206  decode.d4.loss_mask: 0.9742  decode.d4.loss_dice: 0.8327  decode.d5.loss_cls: 0.0175  decode.d5.loss_mask: 0.9726  decode.d5.loss_dice: 0.8326  decode.d6.loss_cls: 0.0180  decode.d6.loss_mask: 0.9744  decode.d6.loss_dice: 0.8428  decode.d7.loss_cls: 0.0244  decode.d7.loss_mask: 0.9742  decode.d7.loss_dice: 0.8352  decode.d8.loss_cls: 0.0168  decode.d8.loss_mask: 0.9754  decode.d8.loss_dice: 0.8461
2026/07/20 23:15:24 - mmengine - INFO - Iter(train) [11300/80000]  base_lr: 4.5123e-05 lr: 4.5123e-05  eta: 23:16:06  time: 1.1494  data_time: 0.0152  memory: 9088  grad_norm: 99.3665  loss: 21.5686  decode.loss_cls: 0.1220  decode.loss_mask: 1.1038  decode.loss_dice: 0.9044  decode.d0.loss_cls: 0.2223  decode.d0.loss_mask: 1.1589  decode.d0.loss_dice: 1.0163  decode.d1.loss_cls: 0.1476  decode.d1.loss_mask: 1.0907  decode.d1.loss_dice: 0.9554  decode.d2.loss_cls: 0.1293  decode.d2.loss_mask: 1.0938  decode.d2.loss_dice: 0.9581  decode.d3.loss_cls: 0.1428  decode.d3.loss_mask: 1.0864  decode.d3.loss_dice: 0.9303  decode.d4.loss_cls: 0.1394  decode.d4.loss_mask: 1.0667  decode.d4.loss_dice: 0.9055  decode.d5.loss_cls: 0.1236  decode.d5.loss_mask: 1.0729  decode.d5.loss_dice: 0.9009  decode.d6.loss_cls: 0.1288  decode.d6.loss_mask: 1.0833  decode.d6.loss_dice: 0.9054  decode.d7.loss_cls: 0.1149  decode.d7.loss_mask: 1.0698  decode.d7.loss_dice: 0.9027  decode.d8.loss_cls: 0.1231  decode.d8.loss_mask: 1.0666  decode.d8.loss_dice: 0.9029
2026/07/20 23:18:10 - mmengine - INFO - Iter(train) [11400/80000]  base_lr: 4.5064e-05 lr: 4.5064e-05  eta: 23:18:31  time: 1.9073  data_time: 0.0152  memory: 9079  grad_norm: 64.8374  loss: 16.4606  decode.loss_cls: 0.0286  decode.loss_mask: 0.8652  decode.loss_dice: 0.7296  decode.d0.loss_cls: 0.0934  decode.d0.loss_mask: 0.8767  decode.d0.loss_dice: 0.7553  decode.d1.loss_cls: 0.0220  decode.d1.loss_mask: 0.8822  decode.d1.loss_dice: 0.7491  decode.d2.loss_cls: 0.0160  decode.d2.loss_mask: 0.8845  decode.d2.loss_dice: 0.7477  decode.d3.loss_cls: 0.0210  decode.d3.loss_mask: 0.8794  decode.d3.loss_dice: 0.7371  decode.d4.loss_cls: 0.0154  decode.d4.loss_mask: 0.8795  decode.d4.loss_dice: 0.7343  decode.d5.loss_cls: 0.0277  decode.d5.loss_mask: 0.8725  decode.d5.loss_dice: 0.7488  decode.d6.loss_cls: 0.0206  decode.d6.loss_mask: 0.8662  decode.d6.loss_dice: 0.7423  decode.d7.loss_cls: 0.0238  decode.d7.loss_mask: 0.8635  decode.d7.loss_dice: 0.7412  decode.d8.loss_cls: 0.0224  decode.d8.loss_mask: 0.8681  decode.d8.loss_dice: 0.7465
2026/07/20 23:20:32 - mmengine - INFO - Iter(train) [11500/80000]  base_lr: 4.5004e-05 lr: 4.5004e-05  eta: 23:18:28  time: 1.1504  data_time: 0.0152  memory: 9088  grad_norm: 47.8470  loss: 15.9343  decode.loss_cls: 0.0112  decode.loss_mask: 0.8662  decode.loss_dice: 0.7076  decode.d0.loss_cls: 0.0778  decode.d0.loss_mask: 0.8925  decode.d0.loss_dice: 0.7262  decode.d1.loss_cls: 0.0174  decode.d1.loss_mask: 0.8556  decode.d1.loss_dice: 0.7283  decode.d2.loss_cls: 0.0156  decode.d2.loss_mask: 0.8585  decode.d2.loss_dice: 0.7173  decode.d3.loss_cls: 0.0116  decode.d3.loss_mask: 0.8548  decode.d3.loss_dice: 0.7084  decode.d4.loss_cls: 0.0113  decode.d4.loss_mask: 0.8539  decode.d4.loss_dice: 0.7089  decode.d5.loss_cls: 0.0111  decode.d5.loss_mask: 0.8574  decode.d5.loss_dice: 0.7033  decode.d6.loss_cls: 0.0108  decode.d6.loss_mask: 0.8613  decode.d6.loss_dice: 0.7139  decode.d7.loss_cls: 0.0114  decode.d7.loss_mask: 0.8538  decode.d7.loss_dice: 0.7111  decode.d8.loss_cls: 0.0104  decode.d8.loss_mask: 0.8637  decode.d8.loss_dice: 0.7028
2026/07/20 23:22:28 - mmengine - INFO - Iter(train) [11600/80000]  base_lr: 4.4945e-05 lr: 4.4945e-05  eta: 23:15:43  time: 1.1697  data_time: 0.0157  memory: 9088  grad_norm: 54.7274  loss: 19.0640  decode.loss_cls: 0.0185  decode.loss_mask: 0.9978  decode.loss_dice: 0.8938  decode.d0.loss_cls: 0.0801  decode.d0.loss_mask: 1.0327  decode.d0.loss_dice: 0.8921  decode.d1.loss_cls: 0.0251  decode.d1.loss_mask: 1.0042  decode.d1.loss_dice: 0.8795  decode.d2.loss_cls: 0.0202  decode.d2.loss_mask: 1.0007  decode.d2.loss_dice: 0.8700  decode.d3.loss_cls: 0.0187  decode.d3.loss_mask: 1.0047  decode.d3.loss_dice: 0.8632  decode.d4.loss_cls: 0.0183  decode.d4.loss_mask: 1.0022  decode.d4.loss_dice: 0.8725  decode.d5.loss_cls: 0.0218  decode.d5.loss_mask: 0.9994  decode.d5.loss_dice: 0.8750  decode.d6.loss_cls: 0.0153  decode.d6.loss_mask: 1.0016  decode.d6.loss_dice: 0.8759  decode.d7.loss_cls: 0.0153  decode.d7.loss_mask: 0.9991  decode.d7.loss_dice: 0.8805  decode.d8.loss_cls: 0.0165  decode.d8.loss_mask: 0.9927  decode.d8.loss_dice: 0.8767
2026/07/20 23:24:23 - mmengine - INFO - Iter(train) [11700/80000]  base_lr: 4.4886e-05 lr: 4.4886e-05  eta: 23:13:02  time: 1.1651  data_time: 0.0155  memory: 9079  grad_norm: 72.6751  loss: 18.7250  decode.loss_cls: 0.0609  decode.loss_mask: 0.9357  decode.loss_dice: 0.8593  decode.d0.loss_cls: 0.1402  decode.d0.loss_mask: 0.9387  decode.d0.loss_dice: 0.9320  decode.d1.loss_cls: 0.0677  decode.d1.loss_mask: 0.9122  decode.d1.loss_dice: 0.8698  decode.d2.loss_cls: 0.0639  decode.d2.loss_mask: 0.9215  decode.d2.loss_dice: 0.8751  decode.d3.loss_cls: 0.0786  decode.d3.loss_mask: 0.9158  decode.d3.loss_dice: 0.8708  decode.d4.loss_cls: 0.0645  decode.d4.loss_mask: 0.9224  decode.d4.loss_dice: 0.8702  decode.d5.loss_cls: 0.0692  decode.d5.loss_mask: 0.9303  decode.d5.loss_dice: 0.8697  decode.d6.loss_cls: 0.0646  decode.d6.loss_mask: 0.9233  decode.d6.loss_dice: 0.8594  decode.d7.loss_cls: 0.0606  decode.d7.loss_mask: 0.9272  decode.d7.loss_dice: 0.8621  decode.d8.loss_cls: 0.0608  decode.d8.loss_mask: 0.9307  decode.d8.loss_dice: 0.8677
2026/07/20 23:26:19 - mmengine - INFO - Iter(train) [11800/80000]  base_lr: 4.4827e-05 lr: 4.4827e-05  eta: 23:10:22  time: 1.1546  data_time: 0.0148  memory: 9088  grad_norm: 99.2050  loss: 20.0608  decode.loss_cls: 0.1107  decode.loss_mask: 0.9973  decode.loss_dice: 0.8484  decode.d0.loss_cls: 0.2255  decode.d0.loss_mask: 1.0254  decode.d0.loss_dice: 0.9693  decode.d1.loss_cls: 0.0800  decode.d1.loss_mask: 1.0470  decode.d1.loss_dice: 0.9374  decode.d2.loss_cls: 0.0979  decode.d2.loss_mask: 1.0181  decode.d2.loss_dice: 0.8909  decode.d3.loss_cls: 0.0904  decode.d3.loss_mask: 1.0300  decode.d3.loss_dice: 0.8820  decode.d4.loss_cls: 0.0995  decode.d4.loss_mask: 1.0005  decode.d4.loss_dice: 0.8463  decode.d5.loss_cls: 0.0893  decode.d5.loss_mask: 1.0145  decode.d5.loss_dice: 0.8693  decode.d6.loss_cls: 0.1006  decode.d6.loss_mask: 0.9843  decode.d6.loss_dice: 0.8657  decode.d7.loss_cls: 0.0917  decode.d7.loss_mask: 1.0122  decode.d7.loss_dice: 0.8817  decode.d8.loss_cls: 0.1074  decode.d8.loss_mask: 0.9875  decode.d8.loss_dice: 0.8600
2026/07/20 23:28:12 - mmengine - INFO - Iter(train) [11900/80000]  base_lr: 4.4768e-05 lr: 4.4768e-05  eta: 23:07:26  time: 1.1490  data_time: 0.0151  memory: 9088  grad_norm: 77.1709  loss: 16.8066  decode.loss_cls: 0.0726  decode.loss_mask: 0.8392  decode.loss_dice: 0.7246  decode.d0.loss_cls: 0.1813  decode.d0.loss_mask: 0.9161  decode.d0.loss_dice: 0.7996  decode.d1.loss_cls: 0.0818  decode.d1.loss_mask: 0.8700  decode.d1.loss_dice: 0.7388  decode.d2.loss_cls: 0.0868  decode.d2.loss_mask: 0.8434  decode.d2.loss_dice: 0.7351  decode.d3.loss_cls: 0.0733  decode.d3.loss_mask: 0.8446  decode.d3.loss_dice: 0.7433  decode.d4.loss_cls: 0.0767  decode.d4.loss_mask: 0.8513  decode.d4.loss_dice: 0.7381  decode.d5.loss_cls: 0.0752  decode.d5.loss_mask: 0.8483  decode.d5.loss_dice: 0.7465  decode.d6.loss_cls: 0.0708  decode.d6.loss_mask: 0.8415  decode.d6.loss_dice: 0.7179  decode.d7.loss_cls: 0.0729  decode.d7.loss_mask: 0.8460  decode.d7.loss_dice: 0.7284  decode.d8.loss_cls: 0.0725  decode.d8.loss_mask: 0.8363  decode.d8.loss_dice: 0.7337
2026/07/20 23:30:08 - mmengine - INFO - Exp name: dinov3_m2f_31999_20260720_190649
2026/07/20 23:30:08 - mmengine - INFO - Iter(train) [12000/80000]  base_lr: 4.4709e-05 lr: 4.4709e-05  eta: 23:04:47  time: 1.1535  data_time: 0.0155  memory: 9088  grad_norm: 66.7478  loss: 20.7859  decode.loss_cls: 0.0601  decode.loss_mask: 1.0255  decode.loss_dice: 0.9640  decode.d0.loss_cls: 0.1285  decode.d0.loss_mask: 1.1076  decode.d0.loss_dice: 1.0449  decode.d1.loss_cls: 0.0857  decode.d1.loss_mask: 1.0423  decode.d1.loss_dice: 0.9673  decode.d2.loss_cls: 0.0707  decode.d2.loss_mask: 1.0291  decode.d2.loss_dice: 0.9670  decode.d3.loss_cls: 0.0573  decode.d3.loss_mask: 1.0277  decode.d3.loss_dice: 0.9703  decode.d4.loss_cls: 0.0576  decode.d4.loss_mask: 1.0213  decode.d4.loss_dice: 0.9604  decode.d5.loss_cls: 0.0539  decode.d5.loss_mask: 1.0223  decode.d5.loss_dice: 0.9606  decode.d6.loss_cls: 0.0593  decode.d6.loss_mask: 1.0293  decode.d6.loss_dice: 0.9673  decode.d7.loss_cls: 0.0607  decode.d7.loss_mask: 1.0197  decode.d7.loss_dice: 0.9700  decode.d8.loss_cls: 0.0622  decode.d8.loss_mask: 1.0264  decode.d8.loss_dice: 0.9670
2026/07/20 23:30:08 - mmengine - INFO - Saving checkpoint at 12000 iterations
2026/07/20 23:31:21 - mmengine - INFO - Iter(val) [100/504]    eta: 0:02:23  time: 0.3497  data_time: 0.0077  memory: 3097  
2026/07/20 23:31:56 - mmengine - INFO - Iter(val) [200/504]    eta: 0:01:47  time: 0.3521  data_time: 0.0075  memory: 3097  
2026/07/20 23:32:31 - mmengine - INFO - Iter(val) [300/504]    eta: 0:01:11  time: 0.3509  data_time: 0.0079  memory: 3097  
2026/07/20 23:33:06 - mmengine - INFO - Iter(val) [400/504]    eta: 0:00:36  time: 0.3510  data_time: 0.0075  memory: 3097  
2026/07/20 23:33:41 - mmengine - INFO - Iter(val) [500/504]    eta: 0:00:01  time: 0.3371  data_time: 0.0077  memory: 3097  
2026/07/20 23:33:45 - mmengine - INFO - per class results:
2026/07/20 23:33:45 - mmengine - INFO - 
+--------------------+-------+-------+--------+-----------+--------+
|       Class        |  IoU  |  Acc  | Fscore | Precision | Recall |
+--------------------+-------+-------+--------+-----------+--------+
| impervious_surface | 85.84 | 89.85 | 92.38  |   95.06   | 89.85  |
|      building      | 95.48 | 97.92 | 97.69  |   97.46   | 97.92  |
|   low_vegetation   | 77.79 | 94.21 | 87.51  |   81.69   | 94.21  |
|        tree        | 79.19 |  83.4 | 88.39  |   94.01   |  83.4  |
|        car         | 93.87 | 96.06 | 96.84  |   97.63   | 96.06  |
+--------------------+-------+-------+--------+-----------+--------+
2026/07/20 23:33:45 - mmengine - INFO - Iter(val) [504/504]    aAcc: 91.5300  mIoU: 86.4400  mAcc: 92.2900  mFscore: 92.5600  mPrecision: 93.1700  mRecall: 92.2900  data_time: 0.0091  time: 0.3514
2026/07/20 23:35:44 - mmengine - INFO - Iter(train) [12100/80000]  base_lr: 4.4649e-05 lr: 4.4649e-05  eta: 23:02:39  time: 1.4452  data_time: 0.3160  memory: 9088  grad_norm: 63.8080  loss: 15.7461  decode.loss_cls: 0.0233  decode.loss_mask: 0.8569  decode.loss_dice: 0.6686  decode.d0.loss_cls: 0.1486  decode.d0.loss_mask: 0.9231  decode.d0.loss_dice: 0.7127  decode.d1.loss_cls: 0.0322  decode.d1.loss_mask: 0.8690  decode.d1.loss_dice: 0.6793  decode.d2.loss_cls: 0.0243  decode.d2.loss_mask: 0.8732  decode.d2.loss_dice: 0.6656  decode.d3.loss_cls: 0.0307  decode.d3.loss_mask: 0.8544  decode.d3.loss_dice: 0.6601  decode.d4.loss_cls: 0.0264  decode.d4.loss_mask: 0.8523  decode.d4.loss_dice: 0.6607  decode.d5.loss_cls: 0.0236  decode.d5.loss_mask: 0.8588  decode.d5.loss_dice: 0.6640  decode.d6.loss_cls: 0.0233  decode.d6.loss_mask: 0.8593  decode.d6.loss_dice: 0.6695  decode.d7.loss_cls: 0.0290  decode.d7.loss_mask: 0.8466  decode.d7.loss_dice: 0.6615  decode.d8.loss_cls: 0.0256  decode.d8.loss_mask: 0.8592  decode.d8.loss_dice: 0.6642
2026/07/20 23:37:39 - mmengine - INFO - Iter(train) [12200/80000]  base_lr: 4.4590e-05 lr: 4.4590e-05  eta: 22:59:59  time: 1.1480  data_time: 0.0150  memory: 9079  grad_norm: 111.6943  loss: 17.2467  decode.loss_cls: 0.0207  decode.loss_mask: 0.9520  decode.loss_dice: 0.7307  decode.d0.loss_cls: 0.1903  decode.d0.loss_mask: 0.9547  decode.d0.loss_dice: 0.7762  decode.d1.loss_cls: 0.0513  decode.d1.loss_mask: 0.9330  decode.d1.loss_dice: 0.7276  decode.d2.loss_cls: 0.0425  decode.d2.loss_mask: 0.9437  decode.d2.loss_dice: 0.7206  decode.d3.loss_cls: 0.0233  decode.d3.loss_mask: 0.9479  decode.d3.loss_dice: 0.7390  decode.d4.loss_cls: 0.0185  decode.d4.loss_mask: 0.9541  decode.d4.loss_dice: 0.7329  decode.d5.loss_cls: 0.0302  decode.d5.loss_mask: 0.9433  decode.d5.loss_dice: 0.7242  decode.d6.loss_cls: 0.0298  decode.d6.loss_mask: 0.9469  decode.d6.loss_dice: 0.7204  decode.d7.loss_cls: 0.0316  decode.d7.loss_mask: 0.9260  decode.d7.loss_dice: 0.7227  decode.d8.loss_cls: 0.0209  decode.d8.loss_mask: 0.9498  decode.d8.loss_dice: 0.7418
2026/07/20 23:39:35 - mmengine - INFO - Iter(train) [12300/80000]  base_lr: 4.4531e-05 lr: 4.4531e-05  eta: 22:57:24  time: 1.1573  data_time: 0.0154  memory: 9079  grad_norm: 70.5794  loss: 17.2187  decode.loss_cls: 0.0174  decode.loss_mask: 0.8761  decode.loss_dice: 0.8088  decode.d0.loss_cls: 0.0805  decode.d0.loss_mask: 0.9166  decode.d0.loss_dice: 0.8247  decode.d1.loss_cls: 0.0291  decode.d1.loss_mask: 0.8860  decode.d1.loss_dice: 0.8235  decode.d2.loss_cls: 0.0204  decode.d2.loss_mask: 0.8769  decode.d2.loss_dice: 0.8160  decode.d3.loss_cls: 0.0157  decode.d3.loss_mask: 0.8761  decode.d3.loss_dice: 0.8214  decode.d4.loss_cls: 0.0078  decode.d4.loss_mask: 0.8765  decode.d4.loss_dice: 0.8174  decode.d5.loss_cls: 0.0174  decode.d5.loss_mask: 0.8775  decode.d5.loss_dice: 0.8174  decode.d6.loss_cls: 0.0080  decode.d6.loss_mask: 0.8736  decode.d6.loss_dice: 0.8199  decode.d7.loss_cls: 0.0159  decode.d7.loss_mask: 0.8744  decode.d7.loss_dice: 0.8190  decode.d8.loss_cls: 0.0159  decode.d8.loss_mask: 0.8765  decode.d8.loss_dice: 0.8125
2026/07/20 23:41:31 - mmengine - INFO - Iter(train) [12400/80000]  base_lr: 4.4472e-05 lr: 4.4472e-05  eta: 22:54:47  time: 1.1592  data_time: 0.0156  memory: 9088  grad_norm: 40.7136  loss: 8.2289  decode.loss_cls: 0.0299  decode.loss_mask: 0.4106  decode.loss_dice: 0.3567  decode.d0.loss_cls: 0.1250  decode.d0.loss_mask: 0.4272  decode.d0.loss_dice: 0.4241  decode.d1.loss_cls: 0.0311  decode.d1.loss_mask: 0.4117  decode.d1.loss_dice: 0.3801  decode.d2.loss_cls: 0.0322  decode.d2.loss_mask: 0.4125  decode.d2.loss_dice: 0.3692  decode.d3.loss_cls: 0.0281  decode.d3.loss_mask: 0.4116  decode.d3.loss_dice: 0.3521  decode.d4.loss_cls: 0.0249  decode.d4.loss_mask: 0.4158  decode.d4.loss_dice: 0.3743  decode.d5.loss_cls: 0.0252  decode.d5.loss_mask: 0.4116  decode.d5.loss_dice: 0.3646  decode.d6.loss_cls: 0.0325  decode.d6.loss_mask: 0.4093  decode.d6.loss_dice: 0.3788  decode.d7.loss_cls: 0.0280  decode.d7.loss_mask: 0.4077  decode.d7.loss_dice: 0.3659  decode.d8.loss_cls: 0.0277  decode.d8.loss_mask: 0.4082  decode.d8.loss_dice: 0.3523
2026/07/20 23:43:27 - mmengine - INFO - Iter(train) [12500/80000]  base_lr: 4.4413e-05 lr: 4.4413e-05  eta: 22:52:11  time: 1.1575  data_time: 0.0154  memory: 9088  grad_norm: 68.4145  loss: 18.7650  decode.loss_cls: 0.0338  decode.loss_mask: 1.0328  decode.loss_dice: 0.7896  decode.d0.loss_cls: 0.1241  decode.d0.loss_mask: 1.0849  decode.d0.loss_dice: 0.8492  decode.d1.loss_cls: 0.0433  decode.d1.loss_mask: 1.0350  decode.d1.loss_dice: 0.8073  decode.d2.loss_cls: 0.0360  decode.d2.loss_mask: 1.0360  decode.d2.loss_dice: 0.7972  decode.d3.loss_cls: 0.0376  decode.d3.loss_mask: 1.0320  decode.d3.loss_dice: 0.7892  decode.d4.loss_cls: 0.0328  decode.d4.loss_mask: 1.0340  decode.d4.loss_dice: 0.7874  decode.d5.loss_cls: 0.0296  decode.d5.loss_mask: 1.0310  decode.d5.loss_dice: 0.7856  decode.d6.loss_cls: 0.0315  decode.d6.loss_mask: 1.0261  decode.d6.loss_dice: 0.7840  decode.d7.loss_cls: 0.0316  decode.d7.loss_mask: 1.0281  decode.d7.loss_dice: 0.7874  decode.d8.loss_cls: 0.0328  decode.d8.loss_mask: 1.0257  decode.d8.loss_dice: 0.7894
2026/07/20 23:45:22 - mmengine - INFO - Iter(train) [12600/80000]  base_lr: 4.4353e-05 lr: 4.4353e-05  eta: 22:49:35  time: 1.1661  data_time: 0.0151  memory: 9079  grad_norm: 58.1646  loss: 13.0711  decode.loss_cls: 0.0420  decode.loss_mask: 0.6464  decode.loss_dice: 0.5958  decode.d0.loss_cls: 0.1345  decode.d0.loss_mask: 0.6605  decode.d0.loss_dice: 0.6711  decode.d1.loss_cls: 0.0537  decode.d1.loss_mask: 0.6357  decode.d1.loss_dice: 0.5878  decode.d2.loss_cls: 0.0339  decode.d2.loss_mask: 0.6399  decode.d2.loss_dice: 0.5992  decode.d3.loss_cls: 0.0288  decode.d3.loss_mask: 0.6458  decode.d3.loss_dice: 0.6021  decode.d4.loss_cls: 0.0432  decode.d4.loss_mask: 0.6469  decode.d4.loss_dice: 0.6010  decode.d5.loss_cls: 0.0415  decode.d5.loss_mask: 0.6478  decode.d5.loss_dice: 0.6020  decode.d6.loss_cls: 0.0314  decode.d6.loss_mask: 0.6505  decode.d6.loss_dice: 0.6296  decode.d7.loss_cls: 0.0398  decode.d7.loss_mask: 0.6553  decode.d7.loss_dice: 0.6044  decode.d8.loss_cls: 0.0482  decode.d8.loss_mask: 0.6455  decode.d8.loss_dice: 0.6069
2026/07/20 23:47:16 - mmengine - INFO - Iter(train) [12700/80000]  base_lr: 4.4294e-05 lr: 4.4294e-05  eta: 22:46:50  time: 1.1524  data_time: 0.0152  memory: 9088  grad_norm: 71.2475  loss: 19.4893  decode.loss_cls: 0.0290  decode.loss_mask: 1.0377  decode.loss_dice: 0.8671  decode.d0.loss_cls: 0.1165  decode.d0.loss_mask: 1.0868  decode.d0.loss_dice: 0.8752  decode.d1.loss_cls: 0.0379  decode.d1.loss_mask: 1.0387  decode.d1.loss_dice: 0.8809  decode.d2.loss_cls: 0.0334  decode.d2.loss_mask: 1.0417  decode.d2.loss_dice: 0.8703  decode.d3.loss_cls: 0.0296  decode.d3.loss_mask: 1.0387  decode.d3.loss_dice: 0.8644  decode.d4.loss_cls: 0.0260  decode.d4.loss_mask: 1.0408  decode.d4.loss_dice: 0.8605  decode.d5.loss_cls: 0.0261  decode.d5.loss_mask: 1.0381  decode.d5.loss_dice: 0.8616  decode.d6.loss_cls: 0.0292  decode.d6.loss_mask: 1.0360  decode.d6.loss_dice: 0.8622  decode.d7.loss_cls: 0.0294  decode.d7.loss_mask: 1.0387  decode.d7.loss_dice: 0.8657  decode.d8.loss_cls: 0.0338  decode.d8.loss_mask: 1.0354  decode.d8.loss_dice: 0.8578
2026/07/20 23:49:11 - mmengine - INFO - Iter(train) [12800/80000]  base_lr: 4.4235e-05 lr: 4.4235e-05  eta: 22:44:11  time: 1.1505  data_time: 0.0148  memory: 9088  grad_norm: 73.0041  loss: 17.3795  decode.loss_cls: 0.0214  decode.loss_mask: 0.9012  decode.loss_dice: 0.8022  decode.d0.loss_cls: 0.1137  decode.d0.loss_mask: 0.9740  decode.d0.loss_dice: 0.8256  decode.d1.loss_cls: 0.0381  decode.d1.loss_mask: 0.8931  decode.d1.loss_dice: 0.7951  decode.d2.loss_cls: 0.0366  decode.d2.loss_mask: 0.8832  decode.d2.loss_dice: 0.7894  decode.d3.loss_cls: 0.0205  decode.d3.loss_mask: 0.8986  decode.d3.loss_dice: 0.7935  decode.d4.loss_cls: 0.0246  decode.d4.loss_mask: 0.8856  decode.d4.loss_dice: 0.8030  decode.d5.loss_cls: 0.0236  decode.d5.loss_mask: 0.8958  decode.d5.loss_dice: 0.8054  decode.d6.loss_cls: 0.0196  decode.d6.loss_mask: 0.8937  decode.d6.loss_dice: 0.7968  decode.d7.loss_cls: 0.0192  decode.d7.loss_mask: 0.8912  decode.d7.loss_dice: 0.8106  decode.d8.loss_cls: 0.0199  decode.d8.loss_mask: 0.8950  decode.d8.loss_dice: 0.8091
2026/07/20 23:51:07 - mmengine - INFO - Iter(train) [12900/80000]  base_lr: 4.4176e-05 lr: 4.4176e-05  eta: 22:41:38  time: 1.1592  data_time: 0.0152  memory: 9088  grad_norm: 76.1364  loss: 19.0844  decode.loss_cls: 0.0107  decode.loss_mask: 0.9791  decode.loss_dice: 0.9082  decode.d0.loss_cls: 0.0658  decode.d0.loss_mask: 1.0140  decode.d0.loss_dice: 0.8975  decode.d1.loss_cls: 0.0204  decode.d1.loss_mask: 0.9801  decode.d1.loss_dice: 0.9030  decode.d2.loss_cls: 0.0132  decode.d2.loss_mask: 0.9745  decode.d2.loss_dice: 0.9065  decode.d3.loss_cls: 0.0114  decode.d3.loss_mask: 0.9759  decode.d3.loss_dice: 0.9120  decode.d4.loss_cls: 0.0103  decode.d4.loss_mask: 0.9780  decode.d4.loss_dice: 0.9155  decode.d5.loss_cls: 0.0134  decode.d5.loss_mask: 0.9733  decode.d5.loss_dice: 0.9164  decode.d6.loss_cls: 0.0135  decode.d6.loss_mask: 0.9745  decode.d6.loss_dice: 0.9213  decode.d7.loss_cls: 0.0130  decode.d7.loss_mask: 0.9700  decode.d7.loss_dice: 0.9161  decode.d8.loss_cls: 0.0111  decode.d8.loss_mask: 0.9723  decode.d8.loss_dice: 0.9133
2026/07/20 23:53:05 - mmengine - INFO - Exp name: dinov3_m2f_31999_20260720_190649
2026/07/20 23:53:05 - mmengine - INFO - Iter(train) [13000/80000]  base_lr: 4.4116e-05 lr: 4.4116e-05  eta: 22:39:19  time: 1.1567  data_time: 0.0150  memory: 9088  grad_norm: 86.3364  loss: 20.2565  decode.loss_cls: 0.0496  decode.loss_mask: 1.1215  decode.loss_dice: 0.8633  decode.d0.loss_cls: 0.1803  decode.d0.loss_mask: 1.1242  decode.d0.loss_dice: 0.8844  decode.d1.loss_cls: 0.0629  decode.d1.loss_mask: 1.1134  decode.d1.loss_dice: 0.8459  decode.d2.loss_cls: 0.0658  decode.d2.loss_mask: 1.1146  decode.d2.loss_dice: 0.8561  decode.d3.loss_cls: 0.0558  decode.d3.loss_mask: 1.1061  decode.d3.loss_dice: 0.8198  decode.d4.loss_cls: 0.0433  decode.d4.loss_mask: 1.1211  decode.d4.loss_dice: 0.8087  decode.d5.loss_cls: 0.0406  decode.d5.loss_mask: 1.1165  decode.d5.loss_dice: 0.8355  decode.d6.loss_cls: 0.0449  decode.d6.loss_mask: 1.1211  decode.d6.loss_dice: 0.8410  decode.d7.loss_cls: 0.0478  decode.d7.loss_mask: 1.1166  decode.d7.loss_dice: 0.8394  decode.d8.loss_cls: 0.0499  decode.d8.loss_mask: 1.1282  decode.d8.loss_dice: 0.8383
2026/07/20 23:55:00 - mmengine - INFO - Iter(train) [13100/80000]  base_lr: 4.4057e-05 lr: 4.4057e-05  eta: 22:36:44  time: 1.1514  data_time: 0.0157  memory: 9079  grad_norm: 75.5188  loss: 17.6707  decode.loss_cls: 0.0040  decode.loss_mask: 0.9963  decode.loss_dice: 0.7666  decode.d0.loss_cls: 0.0894  decode.d0.loss_mask: 1.0142  decode.d0.loss_dice: 0.7713  decode.d1.loss_cls: 0.0205  decode.d1.loss_mask: 0.9918  decode.d1.loss_dice: 0.7504  decode.d2.loss_cls: 0.0093  decode.d2.loss_mask: 0.9845  decode.d2.loss_dice: 0.7506  decode.d3.loss_cls: 0.0044  decode.d3.loss_mask: 0.9869  decode.d3.loss_dice: 0.7588  decode.d4.loss_cls: 0.0036  decode.d4.loss_mask: 0.9913  decode.d4.loss_dice: 0.7594  decode.d5.loss_cls: 0.0048  decode.d5.loss_mask: 0.9923  decode.d5.loss_dice: 0.7635  decode.d6.loss_cls: 0.0038  decode.d6.loss_mask: 0.9926  decode.d6.loss_dice: 0.7609  decode.d7.loss_cls: 0.0042  decode.d7.loss_mask: 0.9921  decode.d7.loss_dice: 0.7453  decode.d8.loss_cls: 0.0051  decode.d8.loss_mask: 0.9942  decode.d8.loss_dice: 0.7587
2026/07/20 23:56:56 - mmengine - INFO - Iter(train) [13200/80000]  base_lr: 4.3998e-05 lr: 4.3998e-05  eta: 22:34:10  time: 1.1520  data_time: 0.0151  memory: 9088  grad_norm: 79.0041  loss: 20.3811  decode.loss_cls: 0.0313  decode.loss_mask: 1.0927  decode.loss_dice: 0.8989  decode.d0.loss_cls: 0.1105  decode.d0.loss_mask: 1.1519  decode.d0.loss_dice: 0.9251  decode.d1.loss_cls: 0.0560  decode.d1.loss_mask: 1.0954  decode.d1.loss_dice: 0.8994  decode.d2.loss_cls: 0.0471  decode.d2.loss_mask: 1.0762  decode.d2.loss_dice: 0.8912  decode.d3.loss_cls: 0.0324  decode.d3.loss_mask: 1.0745  decode.d3.loss_dice: 0.8985  decode.d4.loss_cls: 0.0360  decode.d4.loss_mask: 1.0781  decode.d4.loss_dice: 0.8918  decode.d5.loss_cls: 0.0421  decode.d5.loss_mask: 1.0755  decode.d5.loss_dice: 0.8994  decode.d6.loss_cls: 0.0425  decode.d6.loss_mask: 1.0777  decode.d6.loss_dice: 0.8994  decode.d7.loss_cls: 0.0420  decode.d7.loss_mask: 1.0723  decode.d7.loss_dice: 0.9107  decode.d8.loss_cls: 0.0367  decode.d8.loss_mask: 1.0790  decode.d8.loss_dice: 0.9168
2026/07/20 23:58:52 - mmengine - INFO - Iter(train) [13300/80000]  base_lr: 4.3939e-05 lr: 4.3939e-05  eta: 22:31:44  time: 1.2008  data_time: 0.0148  memory: 9088  grad_norm: 86.7879  loss: 21.5582  decode.loss_cls: 0.0673  decode.loss_mask: 1.0496  decode.loss_dice: 1.0082  decode.d0.loss_cls: 0.1035  decode.d0.loss_mask: 1.0983  decode.d0.loss_dice: 1.0873  decode.d1.loss_cls: 0.0834  decode.d1.loss_mask: 1.0742  decode.d1.loss_dice: 1.0190  decode.d2.loss_cls: 0.0766  decode.d2.loss_mask: 1.0560  decode.d2.loss_dice: 1.0052  decode.d3.loss_cls: 0.0678  decode.d3.loss_mask: 1.0486  decode.d3.loss_dice: 1.0180  decode.d4.loss_cls: 0.0743  decode.d4.loss_mask: 1.0491  decode.d4.loss_dice: 1.0255  decode.d5.loss_cls: 0.0704  decode.d5.loss_mask: 1.0427  decode.d5.loss_dice: 1.0326  decode.d6.loss_cls: 0.0717  decode.d6.loss_mask: 1.0434  decode.d6.loss_dice: 1.0207  decode.d7.loss_cls: 0.0693  decode.d7.loss_mask: 1.0507  decode.d7.loss_dice: 1.0169  decode.d8.loss_cls: 0.0732  decode.d8.loss_mask: 1.0511  decode.d8.loss_dice: 1.0036
2026/07/21 00:01:43 - mmengine - INFO - Iter(train) [13400/80000]  base_lr: 4.3879e-05 lr: 4.3879e-05  eta: 22:33:44  time: 1.9045  data_time: 0.0149  memory: 9079  grad_norm: 67.2244  loss: 14.9938  decode.loss_cls: 0.0376  decode.loss_mask: 0.7732  decode.loss_dice: 0.6627  decode.d0.loss_cls: 0.1247  decode.d0.loss_mask: 0.8211  decode.d0.loss_dice: 0.7159  decode.d1.loss_cls: 0.0604  decode.d1.loss_mask: 0.7965  decode.d1.loss_dice: 0.6787  decode.d2.loss_cls: 0.0497  decode.d2.loss_mask: 0.7713  decode.d2.loss_dice: 0.6782  decode.d3.loss_cls: 0.0443  decode.d3.loss_mask: 0.7678  decode.d3.loss_dice: 0.6661  decode.d4.loss_cls: 0.0394  decode.d4.loss_mask: 0.7631  decode.d4.loss_dice: 0.6655  decode.d5.loss_cls: 0.0390  decode.d5.loss_mask: 0.7651  decode.d5.loss_dice: 0.6647  decode.d6.loss_cls: 0.0381  decode.d6.loss_mask: 0.7659  decode.d6.loss_dice: 0.6628  decode.d7.loss_cls: 0.0372  decode.d7.loss_mask: 0.7637  decode.d7.loss_dice: 0.6690  decode.d8.loss_cls: 0.0424  decode.d8.loss_mask: 0.7674  decode.d8.loss_dice: 0.6623
2026/07/21 00:04:05 - mmengine - INFO - Iter(train) [13500/80000]  base_lr: 4.3820e-05 lr: 4.3820e-05  eta: 22:33:22  time: 1.1557  data_time: 0.0152  memory: 9088  grad_norm: 48.4896  loss: 10.9543  decode.loss_cls: 0.0097  decode.loss_mask: 0.5834  decode.loss_dice: 0.4878  decode.d0.loss_cls: 0.1130  decode.d0.loss_mask: 0.5983  decode.d0.loss_dice: 0.5159  decode.d1.loss_cls: 0.0266  decode.d1.loss_mask: 0.5726  decode.d1.loss_dice: 0.4941  decode.d2.loss_cls: 0.0136  decode.d2.loss_mask: 0.5712  decode.d2.loss_dice: 0.4996  decode.d3.loss_cls: 0.0091  decode.d3.loss_mask: 0.5760  decode.d3.loss_dice: 0.4947  decode.d4.loss_cls: 0.0104  decode.d4.loss_mask: 0.5756  decode.d4.loss_dice: 0.4863  decode.d5.loss_cls: 0.0109  decode.d5.loss_mask: 0.5772  decode.d5.loss_dice: 0.4908  decode.d6.loss_cls: 0.0114  decode.d6.loss_mask: 0.5839  decode.d6.loss_dice: 0.4873  decode.d7.loss_cls: 0.0109  decode.d7.loss_mask: 0.5830  decode.d7.loss_dice: 0.4866  decode.d8.loss_cls: 0.0109  decode.d8.loss_mask: 0.5808  decode.d8.loss_dice: 0.4830
2026/07/21 00:05:59 - mmengine - INFO - Iter(train) [13600/80000]  base_lr: 4.3761e-05 lr: 4.3761e-05  eta: 22:30:42  time: 0.9482  data_time: 0.0152  memory: 9088  grad_norm: 42.8702  loss: 12.9150  decode.loss_cls: 0.0105  decode.loss_mask: 0.6583  decode.loss_dice: 0.6074  decode.d0.loss_cls: 0.0912  decode.d0.loss_mask: 0.6911  decode.d0.loss_dice: 0.6360  decode.d1.loss_cls: 0.0309  decode.d1.loss_mask: 0.6623  decode.d1.loss_dice: 0.6216  decode.d2.loss_cls: 0.0288  decode.d2.loss_mask: 0.6540  decode.d2.loss_dice: 0.6037  decode.d3.loss_cls: 0.0195  decode.d3.loss_mask: 0.6534  decode.d3.loss_dice: 0.6057  decode.d4.loss_cls: 0.0141  decode.d4.loss_mask: 0.6482  decode.d4.loss_dice: 0.6021  decode.d5.loss_cls: 0.0112  decode.d5.loss_mask: 0.6551  decode.d5.loss_dice: 0.6004  decode.d6.loss_cls: 0.0113  decode.d6.loss_mask: 0.6557  decode.d6.loss_dice: 0.5988  decode.d7.loss_cls: 0.0123  decode.d7.loss_mask: 0.6589  decode.d7.loss_dice: 0.6021  decode.d8.loss_cls: 0.0125  decode.d8.loss_mask: 0.6554  decode.d8.loss_dice: 0.6026
2026/07/21 00:07:54 - mmengine - INFO - Iter(train) [13700/80000]  base_lr: 4.3701e-05 lr: 4.3701e-05  eta: 22:28:07  time: 1.1451  data_time: 0.0154  memory: 9088  grad_norm: 66.6834  loss: 11.3113  decode.loss_cls: 0.0872  decode.loss_mask: 0.5014  decode.loss_dice: 0.5018  decode.d0.loss_cls: 0.1524  decode.d0.loss_mask: 0.5238  decode.d0.loss_dice: 0.5979  decode.d1.loss_cls: 0.0990  decode.d1.loss_mask: 0.5140  decode.d1.loss_dice: 0.5661  decode.d2.loss_cls: 0.0821  decode.d2.loss_mask: 0.5041  decode.d2.loss_dice: 0.5171  decode.d3.loss_cls: 0.0796  decode.d3.loss_mask: 0.4980  decode.d3.loss_dice: 0.4942  decode.d4.loss_cls: 0.0810  decode.d4.loss_mask: 0.4979  decode.d4.loss_dice: 0.5320  decode.d5.loss_cls: 0.0826  decode.d5.loss_mask: 0.4905  decode.d5.loss_dice: 0.5203  decode.d6.loss_cls: 0.0792  decode.d6.loss_mask: 0.5005  decode.d6.loss_dice: 0.5276  decode.d7.loss_cls: 0.0775  decode.d7.loss_mask: 0.5203  decode.d7.loss_dice: 0.5394  decode.d8.loss_cls: 0.0892  decode.d8.loss_mask: 0.5245  decode.d8.loss_dice: 0.5301
2026/07/21 00:09:50 - mmengine - INFO - Iter(train) [13800/80000]  base_lr: 4.3642e-05 lr: 4.3642e-05  eta: 22:25:33  time: 1.1530  data_time: 0.0155  memory: 9088  grad_norm: 63.6916  loss: 14.5153  decode.loss_cls: 0.0208  decode.loss_mask: 0.7241  decode.loss_dice: 0.6841  decode.d0.loss_cls: 0.0952  decode.d0.loss_mask: 0.7646  decode.d0.loss_dice: 0.7137  decode.d1.loss_cls: 0.0452  decode.d1.loss_mask: 0.7178  decode.d1.loss_dice: 0.6845  decode.d2.loss_cls: 0.0340  decode.d2.loss_mask: 0.7145  decode.d2.loss_dice: 0.6810  decode.d3.loss_cls: 0.0301  decode.d3.loss_mask: 0.7127  decode.d3.loss_dice: 0.7076  decode.d4.loss_cls: 0.0202  decode.d4.loss_mask: 0.7255  decode.d4.loss_dice: 0.6830  decode.d5.loss_cls: 0.0187  decode.d5.loss_mask: 0.7166  decode.d5.loss_dice: 0.6953  decode.d6.loss_cls: 0.0260  decode.d6.loss_mask: 0.7245  decode.d6.loss_dice: 0.6906  decode.d7.loss_cls: 0.0208  decode.d7.loss_mask: 0.7248  decode.d7.loss_dice: 0.6936  decode.d8.loss_cls: 0.0195  decode.d8.loss_mask: 0.7278  decode.d8.loss_dice: 0.6984
2026/07/21 00:11:49 - mmengine - INFO - Iter(train) [13900/80000]  base_lr: 4.3583e-05 lr: 4.3583e-05  eta: 22:23:16  time: 1.1519  data_time: 0.0150  memory: 9088  grad_norm: 89.6182  loss: 18.0077  decode.loss_cls: 0.0582  decode.loss_mask: 0.9250  decode.loss_dice: 0.7731  decode.d0.loss_cls: 0.1778  decode.d0.loss_mask: 0.9787  decode.d0.loss_dice: 0.8341  decode.d1.loss_cls: 0.0825  decode.d1.loss_mask: 0.9550  decode.d1.loss_dice: 0.7982  decode.d2.loss_cls: 0.0661  decode.d2.loss_mask: 0.9340  decode.d2.loss_dice: 0.8088  decode.d3.loss_cls: 0.0543  decode.d3.loss_mask: 0.9270  decode.d3.loss_dice: 0.8059  decode.d4.loss_cls: 0.0604  decode.d4.loss_mask: 0.9312  decode.d4.loss_dice: 0.7660  decode.d5.loss_cls: 0.0565  decode.d5.loss_mask: 0.9239  decode.d5.loss_dice: 0.7859  decode.d6.loss_cls: 0.0592  decode.d6.loss_mask: 0.9306  decode.d6.loss_dice: 0.7836  decode.d7.loss_cls: 0.0519  decode.d7.loss_mask: 0.9298  decode.d7.loss_dice: 0.7856  decode.d8.loss_cls: 0.0647  decode.d8.loss_mask: 0.9288  decode.d8.loss_dice: 0.7709
2026/07/21 00:13:44 - mmengine - INFO - Exp name: dinov3_m2f_31999_20260720_190649
2026/07/21 00:13:44 - mmengine - INFO - Iter(train) [14000/80000]  base_lr: 4.3523e-05 lr: 4.3523e-05  eta: 22:20:42  time: 1.1501  data_time: 0.0157  memory: 9079  grad_norm: 79.9824  loss: 16.3737  decode.loss_cls: 0.0140  decode.loss_mask: 0.8441  decode.loss_dice: 0.7551  decode.d0.loss_cls: 0.0967  decode.d0.loss_mask: 0.8923  decode.d0.loss_dice: 0.7784  decode.d1.loss_cls: 0.0159  decode.d1.loss_mask: 0.8584  decode.d1.loss_dice: 0.7605  decode.d2.loss_cls: 0.0086  decode.d2.loss_mask: 0.8520  decode.d2.loss_dice: 0.7523  decode.d3.loss_cls: 0.0071  decode.d3.loss_mask: 0.8492  decode.d3.loss_dice: 0.7579  decode.d4.loss_cls: 0.0078  decode.d4.loss_mask: 0.8556  decode.d4.loss_dice: 0.7569  decode.d5.loss_cls: 0.0093  decode.d5.loss_mask: 0.8548  decode.d5.loss_dice: 0.7655  decode.d6.loss_cls: 0.0109  decode.d6.loss_mask: 0.8568  decode.d6.loss_dice: 0.7650  decode.d7.loss_cls: 0.0090  decode.d7.loss_mask: 0.8561  decode.d7.loss_dice: 0.7660  decode.d8.loss_cls: 0.0157  decode.d8.loss_mask: 0.8430  decode.d8.loss_dice: 0.7586
2026/07/21 00:13:44 - mmengine - INFO - Saving checkpoint at 14000 iterations
2026/07/21 00:15:59 - mmengine - INFO - Iter(val) [100/504]    eta: 0:02:26  time: 0.3394  data_time: 0.0078  memory: 3097  
2026/07/21 00:16:33 - mmengine - INFO - Iter(val) [200/504]    eta: 0:01:48  time: 0.3484  data_time: 0.0075  memory: 3097  
2026/07/21 00:17:19 - mmengine - INFO - Iter(val) [300/504]    eta: 0:01:19  time: 0.7987  data_time: 0.4559  memory: 3097  
2026/07/21 00:18:07 - mmengine - INFO - Iter(val) [400/504]    eta: 0:00:42  time: 0.3364  data_time: 0.0079  memory: 3097  
2026/07/21 00:18:49 - mmengine - INFO - Iter(val) [500/504]    eta: 0:00:01  time: 0.3294  data_time: 0.0159  memory: 3097  
2026/07/21 00:19:01 - mmengine - INFO - per class results:
2026/07/21 00:19:01 - mmengine - INFO - 
+--------------------+-------+-------+--------+-----------+--------+
|       Class        |  IoU  |  Acc  | Fscore | Precision | Recall |
+--------------------+-------+-------+--------+-----------+--------+
| impervious_surface | 87.91 | 92.44 | 93.56  |   94.72   | 92.44  |
|      building      | 96.04 | 97.34 | 97.98  |   98.62   | 97.34  |
|   low_vegetation   | 79.56 | 87.86 | 88.62  |   89.39   | 87.86  |
|        tree        | 81.74 | 92.69 | 89.96  |   87.38   | 92.69  |
|        car         | 94.66 | 96.56 | 97.26  |   97.97   | 96.56  |
+--------------------+-------+-------+--------+-----------+--------+
2026/07/21 00:19:01 - mmengine - INFO - Iter(val) [504/504]    aAcc: 92.5700  mIoU: 87.9800  mAcc: 93.3800  mFscore: 93.4700  mPrecision: 93.6200  mRecall: 93.3800  data_time: 0.0763  time: 0.4173
2026/07/21 00:19:02 - mmengine - INFO - The previous best checkpoint /mnt/qh2-nas3/00-model/00-fb/fusion_potsdam/work_dirs/dinov3_m2f_31999/best_mIoU_iter_10000.pth is removed
2026/07/21 00:20:21 - mmengine - INFO - The best checkpoint with 87.9800 mIoU at 14000 iter is saved to best_mIoU_iter_14000.pth.
2026/07/21 00:23:14 - mmengine - INFO - Iter(train) [14100/80000]  base_lr: 4.3464e-05 lr: 4.3464e-05  eta: 22:29:34  time: 1.1603  data_time: 0.0157  memory: 9088  grad_norm: 67.8116  loss: 17.9626  decode.loss_cls: 0.0328  decode.loss_mask: 0.9984  decode.loss_dice: 0.7269  decode.d0.loss_cls: 0.0830  decode.d0.loss_mask: 1.0564  decode.d0.loss_dice: 0.7961  decode.d1.loss_cls: 0.0474  decode.d1.loss_mask: 1.0042  decode.d1.loss_dice: 0.7442  decode.d2.loss_cls: 0.0367  decode.d2.loss_mask: 1.0040  decode.d2.loss_dice: 0.7337  decode.d3.loss_cls: 0.0400  decode.d3.loss_mask: 1.0067  decode.d3.loss_dice: 0.7437  decode.d4.loss_cls: 0.0406  decode.d4.loss_mask: 0.9982  decode.d4.loss_dice: 0.7373  decode.d5.loss_cls: 0.0372  decode.d5.loss_mask: 1.0013  decode.d5.loss_dice: 0.7432  decode.d6.loss_cls: 0.0403  decode.d6.loss_mask: 1.0042  decode.d6.loss_dice: 0.7383  decode.d7.loss_cls: 0.0401  decode.d7.loss_mask: 1.0039  decode.d7.loss_dice: 0.7429  decode.d8.loss_cls: 0.0389  decode.d8.loss_mask: 1.0093  decode.d8.loss_dice: 0.7326
2026/07/21 00:25:08 - mmengine - INFO - Iter(train) [14200/80000]  base_lr: 4.3405e-05 lr: 4.3405e-05  eta: 22:26:50  time: 1.1630  data_time: 0.0159  memory: 9088  grad_norm: 64.3312  loss: 17.6145  decode.loss_cls: 0.0080  decode.loss_mask: 0.9208  decode.loss_dice: 0.8134  decode.d0.loss_cls: 0.0941  decode.d0.loss_mask: 0.9535  decode.d0.loss_dice: 0.8335  decode.d1.loss_cls: 0.0275  decode.d1.loss_mask: 0.9363  decode.d1.loss_dice: 0.8363  decode.d2.loss_cls: 0.0126  decode.d2.loss_mask: 0.9232  decode.d2.loss_dice: 0.8187  decode.d3.loss_cls: 0.0090  decode.d3.loss_mask: 0.9222  decode.d3.loss_dice: 0.8128  decode.d4.loss_cls: 0.0090  decode.d4.loss_mask: 0.9270  decode.d4.loss_dice: 0.8184  decode.d5.loss_cls: 0.0113  decode.d5.loss_mask: 0.9184  decode.d5.loss_dice: 0.8143  decode.d6.loss_cls: 0.0102  decode.d6.loss_mask: 0.9162  decode.d6.loss_dice: 0.8062  decode.d7.loss_cls: 0.0089  decode.d7.loss_mask: 0.9160  decode.d7.loss_dice: 0.8044  decode.d8.loss_cls: 0.0092  decode.d8.loss_mask: 0.9162  decode.d8.loss_dice: 0.8069
2026/07/21 00:27:04 - mmengine - INFO - Iter(train) [14300/80000]  base_lr: 4.3345e-05 lr: 4.3345e-05  eta: 22:24:13  time: 1.1502  data_time: 0.0155  memory: 9079  grad_norm: 67.8442  loss: 14.6213  decode.loss_cls: 0.0287  decode.loss_mask: 0.7407  decode.loss_dice: 0.6867  decode.d0.loss_cls: 0.1149  decode.d0.loss_mask: 0.7490  decode.d0.loss_dice: 0.7389  decode.d1.loss_cls: 0.0448  decode.d1.loss_mask: 0.7416  decode.d1.loss_dice: 0.6796  decode.d2.loss_cls: 0.0346  decode.d2.loss_mask: 0.7430  decode.d2.loss_dice: 0.6776  decode.d3.loss_cls: 0.0269  decode.d3.loss_mask: 0.7419  decode.d3.loss_dice: 0.6826  decode.d4.loss_cls: 0.0313  decode.d4.loss_mask: 0.7424  decode.d4.loss_dice: 0.6705  decode.d5.loss_cls: 0.0259  decode.d5.loss_mask: 0.7335  decode.d5.loss_dice: 0.6730  decode.d6.loss_cls: 0.0213  decode.d6.loss_mask: 0.7378  decode.d6.loss_dice: 0.6667  decode.d7.loss_cls: 0.0228  decode.d7.loss_mask: 0.7390  decode.d7.loss_dice: 0.6772  decode.d8.loss_cls: 0.0279  decode.d8.loss_mask: 0.7390  decode.d8.loss_dice: 0.6813
2026/07/21 00:28:59 - mmengine - INFO - Iter(train) [14400/80000]  base_lr: 4.3286e-05 lr: 4.3286e-05  eta: 22:21:36  time: 1.1507  data_time: 0.0156  memory: 9088  grad_norm: 78.3487  loss: 17.4936  decode.loss_cls: 0.0642  decode.loss_mask: 0.8821  decode.loss_dice: 0.7395  decode.d0.loss_cls: 0.1662  decode.d0.loss_mask: 0.9815  decode.d0.loss_dice: 0.9026  decode.d1.loss_cls: 0.0798  decode.d1.loss_mask: 0.9274  decode.d1.loss_dice: 0.7932  decode.d2.loss_cls: 0.0717  decode.d2.loss_mask: 0.8989  decode.d2.loss_dice: 0.7548  decode.d3.loss_cls: 0.0712  decode.d3.loss_mask: 0.8985  decode.d3.loss_dice: 0.7553  decode.d4.loss_cls: 0.0667  decode.d4.loss_mask: 0.8916  decode.d4.loss_dice: 0.7513  decode.d5.loss_cls: 0.0684  decode.d5.loss_mask: 0.8823  decode.d5.loss_dice: 0.7410  decode.d6.loss_cls: 0.0648  decode.d6.loss_mask: 0.8785  decode.d6.loss_dice: 0.7491  decode.d7.loss_cls: 0.0639  decode.d7.loss_mask: 0.8783  decode.d7.loss_dice: 0.7501  decode.d8.loss_cls: 0.0723  decode.d8.loss_mask: 0.8921  decode.d8.loss_dice: 0.7567
2026/07/21 00:30:54 - mmengine - INFO - Iter(train) [14500/80000]  base_lr: 4.3227e-05 lr: 4.3227e-05  eta: 22:18:59  time: 1.1947  data_time: 0.0153  memory: 9088  grad_norm: 70.5659  loss: 16.4603  decode.loss_cls: 0.0683  decode.loss_mask: 0.8424  decode.loss_dice: 0.7169  decode.d0.loss_cls: 0.1370  decode.d0.loss_mask: 0.8676  decode.d0.loss_dice: 0.7570  decode.d1.loss_cls: 0.0786  decode.d1.loss_mask: 0.8514  decode.d1.loss_dice: 0.7321  decode.d2.loss_cls: 0.0770  decode.d2.loss_mask: 0.8370  decode.d2.loss_dice: 0.7226  decode.d3.loss_cls: 0.0680  decode.d3.loss_mask: 0.8445  decode.d3.loss_dice: 0.7125  decode.d4.loss_cls: 0.0655  decode.d4.loss_mask: 0.8499  decode.d4.loss_dice: 0.7166  decode.d5.loss_cls: 0.0662  decode.d5.loss_mask: 0.8504  decode.d5.loss_dice: 0.7240  decode.d6.loss_cls: 0.0643  decode.d6.loss_mask: 0.8400  decode.d6.loss_dice: 0.7213  decode.d7.loss_cls: 0.0659  decode.d7.loss_mask: 0.8418  decode.d7.loss_dice: 0.7120  decode.d8.loss_cls: 0.0709  decode.d8.loss_mask: 0.8394  decode.d8.loss_dice: 0.7192
2026/07/21 00:32:50 - mmengine - INFO - Iter(train) [14600/80000]  base_lr: 4.3167e-05 lr: 4.3167e-05  eta: 22:16:28  time: 1.1560  data_time: 0.0155  memory: 9088  grad_norm: 69.6313  loss: 17.6202  decode.loss_cls: 0.0556  decode.loss_mask: 0.8607  decode.loss_dice: 0.8115  decode.d0.loss_cls: 0.1178  decode.d0.loss_mask: 0.9487  decode.d0.loss_dice: 0.9061  decode.d1.loss_cls: 0.0647  decode.d1.loss_mask: 0.8833  decode.d1.loss_dice: 0.8266  decode.d2.loss_cls: 0.0569  decode.d2.loss_mask: 0.8746  decode.d2.loss_dice: 0.8443  decode.d3.loss_cls: 0.0561  decode.d3.loss_mask: 0.8604  decode.d3.loss_dice: 0.8211  decode.d4.loss_cls: 0.0592  decode.d4.loss_mask: 0.8537  decode.d4.loss_dice: 0.8053  decode.d5.loss_cls: 0.0545  decode.d5.loss_mask: 0.8584  decode.d5.loss_dice: 0.7982  decode.d6.loss_cls: 0.0502  decode.d6.loss_mask: 0.8763  decode.d6.loss_dice: 0.8310  decode.d7.loss_cls: 0.0571  decode.d7.loss_mask: 0.8553  decode.d7.loss_dice: 0.8099  decode.d8.loss_cls: 0.0584  decode.d8.loss_mask: 0.8543  decode.d8.loss_dice: 0.8099
2026/07/21 00:34:49 - mmengine - INFO - Iter(train) [14700/80000]  base_lr: 4.3108e-05 lr: 4.3108e-05  eta: 22:14:05  time: 1.1503  data_time: 0.0144  memory: 9088  grad_norm: 86.7484  loss: 15.8900  decode.loss_cls: 0.0460  decode.loss_mask: 0.8784  decode.loss_dice: 0.6287  decode.d0.loss_cls: 0.1290  decode.d0.loss_mask: 0.9827  decode.d0.loss_dice: 0.7353  decode.d1.loss_cls: 0.0460  decode.d1.loss_mask: 0.8968  decode.d1.loss_dice: 0.6773  decode.d2.loss_cls: 0.0417  decode.d2.loss_mask: 0.8685  decode.d2.loss_dice: 0.6566  decode.d3.loss_cls: 0.0520  decode.d3.loss_mask: 0.8666  decode.d3.loss_dice: 0.6459  decode.d4.loss_cls: 0.0466  decode.d4.loss_mask: 0.8696  decode.d4.loss_dice: 0.6446  decode.d5.loss_cls: 0.0460  decode.d5.loss_mask: 0.8575  decode.d5.loss_dice: 0.6427  decode.d6.loss_cls: 0.0465  decode.d6.loss_mask: 0.8604  decode.d6.loss_dice: 0.6411  decode.d7.loss_cls: 0.0448  decode.d7.loss_mask: 0.8645  decode.d7.loss_dice: 0.6408  decode.d8.loss_cls: 0.0444  decode.d8.loss_mask: 0.8604  decode.d8.loss_dice: 0.6287
2026/07/21 00:36:44 - mmengine - INFO - Iter(train) [14800/80000]  base_lr: 4.3048e-05 lr: 4.3048e-05  eta: 22:11:30  time: 1.1695  data_time: 0.0156  memory: 9079  grad_norm: 105.9233  loss: 20.9710  decode.loss_cls: 0.0165  decode.loss_mask: 1.1530  decode.loss_dice: 0.9090  decode.d0.loss_cls: 0.1532  decode.d0.loss_mask: 1.1700  decode.d0.loss_dice: 0.9349  decode.d1.loss_cls: 0.0537  decode.d1.loss_mask: 1.1712  decode.d1.loss_dice: 0.9106  decode.d2.loss_cls: 0.0361  decode.d2.loss_mask: 1.1609  decode.d2.loss_dice: 0.8900  decode.d3.loss_cls: 0.0222  decode.d3.loss_mask: 1.1512  decode.d3.loss_dice: 0.9099  decode.d4.loss_cls: 0.0225  decode.d4.loss_mask: 1.1523  decode.d4.loss_dice: 0.8885  decode.d5.loss_cls: 0.0176  decode.d5.loss_mask: 1.1472  decode.d5.loss_dice: 0.8994  decode.d6.loss_cls: 0.0177  decode.d6.loss_mask: 1.1514  decode.d6.loss_dice: 0.8966  decode.d7.loss_cls: 0.0162  decode.d7.loss_mask: 1.1426  decode.d7.loss_dice: 0.9045  decode.d8.loss_cls: 0.0204  decode.d8.loss_mask: 1.1449  decode.d8.loss_dice: 0.9067
2026/07/21 00:38:41 - mmengine - INFO - Iter(train) [14900/80000]  base_lr: 4.2989e-05 lr: 4.2989e-05  eta: 22:09:02  time: 1.1590  data_time: 0.0152  memory: 9088  grad_norm: 55.9865  loss: 14.9837  decode.loss_cls: 0.0508  decode.loss_mask: 0.7725  decode.loss_dice: 0.6659  decode.d0.loss_cls: 0.1090  decode.d0.loss_mask: 0.8153  decode.d0.loss_dice: 0.7255  decode.d1.loss_cls: 0.0464  decode.d1.loss_mask: 0.7797  decode.d1.loss_dice: 0.6686  decode.d2.loss_cls: 0.0467  decode.d2.loss_mask: 0.7733  decode.d2.loss_dice: 0.6656  decode.d3.loss_cls: 0.0468  decode.d3.loss_mask: 0.7729  decode.d3.loss_dice: 0.6662  decode.d4.loss_cls: 0.0450  decode.d4.loss_mask: 0.7713  decode.d4.loss_dice: 0.6664  decode.d5.loss_cls: 0.0430  decode.d5.loss_mask: 0.7712  decode.d5.loss_dice: 0.6528  decode.d6.loss_cls: 0.0406  decode.d6.loss_mask: 0.7710  decode.d6.loss_dice: 0.6523  decode.d7.loss_cls: 0.0453  decode.d7.loss_mask: 0.7758  decode.d7.loss_dice: 0.6637  decode.d8.loss_cls: 0.0430  decode.d8.loss_mask: 0.7729  decode.d8.loss_dice: 0.6642
2026/07/21 00:40:36 - mmengine - INFO - Exp name: dinov3_m2f_31999_20260720_190649
2026/07/21 00:40:36 - mmengine - INFO - Iter(train) [15000/80000]  base_lr: 4.2929e-05 lr: 4.2929e-05  eta: 22:06:29  time: 1.1487  data_time: 0.0153  memory: 9088  grad_norm: 48.8539  loss: 9.3326  decode.loss_cls: 0.0147  decode.loss_mask: 0.4708  decode.loss_dice: 0.4297  decode.d0.loss_cls: 0.0897  decode.d0.loss_mask: 0.4762  decode.d0.loss_dice: 0.4661  decode.d1.loss_cls: 0.0437  decode.d1.loss_mask: 0.4770  decode.d1.loss_dice: 0.4405  decode.d2.loss_cls: 0.0171  decode.d2.loss_mask: 0.4737  decode.d2.loss_dice: 0.4419  decode.d3.loss_cls: 0.0110  decode.d3.loss_mask: 0.4719  decode.d3.loss_dice: 0.4334  decode.d4.loss_cls: 0.0072  decode.d4.loss_mask: 0.4718  decode.d4.loss_dice: 0.4330  decode.d5.loss_cls: 0.0140  decode.d5.loss_mask: 0.4704  decode.d5.loss_dice: 0.4340  decode.d6.loss_cls: 0.0076  decode.d6.loss_mask: 0.4707  decode.d6.loss_dice: 0.4376  decode.d7.loss_cls: 0.0097  decode.d7.loss_mask: 0.4737  decode.d7.loss_dice: 0.4336  decode.d8.loss_cls: 0.0093  decode.d8.loss_mask: 0.4702  decode.d8.loss_dice: 0.4322
2026/07/21 00:42:30 - mmengine - INFO - Iter(train) [15100/80000]  base_lr: 4.2870e-05 lr: 4.2870e-05  eta: 22:03:50  time: 1.1571  data_time: 0.0154  memory: 9088  grad_norm: 63.4941  loss: 13.3943  decode.loss_cls: 0.0239  decode.loss_mask: 0.7383  decode.loss_dice: 0.5431  decode.d0.loss_cls: 0.1891  decode.d0.loss_mask: 0.8246  decode.d0.loss_dice: 0.6017  decode.d1.loss_cls: 0.0395  decode.d1.loss_mask: 0.7443  decode.d1.loss_dice: 0.5536  decode.d2.loss_cls: 0.0270  decode.d2.loss_mask: 0.7424  decode.d2.loss_dice: 0.5479  decode.d3.loss_cls: 0.0222  decode.d3.loss_mask: 0.7410  decode.d3.loss_dice: 0.5466  decode.d4.loss_cls: 0.0201  decode.d4.loss_mask: 0.7393  decode.d4.loss_dice: 0.5426  decode.d5.loss_cls: 0.0206  decode.d5.loss_mask: 0.7418  decode.d5.loss_dice: 0.5380  decode.d6.loss_cls: 0.0185  decode.d6.loss_mask: 0.7416  decode.d6.loss_dice: 0.5368  decode.d7.loss_cls: 0.0227  decode.d7.loss_mask: 0.7387  decode.d7.loss_dice: 0.5433  decode.d8.loss_cls: 0.0213  decode.d8.loss_mask: 0.7418  decode.d8.loss_dice: 0.5418
2026/07/21 00:44:59 - mmengine - INFO - Iter(train) [15200/80000]  base_lr: 4.2811e-05 lr: 4.2811e-05  eta: 22:03:42  time: 1.8932  data_time: 0.0153  memory: 9079  grad_norm: 63.5611  loss: 13.2128  decode.loss_cls: 0.0142  decode.loss_mask: 0.6662  decode.loss_dice: 0.6170  decode.d0.loss_cls: 0.0991  decode.d0.loss_mask: 0.6983  decode.d0.loss_dice: 0.6667  decode.d1.loss_cls: 0.0557  decode.d1.loss_mask: 0.6676  decode.d1.loss_dice: 0.6060  decode.d2.loss_cls: 0.0388  decode.d2.loss_mask: 0.6632  decode.d2.loss_dice: 0.6008  decode.d3.loss_cls: 0.0259  decode.d3.loss_mask: 0.6602  decode.d3.loss_dice: 0.6166  decode.d4.loss_cls: 0.0241  decode.d4.loss_mask: 0.6735  decode.d4.loss_dice: 0.6173  decode.d5.loss_cls: 0.0131  decode.d5.loss_mask: 0.6685  decode.d5.loss_dice: 0.6193  decode.d6.loss_cls: 0.0136  decode.d6.loss_mask: 0.6700  decode.d6.loss_dice: 0.6259  decode.d7.loss_cls: 0.0093  decode.d7.loss_mask: 0.6668  decode.d7.loss_dice: 0.6169  decode.d8.loss_cls: 0.0148  decode.d8.loss_mask: 0.6638  decode.d8.loss_dice: 0.6195
2026/07/21 00:47:36 - mmengine - INFO - Iter(train) [15300/80000]  base_lr: 4.2751e-05 lr: 4.2751e-05  eta: 22:04:06  time: 1.1604  data_time: 0.0148  memory: 9088  grad_norm: 62.7592  loss: 16.1215  decode.loss_cls: 0.0087  decode.loss_mask: 0.9142  decode.loss_dice: 0.6817  decode.d0.loss_cls: 0.1075  decode.d0.loss_mask: 0.9508  decode.d0.loss_dice: 0.6928  decode.d1.loss_cls: 0.0214  decode.d1.loss_mask: 0.9090  decode.d1.loss_dice: 0.6660  decode.d2.loss_cls: 0.0144  decode.d2.loss_mask: 0.9131  decode.d2.loss_dice: 0.6710  decode.d3.loss_cls: 0.0076  decode.d3.loss_mask: 0.9142  decode.d3.loss_dice: 0.6645  decode.d4.loss_cls: 0.0115  decode.d4.loss_mask: 0.9067  decode.d4.loss_dice: 0.6727  decode.d5.loss_cls: 0.0106  decode.d5.loss_mask: 0.9127  decode.d5.loss_dice: 0.6776  decode.d6.loss_cls: 0.0081  decode.d6.loss_mask: 0.9091  decode.d6.loss_dice: 0.6763  decode.d7.loss_cls: 0.0081  decode.d7.loss_mask: 0.9135  decode.d7.loss_dice: 0.6771  decode.d8.loss_cls: 0.0114  decode.d8.loss_mask: 0.9158  decode.d8.loss_dice: 0.6733
2026/07/21 00:49:32 - mmengine - INFO - Iter(train) [15400/80000]  base_lr: 4.2692e-05 lr: 4.2692e-05  eta: 22:01:34  time: 1.1527  data_time: 0.0152  memory: 9088  grad_norm: 47.3370  loss: 9.6504  decode.loss_cls: 0.0099  decode.loss_mask: 0.4963  decode.loss_dice: 0.4417  decode.d0.loss_cls: 0.1160  decode.d0.loss_mask: 0.5276  decode.d0.loss_dice: 0.4544  decode.d1.loss_cls: 0.0395  decode.d1.loss_mask: 0.5003  decode.d1.loss_dice: 0.4444  decode.d2.loss_cls: 0.0226  decode.d2.loss_mask: 0.4968  decode.d2.loss_dice: 0.4405  decode.d3.loss_cls: 0.0231  decode.d3.loss_mask: 0.4948  decode.d3.loss_dice: 0.4388  decode.d4.loss_cls: 0.0121  decode.d4.loss_mask: 0.4953  decode.d4.loss_dice: 0.4359  decode.d5.loss_cls: 0.0104  decode.d5.loss_mask: 0.4969  decode.d5.loss_dice: 0.4270  decode.d6.loss_cls: 0.0105  decode.d6.loss_mask: 0.4967  decode.d6.loss_dice: 0.4364  decode.d7.loss_cls: 0.0088  decode.d7.loss_mask: 0.4971  decode.d7.loss_dice: 0.4408  decode.d8.loss_cls: 0.0131  decode.d8.loss_mask: 0.4949  decode.d8.loss_dice: 0.4278
2026/07/21 00:51:28 - mmengine - INFO - Iter(train) [15500/80000]  base_lr: 4.2632e-05 lr: 4.2632e-05  eta: 21:59:02  time: 1.1594  data_time: 0.0160  memory: 9088  grad_norm: 71.7145  loss: 16.8035  decode.loss_cls: 0.0561  decode.loss_mask: 0.8596  decode.loss_dice: 0.7492  decode.d0.loss_cls: 0.1100  decode.d0.loss_mask: 0.9158  decode.d0.loss_dice: 0.7637  decode.d1.loss_cls: 0.0775  decode.d1.loss_mask: 0.8689  decode.d1.loss_dice: 0.7571  decode.d2.loss_cls: 0.0601  decode.d2.loss_mask: 0.8595  decode.d2.loss_dice: 0.7437  decode.d3.loss_cls: 0.0531  decode.d3.loss_mask: 0.8590  decode.d3.loss_dice: 0.7395  decode.d4.loss_cls: 0.0530  decode.d4.loss_mask: 0.8607  decode.d4.loss_dice: 0.7526  decode.d5.loss_cls: 0.0596  decode.d5.loss_mask: 0.8553  decode.d5.loss_dice: 0.7368  decode.d6.loss_cls: 0.0536  decode.d6.loss_mask: 0.8463  decode.d6.loss_dice: 0.7602  decode.d7.loss_cls: 0.0554  decode.d7.loss_mask: 0.8672  decode.d7.loss_dice: 0.7633  decode.d8.loss_cls: 0.0528  decode.d8.loss_mask: 0.8620  decode.d8.loss_dice: 0.7522
2026/07/21 00:53:27 - mmengine - INFO - Iter(train) [15600/80000]  base_lr: 4.2573e-05 lr: 4.2573e-05  eta: 21:56:45  time: 1.1569  data_time: 0.0162  memory: 9088  grad_norm: 92.0889  loss: 18.7457  decode.loss_cls: 0.0108  decode.loss_mask: 1.0228  decode.loss_dice: 0.8341  decode.d0.loss_cls: 0.1151  decode.d0.loss_mask: 1.0560  decode.d0.loss_dice: 0.8241  decode.d1.loss_cls: 0.0234  decode.d1.loss_mask: 1.0373  decode.d1.loss_dice: 0.8199  decode.d2.loss_cls: 0.0130  decode.d2.loss_mask: 1.0265  decode.d2.loss_dice: 0.8081  decode.d3.loss_cls: 0.0089  decode.d3.loss_mask: 1.0213  decode.d3.loss_dice: 0.8268  decode.d4.loss_cls: 0.0164  decode.d4.loss_mask: 1.0249  decode.d4.loss_dice: 0.8204  decode.d5.loss_cls: 0.0093  decode.d5.loss_mask: 1.0265  decode.d5.loss_dice: 0.8246  decode.d6.loss_cls: 0.0089  decode.d6.loss_mask: 1.0231  decode.d6.loss_dice: 0.8188  decode.d7.loss_cls: 0.0141  decode.d7.loss_mask: 1.0225  decode.d7.loss_dice: 0.8301  decode.d8.loss_cls: 0.0090  decode.d8.loss_mask: 1.0229  decode.d8.loss_dice: 0.8261
2026/07/21 00:55:24 - mmengine - INFO - Iter(train) [15700/80000]  base_lr: 4.2513e-05 lr: 4.2513e-05  eta: 21:54:17  time: 1.1615  data_time: 0.0156  memory: 9079  grad_norm: 73.3526  loss: 16.3358  decode.loss_cls: 0.0302  decode.loss_mask: 0.8895  decode.loss_dice: 0.6973  decode.d0.loss_cls: 0.1130  decode.d0.loss_mask: 0.9276  decode.d0.loss_dice: 0.7354  decode.d1.loss_cls: 0.0343  decode.d1.loss_mask: 0.8947  decode.d1.loss_dice: 0.7082  decode.d2.loss_cls: 0.0254  decode.d2.loss_mask: 0.8858  decode.d2.loss_dice: 0.7050  decode.d3.loss_cls: 0.0279  decode.d3.loss_mask: 0.8833  decode.d3.loss_dice: 0.6996  decode.d4.loss_cls: 0.0324  decode.d4.loss_mask: 0.8800  decode.d4.loss_dice: 0.6943  decode.d5.loss_cls: 0.0281  decode.d5.loss_mask: 0.8830  decode.d5.loss_dice: 0.7081  decode.d6.loss_cls: 0.0293  decode.d6.loss_mask: 0.8815  decode.d6.loss_dice: 0.7036  decode.d7.loss_cls: 0.0294  decode.d7.loss_mask: 0.8832  decode.d7.loss_dice: 0.7024  decode.d8.loss_cls: 0.0299  decode.d8.loss_mask: 0.8857  decode.d8.loss_dice: 0.7075
2026/07/21 00:57:20 - mmengine - INFO - Iter(train) [15800/80000]  base_lr: 4.2454e-05 lr: 4.2454e-05  eta: 21:51:50  time: 1.1878  data_time: 0.0153  memory: 9088  grad_norm: 77.8734  loss: 18.3158  decode.loss_cls: 0.0241  decode.loss_mask: 0.9701  decode.loss_dice: 0.8299  decode.d0.loss_cls: 0.0961  decode.d0.loss_mask: 1.0242  decode.d0.loss_dice: 0.8035  decode.d1.loss_cls: 0.0292  decode.d1.loss_mask: 0.9859  decode.d1.loss_dice: 0.8210  decode.d2.loss_cls: 0.0330  decode.d2.loss_mask: 0.9774  decode.d2.loss_dice: 0.8141  decode.d3.loss_cls: 0.0260  decode.d3.loss_mask: 0.9734  decode.d3.loss_dice: 0.8213  decode.d4.loss_cls: 0.0320  decode.d4.loss_mask: 0.9683  decode.d4.loss_dice: 0.8156  decode.d5.loss_cls: 0.0247  decode.d5.loss_mask: 0.9788  decode.d5.loss_dice: 0.8222  decode.d6.loss_cls: 0.0282  decode.d6.loss_mask: 0.9661  decode.d6.loss_dice: 0.8293  decode.d7.loss_cls: 0.0261  decode.d7.loss_mask: 0.9598  decode.d7.loss_dice: 0.8206  decode.d8.loss_cls: 0.0211  decode.d8.loss_mask: 0.9707  decode.d8.loss_dice: 0.8232
2026/07/21 00:59:16 - mmengine - INFO - Iter(train) [15900/80000]  base_lr: 4.2394e-05 lr: 4.2394e-05  eta: 21:49:19  time: 1.1549  data_time: 0.0157  memory: 9088  grad_norm: 63.8275  loss: 15.5011  decode.loss_cls: 0.0456  decode.loss_mask: 0.7799  decode.loss_dice: 0.7191  decode.d0.loss_cls: 0.1193  decode.d0.loss_mask: 0.8101  decode.d0.loss_dice: 0.7544  decode.d1.loss_cls: 0.0549  decode.d1.loss_mask: 0.7849  decode.d1.loss_dice: 0.7093  decode.d2.loss_cls: 0.0370  decode.d2.loss_mask: 0.7836  decode.d2.loss_dice: 0.7025  decode.d3.loss_cls: 0.0472  decode.d3.loss_mask: 0.7795  decode.d3.loss_dice: 0.7220  decode.d4.loss_cls: 0.0352  decode.d4.loss_mask: 0.7786  decode.d4.loss_dice: 0.7165  decode.d5.loss_cls: 0.0470  decode.d5.loss_mask: 0.7711  decode.d5.loss_dice: 0.6990  decode.d6.loss_cls: 0.0478  decode.d6.loss_mask: 0.7738  decode.d6.loss_dice: 0.7095  decode.d7.loss_cls: 0.0350  decode.d7.loss_mask: 0.7821  decode.d7.loss_dice: 0.7171  decode.d8.loss_cls: 0.0477  decode.d8.loss_mask: 0.7726  decode.d8.loss_dice: 0.7186
2026/07/21 01:01:12 - mmengine - INFO - Exp name: dinov3_m2f_31999_20260720_190649
2026/07/21 01:01:12 - mmengine - INFO - Iter(train) [16000/80000]  base_lr: 4.2335e-05 lr: 4.2335e-05  eta: 21:46:49  time: 1.1650  data_time: 0.0158  memory: 9079  grad_norm: 60.4917  loss: 12.4972  decode.loss_cls: 0.0248  decode.loss_mask: 0.6321  decode.loss_dice: 0.5703  decode.d0.loss_cls: 0.1450  decode.d0.loss_mask: 0.6835  decode.d0.loss_dice: 0.6543  decode.d1.loss_cls: 0.0453  decode.d1.loss_mask: 0.6154  decode.d1.loss_dice: 0.5811  decode.d2.loss_cls: 0.0385  decode.d2.loss_mask: 0.6180  decode.d2.loss_dice: 0.5578  decode.d3.loss_cls: 0.0312  decode.d3.loss_mask: 0.6225  decode.d3.loss_dice: 0.5735  decode.d4.loss_cls: 0.0327  decode.d4.loss_mask: 0.6186  decode.d4.loss_dice: 0.5701  decode.d5.loss_cls: 0.0318  decode.d5.loss_mask: 0.6202  decode.d5.loss_dice: 0.5695  decode.d6.loss_cls: 0.0299  decode.d6.loss_mask: 0.6218  decode.d6.loss_dice: 0.5723  decode.d7.loss_cls: 0.0294  decode.d7.loss_mask: 0.6226  decode.d7.loss_dice: 0.5628  decode.d8.loss_cls: 0.0305  decode.d8.loss_mask: 0.6250  decode.d8.loss_dice: 0.5667
2026/07/21 01:01:12 - mmengine - INFO - Saving checkpoint at 16000 iterations
2026/07/21 01:03:03 - mmengine - INFO - Iter(val) [100/504]    eta: 0:02:26  time: 0.3480  data_time: 0.0078  memory: 3097  
2026/07/21 01:03:38 - mmengine - INFO - Iter(val) [200/504]    eta: 0:01:48  time: 0.3508  data_time: 0.0077  memory: 3097  
2026/07/21 01:04:13 - mmengine - INFO - Iter(val) [300/504]    eta: 0:01:12  time: 0.3517  data_time: 0.0078  memory: 3097  
2026/07/21 01:04:48 - mmengine - INFO - Iter(val) [400/504]    eta: 0:00:36  time: 0.3597  data_time: 0.0074  memory: 3097  
2026/07/21 01:05:23 - mmengine - INFO - Iter(val) [500/504]    eta: 0:00:01  time: 0.3543  data_time: 0.0076  memory: 3097  
2026/07/21 01:05:27 - mmengine - INFO - per class results:
2026/07/21 01:05:27 - mmengine - INFO - 
+--------------------+-------+-------+--------+-----------+--------+
|       Class        |  IoU  |  Acc  | Fscore | Precision | Recall |
+--------------------+-------+-------+--------+-----------+--------+
| impervious_surface | 87.23 | 91.58 | 93.18  |   94.84   | 91.58  |
|      building      | 94.29 | 99.01 | 97.06  |   95.18   | 99.01  |
|   low_vegetation   | 78.49 | 91.26 | 87.95  |   84.87   | 91.26  |
|        tree        | 79.68 | 84.98 | 88.69  |   92.74   | 84.98  |
|        car         | 91.58 | 92.57 | 95.61  |   98.85   | 92.57  |
+--------------------+-------+-------+--------+-----------+--------+
2026/07/21 01:05:27 - mmengine - INFO - Iter(val) [504/504]    aAcc: 91.8000  mIoU: 86.2500  mAcc: 91.8800  mFscore: 92.5000  mPrecision: 93.3000  mRecall: 91.8800  data_time: 0.0102  time: 0.3524
2026/07/21 01:07:24 - mmengine - INFO - Iter(train) [16100/80000]  base_lr: 4.2275e-05 lr: 4.2275e-05  eta: 21:44:35  time: 1.1614  data_time: 0.0155  memory: 9088  grad_norm: 109.7167  loss: 20.2299  decode.loss_cls: 0.0765  decode.loss_mask: 1.0343  decode.loss_dice: 0.8456  decode.d0.loss_cls: 0.3379  decode.d0.loss_mask: 1.1063  decode.d0.loss_dice: 1.0205  decode.d1.loss_cls: 0.1217  decode.d1.loss_mask: 1.0687  decode.d1.loss_dice: 0.8908  decode.d2.loss_cls: 0.0944  decode.d2.loss_mask: 1.0443  decode.d2.loss_dice: 0.8548  decode.d3.loss_cls: 0.0845  decode.d3.loss_mask: 1.0313  decode.d3.loss_dice: 0.8387  decode.d4.loss_cls: 0.0734  decode.d4.loss_mask: 1.0418  decode.d4.loss_dice: 0.8500  decode.d5.loss_cls: 0.0840  decode.d5.loss_mask: 1.0206  decode.d5.loss_dice: 0.8321  decode.d6.loss_cls: 0.0908  decode.d6.loss_mask: 1.0134  decode.d6.loss_dice: 0.8369  decode.d7.loss_cls: 0.0862  decode.d7.loss_mask: 1.0408  decode.d7.loss_dice: 0.8441  decode.d8.loss_cls: 0.0927  decode.d8.loss_mask: 1.0314  decode.d8.loss_dice: 0.8412
2026/07/21 01:09:19 - mmengine - INFO - Iter(train) [16200/80000]  base_lr: 4.2216e-05 lr: 4.2216e-05  eta: 21:42:04  time: 1.1461  data_time: 0.0152  memory: 9088  grad_norm: 50.7449  loss: 12.4548  decode.loss_cls: 0.0125  decode.loss_mask: 0.6769  decode.loss_dice: 0.5628  decode.d0.loss_cls: 0.0935  decode.d0.loss_mask: 0.6770  decode.d0.loss_dice: 0.5321  decode.d1.loss_cls: 0.0253  decode.d1.loss_mask: 0.6743  decode.d1.loss_dice: 0.5327  decode.d2.loss_cls: 0.0120  decode.d2.loss_mask: 0.6749  decode.d2.loss_dice: 0.5613  decode.d3.loss_cls: 0.0138  decode.d3.loss_mask: 0.6727  decode.d3.loss_dice: 0.5589  decode.d4.loss_cls: 0.0129  decode.d4.loss_mask: 0.6726  decode.d4.loss_dice: 0.5346  decode.d5.loss_cls: 0.0120  decode.d5.loss_mask: 0.6763  decode.d5.loss_dice: 0.5605  decode.d6.loss_cls: 0.0134  decode.d6.loss_mask: 0.6750  decode.d6.loss_dice: 0.5668  decode.d7.loss_cls: 0.0121  decode.d7.loss_mask: 0.6760  decode.d7.loss_dice: 0.5434  decode.d8.loss_cls: 0.0119  decode.d8.loss_mask: 0.6765  decode.d8.loss_dice: 0.5301
2026/07/21 01:11:14 - mmengine - INFO - Iter(train) [16300/80000]  base_lr: 4.2156e-05 lr: 4.2156e-05  eta: 21:39:32  time: 1.1529  data_time: 0.0156  memory: 9088  grad_norm: 65.2287  loss: 10.3665  decode.loss_cls: 0.0671  decode.loss_mask: 0.4011  decode.loss_dice: 0.5475  decode.d0.loss_cls: 0.1400  decode.d0.loss_mask: 0.4100  decode.d0.loss_dice: 0.6341  decode.d1.loss_cls: 0.1146  decode.d1.loss_mask: 0.3969  decode.d1.loss_dice: 0.5400  decode.d2.loss_cls: 0.0783  decode.d2.loss_mask: 0.4038  decode.d2.loss_dice: 0.5459  decode.d3.loss_cls: 0.0692  decode.d3.loss_mask: 0.3996  decode.d3.loss_dice: 0.5496  decode.d4.loss_cls: 0.0631  decode.d4.loss_mask: 0.4071  decode.d4.loss_dice: 0.5400  decode.d5.loss_cls: 0.0700  decode.d5.loss_mask: 0.4050  decode.d5.loss_dice: 0.5393  decode.d6.loss_cls: 0.0635  decode.d6.loss_mask: 0.4023  decode.d6.loss_dice: 0.5570  decode.d7.loss_cls: 0.0675  decode.d7.loss_mask: 0.4043  decode.d7.loss_dice: 0.5378  decode.d8.loss_cls: 0.0731  decode.d8.loss_mask: 0.3974  decode.d8.loss_dice: 0.5413
2026/07/21 01:13:10 - mmengine - INFO - Iter(train) [16400/80000]  base_lr: 4.2096e-05 lr: 4.2096e-05  eta: 21:37:05  time: 1.1576  data_time: 0.0151  memory: 9088  grad_norm: 58.0281  loss: 13.7549  decode.loss_cls: 0.0183  decode.loss_mask: 0.6780  decode.loss_dice: 0.6508  decode.d0.loss_cls: 0.1043  decode.d0.loss_mask: 0.7177  decode.d0.loss_dice: 0.7295  decode.d1.loss_cls: 0.0256  decode.d1.loss_mask: 0.6989  decode.d1.loss_dice: 0.6777  decode.d2.loss_cls: 0.0266  decode.d2.loss_mask: 0.6901  decode.d2.loss_dice: 0.6571  decode.d3.loss_cls: 0.0171  decode.d3.loss_mask: 0.6806  decode.d3.loss_dice: 0.6508  decode.d4.loss_cls: 0.0152  decode.d4.loss_mask: 0.6785  decode.d4.loss_dice: 0.6524  decode.d5.loss_cls: 0.0203  decode.d5.loss_mask: 0.6779  decode.d5.loss_dice: 0.6561  decode.d6.loss_cls: 0.0197  decode.d6.loss_mask: 0.6756  decode.d6.loss_dice: 0.6527  decode.d7.loss_cls: 0.0170  decode.d7.loss_mask: 0.6745  decode.d7.loss_dice: 0.6546  decode.d8.loss_cls: 0.0208  decode.d8.loss_mask: 0.6732  decode.d8.loss_dice: 0.6432
2026/07/21 01:15:10 - mmengine - INFO - Iter(train) [16500/80000]  base_lr: 4.2037e-05 lr: 4.2037e-05  eta: 21:34:50  time: 1.1592  data_time: 0.0147  memory: 9079  grad_norm: 71.2539  loss: 16.5197  decode.loss_cls: 0.0221  decode.loss_mask: 0.9025  decode.loss_dice: 0.7066  decode.d0.loss_cls: 0.1314  decode.d0.loss_mask: 0.9209  decode.d0.loss_dice: 0.7143  decode.d1.loss_cls: 0.0388  decode.d1.loss_mask: 0.9151  decode.d1.loss_dice: 0.7447  decode.d2.loss_cls: 0.0377  decode.d2.loss_mask: 0.8934  decode.d2.loss_dice: 0.7130  decode.d3.loss_cls: 0.0282  decode.d3.loss_mask: 0.8893  decode.d3.loss_dice: 0.7131  decode.d4.loss_cls: 0.0210  decode.d4.loss_mask: 0.8881  decode.d4.loss_dice: 0.7141  decode.d5.loss_cls: 0.0314  decode.d5.loss_mask: 0.8933  decode.d5.loss_dice: 0.7203  decode.d6.loss_cls: 0.0283  decode.d6.loss_mask: 0.8954  decode.d6.loss_dice: 0.7078  decode.d7.loss_cls: 0.0273  decode.d7.loss_mask: 0.8924  decode.d7.loss_dice: 0.7132  decode.d8.loss_cls: 0.0320  decode.d8.loss_mask: 0.8972  decode.d8.loss_dice: 0.6866
2026/07/21 01:17:06 - mmengine - INFO - Iter(train) [16600/80000]  base_lr: 4.1977e-05 lr: 4.1977e-05  eta: 21:32:24  time: 1.1590  data_time: 0.0152  memory: 9079  grad_norm: 69.8757  loss: 14.2653  decode.loss_cls: 0.0190  decode.loss_mask: 0.7530  decode.loss_dice: 0.6488  decode.d0.loss_cls: 0.0963  decode.d0.loss_mask: 0.7761  decode.d0.loss_dice: 0.6569  decode.d1.loss_cls: 0.0297  decode.d1.loss_mask: 0.7570  decode.d1.loss_dice: 0.6346  decode.d2.loss_cls: 0.0254  decode.d2.loss_mask: 0.7537  decode.d2.loss_dice: 0.6493  decode.d3.loss_cls: 0.0204  decode.d3.loss_mask: 0.7558  decode.d3.loss_dice: 0.6466  decode.d4.loss_cls: 0.0171  decode.d4.loss_mask: 0.7500  decode.d4.loss_dice: 0.6447  decode.d5.loss_cls: 0.0118  decode.d5.loss_mask: 0.7554  decode.d5.loss_dice: 0.6308  decode.d6.loss_cls: 0.0205  decode.d6.loss_mask: 0.7516  decode.d6.loss_dice: 0.6448  decode.d7.loss_cls: 0.0148  decode.d7.loss_mask: 0.7509  decode.d7.loss_dice: 0.6416  decode.d8.loss_cls: 0.0169  decode.d8.loss_mask: 0.7484  decode.d8.loss_dice: 0.6436
2026/07/21 01:18:59 - mmengine - INFO - Iter(train) [16700/80000]  base_lr: 4.1918e-05 lr: 4.1918e-05  eta: 21:29:48  time: 1.1700  data_time: 0.0157  memory: 9088  grad_norm: 78.2441  loss: 14.7993  decode.loss_cls: 0.0043  decode.loss_mask: 0.8037  decode.loss_dice: 0.6525  decode.d0.loss_cls: 0.0640  decode.d0.loss_mask: 0.8375  decode.d0.loss_dice: 0.6714  decode.d1.loss_cls: 0.0093  decode.d1.loss_mask: 0.8054  decode.d1.loss_dice: 0.6625  decode.d2.loss_cls: 0.0060  decode.d2.loss_mask: 0.8035  decode.d2.loss_dice: 0.6568  decode.d3.loss_cls: 0.0070  decode.d3.loss_mask: 0.8038  decode.d3.loss_dice: 0.6511  decode.d4.loss_cls: 0.0061  decode.d4.loss_mask: 0.8043  decode.d4.loss_dice: 0.6627  decode.d5.loss_cls: 0.0065  decode.d5.loss_mask: 0.8081  decode.d5.loss_dice: 0.6534  decode.d6.loss_cls: 0.0048  decode.d6.loss_mask: 0.8061  decode.d6.loss_dice: 0.6484  decode.d7.loss_cls: 0.0056  decode.d7.loss_mask: 0.8072  decode.d7.loss_dice: 0.6696  decode.d8.loss_cls: 0.0058  decode.d8.loss_mask: 0.8080  decode.d8.loss_dice: 0.6639
2026/07/21 01:20:55 - mmengine - INFO - Iter(train) [16800/80000]  base_lr: 4.1858e-05 lr: 4.1858e-05  eta: 21:27:20  time: 1.1514  data_time: 0.0151  memory: 9088  grad_norm: 52.5600  loss: 14.3568  decode.loss_cls: 0.0068  decode.loss_mask: 0.7411  decode.loss_dice: 0.6739  decode.d0.loss_cls: 0.0914  decode.d0.loss_mask: 0.7633  decode.d0.loss_dice: 0.6800  decode.d1.loss_cls: 0.0130  decode.d1.loss_mask: 0.7461  decode.d1.loss_dice: 0.6890  decode.d2.loss_cls: 0.0077  decode.d2.loss_mask: 0.7443  decode.d2.loss_dice: 0.6722  decode.d3.loss_cls: 0.0067  decode.d3.loss_mask: 0.7411  decode.d3.loss_dice: 0.6700  decode.d4.loss_cls: 0.0062  decode.d4.loss_mask: 0.7419  decode.d4.loss_dice: 0.6852  decode.d5.loss_cls: 0.0064  decode.d5.loss_mask: 0.7417  decode.d5.loss_dice: 0.6841  decode.d6.loss_cls: 0.0057  decode.d6.loss_mask: 0.7384  decode.d6.loss_dice: 0.6825  decode.d7.loss_cls: 0.0051  decode.d7.loss_mask: 0.7380  decode.d7.loss_dice: 0.6657  decode.d8.loss_cls: 0.0057  decode.d8.loss_mask: 0.7352  decode.d8.loss_dice: 0.6682
2026/07/21 01:22:50 - mmengine - INFO - Iter(train) [16900/80000]  base_lr: 4.1798e-05 lr: 4.1798e-05  eta: 21:24:51  time: 1.1550  data_time: 0.0157  memory: 9079  grad_norm: 65.8780  loss: 13.0294  decode.loss_cls: 0.0156  decode.loss_mask: 0.6395  decode.loss_dice: 0.6362  decode.d0.loss_cls: 0.0991  decode.d0.loss_mask: 0.6629  decode.d0.loss_dice: 0.6700  decode.d1.loss_cls: 0.0476  decode.d1.loss_mask: 0.6339  decode.d1.loss_dice: 0.6266  decode.d2.loss_cls: 0.0242  decode.d2.loss_mask: 0.6519  decode.d2.loss_dice: 0.6259  decode.d3.loss_cls: 0.0156  decode.d3.loss_mask: 0.6539  decode.d3.loss_dice: 0.6170  decode.d4.loss_cls: 0.0211  decode.d4.loss_mask: 0.6415  decode.d4.loss_dice: 0.6162  decode.d5.loss_cls: 0.0185  decode.d5.loss_mask: 0.6369  decode.d5.loss_dice: 0.6214  decode.d6.loss_cls: 0.0177  decode.d6.loss_mask: 0.6413  decode.d6.loss_dice: 0.6297  decode.d7.loss_cls: 0.0189  decode.d7.loss_mask: 0.6315  decode.d7.loss_dice: 0.6304  decode.d8.loss_cls: 0.0192  decode.d8.loss_mask: 0.6294  decode.d8.loss_dice: 0.6359
2026/07/21 01:24:45 - mmengine - INFO - Exp name: dinov3_m2f_31999_20260720_190649
2026/07/21 01:24:45 - mmengine - INFO - Iter(train) [17000/80000]  base_lr: 4.1739e-05 lr: 4.1739e-05  eta: 21:22:24  time: 1.1525  data_time: 0.0154  memory: 9088  grad_norm: 104.6307  loss: 19.2239  decode.loss_cls: 0.0826  decode.loss_mask: 0.9419  decode.loss_dice: 0.8405  decode.d0.loss_cls: 0.1004  decode.d0.loss_mask: 1.1109  decode.d0.loss_dice: 1.0039  decode.d1.loss_cls: 0.0970  decode.d1.loss_mask: 1.0109  decode.d1.loss_dice: 0.8794  decode.d2.loss_cls: 0.1053  decode.d2.loss_mask: 0.9708  decode.d2.loss_dice: 0.8791  decode.d3.loss_cls: 0.0937  decode.d3.loss_mask: 0.9502  decode.d3.loss_dice: 0.8348  decode.d4.loss_cls: 0.0882  decode.d4.loss_mask: 0.9519  decode.d4.loss_dice: 0.8348  decode.d5.loss_cls: 0.0921  decode.d5.loss_mask: 0.9396  decode.d5.loss_dice: 0.8553  decode.d6.loss_cls: 0.0894  decode.d6.loss_mask: 0.9398  decode.d6.loss_dice: 0.8286  decode.d7.loss_cls: 0.0886  decode.d7.loss_mask: 0.9369  decode.d7.loss_dice: 0.8300  decode.d8.loss_cls: 0.0863  decode.d8.loss_mask: 0.9424  decode.d8.loss_dice: 0.8186
2026/07/21 01:26:39 - mmengine - INFO - Iter(train) [17100/80000]  base_lr: 4.1679e-05 lr: 4.1679e-05  eta: 21:19:51  time: 0.9424  data_time: 0.0152  memory: 9088  grad_norm: 80.2479  loss: 13.3490  decode.loss_cls: 0.0383  decode.loss_mask: 0.6921  decode.loss_dice: 0.5711  decode.d0.loss_cls: 0.1273  decode.d0.loss_mask: 0.7608  decode.d0.loss_dice: 0.6538  decode.d1.loss_cls: 0.0635  decode.d1.loss_mask: 0.6987  decode.d1.loss_dice: 0.5921  decode.d2.loss_cls: 0.0472  decode.d2.loss_mask: 0.6920  decode.d2.loss_dice: 0.5776  decode.d3.loss_cls: 0.0426  decode.d3.loss_mask: 0.6926  decode.d3.loss_dice: 0.5612  decode.d4.loss_cls: 0.0440  decode.d4.loss_mask: 0.6902  decode.d4.loss_dice: 0.5763  decode.d5.loss_cls: 0.0436  decode.d5.loss_mask: 0.6915  decode.d5.loss_dice: 0.5707  decode.d6.loss_cls: 0.0409  decode.d6.loss_mask: 0.6891  decode.d6.loss_dice: 0.5802  decode.d7.loss_cls: 0.0459  decode.d7.loss_mask: 0.6854  decode.d7.loss_dice: 0.5716  decode.d8.loss_cls: 0.0402  decode.d8.loss_mask: 0.6861  decode.d8.loss_dice: 0.5827
2026/07/21 01:28:36 - mmengine - INFO - Iter(train) [17200/80000]  base_lr: 4.1620e-05 lr: 4.1620e-05  eta: 21:17:31  time: 1.8455  data_time: 0.0150  memory: 9088  grad_norm: 97.7683  loss: 18.4603  decode.loss_cls: 0.0461  decode.loss_mask: 0.9777  decode.loss_dice: 0.7879  decode.d0.loss_cls: 0.1423  decode.d0.loss_mask: 1.0696  decode.d0.loss_dice: 0.8577  decode.d1.loss_cls: 0.0640  decode.d1.loss_mask: 1.0022  decode.d1.loss_dice: 0.7963  decode.d2.loss_cls: 0.0503  decode.d2.loss_mask: 0.9979  decode.d2.loss_dice: 0.7846  decode.d3.loss_cls: 0.0518  decode.d3.loss_mask: 0.9839  decode.d3.loss_dice: 0.7801  decode.d4.loss_cls: 0.0507  decode.d4.loss_mask: 0.9901  decode.d4.loss_dice: 0.7789  decode.d5.loss_cls: 0.0480  decode.d5.loss_mask: 0.9840  decode.d5.loss_dice: 0.7779  decode.d6.loss_cls: 0.0485  decode.d6.loss_mask: 0.9848  decode.d6.loss_dice: 0.7841  decode.d7.loss_cls: 0.0462  decode.d7.loss_mask: 0.9825  decode.d7.loss_dice: 0.7822  decode.d8.loss_cls: 0.0461  decode.d8.loss_mask: 0.9723  decode.d8.loss_dice: 0.7918
2026/07/21 01:31:29 - mmengine - INFO - Iter(train) [17300/80000]  base_lr: 4.1560e-05 lr: 4.1560e-05  eta: 21:18:34  time: 1.1556  data_time: 0.0155  memory: 9088  grad_norm: 81.9931  loss: 12.4730  decode.loss_cls: 0.0658  decode.loss_mask: 0.6255  decode.loss_dice: 0.5121  decode.d0.loss_cls: 0.1883  decode.d0.loss_mask: 0.7402  decode.d0.loss_dice: 0.6375  decode.d1.loss_cls: 0.0747  decode.d1.loss_mask: 0.6238  decode.d1.loss_dice: 0.5268  decode.d2.loss_cls: 0.0725  decode.d2.loss_mask: 0.6335  decode.d2.loss_dice: 0.5194  decode.d3.loss_cls: 0.0687  decode.d3.loss_mask: 0.6175  decode.d3.loss_dice: 0.5099  decode.d4.loss_cls: 0.0671  decode.d4.loss_mask: 0.6123  decode.d4.loss_dice: 0.5354  decode.d5.loss_cls: 0.0659  decode.d5.loss_mask: 0.6315  decode.d5.loss_dice: 0.5259  decode.d6.loss_cls: 0.0662  decode.d6.loss_mask: 0.6241  decode.d6.loss_dice: 0.5224  decode.d7.loss_cls: 0.0659  decode.d7.loss_mask: 0.6251  decode.d7.loss_dice: 0.5205  decode.d8.loss_cls: 0.0603  decode.d8.loss_mask: 0.6197  decode.d8.loss_dice: 0.5148
2026/07/21 01:33:26 - mmengine - INFO - Iter(train) [17400/80000]  base_lr: 4.1500e-05 lr: 4.1500e-05  eta: 21:16:12  time: 1.1494  data_time: 0.0152  memory: 9079  grad_norm: 52.0183  loss: 13.8129  decode.loss_cls: 0.0144  decode.loss_mask: 0.7794  decode.loss_dice: 0.5727  decode.d0.loss_cls: 0.1075  decode.d0.loss_mask: 0.8049  decode.d0.loss_dice: 0.5839  decode.d1.loss_cls: 0.0275  decode.d1.loss_mask: 0.7857  decode.d1.loss_dice: 0.5751  decode.d2.loss_cls: 0.0137  decode.d2.loss_mask: 0.7764  decode.d2.loss_dice: 0.5584  decode.d3.loss_cls: 0.0159  decode.d3.loss_mask: 0.7780  decode.d3.loss_dice: 0.5746  decode.d4.loss_cls: 0.0222  decode.d4.loss_mask: 0.7779  decode.d4.loss_dice: 0.5777  decode.d5.loss_cls: 0.0167  decode.d5.loss_mask: 0.7792  decode.d5.loss_dice: 0.5666  decode.d6.loss_cls: 0.0141  decode.d6.loss_mask: 0.7738  decode.d6.loss_dice: 0.5730  decode.d7.loss_cls: 0.0158  decode.d7.loss_mask: 0.7770  decode.d7.loss_dice: 0.5816  decode.d8.loss_cls: 0.0184  decode.d8.loss_mask: 0.7764  decode.d8.loss_dice: 0.5743
2026/07/21 01:35:22 - mmengine - INFO - Iter(train) [17500/80000]  base_lr: 4.1441e-05 lr: 4.1441e-05  eta: 21:13:47  time: 1.1653  data_time: 0.0158  memory: 9088  grad_norm: 83.5154  loss: 18.3328  decode.loss_cls: 0.0461  decode.loss_mask: 1.0110  decode.loss_dice: 0.7489  decode.d0.loss_cls: 0.1375  decode.d0.loss_mask: 1.0771  decode.d0.loss_dice: 0.7989  decode.d1.loss_cls: 0.0622  decode.d1.loss_mask: 1.0158  decode.d1.loss_dice: 0.7602  decode.d2.loss_cls: 0.0478  decode.d2.loss_mask: 1.0032  decode.d2.loss_dice: 0.7474  decode.d3.loss_cls: 0.0426  decode.d3.loss_mask: 1.0079  decode.d3.loss_dice: 0.7467  decode.d4.loss_cls: 0.0465  decode.d4.loss_mask: 1.0200  decode.d4.loss_dice: 0.7549  decode.d5.loss_cls: 0.0511  decode.d5.loss_mask: 1.0224  decode.d5.loss_dice: 0.7515  decode.d6.loss_cls: 0.0429  decode.d6.loss_mask: 1.0148  decode.d6.loss_dice: 0.7480  decode.d7.loss_cls: 0.0452  decode.d7.loss_mask: 1.0152  decode.d7.loss_dice: 0.7457  decode.d8.loss_cls: 0.0456  decode.d8.loss_mask: 1.0173  decode.d8.loss_dice: 0.7584
2026/07/21 01:37:18 - mmengine - INFO - Iter(train) [17600/80000]  base_lr: 4.1381e-05 lr: 4.1381e-05  eta: 21:11:23  time: 1.1503  data_time: 0.0154  memory: 9088  grad_norm: 65.9444  loss: 11.5721  decode.loss_cls: 0.0044  decode.loss_mask: 0.6642  decode.loss_dice: 0.4701  decode.d0.loss_cls: 0.0931  decode.d0.loss_mask: 0.6681  decode.d0.loss_dice: 0.5046  decode.d1.loss_cls: 0.0325  decode.d1.loss_mask: 0.6670  decode.d1.loss_dice: 0.4835  decode.d2.loss_cls: 0.0229  decode.d2.loss_mask: 0.6633  decode.d2.loss_dice: 0.4745  decode.d3.loss_cls: 0.0063  decode.d3.loss_mask: 0.6572  decode.d3.loss_dice: 0.4682  decode.d4.loss_cls: 0.0051  decode.d4.loss_mask: 0.6573  decode.d4.loss_dice: 0.4681  decode.d5.loss_cls: 0.0035  decode.d5.loss_mask: 0.6614  decode.d5.loss_dice: 0.4720  decode.d6.loss_cls: 0.0043  decode.d6.loss_mask: 0.6648  decode.d6.loss_dice: 0.4722  decode.d7.loss_cls: 0.0045  decode.d7.loss_mask: 0.6611  decode.d7.loss_dice: 0.4710  decode.d8.loss_cls: 0.0044  decode.d8.loss_mask: 0.6674  decode.d8.loss_dice: 0.4751
2026/07/21 01:39:14 - mmengine - INFO - Iter(train) [17700/80000]  base_lr: 4.1321e-05 lr: 4.1321e-05  eta: 21:09:00  time: 1.1599  data_time: 0.0152  memory: 9088  grad_norm: 77.3251  loss: 12.8159  decode.loss_cls: 0.0333  decode.loss_mask: 0.6671  decode.loss_dice: 0.5615  decode.d0.loss_cls: 0.1275  decode.d0.loss_mask: 0.7209  decode.d0.loss_dice: 0.6393  decode.d1.loss_cls: 0.0297  decode.d1.loss_mask: 0.6752  decode.d1.loss_dice: 0.5808  decode.d2.loss_cls: 0.0341  decode.d2.loss_mask: 0.6693  decode.d2.loss_dice: 0.5611  decode.d3.loss_cls: 0.0288  decode.d3.loss_mask: 0.6655  decode.d3.loss_dice: 0.5509  decode.d4.loss_cls: 0.0294  decode.d4.loss_mask: 0.6677  decode.d4.loss_dice: 0.5573  decode.d5.loss_cls: 0.0321  decode.d5.loss_mask: 0.6632  decode.d5.loss_dice: 0.5537  decode.d6.loss_cls: 0.0318  decode.d6.loss_mask: 0.6615  decode.d6.loss_dice: 0.5548  decode.d7.loss_cls: 0.0337  decode.d7.loss_mask: 0.6688  decode.d7.loss_dice: 0.5554  decode.d8.loss_cls: 0.0339  decode.d8.loss_mask: 0.6653  decode.d8.loss_dice: 0.5622
2026/07/21 01:41:08 - mmengine - INFO - Iter(train) [17800/80000]  base_lr: 4.1261e-05 lr: 4.1261e-05  eta: 21:06:27  time: 1.1487  data_time: 0.0163  memory: 9079  grad_norm: 56.3983  loss: 11.6033  decode.loss_cls: 0.0130  decode.loss_mask: 0.5819  decode.loss_dice: 0.5431  decode.d0.loss_cls: 0.0956  decode.d0.loss_mask: 0.6045  decode.d0.loss_dice: 0.5782  decode.d1.loss_cls: 0.0444  decode.d1.loss_mask: 0.5903  decode.d1.loss_dice: 0.5399  decode.d2.loss_cls: 0.0299  decode.d2.loss_mask: 0.5851  decode.d2.loss_dice: 0.5399  decode.d3.loss_cls: 0.0153  decode.d3.loss_mask: 0.5885  decode.d3.loss_dice: 0.5374  decode.d4.loss_cls: 0.0117  decode.d4.loss_mask: 0.5887  decode.d4.loss_dice: 0.5446  decode.d5.loss_cls: 0.0102  decode.d5.loss_mask: 0.5857  decode.d5.loss_dice: 0.5466  decode.d6.loss_cls: 0.0092  decode.d6.loss_mask: 0.5845  decode.d6.loss_dice: 0.5466  decode.d7.loss_cls: 0.0100  decode.d7.loss_mask: 0.5851  decode.d7.loss_dice: 0.5499  decode.d8.loss_cls: 0.0126  decode.d8.loss_mask: 0.5828  decode.d8.loss_dice: 0.5482
2026/07/21 01:43:03 - mmengine - INFO - Iter(train) [17900/80000]  base_lr: 4.1202e-05 lr: 4.1202e-05  eta: 21:04:01  time: 1.1451  data_time: 0.0160  memory: 9088  grad_norm: 64.0079  loss: 14.9417  decode.loss_cls: 0.0066  decode.loss_mask: 0.8416  decode.loss_dice: 0.6336  decode.d0.loss_cls: 0.0895  decode.d0.loss_mask: 0.8543  decode.d0.loss_dice: 0.6586  decode.d1.loss_cls: 0.0224  decode.d1.loss_mask: 0.8408  decode.d1.loss_dice: 0.6331  decode.d2.loss_cls: 0.0142  decode.d2.loss_mask: 0.8437  decode.d2.loss_dice: 0.6342  decode.d3.loss_cls: 0.0060  decode.d3.loss_mask: 0.8419  decode.d3.loss_dice: 0.6294  decode.d4.loss_cls: 0.0054  decode.d4.loss_mask: 0.8381  decode.d4.loss_dice: 0.6243  decode.d5.loss_cls: 0.0053  decode.d5.loss_mask: 0.8368  decode.d5.loss_dice: 0.6294  decode.d6.loss_cls: 0.0057  decode.d6.loss_mask: 0.8429  decode.d6.loss_dice: 0.6382  decode.d7.loss_cls: 0.0066  decode.d7.loss_mask: 0.8393  decode.d7.loss_dice: 0.6318  decode.d8.loss_cls: 0.0065  decode.d8.loss_mask: 0.8457  decode.d8.loss_dice: 0.6357
2026/07/21 01:44:59 - mmengine - INFO - Exp name: dinov3_m2f_31999_20260720_190649
2026/07/21 01:44:59 - mmengine - INFO - Iter(train) [18000/80000]  base_lr: 4.1142e-05 lr: 4.1142e-05  eta: 21:01:37  time: 1.1398  data_time: 0.0156  memory: 9088  grad_norm: 58.9244  loss: 10.4823  decode.loss_cls: 0.0104  decode.loss_mask: 0.5674  decode.loss_dice: 0.4494  decode.d0.loss_cls: 0.1135  decode.d0.loss_mask: 0.6097  decode.d0.loss_dice: 0.4587  decode.d1.loss_cls: 0.0240  decode.d1.loss_mask: 0.5684  decode.d1.loss_dice: 0.4517  decode.d2.loss_cls: 0.0072  decode.d2.loss_mask: 0.5725  decode.d2.loss_dice: 0.4559  decode.d3.loss_cls: 0.0129  decode.d3.loss_mask: 0.5693  decode.d3.loss_dice: 0.4550  decode.d4.loss_cls: 0.0043  decode.d4.loss_mask: 0.5689  decode.d4.loss_dice: 0.4573  decode.d5.loss_cls: 0.0048  decode.d5.loss_mask: 0.5699  decode.d5.loss_dice: 0.4598  decode.d6.loss_cls: 0.0047  decode.d6.loss_mask: 0.5694  decode.d6.loss_dice: 0.4593  decode.d7.loss_cls: 0.0045  decode.d7.loss_mask: 0.5745  decode.d7.loss_dice: 0.4547  decode.d8.loss_cls: 0.0095  decode.d8.loss_mask: 0.5694  decode.d8.loss_dice: 0.4455
2026/07/21 01:44:59 - mmengine - INFO - Saving checkpoint at 18000 iterations
2026/07/21 01:46:42 - mmengine - INFO - Iter(val) [100/504]    eta: 0:02:26  time: 0.3511  data_time: 0.0077  memory: 3097  
2026/07/21 01:47:17 - mmengine - INFO - Iter(val) [200/504]    eta: 0:01:48  time: 0.3520  data_time: 0.0078  memory: 3097  
2026/07/21 01:47:52 - mmengine - INFO - Iter(val) [300/504]    eta: 0:01:12  time: 0.3526  data_time: 0.0079  memory: 3097  
2026/07/21 01:48:27 - mmengine - INFO - Iter(val) [400/504]    eta: 0:00:36  time: 0.3362  data_time: 0.0076  memory: 3097  
2026/07/21 01:49:02 - mmengine - INFO - Iter(val) [500/504]    eta: 0:00:01  time: 0.3534  data_time: 0.0076  memory: 3097  
2026/07/21 01:49:06 - mmengine - INFO - per class results:
2026/07/21 01:49:06 - mmengine - INFO - 
+--------------------+-------+-------+--------+-----------+--------+
|       Class        |  IoU  |  Acc  | Fscore | Precision | Recall |
+--------------------+-------+-------+--------+-----------+--------+
| impervious_surface | 87.17 | 92.47 | 93.15  |   93.83   | 92.47  |
|      building      | 95.06 | 98.31 | 97.47  |   96.64   | 98.31  |
|   low_vegetation   | 78.53 | 88.53 | 87.97  |   87.43   | 88.53  |
|        tree        | 80.86 | 88.72 | 89.42  |   90.13   | 88.72  |
|        car         | 94.39 | 96.83 | 97.11  |    97.4   | 96.83  |
+--------------------+-------+-------+--------+-----------+--------+
2026/07/21 01:49:06 - mmengine - INFO - Iter(val) [504/504]    aAcc: 92.0800  mIoU: 87.2000  mAcc: 92.9700  mFscore: 93.0200  mPrecision: 93.0900  mRecall: 92.9700  data_time: 0.0103  time: 0.3524
2026/07/21 01:51:01 - mmengine - INFO - Iter(train) [18100/80000]  base_lr: 4.1082e-05 lr: 4.1082e-05  eta: 20:59:19  time: 1.1539  data_time: 0.0160  memory: 9088  grad_norm: 72.0909  loss: 14.1043  decode.loss_cls: 0.0563  decode.loss_mask: 0.6908  decode.loss_dice: 0.6254  decode.d0.loss_cls: 0.1486  decode.d0.loss_mask: 0.7777  decode.d0.loss_dice: 0.6846  decode.d1.loss_cls: 0.0798  decode.d1.loss_mask: 0.7163  decode.d1.loss_dice: 0.6544  decode.d2.loss_cls: 0.0584  decode.d2.loss_mask: 0.6916  decode.d2.loss_dice: 0.6418  decode.d3.loss_cls: 0.0499  decode.d3.loss_mask: 0.7003  decode.d3.loss_dice: 0.6461  decode.d4.loss_cls: 0.0498  decode.d4.loss_mask: 0.6897  decode.d4.loss_dice: 0.6352  decode.d5.loss_cls: 0.0533  decode.d5.loss_mask: 0.6888  decode.d5.loss_dice: 0.6427  decode.d6.loss_cls: 0.0540  decode.d6.loss_mask: 0.6861  decode.d6.loss_dice: 0.6296  decode.d7.loss_cls: 0.0543  decode.d7.loss_mask: 0.6870  decode.d7.loss_dice: 0.6380  decode.d8.loss_cls: 0.0538  decode.d8.loss_mask: 0.6889  decode.d8.loss_dice: 0.6310
2026/07/21 01:53:00 - mmengine - INFO - Iter(train) [18200/80000]  base_lr: 4.1023e-05 lr: 4.1023e-05  eta: 20:57:07  time: 1.1480  data_time: 0.0152  memory: 9088  grad_norm: 82.0818  loss: 17.2773  decode.loss_cls: 0.0527  decode.loss_mask: 0.8909  decode.loss_dice: 0.7524  decode.d0.loss_cls: 0.1504  decode.d0.loss_mask: 0.9343  decode.d0.loss_dice: 0.7977  decode.d1.loss_cls: 0.0768  decode.d1.loss_mask: 0.8936  decode.d1.loss_dice: 0.7418  decode.d2.loss_cls: 0.0726  decode.d2.loss_mask: 0.9001  decode.d2.loss_dice: 0.7710  decode.d3.loss_cls: 0.0589  decode.d3.loss_mask: 0.9157  decode.d3.loss_dice: 0.7631  decode.d4.loss_cls: 0.0546  decode.d4.loss_mask: 0.8923  decode.d4.loss_dice: 0.7522  decode.d5.loss_cls: 0.0551  decode.d5.loss_mask: 0.8929  decode.d5.loss_dice: 0.7478  decode.d6.loss_cls: 0.0510  decode.d6.loss_mask: 0.8950  decode.d6.loss_dice: 0.7494  decode.d7.loss_cls: 0.0519  decode.d7.loss_mask: 0.8933  decode.d7.loss_dice: 0.7512  decode.d8.loss_cls: 0.0563  decode.d8.loss_mask: 0.8931  decode.d8.loss_dice: 0.7694
2026/07/21 01:54:56 - mmengine - INFO - Iter(train) [18300/80000]  base_lr: 4.0963e-05 lr: 4.0963e-05  eta: 20:54:45  time: 1.1674  data_time: 0.0153  memory: 9079  grad_norm: 58.0383  loss: 11.6428  decode.loss_cls: 0.0009  decode.loss_mask: 0.6614  decode.loss_dice: 0.4953  decode.d0.loss_cls: 0.0860  decode.d0.loss_mask: 0.6773  decode.d0.loss_dice: 0.4918  decode.d1.loss_cls: 0.0118  decode.d1.loss_mask: 0.6593  decode.d1.loss_dice: 0.4996  decode.d2.loss_cls: 0.0027  decode.d2.loss_mask: 0.6539  decode.d2.loss_dice: 0.4916  decode.d3.loss_cls: 0.0018  decode.d3.loss_mask: 0.6583  decode.d3.loss_dice: 0.4979  decode.d4.loss_cls: 0.0009  decode.d4.loss_mask: 0.6600  decode.d4.loss_dice: 0.4962  decode.d5.loss_cls: 0.0008  decode.d5.loss_mask: 0.6559  decode.d5.loss_dice: 0.4912  decode.d6.loss_cls: 0.0008  decode.d6.loss_mask: 0.6552  decode.d6.loss_dice: 0.4924  decode.d7.loss_cls: 0.0008  decode.d7.loss_mask: 0.6564  decode.d7.loss_dice: 0.4918  decode.d8.loss_cls: 0.0007  decode.d8.loss_mask: 0.6601  decode.d8.loss_dice: 0.4902
2026/07/21 01:56:52 - mmengine - INFO - Iter(train) [18400/80000]  base_lr: 4.0903e-05 lr: 4.0903e-05  eta: 20:52:23  time: 1.1601  data_time: 0.0153  memory: 9088  grad_norm: 65.7332  loss: 14.4202  decode.loss_cls: 0.0160  decode.loss_mask: 0.7731  decode.loss_dice: 0.6353  decode.d0.loss_cls: 0.0919  decode.d0.loss_mask: 0.8101  decode.d0.loss_dice: 0.6452  decode.d1.loss_cls: 0.0271  decode.d1.loss_mask: 0.7814  decode.d1.loss_dice: 0.6406  decode.d2.loss_cls: 0.0235  decode.d2.loss_mask: 0.7702  decode.d2.loss_dice: 0.6423  decode.d3.loss_cls: 0.0204  decode.d3.loss_mask: 0.7653  decode.d3.loss_dice: 0.6410  decode.d4.loss_cls: 0.0194  decode.d4.loss_mask: 0.7686  decode.d4.loss_dice: 0.6371  decode.d5.loss_cls: 0.0211  decode.d5.loss_mask: 0.7735  decode.d5.loss_dice: 0.6375  decode.d6.loss_cls: 0.0199  decode.d6.loss_mask: 0.7696  decode.d6.loss_dice: 0.6337  decode.d7.loss_cls: 0.0190  decode.d7.loss_mask: 0.7731  decode.d7.loss_dice: 0.6356  decode.d8.loss_cls: 0.0188  decode.d8.loss_mask: 0.7744  decode.d8.loss_dice: 0.6356
2026/07/21 01:58:46 - mmengine - INFO - Iter(train) [18500/80000]  base_lr: 4.0843e-05 lr: 4.0843e-05  eta: 20:49:54  time: 1.1508  data_time: 0.0148  memory: 9088  grad_norm: 68.1601  loss: 13.2549  decode.loss_cls: 0.0165  decode.loss_mask: 0.7007  decode.loss_dice: 0.5782  decode.d0.loss_cls: 0.0853  decode.d0.loss_mask: 0.7435  decode.d0.loss_dice: 0.6611  decode.d1.loss_cls: 0.0233  decode.d1.loss_mask: 0.7022  decode.d1.loss_dice: 0.5901  decode.d2.loss_cls: 0.0198  decode.d2.loss_mask: 0.6981  decode.d2.loss_dice: 0.5917  decode.d3.loss_cls: 0.0176  decode.d3.loss_mask: 0.7010  decode.d3.loss_dice: 0.5888  decode.d4.loss_cls: 0.0159  decode.d4.loss_mask: 0.7014  decode.d4.loss_dice: 0.5833  decode.d5.loss_cls: 0.0158  decode.d5.loss_mask: 0.7036  decode.d5.loss_dice: 0.5820  decode.d6.loss_cls: 0.0157  decode.d6.loss_mask: 0.7045  decode.d6.loss_dice: 0.5839  decode.d7.loss_cls: 0.0143  decode.d7.loss_mask: 0.7034  decode.d7.loss_dice: 0.5872  decode.d8.loss_cls: 0.0142  decode.d8.loss_mask: 0.7050  decode.d8.loss_dice: 0.6068
2026/07/21 02:00:41 - mmengine - INFO - Iter(train) [18600/80000]  base_lr: 4.0784e-05 lr: 4.0784e-05  eta: 20:47:29  time: 1.1566  data_time: 0.0152  memory: 9079  grad_norm: 58.9651  loss: 10.2384  decode.loss_cls: 0.0342  decode.loss_mask: 0.4881  decode.loss_dice: 0.4803  decode.d0.loss_cls: 0.1535  decode.d0.loss_mask: 0.5287  decode.d0.loss_dice: 0.5346  decode.d1.loss_cls: 0.0510  decode.d1.loss_mask: 0.5041  decode.d1.loss_dice: 0.4989  decode.d2.loss_cls: 0.0518  decode.d2.loss_mask: 0.4843  decode.d2.loss_dice: 0.4578  decode.d3.loss_cls: 0.0320  decode.d3.loss_mask: 0.4863  decode.d3.loss_dice: 0.4722  decode.d4.loss_cls: 0.0324  decode.d4.loss_mask: 0.4903  decode.d4.loss_dice: 0.4732  decode.d5.loss_cls: 0.0278  decode.d5.loss_mask: 0.4868  decode.d5.loss_dice: 0.4770  decode.d6.loss_cls: 0.0276  decode.d6.loss_mask: 0.4860  decode.d6.loss_dice: 0.4823  decode.d7.loss_cls: 0.0276  decode.d7.loss_mask: 0.4873  decode.d7.loss_dice: 0.4834  decode.d8.loss_cls: 0.0348  decode.d8.loss_mask: 0.4907  decode.d8.loss_dice: 0.4734
2026/07/21 02:02:38 - mmengine - INFO - Iter(train) [18700/80000]  base_lr: 4.0724e-05 lr: 4.0724e-05  eta: 20:45:10  time: 1.2128  data_time: 0.0151  memory: 9088  grad_norm: 80.7580  loss: 19.9378  decode.loss_cls: 0.0835  decode.loss_mask: 1.0697  decode.loss_dice: 0.7948  decode.d0.loss_cls: 0.2163  decode.d0.loss_mask: 1.2138  decode.d0.loss_dice: 0.9440  decode.d1.loss_cls: 0.0999  decode.d1.loss_mask: 1.0993  decode.d1.loss_dice: 0.8407  decode.d2.loss_cls: 0.1020  decode.d2.loss_mask: 1.0631  decode.d2.loss_dice: 0.7989  decode.d3.loss_cls: 0.0893  decode.d3.loss_mask: 1.0636  decode.d3.loss_dice: 0.7976  decode.d4.loss_cls: 0.0808  decode.d4.loss_mask: 1.0648  decode.d4.loss_dice: 0.8031  decode.d5.loss_cls: 0.0762  decode.d5.loss_mask: 1.0621  decode.d5.loss_dice: 0.7924  decode.d6.loss_cls: 0.0774  decode.d6.loss_mask: 1.0511  decode.d6.loss_dice: 0.7933  decode.d7.loss_cls: 0.0818  decode.d7.loss_mask: 1.0573  decode.d7.loss_dice: 0.7947  decode.d8.loss_cls: 0.0747  decode.d8.loss_mask: 1.0601  decode.d8.loss_dice: 0.7916
2026/07/21 02:04:33 - mmengine - INFO - Iter(train) [18800/80000]  base_lr: 4.0664e-05 lr: 4.0664e-05  eta: 20:42:47  time: 1.1263  data_time: 0.0154  memory: 9088  grad_norm: 46.3782  loss: 9.0175  decode.loss_cls: 0.0391  decode.loss_mask: 0.4486  decode.loss_dice: 0.3710  decode.d0.loss_cls: 0.2254  decode.d0.loss_mask: 0.4592  decode.d0.loss_dice: 0.4221  decode.d1.loss_cls: 0.0625  decode.d1.loss_mask: 0.4617  decode.d1.loss_dice: 0.3819  decode.d2.loss_cls: 0.0482  decode.d2.loss_mask: 0.4560  decode.d2.loss_dice: 0.3883  decode.d3.loss_cls: 0.0467  decode.d3.loss_mask: 0.4527  decode.d3.loss_dice: 0.3877  decode.d4.loss_cls: 0.0403  decode.d4.loss_mask: 0.4578  decode.d4.loss_dice: 0.3799  decode.d5.loss_cls: 0.0388  decode.d5.loss_mask: 0.4535  decode.d5.loss_dice: 0.3853  decode.d6.loss_cls: 0.0402  decode.d6.loss_mask: 0.4483  decode.d6.loss_dice: 0.3774  decode.d7.loss_cls: 0.0385  decode.d7.loss_mask: 0.4517  decode.d7.loss_dice: 0.3751  decode.d8.loss_cls: 0.0472  decode.d8.loss_mask: 0.4466  decode.d8.loss_dice: 0.3857
2026/07/21 02:06:29 - mmengine - INFO - Iter(train) [18900/80000]  base_lr: 4.0604e-05 lr: 4.0604e-05  eta: 20:40:27  time: 1.1598  data_time: 0.0152  memory: 9088  grad_norm: 84.6120  loss: 13.3237  decode.loss_cls: 0.0496  decode.loss_mask: 0.6212  decode.loss_dice: 0.6020  decode.d0.loss_cls: 0.1369  decode.d0.loss_mask: 0.7058  decode.d0.loss_dice: 0.6762  decode.d1.loss_cls: 0.0611  decode.d1.loss_mask: 0.6593  decode.d1.loss_dice: 0.6310  decode.d2.loss_cls: 0.0695  decode.d2.loss_mask: 0.6622  decode.d2.loss_dice: 0.6391  decode.d3.loss_cls: 0.0606  decode.d3.loss_mask: 0.6433  decode.d3.loss_dice: 0.6111  decode.d4.loss_cls: 0.0553  decode.d4.loss_mask: 0.6368  decode.d4.loss_dice: 0.6048  decode.d5.loss_cls: 0.0596  decode.d5.loss_mask: 0.6344  decode.d5.loss_dice: 0.5992  decode.d6.loss_cls: 0.0461  decode.d6.loss_mask: 0.6413  decode.d6.loss_dice: 0.6197  decode.d7.loss_cls: 0.0502  decode.d7.loss_mask: 0.6337  decode.d7.loss_dice: 0.6079  decode.d8.loss_cls: 0.0466  decode.d8.loss_mask: 0.6436  decode.d8.loss_dice: 0.6159
2026/07/21 02:08:26 - mmengine - INFO - Exp name: dinov3_m2f_31999_20260720_190649
2026/07/21 02:08:26 - mmengine - INFO - Iter(train) [19000/80000]  base_lr: 4.0544e-05 lr: 4.0544e-05  eta: 20:38:08  time: 1.1434  data_time: 0.0152  memory: 9088  grad_norm: 71.3518  loss: 14.4082  decode.loss_cls: 0.0258  decode.loss_mask: 0.7808  decode.loss_dice: 0.6145  decode.d0.loss_cls: 0.1273  decode.d0.loss_mask: 0.8348  decode.d0.loss_dice: 0.6639  decode.d1.loss_cls: 0.0261  decode.d1.loss_mask: 0.7850  decode.d1.loss_dice: 0.6087  decode.d2.loss_cls: 0.0237  decode.d2.loss_mask: 0.7866  decode.d2.loss_dice: 0.6059  decode.d3.loss_cls: 0.0206  decode.d3.loss_mask: 0.7905  decode.d3.loss_dice: 0.6141  decode.d4.loss_cls: 0.0209  decode.d4.loss_mask: 0.7843  decode.d4.loss_dice: 0.6168  decode.d5.loss_cls: 0.0215  decode.d5.loss_mask: 0.7926  decode.d5.loss_dice: 0.6117  decode.d6.loss_cls: 0.0181  decode.d6.loss_mask: 0.7858  decode.d6.loss_dice: 0.6209  decode.d7.loss_cls: 0.0241  decode.d7.loss_mask: 0.7881  decode.d7.loss_dice: 0.6030  decode.d8.loss_cls: 0.0262  decode.d8.loss_mask: 0.7825  decode.d8.loss_dice: 0.6033
2026/07/21 02:10:24 - mmengine - INFO - Iter(train) [19100/80000]  base_lr: 4.0485e-05 lr: 4.0485e-05  eta: 20:35:56  time: 1.1577  data_time: 0.0149  memory: 9079  grad_norm: 73.8135  loss: 13.6225  decode.loss_cls: 0.0021  decode.loss_mask: 0.7617  decode.loss_dice: 0.5839  decode.d0.loss_cls: 0.1114  decode.d0.loss_mask: 0.7800  decode.d0.loss_dice: 0.5768  decode.d1.loss_cls: 0.0106  decode.d1.loss_mask: 0.7656  decode.d1.loss_dice: 0.5796  decode.d2.loss_cls: 0.0054  decode.d2.loss_mask: 0.7663  decode.d2.loss_dice: 0.5768  decode.d3.loss_cls: 0.0021  decode.d3.loss_mask: 0.7652  decode.d3.loss_dice: 0.5857  decode.d4.loss_cls: 0.0019  decode.d4.loss_mask: 0.7635  decode.d4.loss_dice: 0.5846  decode.d5.loss_cls: 0.0022  decode.d5.loss_mask: 0.7617  decode.d5.loss_dice: 0.5856  decode.d6.loss_cls: 0.0017  decode.d6.loss_mask: 0.7692  decode.d6.loss_dice: 0.5885  decode.d7.loss_cls: 0.0017  decode.d7.loss_mask: 0.7591  decode.d7.loss_dice: 0.5840  decode.d8.loss_cls: 0.0022  decode.d8.loss_mask: 0.7595  decode.d8.loss_dice: 0.5840
2026/07/21 02:12:26 - mmengine - INFO - Iter(train) [19200/80000]  base_lr: 4.0425e-05 lr: 4.0425e-05  eta: 20:33:53  time: 1.9229  data_time: 0.0152  memory: 9079  grad_norm: 65.3334  loss: 12.7093  decode.loss_cls: 0.0256  decode.loss_mask: 0.6559  decode.loss_dice: 0.5565  decode.d0.loss_cls: 0.0877  decode.d0.loss_mask: 0.6739  decode.d0.loss_dice: 0.6014  decode.d1.loss_cls: 0.0322  decode.d1.loss_mask: 0.6580  decode.d1.loss_dice: 0.5806  decode.d2.loss_cls: 0.0410  decode.d2.loss_mask: 0.6578  decode.d2.loss_dice: 0.5797  decode.d3.loss_cls: 0.0255  decode.d3.loss_mask: 0.6589  decode.d3.loss_dice: 0.5790  decode.d4.loss_cls: 0.0248  decode.d4.loss_mask: 0.6579  decode.d4.loss_dice: 0.5774  decode.d5.loss_cls: 0.0281  decode.d5.loss_mask: 0.6597  decode.d5.loss_dice: 0.5646  decode.d6.loss_cls: 0.0248  decode.d6.loss_mask: 0.6612  decode.d6.loss_dice: 0.5776  decode.d7.loss_cls: 0.0193  decode.d7.loss_mask: 0.6590  decode.d7.loss_dice: 0.5804  decode.d8.loss_cls: 0.0292  decode.d8.loss_mask: 0.6553  decode.d8.loss_dice: 0.5761
2026/07/21 02:15:14 - mmengine - INFO - Iter(train) [19300/80000]  base_lr: 4.0365e-05 lr: 4.0365e-05  eta: 20:34:19  time: 1.1610  data_time: 0.0155  memory: 9088  grad_norm: 45.3065  loss: 10.5891  decode.loss_cls: 0.0151  decode.loss_mask: 0.5740  decode.loss_dice: 0.4519  decode.d0.loss_cls: 0.0712  decode.d0.loss_mask: 0.5937  decode.d0.loss_dice: 0.4733  decode.d1.loss_cls: 0.0192  decode.d1.loss_mask: 0.5796  decode.d1.loss_dice: 0.4619  decode.d2.loss_cls: 0.0192  decode.d2.loss_mask: 0.5776  decode.d2.loss_dice: 0.4520  decode.d3.loss_cls: 0.0180  decode.d3.loss_mask: 0.5779  decode.d3.loss_dice: 0.4554  decode.d4.loss_cls: 0.0183  decode.d4.loss_mask: 0.5761  decode.d4.loss_dice: 0.4538  decode.d5.loss_cls: 0.0178  decode.d5.loss_mask: 0.5773  decode.d5.loss_dice: 0.4572  decode.d6.loss_cls: 0.0160  decode.d6.loss_mask: 0.5778  decode.d6.loss_dice: 0.4549  decode.d7.loss_cls: 0.0080  decode.d7.loss_mask: 0.5780  decode.d7.loss_dice: 0.4623  decode.d8.loss_cls: 0.0176  decode.d8.loss_mask: 0.5783  decode.d8.loss_dice: 0.4557
2026/07/21 02:17:11 - mmengine - INFO - Iter(train) [19400/80000]  base_lr: 4.0305e-05 lr: 4.0305e-05  eta: 20:31:59  time: 1.1520  data_time: 0.0157  memory: 9088  grad_norm: 60.0114  loss: 11.7850  decode.loss_cls: 0.0018  decode.loss_mask: 0.5866  decode.loss_dice: 0.5734  decode.d0.loss_cls: 0.0846  decode.d0.loss_mask: 0.6143  decode.d0.loss_dice: 0.5970  decode.d1.loss_cls: 0.0199  decode.d1.loss_mask: 0.5970  decode.d1.loss_dice: 0.5708  decode.d2.loss_cls: 0.0025  decode.d2.loss_mask: 0.5862  decode.d2.loss_dice: 0.5729  decode.d3.loss_cls: 0.0024  decode.d3.loss_mask: 0.5860  decode.d3.loss_dice: 0.5754  decode.d4.loss_cls: 0.0020  decode.d4.loss_mask: 0.5855  decode.d4.loss_dice: 0.5703  decode.d5.loss_cls: 0.0020  decode.d5.loss_mask: 0.5877  decode.d5.loss_dice: 0.5741  decode.d6.loss_cls: 0.0022  decode.d6.loss_mask: 0.5866  decode.d6.loss_dice: 0.5745  decode.d7.loss_cls: 0.0015  decode.d7.loss_mask: 0.5888  decode.d7.loss_dice: 0.5767  decode.d8.loss_cls: 0.0015  decode.d8.loss_mask: 0.5874  decode.d8.loss_dice: 0.5733
2026/07/21 02:19:05 - mmengine - INFO - Iter(train) [19500/80000]  base_lr: 4.0245e-05 lr: 4.0245e-05  eta: 20:29:32  time: 1.1728  data_time: 0.0156  memory: 9079  grad_norm: 49.2812  loss: 9.9331  decode.loss_cls: 0.0118  decode.loss_mask: 0.5096  decode.loss_dice: 0.4503  decode.d0.loss_cls: 0.1040  decode.d0.loss_mask: 0.5329  decode.d0.loss_dice: 0.4839  decode.d1.loss_cls: 0.0296  decode.d1.loss_mask: 0.5118  decode.d1.loss_dice: 0.4548  decode.d2.loss_cls: 0.0134  decode.d2.loss_mask: 0.5067  decode.d2.loss_dice: 0.4537  decode.d3.loss_cls: 0.0110  decode.d3.loss_mask: 0.5096  decode.d3.loss_dice: 0.4487  decode.d4.loss_cls: 0.0123  decode.d4.loss_mask: 0.5126  decode.d4.loss_dice: 0.4776  decode.d5.loss_cls: 0.0108  decode.d5.loss_mask: 0.5044  decode.d5.loss_dice: 0.4681  decode.d6.loss_cls: 0.0114  decode.d6.loss_mask: 0.5114  decode.d6.loss_dice: 0.4510  decode.d7.loss_cls: 0.0116  decode.d7.loss_mask: 0.5087  decode.d7.loss_dice: 0.4516  decode.d8.loss_cls: 0.0109  decode.d8.loss_mask: 0.5063  decode.d8.loss_dice: 0.4527
2026/07/21 02:21:00 - mmengine - INFO - Iter(train) [19600/80000]  base_lr: 4.0185e-05 lr: 4.0185e-05  eta: 20:27:09  time: 1.1525  data_time: 0.0151  memory: 9088  grad_norm: 52.9638  loss: 12.0513  decode.loss_cls: 0.0331  decode.loss_mask: 0.6053  decode.loss_dice: 0.5255  decode.d0.loss_cls: 0.1010  decode.d0.loss_mask: 0.6734  decode.d0.loss_dice: 0.5822  decode.d1.loss_cls: 0.0603  decode.d1.loss_mask: 0.6269  decode.d1.loss_dice: 0.5370  decode.d2.loss_cls: 0.0461  decode.d2.loss_mask: 0.6151  decode.d2.loss_dice: 0.5348  decode.d3.loss_cls: 0.0458  decode.d3.loss_mask: 0.6085  decode.d3.loss_dice: 0.5495  decode.d4.loss_cls: 0.0376  decode.d4.loss_mask: 0.6101  decode.d4.loss_dice: 0.5391  decode.d5.loss_cls: 0.0354  decode.d5.loss_mask: 0.6029  decode.d5.loss_dice: 0.5475  decode.d6.loss_cls: 0.0369  decode.d6.loss_mask: 0.6085  decode.d6.loss_dice: 0.5371  decode.d7.loss_cls: 0.0333  decode.d7.loss_mask: 0.6061  decode.d7.loss_dice: 0.5286  decode.d8.loss_cls: 0.0390  decode.d8.loss_mask: 0.6038  decode.d8.loss_dice: 0.5408
2026/07/21 02:22:55 - mmengine - INFO - Iter(train) [19700/80000]  base_lr: 4.0125e-05 lr: 4.0125e-05  eta: 20:24:47  time: 1.1695  data_time: 0.0149  memory: 9088  grad_norm: 66.3005  loss: 11.6108  decode.loss_cls: 0.0226  decode.loss_mask: 0.5791  decode.loss_dice: 0.5387  decode.d0.loss_cls: 0.1010  decode.d0.loss_mask: 0.6222  decode.d0.loss_dice: 0.5784  decode.d1.loss_cls: 0.0633  decode.d1.loss_mask: 0.5839  decode.d1.loss_dice: 0.5335  decode.d2.loss_cls: 0.0313  decode.d2.loss_mask: 0.5851  decode.d2.loss_dice: 0.5350  decode.d3.loss_cls: 0.0236  decode.d3.loss_mask: 0.5827  decode.d3.loss_dice: 0.5312  decode.d4.loss_cls: 0.0235  decode.d4.loss_mask: 0.5764  decode.d4.loss_dice: 0.5368  decode.d5.loss_cls: 0.0211  decode.d5.loss_mask: 0.5802  decode.d5.loss_dice: 0.5431  decode.d6.loss_cls: 0.0202  decode.d6.loss_mask: 0.5791  decode.d6.loss_dice: 0.5354  decode.d7.loss_cls: 0.0221  decode.d7.loss_mask: 0.5765  decode.d7.loss_dice: 0.5436  decode.d8.loss_cls: 0.0218  decode.d8.loss_mask: 0.5766  decode.d8.loss_dice: 0.5427
2026/07/21 02:24:51 - mmengine - INFO - Iter(train) [19800/80000]  base_lr: 4.0065e-05 lr: 4.0065e-05  eta: 20:22:27  time: 1.1628  data_time: 0.0151  memory: 9088  grad_norm: 59.1813  loss: 13.5259  decode.loss_cls: 0.0055  decode.loss_mask: 0.7376  decode.loss_dice: 0.5906  decode.d0.loss_cls: 0.0715  decode.d0.loss_mask: 0.7816  decode.d0.loss_dice: 0.6088  decode.d1.loss_cls: 0.0172  decode.d1.loss_mask: 0.7477  decode.d1.loss_dice: 0.5947  decode.d2.loss_cls: 0.0062  decode.d2.loss_mask: 0.7454  decode.d2.loss_dice: 0.5935  decode.d3.loss_cls: 0.0045  decode.d3.loss_mask: 0.7371  decode.d3.loss_dice: 0.5980  decode.d4.loss_cls: 0.0047  decode.d4.loss_mask: 0.7370  decode.d4.loss_dice: 0.5984  decode.d5.loss_cls: 0.0048  decode.d5.loss_mask: 0.7342  decode.d5.loss_dice: 0.5992  decode.d6.loss_cls: 0.0056  decode.d6.loss_mask: 0.7334  decode.d6.loss_dice: 0.5961  decode.d7.loss_cls: 0.0049  decode.d7.loss_mask: 0.7416  decode.d7.loss_dice: 0.5944  decode.d8.loss_cls: 0.0061  decode.d8.loss_mask: 0.7371  decode.d8.loss_dice: 0.5886
2026/07/21 02:26:50 - mmengine - INFO - Iter(train) [19900/80000]  base_lr: 4.0006e-05 lr: 4.0006e-05  eta: 20:20:15  time: 1.1664  data_time: 0.0154  memory: 9088  grad_norm: 76.2513  loss: 11.7551  decode.loss_cls: 0.0758  decode.loss_mask: 0.5666  decode.loss_dice: 0.4937  decode.d0.loss_cls: 0.1959  decode.d0.loss_mask: 0.5878  decode.d0.loss_dice: 0.6356  decode.d1.loss_cls: 0.0789  decode.d1.loss_mask: 0.5567  decode.d1.loss_dice: 0.5271  decode.d2.loss_cls: 0.0837  decode.d2.loss_mask: 0.5501  decode.d2.loss_dice: 0.5152  decode.d3.loss_cls: 0.0800  decode.d3.loss_mask: 0.5645  decode.d3.loss_dice: 0.5022  decode.d4.loss_cls: 0.0762  decode.d4.loss_mask: 0.5694  decode.d4.loss_dice: 0.5061  decode.d5.loss_cls: 0.0813  decode.d5.loss_mask: 0.5625  decode.d5.loss_dice: 0.4954  decode.d6.loss_cls: 0.0832  decode.d6.loss_mask: 0.5702  decode.d6.loss_dice: 0.5039  decode.d7.loss_cls: 0.0828  decode.d7.loss_mask: 0.5551  decode.d7.loss_dice: 0.5035  decode.d8.loss_cls: 0.0714  decode.d8.loss_mask: 0.5660  decode.d8.loss_dice: 0.5144
2026/07/21 02:28:46 - mmengine - INFO - Exp name: dinov3_m2f_31999_20260720_190649
2026/07/21 02:28:47 - mmengine - INFO - Iter(train) [20000/80000]  base_lr: 3.9946e-05 lr: 3.9946e-05  eta: 20:17:58  time: 1.1680  data_time: 0.0152  memory: 9079  grad_norm: 67.0006  loss: 12.7739  decode.loss_cls: 0.0336  decode.loss_mask: 0.6959  decode.loss_dice: 0.5201  decode.d0.loss_cls: 0.0883  decode.d0.loss_mask: 0.7171  decode.d0.loss_dice: 0.5312  decode.d1.loss_cls: 0.0330  decode.d1.loss_mask: 0.7053  decode.d1.loss_dice: 0.5484  decode.d2.loss_cls: 0.0081  decode.d2.loss_mask: 0.7190  decode.d2.loss_dice: 0.5568  decode.d3.loss_cls: 0.0085  decode.d3.loss_mask: 0.7234  decode.d3.loss_dice: 0.5316  decode.d4.loss_cls: 0.0097  decode.d4.loss_mask: 0.7276  decode.d4.loss_dice: 0.5492  decode.d5.loss_cls: 0.0322  decode.d5.loss_mask: 0.6886  decode.d5.loss_dice: 0.5347  decode.d6.loss_cls: 0.0118  decode.d6.loss_mask: 0.7319  decode.d6.loss_dice: 0.5608  decode.d7.loss_cls: 0.0222  decode.d7.loss_mask: 0.7089  decode.d7.loss_dice: 0.5282  decode.d8.loss_cls: 0.0344  decode.d8.loss_mask: 0.6946  decode.d8.loss_dice: 0.5187
2026/07/21 02:28:47 - mmengine - INFO - Saving checkpoint at 20000 iterations
2026/07/21 02:31:02 - mmengine - INFO - Iter(val) [100/504]    eta: 0:02:26  time: 0.3502  data_time: 0.0078  memory: 3097  
2026/07/21 02:31:37 - mmengine - INFO - Iter(val) [200/504]    eta: 0:01:48  time: 0.3513  data_time: 0.0078  memory: 3097  
2026/07/21 02:32:12 - mmengine - INFO - Iter(val) [300/504]    eta: 0:01:12  time: 0.3527  data_time: 0.0079  memory: 3097  
2026/07/21 02:32:47 - mmengine - INFO - Iter(val) [400/504]    eta: 0:00:36  time: 0.3445  data_time: 0.0079  memory: 3097  
2026/07/21 02:33:22 - mmengine - INFO - Iter(val) [500/504]    eta: 0:00:01  time: 0.3598  data_time: 0.0075  memory: 3097  
2026/07/21 02:33:26 - mmengine - INFO - per class results:
2026/07/21 02:33:26 - mmengine - INFO - 
+--------------------+-------+-------+--------+-----------+--------+
|       Class        |  IoU  |  Acc  | Fscore | Precision | Recall |
+--------------------+-------+-------+--------+-----------+--------+
| impervious_surface | 86.64 | 90.72 | 92.84  |   95.06   | 90.72  |
|      building      | 95.55 | 96.85 | 97.72  |   98.62   | 96.85  |
|   low_vegetation   | 79.11 | 93.44 | 88.34  |   83.76   | 93.44  |
|        tree        | 80.76 | 86.82 | 89.36  |   92.05   | 86.82  |
|        car         | 94.69 |  96.4 | 97.27  |   98.16   |  96.4  |
+--------------------+-------+-------+--------+-----------+--------+
2026/07/21 02:33:26 - mmengine - INFO - Iter(val) [504/504]    aAcc: 92.0800  mIoU: 87.3500  mAcc: 92.8400  mFscore: 93.1100  mPrecision: 93.5300  mRecall: 92.8400  data_time: 0.0101  time: 0.3528
2026/07/21 02:35:22 - mmengine - INFO - Iter(train) [20100/80000]  base_lr: 3.9886e-05 lr: 3.9886e-05  eta: 20:15:46  time: 1.1731  data_time: 0.0154  memory: 9088  grad_norm: 83.3444  loss: 15.9513  decode.loss_cls: 0.0198  decode.loss_mask: 0.8913  decode.loss_dice: 0.6583  decode.d0.loss_cls: 0.1216  decode.d0.loss_mask: 0.9440  decode.d0.loss_dice: 0.6790  decode.d1.loss_cls: 0.0430  decode.d1.loss_mask: 0.9017  decode.d1.loss_dice: 0.6591  decode.d2.loss_cls: 0.0424  decode.d2.loss_mask: 0.8999  decode.d2.loss_dice: 0.6641  decode.d3.loss_cls: 0.0212  decode.d3.loss_mask: 0.8952  decode.d3.loss_dice: 0.6655  decode.d4.loss_cls: 0.0180  decode.d4.loss_mask: 0.8949  decode.d4.loss_dice: 0.6629  decode.d5.loss_cls: 0.0171  decode.d5.loss_mask: 0.8976  decode.d5.loss_dice: 0.6577  decode.d6.loss_cls: 0.0138  decode.d6.loss_mask: 0.8929  decode.d6.loss_dice: 0.6553  decode.d7.loss_cls: 0.0210  decode.d7.loss_mask: 0.8928  decode.d7.loss_dice: 0.6536  decode.d8.loss_cls: 0.0191  decode.d8.loss_mask: 0.8863  decode.d8.loss_dice: 0.6620
2026/07/21 02:37:15 - mmengine - INFO - Iter(train) [20200/80000]  base_lr: 3.9826e-05 lr: 3.9826e-05  eta: 20:13:20  time: 1.1460  data_time: 0.0154  memory: 9088  grad_norm: 66.2726  loss: 12.0692  decode.loss_cls: 0.0299  decode.loss_mask: 0.6170  decode.loss_dice: 0.5727  decode.d0.loss_cls: 0.1179  decode.d0.loss_mask: 0.6412  decode.d0.loss_dice: 0.5861  decode.d1.loss_cls: 0.0371  decode.d1.loss_mask: 0.6275  decode.d1.loss_dice: 0.5677  decode.d2.loss_cls: 0.0373  decode.d2.loss_mask: 0.6158  decode.d2.loss_dice: 0.5494  decode.d3.loss_cls: 0.0189  decode.d3.loss_mask: 0.6111  decode.d3.loss_dice: 0.5414  decode.d4.loss_cls: 0.0179  decode.d4.loss_mask: 0.6141  decode.d4.loss_dice: 0.5475  decode.d5.loss_cls: 0.0196  decode.d5.loss_mask: 0.6147  decode.d5.loss_dice: 0.5587  decode.d6.loss_cls: 0.0197  decode.d6.loss_mask: 0.6169  decode.d6.loss_dice: 0.5328  decode.d7.loss_cls: 0.0247  decode.d7.loss_mask: 0.6163  decode.d7.loss_dice: 0.5461  decode.d8.loss_cls: 0.0214  decode.d8.loss_mask: 0.6126  decode.d8.loss_dice: 0.5351
2026/07/21 02:39:10 - mmengine - INFO - Iter(train) [20300/80000]  base_lr: 3.9766e-05 lr: 3.9766e-05  eta: 20:10:59  time: 1.1501  data_time: 0.0154  memory: 9088  grad_norm: 82.8383  loss: 11.8236  decode.loss_cls: 0.0282  decode.loss_mask: 0.6022  decode.loss_dice: 0.5139  decode.d0.loss_cls: 0.1150  decode.d0.loss_mask: 0.6631  decode.d0.loss_dice: 0.5847  decode.d1.loss_cls: 0.0467  decode.d1.loss_mask: 0.6090  decode.d1.loss_dice: 0.5267  decode.d2.loss_cls: 0.0403  decode.d2.loss_mask: 0.5992  decode.d2.loss_dice: 0.5207  decode.d3.loss_cls: 0.0325  decode.d3.loss_mask: 0.6139  decode.d3.loss_dice: 0.5190  decode.d4.loss_cls: 0.0306  decode.d4.loss_mask: 0.6181  decode.d4.loss_dice: 0.5202  decode.d5.loss_cls: 0.0318  decode.d5.loss_mask: 0.6093  decode.d5.loss_dice: 0.5208  decode.d6.loss_cls: 0.0333  decode.d6.loss_mask: 0.6115  decode.d6.loss_dice: 0.5161  decode.d7.loss_cls: 0.0316  decode.d7.loss_mask: 0.6154  decode.d7.loss_dice: 0.5233  decode.d8.loss_cls: 0.0281  decode.d8.loss_mask: 0.5999  decode.d8.loss_dice: 0.5182
2026/07/21 02:41:06 - mmengine - INFO - Iter(train) [20400/80000]  base_lr: 3.9706e-05 lr: 3.9706e-05  eta: 20:08:41  time: 1.1479  data_time: 0.0151  memory: 9088  grad_norm: 42.0383  loss: 9.1344  decode.loss_cls: 0.0173  decode.loss_mask: 0.4281  decode.loss_dice: 0.4473  decode.d0.loss_cls: 0.0945  decode.d0.loss_mask: 0.4376  decode.d0.loss_dice: 0.4776  decode.d1.loss_cls: 0.0196  decode.d1.loss_mask: 0.4336  decode.d1.loss_dice: 0.4579  decode.d2.loss_cls: 0.0190  decode.d2.loss_mask: 0.4298  decode.d2.loss_dice: 0.4540  decode.d3.loss_cls: 0.0226  decode.d3.loss_mask: 0.4295  decode.d3.loss_dice: 0.4574  decode.d4.loss_cls: 0.0171  decode.d4.loss_mask: 0.4291  decode.d4.loss_dice: 0.4616  decode.d5.loss_cls: 0.0219  decode.d5.loss_mask: 0.4277  decode.d5.loss_dice: 0.4528  decode.d6.loss_cls: 0.0211  decode.d6.loss_mask: 0.4292  decode.d6.loss_dice: 0.4519  decode.d7.loss_cls: 0.0210  decode.d7.loss_mask: 0.4277  decode.d7.loss_dice: 0.4543  decode.d8.loss_cls: 0.0220  decode.d8.loss_mask: 0.4267  decode.d8.loss_dice: 0.4446
2026/07/21 02:43:02 - mmengine - INFO - Iter(train) [20500/80000]  base_lr: 3.9646e-05 lr: 3.9646e-05  eta: 20:06:20  time: 1.1496  data_time: 0.0150  memory: 9088  grad_norm: 71.2474  loss: 13.3454  decode.loss_cls: 0.0288  decode.loss_mask: 0.7125  decode.loss_dice: 0.5846  decode.d0.loss_cls: 0.1103  decode.d0.loss_mask: 0.7298  decode.d0.loss_dice: 0.5848  decode.d1.loss_cls: 0.0396  decode.d1.loss_mask: 0.7149  decode.d1.loss_dice: 0.5864  decode.d2.loss_cls: 0.0349  decode.d2.loss_mask: 0.7090  decode.d2.loss_dice: 0.5873  decode.d3.loss_cls: 0.0248  decode.d3.loss_mask: 0.7100  decode.d3.loss_dice: 0.5826  decode.d4.loss_cls: 0.0196  decode.d4.loss_mask: 0.7099  decode.d4.loss_dice: 0.5843  decode.d5.loss_cls: 0.0250  decode.d5.loss_mask: 0.7109  decode.d5.loss_dice: 0.5830  decode.d6.loss_cls: 0.0269  decode.d6.loss_mask: 0.7102  decode.d6.loss_dice: 0.5806  decode.d7.loss_cls: 0.0260  decode.d7.loss_mask: 0.7141  decode.d7.loss_dice: 0.5834  decode.d8.loss_cls: 0.0326  decode.d8.loss_mask: 0.7080  decode.d8.loss_dice: 0.5908
2026/07/21 02:44:57 - mmengine - INFO - Iter(train) [20600/80000]  base_lr: 3.9586e-05 lr: 3.9586e-05  eta: 20:04:02  time: 1.1742  data_time: 0.0153  memory: 9088  grad_norm: 80.7523  loss: 12.3296  decode.loss_cls: 0.0171  decode.loss_mask: 0.6575  decode.loss_dice: 0.5338  decode.d0.loss_cls: 0.1393  decode.d0.loss_mask: 0.7402  decode.d0.loss_dice: 0.5512  decode.d1.loss_cls: 0.0345  decode.d1.loss_mask: 0.6626  decode.d1.loss_dice: 0.5318  decode.d2.loss_cls: 0.0215  decode.d2.loss_mask: 0.6583  decode.d2.loss_dice: 0.5371  decode.d3.loss_cls: 0.0174  decode.d3.loss_mask: 0.6589  decode.d3.loss_dice: 0.5332  decode.d4.loss_cls: 0.0137  decode.d4.loss_mask: 0.6647  decode.d4.loss_dice: 0.5287  decode.d5.loss_cls: 0.0130  decode.d5.loss_mask: 0.6574  decode.d5.loss_dice: 0.5363  decode.d6.loss_cls: 0.0128  decode.d6.loss_mask: 0.6620  decode.d6.loss_dice: 0.5293  decode.d7.loss_cls: 0.0146  decode.d7.loss_mask: 0.6625  decode.d7.loss_dice: 0.5305  decode.d8.loss_cls: 0.0153  decode.d8.loss_mask: 0.6652  decode.d8.loss_dice: 0.5291
2026/07/21 02:46:54 - mmengine - INFO - Iter(train) [20700/80000]  base_lr: 3.9526e-05 lr: 3.9526e-05  eta: 20:01:45  time: 1.1514  data_time: 0.0151  memory: 9088  grad_norm: 68.2017  loss: 13.4885  decode.loss_cls: 0.0086  decode.loss_mask: 0.7325  decode.loss_dice: 0.5972  decode.d0.loss_cls: 0.0930  decode.d0.loss_mask: 0.7501  decode.d0.loss_dice: 0.6184  decode.d1.loss_cls: 0.0292  decode.d1.loss_mask: 0.7260  decode.d1.loss_dice: 0.6045  decode.d2.loss_cls: 0.0106  decode.d2.loss_mask: 0.7272  decode.d2.loss_dice: 0.6006  decode.d3.loss_cls: 0.0095  decode.d3.loss_mask: 0.7256  decode.d3.loss_dice: 0.5980  decode.d4.loss_cls: 0.0086  decode.d4.loss_mask: 0.7310  decode.d4.loss_dice: 0.5953  decode.d5.loss_cls: 0.0077  decode.d5.loss_mask: 0.7280  decode.d5.loss_dice: 0.5931  decode.d6.loss_cls: 0.0085  decode.d6.loss_mask: 0.7228  decode.d6.loss_dice: 0.5932  decode.d7.loss_cls: 0.0090  decode.d7.loss_mask: 0.7277  decode.d7.loss_dice: 0.5984  decode.d8.loss_cls: 0.0096  decode.d8.loss_mask: 0.7283  decode.d8.loss_dice: 0.5963
2026/07/21 02:48:51 - mmengine - INFO - Iter(train) [20800/80000]  base_lr: 3.9466e-05 lr: 3.9466e-05  eta: 19:59:32  time: 1.1549  data_time: 0.0155  memory: 9088  grad_norm: 120.7310  loss: 15.7729  decode.loss_cls: 0.1115  decode.loss_mask: 0.7655  decode.loss_dice: 0.6406  decode.d0.loss_cls: 0.3105  decode.d0.loss_mask: 0.8401  decode.d0.loss_dice: 0.7836  decode.d1.loss_cls: 0.1404  decode.d1.loss_mask: 0.7972  decode.d1.loss_dice: 0.6569  decode.d2.loss_cls: 0.1364  decode.d2.loss_mask: 0.7744  decode.d2.loss_dice: 0.6666  decode.d3.loss_cls: 0.1174  decode.d3.loss_mask: 0.7574  decode.d3.loss_dice: 0.6459  decode.d4.loss_cls: 0.1227  decode.d4.loss_mask: 0.7959  decode.d4.loss_dice: 0.6652  decode.d5.loss_cls: 0.1144  decode.d5.loss_mask: 0.7706  decode.d5.loss_dice: 0.6451  decode.d6.loss_cls: 0.1099  decode.d6.loss_mask: 0.7507  decode.d6.loss_dice: 0.6276  decode.d7.loss_cls: 0.1093  decode.d7.loss_mask: 0.7635  decode.d7.loss_dice: 0.6435  decode.d8.loss_cls: 0.1096  decode.d8.loss_mask: 0.7594  decode.d8.loss_dice: 0.6411
2026/07/21 02:50:47 - mmengine - INFO - Iter(train) [20900/80000]  base_lr: 3.9406e-05 lr: 3.9406e-05  eta: 19:57:14  time: 1.1593  data_time: 0.0149  memory: 9079  grad_norm: 54.8974  loss: 10.6690  decode.loss_cls: 0.0239  decode.loss_mask: 0.5191  decode.loss_dice: 0.5154  decode.d0.loss_cls: 0.0901  decode.d0.loss_mask: 0.5326  decode.d0.loss_dice: 0.5344  decode.d1.loss_cls: 0.0407  decode.d1.loss_mask: 0.5168  decode.d1.loss_dice: 0.5116  decode.d2.loss_cls: 0.0395  decode.d2.loss_mask: 0.5175  decode.d2.loss_dice: 0.4882  decode.d3.loss_cls: 0.0302  decode.d3.loss_mask: 0.5167  decode.d3.loss_dice: 0.5056  decode.d4.loss_cls: 0.0365  decode.d4.loss_mask: 0.5177  decode.d4.loss_dice: 0.4912  decode.d5.loss_cls: 0.0407  decode.d5.loss_mask: 0.5184  decode.d5.loss_dice: 0.5066  decode.d6.loss_cls: 0.0276  decode.d6.loss_mask: 0.5193  decode.d6.loss_dice: 0.5150  decode.d7.loss_cls: 0.0290  decode.d7.loss_mask: 0.5199  decode.d7.loss_dice: 0.5062  decode.d8.loss_cls: 0.0270  decode.d8.loss_mask: 0.5191  decode.d8.loss_dice: 0.5126
2026/07/21 02:52:42 - mmengine - INFO - Exp name: dinov3_m2f_31999_20260720_190649
2026/07/21 02:52:42 - mmengine - INFO - Iter(train) [21000/80000]  base_lr: 3.9346e-05 lr: 3.9346e-05  eta: 19:54:52  time: 0.9482  data_time: 0.0155  memory: 9088  grad_norm: 70.2207  loss: 13.1788  decode.loss_cls: 0.0113  decode.loss_mask: 0.7294  decode.loss_dice: 0.5547  decode.d0.loss_cls: 0.0963  decode.d0.loss_mask: 0.7828  decode.d0.loss_dice: 0.5866  decode.d1.loss_cls: 0.0242  decode.d1.loss_mask: 0.7307  decode.d1.loss_dice: 0.5623  decode.d2.loss_cls: 0.0173  decode.d2.loss_mask: 0.7269  decode.d2.loss_dice: 0.5570  decode.d3.loss_cls: 0.0099  decode.d3.loss_mask: 0.7334  decode.d3.loss_dice: 0.5673  decode.d4.loss_cls: 0.0111  decode.d4.loss_mask: 0.7287  decode.d4.loss_dice: 0.5631  decode.d5.loss_cls: 0.0107  decode.d5.loss_mask: 0.7308  decode.d5.loss_dice: 0.5590  decode.d6.loss_cls: 0.0090  decode.d6.loss_mask: 0.7265  decode.d6.loss_dice: 0.5549  decode.d7.loss_cls: 0.0098  decode.d7.loss_mask: 0.7277  decode.d7.loss_dice: 0.5590  decode.d8.loss_cls: 0.0094  decode.d8.loss_mask: 0.7307  decode.d8.loss_dice: 0.5582
2026/07/21 02:54:39 - mmengine - INFO - Iter(train) [21100/80000]  base_lr: 3.9286e-05 lr: 3.9286e-05  eta: 19:52:40  time: 1.2107  data_time: 0.0152  memory: 9088  grad_norm: 66.9849  loss: 13.3505  decode.loss_cls: 0.0013  decode.loss_mask: 0.7654  decode.loss_dice: 0.5536  decode.d0.loss_cls: 0.0777  decode.d0.loss_mask: 0.7805  decode.d0.loss_dice: 0.5785  decode.d1.loss_cls: 0.0111  decode.d1.loss_mask: 0.7644  decode.d1.loss_dice: 0.5667  decode.d2.loss_cls: 0.0038  decode.d2.loss_mask: 0.7612  decode.d2.loss_dice: 0.5614  decode.d3.loss_cls: 0.0036  decode.d3.loss_mask: 0.7593  decode.d3.loss_dice: 0.5594  decode.d4.loss_cls: 0.0027  decode.d4.loss_mask: 0.7589  decode.d4.loss_dice: 0.5508  decode.d5.loss_cls: 0.0021  decode.d5.loss_mask: 0.7610  decode.d5.loss_dice: 0.5509  decode.d6.loss_cls: 0.0030  decode.d6.loss_mask: 0.7704  decode.d6.loss_dice: 0.5597  decode.d7.loss_cls: 0.0017  decode.d7.loss_mask: 0.7646  decode.d7.loss_dice: 0.5582  decode.d8.loss_cls: 0.0017  decode.d8.loss_mask: 0.7638  decode.d8.loss_dice: 0.5532
2026/07/21 02:57:28 - mmengine - INFO - Iter(train) [21200/80000]  base_lr: 3.9226e-05 lr: 3.9226e-05  eta: 19:52:51  time: 2.0422  data_time: 0.0156  memory: 9079  grad_norm: 63.8315  loss: 11.1082  decode.loss_cls: 0.0267  decode.loss_mask: 0.5744  decode.loss_dice: 0.5028  decode.d0.loss_cls: 0.1108  decode.d0.loss_mask: 0.5772  decode.d0.loss_dice: 0.5272  decode.d1.loss_cls: 0.0350  decode.d1.loss_mask: 0.5658  decode.d1.loss_dice: 0.4993  decode.d2.loss_cls: 0.0259  decode.d2.loss_mask: 0.5617  decode.d2.loss_dice: 0.4891  decode.d3.loss_cls: 0.0211  decode.d3.loss_mask: 0.5672  decode.d3.loss_dice: 0.4979  decode.d4.loss_cls: 0.0216  decode.d4.loss_mask: 0.5743  decode.d4.loss_dice: 0.5043  decode.d5.loss_cls: 0.0204  decode.d5.loss_mask: 0.5806  decode.d5.loss_dice: 0.5037  decode.d6.loss_cls: 0.0152  decode.d6.loss_mask: 0.5854  decode.d6.loss_dice: 0.5106  decode.d7.loss_cls: 0.0166  decode.d7.loss_mask: 0.5785  decode.d7.loss_dice: 0.5038  decode.d8.loss_cls: 0.0181  decode.d8.loss_mask: 0.5829  decode.d8.loss_dice: 0.5105
2026/07/21 02:59:35 - mmengine - INFO - Iter(train) [21300/80000]  base_lr: 3.9166e-05 lr: 3.9166e-05  eta: 19:51:01  time: 1.1431  data_time: 0.0153  memory: 9088  grad_norm: 71.8541  loss: 14.0557  decode.loss_cls: 0.0320  decode.loss_mask: 0.7131  decode.loss_dice: 0.6337  decode.d0.loss_cls: 0.1669  decode.d0.loss_mask: 0.7703  decode.d0.loss_dice: 0.6943  decode.d1.loss_cls: 0.0680  decode.d1.loss_mask: 0.7213  decode.d1.loss_dice: 0.6330  decode.d2.loss_cls: 0.0440  decode.d2.loss_mask: 0.7150  decode.d2.loss_dice: 0.6265  decode.d3.loss_cls: 0.0497  decode.d3.loss_mask: 0.7207  decode.d3.loss_dice: 0.6091  decode.d4.loss_cls: 0.0388  decode.d4.loss_mask: 0.7262  decode.d4.loss_dice: 0.6120  decode.d5.loss_cls: 0.0357  decode.d5.loss_mask: 0.7125  decode.d5.loss_dice: 0.6080  decode.d6.loss_cls: 0.0325  decode.d6.loss_mask: 0.7220  decode.d6.loss_dice: 0.6181  decode.d7.loss_cls: 0.0302  decode.d7.loss_mask: 0.7165  decode.d7.loss_dice: 0.6300  decode.d8.loss_cls: 0.0289  decode.d8.loss_mask: 0.7112  decode.d8.loss_dice: 0.6355
2026/07/21 03:01:30 - mmengine - INFO - Iter(train) [21400/80000]  base_lr: 3.9106e-05 lr: 3.9106e-05  eta: 19:48:41  time: 1.1374  data_time: 0.0153  memory: 9088  grad_norm: 48.5553  loss: 8.2166  decode.loss_cls: 0.0332  decode.loss_mask: 0.3586  decode.loss_dice: 0.3811  decode.d0.loss_cls: 0.2798  decode.d0.loss_mask: 0.3781  decode.d0.loss_dice: 0.4415  decode.d1.loss_cls: 0.0871  decode.d1.loss_mask: 0.3753  decode.d1.loss_dice: 0.3935  decode.d2.loss_cls: 0.0622  decode.d2.loss_mask: 0.3621  decode.d2.loss_dice: 0.3702  decode.d3.loss_cls: 0.0379  decode.d3.loss_mask: 0.3674  decode.d3.loss_dice: 0.3816  decode.d4.loss_cls: 0.0379  decode.d4.loss_mask: 0.3649  decode.d4.loss_dice: 0.3924  decode.d5.loss_cls: 0.0376  decode.d5.loss_mask: 0.3644  decode.d5.loss_dice: 0.3872  decode.d6.loss_cls: 0.0287  decode.d6.loss_mask: 0.3651  decode.d6.loss_dice: 0.3848  decode.d7.loss_cls: 0.0343  decode.d7.loss_mask: 0.3638  decode.d7.loss_dice: 0.3735  decode.d8.loss_cls: 0.0292  decode.d8.loss_mask: 0.3615  decode.d8.loss_dice: 0.3815
2026/07/21 03:03:25 - mmengine - INFO - Iter(train) [21500/80000]  base_lr: 3.9046e-05 lr: 3.9046e-05  eta: 19:46:22  time: 1.1474  data_time: 0.0154  memory: 9088  grad_norm: 80.8942  loss: 13.7915  decode.loss_cls: 0.0216  decode.loss_mask: 0.7118  decode.loss_dice: 0.6222  decode.d0.loss_cls: 0.1010  decode.d0.loss_mask: 0.7565  decode.d0.loss_dice: 0.6524  decode.d1.loss_cls: 0.0463  decode.d1.loss_mask: 0.7105  decode.d1.loss_dice: 0.6511  decode.d2.loss_cls: 0.0294  decode.d2.loss_mask: 0.7147  decode.d2.loss_dice: 0.6266  decode.d3.loss_cls: 0.0263  decode.d3.loss_mask: 0.7101  decode.d3.loss_dice: 0.6309  decode.d4.loss_cls: 0.0211  decode.d4.loss_mask: 0.7051  decode.d4.loss_dice: 0.6308  decode.d5.loss_cls: 0.0225  decode.d5.loss_mask: 0.7043  decode.d5.loss_dice: 0.6292  decode.d6.loss_cls: 0.0181  decode.d6.loss_mask: 0.7104  decode.d6.loss_dice: 0.6274  decode.d7.loss_cls: 0.0169  decode.d7.loss_mask: 0.7048  decode.d7.loss_dice: 0.6374  decode.d8.loss_cls: 0.0189  decode.d8.loss_mask: 0.7128  decode.d8.loss_dice: 0.6205
2026/07/21 03:05:20 - mmengine - INFO - Iter(train) [21600/80000]  base_lr: 3.8986e-05 lr: 3.8986e-05  eta: 19:44:03  time: 1.1170  data_time: 0.0151  memory: 9088  grad_norm: 53.7962  loss: 8.7771  decode.loss_cls: 0.0075  decode.loss_mask: 0.4444  decode.loss_dice: 0.4038  decode.d0.loss_cls: 0.1501  decode.d0.loss_mask: 0.4606  decode.d0.loss_dice: 0.4422  decode.d1.loss_cls: 0.0123  decode.d1.loss_mask: 0.4490  decode.d1.loss_dice: 0.4041  decode.d2.loss_cls: 0.0105  decode.d2.loss_mask: 0.4507  decode.d2.loss_dice: 0.4020  decode.d3.loss_cls: 0.0067  decode.d3.loss_mask: 0.4493  decode.d3.loss_dice: 0.4054  decode.d4.loss_cls: 0.0065  decode.d4.loss_mask: 0.4473  decode.d4.loss_dice: 0.4044  decode.d5.loss_cls: 0.0060  decode.d5.loss_mask: 0.4480  decode.d5.loss_dice: 0.4020  decode.d6.loss_cls: 0.0061  decode.d6.loss_mask: 0.4449  decode.d6.loss_dice: 0.4031  decode.d7.loss_cls: 0.0069  decode.d7.loss_mask: 0.4473  decode.d7.loss_dice: 0.3978  decode.d8.loss_cls: 0.0067  decode.d8.loss_mask: 0.4478  decode.d8.loss_dice: 0.4039
2026/07/21 03:07:20 - mmengine - INFO - Iter(train) [21700/80000]  base_lr: 3.8926e-05 lr: 3.8926e-05  eta: 19:41:55  time: 1.1504  data_time: 0.0150  memory: 9079  grad_norm: 110.1219  loss: 11.7993  decode.loss_cls: 0.0066  decode.loss_mask: 0.6224  decode.loss_dice: 0.5350  decode.d0.loss_cls: 0.1679  decode.d0.loss_mask: 0.6285  decode.d0.loss_dice: 0.5598  decode.d1.loss_cls: 0.0164  decode.d1.loss_mask: 0.6226  decode.d1.loss_dice: 0.5094  decode.d2.loss_cls: 0.0099  decode.d2.loss_mask: 0.6245  decode.d2.loss_dice: 0.5480  decode.d3.loss_cls: 0.0089  decode.d3.loss_mask: 0.6235  decode.d3.loss_dice: 0.5335  decode.d4.loss_cls: 0.0086  decode.d4.loss_mask: 0.6222  decode.d4.loss_dice: 0.5506  decode.d5.loss_cls: 0.0095  decode.d5.loss_mask: 0.6179  decode.d5.loss_dice: 0.5274  decode.d6.loss_cls: 0.0106  decode.d6.loss_mask: 0.6228  decode.d6.loss_dice: 0.5125  decode.d7.loss_cls: 0.0065  decode.d7.loss_mask: 0.6227  decode.d7.loss_dice: 0.5334  decode.d8.loss_cls: 0.0068  decode.d8.loss_mask: 0.6266  decode.d8.loss_dice: 0.5040
2026/07/21 03:09:16 - mmengine - INFO - Iter(train) [21800/80000]  base_lr: 3.8865e-05 lr: 3.8865e-05  eta: 19:39:40  time: 1.1642  data_time: 0.0149  memory: 9079  grad_norm: 62.1745  loss: 12.2602  decode.loss_cls: 0.0062  decode.loss_mask: 0.6430  decode.loss_dice: 0.5693  decode.d0.loss_cls: 0.0773  decode.d0.loss_mask: 0.6671  decode.d0.loss_dice: 0.5777  decode.d1.loss_cls: 0.0099  decode.d1.loss_mask: 0.6405  decode.d1.loss_dice: 0.5664  decode.d2.loss_cls: 0.0066  decode.d2.loss_mask: 0.6390  decode.d2.loss_dice: 0.5708  decode.d3.loss_cls: 0.0070  decode.d3.loss_mask: 0.6401  decode.d3.loss_dice: 0.5527  decode.d4.loss_cls: 0.0113  decode.d4.loss_mask: 0.6390  decode.d4.loss_dice: 0.5706  decode.d5.loss_cls: 0.0070  decode.d5.loss_mask: 0.6397  decode.d5.loss_dice: 0.5677  decode.d6.loss_cls: 0.0139  decode.d6.loss_mask: 0.6378  decode.d6.loss_dice: 0.5582  decode.d7.loss_cls: 0.0066  decode.d7.loss_mask: 0.6394  decode.d7.loss_dice: 0.5751  decode.d8.loss_cls: 0.0131  decode.d8.loss_mask: 0.6418  decode.d8.loss_dice: 0.5656
2026/07/21 03:11:13 - mmengine - INFO - Iter(train) [21900/80000]  base_lr: 3.8805e-05 lr: 3.8805e-05  eta: 19:37:25  time: 1.1643  data_time: 0.0147  memory: 9088  grad_norm: 51.2846  loss: 7.5138  decode.loss_cls: 0.0115  decode.loss_mask: 0.3639  decode.loss_dice: 0.3464  decode.d0.loss_cls: 0.1313  decode.d0.loss_mask: 0.3751  decode.d0.loss_dice: 0.3727  decode.d1.loss_cls: 0.0246  decode.d1.loss_mask: 0.3683  decode.d1.loss_dice: 0.3644  decode.d2.loss_cls: 0.0126  decode.d2.loss_mask: 0.3660  decode.d2.loss_dice: 0.3607  decode.d3.loss_cls: 0.0162  decode.d3.loss_mask: 0.3655  decode.d3.loss_dice: 0.3326  decode.d4.loss_cls: 0.0153  decode.d4.loss_mask: 0.3619  decode.d4.loss_dice: 0.3673  decode.d5.loss_cls: 0.0137  decode.d5.loss_mask: 0.3634  decode.d5.loss_dice: 0.3592  decode.d6.loss_cls: 0.0146  decode.d6.loss_mask: 0.3648  decode.d6.loss_dice: 0.3575  decode.d7.loss_cls: 0.0144  decode.d7.loss_mask: 0.3645  decode.d7.loss_dice: 0.3665  decode.d8.loss_cls: 0.0117  decode.d8.loss_mask: 0.3693  decode.d8.loss_dice: 0.3579
2026/07/21 03:13:09 - mmengine - INFO - Exp name: dinov3_m2f_31999_20260720_190649
2026/07/21 03:13:09 - mmengine - INFO - Iter(train) [22000/80000]  base_lr: 3.8745e-05 lr: 3.8745e-05  eta: 19:35:09  time: 1.1582  data_time: 0.0151  memory: 9088  grad_norm: 65.0644  loss: 12.4641  decode.loss_cls: 0.0130  decode.loss_mask: 0.6589  decode.loss_dice: 0.5570  decode.d0.loss_cls: 0.0912  decode.d0.loss_mask: 0.7023  decode.d0.loss_dice: 0.5960  decode.d1.loss_cls: 0.0184  decode.d1.loss_mask: 0.6688  decode.d1.loss_dice: 0.5632  decode.d2.loss_cls: 0.0143  decode.d2.loss_mask: 0.6612  decode.d2.loss_dice: 0.5586  decode.d3.loss_cls: 0.0099  decode.d3.loss_mask: 0.6603  decode.d3.loss_dice: 0.5569  decode.d4.loss_cls: 0.0118  decode.d4.loss_mask: 0.6582  decode.d4.loss_dice: 0.5546  decode.d5.loss_cls: 0.0122  decode.d5.loss_mask: 0.6590  decode.d5.loss_dice: 0.5614  decode.d6.loss_cls: 0.0089  decode.d6.loss_mask: 0.6627  decode.d6.loss_dice: 0.5584  decode.d7.loss_cls: 0.0129  decode.d7.loss_mask: 0.6614  decode.d7.loss_dice: 0.5389  decode.d8.loss_cls: 0.0146  decode.d8.loss_mask: 0.6578  decode.d8.loss_dice: 0.5614
2026/07/21 03:13:09 - mmengine - INFO - Saving checkpoint at 22000 iterations
2026/07/21 03:14:48 - mmengine - INFO - Iter(val) [100/504]    eta: 0:02:25  time: 0.3447  data_time: 0.0079  memory: 3097  
2026/07/21 03:15:23 - mmengine - INFO - Iter(val) [200/504]    eta: 0:01:47  time: 0.3437  data_time: 0.0077  memory: 3097  
2026/07/21 03:15:58 - mmengine - INFO - Iter(val) [300/504]    eta: 0:01:12  time: 0.3509  data_time: 0.0080  memory: 3097  
2026/07/21 03:16:33 - mmengine - INFO - Iter(val) [400/504]    eta: 0:00:36  time: 0.3537  data_time: 0.0076  memory: 3097  
2026/07/21 03:17:08 - mmengine - INFO - Iter(val) [500/504]    eta: 0:00:01  time: 0.3355  data_time: 0.0075  memory: 3097  
2026/07/21 03:17:12 - mmengine - INFO - per class results:
2026/07/21 03:17:12 - mmengine - INFO - 
+--------------------+-------+-------+--------+-----------+--------+
|       Class        |  IoU  |  Acc  | Fscore | Precision | Recall |
+--------------------+-------+-------+--------+-----------+--------+
| impervious_surface | 88.36 |  93.0 | 93.82  |   94.66   |  93.0  |
|      building      | 96.04 |  98.2 | 97.98  |   97.76   |  98.2  |
|   low_vegetation   | 79.95 | 92.34 | 88.86  |   85.63   | 92.34  |
|        tree        | 80.28 | 85.92 | 89.06  |   92.44   | 85.92  |
|        car         | 94.35 | 95.91 | 97.09  |    98.3   | 95.91  |
+--------------------+-------+-------+--------+-----------+--------+
2026/07/21 03:17:12 - mmengine - INFO - Iter(val) [504/504]    aAcc: 92.5100  mIoU: 87.8000  mAcc: 93.0700  mFscore: 93.3600  mPrecision: 93.7600  mRecall: 93.0700  data_time: 0.0102  time: 0.3521
2026/07/21 03:19:07 - mmengine - INFO - Iter(train) [22100/80000]  base_lr: 3.8685e-05 lr: 3.8685e-05  eta: 19:32:58  time: 1.1486  data_time: 0.0152  memory: 9079  grad_norm: 50.0929  loss: 9.3313  decode.loss_cls: 0.0051  decode.loss_mask: 0.4582  decode.loss_dice: 0.4422  decode.d0.loss_cls: 0.1010  decode.d0.loss_mask: 0.4670  decode.d0.loss_dice: 0.4542  decode.d1.loss_cls: 0.0330  decode.d1.loss_mask: 0.4675  decode.d1.loss_dice: 0.4426  decode.d2.loss_cls: 0.0178  decode.d2.loss_mask: 0.4650  decode.d2.loss_dice: 0.4445  decode.d3.loss_cls: 0.0056  decode.d3.loss_mask: 0.4611  decode.d3.loss_dice: 0.4510  decode.d4.loss_cls: 0.0065  decode.d4.loss_mask: 0.4644  decode.d4.loss_dice: 0.4452  decode.d5.loss_cls: 0.0066  decode.d5.loss_mask: 0.4650  decode.d5.loss_dice: 0.4462  decode.d6.loss_cls: 0.0051  decode.d6.loss_mask: 0.4659  decode.d6.loss_dice: 0.4700  decode.d7.loss_cls: 0.0050  decode.d7.loss_mask: 0.4602  decode.d7.loss_dice: 0.4572  decode.d8.loss_cls: 0.0058  decode.d8.loss_mask: 0.4624  decode.d8.loss_dice: 0.4498
2026/07/21 03:21:03 - mmengine - INFO - Iter(train) [22200/80000]  base_lr: 3.8625e-05 lr: 3.8625e-05  eta: 19:30:40  time: 1.1510  data_time: 0.0154  memory: 9088  grad_norm: 58.3126  loss: 11.5850  decode.loss_cls: 0.0086  decode.loss_mask: 0.6324  decode.loss_dice: 0.4918  decode.d0.loss_cls: 0.0854  decode.d0.loss_mask: 0.6933  decode.d0.loss_dice: 0.5328  decode.d1.loss_cls: 0.0260  decode.d1.loss_mask: 0.6456  decode.d1.loss_dice: 0.4879  decode.d2.loss_cls: 0.0162  decode.d2.loss_mask: 0.6393  decode.d2.loss_dice: 0.4923  decode.d3.loss_cls: 0.0072  decode.d3.loss_mask: 0.6403  decode.d3.loss_dice: 0.4944  decode.d4.loss_cls: 0.0114  decode.d4.loss_mask: 0.6389  decode.d4.loss_dice: 0.4952  decode.d5.loss_cls: 0.0141  decode.d5.loss_mask: 0.6325  decode.d5.loss_dice: 0.4880  decode.d6.loss_cls: 0.0138  decode.d6.loss_mask: 0.6361  decode.d6.loss_dice: 0.4879  decode.d7.loss_cls: 0.0062  decode.d7.loss_mask: 0.6391  decode.d7.loss_dice: 0.4930  decode.d8.loss_cls: 0.0078  decode.d8.loss_mask: 0.6326  decode.d8.loss_dice: 0.4948
2026/07/21 03:22:59 - mmengine - INFO - Iter(train) [22300/80000]  base_lr: 3.8565e-05 lr: 3.8565e-05  eta: 19:28:26  time: 1.1562  data_time: 0.0152  memory: 9088  grad_norm: 60.4481  loss: 11.6120  decode.loss_cls: 0.0070  decode.loss_mask: 0.5925  decode.loss_dice: 0.5381  decode.d0.loss_cls: 0.1009  decode.d0.loss_mask: 0.6308  decode.d0.loss_dice: 0.5469  decode.d1.loss_cls: 0.0380  decode.d1.loss_mask: 0.6011  decode.d1.loss_dice: 0.5435  decode.d2.loss_cls: 0.0163  decode.d2.loss_mask: 0.5972  decode.d2.loss_dice: 0.5396  decode.d3.loss_cls: 0.0116  decode.d3.loss_mask: 0.5927  decode.d3.loss_dice: 0.5415  decode.d4.loss_cls: 0.0088  decode.d4.loss_mask: 0.5909  decode.d4.loss_dice: 0.5420  decode.d5.loss_cls: 0.0092  decode.d5.loss_mask: 0.5915  decode.d5.loss_dice: 0.5384  decode.d6.loss_cls: 0.0099  decode.d6.loss_mask: 0.5953  decode.d6.loss_dice: 0.5480  decode.d7.loss_cls: 0.0084  decode.d7.loss_mask: 0.5888  decode.d7.loss_dice: 0.5384  decode.d8.loss_cls: 0.0086  decode.d8.loss_mask: 0.5913  decode.d8.loss_dice: 0.5446
2026/07/21 03:24:54 - mmengine - INFO - Iter(train) [22400/80000]  base_lr: 3.8505e-05 lr: 3.8505e-05  eta: 19:26:08  time: 1.1499  data_time: 0.0154  memory: 9088  grad_norm: 90.0824  loss: 14.3657  decode.loss_cls: 0.0218  decode.loss_mask: 0.7655  decode.loss_dice: 0.6365  decode.d0.loss_cls: 0.0653  decode.d0.loss_mask: 0.7884  decode.d0.loss_dice: 0.6491  decode.d1.loss_cls: 0.0148  decode.d1.loss_mask: 0.7801  decode.d1.loss_dice: 0.6590  decode.d2.loss_cls: 0.0207  decode.d2.loss_mask: 0.7685  decode.d2.loss_dice: 0.6411  decode.d3.loss_cls: 0.0040  decode.d3.loss_mask: 0.7731  decode.d3.loss_dice: 0.6505  decode.d4.loss_cls: 0.0124  decode.d4.loss_mask: 0.7673  decode.d4.loss_dice: 0.6429  decode.d5.loss_cls: 0.0186  decode.d5.loss_mask: 0.7714  decode.d5.loss_dice: 0.6403  decode.d6.loss_cls: 0.0228  decode.d6.loss_mask: 0.7675  decode.d6.loss_dice: 0.6367  decode.d7.loss_cls: 0.0202  decode.d7.loss_mask: 0.7724  decode.d7.loss_dice: 0.6378  decode.d8.loss_cls: 0.0204  decode.d8.loss_mask: 0.7660  decode.d8.loss_dice: 0.6304
2026/07/21 03:26:53 - mmengine - INFO - Iter(train) [22500/80000]  base_lr: 3.8445e-05 lr: 3.8445e-05  eta: 19:23:59  time: 1.1666  data_time: 0.0153  memory: 9088  grad_norm: 90.7686  loss: 15.5073  decode.loss_cls: 0.0547  decode.loss_mask: 0.7998  decode.loss_dice: 0.6613  decode.d0.loss_cls: 0.1795  decode.d0.loss_mask: 0.8281  decode.d0.loss_dice: 0.7678  decode.d1.loss_cls: 0.0723  decode.d1.loss_mask: 0.7921  decode.d1.loss_dice: 0.6861  decode.d2.loss_cls: 0.0484  decode.d2.loss_mask: 0.7924  decode.d2.loss_dice: 0.7145  decode.d3.loss_cls: 0.0512  decode.d3.loss_mask: 0.7822  decode.d3.loss_dice: 0.6856  decode.d4.loss_cls: 0.0536  decode.d4.loss_mask: 0.7838  decode.d4.loss_dice: 0.6703  decode.d5.loss_cls: 0.0578  decode.d5.loss_mask: 0.7832  decode.d5.loss_dice: 0.6751  decode.d6.loss_cls: 0.0527  decode.d6.loss_mask: 0.7799  decode.d6.loss_dice: 0.6786  decode.d7.loss_cls: 0.0580  decode.d7.loss_mask: 0.7948  decode.d7.loss_dice: 0.6691  decode.d8.loss_cls: 0.0515  decode.d8.loss_mask: 0.7921  decode.d8.loss_dice: 0.6910
2026/07/21 03:28:49 - mmengine - INFO - Iter(train) [22600/80000]  base_lr: 3.8384e-05 lr: 3.8384e-05  eta: 19:21:44  time: 1.1631  data_time: 0.0155  memory: 9079  grad_norm: 74.0290  loss: 13.6222  decode.loss_cls: 0.0011  decode.loss_mask: 0.7769  decode.loss_dice: 0.5784  decode.d0.loss_cls: 0.0760  decode.d0.loss_mask: 0.7872  decode.d0.loss_dice: 0.5755  decode.d1.loss_cls: 0.0154  decode.d1.loss_mask: 0.7655  decode.d1.loss_dice: 0.5858  decode.d2.loss_cls: 0.0021  decode.d2.loss_mask: 0.7650  decode.d2.loss_dice: 0.5831  decode.d3.loss_cls: 0.0013  decode.d3.loss_mask: 0.7671  decode.d3.loss_dice: 0.5821  decode.d4.loss_cls: 0.0049  decode.d4.loss_mask: 0.7636  decode.d4.loss_dice: 0.5737  decode.d5.loss_cls: 0.0014  decode.d5.loss_mask: 0.7705  decode.d5.loss_dice: 0.5842  decode.d6.loss_cls: 0.0012  decode.d6.loss_mask: 0.7746  decode.d6.loss_dice: 0.5839  decode.d7.loss_cls: 0.0012  decode.d7.loss_mask: 0.7694  decode.d7.loss_dice: 0.5827  decode.d8.loss_cls: 0.0051  decode.d8.loss_mask: 0.7698  decode.d8.loss_dice: 0.5736
2026/07/21 03:30:45 - mmengine - INFO - Iter(train) [22700/80000]  base_lr: 3.8324e-05 lr: 3.8324e-05  eta: 19:19:29  time: 1.1541  data_time: 0.0154  memory: 9088  grad_norm: 62.4811  loss: 14.0777  decode.loss_cls: 0.0035  decode.loss_mask: 0.7571  decode.loss_dice: 0.6226  decode.d0.loss_cls: 0.0736  decode.d0.loss_mask: 0.8110  decode.d0.loss_dice: 0.6230  decode.d1.loss_cls: 0.0158  decode.d1.loss_mask: 0.7625  decode.d1.loss_dice: 0.6261  decode.d2.loss_cls: 0.0069  decode.d2.loss_mask: 0.7659  decode.d2.loss_dice: 0.6291  decode.d3.loss_cls: 0.0039  decode.d3.loss_mask: 0.7672  decode.d3.loss_dice: 0.6298  decode.d4.loss_cls: 0.0038  decode.d4.loss_mask: 0.7600  decode.d4.loss_dice: 0.6380  decode.d5.loss_cls: 0.0034  decode.d5.loss_mask: 0.7611  decode.d5.loss_dice: 0.6314  decode.d6.loss_cls: 0.0036  decode.d6.loss_mask: 0.7571  decode.d6.loss_dice: 0.6336  decode.d7.loss_cls: 0.0037  decode.d7.loss_mask: 0.7609  decode.d7.loss_dice: 0.6348  decode.d8.loss_cls: 0.0039  decode.d8.loss_mask: 0.7554  decode.d8.loss_dice: 0.6293
2026/07/21 03:32:39 - mmengine - INFO - Iter(train) [22800/80000]  base_lr: 3.8264e-05 lr: 3.8264e-05  eta: 19:17:09  time: 1.1540  data_time: 0.0150  memory: 9088  grad_norm: 77.3349  loss: 14.2464  decode.loss_cls: 0.0058  decode.loss_mask: 0.7860  decode.loss_dice: 0.6272  decode.d0.loss_cls: 0.0760  decode.d0.loss_mask: 0.8373  decode.d0.loss_dice: 0.6773  decode.d1.loss_cls: 0.0214  decode.d1.loss_mask: 0.7837  decode.d1.loss_dice: 0.6190  decode.d2.loss_cls: 0.0150  decode.d2.loss_mask: 0.7712  decode.d2.loss_dice: 0.6159  decode.d3.loss_cls: 0.0150  decode.d3.loss_mask: 0.7730  decode.d3.loss_dice: 0.6144  decode.d4.loss_cls: 0.0079  decode.d4.loss_mask: 0.7705  decode.d4.loss_dice: 0.6336  decode.d5.loss_cls: 0.0122  decode.d5.loss_mask: 0.7687  decode.d5.loss_dice: 0.6094  decode.d6.loss_cls: 0.0067  decode.d6.loss_mask: 0.7691  decode.d6.loss_dice: 0.6183  decode.d7.loss_cls: 0.0109  decode.d7.loss_mask: 0.7699  decode.d7.loss_dice: 0.6239  decode.d8.loss_cls: 0.0060  decode.d8.loss_mask: 0.7741  decode.d8.loss_dice: 0.6269
2026/07/21 03:34:35 - mmengine - INFO - Iter(train) [22900/80000]  base_lr: 3.8204e-05 lr: 3.8204e-05  eta: 19:14:55  time: 1.1685  data_time: 0.0161  memory: 9079  grad_norm: 52.8323  loss: 9.8874  decode.loss_cls: 0.0072  decode.loss_mask: 0.5444  decode.loss_dice: 0.4115  decode.d0.loss_cls: 0.1251  decode.d0.loss_mask: 0.5658  decode.d0.loss_dice: 0.4580  decode.d1.loss_cls: 0.0268  decode.d1.loss_mask: 0.5406  decode.d1.loss_dice: 0.4238  decode.d2.loss_cls: 0.0152  decode.d2.loss_mask: 0.5429  decode.d2.loss_dice: 0.4160  decode.d3.loss_cls: 0.0106  decode.d3.loss_mask: 0.5457  decode.d3.loss_dice: 0.4107  decode.d4.loss_cls: 0.0079  decode.d4.loss_mask: 0.5463  decode.d4.loss_dice: 0.4138  decode.d5.loss_cls: 0.0066  decode.d5.loss_mask: 0.5456  decode.d5.loss_dice: 0.4138  decode.d6.loss_cls: 0.0075  decode.d6.loss_mask: 0.5479  decode.d6.loss_dice: 0.4138  decode.d7.loss_cls: 0.0077  decode.d7.loss_mask: 0.5482  decode.d7.loss_dice: 0.4132  decode.d8.loss_cls: 0.0072  decode.d8.loss_mask: 0.5497  decode.d8.loss_dice: 0.4139
2026/07/21 03:36:32 - mmengine - INFO - Exp name: dinov3_m2f_31999_20260720_190649
2026/07/21 03:36:32 - mmengine - INFO - Iter(train) [23000/80000]  base_lr: 3.8144e-05 lr: 3.8144e-05  eta: 19:12:41  time: 1.1614  data_time: 0.0147  memory: 9088  grad_norm: 56.5645  loss: 9.4255  decode.loss_cls: 0.0140  decode.loss_mask: 0.4729  decode.loss_dice: 0.4473  decode.d0.loss_cls: 0.0810  decode.d0.loss_mask: 0.4906  decode.d0.loss_dice: 0.4744  decode.d1.loss_cls: 0.0183  decode.d1.loss_mask: 0.4788  decode.d1.loss_dice: 0.4576  decode.d2.loss_cls: 0.0058  decode.d2.loss_mask: 0.4767  decode.d2.loss_dice: 0.4463  decode.d3.loss_cls: 0.0046  decode.d3.loss_mask: 0.4747  decode.d3.loss_dice: 0.4498  decode.d4.loss_cls: 0.0066  decode.d4.loss_mask: 0.4778  decode.d4.loss_dice: 0.4481  decode.d5.loss_cls: 0.0052  decode.d5.loss_mask: 0.4735  decode.d5.loss_dice: 0.4513  decode.d6.loss_cls: 0.0045  decode.d6.loss_mask: 0.4720  decode.d6.loss_dice: 0.4507  decode.d7.loss_cls: 0.0053  decode.d7.loss_mask: 0.4749  decode.d7.loss_dice: 0.4464  decode.d8.loss_cls: 0.0050  decode.d8.loss_mask: 0.4732  decode.d8.loss_dice: 0.4381
2026/07/21 03:38:29 - mmengine - INFO - Iter(train) [23100/80000]  base_lr: 3.8083e-05 lr: 3.8083e-05  eta: 19:10:29  time: 0.9520  data_time: 0.0147  memory: 9088  grad_norm: 59.8916  loss: 10.8707  decode.loss_cls: 0.0033  decode.loss_mask: 0.5801  decode.loss_dice: 0.4875  decode.d0.loss_cls: 0.0796  decode.d0.loss_mask: 0.6132  decode.d0.loss_dice: 0.5046  decode.d1.loss_cls: 0.0240  decode.d1.loss_mask: 0.5860  decode.d1.loss_dice: 0.4814  decode.d2.loss_cls: 0.0196  decode.d2.loss_mask: 0.5827  decode.d2.loss_dice: 0.4940  decode.d3.loss_cls: 0.0019  decode.d3.loss_mask: 0.5834  decode.d3.loss_dice: 0.4879  decode.d4.loss_cls: 0.0016  decode.d4.loss_mask: 0.5801  decode.d4.loss_dice: 0.4852  decode.d5.loss_cls: 0.0027  decode.d5.loss_mask: 0.5797  decode.d5.loss_dice: 0.4850  decode.d6.loss_cls: 0.0014  decode.d6.loss_mask: 0.5821  decode.d6.loss_dice: 0.4878  decode.d7.loss_cls: 0.0024  decode.d7.loss_mask: 0.5848  decode.d7.loss_dice: 0.4796  decode.d8.loss_cls: 0.0035  decode.d8.loss_mask: 0.5787  decode.d8.loss_dice: 0.4869
2026/07/21 03:41:34 - mmengine - INFO - Iter(train) [23200/80000]  base_lr: 3.8023e-05 lr: 3.8023e-05  eta: 19:11:03  time: 1.7522  data_time: 0.0154  memory: 9088  grad_norm: 68.0335  loss: 9.6771  decode.loss_cls: 0.0390  decode.loss_mask: 0.4632  decode.loss_dice: 0.4524  decode.d0.loss_cls: 0.1192  decode.d0.loss_mask: 0.4831  decode.d0.loss_dice: 0.4706  decode.d1.loss_cls: 0.0534  decode.d1.loss_mask: 0.4710  decode.d1.loss_dice: 0.4570  decode.d2.loss_cls: 0.0423  decode.d2.loss_mask: 0.4605  decode.d2.loss_dice: 0.4488  decode.d3.loss_cls: 0.0286  decode.d3.loss_mask: 0.4640  decode.d3.loss_dice: 0.4512  decode.d4.loss_cls: 0.0347  decode.d4.loss_mask: 0.4621  decode.d4.loss_dice: 0.4557  decode.d5.loss_cls: 0.0429  decode.d5.loss_mask: 0.4608  decode.d5.loss_dice: 0.4581  decode.d6.loss_cls: 0.0399  decode.d6.loss_mask: 0.4650  decode.d6.loss_dice: 0.4527  decode.d7.loss_cls: 0.0341  decode.d7.loss_mask: 0.4665  decode.d7.loss_dice: 0.4518  decode.d8.loss_cls: 0.0336  decode.d8.loss_mask: 0.4635  decode.d8.loss_dice: 0.4515
2026/07/21 03:43:30 - mmengine - INFO - Iter(train) [23300/80000]  base_lr: 3.7963e-05 lr: 3.7963e-05  eta: 19:08:48  time: 1.1522  data_time: 0.0153  memory: 9088  grad_norm: 44.9767  loss: 9.8942  decode.loss_cls: 0.0029  decode.loss_mask: 0.5070  decode.loss_dice: 0.4484  decode.d0.loss_cls: 0.0833  decode.d0.loss_mask: 0.5252  decode.d0.loss_dice: 0.4654  decode.d1.loss_cls: 0.0240  decode.d1.loss_mask: 0.5068  decode.d1.loss_dice: 0.4849  decode.d2.loss_cls: 0.0115  decode.d2.loss_mask: 0.5099  decode.d2.loss_dice: 0.4633  decode.d3.loss_cls: 0.0063  decode.d3.loss_mask: 0.5123  decode.d3.loss_dice: 0.4525  decode.d4.loss_cls: 0.0053  decode.d4.loss_mask: 0.5105  decode.d4.loss_dice: 0.4672  decode.d5.loss_cls: 0.0042  decode.d5.loss_mask: 0.5085  decode.d5.loss_dice: 0.4661  decode.d6.loss_cls: 0.0113  decode.d6.loss_mask: 0.5081  decode.d6.loss_dice: 0.4662  decode.d7.loss_cls: 0.0030  decode.d7.loss_mask: 0.5093  decode.d7.loss_dice: 0.4544  decode.d8.loss_cls: 0.0029  decode.d8.loss_mask: 0.5083  decode.d8.loss_dice: 0.4653
2026/07/21 03:45:28 - mmengine - INFO - Iter(train) [23400/80000]  base_lr: 3.7903e-05 lr: 3.7903e-05  eta: 19:06:39  time: 1.1364  data_time: 0.0155  memory: 9088  grad_norm: 102.4164  loss: 13.0455  decode.loss_cls: 0.0185  decode.loss_mask: 0.7080  decode.loss_dice: 0.5493  decode.d0.loss_cls: 0.1166  decode.d0.loss_mask: 0.7358  decode.d0.loss_dice: 0.5945  decode.d1.loss_cls: 0.0414  decode.d1.loss_mask: 0.7000  decode.d1.loss_dice: 0.5593  decode.d2.loss_cls: 0.0269  decode.d2.loss_mask: 0.7074  decode.d2.loss_dice: 0.5669  decode.d3.loss_cls: 0.0230  decode.d3.loss_mask: 0.7033  decode.d3.loss_dice: 0.5624  decode.d4.loss_cls: 0.0145  decode.d4.loss_mask: 0.7028  decode.d4.loss_dice: 0.5527  decode.d5.loss_cls: 0.0182  decode.d5.loss_mask: 0.7089  decode.d5.loss_dice: 0.5512  decode.d6.loss_cls: 0.0201  decode.d6.loss_mask: 0.7072  decode.d6.loss_dice: 0.5756  decode.d7.loss_cls: 0.0153  decode.d7.loss_mask: 0.7047  decode.d7.loss_dice: 0.5594  decode.d8.loss_cls: 0.0220  decode.d8.loss_mask: 0.7133  decode.d8.loss_dice: 0.5664
2026/07/21 03:47:23 - mmengine - INFO - Iter(train) [23500/80000]  base_lr: 3.7842e-05 lr: 3.7842e-05  eta: 19:04:21  time: 1.1453  data_time: 0.0150  memory: 9079  grad_norm: 79.5542  loss: 11.1541  decode.loss_cls: 0.0011  decode.loss_mask: 0.6147  decode.loss_dice: 0.4874  decode.d0.loss_cls: 0.0910  decode.d0.loss_mask: 0.6210  decode.d0.loss_dice: 0.4959  decode.d1.loss_cls: 0.0088  decode.d1.loss_mask: 0.6166  decode.d1.loss_dice: 0.4928  decode.d2.loss_cls: 0.0034  decode.d2.loss_mask: 0.6181  decode.d2.loss_dice: 0.4890  decode.d3.loss_cls: 0.0014  decode.d3.loss_mask: 0.6183  decode.d3.loss_dice: 0.4838  decode.d4.loss_cls: 0.0009  decode.d4.loss_mask: 0.6186  decode.d4.loss_dice: 0.4824  decode.d5.loss_cls: 0.0012  decode.d5.loss_mask: 0.6182  decode.d5.loss_dice: 0.4897  decode.d6.loss_cls: 0.0009  decode.d6.loss_mask: 0.6150  decode.d6.loss_dice: 0.4849  decode.d7.loss_cls: 0.0007  decode.d7.loss_mask: 0.6158  decode.d7.loss_dice: 0.4851  decode.d8.loss_cls: 0.0011  decode.d8.loss_mask: 0.6142  decode.d8.loss_dice: 0.4820
2026/07/21 03:49:19 - mmengine - INFO - Iter(train) [23600/80000]  base_lr: 3.7782e-05 lr: 3.7782e-05  eta: 19:02:07  time: 1.1584  data_time: 0.0153  memory: 9088  grad_norm: 60.5361  loss: 11.1962  decode.loss_cls: 0.0183  decode.loss_mask: 0.6186  decode.loss_dice: 0.4707  decode.d0.loss_cls: 0.0762  decode.d0.loss_mask: 0.6435  decode.d0.loss_dice: 0.4859  decode.d1.loss_cls: 0.0298  decode.d1.loss_mask: 0.6275  decode.d1.loss_dice: 0.4762  decode.d2.loss_cls: 0.0173  decode.d2.loss_mask: 0.6181  decode.d2.loss_dice: 0.4786  decode.d3.loss_cls: 0.0146  decode.d3.loss_mask: 0.6146  decode.d3.loss_dice: 0.4782  decode.d4.loss_cls: 0.0139  decode.d4.loss_mask: 0.6146  decode.d4.loss_dice: 0.4766  decode.d5.loss_cls: 0.0131  decode.d5.loss_mask: 0.6165  decode.d5.loss_dice: 0.4733  decode.d6.loss_cls: 0.0167  decode.d6.loss_mask: 0.6197  decode.d6.loss_dice: 0.4755  decode.d7.loss_cls: 0.0173  decode.d7.loss_mask: 0.6140  decode.d7.loss_dice: 0.4736  decode.d8.loss_cls: 0.0167  decode.d8.loss_mask: 0.6148  decode.d8.loss_dice: 0.4718
2026/07/21 03:51:21 - mmengine - INFO - Iter(train) [23700/80000]  base_lr: 3.7722e-05 lr: 3.7722e-05  eta: 19:00:07  time: 1.1506  data_time: 0.0157  memory: 9088  grad_norm: 70.8521  loss: 13.5110  decode.loss_cls: 0.0048  decode.loss_mask: 0.7608  decode.loss_dice: 0.5709  decode.d0.loss_cls: 0.0789  decode.d0.loss_mask: 0.7829  decode.d0.loss_dice: 0.5905  decode.d1.loss_cls: 0.0099  decode.d1.loss_mask: 0.7617  decode.d1.loss_dice: 0.5887  decode.d2.loss_cls: 0.0070  decode.d2.loss_mask: 0.7516  decode.d2.loss_dice: 0.5837  decode.d3.loss_cls: 0.0027  decode.d3.loss_mask: 0.7542  decode.d3.loss_dice: 0.5855  decode.d4.loss_cls: 0.0025  decode.d4.loss_mask: 0.7508  decode.d4.loss_dice: 0.5803  decode.d5.loss_cls: 0.0027  decode.d5.loss_mask: 0.7534  decode.d5.loss_dice: 0.5724  decode.d6.loss_cls: 0.0038  decode.d6.loss_mask: 0.7558  decode.d6.loss_dice: 0.5704  decode.d7.loss_cls: 0.0044  decode.d7.loss_mask: 0.7602  decode.d7.loss_dice: 0.5816  decode.d8.loss_cls: 0.0052  decode.d8.loss_mask: 0.7546  decode.d8.loss_dice: 0.5791
2026/07/21 03:53:14 - mmengine - INFO - Iter(train) [23800/80000]  base_lr: 3.7661e-05 lr: 3.7661e-05  eta: 18:57:46  time: 1.1531  data_time: 0.0151  memory: 9079  grad_norm: 75.6960  loss: 11.4459  decode.loss_cls: 0.0163  decode.loss_mask: 0.6244  decode.loss_dice: 0.4970  decode.d0.loss_cls: 0.1359  decode.d0.loss_mask: 0.6117  decode.d0.loss_dice: 0.5296  decode.d1.loss_cls: 0.0396  decode.d1.loss_mask: 0.5961  decode.d1.loss_dice: 0.4862  decode.d2.loss_cls: 0.0330  decode.d2.loss_mask: 0.5991  decode.d2.loss_dice: 0.4867  decode.d3.loss_cls: 0.0286  decode.d3.loss_mask: 0.6051  decode.d3.loss_dice: 0.4886  decode.d4.loss_cls: 0.0254  decode.d4.loss_mask: 0.6045  decode.d4.loss_dice: 0.4963  decode.d5.loss_cls: 0.0270  decode.d5.loss_mask: 0.6129  decode.d5.loss_dice: 0.4920  decode.d6.loss_cls: 0.0201  decode.d6.loss_mask: 0.6155  decode.d6.loss_dice: 0.4874  decode.d7.loss_cls: 0.0173  decode.d7.loss_mask: 0.6272  decode.d7.loss_dice: 0.5024  decode.d8.loss_cls: 0.0151  decode.d8.loss_mask: 0.6256  decode.d8.loss_dice: 0.4992
2026/07/21 03:55:10 - mmengine - INFO - Iter(train) [23900/80000]  base_lr: 3.7601e-05 lr: 3.7601e-05  eta: 18:55:30  time: 1.1528  data_time: 0.0161  memory: 9088  grad_norm: 65.3732  loss: 11.0386  decode.loss_cls: 0.0209  decode.loss_mask: 0.5880  decode.loss_dice: 0.4681  decode.d0.loss_cls: 0.1620  decode.d0.loss_mask: 0.6323  decode.d0.loss_dice: 0.5387  decode.d1.loss_cls: 0.0385  decode.d1.loss_mask: 0.5844  decode.d1.loss_dice: 0.4862  decode.d2.loss_cls: 0.0126  decode.d2.loss_mask: 0.5834  decode.d2.loss_dice: 0.4939  decode.d3.loss_cls: 0.0197  decode.d3.loss_mask: 0.5839  decode.d3.loss_dice: 0.4758  decode.d4.loss_cls: 0.0226  decode.d4.loss_mask: 0.5711  decode.d4.loss_dice: 0.4720  decode.d5.loss_cls: 0.0239  decode.d5.loss_mask: 0.5724  decode.d5.loss_dice: 0.4642  decode.d6.loss_cls: 0.0212  decode.d6.loss_mask: 0.5820  decode.d6.loss_dice: 0.4655  decode.d7.loss_cls: 0.0204  decode.d7.loss_mask: 0.5807  decode.d7.loss_dice: 0.4728  decode.d8.loss_cls: 0.0055  decode.d8.loss_mask: 0.5887  decode.d8.loss_dice: 0.4874
2026/07/21 03:57:05 - mmengine - INFO - Exp name: dinov3_m2f_31999_20260720_190649
2026/07/21 03:57:05 - mmengine - INFO - Iter(train) [24000/80000]  base_lr: 3.7541e-05 lr: 3.7541e-05  eta: 18:53:14  time: 1.1684  data_time: 0.0149  memory: 9088  grad_norm: 70.0917  loss: 11.3634  decode.loss_cls: 0.0317  decode.loss_mask: 0.6071  decode.loss_dice: 0.4762  decode.d0.loss_cls: 0.1518  decode.d0.loss_mask: 0.6481  decode.d0.loss_dice: 0.5286  decode.d1.loss_cls: 0.0512  decode.d1.loss_mask: 0.6142  decode.d1.loss_dice: 0.4824  decode.d2.loss_cls: 0.0300  decode.d2.loss_mask: 0.6109  decode.d2.loss_dice: 0.4749  decode.d3.loss_cls: 0.0328  decode.d3.loss_mask: 0.6083  decode.d3.loss_dice: 0.4704  decode.d4.loss_cls: 0.0301  decode.d4.loss_mask: 0.6082  decode.d4.loss_dice: 0.4762  decode.d5.loss_cls: 0.0296  decode.d5.loss_mask: 0.6091  decode.d5.loss_dice: 0.4677  decode.d6.loss_cls: 0.0276  decode.d6.loss_mask: 0.6056  decode.d6.loss_dice: 0.4716  decode.d7.loss_cls: 0.0226  decode.d7.loss_mask: 0.6136  decode.d7.loss_dice: 0.4740  decode.d8.loss_cls: 0.0211  decode.d8.loss_mask: 0.6151  decode.d8.loss_dice: 0.4728
2026/07/21 03:57:06 - mmengine - INFO - Saving checkpoint at 24000 iterations
2026/07/21 03:59:15 - mmengine - INFO - Iter(val) [100/504]    eta: 0:02:24  time: 0.3482  data_time: 0.0074  memory: 3097  
2026/07/21 03:59:50 - mmengine - INFO - Iter(val) [200/504]    eta: 0:01:47  time: 0.3511  data_time: 0.0077  memory: 3097  
2026/07/21 04:00:26 - mmengine - INFO - Iter(val) [300/504]    eta: 0:01:11  time: 0.3511  data_time: 0.0082  memory: 3097  
2026/07/21 04:01:00 - mmengine - INFO - Iter(val) [400/504]    eta: 0:00:36  time: 0.3584  data_time: 0.0077  memory: 3097  
2026/07/21 04:01:36 - mmengine - INFO - Iter(val) [500/504]    eta: 0:00:01  time: 0.3538  data_time: 0.0076  memory: 3097  
2026/07/21 04:01:39 - mmengine - INFO - per class results:
2026/07/21 04:01:39 - mmengine - INFO - 
+--------------------+-------+-------+--------+-----------+--------+
|       Class        |  IoU  |  Acc  | Fscore | Precision | Recall |
+--------------------+-------+-------+--------+-----------+--------+
| impervious_surface | 86.74 | 92.63 |  92.9  |   93.17   | 92.63  |
|      building      | 91.52 | 99.24 | 95.57  |   92.17   | 99.24  |
|   low_vegetation   | 75.79 | 84.85 | 86.23  |   87.64   | 84.85  |
|        tree        | 80.02 | 87.24 |  88.9  |   90.62   | 87.24  |
|        car         | 93.66 | 95.18 | 96.73  |   98.33   | 95.18  |
+--------------------+-------+-------+--------+-----------+--------+
2026/07/21 04:01:39 - mmengine - INFO - Iter(val) [504/504]    aAcc: 91.0500  mIoU: 85.5500  mAcc: 91.8300  mFscore: 92.0700  mPrecision: 92.3900  mRecall: 91.8300  data_time: 0.0104  time: 0.3511
2026/07/21 04:03:35 - mmengine - INFO - Iter(train) [24100/80000]  base_lr: 3.7480e-05 lr: 3.7480e-05  eta: 18:51:04  time: 1.1485  data_time: 0.0150  memory: 9088  grad_norm: 68.7948  loss: 12.9262  decode.loss_cls: 0.0054  decode.loss_mask: 0.6592  decode.loss_dice: 0.5964  decode.d0.loss_cls: 0.1217  decode.d0.loss_mask: 0.7214  decode.d0.loss_dice: 0.6615  decode.d1.loss_cls: 0.0181  decode.d1.loss_mask: 0.6752  decode.d1.loss_dice: 0.6088  decode.d2.loss_cls: 0.0142  decode.d2.loss_mask: 0.6702  decode.d2.loss_dice: 0.5975  decode.d3.loss_cls: 0.0058  decode.d3.loss_mask: 0.6576  decode.d3.loss_dice: 0.5951  decode.d4.loss_cls: 0.0037  decode.d4.loss_mask: 0.6638  decode.d4.loss_dice: 0.5990  decode.d5.loss_cls: 0.0040  decode.d5.loss_mask: 0.6595  decode.d5.loss_dice: 0.6028  decode.d6.loss_cls: 0.0037  decode.d6.loss_mask: 0.6601  decode.d6.loss_dice: 0.5941  decode.d7.loss_cls: 0.0048  decode.d7.loss_mask: 0.6626  decode.d7.loss_dice: 0.5967  decode.d8.loss_cls: 0.0052  decode.d8.loss_mask: 0.6617  decode.d8.loss_dice: 0.5964
2026/07/21 04:05:34 - mmengine - INFO - Iter(train) [24200/80000]  base_lr: 3.7420e-05 lr: 3.7420e-05  eta: 18:48:58  time: 1.4672  data_time: 0.3313  memory: 9088  grad_norm: 56.2833  loss: 9.5336  decode.loss_cls: 0.0093  decode.loss_mask: 0.5481  decode.loss_dice: 0.3617  decode.d0.loss_cls: 0.1500  decode.d0.loss_mask: 0.6138  decode.d0.loss_dice: 0.4222  decode.d1.loss_cls: 0.0214  decode.d1.loss_mask: 0.5608  decode.d1.loss_dice: 0.3684  decode.d2.loss_cls: 0.0073  decode.d2.loss_mask: 0.5509  decode.d2.loss_dice: 0.3710  decode.d3.loss_cls: 0.0060  decode.d3.loss_mask: 0.5566  decode.d3.loss_dice: 0.3668  decode.d4.loss_cls: 0.0064  decode.d4.loss_mask: 0.5527  decode.d4.loss_dice: 0.3624  decode.d5.loss_cls: 0.0068  decode.d5.loss_mask: 0.5520  decode.d5.loss_dice: 0.3637  decode.d6.loss_cls: 0.0073  decode.d6.loss_mask: 0.5511  decode.d6.loss_dice: 0.3622  decode.d7.loss_cls: 0.0088  decode.d7.loss_mask: 0.5544  decode.d7.loss_dice: 0.3675  decode.d8.loss_cls: 0.0094  decode.d8.loss_mask: 0.5533  decode.d8.loss_dice: 0.3613
2026/07/21 04:07:31 - mmengine - INFO - Iter(train) [24300/80000]  base_lr: 3.7360e-05 lr: 3.7360e-05  eta: 18:46:46  time: 1.1549  data_time: 0.0149  memory: 9079  grad_norm: 105.4462  loss: 13.1176  decode.loss_cls: 0.0087  decode.loss_mask: 0.7284  decode.loss_dice: 0.5345  decode.d0.loss_cls: 0.1677  decode.d0.loss_mask: 0.7560  decode.d0.loss_dice: 0.5644  decode.d1.loss_cls: 0.0430  decode.d1.loss_mask: 0.7278  decode.d1.loss_dice: 0.5346  decode.d2.loss_cls: 0.0339  decode.d2.loss_mask: 0.7211  decode.d2.loss_dice: 0.5427  decode.d3.loss_cls: 0.0247  decode.d3.loss_mask: 0.7192  decode.d3.loss_dice: 0.5495  decode.d4.loss_cls: 0.0168  decode.d4.loss_mask: 0.7320  decode.d4.loss_dice: 0.5510  decode.d5.loss_cls: 0.0185  decode.d5.loss_mask: 0.7291  decode.d5.loss_dice: 0.5524  decode.d6.loss_cls: 0.0153  decode.d6.loss_mask: 0.7283  decode.d6.loss_dice: 0.5422  decode.d7.loss_cls: 0.0092  decode.d7.loss_mask: 0.7428  decode.d7.loss_dice: 0.5417  decode.d8.loss_cls: 0.0110  decode.d8.loss_mask: 0.7345  decode.d8.loss_dice: 0.5367
2026/07/21 04:09:25 - mmengine - INFO - Iter(train) [24400/80000]  base_lr: 3.7299e-05 lr: 3.7299e-05  eta: 18:44:29  time: 0.9603  data_time: 0.0150  memory: 9088  grad_norm: 58.1669  loss: 11.9535  decode.loss_cls: 0.0024  decode.loss_mask: 0.6478  decode.loss_dice: 0.5344  decode.d0.loss_cls: 0.0720  decode.d0.loss_mask: 0.6525  decode.d0.loss_dice: 0.5382  decode.d1.loss_cls: 0.0115  decode.d1.loss_mask: 0.6380  decode.d1.loss_dice: 0.5382  decode.d2.loss_cls: 0.0123  decode.d2.loss_mask: 0.6467  decode.d2.loss_dice: 0.5438  decode.d3.loss_cls: 0.0019  decode.d3.loss_mask: 0.6440  decode.d3.loss_dice: 0.5393  decode.d4.loss_cls: 0.0031  decode.d4.loss_mask: 0.6452  decode.d4.loss_dice: 0.5406  decode.d5.loss_cls: 0.0043  decode.d5.loss_mask: 0.6445  decode.d5.loss_dice: 0.5380  decode.d6.loss_cls: 0.0017  decode.d6.loss_mask: 0.6445  decode.d6.loss_dice: 0.5370  decode.d7.loss_cls: 0.0011  decode.d7.loss_mask: 0.6483  decode.d7.loss_dice: 0.5394  decode.d8.loss_cls: 0.0011  decode.d8.loss_mask: 0.6470  decode.d8.loss_dice: 0.5345
2026/07/21 04:11:21 - mmengine - INFO - Iter(train) [24500/80000]  base_lr: 3.7239e-05 lr: 3.7239e-05  eta: 18:42:14  time: 1.1578  data_time: 0.0147  memory: 9088  grad_norm: 34.1451  loss: 5.7250  decode.loss_cls: 0.0041  decode.loss_mask: 0.2867  decode.loss_dice: 0.2781  decode.d0.loss_cls: 0.0754  decode.d0.loss_mask: 0.2864  decode.d0.loss_dice: 0.2831  decode.d1.loss_cls: 0.0259  decode.d1.loss_mask: 0.2870  decode.d1.loss_dice: 0.2610  decode.d2.loss_cls: 0.0040  decode.d2.loss_mask: 0.2878  decode.d2.loss_dice: 0.2676  decode.d3.loss_cls: 0.0067  decode.d3.loss_mask: 0.2879  decode.d3.loss_dice: 0.2643  decode.d4.loss_cls: 0.0053  decode.d4.loss_mask: 0.2855  decode.d4.loss_dice: 0.2720  decode.d5.loss_cls: 0.0036  decode.d5.loss_mask: 0.2868  decode.d5.loss_dice: 0.2834  decode.d6.loss_cls: 0.0038  decode.d6.loss_mask: 0.2871  decode.d6.loss_dice: 0.2552  decode.d7.loss_cls: 0.0039  decode.d7.loss_mask: 0.2837  decode.d7.loss_dice: 0.2841  decode.d8.loss_cls: 0.0042  decode.d8.loss_mask: 0.2858  decode.d8.loss_dice: 0.2748
2026/07/21 04:13:15 - mmengine - INFO - Iter(train) [24600/80000]  base_lr: 3.7179e-05 lr: 3.7179e-05  eta: 18:39:58  time: 1.1466  data_time: 0.0147  memory: 9088  grad_norm: 60.5051  loss: 11.1260  decode.loss_cls: 0.0048  decode.loss_mask: 0.6264  decode.loss_dice: 0.4593  decode.d0.loss_cls: 0.1556  decode.d0.loss_mask: 0.6624  decode.d0.loss_dice: 0.4713  decode.d1.loss_cls: 0.0217  decode.d1.loss_mask: 0.6342  decode.d1.loss_dice: 0.4634  decode.d2.loss_cls: 0.0124  decode.d2.loss_mask: 0.6238  decode.d2.loss_dice: 0.4563  decode.d3.loss_cls: 0.0096  decode.d3.loss_mask: 0.6234  decode.d3.loss_dice: 0.4569  decode.d4.loss_cls: 0.0069  decode.d4.loss_mask: 0.6250  decode.d4.loss_dice: 0.4578  decode.d5.loss_cls: 0.0069  decode.d5.loss_mask: 0.6242  decode.d5.loss_dice: 0.4526  decode.d6.loss_cls: 0.0055  decode.d6.loss_mask: 0.6282  decode.d6.loss_dice: 0.4579  decode.d7.loss_cls: 0.0051  decode.d7.loss_mask: 0.6272  decode.d7.loss_dice: 0.4559  decode.d8.loss_cls: 0.0043  decode.d8.loss_mask: 0.6261  decode.d8.loss_dice: 0.4612
2026/07/21 04:15:11 - mmengine - INFO - Iter(train) [24700/80000]  base_lr: 3.7118e-05 lr: 3.7118e-05  eta: 18:37:44  time: 1.1531  data_time: 0.0154  memory: 9079  grad_norm: 49.9488  loss: 8.5503  decode.loss_cls: 0.0036  decode.loss_mask: 0.4295  decode.loss_dice: 0.4061  decode.d0.loss_cls: 0.1089  decode.d0.loss_mask: 0.4504  decode.d0.loss_dice: 0.4341  decode.d1.loss_cls: 0.0320  decode.d1.loss_mask: 0.4260  decode.d1.loss_dice: 0.4022  decode.d2.loss_cls: 0.0205  decode.d2.loss_mask: 0.4249  decode.d2.loss_dice: 0.3895  decode.d3.loss_cls: 0.0066  decode.d3.loss_mask: 0.4288  decode.d3.loss_dice: 0.4084  decode.d4.loss_cls: 0.0058  decode.d4.loss_mask: 0.4303  decode.d4.loss_dice: 0.4029  decode.d5.loss_cls: 0.0044  decode.d5.loss_mask: 0.4266  decode.d5.loss_dice: 0.3972  decode.d6.loss_cls: 0.0186  decode.d6.loss_mask: 0.4302  decode.d6.loss_dice: 0.3942  decode.d7.loss_cls: 0.0037  decode.d7.loss_mask: 0.4286  decode.d7.loss_dice: 0.3996  decode.d8.loss_cls: 0.0040  decode.d8.loss_mask: 0.4276  decode.d8.loss_dice: 0.4050
2026/07/21 04:17:07 - mmengine - INFO - Iter(train) [24800/80000]  base_lr: 3.7058e-05 lr: 3.7058e-05  eta: 18:35:31  time: 1.2118  data_time: 0.0155  memory: 9088  grad_norm: 63.6034  loss: 12.4720  decode.loss_cls: 0.0054  decode.loss_mask: 0.7030  decode.loss_dice: 0.5331  decode.d0.loss_cls: 0.0945  decode.d0.loss_mask: 0.7276  decode.d0.loss_dice: 0.5289  decode.d1.loss_cls: 0.0110  decode.d1.loss_mask: 0.7047  decode.d1.loss_dice: 0.5318  decode.d2.loss_cls: 0.0066  decode.d2.loss_mask: 0.6990  decode.d2.loss_dice: 0.5286  decode.d3.loss_cls: 0.0065  decode.d3.loss_mask: 0.6960  decode.d3.loss_dice: 0.5320  decode.d4.loss_cls: 0.0061  decode.d4.loss_mask: 0.6967  decode.d4.loss_dice: 0.5232  decode.d5.loss_cls: 0.0070  decode.d5.loss_mask: 0.7021  decode.d5.loss_dice: 0.5260  decode.d6.loss_cls: 0.0054  decode.d6.loss_mask: 0.7003  decode.d6.loss_dice: 0.5251  decode.d7.loss_cls: 0.0065  decode.d7.loss_mask: 0.7000  decode.d7.loss_dice: 0.5255  decode.d8.loss_cls: 0.0052  decode.d8.loss_mask: 0.7047  decode.d8.loss_dice: 0.5294
2026/07/21 04:19:03 - mmengine - INFO - Iter(train) [24900/80000]  base_lr: 3.6997e-05 lr: 3.6997e-05  eta: 18:33:17  time: 1.1617  data_time: 0.0148  memory: 9088  grad_norm: 44.3532  loss: 7.6762  decode.loss_cls: 0.0054  decode.loss_mask: 0.3926  decode.loss_dice: 0.3525  decode.d0.loss_cls: 0.1116  decode.d0.loss_mask: 0.4247  decode.d0.loss_dice: 0.3554  decode.d1.loss_cls: 0.0249  decode.d1.loss_mask: 0.3953  decode.d1.loss_dice: 0.3464  decode.d2.loss_cls: 0.0144  decode.d2.loss_mask: 0.3958  decode.d2.loss_dice: 0.3513  decode.d3.loss_cls: 0.0058  decode.d3.loss_mask: 0.3957  decode.d3.loss_dice: 0.3503  decode.d4.loss_cls: 0.0037  decode.d4.loss_mask: 0.3965  decode.d4.loss_dice: 0.3517  decode.d5.loss_cls: 0.0035  decode.d5.loss_mask: 0.3957  decode.d5.loss_dice: 0.3484  decode.d6.loss_cls: 0.0044  decode.d6.loss_mask: 0.3956  decode.d6.loss_dice: 0.3509  decode.d7.loss_cls: 0.0038  decode.d7.loss_mask: 0.3928  decode.d7.loss_dice: 0.3567  decode.d8.loss_cls: 0.0058  decode.d8.loss_mask: 0.3936  decode.d8.loss_dice: 0.3510
2026/07/21 04:20:58 - mmengine - INFO - Exp name: dinov3_m2f_31999_20260720_190649
2026/07/21 04:20:58 - mmengine - INFO - Iter(train) [25000/80000]  base_lr: 3.6937e-05 lr: 3.6937e-05  eta: 18:31:04  time: 1.1492  data_time: 0.0149  memory: 9088  grad_norm: 86.9190  loss: 13.2070  decode.loss_cls: 0.0008  decode.loss_mask: 0.7349  decode.loss_dice: 0.5612  decode.d0.loss_cls: 0.0629  decode.d0.loss_mask: 0.7885  decode.d0.loss_dice: 0.5688  decode.d1.loss_cls: 0.0217  decode.d1.loss_mask: 0.7591  decode.d1.loss_dice: 0.5740  decode.d2.loss_cls: 0.0035  decode.d2.loss_mask: 0.7502  decode.d2.loss_dice: 0.5685  decode.d3.loss_cls: 0.0021  decode.d3.loss_mask: 0.7370  decode.d3.loss_dice: 0.5639  decode.d4.loss_cls: 0.0012  decode.d4.loss_mask: 0.7398  decode.d4.loss_dice: 0.5632  decode.d5.loss_cls: 0.0014  decode.d5.loss_mask: 0.7416  decode.d5.loss_dice: 0.5645  decode.d6.loss_cls: 0.0013  decode.d6.loss_mask: 0.7349  decode.d6.loss_dice: 0.5583  decode.d7.loss_cls: 0.0010  decode.d7.loss_mask: 0.7415  decode.d7.loss_dice: 0.5599  decode.d8.loss_cls: 0.0010  decode.d8.loss_mask: 0.7398  decode.d8.loss_dice: 0.5607
2026/07/21 04:23:35 - mmengine - INFO - Iter(train) [25100/80000]  base_lr: 3.6876e-05 lr: 3.6876e-05  eta: 18:30:20  time: 1.8770  data_time: 0.0150  memory: 9088  grad_norm: 77.0000  loss: 14.0628  decode.loss_cls: 0.0146  decode.loss_mask: 0.8067  decode.loss_dice: 0.5574  decode.d0.loss_cls: 0.1296  decode.d0.loss_mask: 0.8530  decode.d0.loss_dice: 0.5865  decode.d1.loss_cls: 0.0251  decode.d1.loss_mask: 0.8209  decode.d1.loss_dice: 0.5912  decode.d2.loss_cls: 0.0170  decode.d2.loss_mask: 0.8083  decode.d2.loss_dice: 0.5731  decode.d3.loss_cls: 0.0156  decode.d3.loss_mask: 0.8094  decode.d3.loss_dice: 0.5590  decode.d4.loss_cls: 0.0157  decode.d4.loss_mask: 0.8097  decode.d4.loss_dice: 0.5499  decode.d5.loss_cls: 0.0132  decode.d5.loss_mask: 0.8070  decode.d5.loss_dice: 0.5568  decode.d6.loss_cls: 0.0188  decode.d6.loss_mask: 0.8131  decode.d6.loss_dice: 0.5541  decode.d7.loss_cls: 0.0139  decode.d7.loss_mask: 0.8075  decode.d7.loss_dice: 0.5489  decode.d8.loss_cls: 0.0166  decode.d8.loss_mask: 0.8100  decode.d8.loss_dice: 0.5602
2026/07/21 04:26:09 - mmengine - INFO - Iter(train) [25200/80000]  base_lr: 3.6816e-05 lr: 3.6816e-05  eta: 18:29:29  time: 1.1585  data_time: 0.0157  memory: 9079  grad_norm: 65.4538  loss: 12.4519  decode.loss_cls: 0.0077  decode.loss_mask: 0.6912  decode.loss_dice: 0.5399  decode.d0.loss_cls: 0.0956  decode.d0.loss_mask: 0.6960  decode.d0.loss_dice: 0.5504  decode.d1.loss_cls: 0.0297  decode.d1.loss_mask: 0.6833  decode.d1.loss_dice: 0.5340  decode.d2.loss_cls: 0.0198  decode.d2.loss_mask: 0.6877  decode.d2.loss_dice: 0.5488  decode.d3.loss_cls: 0.0078  decode.d3.loss_mask: 0.6819  decode.d3.loss_dice: 0.5314  decode.d4.loss_cls: 0.0055  decode.d4.loss_mask: 0.6858  decode.d4.loss_dice: 0.5286  decode.d5.loss_cls: 0.0109  decode.d5.loss_mask: 0.6878  decode.d5.loss_dice: 0.5458  decode.d6.loss_cls: 0.0103  decode.d6.loss_mask: 0.6870  decode.d6.loss_dice: 0.5206  decode.d7.loss_cls: 0.0098  decode.d7.loss_mask: 0.6845  decode.d7.loss_dice: 0.5264  decode.d8.loss_cls: 0.0079  decode.d8.loss_mask: 0.6917  decode.d8.loss_dice: 0.5440
2026/07/21 04:28:05 - mmengine - INFO - Iter(train) [25300/80000]  base_lr: 3.6755e-05 lr: 3.6755e-05  eta: 18:27:17  time: 1.1445  data_time: 0.0153  memory: 9088  grad_norm: 70.1692  loss: 12.9140  decode.loss_cls: 0.0042  decode.loss_mask: 0.6828  decode.loss_dice: 0.5888  decode.d0.loss_cls: 0.0704  decode.d0.loss_mask: 0.7187  decode.d0.loss_dice: 0.5758  decode.d1.loss_cls: 0.0208  decode.d1.loss_mask: 0.6942  decode.d1.loss_dice: 0.5919  decode.d2.loss_cls: 0.0138  decode.d2.loss_mask: 0.6940  decode.d2.loss_dice: 0.5859  decode.d3.loss_cls: 0.0044  decode.d3.loss_mask: 0.6928  decode.d3.loss_dice: 0.5822  decode.d4.loss_cls: 0.0043  decode.d4.loss_mask: 0.6910  decode.d4.loss_dice: 0.5916  decode.d5.loss_cls: 0.0033  decode.d5.loss_mask: 0.6921  decode.d5.loss_dice: 0.5903  decode.d6.loss_cls: 0.0033  decode.d6.loss_mask: 0.6853  decode.d6.loss_dice: 0.5817  decode.d7.loss_cls: 0.0032  decode.d7.loss_mask: 0.6876  decode.d7.loss_dice: 0.5891  decode.d8.loss_cls: 0.0035  decode.d8.loss_mask: 0.6847  decode.d8.loss_dice: 0.5822
2026/07/21 04:30:00 - mmengine - INFO - Iter(train) [25400/80000]  base_lr: 3.6695e-05 lr: 3.6695e-05  eta: 18:25:02  time: 1.1663  data_time: 0.0146  memory: 9088  grad_norm: 75.9823  loss: 12.1261  decode.loss_cls: 0.0206  decode.loss_mask: 0.6037  decode.loss_dice: 0.5613  decode.d0.loss_cls: 0.0905  decode.d0.loss_mask: 0.7038  decode.d0.loss_dice: 0.6145  decode.d1.loss_cls: 0.0540  decode.d1.loss_mask: 0.6235  decode.d1.loss_dice: 0.5626  decode.d2.loss_cls: 0.0261  decode.d2.loss_mask: 0.6090  decode.d2.loss_dice: 0.5692  decode.d3.loss_cls: 0.0168  decode.d3.loss_mask: 0.6057  decode.d3.loss_dice: 0.5646  decode.d4.loss_cls: 0.0312  decode.d4.loss_mask: 0.6030  decode.d4.loss_dice: 0.5466  decode.d5.loss_cls: 0.0215  decode.d5.loss_mask: 0.5977  decode.d5.loss_dice: 0.5639  decode.d6.loss_cls: 0.0176  decode.d6.loss_mask: 0.5991  decode.d6.loss_dice: 0.5603  decode.d7.loss_cls: 0.0133  decode.d7.loss_mask: 0.6024  decode.d7.loss_dice: 0.5667  decode.d8.loss_cls: 0.0138  decode.d8.loss_mask: 0.6016  decode.d8.loss_dice: 0.5613
2026/07/21 04:31:55 - mmengine - INFO - Iter(train) [25500/80000]  base_lr: 3.6635e-05 lr: 3.6635e-05  eta: 18:22:45  time: 1.1594  data_time: 0.0149  memory: 9079  grad_norm: 88.8598  loss: 12.7326  decode.loss_cls: 0.0116  decode.loss_mask: 0.7163  decode.loss_dice: 0.5387  decode.d0.loss_cls: 0.0759  decode.d0.loss_mask: 0.7285  decode.d0.loss_dice: 0.5822  decode.d1.loss_cls: 0.0497  decode.d1.loss_mask: 0.6914  decode.d1.loss_dice: 0.5560  decode.d2.loss_cls: 0.0188  decode.d2.loss_mask: 0.7048  decode.d2.loss_dice: 0.5349  decode.d3.loss_cls: 0.0165  decode.d3.loss_mask: 0.7020  decode.d3.loss_dice: 0.5271  decode.d4.loss_cls: 0.0058  decode.d4.loss_mask: 0.7121  decode.d4.loss_dice: 0.5355  decode.d5.loss_cls: 0.0084  decode.d5.loss_mask: 0.7065  decode.d5.loss_dice: 0.5331  decode.d6.loss_cls: 0.0106  decode.d6.loss_mask: 0.7084  decode.d6.loss_dice: 0.5433  decode.d7.loss_cls: 0.0101  decode.d7.loss_mask: 0.7075  decode.d7.loss_dice: 0.5425  decode.d8.loss_cls: 0.0169  decode.d8.loss_mask: 0.7089  decode.d8.loss_dice: 0.5285
2026/07/21 04:33:51 - mmengine - INFO - Iter(train) [25600/80000]  base_lr: 3.6574e-05 lr: 3.6574e-05  eta: 18:20:33  time: 1.1711  data_time: 0.0149  memory: 9088  grad_norm: 74.3396  loss: 11.3871  decode.loss_cls: 0.0218  decode.loss_mask: 0.5961  decode.loss_dice: 0.4906  decode.d0.loss_cls: 0.1760  decode.d0.loss_mask: 0.6342  decode.d0.loss_dice: 0.5332  decode.d1.loss_cls: 0.0342  decode.d1.loss_mask: 0.6157  decode.d1.loss_dice: 0.4883  decode.d2.loss_cls: 0.0229  decode.d2.loss_mask: 0.6076  decode.d2.loss_dice: 0.4876  decode.d3.loss_cls: 0.0162  decode.d3.loss_mask: 0.5950  decode.d3.loss_dice: 0.4853  decode.d4.loss_cls: 0.0163  decode.d4.loss_mask: 0.5899  decode.d4.loss_dice: 0.5015  decode.d5.loss_cls: 0.0117  decode.d5.loss_mask: 0.5966  decode.d5.loss_dice: 0.5042  decode.d6.loss_cls: 0.0174  decode.d6.loss_mask: 0.6002  decode.d6.loss_dice: 0.5075  decode.d7.loss_cls: 0.0179  decode.d7.loss_mask: 0.6041  decode.d7.loss_dice: 0.5056  decode.d8.loss_cls: 0.0205  decode.d8.loss_mask: 0.5959  decode.d8.loss_dice: 0.4930
2026/07/21 04:35:47 - mmengine - INFO - Iter(train) [25700/80000]  base_lr: 3.6513e-05 lr: 3.6513e-05  eta: 18:18:20  time: 1.1606  data_time: 0.0154  memory: 9088  grad_norm: 52.2536  loss: 9.5397  decode.loss_cls: 0.0064  decode.loss_mask: 0.4990  decode.loss_dice: 0.4301  decode.d0.loss_cls: 0.0830  decode.d0.loss_mask: 0.5243  decode.d0.loss_dice: 0.4545  decode.d1.loss_cls: 0.0107  decode.d1.loss_mask: 0.4967  decode.d1.loss_dice: 0.4413  decode.d2.loss_cls: 0.0053  decode.d2.loss_mask: 0.4965  decode.d2.loss_dice: 0.4471  decode.d3.loss_cls: 0.0063  decode.d3.loss_mask: 0.4937  decode.d3.loss_dice: 0.4399  decode.d4.loss_cls: 0.0058  decode.d4.loss_mask: 0.4920  decode.d4.loss_dice: 0.4435  decode.d5.loss_cls: 0.0053  decode.d5.loss_mask: 0.4919  decode.d5.loss_dice: 0.4388  decode.d6.loss_cls: 0.0067  decode.d6.loss_mask: 0.4969  decode.d6.loss_dice: 0.4427  decode.d7.loss_cls: 0.0064  decode.d7.loss_mask: 0.4969  decode.d7.loss_dice: 0.4333  decode.d8.loss_cls: 0.0073  decode.d8.loss_mask: 0.4976  decode.d8.loss_dice: 0.4397
2026/07/21 04:37:42 - mmengine - INFO - Iter(train) [25800/80000]  base_lr: 3.6453e-05 lr: 3.6453e-05  eta: 18:16:06  time: 1.1548  data_time: 0.0147  memory: 9088  grad_norm: 45.6487  loss: 8.2784  decode.loss_cls: 0.0244  decode.loss_mask: 0.3279  decode.loss_dice: 0.4411  decode.d0.loss_cls: 0.1384  decode.d0.loss_mask: 0.3416  decode.d0.loss_dice: 0.4817  decode.d1.loss_cls: 0.0866  decode.d1.loss_mask: 0.3393  decode.d1.loss_dice: 0.4485  decode.d2.loss_cls: 0.0578  decode.d2.loss_mask: 0.3353  decode.d2.loss_dice: 0.4652  decode.d3.loss_cls: 0.0412  decode.d3.loss_mask: 0.3248  decode.d3.loss_dice: 0.4461  decode.d4.loss_cls: 0.0177  decode.d4.loss_mask: 0.3295  decode.d4.loss_dice: 0.4547  decode.d5.loss_cls: 0.0165  decode.d5.loss_mask: 0.3329  decode.d5.loss_dice: 0.4586  decode.d6.loss_cls: 0.0153  decode.d6.loss_mask: 0.3288  decode.d6.loss_dice: 0.4339  decode.d7.loss_cls: 0.0143  decode.d7.loss_mask: 0.3325  decode.d7.loss_dice: 0.4468  decode.d8.loss_cls: 0.0207  decode.d8.loss_mask: 0.3318  decode.d8.loss_dice: 0.4447
2026/07/21 04:39:38 - mmengine - INFO - Iter(train) [25900/80000]  base_lr: 3.6392e-05 lr: 3.6392e-05  eta: 18:13:54  time: 1.1629  data_time: 0.0151  memory: 9088  grad_norm: 60.4342  loss: 10.1760  decode.loss_cls: 0.0119  decode.loss_mask: 0.5006  decode.loss_dice: 0.4830  decode.d0.loss_cls: 0.0961  decode.d0.loss_mask: 0.5225  decode.d0.loss_dice: 0.5463  decode.d1.loss_cls: 0.0371  decode.d1.loss_mask: 0.4995  decode.d1.loss_dice: 0.4913  decode.d2.loss_cls: 0.0155  decode.d2.loss_mask: 0.4986  decode.d2.loss_dice: 0.4782  decode.d3.loss_cls: 0.0153  decode.d3.loss_mask: 0.5009  decode.d3.loss_dice: 0.4749  decode.d4.loss_cls: 0.0208  decode.d4.loss_mask: 0.4991  decode.d4.loss_dice: 0.4850  decode.d5.loss_cls: 0.0168  decode.d5.loss_mask: 0.4996  decode.d5.loss_dice: 0.4864  decode.d6.loss_cls: 0.0136  decode.d6.loss_mask: 0.4928  decode.d6.loss_dice: 0.4866  decode.d7.loss_cls: 0.0166  decode.d7.loss_mask: 0.4970  decode.d7.loss_dice: 0.4859  decode.d8.loss_cls: 0.0193  decode.d8.loss_mask: 0.4991  decode.d8.loss_dice: 0.4857
2026/07/21 04:41:36 - mmengine - INFO - Exp name: dinov3_m2f_31999_20260720_190649
2026/07/21 04:41:36 - mmengine - INFO - Iter(train) [26000/80000]  base_lr: 3.6332e-05 lr: 3.6332e-05  eta: 18:11:45  time: 1.1481  data_time: 0.0150  memory: 9079  grad_norm: 99.4323  loss: 13.0294  decode.loss_cls: 0.0277  decode.loss_mask: 0.7009  decode.loss_dice: 0.5494  decode.d0.loss_cls: 0.1415  decode.d0.loss_mask: 0.7437  decode.d0.loss_dice: 0.5935  decode.d1.loss_cls: 0.0749  decode.d1.loss_mask: 0.7048  decode.d1.loss_dice: 0.5479  decode.d2.loss_cls: 0.0411  decode.d2.loss_mask: 0.6952  decode.d2.loss_dice: 0.5299  decode.d3.loss_cls: 0.0366  decode.d3.loss_mask: 0.6985  decode.d3.loss_dice: 0.5430  decode.d4.loss_cls: 0.0312  decode.d4.loss_mask: 0.7040  decode.d4.loss_dice: 0.5488  decode.d5.loss_cls: 0.0351  decode.d5.loss_mask: 0.6979  decode.d5.loss_dice: 0.5487  decode.d6.loss_cls: 0.0324  decode.d6.loss_mask: 0.7009  decode.d6.loss_dice: 0.5457  decode.d7.loss_cls: 0.0338  decode.d7.loss_mask: 0.7051  decode.d7.loss_dice: 0.5432  decode.d8.loss_cls: 0.0241  decode.d8.loss_mask: 0.7029  decode.d8.loss_dice: 0.5468
2026/07/21 04:41:37 - mmengine - INFO - Saving checkpoint at 26000 iterations
2026/07/21 04:43:02 - mmengine - INFO - Iter(val) [100/504]    eta: 0:02:27  time: 0.3481  data_time: 0.0075  memory: 3097  
2026/07/21 04:43:37 - mmengine - INFO - Iter(val) [200/504]    eta: 0:01:48  time: 0.3519  data_time: 0.0074  memory: 3097  
2026/07/21 04:44:12 - mmengine - INFO - Iter(val) [300/504]    eta: 0:01:12  time: 0.3512  data_time: 0.0075  memory: 3097  
2026/07/21 04:44:47 - mmengine - INFO - Iter(val) [400/504]    eta: 0:00:36  time: 0.3678  data_time: 0.0077  memory: 3097  
2026/07/21 04:45:22 - mmengine - INFO - Iter(val) [500/504]    eta: 0:00:01  time: 0.3402  data_time: 0.0074  memory: 3097  
2026/07/21 04:45:26 - mmengine - INFO - per class results:
2026/07/21 04:45:26 - mmengine - INFO - 
+--------------------+-------+-------+--------+-----------+--------+
|       Class        |  IoU  |  Acc  | Fscore | Precision | Recall |
+--------------------+-------+-------+--------+-----------+--------+
| impervious_surface |  85.8 | 92.07 | 92.36  |   92.64   | 92.07  |
|      building      | 94.22 | 95.45 | 97.03  |   98.66   | 95.45  |
|   low_vegetation   | 78.15 | 92.95 | 87.73  |   83.07   | 92.95  |
|        tree        | 79.69 | 84.75 |  88.7  |   93.02   | 84.75  |
|        car         | 93.82 | 95.26 | 96.81  |   98.41   | 95.26  |
+--------------------+-------+-------+--------+-----------+--------+
2026/07/21 04:45:26 - mmengine - INFO - Iter(val) [504/504]    aAcc: 91.4800  mIoU: 86.3400  mAcc: 92.1000  mFscore: 92.5200  mPrecision: 93.1600  mRecall: 92.1000  data_time: 0.0103  time: 0.3520
2026/07/21 04:47:21 - mmengine - INFO - Iter(train) [26100/80000]  base_lr: 3.6271e-05 lr: 3.6271e-05  eta: 18:09:37  time: 1.1463  data_time: 0.0150  memory: 9079  grad_norm: 55.8750  loss: 9.9143  decode.loss_cls: 0.0048  decode.loss_mask: 0.5347  decode.loss_dice: 0.4415  decode.d0.loss_cls: 0.0902  decode.d0.loss_mask: 0.5411  decode.d0.loss_dice: 0.4537  decode.d1.loss_cls: 0.0287  decode.d1.loss_mask: 0.5350  decode.d1.loss_dice: 0.4496  decode.d2.loss_cls: 0.0037  decode.d2.loss_mask: 0.5333  decode.d2.loss_dice: 0.4416  decode.d3.loss_cls: 0.0029  decode.d3.loss_mask: 0.5300  decode.d3.loss_dice: 0.4379  decode.d4.loss_cls: 0.0031  decode.d4.loss_mask: 0.5298  decode.d4.loss_dice: 0.4458  decode.d5.loss_cls: 0.0048  decode.d5.loss_mask: 0.5322  decode.d5.loss_dice: 0.4430  decode.d6.loss_cls: 0.0045  decode.d6.loss_mask: 0.5278  decode.d6.loss_dice: 0.4391  decode.d7.loss_cls: 0.0050  decode.d7.loss_mask: 0.5318  decode.d7.loss_dice: 0.4408  decode.d8.loss_cls: 0.0055  decode.d8.loss_mask: 0.5328  decode.d8.loss_dice: 0.4396
2026/07/21 04:49:15 - mmengine - INFO - Iter(train) [26200/80000]  base_lr: 3.6211e-05 lr: 3.6211e-05  eta: 18:07:20  time: 1.1623  data_time: 0.0154  memory: 9088  grad_norm: 57.8529  loss: 11.9019  decode.loss_cls: 0.0015  decode.loss_mask: 0.6641  decode.loss_dice: 0.5061  decode.d0.loss_cls: 0.0724  decode.d0.loss_mask: 0.7087  decode.d0.loss_dice: 0.5142  decode.d1.loss_cls: 0.0167  decode.d1.loss_mask: 0.6660  decode.d1.loss_dice: 0.5109  decode.d2.loss_cls: 0.0069  decode.d2.loss_mask: 0.6616  decode.d2.loss_dice: 0.5107  decode.d3.loss_cls: 0.0083  decode.d3.loss_mask: 0.6606  decode.d3.loss_dice: 0.5071  decode.d4.loss_cls: 0.0054  decode.d4.loss_mask: 0.6636  decode.d4.loss_dice: 0.5044  decode.d5.loss_cls: 0.0050  decode.d5.loss_mask: 0.6666  decode.d5.loss_dice: 0.5116  decode.d6.loss_cls: 0.0040  decode.d6.loss_mask: 0.6666  decode.d6.loss_dice: 0.5111  decode.d7.loss_cls: 0.0022  decode.d7.loss_mask: 0.6623  decode.d7.loss_dice: 0.5122  decode.d8.loss_cls: 0.0013  decode.d8.loss_mask: 0.6599  decode.d8.loss_dice: 0.5100
2026/07/21 04:51:11 - mmengine - INFO - Iter(train) [26300/80000]  base_lr: 3.6150e-05 lr: 3.6150e-05  eta: 18:05:08  time: 1.1553  data_time: 0.0154  memory: 9088  grad_norm: 53.2689  loss: 11.1671  decode.loss_cls: 0.0033  decode.loss_mask: 0.5985  decode.loss_dice: 0.4984  decode.d0.loss_cls: 0.0819  decode.d0.loss_mask: 0.6145  decode.d0.loss_dice: 0.5134  decode.d1.loss_cls: 0.0141  decode.d1.loss_mask: 0.6032  decode.d1.loss_dice: 0.4950  decode.d2.loss_cls: 0.0037  decode.d2.loss_mask: 0.6043  decode.d2.loss_dice: 0.4961  decode.d3.loss_cls: 0.0040  decode.d3.loss_mask: 0.5967  decode.d3.loss_dice: 0.4937  decode.d4.loss_cls: 0.0031  decode.d4.loss_mask: 0.5985  decode.d4.loss_dice: 0.5130  decode.d5.loss_cls: 0.0026  decode.d5.loss_mask: 0.5989  decode.d5.loss_dice: 0.4987  decode.d6.loss_cls: 0.0028  decode.d6.loss_mask: 0.5993  decode.d6.loss_dice: 0.5085  decode.d7.loss_cls: 0.0033  decode.d7.loss_mask: 0.5986  decode.d7.loss_dice: 0.5045  decode.d8.loss_cls: 0.0031  decode.d8.loss_mask: 0.5993  decode.d8.loss_dice: 0.5122
2026/07/21 04:53:07 - mmengine - INFO - Iter(train) [26400/80000]  base_lr: 3.6090e-05 lr: 3.6090e-05  eta: 18:02:56  time: 1.1563  data_time: 0.0152  memory: 9079  grad_norm: 60.0338  loss: 9.0946  decode.loss_cls: 0.0088  decode.loss_mask: 0.4700  decode.loss_dice: 0.4055  decode.d0.loss_cls: 0.1116  decode.d0.loss_mask: 0.4973  decode.d0.loss_dice: 0.4367  decode.d1.loss_cls: 0.0430  decode.d1.loss_mask: 0.4752  decode.d1.loss_dice: 0.4061  decode.d2.loss_cls: 0.0259  decode.d2.loss_mask: 0.4764  decode.d2.loss_dice: 0.4078  decode.d3.loss_cls: 0.0117  decode.d3.loss_mask: 0.4726  decode.d3.loss_dice: 0.4112  decode.d4.loss_cls: 0.0135  decode.d4.loss_mask: 0.4682  decode.d4.loss_dice: 0.4101  decode.d5.loss_cls: 0.0167  decode.d5.loss_mask: 0.4716  decode.d5.loss_dice: 0.4033  decode.d6.loss_cls: 0.0057  decode.d6.loss_mask: 0.4736  decode.d6.loss_dice: 0.4063  decode.d7.loss_cls: 0.0101  decode.d7.loss_mask: 0.4721  decode.d7.loss_dice: 0.3994  decode.d8.loss_cls: 0.0098  decode.d8.loss_mask: 0.4723  decode.d8.loss_dice: 0.4019
2026/07/21 04:55:03 - mmengine - INFO - Iter(train) [26500/80000]  base_lr: 3.6029e-05 lr: 3.6029e-05  eta: 18:00:44  time: 1.1643  data_time: 0.0153  memory: 9088  grad_norm: 74.6383  loss: 13.2446  decode.loss_cls: 0.0409  decode.loss_mask: 0.6678  decode.loss_dice: 0.5655  decode.d0.loss_cls: 0.1427  decode.d0.loss_mask: 0.8000  decode.d0.loss_dice: 0.7045  decode.d1.loss_cls: 0.0669  decode.d1.loss_mask: 0.6795  decode.d1.loss_dice: 0.5819  decode.d2.loss_cls: 0.0574  decode.d2.loss_mask: 0.6658  decode.d2.loss_dice: 0.5760  decode.d3.loss_cls: 0.0451  decode.d3.loss_mask: 0.6656  decode.d3.loss_dice: 0.5710  decode.d4.loss_cls: 0.0477  decode.d4.loss_mask: 0.6676  decode.d4.loss_dice: 0.5787  decode.d5.loss_cls: 0.0424  decode.d5.loss_mask: 0.6648  decode.d5.loss_dice: 0.5731  decode.d6.loss_cls: 0.0392  decode.d6.loss_mask: 0.6714  decode.d6.loss_dice: 0.5776  decode.d7.loss_cls: 0.0406  decode.d7.loss_mask: 0.6669  decode.d7.loss_dice: 0.5612  decode.d8.loss_cls: 0.0438  decode.d8.loss_mask: 0.6698  decode.d8.loss_dice: 0.5692
2026/07/21 04:56:58 - mmengine - INFO - Iter(train) [26600/80000]  base_lr: 3.5968e-05 lr: 3.5968e-05  eta: 17:58:31  time: 1.1522  data_time: 0.0151  memory: 9088  grad_norm: 65.5109  loss: 9.2961  decode.loss_cls: 0.0026  decode.loss_mask: 0.5002  decode.loss_dice: 0.4113  decode.d0.loss_cls: 0.1090  decode.d0.loss_mask: 0.5213  decode.d0.loss_dice: 0.4410  decode.d1.loss_cls: 0.0324  decode.d1.loss_mask: 0.4968  decode.d1.loss_dice: 0.4046  decode.d2.loss_cls: 0.0091  decode.d2.loss_mask: 0.4990  decode.d2.loss_dice: 0.4127  decode.d3.loss_cls: 0.0044  decode.d3.loss_mask: 0.4956  decode.d3.loss_dice: 0.4138  decode.d4.loss_cls: 0.0033  decode.d4.loss_mask: 0.4913  decode.d4.loss_dice: 0.4111  decode.d5.loss_cls: 0.0029  decode.d5.loss_mask: 0.4970  decode.d5.loss_dice: 0.4102  decode.d6.loss_cls: 0.0019  decode.d6.loss_mask: 0.4974  decode.d6.loss_dice: 0.4126  decode.d7.loss_cls: 0.0016  decode.d7.loss_mask: 0.4985  decode.d7.loss_dice: 0.4091  decode.d8.loss_cls: 0.0016  decode.d8.loss_mask: 0.4969  decode.d8.loss_dice: 0.4067
2026/07/21 04:58:54 - mmengine - INFO - Iter(train) [26700/80000]  base_lr: 3.5908e-05 lr: 3.5908e-05  eta: 17:56:19  time: 1.1515  data_time: 0.0154  memory: 9088  grad_norm: 63.4153  loss: 11.4298  decode.loss_cls: 0.0094  decode.loss_mask: 0.6017  decode.loss_dice: 0.4881  decode.d0.loss_cls: 0.1130  decode.d0.loss_mask: 0.6886  decode.d0.loss_dice: 0.5838  decode.d1.loss_cls: 0.0323  decode.d1.loss_mask: 0.6226  decode.d1.loss_dice: 0.5171  decode.d2.loss_cls: 0.0171  decode.d2.loss_mask: 0.6109  decode.d2.loss_dice: 0.4957  decode.d3.loss_cls: 0.0143  decode.d3.loss_mask: 0.6040  decode.d3.loss_dice: 0.4903  decode.d4.loss_cls: 0.0151  decode.d4.loss_mask: 0.6083  decode.d4.loss_dice: 0.4901  decode.d5.loss_cls: 0.0157  decode.d5.loss_mask: 0.6057  decode.d5.loss_dice: 0.4932  decode.d6.loss_cls: 0.0139  decode.d6.loss_mask: 0.6010  decode.d6.loss_dice: 0.4921  decode.d7.loss_cls: 0.0134  decode.d7.loss_mask: 0.6000  decode.d7.loss_dice: 0.4901  decode.d8.loss_cls: 0.0114  decode.d8.loss_mask: 0.6010  decode.d8.loss_dice: 0.4898
2026/07/21 05:00:53 - mmengine - INFO - Iter(train) [26800/80000]  base_lr: 3.5847e-05 lr: 3.5847e-05  eta: 17:54:14  time: 1.1489  data_time: 0.0155  memory: 9088  grad_norm: 85.6154  loss: 10.1501  decode.loss_cls: 0.0295  decode.loss_mask: 0.5657  decode.loss_dice: 0.3837  decode.d0.loss_cls: 0.1636  decode.d0.loss_mask: 0.6546  decode.d0.loss_dice: 0.4713  decode.d1.loss_cls: 0.0478  decode.d1.loss_mask: 0.5698  decode.d1.loss_dice: 0.3956  decode.d2.loss_cls: 0.0401  decode.d2.loss_mask: 0.5625  decode.d2.loss_dice: 0.3831  decode.d3.loss_cls: 0.0342  decode.d3.loss_mask: 0.5577  decode.d3.loss_dice: 0.3819  decode.d4.loss_cls: 0.0286  decode.d4.loss_mask: 0.5628  decode.d4.loss_dice: 0.3823  decode.d5.loss_cls: 0.0314  decode.d5.loss_mask: 0.5638  decode.d5.loss_dice: 0.3820  decode.d6.loss_cls: 0.0293  decode.d6.loss_mask: 0.5702  decode.d6.loss_dice: 0.3887  decode.d7.loss_cls: 0.0290  decode.d7.loss_mask: 0.5704  decode.d7.loss_dice: 0.3873  decode.d8.loss_cls: 0.0282  decode.d8.loss_mask: 0.5702  decode.d8.loss_dice: 0.3851
2026/07/21 05:02:49 - mmengine - INFO - Iter(train) [26900/80000]  base_lr: 3.5786e-05 lr: 3.5786e-05  eta: 17:52:01  time: 1.1563  data_time: 0.0155  memory: 9079  grad_norm: 70.5001  loss: 12.7429  decode.loss_cls: 0.0017  decode.loss_mask: 0.7325  decode.loss_dice: 0.5237  decode.d0.loss_cls: 0.1077  decode.d0.loss_mask: 0.7665  decode.d0.loss_dice: 0.5297  decode.d1.loss_cls: 0.0225  decode.d1.loss_mask: 0.7382  decode.d1.loss_dice: 0.5330  decode.d2.loss_cls: 0.0121  decode.d2.loss_mask: 0.7346  decode.d2.loss_dice: 0.5224  decode.d3.loss_cls: 0.0032  decode.d3.loss_mask: 0.7360  decode.d3.loss_dice: 0.5154  decode.d4.loss_cls: 0.0023  decode.d4.loss_mask: 0.7321  decode.d4.loss_dice: 0.5111  decode.d5.loss_cls: 0.0024  decode.d5.loss_mask: 0.7344  decode.d5.loss_dice: 0.5191  decode.d6.loss_cls: 0.0013  decode.d6.loss_mask: 0.7337  decode.d6.loss_dice: 0.5166  decode.d7.loss_cls: 0.0013  decode.d7.loss_mask: 0.7315  decode.d7.loss_dice: 0.5251  decode.d8.loss_cls: 0.0014  decode.d8.loss_mask: 0.7316  decode.d8.loss_dice: 0.5199
2026/07/21 05:04:42 - mmengine - INFO - Exp name: dinov3_m2f_31999_20260720_190649
2026/07/21 05:04:42 - mmengine - INFO - Iter(train) [27000/80000]  base_lr: 3.5726e-05 lr: 3.5726e-05  eta: 17:49:45  time: 1.1036  data_time: 0.0152  memory: 9088  grad_norm: 74.8554  loss: 12.1416  decode.loss_cls: 0.0052  decode.loss_mask: 0.6581  decode.loss_dice: 0.5342  decode.d0.loss_cls: 0.1114  decode.d0.loss_mask: 0.6828  decode.d0.loss_dice: 0.5464  decode.d1.loss_cls: 0.0141  decode.d1.loss_mask: 0.6660  decode.d1.loss_dice: 0.5330  decode.d2.loss_cls: 0.0118  decode.d2.loss_mask: 0.6550  decode.d2.loss_dice: 0.5226  decode.d3.loss_cls: 0.0151  decode.d3.loss_mask: 0.6573  decode.d3.loss_dice: 0.5226  decode.d4.loss_cls: 0.0068  decode.d4.loss_mask: 0.6615  decode.d4.loss_dice: 0.5366  decode.d5.loss_cls: 0.0151  decode.d5.loss_mask: 0.6607  decode.d5.loss_dice: 0.5283  decode.d6.loss_cls: 0.0069  decode.d6.loss_mask: 0.6603  decode.d6.loss_dice: 0.5386  decode.d7.loss_cls: 0.0047  decode.d7.loss_mask: 0.6580  decode.d7.loss_dice: 0.5333  decode.d8.loss_cls: 0.0048  decode.d8.loss_mask: 0.6576  decode.d8.loss_dice: 0.5330
2026/07/21 05:06:31 - mmengine - INFO - Iter(train) [27100/80000]  base_lr: 3.5665e-05 lr: 3.5665e-05  eta: 17:47:20  time: 1.8101  data_time: 0.0151  memory: 9088  grad_norm: 48.9797  loss: 7.7875  decode.loss_cls: 0.0009  decode.loss_mask: 0.4235  decode.loss_dice: 0.3384  decode.d0.loss_cls: 0.0785  decode.d0.loss_mask: 0.4337  decode.d0.loss_dice: 0.3557  decode.d1.loss_cls: 0.0203  decode.d1.loss_mask: 0.4241  decode.d1.loss_dice: 0.3326  decode.d2.loss_cls: 0.0027  decode.d2.loss_mask: 0.4219  decode.d2.loss_dice: 0.3432  decode.d3.loss_cls: 0.0014  decode.d3.loss_mask: 0.4233  decode.d3.loss_dice: 0.3455  decode.d4.loss_cls: 0.0009  decode.d4.loss_mask: 0.4254  decode.d4.loss_dice: 0.3494  decode.d5.loss_cls: 0.0011  decode.d5.loss_mask: 0.4225  decode.d5.loss_dice: 0.3286  decode.d6.loss_cls: 0.0009  decode.d6.loss_mask: 0.4249  decode.d6.loss_dice: 0.3491  decode.d7.loss_cls: 0.0008  decode.d7.loss_mask: 0.4214  decode.d7.loss_dice: 0.3461  decode.d8.loss_cls: 0.0009  decode.d8.loss_mask: 0.4253  decode.d8.loss_dice: 0.3446
2026/07/21 05:09:30 - mmengine - INFO - Iter(train) [27200/80000]  base_lr: 3.5604e-05 lr: 3.5604e-05  eta: 17:47:12  time: 1.1670  data_time: 0.0148  memory: 9088  grad_norm: 45.5283  loss: 8.4247  decode.loss_cls: 0.0024  decode.loss_mask: 0.4673  decode.loss_dice: 0.3545  decode.d0.loss_cls: 0.1464  decode.d0.loss_mask: 0.5015  decode.d0.loss_dice: 0.3616  decode.d1.loss_cls: 0.0220  decode.d1.loss_mask: 0.4677  decode.d1.loss_dice: 0.3538  decode.d2.loss_cls: 0.0078  decode.d2.loss_mask: 0.4704  decode.d2.loss_dice: 0.3494  decode.d3.loss_cls: 0.0039  decode.d3.loss_mask: 0.4653  decode.d3.loss_dice: 0.3489  decode.d4.loss_cls: 0.0035  decode.d4.loss_mask: 0.4694  decode.d4.loss_dice: 0.3530  decode.d5.loss_cls: 0.0026  decode.d5.loss_mask: 0.4670  decode.d5.loss_dice: 0.3460  decode.d6.loss_cls: 0.0025  decode.d6.loss_mask: 0.4667  decode.d6.loss_dice: 0.3481  decode.d7.loss_cls: 0.0027  decode.d7.loss_mask: 0.4669  decode.d7.loss_dice: 0.3531  decode.d8.loss_cls: 0.0027  decode.d8.loss_mask: 0.4642  decode.d8.loss_dice: 0.3533
2026/07/21 05:11:26 - mmengine - INFO - Iter(train) [27300/80000]  base_lr: 3.5544e-05 lr: 3.5544e-05  eta: 17:45:00  time: 1.1586  data_time: 0.0151  memory: 9079  grad_norm: 56.1778  loss: 8.8855  decode.loss_cls: 0.0010  decode.loss_mask: 0.4695  decode.loss_dice: 0.3943  decode.d0.loss_cls: 0.0959  decode.d0.loss_mask: 0.4891  decode.d0.loss_dice: 0.4117  decode.d1.loss_cls: 0.0362  decode.d1.loss_mask: 0.4774  decode.d1.loss_dice: 0.4057  decode.d2.loss_cls: 0.0106  decode.d2.loss_mask: 0.4729  decode.d2.loss_dice: 0.4020  decode.d3.loss_cls: 0.0013  decode.d3.loss_mask: 0.4714  decode.d3.loss_dice: 0.3984  decode.d4.loss_cls: 0.0008  decode.d4.loss_mask: 0.4748  decode.d4.loss_dice: 0.4020  decode.d5.loss_cls: 0.0010  decode.d5.loss_mask: 0.4720  decode.d5.loss_dice: 0.3937  decode.d6.loss_cls: 0.0007  decode.d6.loss_mask: 0.4716  decode.d6.loss_dice: 0.3986  decode.d7.loss_cls: 0.0007  decode.d7.loss_mask: 0.4698  decode.d7.loss_dice: 0.3962  decode.d8.loss_cls: 0.0008  decode.d8.loss_mask: 0.4696  decode.d8.loss_dice: 0.3957
2026/07/21 05:13:22 - mmengine - INFO - Iter(train) [27400/80000]  base_lr: 3.5483e-05 lr: 3.5483e-05  eta: 17:42:49  time: 1.1568  data_time: 0.0153  memory: 9088  grad_norm: 68.3897  loss: 11.3339  decode.loss_cls: 0.0023  decode.loss_mask: 0.6267  decode.loss_dice: 0.4902  decode.d0.loss_cls: 0.0911  decode.d0.loss_mask: 0.6305  decode.d0.loss_dice: 0.5024  decode.d1.loss_cls: 0.0235  decode.d1.loss_mask: 0.6258  decode.d1.loss_dice: 0.4974  decode.d2.loss_cls: 0.0068  decode.d2.loss_mask: 0.6260  decode.d2.loss_dice: 0.4936  decode.d3.loss_cls: 0.0037  decode.d3.loss_mask: 0.6192  decode.d3.loss_dice: 0.4957  decode.d4.loss_cls: 0.0038  decode.d4.loss_mask: 0.6170  decode.d4.loss_dice: 0.4958  decode.d5.loss_cls: 0.0037  decode.d5.loss_mask: 0.6245  decode.d5.loss_dice: 0.4965  decode.d6.loss_cls: 0.0027  decode.d6.loss_mask: 0.6207  decode.d6.loss_dice: 0.4962  decode.d7.loss_cls: 0.0024  decode.d7.loss_mask: 0.6288  decode.d7.loss_dice: 0.4886  decode.d8.loss_cls: 0.0035  decode.d8.loss_mask: 0.6240  decode.d8.loss_dice: 0.4908
2026/07/21 05:15:17 - mmengine - INFO - Iter(train) [27500/80000]  base_lr: 3.5422e-05 lr: 3.5422e-05  eta: 17:40:36  time: 1.1527  data_time: 0.0152  memory: 9088  grad_norm: 44.7851  loss: 7.2484  decode.loss_cls: 0.0080  decode.loss_mask: 0.3698  decode.loss_dice: 0.3486  decode.d0.loss_cls: 0.1051  decode.d0.loss_mask: 0.4012  decode.d0.loss_dice: 0.3473  decode.d1.loss_cls: 0.0215  decode.d1.loss_mask: 0.3738  decode.d1.loss_dice: 0.3333  decode.d2.loss_cls: 0.0055  decode.d2.loss_mask: 0.3701  decode.d2.loss_dice: 0.3398  decode.d3.loss_cls: 0.0056  decode.d3.loss_mask: 0.3684  decode.d3.loss_dice: 0.3267  decode.d4.loss_cls: 0.0056  decode.d4.loss_mask: 0.3688  decode.d4.loss_dice: 0.3349  decode.d5.loss_cls: 0.0046  decode.d5.loss_mask: 0.3679  decode.d5.loss_dice: 0.3426  decode.d6.loss_cls: 0.0041  decode.d6.loss_mask: 0.3669  decode.d6.loss_dice: 0.3295  decode.d7.loss_cls: 0.0037  decode.d7.loss_mask: 0.3688  decode.d7.loss_dice: 0.3258  decode.d8.loss_cls: 0.0022  decode.d8.loss_mask: 0.3678  decode.d8.loss_dice: 0.3305
2026/07/21 05:17:13 - mmengine - INFO - Iter(train) [27600/80000]  base_lr: 3.5362e-05 lr: 3.5362e-05  eta: 17:38:25  time: 1.1676  data_time: 0.0155  memory: 9088  grad_norm: 56.6750  loss: 10.3590  decode.loss_cls: 0.0383  decode.loss_mask: 0.5276  decode.loss_dice: 0.4359  decode.d0.loss_cls: 0.1003  decode.d0.loss_mask: 0.5889  decode.d0.loss_dice: 0.4858  decode.d1.loss_cls: 0.0460  decode.d1.loss_mask: 0.5357  decode.d1.loss_dice: 0.4494  decode.d2.loss_cls: 0.0358  decode.d2.loss_mask: 0.5352  decode.d2.loss_dice: 0.4572  decode.d3.loss_cls: 0.0313  decode.d3.loss_mask: 0.5361  decode.d3.loss_dice: 0.4535  decode.d4.loss_cls: 0.0383  decode.d4.loss_mask: 0.5326  decode.d4.loss_dice: 0.4540  decode.d5.loss_cls: 0.0394  decode.d5.loss_mask: 0.5329  decode.d5.loss_dice: 0.4453  decode.d6.loss_cls: 0.0338  decode.d6.loss_mask: 0.5301  decode.d6.loss_dice: 0.4512  decode.d7.loss_cls: 0.0347  decode.d7.loss_mask: 0.5376  decode.d7.loss_dice: 0.4554  decode.d8.loss_cls: 0.0351  decode.d8.loss_mask: 0.5289  decode.d8.loss_dice: 0.4528
2026/07/21 05:19:12 - mmengine - INFO - Iter(train) [27700/80000]  base_lr: 3.5301e-05 lr: 3.5301e-05  eta: 17:36:20  time: 1.1629  data_time: 0.0154  memory: 9088  grad_norm: 72.9862  loss: 11.4969  decode.loss_cls: 0.0115  decode.loss_mask: 0.6272  decode.loss_dice: 0.4739  decode.d0.loss_cls: 0.1001  decode.d0.loss_mask: 0.6666  decode.d0.loss_dice: 0.5201  decode.d1.loss_cls: 0.0213  decode.d1.loss_mask: 0.6384  decode.d1.loss_dice: 0.4904  decode.d2.loss_cls: 0.0113  decode.d2.loss_mask: 0.6328  decode.d2.loss_dice: 0.4924  decode.d3.loss_cls: 0.0127  decode.d3.loss_mask: 0.6332  decode.d3.loss_dice: 0.4935  decode.d4.loss_cls: 0.0141  decode.d4.loss_mask: 0.6317  decode.d4.loss_dice: 0.4957  decode.d5.loss_cls: 0.0078  decode.d5.loss_mask: 0.6344  decode.d5.loss_dice: 0.5000  decode.d6.loss_cls: 0.0100  decode.d6.loss_mask: 0.6341  decode.d6.loss_dice: 0.4877  decode.d7.loss_cls: 0.0073  decode.d7.loss_mask: 0.6260  decode.d7.loss_dice: 0.4943  decode.d8.loss_cls: 0.0112  decode.d8.loss_mask: 0.6275  decode.d8.loss_dice: 0.4900
2026/07/21 05:21:07 - mmengine - INFO - Iter(train) [27800/80000]  base_lr: 3.5240e-05 lr: 3.5240e-05  eta: 17:34:07  time: 1.1415  data_time: 0.0150  memory: 9079  grad_norm: 58.3938  loss: 9.1632  decode.loss_cls: 0.0004  decode.loss_mask: 0.5154  decode.loss_dice: 0.3832  decode.d0.loss_cls: 0.0933  decode.d0.loss_mask: 0.5198  decode.d0.loss_dice: 0.4016  decode.d1.loss_cls: 0.0089  decode.d1.loss_mask: 0.5133  decode.d1.loss_dice: 0.3955  decode.d2.loss_cls: 0.0024  decode.d2.loss_mask: 0.5125  decode.d2.loss_dice: 0.3889  decode.d3.loss_cls: 0.0013  decode.d3.loss_mask: 0.5138  decode.d3.loss_dice: 0.3944  decode.d4.loss_cls: 0.0006  decode.d4.loss_mask: 0.5143  decode.d4.loss_dice: 0.3946  decode.d5.loss_cls: 0.0004  decode.d5.loss_mask: 0.5147  decode.d5.loss_dice: 0.3839  decode.d6.loss_cls: 0.0006  decode.d6.loss_mask: 0.5123  decode.d6.loss_dice: 0.3834  decode.d7.loss_cls: 0.0006  decode.d7.loss_mask: 0.5167  decode.d7.loss_dice: 0.4007  decode.d8.loss_cls: 0.0004  decode.d8.loss_mask: 0.5139  decode.d8.loss_dice: 0.3811
2026/07/21 05:23:03 - mmengine - INFO - Iter(train) [27900/80000]  base_lr: 3.5179e-05 lr: 3.5179e-05  eta: 17:31:55  time: 1.1537  data_time: 0.0151  memory: 9088  grad_norm: 53.1687  loss: 10.7330  decode.loss_cls: 0.0004  decode.loss_mask: 0.5862  decode.loss_dice: 0.4781  decode.d0.loss_cls: 0.0655  decode.d0.loss_mask: 0.6043  decode.d0.loss_dice: 0.4794  decode.d1.loss_cls: 0.0148  decode.d1.loss_mask: 0.5845  decode.d1.loss_dice: 0.4775  decode.d2.loss_cls: 0.0027  decode.d2.loss_mask: 0.5827  decode.d2.loss_dice: 0.4768  decode.d3.loss_cls: 0.0008  decode.d3.loss_mask: 0.5828  decode.d3.loss_dice: 0.4751  decode.d4.loss_cls: 0.0013  decode.d4.loss_mask: 0.5816  decode.d4.loss_dice: 0.4790  decode.d5.loss_cls: 0.0009  decode.d5.loss_mask: 0.5821  decode.d5.loss_dice: 0.4825  decode.d6.loss_cls: 0.0010  decode.d6.loss_mask: 0.5846  decode.d6.loss_dice: 0.4779  decode.d7.loss_cls: 0.0011  decode.d7.loss_mask: 0.5854  decode.d7.loss_dice: 0.4796  decode.d8.loss_cls: 0.0008  decode.d8.loss_mask: 0.5815  decode.d8.loss_dice: 0.4819
2026/07/21 05:24:58 - mmengine - INFO - Exp name: dinov3_m2f_31999_20260720_190649
2026/07/21 05:24:58 - mmengine - INFO - Iter(train) [28000/80000]  base_lr: 3.5119e-05 lr: 3.5119e-05  eta: 17:29:44  time: 1.1485  data_time: 0.0153  memory: 9088  grad_norm: 59.0761  loss: 9.5746  decode.loss_cls: 0.0028  decode.loss_mask: 0.5086  decode.loss_dice: 0.4299  decode.d0.loss_cls: 0.0795  decode.d0.loss_mask: 0.5338  decode.d0.loss_dice: 0.4319  decode.d1.loss_cls: 0.0109  decode.d1.loss_mask: 0.5128  decode.d1.loss_dice: 0.4355  decode.d2.loss_cls: 0.0084  decode.d2.loss_mask: 0.5095  decode.d2.loss_dice: 0.4365  decode.d3.loss_cls: 0.0026  decode.d3.loss_mask: 0.5073  decode.d3.loss_dice: 0.4343  decode.d4.loss_cls: 0.0029  decode.d4.loss_mask: 0.5087  decode.d4.loss_dice: 0.4339  decode.d5.loss_cls: 0.0029  decode.d5.loss_mask: 0.5094  decode.d5.loss_dice: 0.4347  decode.d6.loss_cls: 0.0026  decode.d6.loss_mask: 0.5098  decode.d6.loss_dice: 0.4381  decode.d7.loss_cls: 0.0026  decode.d7.loss_mask: 0.5090  decode.d7.loss_dice: 0.4341  decode.d8.loss_cls: 0.0022  decode.d8.loss_mask: 0.5071  decode.d8.loss_dice: 0.4323
2026/07/21 05:24:59 - mmengine - INFO - Saving checkpoint at 28000 iterations
2026/07/21 05:26:53 - mmengine - INFO - Iter(val) [100/504]    eta: 0:02:24  time: 0.3504  data_time: 0.0080  memory: 3097  
2026/07/21 05:27:28 - mmengine - INFO - Iter(val) [200/504]    eta: 0:01:47  time: 0.3498  data_time: 0.0075  memory: 3097  
2026/07/21 05:28:03 - mmengine - INFO - Iter(val) [300/504]    eta: 0:01:11  time: 0.3505  data_time: 0.0076  memory: 3097  
2026/07/21 05:28:38 - mmengine - INFO - Iter(val) [400/504]    eta: 0:00:36  time: 0.3552  data_time: 0.0075  memory: 3097  
2026/07/21 05:29:13 - mmengine - INFO - Iter(val) [500/504]    eta: 0:00:01  time: 0.3369  data_time: 0.0076  memory: 3097  
2026/07/21 05:29:17 - mmengine - INFO - per class results:
2026/07/21 05:29:17 - mmengine - INFO - 
+--------------------+-------+-------+--------+-----------+--------+
|       Class        |  IoU  |  Acc  | Fscore | Precision | Recall |
+--------------------+-------+-------+--------+-----------+--------+
| impervious_surface | 87.13 | 91.42 | 93.12  |   94.89   | 91.42  |
|      building      | 95.87 | 97.38 | 97.89  |   98.41   | 97.38  |
|   low_vegetation   | 78.91 | 88.22 | 88.21  |   88.21   | 88.22  |
|        tree        | 80.55 | 91.69 | 89.22  |   86.89   | 91.69  |
|        car         | 92.76 | 93.62 | 96.24  |   99.02   | 93.62  |
+--------------------+-------+-------+--------+-----------+--------+
2026/07/21 05:29:17 - mmengine - INFO - Iter(val) [504/504]    aAcc: 92.1400  mIoU: 87.0400  mAcc: 92.4600  mFscore: 92.9400  mPrecision: 93.4800  mRecall: 92.4600  data_time: 0.0094  time: 0.3514
2026/07/21 05:31:13 - mmengine - INFO - Iter(train) [28100/80000]  base_lr: 3.5058e-05 lr: 3.5058e-05  eta: 17:27:37  time: 1.1638  data_time: 0.0153  memory: 9079  grad_norm: 54.2156  loss: 8.5955  decode.loss_cls: 0.0100  decode.loss_mask: 0.4470  decode.loss_dice: 0.3873  decode.d0.loss_cls: 0.1545  decode.d0.loss_mask: 0.4511  decode.d0.loss_dice: 0.4170  decode.d1.loss_cls: 0.0376  decode.d1.loss_mask: 0.4390  decode.d1.loss_dice: 0.3826  decode.d2.loss_cls: 0.0209  decode.d2.loss_mask: 0.4372  decode.d2.loss_dice: 0.3765  decode.d3.loss_cls: 0.0126  decode.d3.loss_mask: 0.4400  decode.d3.loss_dice: 0.3767  decode.d4.loss_cls: 0.0135  decode.d4.loss_mask: 0.4381  decode.d4.loss_dice: 0.3804  decode.d5.loss_cls: 0.0124  decode.d5.loss_mask: 0.4447  decode.d5.loss_dice: 0.3779  decode.d6.loss_cls: 0.0262  decode.d6.loss_mask: 0.4382  decode.d6.loss_dice: 0.3792  decode.d7.loss_cls: 0.0288  decode.d7.loss_mask: 0.4368  decode.d7.loss_dice: 0.3843  decode.d8.loss_cls: 0.0098  decode.d8.loss_mask: 0.4494  decode.d8.loss_dice: 0.3857
2026/07/21 05:33:09 - mmengine - INFO - Iter(train) [28200/80000]  base_lr: 3.4997e-05 lr: 3.4997e-05  eta: 17:25:27  time: 1.1494  data_time: 0.0153  memory: 9088  grad_norm: 82.0158  loss: 14.3587  decode.loss_cls: 0.0361  decode.loss_mask: 0.7614  decode.loss_dice: 0.5931  decode.d0.loss_cls: 0.2205  decode.d0.loss_mask: 0.8750  decode.d0.loss_dice: 0.7436  decode.d1.loss_cls: 0.0565  decode.d1.loss_mask: 0.7720  decode.d1.loss_dice: 0.6187  decode.d2.loss_cls: 0.0361  decode.d2.loss_mask: 0.7595  decode.d2.loss_dice: 0.5998  decode.d3.loss_cls: 0.0352  decode.d3.loss_mask: 0.7477  decode.d3.loss_dice: 0.5855  decode.d4.loss_cls: 0.0386  decode.d4.loss_mask: 0.7501  decode.d4.loss_dice: 0.5953  decode.d5.loss_cls: 0.0283  decode.d5.loss_mask: 0.7470  decode.d5.loss_dice: 0.5884  decode.d6.loss_cls: 0.0274  decode.d6.loss_mask: 0.7541  decode.d6.loss_dice: 0.5939  decode.d7.loss_cls: 0.0250  decode.d7.loss_mask: 0.7604  decode.d7.loss_dice: 0.6111  decode.d8.loss_cls: 0.0321  decode.d8.loss_mask: 0.7617  decode.d8.loss_dice: 0.6046
2026/07/21 05:35:04 - mmengine - INFO - Iter(train) [28300/80000]  base_lr: 3.4936e-05 lr: 3.4936e-05  eta: 17:23:15  time: 1.1310  data_time: 0.0152  memory: 9088  grad_norm: 48.7532  loss: 8.6743  decode.loss_cls: 0.0079  decode.loss_mask: 0.4652  decode.loss_dice: 0.3903  decode.d0.loss_cls: 0.1223  decode.d0.loss_mask: 0.4875  decode.d0.loss_dice: 0.3892  decode.d1.loss_cls: 0.0155  decode.d1.loss_mask: 0.4668  decode.d1.loss_dice: 0.3882  decode.d2.loss_cls: 0.0053  decode.d2.loss_mask: 0.4669  decode.d2.loss_dice: 0.3687  decode.d3.loss_cls: 0.0062  decode.d3.loss_mask: 0.4679  decode.d3.loss_dice: 0.3797  decode.d4.loss_cls: 0.0058  decode.d4.loss_mask: 0.4674  decode.d4.loss_dice: 0.3805  decode.d5.loss_cls: 0.0051  decode.d5.loss_mask: 0.4683  decode.d5.loss_dice: 0.3751  decode.d6.loss_cls: 0.0067  decode.d6.loss_mask: 0.4672  decode.d6.loss_dice: 0.3787  decode.d7.loss_cls: 0.0063  decode.d7.loss_mask: 0.4674  decode.d7.loss_dice: 0.3676  decode.d8.loss_cls: 0.0076  decode.d8.loss_mask: 0.4685  decode.d8.loss_dice: 0.3747
2026/07/21 05:37:00 - mmengine - INFO - Iter(train) [28400/80000]  base_lr: 3.4875e-05 lr: 3.4875e-05  eta: 17:21:04  time: 1.1710  data_time: 0.0154  memory: 9088  grad_norm: 53.8492  loss: 8.4225  decode.loss_cls: 0.0132  decode.loss_mask: 0.3824  decode.loss_dice: 0.4362  decode.d0.loss_cls: 0.1009  decode.d0.loss_mask: 0.3835  decode.d0.loss_dice: 0.4785  decode.d1.loss_cls: 0.0447  decode.d1.loss_mask: 0.3798  decode.d1.loss_dice: 0.4404  decode.d2.loss_cls: 0.0143  decode.d2.loss_mask: 0.3774  decode.d2.loss_dice: 0.4461  decode.d3.loss_cls: 0.0027  decode.d3.loss_mask: 0.3759  decode.d3.loss_dice: 0.4406  decode.d4.loss_cls: 0.0028  decode.d4.loss_mask: 0.3782  decode.d4.loss_dice: 0.4310  decode.d5.loss_cls: 0.0050  decode.d5.loss_mask: 0.3807  decode.d5.loss_dice: 0.4437  decode.d6.loss_cls: 0.0051  decode.d6.loss_mask: 0.3803  decode.d6.loss_dice: 0.4359  decode.d7.loss_cls: 0.0062  decode.d7.loss_mask: 0.3831  decode.d7.loss_dice: 0.4388  decode.d8.loss_cls: 0.0071  decode.d8.loss_mask: 0.3770  decode.d8.loss_dice: 0.4311
2026/07/21 05:38:55 - mmengine - INFO - Iter(train) [28500/80000]  base_lr: 3.4814e-05 lr: 3.4814e-05  eta: 17:18:53  time: 1.1558  data_time: 0.0153  memory: 9088  grad_norm: 69.2611  loss: 11.0107  decode.loss_cls: 0.0036  decode.loss_mask: 0.6016  decode.loss_dice: 0.4770  decode.d0.loss_cls: 0.1137  decode.d0.loss_mask: 0.6371  decode.d0.loss_dice: 0.5200  decode.d1.loss_cls: 0.0112  decode.d1.loss_mask: 0.6113  decode.d1.loss_dice: 0.4771  decode.d2.loss_cls: 0.0040  decode.d2.loss_mask: 0.6031  decode.d2.loss_dice: 0.4722  decode.d3.loss_cls: 0.0039  decode.d3.loss_mask: 0.5961  decode.d3.loss_dice: 0.4676  decode.d4.loss_cls: 0.0031  decode.d4.loss_mask: 0.5970  decode.d4.loss_dice: 0.4709  decode.d5.loss_cls: 0.0036  decode.d5.loss_mask: 0.5985  decode.d5.loss_dice: 0.4773  decode.d6.loss_cls: 0.0035  decode.d6.loss_mask: 0.6005  decode.d6.loss_dice: 0.4790  decode.d7.loss_cls: 0.0021  decode.d7.loss_mask: 0.6015  decode.d7.loss_dice: 0.4853  decode.d8.loss_cls: 0.0027  decode.d8.loss_mask: 0.6003  decode.d8.loss_dice: 0.4858
2026/07/21 05:40:54 - mmengine - INFO - Iter(train) [28600/80000]  base_lr: 3.4754e-05 lr: 3.4754e-05  eta: 17:16:48  time: 1.1698  data_time: 0.0156  memory: 9079  grad_norm: 66.9625  loss: 12.0797  decode.loss_cls: 0.0041  decode.loss_mask: 0.6932  decode.loss_dice: 0.4900  decode.d0.loss_cls: 0.1063  decode.d0.loss_mask: 0.7310  decode.d0.loss_dice: 0.4942  decode.d1.loss_cls: 0.0195  decode.d1.loss_mask: 0.7082  decode.d1.loss_dice: 0.5038  decode.d2.loss_cls: 0.0165  decode.d2.loss_mask: 0.7004  decode.d2.loss_dice: 0.5005  decode.d3.loss_cls: 0.0095  decode.d3.loss_mask: 0.6889  decode.d3.loss_dice: 0.4864  decode.d4.loss_cls: 0.0132  decode.d4.loss_mask: 0.6854  decode.d4.loss_dice: 0.4801  decode.d5.loss_cls: 0.0165  decode.d5.loss_mask: 0.6917  decode.d5.loss_dice: 0.4977  decode.d6.loss_cls: 0.0067  decode.d6.loss_mask: 0.6925  decode.d6.loss_dice: 0.4845  decode.d7.loss_cls: 0.0061  decode.d7.loss_mask: 0.6939  decode.d7.loss_dice: 0.4804  decode.d8.loss_cls: 0.0046  decode.d8.loss_mask: 0.6887  decode.d8.loss_dice: 0.4853
2026/07/21 05:42:50 - mmengine - INFO - Iter(train) [28700/80000]  base_lr: 3.4693e-05 lr: 3.4693e-05  eta: 17:14:38  time: 1.1508  data_time: 0.0154  memory: 9079  grad_norm: 45.9583  loss: 9.3777  decode.loss_cls: 0.0110  decode.loss_mask: 0.5006  decode.loss_dice: 0.4155  decode.d0.loss_cls: 0.0803  decode.d0.loss_mask: 0.5075  decode.d0.loss_dice: 0.4146  decode.d1.loss_cls: 0.0233  decode.d1.loss_mask: 0.4996  decode.d1.loss_dice: 0.4040  decode.d2.loss_cls: 0.0216  decode.d2.loss_mask: 0.5001  decode.d2.loss_dice: 0.4252  decode.d3.loss_cls: 0.0082  decode.d3.loss_mask: 0.4993  decode.d3.loss_dice: 0.4116  decode.d4.loss_cls: 0.0111  decode.d4.loss_mask: 0.5017  decode.d4.loss_dice: 0.4239  decode.d5.loss_cls: 0.0048  decode.d5.loss_mask: 0.5029  decode.d5.loss_dice: 0.4288  decode.d6.loss_cls: 0.0115  decode.d6.loss_mask: 0.4988  decode.d6.loss_dice: 0.4234  decode.d7.loss_cls: 0.0043  decode.d7.loss_mask: 0.4988  decode.d7.loss_dice: 0.4235  decode.d8.loss_cls: 0.0038  decode.d8.loss_mask: 0.4974  decode.d8.loss_dice: 0.4207
2026/07/21 05:44:45 - mmengine - INFO - Iter(train) [28800/80000]  base_lr: 3.4632e-05 lr: 3.4632e-05  eta: 17:12:25  time: 1.1508  data_time: 0.0150  memory: 9088  grad_norm: 40.2221  loss: 8.4469  decode.loss_cls: 0.0015  decode.loss_mask: 0.4667  decode.loss_dice: 0.3675  decode.d0.loss_cls: 0.0626  decode.d0.loss_mask: 0.4668  decode.d0.loss_dice: 0.3761  decode.d1.loss_cls: 0.0070  decode.d1.loss_mask: 0.4598  decode.d1.loss_dice: 0.3758  decode.d2.loss_cls: 0.0046  decode.d2.loss_mask: 0.4627  decode.d2.loss_dice: 0.3790  decode.d3.loss_cls: 0.0014  decode.d3.loss_mask: 0.4627  decode.d3.loss_dice: 0.3718  decode.d4.loss_cls: 0.0010  decode.d4.loss_mask: 0.4642  decode.d4.loss_dice: 0.3711  decode.d5.loss_cls: 0.0009  decode.d5.loss_mask: 0.4627  decode.d5.loss_dice: 0.3746  decode.d6.loss_cls: 0.0016  decode.d6.loss_mask: 0.4650  decode.d6.loss_dice: 0.3734  decode.d7.loss_cls: 0.0012  decode.d7.loss_mask: 0.4630  decode.d7.loss_dice: 0.3677  decode.d8.loss_cls: 0.0017  decode.d8.loss_mask: 0.4644  decode.d8.loss_dice: 0.3683
2026/07/21 05:46:41 - mmengine - INFO - Iter(train) [28900/80000]  base_lr: 3.4571e-05 lr: 3.4571e-05  eta: 17:10:16  time: 1.1598  data_time: 0.0152  memory: 9088  grad_norm: 48.9108  loss: 9.0179  decode.loss_cls: 0.0039  decode.loss_mask: 0.4669  decode.loss_dice: 0.4155  decode.d0.loss_cls: 0.0953  decode.d0.loss_mask: 0.4724  decode.d0.loss_dice: 0.4282  decode.d1.loss_cls: 0.0092  decode.d1.loss_mask: 0.4676  decode.d1.loss_dice: 0.4273  decode.d2.loss_cls: 0.0052  decode.d2.loss_mask: 0.4697  decode.d2.loss_dice: 0.4269  decode.d3.loss_cls: 0.0048  decode.d3.loss_mask: 0.4665  decode.d3.loss_dice: 0.4205  decode.d4.loss_cls: 0.0052  decode.d4.loss_mask: 0.4650  decode.d4.loss_dice: 0.4118  decode.d5.loss_cls: 0.0040  decode.d5.loss_mask: 0.4667  decode.d5.loss_dice: 0.4194  decode.d6.loss_cls: 0.0051  decode.d6.loss_mask: 0.4676  decode.d6.loss_dice: 0.4158  decode.d7.loss_cls: 0.0054  decode.d7.loss_mask: 0.4675  decode.d7.loss_dice: 0.4168  decode.d8.loss_cls: 0.0048  decode.d8.loss_mask: 0.4666  decode.d8.loss_dice: 0.4165
2026/07/21 05:48:37 - mmengine - INFO - Exp name: dinov3_m2f_31999_20260720_190649
2026/07/21 05:48:37 - mmengine - INFO - Iter(train) [29000/80000]  base_lr: 3.4510e-05 lr: 3.4510e-05  eta: 17:08:06  time: 1.1562  data_time: 0.0152  memory: 9079  grad_norm: 53.7636  loss: 7.7889  decode.loss_cls: 0.0007  decode.loss_mask: 0.3975  decode.loss_dice: 0.3639  decode.d0.loss_cls: 0.0976  decode.d0.loss_mask: 0.4310  decode.d0.loss_dice: 0.3818  decode.d1.loss_cls: 0.0199  decode.d1.loss_mask: 0.4114  decode.d1.loss_dice: 0.3669  decode.d2.loss_cls: 0.0023  decode.d2.loss_mask: 0.3976  decode.d2.loss_dice: 0.3610  decode.d3.loss_cls: 0.0007  decode.d3.loss_mask: 0.3951  decode.d3.loss_dice: 0.3643  decode.d4.loss_cls: 0.0008  decode.d4.loss_mask: 0.3924  decode.d4.loss_dice: 0.3619  decode.d5.loss_cls: 0.0010  decode.d5.loss_mask: 0.3958  decode.d5.loss_dice: 0.3593  decode.d6.loss_cls: 0.0009  decode.d6.loss_mask: 0.3959  decode.d6.loss_dice: 0.3624  decode.d7.loss_cls: 0.0009  decode.d7.loss_mask: 0.3956  decode.d7.loss_dice: 0.3657  decode.d8.loss_cls: 0.0009  decode.d8.loss_mask: 0.3986  decode.d8.loss_dice: 0.3651
2026/07/21 05:51:03 - mmengine - INFO - Iter(train) [29100/80000]  base_lr: 3.4449e-05 lr: 3.4449e-05  eta: 17:06:49  time: 1.9071  data_time: 0.0151  memory: 9088  grad_norm: 51.2957  loss: 9.9574  decode.loss_cls: 0.0090  decode.loss_mask: 0.5176  decode.loss_dice: 0.4338  decode.d0.loss_cls: 0.0856  decode.d0.loss_mask: 0.6316  decode.d0.loss_dice: 0.5240  decode.d1.loss_cls: 0.0360  decode.d1.loss_mask: 0.5214  decode.d1.loss_dice: 0.4434  decode.d2.loss_cls: 0.0261  decode.d2.loss_mask: 0.5147  decode.d2.loss_dice: 0.4373  decode.d3.loss_cls: 0.0173  decode.d3.loss_mask: 0.5094  decode.d3.loss_dice: 0.4268  decode.d4.loss_cls: 0.0133  decode.d4.loss_mask: 0.5097  decode.d4.loss_dice: 0.4397  decode.d5.loss_cls: 0.0140  decode.d5.loss_mask: 0.5111  decode.d5.loss_dice: 0.4326  decode.d6.loss_cls: 0.0109  decode.d6.loss_mask: 0.5156  decode.d6.loss_dice: 0.4351  decode.d7.loss_cls: 0.0109  decode.d7.loss_mask: 0.5169  decode.d7.loss_dice: 0.4439  decode.d8.loss_cls: 0.0110  decode.d8.loss_mask: 0.5139  decode.d8.loss_dice: 0.4448
2026/07/21 05:53:39 - mmengine - INFO - Iter(train) [29200/80000]  base_lr: 3.4388e-05 lr: 3.4388e-05  eta: 17:05:50  time: 1.1785  data_time: 0.0152  memory: 9088  grad_norm: 63.6100  loss: 9.0547  decode.loss_cls: 0.0116  decode.loss_mask: 0.4783  decode.loss_dice: 0.3947  decode.d0.loss_cls: 0.1291  decode.d0.loss_mask: 0.5304  decode.d0.loss_dice: 0.4112  decode.d1.loss_cls: 0.0341  decode.d1.loss_mask: 0.4792  decode.d1.loss_dice: 0.3909  decode.d2.loss_cls: 0.0168  decode.d2.loss_mask: 0.4765  decode.d2.loss_dice: 0.3969  decode.d3.loss_cls: 0.0181  decode.d3.loss_mask: 0.4750  decode.d3.loss_dice: 0.3905  decode.d4.loss_cls: 0.0143  decode.d4.loss_mask: 0.4761  decode.d4.loss_dice: 0.3944  decode.d5.loss_cls: 0.0128  decode.d5.loss_mask: 0.4794  decode.d5.loss_dice: 0.3950  decode.d6.loss_cls: 0.0092  decode.d6.loss_mask: 0.4820  decode.d6.loss_dice: 0.3963  decode.d7.loss_cls: 0.0098  decode.d7.loss_mask: 0.4744  decode.d7.loss_dice: 0.3920  decode.d8.loss_cls: 0.0158  decode.d8.loss_mask: 0.4730  decode.d8.loss_dice: 0.3968
2026/07/21 05:55:34 - mmengine - INFO - Iter(train) [29300/80000]  base_lr: 3.4327e-05 lr: 3.4327e-05  eta: 17:03:38  time: 1.1549  data_time: 0.0151  memory: 9088  grad_norm: 68.8131  loss: 11.2506  decode.loss_cls: 0.0016  decode.loss_mask: 0.6259  decode.loss_dice: 0.4747  decode.d0.loss_cls: 0.0980  decode.d0.loss_mask: 0.6891  decode.d0.loss_dice: 0.5012  decode.d1.loss_cls: 0.0155  decode.d1.loss_mask: 0.6442  decode.d1.loss_dice: 0.5010  decode.d2.loss_cls: 0.0053  decode.d2.loss_mask: 0.6243  decode.d2.loss_dice: 0.4732  decode.d3.loss_cls: 0.0032  decode.d3.loss_mask: 0.6213  decode.d3.loss_dice: 0.4661  decode.d4.loss_cls: 0.0021  decode.d4.loss_mask: 0.6263  decode.d4.loss_dice: 0.4722  decode.d5.loss_cls: 0.0013  decode.d5.loss_mask: 0.6250  decode.d5.loss_dice: 0.4752  decode.d6.loss_cls: 0.0013  decode.d6.loss_mask: 0.6239  decode.d6.loss_dice: 0.4772  decode.d7.loss_cls: 0.0015  decode.d7.loss_mask: 0.6259  decode.d7.loss_dice: 0.4762  decode.d8.loss_cls: 0.0014  decode.d8.loss_mask: 0.6253  decode.d8.loss_dice: 0.4710
2026/07/21 05:57:33 - mmengine - INFO - Iter(train) [29400/80000]  base_lr: 3.4266e-05 lr: 3.4266e-05  eta: 17:01:32  time: 1.1868  data_time: 0.0153  memory: 9088  grad_norm: 68.0734  loss: 8.0321  decode.loss_cls: 0.0183  decode.loss_mask: 0.4015  decode.loss_dice: 0.3447  decode.d0.loss_cls: 0.1607  decode.d0.loss_mask: 0.4660  decode.d0.loss_dice: 0.4187  decode.d1.loss_cls: 0.0410  decode.d1.loss_mask: 0.4149  decode.d1.loss_dice: 0.3385  decode.d2.loss_cls: 0.0261  decode.d2.loss_mask: 0.4056  decode.d2.loss_dice: 0.3607  decode.d3.loss_cls: 0.0190  decode.d3.loss_mask: 0.4149  decode.d3.loss_dice: 0.3644  decode.d4.loss_cls: 0.0201  decode.d4.loss_mask: 0.4074  decode.d4.loss_dice: 0.3468  decode.d5.loss_cls: 0.0225  decode.d5.loss_mask: 0.4019  decode.d5.loss_dice: 0.3348  decode.d6.loss_cls: 0.0193  decode.d6.loss_mask: 0.4072  decode.d6.loss_dice: 0.3511  decode.d7.loss_cls: 0.0184  decode.d7.loss_mask: 0.4016  decode.d7.loss_dice: 0.3413  decode.d8.loss_cls: 0.0241  decode.d8.loss_mask: 0.4029  decode.d8.loss_dice: 0.3378
2026/07/21 05:59:28 - mmengine - INFO - Iter(train) [29500/80000]  base_lr: 3.4205e-05 lr: 3.4205e-05  eta: 16:59:21  time: 1.1481  data_time: 0.0150  memory: 9079  grad_norm: 45.9588  loss: 8.3797  decode.loss_cls: 0.0046  decode.loss_mask: 0.4579  decode.loss_dice: 0.3675  decode.d0.loss_cls: 0.0874  decode.d0.loss_mask: 0.4684  decode.d0.loss_dice: 0.3793  decode.d1.loss_cls: 0.0227  decode.d1.loss_mask: 0.4597  decode.d1.loss_dice: 0.3603  decode.d2.loss_cls: 0.0063  decode.d2.loss_mask: 0.4593  decode.d2.loss_dice: 0.3632  decode.d3.loss_cls: 0.0046  decode.d3.loss_mask: 0.4572  decode.d3.loss_dice: 0.3525  decode.d4.loss_cls: 0.0057  decode.d4.loss_mask: 0.4574  decode.d4.loss_dice: 0.3659  decode.d5.loss_cls: 0.0054  decode.d5.loss_mask: 0.4569  decode.d5.loss_dice: 0.3681  decode.d6.loss_cls: 0.0052  decode.d6.loss_mask: 0.4571  decode.d6.loss_dice: 0.3701  decode.d7.loss_cls: 0.0034  decode.d7.loss_mask: 0.4561  decode.d7.loss_dice: 0.3657  decode.d8.loss_cls: 0.0047  decode.d8.loss_mask: 0.4531  decode.d8.loss_dice: 0.3538
2026/07/21 06:01:24 - mmengine - INFO - Iter(train) [29600/80000]  base_lr: 3.4145e-05 lr: 3.4145e-05  eta: 16:57:11  time: 1.1617  data_time: 0.0151  memory: 9088  grad_norm: 73.8865  loss: 12.0383  decode.loss_cls: 0.0106  decode.loss_mask: 0.6519  decode.loss_dice: 0.5190  decode.d0.loss_cls: 0.1095  decode.d0.loss_mask: 0.6808  decode.d0.loss_dice: 0.5517  decode.d1.loss_cls: 0.0275  decode.d1.loss_mask: 0.6630  decode.d1.loss_dice: 0.5316  decode.d2.loss_cls: 0.0144  decode.d2.loss_mask: 0.6483  decode.d2.loss_dice: 0.5306  decode.d3.loss_cls: 0.0163  decode.d3.loss_mask: 0.6425  decode.d3.loss_dice: 0.5236  decode.d4.loss_cls: 0.0158  decode.d4.loss_mask: 0.6468  decode.d4.loss_dice: 0.5211  decode.d5.loss_cls: 0.0131  decode.d5.loss_mask: 0.6477  decode.d5.loss_dice: 0.5275  decode.d6.loss_cls: 0.0087  decode.d6.loss_mask: 0.6425  decode.d6.loss_dice: 0.5195  decode.d7.loss_cls: 0.0175  decode.d7.loss_mask: 0.6465  decode.d7.loss_dice: 0.5276  decode.d8.loss_cls: 0.0081  decode.d8.loss_mask: 0.6477  decode.d8.loss_dice: 0.5269
2026/07/21 06:03:20 - mmengine - INFO - Iter(train) [29700/80000]  base_lr: 3.4084e-05 lr: 3.4084e-05  eta: 16:55:02  time: 1.1645  data_time: 0.0153  memory: 9088  grad_norm: 47.6937  loss: 7.6804  decode.loss_cls: 0.0053  decode.loss_mask: 0.3747  decode.loss_dice: 0.3672  decode.d0.loss_cls: 0.1048  decode.d0.loss_mask: 0.4000  decode.d0.loss_dice: 0.3869  decode.d1.loss_cls: 0.0291  decode.d1.loss_mask: 0.3761  decode.d1.loss_dice: 0.3501  decode.d2.loss_cls: 0.0188  decode.d2.loss_mask: 0.3740  decode.d2.loss_dice: 0.3709  decode.d3.loss_cls: 0.0038  decode.d3.loss_mask: 0.3748  decode.d3.loss_dice: 0.3741  decode.d4.loss_cls: 0.0158  decode.d4.loss_mask: 0.3761  decode.d4.loss_dice: 0.3735  decode.d5.loss_cls: 0.0282  decode.d5.loss_mask: 0.3746  decode.d5.loss_dice: 0.3574  decode.d6.loss_cls: 0.0205  decode.d6.loss_mask: 0.3701  decode.d6.loss_dice: 0.3587  decode.d7.loss_cls: 0.0142  decode.d7.loss_mask: 0.3744  decode.d7.loss_dice: 0.3641  decode.d8.loss_cls: 0.0030  decode.d8.loss_mask: 0.3704  decode.d8.loss_dice: 0.3687
2026/07/21 06:05:14 - mmengine - INFO - Iter(train) [29800/80000]  base_lr: 3.4023e-05 lr: 3.4023e-05  eta: 16:52:48  time: 1.1544  data_time: 0.0153  memory: 9088  grad_norm: 49.7914  loss: 8.6919  decode.loss_cls: 0.0043  decode.loss_mask: 0.4547  decode.loss_dice: 0.3844  decode.d0.loss_cls: 0.1012  decode.d0.loss_mask: 0.4872  decode.d0.loss_dice: 0.4077  decode.d1.loss_cls: 0.0508  decode.d1.loss_mask: 0.4571  decode.d1.loss_dice: 0.3822  decode.d2.loss_cls: 0.0177  decode.d2.loss_mask: 0.4571  decode.d2.loss_dice: 0.3857  decode.d3.loss_cls: 0.0076  decode.d3.loss_mask: 0.4572  decode.d3.loss_dice: 0.3845  decode.d4.loss_cls: 0.0077  decode.d4.loss_mask: 0.4562  decode.d4.loss_dice: 0.3790  decode.d5.loss_cls: 0.0081  decode.d5.loss_mask: 0.4571  decode.d5.loss_dice: 0.3855  decode.d6.loss_cls: 0.0096  decode.d6.loss_mask: 0.4558  decode.d6.loss_dice: 0.3820  decode.d7.loss_cls: 0.0064  decode.d7.loss_mask: 0.4587  decode.d7.loss_dice: 0.3897  decode.d8.loss_cls: 0.0097  decode.d8.loss_mask: 0.4567  decode.d8.loss_dice: 0.3905
2026/07/21 06:07:09 - mmengine - INFO - Iter(train) [29900/80000]  base_lr: 3.3962e-05 lr: 3.3962e-05  eta: 16:50:37  time: 1.1550  data_time: 0.0153  memory: 9088  grad_norm: 53.1619  loss: 7.7785  decode.loss_cls: 0.0156  decode.loss_mask: 0.3918  decode.loss_dice: 0.3623  decode.d0.loss_cls: 0.0916  decode.d0.loss_mask: 0.3952  decode.d0.loss_dice: 0.4120  decode.d1.loss_cls: 0.0304  decode.d1.loss_mask: 0.3808  decode.d1.loss_dice: 0.3529  decode.d2.loss_cls: 0.0186  decode.d2.loss_mask: 0.3839  decode.d2.loss_dice: 0.3601  decode.d3.loss_cls: 0.0158  decode.d3.loss_mask: 0.3840  decode.d3.loss_dice: 0.3503  decode.d4.loss_cls: 0.0181  decode.d4.loss_mask: 0.3885  decode.d4.loss_dice: 0.3672  decode.d5.loss_cls: 0.0175  decode.d5.loss_mask: 0.3858  decode.d5.loss_dice: 0.3539  decode.d6.loss_cls: 0.0256  decode.d6.loss_mask: 0.3855  decode.d6.loss_dice: 0.3552  decode.d7.loss_cls: 0.0183  decode.d7.loss_mask: 0.3850  decode.d7.loss_dice: 0.3515  decode.d8.loss_cls: 0.0238  decode.d8.loss_mask: 0.3871  decode.d8.loss_dice: 0.3701
2026/07/21 06:09:06 - mmengine - INFO - Exp name: dinov3_m2f_31999_20260720_190649
2026/07/21 06:09:06 - mmengine - INFO - Iter(train) [30000/80000]  base_lr: 3.3901e-05 lr: 3.3901e-05  eta: 16:48:29  time: 1.1575  data_time: 0.0149  memory: 9088  grad_norm: 68.2698  loss: 10.3300  decode.loss_cls: 0.0023  decode.loss_mask: 0.5532  decode.loss_dice: 0.4544  decode.d0.loss_cls: 0.0872  decode.d0.loss_mask: 0.5770  decode.d0.loss_dice: 0.4795  decode.d1.loss_cls: 0.0151  decode.d1.loss_mask: 0.5613  decode.d1.loss_dice: 0.4669  decode.d2.loss_cls: 0.0038  decode.d2.loss_mask: 0.5614  decode.d2.loss_dice: 0.4612  decode.d3.loss_cls: 0.0035  decode.d3.loss_mask: 0.5560  decode.d3.loss_dice: 0.4652  decode.d4.loss_cls: 0.0026  decode.d4.loss_mask: 0.5577  decode.d4.loss_dice: 0.4592  decode.d5.loss_cls: 0.0022  decode.d5.loss_mask: 0.5601  decode.d5.loss_dice: 0.4590  decode.d6.loss_cls: 0.0023  decode.d6.loss_mask: 0.5538  decode.d6.loss_dice: 0.4599  decode.d7.loss_cls: 0.0024  decode.d7.loss_mask: 0.5519  decode.d7.loss_dice: 0.4575  decode.d8.loss_cls: 0.0024  decode.d8.loss_mask: 0.5553  decode.d8.loss_dice: 0.4555
2026/07/21 06:09:07 - mmengine - INFO - Saving checkpoint at 30000 iterations
2026/07/21 06:10:47 - mmengine - INFO - Iter(val) [100/504]    eta: 0:02:26  time: 0.3518  data_time: 0.0079  memory: 3097  
2026/07/21 06:11:22 - mmengine - INFO - Iter(val) [200/504]    eta: 0:01:47  time: 0.3293  data_time: 0.0078  memory: 3097  
2026/07/21 06:11:57 - mmengine - INFO - Iter(val) [300/504]    eta: 0:01:12  time: 0.3512  data_time: 0.0080  memory: 3097  
2026/07/21 06:12:32 - mmengine - INFO - Iter(val) [400/504]    eta: 0:00:36  time: 0.3451  data_time: 0.0075  memory: 3097  
2026/07/21 06:13:07 - mmengine - INFO - Iter(val) [500/504]    eta: 0:00:01  time: 0.3422  data_time: 0.0075  memory: 3097  
2026/07/21 06:13:11 - mmengine - INFO - per class results:
2026/07/21 06:13:11 - mmengine - INFO - 
+--------------------+-------+-------+--------+-----------+--------+
|       Class        |  IoU  |  Acc  | Fscore | Precision | Recall |
+--------------------+-------+-------+--------+-----------+--------+
| impervious_surface | 86.86 | 92.34 | 92.97  |   93.61   | 92.34  |
|      building      |  95.2 | 97.16 | 97.54  |   97.92   | 97.16  |
|   low_vegetation   | 78.55 | 91.36 | 87.98  |   84.85   | 91.36  |
|        tree        | 79.46 | 85.91 | 88.55  |   91.37   | 85.91  |
|        car         | 93.41 | 95.04 | 96.59  |    98.2   | 95.04  |
+--------------------+-------+-------+--------+-----------+--------+
2026/07/21 06:13:11 - mmengine - INFO - Iter(val) [504/504]    aAcc: 91.8200  mIoU: 86.6900  mAcc: 92.3600  mFscore: 92.7300  mPrecision: 93.1900  mRecall: 92.3600  data_time: 0.0101  time: 0.3522
2026/07/21 06:15:06 - mmengine - INFO - Iter(train) [30100/80000]  base_lr: 3.3839e-05 lr: 3.3839e-05  eta: 16:46:23  time: 1.1498  data_time: 0.0150  memory: 9088  grad_norm: 51.7968  loss: 8.4918  decode.loss_cls: 0.0017  decode.loss_mask: 0.4472  decode.loss_dice: 0.3764  decode.d0.loss_cls: 0.1120  decode.d0.loss_mask: 0.4767  decode.d0.loss_dice: 0.3781  decode.d1.loss_cls: 0.0379  decode.d1.loss_mask: 0.4571  decode.d1.loss_dice: 0.3718  decode.d2.loss_cls: 0.0042  decode.d2.loss_mask: 0.4568  decode.d2.loss_dice: 0.3769  decode.d3.loss_cls: 0.0018  decode.d3.loss_mask: 0.4541  decode.d3.loss_dice: 0.3754  decode.d4.loss_cls: 0.0018  decode.d4.loss_mask: 0.4539  decode.d4.loss_dice: 0.3776  decode.d5.loss_cls: 0.0016  decode.d5.loss_mask: 0.4533  decode.d5.loss_dice: 0.3776  decode.d6.loss_cls: 0.0020  decode.d6.loss_mask: 0.4541  decode.d6.loss_dice: 0.3789  decode.d7.loss_cls: 0.0020  decode.d7.loss_mask: 0.4533  decode.d7.loss_dice: 0.3816  decode.d8.loss_cls: 0.0013  decode.d8.loss_mask: 0.4508  decode.d8.loss_dice: 0.3741
2026/07/21 06:17:01 - mmengine - INFO - Iter(train) [30200/80000]  base_lr: 3.3778e-05 lr: 3.3778e-05  eta: 16:44:12  time: 1.1546  data_time: 0.0156  memory: 9088  grad_norm: 47.6692  loss: 9.6309  decode.loss_cls: 0.0034  decode.loss_mask: 0.4837  decode.loss_dice: 0.4401  decode.d0.loss_cls: 0.0822  decode.d0.loss_mask: 0.5236  decode.d0.loss_dice: 0.4880  decode.d1.loss_cls: 0.0178  decode.d1.loss_mask: 0.4875  decode.d1.loss_dice: 0.4668  decode.d2.loss_cls: 0.0052  decode.d2.loss_mask: 0.4885  decode.d2.loss_dice: 0.4615  decode.d3.loss_cls: 0.0036  decode.d3.loss_mask: 0.4858  decode.d3.loss_dice: 0.4619  decode.d4.loss_cls: 0.0027  decode.d4.loss_mask: 0.4823  decode.d4.loss_dice: 0.4618  decode.d5.loss_cls: 0.0031  decode.d5.loss_mask: 0.4814  decode.d5.loss_dice: 0.4621  decode.d6.loss_cls: 0.0041  decode.d6.loss_mask: 0.4824  decode.d6.loss_dice: 0.4554  decode.d7.loss_cls: 0.0036  decode.d7.loss_mask: 0.4849  decode.d7.loss_dice: 0.4610  decode.d8.loss_cls: 0.0037  decode.d8.loss_mask: 0.4847  decode.d8.loss_dice: 0.4579
2026/07/21 06:19:00 - mmengine - INFO - Iter(train) [30300/80000]  base_lr: 3.3717e-05 lr: 3.3717e-05  eta: 16:42:07  time: 1.1396  data_time: 0.0150  memory: 9088  grad_norm: 90.1777  loss: 11.4553  decode.loss_cls: 0.0325  decode.loss_mask: 0.5692  decode.loss_dice: 0.4976  decode.d0.loss_cls: 0.2058  decode.d0.loss_mask: 0.6613  decode.d0.loss_dice: 0.5982  decode.d1.loss_cls: 0.0646  decode.d1.loss_mask: 0.5853  decode.d1.loss_dice: 0.5144  decode.d2.loss_cls: 0.0570  decode.d2.loss_mask: 0.5692  decode.d2.loss_dice: 0.5192  decode.d3.loss_cls: 0.0378  decode.d3.loss_mask: 0.5787  decode.d3.loss_dice: 0.4989  decode.d4.loss_cls: 0.0448  decode.d4.loss_mask: 0.5703  decode.d4.loss_dice: 0.4937  decode.d5.loss_cls: 0.0421  decode.d5.loss_mask: 0.5714  decode.d5.loss_dice: 0.4619  decode.d6.loss_cls: 0.0414  decode.d6.loss_mask: 0.5717  decode.d6.loss_dice: 0.4844  decode.d7.loss_cls: 0.0392  decode.d7.loss_mask: 0.5751  decode.d7.loss_dice: 0.4903  decode.d8.loss_cls: 0.0459  decode.d8.loss_mask: 0.5635  decode.d8.loss_dice: 0.4700
2026/07/21 06:20:55 - mmengine - INFO - Iter(train) [30400/80000]  base_lr: 3.3656e-05 lr: 3.3656e-05  eta: 16:39:56  time: 1.1549  data_time: 0.0149  memory: 9079  grad_norm: 62.6176  loss: 8.8466  decode.loss_cls: 0.0157  decode.loss_mask: 0.4666  decode.loss_dice: 0.3836  decode.d0.loss_cls: 0.0908  decode.d0.loss_mask: 0.4785  decode.d0.loss_dice: 0.4074  decode.d1.loss_cls: 0.0220  decode.d1.loss_mask: 0.4696  decode.d1.loss_dice: 0.3878  decode.d2.loss_cls: 0.0278  decode.d2.loss_mask: 0.4676  decode.d2.loss_dice: 0.3804  decode.d3.loss_cls: 0.0310  decode.d3.loss_mask: 0.4629  decode.d3.loss_dice: 0.3824  decode.d4.loss_cls: 0.0269  decode.d4.loss_mask: 0.4661  decode.d4.loss_dice: 0.3686  decode.d5.loss_cls: 0.0215  decode.d5.loss_mask: 0.4708  decode.d5.loss_dice: 0.3864  decode.d6.loss_cls: 0.0290  decode.d6.loss_mask: 0.4659  decode.d6.loss_dice: 0.3806  decode.d7.loss_cls: 0.0204  decode.d7.loss_mask: 0.4656  decode.d7.loss_dice: 0.3979  decode.d8.loss_cls: 0.0235  decode.d8.loss_mask: 0.4680  decode.d8.loss_dice: 0.3813
2026/07/21 06:22:49 - mmengine - INFO - Iter(train) [30500/80000]  base_lr: 3.3595e-05 lr: 3.3595e-05  eta: 16:37:44  time: 1.1617  data_time: 0.0148  memory: 9088  grad_norm: 55.7202  loss: 9.6916  decode.loss_cls: 0.0002  decode.loss_mask: 0.5349  decode.loss_dice: 0.4151  decode.d0.loss_cls: 0.0744  decode.d0.loss_mask: 0.5617  decode.d0.loss_dice: 0.4263  decode.d1.loss_cls: 0.0067  decode.d1.loss_mask: 0.5397  decode.d1.loss_dice: 0.4221  decode.d2.loss_cls: 0.0017  decode.d2.loss_mask: 0.5348  decode.d2.loss_dice: 0.4209  decode.d3.loss_cls: 0.0010  decode.d3.loss_mask: 0.5369  decode.d3.loss_dice: 0.4238  decode.d4.loss_cls: 0.0004  decode.d4.loss_mask: 0.5379  decode.d4.loss_dice: 0.4214  decode.d5.loss_cls: 0.0003  decode.d5.loss_mask: 0.5370  decode.d5.loss_dice: 0.4194  decode.d6.loss_cls: 0.0002  decode.d6.loss_mask: 0.5412  decode.d6.loss_dice: 0.4207  decode.d7.loss_cls: 0.0002  decode.d7.loss_mask: 0.5363  decode.d7.loss_dice: 0.4225  decode.d8.loss_cls: 0.0002  decode.d8.loss_mask: 0.5360  decode.d8.loss_dice: 0.4177
2026/07/21 06:24:46 - mmengine - INFO - Iter(train) [30600/80000]  base_lr: 3.3534e-05 lr: 3.3534e-05  eta: 16:35:36  time: 1.1829  data_time: 0.0156  memory: 9088  grad_norm: 64.9401  loss: 10.2719  decode.loss_cls: 0.0098  decode.loss_mask: 0.5627  decode.loss_dice: 0.4448  decode.d0.loss_cls: 0.0778  decode.d0.loss_mask: 0.5940  decode.d0.loss_dice: 0.4643  decode.d1.loss_cls: 0.0069  decode.d1.loss_mask: 0.5625  decode.d1.loss_dice: 0.4528  decode.d2.loss_cls: 0.0091  decode.d2.loss_mask: 0.5592  decode.d2.loss_dice: 0.4501  decode.d3.loss_cls: 0.0101  decode.d3.loss_mask: 0.5613  decode.d3.loss_dice: 0.4466  decode.d4.loss_cls: 0.0086  decode.d4.loss_mask: 0.5617  decode.d4.loss_dice: 0.4446  decode.d5.loss_cls: 0.0048  decode.d5.loss_mask: 0.5627  decode.d5.loss_dice: 0.4464  decode.d6.loss_cls: 0.0079  decode.d6.loss_mask: 0.5613  decode.d6.loss_dice: 0.4425  decode.d7.loss_cls: 0.0073  decode.d7.loss_mask: 0.5586  decode.d7.loss_dice: 0.4438  decode.d8.loss_cls: 0.0057  decode.d8.loss_mask: 0.5611  decode.d8.loss_dice: 0.4427
2026/07/21 06:26:42 - mmengine - INFO - Iter(train) [30700/80000]  base_lr: 3.3473e-05 lr: 3.3473e-05  eta: 16:33:28  time: 1.1516  data_time: 0.0150  memory: 9079  grad_norm: 56.3377  loss: 7.2850  decode.loss_cls: 0.0057  decode.loss_mask: 0.3694  decode.loss_dice: 0.3391  decode.d0.loss_cls: 0.1166  decode.d0.loss_mask: 0.3740  decode.d0.loss_dice: 0.3621  decode.d1.loss_cls: 0.0169  decode.d1.loss_mask: 0.3759  decode.d1.loss_dice: 0.3418  decode.d2.loss_cls: 0.0284  decode.d2.loss_mask: 0.3729  decode.d2.loss_dice: 0.3367  decode.d3.loss_cls: 0.0089  decode.d3.loss_mask: 0.3740  decode.d3.loss_dice: 0.3371  decode.d4.loss_cls: 0.0075  decode.d4.loss_mask: 0.3721  decode.d4.loss_dice: 0.3388  decode.d5.loss_cls: 0.0074  decode.d5.loss_mask: 0.3669  decode.d5.loss_dice: 0.3299  decode.d6.loss_cls: 0.0062  decode.d6.loss_mask: 0.3667  decode.d6.loss_dice: 0.3303  decode.d7.loss_cls: 0.0065  decode.d7.loss_mask: 0.3700  decode.d7.loss_dice: 0.3365  decode.d8.loss_cls: 0.0066  decode.d8.loss_mask: 0.3696  decode.d8.loss_dice: 0.3106
2026/07/21 06:28:38 - mmengine - INFO - Iter(train) [30800/80000]  base_lr: 3.3412e-05 lr: 3.3412e-05  eta: 16:31:19  time: 1.1540  data_time: 0.0150  memory: 9088  grad_norm: 61.6184  loss: 13.1913  decode.loss_cls: 0.0046  decode.loss_mask: 0.7157  decode.loss_dice: 0.5381  decode.d0.loss_cls: 0.1707  decode.d0.loss_mask: 0.9147  decode.d0.loss_dice: 0.6841  decode.d1.loss_cls: 0.0468  decode.d1.loss_mask: 0.7226  decode.d1.loss_dice: 0.5349  decode.d2.loss_cls: 0.0151  decode.d2.loss_mask: 0.7201  decode.d2.loss_dice: 0.5514  decode.d3.loss_cls: 0.0112  decode.d3.loss_mask: 0.7182  decode.d3.loss_dice: 0.5447  decode.d4.loss_cls: 0.0067  decode.d4.loss_mask: 0.7146  decode.d4.loss_dice: 0.5428  decode.d5.loss_cls: 0.0064  decode.d5.loss_mask: 0.7162  decode.d5.loss_dice: 0.5434  decode.d6.loss_cls: 0.0062  decode.d6.loss_mask: 0.7139  decode.d6.loss_dice: 0.5412  decode.d7.loss_cls: 0.0064  decode.d7.loss_mask: 0.7117  decode.d7.loss_dice: 0.5366  decode.d8.loss_cls: 0.0049  decode.d8.loss_mask: 0.7066  decode.d8.loss_dice: 0.5411
2026/07/21 06:30:32 - mmengine - INFO - Iter(train) [30900/80000]  base_lr: 3.3351e-05 lr: 3.3351e-05  eta: 16:29:08  time: 1.1129  data_time: 0.0151  memory: 9088  grad_norm: 51.7440  loss: 5.2951  decode.loss_cls: 0.0111  decode.loss_mask: 0.2533  decode.loss_dice: 0.2321  decode.d0.loss_cls: 0.2991  decode.d0.loss_mask: 0.2893  decode.d0.loss_dice: 0.2720  decode.d1.loss_cls: 0.0316  decode.d1.loss_mask: 0.2605  decode.d1.loss_dice: 0.2217  decode.d2.loss_cls: 0.0169  decode.d2.loss_mask: 0.2563  decode.d2.loss_dice: 0.2183  decode.d3.loss_cls: 0.0199  decode.d3.loss_mask: 0.2541  decode.d3.loss_dice: 0.2202  decode.d4.loss_cls: 0.0171  decode.d4.loss_mask: 0.2530  decode.d4.loss_dice: 0.2179  decode.d5.loss_cls: 0.0247  decode.d5.loss_mask: 0.2535  decode.d5.loss_dice: 0.2054  decode.d6.loss_cls: 0.0233  decode.d6.loss_mask: 0.2508  decode.d6.loss_dice: 0.2081  decode.d7.loss_cls: 0.0143  decode.d7.loss_mask: 0.2535  decode.d7.loss_dice: 0.2115  decode.d8.loss_cls: 0.0138  decode.d8.loss_mask: 0.2556  decode.d8.loss_dice: 0.2362
2026/07/21 06:32:31 - mmengine - INFO - Exp name: dinov3_m2f_31999_20260720_190649
2026/07/21 06:32:31 - mmengine - INFO - Iter(train) [31000/80000]  base_lr: 3.3290e-05 lr: 3.3290e-05  eta: 16:27:04  time: 1.4837  data_time: 0.0156  memory: 9088  grad_norm: 51.7254  loss: 9.1887  decode.loss_cls: 0.0086  decode.loss_mask: 0.4797  decode.loss_dice: 0.4035  decode.d0.loss_cls: 0.1059  decode.d0.loss_mask: 0.5167  decode.d0.loss_dice: 0.4149  decode.d1.loss_cls: 0.0227  decode.d1.loss_mask: 0.4843  decode.d1.loss_dice: 0.4148  decode.d2.loss_cls: 0.0272  decode.d2.loss_mask: 0.4859  decode.d2.loss_dice: 0.4181  decode.d3.loss_cls: 0.0108  decode.d3.loss_mask: 0.4820  decode.d3.loss_dice: 0.4106  decode.d4.loss_cls: 0.0123  decode.d4.loss_mask: 0.4813  decode.d4.loss_dice: 0.4179  decode.d5.loss_cls: 0.0115  decode.d5.loss_mask: 0.4819  decode.d5.loss_dice: 0.4102  decode.d6.loss_cls: 0.0128  decode.d6.loss_mask: 0.4778  decode.d6.loss_dice: 0.4057  decode.d7.loss_cls: 0.0091  decode.d7.loss_mask: 0.4788  decode.d7.loss_dice: 0.4023  decode.d8.loss_cls: 0.0084  decode.d8.loss_mask: 0.4838  decode.d8.loss_dice: 0.4094
2026/07/21 06:35:05 - mmengine - INFO - Iter(train) [31100/80000]  base_lr: 3.3229e-05 lr: 3.3229e-05  eta: 16:25:54  time: 1.8585  data_time: 0.0149  memory: 9088  grad_norm: 55.3111  loss: 8.9753  decode.loss_cls: 0.0013  decode.loss_mask: 0.4843  decode.loss_dice: 0.3908  decode.d0.loss_cls: 0.1277  decode.d0.loss_mask: 0.5047  decode.d0.loss_dice: 0.4299  decode.d1.loss_cls: 0.0114  decode.d1.loss_mask: 0.4902  decode.d1.loss_dice: 0.4010  decode.d2.loss_cls: 0.0020  decode.d2.loss_mask: 0.4858  decode.d2.loss_dice: 0.3902  decode.d3.loss_cls: 0.0010  decode.d3.loss_mask: 0.4846  decode.d3.loss_dice: 0.3935  decode.d4.loss_cls: 0.0011  decode.d4.loss_mask: 0.4827  decode.d4.loss_dice: 0.3963  decode.d5.loss_cls: 0.0005  decode.d5.loss_mask: 0.4835  decode.d5.loss_dice: 0.3990  decode.d6.loss_cls: 0.0009  decode.d6.loss_mask: 0.4853  decode.d6.loss_dice: 0.3880  decode.d7.loss_cls: 0.0007  decode.d7.loss_mask: 0.4817  decode.d7.loss_dice: 0.3857  decode.d8.loss_cls: 0.0008  decode.d8.loss_mask: 0.4815  decode.d8.loss_dice: 0.3896
2026/07/21 06:37:30 - mmengine - INFO - Iter(train) [31200/80000]  base_lr: 3.3167e-05 lr: 3.3167e-05  eta: 16:24:31  time: 1.1502  data_time: 0.0155  memory: 9079  grad_norm: 79.2953  loss: 9.6294  decode.loss_cls: 0.0130  decode.loss_mask: 0.5482  decode.loss_dice: 0.4006  decode.d0.loss_cls: 0.1483  decode.d0.loss_mask: 0.5625  decode.d0.loss_dice: 0.4034  decode.d1.loss_cls: 0.0138  decode.d1.loss_mask: 0.5455  decode.d1.loss_dice: 0.3815  decode.d2.loss_cls: 0.0098  decode.d2.loss_mask: 0.5402  decode.d2.loss_dice: 0.3760  decode.d3.loss_cls: 0.0038  decode.d3.loss_mask: 0.5477  decode.d3.loss_dice: 0.3665  decode.d4.loss_cls: 0.0029  decode.d4.loss_mask: 0.5492  decode.d4.loss_dice: 0.3931  decode.d5.loss_cls: 0.0029  decode.d5.loss_mask: 0.5465  decode.d5.loss_dice: 0.3877  decode.d6.loss_cls: 0.0078  decode.d6.loss_mask: 0.5458  decode.d6.loss_dice: 0.4055  decode.d7.loss_cls: 0.0071  decode.d7.loss_mask: 0.5460  decode.d7.loss_dice: 0.4085  decode.d8.loss_cls: 0.0096  decode.d8.loss_mask: 0.5472  decode.d8.loss_dice: 0.4092
2026/07/21 06:39:26 - mmengine - INFO - Iter(train) [31300/80000]  base_lr: 3.3106e-05 lr: 3.3106e-05  eta: 16:22:23  time: 1.1705  data_time: 0.0150  memory: 9079  grad_norm: 59.9644  loss: 9.0877  decode.loss_cls: 0.0092  decode.loss_mask: 0.4744  decode.loss_dice: 0.4180  decode.d0.loss_cls: 0.0764  decode.d0.loss_mask: 0.5025  decode.d0.loss_dice: 0.4156  decode.d1.loss_cls: 0.0157  decode.d1.loss_mask: 0.4767  decode.d1.loss_dice: 0.4208  decode.d2.loss_cls: 0.0118  decode.d2.loss_mask: 0.4705  decode.d2.loss_dice: 0.4177  decode.d3.loss_cls: 0.0088  decode.d3.loss_mask: 0.4705  decode.d3.loss_dice: 0.4064  decode.d4.loss_cls: 0.0078  decode.d4.loss_mask: 0.4702  decode.d4.loss_dice: 0.4064  decode.d5.loss_cls: 0.0104  decode.d5.loss_mask: 0.4698  decode.d5.loss_dice: 0.4151  decode.d6.loss_cls: 0.0140  decode.d6.loss_mask: 0.4735  decode.d6.loss_dice: 0.4151  decode.d7.loss_cls: 0.0097  decode.d7.loss_mask: 0.4758  decode.d7.loss_dice: 0.4240  decode.d8.loss_cls: 0.0088  decode.d8.loss_mask: 0.4736  decode.d8.loss_dice: 0.4187
2026/07/21 06:41:23 - mmengine - INFO - Iter(train) [31400/80000]  base_lr: 3.3045e-05 lr: 3.3045e-05  eta: 16:20:15  time: 1.1548  data_time: 0.0148  memory: 9088  grad_norm: 34.6681  loss: 6.3193  decode.loss_cls: 0.0011  decode.loss_mask: 0.3362  decode.loss_dice: 0.2794  decode.d0.loss_cls: 0.1007  decode.d0.loss_mask: 0.3391  decode.d0.loss_dice: 0.2875  decode.d1.loss_cls: 0.0050  decode.d1.loss_mask: 0.3390  decode.d1.loss_dice: 0.2860  decode.d2.loss_cls: 0.0022  decode.d2.loss_mask: 0.3392  decode.d2.loss_dice: 0.2915  decode.d3.loss_cls: 0.0010  decode.d3.loss_mask: 0.3362  decode.d3.loss_dice: 0.2845  decode.d4.loss_cls: 0.0016  decode.d4.loss_mask: 0.3340  decode.d4.loss_dice: 0.2817  decode.d5.loss_cls: 0.0012  decode.d5.loss_mask: 0.3375  decode.d5.loss_dice: 0.2702  decode.d6.loss_cls: 0.0007  decode.d6.loss_mask: 0.3350  decode.d6.loss_dice: 0.2853  decode.d7.loss_cls: 0.0009  decode.d7.loss_mask: 0.3368  decode.d7.loss_dice: 0.2842  decode.d8.loss_cls: 0.0010  decode.d8.loss_mask: 0.3365  decode.d8.loss_dice: 0.2840
2026/07/21 06:43:18 - mmengine - INFO - Iter(train) [31500/80000]  base_lr: 3.2984e-05 lr: 3.2984e-05  eta: 16:18:04  time: 1.1467  data_time: 0.0156  memory: 9088  grad_norm: 55.3889  loss: 9.2305  decode.loss_cls: 0.0024  decode.loss_mask: 0.4656  decode.loss_dice: 0.4341  decode.d0.loss_cls: 0.0737  decode.d0.loss_mask: 0.4798  decode.d0.loss_dice: 0.4589  decode.d1.loss_cls: 0.0264  decode.d1.loss_mask: 0.4734  decode.d1.loss_dice: 0.4444  decode.d2.loss_cls: 0.0058  decode.d2.loss_mask: 0.4726  decode.d2.loss_dice: 0.4379  decode.d3.loss_cls: 0.0040  decode.d3.loss_mask: 0.4691  decode.d3.loss_dice: 0.4378  decode.d4.loss_cls: 0.0032  decode.d4.loss_mask: 0.4713  decode.d4.loss_dice: 0.4357  decode.d5.loss_cls: 0.0025  decode.d5.loss_mask: 0.4670  decode.d5.loss_dice: 0.4399  decode.d6.loss_cls: 0.0025  decode.d6.loss_mask: 0.4689  decode.d6.loss_dice: 0.4346  decode.d7.loss_cls: 0.0023  decode.d7.loss_mask: 0.4703  decode.d7.loss_dice: 0.4389  decode.d8.loss_cls: 0.0028  decode.d8.loss_mask: 0.4707  decode.d8.loss_dice: 0.4339
2026/07/21 06:45:13 - mmengine - INFO - Iter(train) [31600/80000]  base_lr: 3.2923e-05 lr: 3.2923e-05  eta: 16:15:54  time: 1.1508  data_time: 0.0156  memory: 9079  grad_norm: 53.5965  loss: 7.6992  decode.loss_cls: 0.0072  decode.loss_mask: 0.3984  decode.loss_dice: 0.3517  decode.d0.loss_cls: 0.0887  decode.d0.loss_mask: 0.4194  decode.d0.loss_dice: 0.3693  decode.d1.loss_cls: 0.0116  decode.d1.loss_mask: 0.4011  decode.d1.loss_dice: 0.3543  decode.d2.loss_cls: 0.0095  decode.d2.loss_mask: 0.3966  decode.d2.loss_dice: 0.3540  decode.d3.loss_cls: 0.0111  decode.d3.loss_mask: 0.3976  decode.d3.loss_dice: 0.3511  decode.d4.loss_cls: 0.0066  decode.d4.loss_mask: 0.3981  decode.d4.loss_dice: 0.3470  decode.d5.loss_cls: 0.0058  decode.d5.loss_mask: 0.3986  decode.d5.loss_dice: 0.3511  decode.d6.loss_cls: 0.0064  decode.d6.loss_mask: 0.3989  decode.d6.loss_dice: 0.3491  decode.d7.loss_cls: 0.0061  decode.d7.loss_mask: 0.3985  decode.d7.loss_dice: 0.3491  decode.d8.loss_cls: 0.0065  decode.d8.loss_mask: 0.3984  decode.d8.loss_dice: 0.3574
2026/07/21 06:47:09 - mmengine - INFO - Iter(train) [31700/80000]  base_lr: 3.2861e-05 lr: 3.2861e-05  eta: 16:13:46  time: 1.1518  data_time: 0.0151  memory: 9088  grad_norm: 39.2522  loss: 8.1342  decode.loss_cls: 0.0056  decode.loss_mask: 0.4301  decode.loss_dice: 0.3539  decode.d0.loss_cls: 0.0816  decode.d0.loss_mask: 0.4721  decode.d0.loss_dice: 0.3745  decode.d1.loss_cls: 0.0499  decode.d1.loss_mask: 0.4355  decode.d1.loss_dice: 0.3623  decode.d2.loss_cls: 0.0191  decode.d2.loss_mask: 0.4330  decode.d2.loss_dice: 0.3613  decode.d3.loss_cls: 0.0122  decode.d3.loss_mask: 0.4340  decode.d3.loss_dice: 0.3517  decode.d4.loss_cls: 0.0058  decode.d4.loss_mask: 0.4300  decode.d4.loss_dice: 0.3511  decode.d5.loss_cls: 0.0097  decode.d5.loss_mask: 0.4273  decode.d5.loss_dice: 0.3506  decode.d6.loss_cls: 0.0050  decode.d6.loss_mask: 0.4316  decode.d6.loss_dice: 0.3659  decode.d7.loss_cls: 0.0046  decode.d7.loss_mask: 0.4320  decode.d7.loss_dice: 0.3496  decode.d8.loss_cls: 0.0080  decode.d8.loss_mask: 0.4331  decode.d8.loss_dice: 0.3532
2026/07/21 06:49:04 - mmengine - INFO - Iter(train) [31800/80000]  base_lr: 3.2800e-05 lr: 3.2800e-05  eta: 16:11:36  time: 1.1728  data_time: 0.0152  memory: 9088  grad_norm: 52.7334  loss: 8.9112  decode.loss_cls: 0.0019  decode.loss_mask: 0.4540  decode.loss_dice: 0.4221  decode.d0.loss_cls: 0.1152  decode.d0.loss_mask: 0.4874  decode.d0.loss_dice: 0.4306  decode.d1.loss_cls: 0.0454  decode.d1.loss_mask: 0.4531  decode.d1.loss_dice: 0.4009  decode.d2.loss_cls: 0.0129  decode.d2.loss_mask: 0.4532  decode.d2.loss_dice: 0.4133  decode.d3.loss_cls: 0.0086  decode.d3.loss_mask: 0.4498  decode.d3.loss_dice: 0.4054  decode.d4.loss_cls: 0.0080  decode.d4.loss_mask: 0.4467  decode.d4.loss_dice: 0.4183  decode.d5.loss_cls: 0.0045  decode.d5.loss_mask: 0.4497  decode.d5.loss_dice: 0.4147  decode.d6.loss_cls: 0.0040  decode.d6.loss_mask: 0.4468  decode.d6.loss_dice: 0.4185  decode.d7.loss_cls: 0.0030  decode.d7.loss_mask: 0.4502  decode.d7.loss_dice: 0.4214  decode.d8.loss_cls: 0.0016  decode.d8.loss_mask: 0.4532  decode.d8.loss_dice: 0.4164
2026/07/21 06:51:00 - mmengine - INFO - Iter(train) [31900/80000]  base_lr: 3.2739e-05 lr: 3.2739e-05  eta: 16:09:27  time: 1.1573  data_time: 0.0150  memory: 9088  grad_norm: 50.7101  loss: 9.6809  decode.loss_cls: 0.0004  decode.loss_mask: 0.5306  decode.loss_dice: 0.4266  decode.d0.loss_cls: 0.0625  decode.d0.loss_mask: 0.5471  decode.d0.loss_dice: 0.4281  decode.d1.loss_cls: 0.0061  decode.d1.loss_mask: 0.5309  decode.d1.loss_dice: 0.4362  decode.d2.loss_cls: 0.0007  decode.d2.loss_mask: 0.5278  decode.d2.loss_dice: 0.4342  decode.d3.loss_cls: 0.0005  decode.d3.loss_mask: 0.5265  decode.d3.loss_dice: 0.4300  decode.d4.loss_cls: 0.0005  decode.d4.loss_mask: 0.5265  decode.d4.loss_dice: 0.4326  decode.d5.loss_cls: 0.0005  decode.d5.loss_mask: 0.5247  decode.d5.loss_dice: 0.4334  decode.d6.loss_cls: 0.0005  decode.d6.loss_mask: 0.5280  decode.d6.loss_dice: 0.4303  decode.d7.loss_cls: 0.0004  decode.d7.loss_mask: 0.5272  decode.d7.loss_dice: 0.4306  decode.d8.loss_cls: 0.0004  decode.d8.loss_mask: 0.5297  decode.d8.loss_dice: 0.4273
2026/07/21 06:52:59 - mmengine - INFO - Exp name: dinov3_m2f_31999_20260720_190649
2026/07/21 06:52:59 - mmengine - INFO - Iter(train) [32000/80000]  base_lr: 3.2678e-05 lr: 3.2678e-05  eta: 16:07:23  time: 1.1785  data_time: 0.0156  memory: 9088  grad_norm: 84.3300  loss: 10.0958  decode.loss_cls: 0.0113  decode.loss_mask: 0.5255  decode.loss_dice: 0.4329  decode.d0.loss_cls: 0.1699  decode.d0.loss_mask: 0.6455  decode.d0.loss_dice: 0.5221  decode.d1.loss_cls: 0.0500  decode.d1.loss_mask: 0.5341  decode.d1.loss_dice: 0.4475  decode.d2.loss_cls: 0.0294  decode.d2.loss_mask: 0.5341  decode.d2.loss_dice: 0.4499  decode.d3.loss_cls: 0.0131  decode.d3.loss_mask: 0.5110  decode.d3.loss_dice: 0.4310  decode.d4.loss_cls: 0.0092  decode.d4.loss_mask: 0.5074  decode.d4.loss_dice: 0.4269  decode.d5.loss_cls: 0.0170  decode.d5.loss_mask: 0.5116  decode.d5.loss_dice: 0.4380  decode.d6.loss_cls: 0.0134  decode.d6.loss_mask: 0.5216  decode.d6.loss_dice: 0.4284  decode.d7.loss_cls: 0.0150  decode.d7.loss_mask: 0.5195  decode.d7.loss_dice: 0.4228  decode.d8.loss_cls: 0.0122  decode.d8.loss_mask: 0.5175  decode.d8.loss_dice: 0.4277
2026/07/21 06:53:00 - mmengine - INFO - Saving checkpoint at 32000 iterations
2026/07/21 06:54:59 - mmengine - INFO - Iter(val) [100/504]    eta: 0:02:26  time: 0.3491  data_time: 0.0077  memory: 3097  
2026/07/21 06:55:34 - mmengine - INFO - Iter(val) [200/504]    eta: 0:01:48  time: 0.3513  data_time: 0.0077  memory: 3097  
2026/07/21 06:56:09 - mmengine - INFO - Iter(val) [300/504]    eta: 0:01:12  time: 0.3522  data_time: 0.0078  memory: 3097  
2026/07/21 06:56:44 - mmengine - INFO - Iter(val) [400/504]    eta: 0:00:36  time: 0.3424  data_time: 0.0078  memory: 3097  
2026/07/21 06:57:19 - mmengine - INFO - Iter(val) [500/504]    eta: 0:00:01  time: 0.3596  data_time: 0.0077  memory: 3097  
2026/07/21 06:57:23 - mmengine - INFO - per class results:
2026/07/21 06:57:23 - mmengine - INFO - 
+--------------------+-------+-------+--------+-----------+--------+
|       Class        |  IoU  |  Acc  | Fscore | Precision | Recall |
+--------------------+-------+-------+--------+-----------+--------+
| impervious_surface | 85.73 | 91.21 | 92.32  |   93.45   | 91.21  |
|      building      | 93.85 |  97.2 | 96.83  |   96.47   |  97.2  |
|   low_vegetation   | 74.31 | 92.99 | 85.26  |   78.72   | 92.99  |
|        tree        | 74.88 | 77.86 | 85.64  |   95.15   | 77.86  |
|        car         | 93.86 | 96.39 | 96.83  |   97.28   | 96.39  |
+--------------------+-------+-------+--------+-----------+--------+
2026/07/21 06:57:23 - mmengine - INFO - Iter(val) [504/504]    aAcc: 90.1200  mIoU: 84.5300  mAcc: 91.1300  mFscore: 91.3800  mPrecision: 92.2100  mRecall: 91.1300  data_time: 0.0102  time: 0.3526
2026/07/21 06:59:18 - mmengine - INFO - Iter(train) [32100/80000]  base_lr: 3.2616e-05 lr: 3.2616e-05  eta: 16:05:17  time: 1.1450  data_time: 0.0155  memory: 9079  grad_norm: 52.0138  loss: 9.1799  decode.loss_cls: 0.0024  decode.loss_mask: 0.5159  decode.loss_dice: 0.3907  decode.d0.loss_cls: 0.0741  decode.d0.loss_mask: 0.5331  decode.d0.loss_dice: 0.3873  decode.d1.loss_cls: 0.0080  decode.d1.loss_mask: 0.5175  decode.d1.loss_dice: 0.3944  decode.d2.loss_cls: 0.0017  decode.d2.loss_mask: 0.5168  decode.d2.loss_dice: 0.3982  decode.d3.loss_cls: 0.0006  decode.d3.loss_mask: 0.5139  decode.d3.loss_dice: 0.3947  decode.d4.loss_cls: 0.0006  decode.d4.loss_mask: 0.5115  decode.d4.loss_dice: 0.3893  decode.d5.loss_cls: 0.0012  decode.d5.loss_mask: 0.5142  decode.d5.loss_dice: 0.3928  decode.d6.loss_cls: 0.0012  decode.d6.loss_mask: 0.5156  decode.d6.loss_dice: 0.3908  decode.d7.loss_cls: 0.0015  decode.d7.loss_mask: 0.5137  decode.d7.loss_dice: 0.3917  decode.d8.loss_cls: 0.0028  decode.d8.loss_mask: 0.5138  decode.d8.loss_dice: 0.3899
2026/07/21 07:01:11 - mmengine - INFO - Iter(train) [32200/80000]  base_lr: 3.2555e-05 lr: 3.2555e-05  eta: 16:03:05  time: 1.1521  data_time: 0.0153  memory: 9088  grad_norm: 63.6839  loss: 10.9528  decode.loss_cls: 0.0144  decode.loss_mask: 0.6027  decode.loss_dice: 0.4660  decode.d0.loss_cls: 0.0903  decode.d0.loss_mask: 0.6545  decode.d0.loss_dice: 0.4630  decode.d1.loss_cls: 0.0180  decode.d1.loss_mask: 0.6082  decode.d1.loss_dice: 0.4651  decode.d2.loss_cls: 0.0217  decode.d2.loss_mask: 0.6063  decode.d2.loss_dice: 0.4606  decode.d3.loss_cls: 0.0132  decode.d3.loss_mask: 0.6035  decode.d3.loss_dice: 0.4679  decode.d4.loss_cls: 0.0139  decode.d4.loss_mask: 0.6045  decode.d4.loss_dice: 0.4664  decode.d5.loss_cls: 0.0138  decode.d5.loss_mask: 0.6011  decode.d5.loss_dice: 0.4605  decode.d6.loss_cls: 0.0136  decode.d6.loss_mask: 0.6013  decode.d6.loss_dice: 0.4654  decode.d7.loss_cls: 0.0024  decode.d7.loss_mask: 0.6015  decode.d7.loss_dice: 0.4730  decode.d8.loss_cls: 0.0129  decode.d8.loss_mask: 0.5993  decode.d8.loss_dice: 0.4681
2026/07/21 07:03:06 - mmengine - INFO - Iter(train) [32300/80000]  base_lr: 3.2494e-05 lr: 3.2494e-05  eta: 16:00:56  time: 1.1550  data_time: 0.0153  memory: 9088  grad_norm: 81.0885  loss: 10.0164  decode.loss_cls: 0.0049  decode.loss_mask: 0.5276  decode.loss_dice: 0.4332  decode.d0.loss_cls: 0.0946  decode.d0.loss_mask: 0.5732  decode.d0.loss_dice: 0.4932  decode.d1.loss_cls: 0.0198  decode.d1.loss_mask: 0.5306  decode.d1.loss_dice: 0.4422  decode.d2.loss_cls: 0.0038  decode.d2.loss_mask: 0.5264  decode.d2.loss_dice: 0.4507  decode.d3.loss_cls: 0.0168  decode.d3.loss_mask: 0.5271  decode.d3.loss_dice: 0.4500  decode.d4.loss_cls: 0.0136  decode.d4.loss_mask: 0.5263  decode.d4.loss_dice: 0.4598  decode.d5.loss_cls: 0.0128  decode.d5.loss_mask: 0.5247  decode.d5.loss_dice: 0.4375  decode.d6.loss_cls: 0.0111  decode.d6.loss_mask: 0.5293  decode.d6.loss_dice: 0.4503  decode.d7.loss_cls: 0.0053  decode.d7.loss_mask: 0.5265  decode.d7.loss_dice: 0.4433  decode.d8.loss_cls: 0.0097  decode.d8.loss_mask: 0.5296  decode.d8.loss_dice: 0.4425
2026/07/21 07:05:03 - mmengine - INFO - Iter(train) [32400/80000]  base_lr: 3.2432e-05 lr: 3.2432e-05  eta: 15:58:48  time: 1.1562  data_time: 0.0154  memory: 9088  grad_norm: 48.5993  loss: 7.3572  decode.loss_cls: 0.0112  decode.loss_mask: 0.3852  decode.loss_dice: 0.3137  decode.d0.loss_cls: 0.1471  decode.d0.loss_mask: 0.4080  decode.d0.loss_dice: 0.3426  decode.d1.loss_cls: 0.0212  decode.d1.loss_mask: 0.3893  decode.d1.loss_dice: 0.3349  decode.d2.loss_cls: 0.0047  decode.d2.loss_mask: 0.3866  decode.d2.loss_dice: 0.3220  decode.d3.loss_cls: 0.0134  decode.d3.loss_mask: 0.3835  decode.d3.loss_dice: 0.3164  decode.d4.loss_cls: 0.0150  decode.d4.loss_mask: 0.3852  decode.d4.loss_dice: 0.3194  decode.d5.loss_cls: 0.0141  decode.d5.loss_mask: 0.3840  decode.d5.loss_dice: 0.3169  decode.d6.loss_cls: 0.0136  decode.d6.loss_mask: 0.3867  decode.d6.loss_dice: 0.3160  decode.d7.loss_cls: 0.0124  decode.d7.loss_mask: 0.3843  decode.d7.loss_dice: 0.3181  decode.d8.loss_cls: 0.0029  decode.d8.loss_mask: 0.3898  decode.d8.loss_dice: 0.3192
2026/07/21 07:06:58 - mmengine - INFO - Iter(train) [32500/80000]  base_lr: 3.2371e-05 lr: 3.2371e-05  eta: 15:56:40  time: 1.1507  data_time: 0.0150  memory: 9088  grad_norm: 40.4238  loss: 7.3303  decode.loss_cls: 0.0155  decode.loss_mask: 0.3454  decode.loss_dice: 0.3633  decode.d0.loss_cls: 0.0860  decode.d0.loss_mask: 0.3518  decode.d0.loss_dice: 0.3661  decode.d1.loss_cls: 0.0212  decode.d1.loss_mask: 0.3468  decode.d1.loss_dice: 0.3721  decode.d2.loss_cls: 0.0243  decode.d2.loss_mask: 0.3486  decode.d2.loss_dice: 0.3500  decode.d3.loss_cls: 0.0150  decode.d3.loss_mask: 0.3479  decode.d3.loss_dice: 0.3552  decode.d4.loss_cls: 0.0142  decode.d4.loss_mask: 0.3487  decode.d4.loss_dice: 0.3576  decode.d5.loss_cls: 0.0112  decode.d5.loss_mask: 0.3477  decode.d5.loss_dice: 0.3629  decode.d6.loss_cls: 0.0143  decode.d6.loss_mask: 0.3484  decode.d6.loss_dice: 0.3613  decode.d7.loss_cls: 0.0195  decode.d7.loss_mask: 0.3471  decode.d7.loss_dice: 0.3680  decode.d8.loss_cls: 0.0096  decode.d8.loss_mask: 0.3476  decode.d8.loss_dice: 0.3630
2026/07/21 07:08:54 - mmengine - INFO - Iter(train) [32600/80000]  base_lr: 3.2310e-05 lr: 3.2310e-05  eta: 15:54:31  time: 1.1477  data_time: 0.0150  memory: 9088  grad_norm: 48.6136  loss: 9.4381  decode.loss_cls: 0.0047  decode.loss_mask: 0.5042  decode.loss_dice: 0.4182  decode.d0.loss_cls: 0.0949  decode.d0.loss_mask: 0.5319  decode.d0.loss_dice: 0.4276  decode.d1.loss_cls: 0.0170  decode.d1.loss_mask: 0.5080  decode.d1.loss_dice: 0.4301  decode.d2.loss_cls: 0.0109  decode.d2.loss_mask: 0.5028  decode.d2.loss_dice: 0.4194  decode.d3.loss_cls: 0.0058  decode.d3.loss_mask: 0.5041  decode.d3.loss_dice: 0.4181  decode.d4.loss_cls: 0.0052  decode.d4.loss_mask: 0.5050  decode.d4.loss_dice: 0.4216  decode.d5.loss_cls: 0.0060  decode.d5.loss_mask: 0.5052  decode.d5.loss_dice: 0.4191  decode.d6.loss_cls: 0.0039  decode.d6.loss_mask: 0.5026  decode.d6.loss_dice: 0.4164  decode.d7.loss_cls: 0.0045  decode.d7.loss_mask: 0.5038  decode.d7.loss_dice: 0.4173  decode.d8.loss_cls: 0.0045  decode.d8.loss_mask: 0.5068  decode.d8.loss_dice: 0.4185
2026/07/21 07:10:49 - mmengine - INFO - Iter(train) [32700/80000]  base_lr: 3.2248e-05 lr: 3.2248e-05  eta: 15:52:22  time: 1.1531  data_time: 0.0157  memory: 9088  grad_norm: 47.9295  loss: 8.9677  decode.loss_cls: 0.0013  decode.loss_mask: 0.4798  decode.loss_dice: 0.4019  decode.d0.loss_cls: 0.1266  decode.d0.loss_mask: 0.5038  decode.d0.loss_dice: 0.3966  decode.d1.loss_cls: 0.0310  decode.d1.loss_mask: 0.4838  decode.d1.loss_dice: 0.3993  decode.d2.loss_cls: 0.0130  decode.d2.loss_mask: 0.4784  decode.d2.loss_dice: 0.3957  decode.d3.loss_cls: 0.0034  decode.d3.loss_mask: 0.4811  decode.d3.loss_dice: 0.3953  decode.d4.loss_cls: 0.0013  decode.d4.loss_mask: 0.4781  decode.d4.loss_dice: 0.3983  decode.d5.loss_cls: 0.0011  decode.d5.loss_mask: 0.4771  decode.d5.loss_dice: 0.4022  decode.d6.loss_cls: 0.0015  decode.d6.loss_mask: 0.4739  decode.d6.loss_dice: 0.3934  decode.d7.loss_cls: 0.0011  decode.d7.loss_mask: 0.4788  decode.d7.loss_dice: 0.3952  decode.d8.loss_cls: 0.0015  decode.d8.loss_mask: 0.4786  decode.d8.loss_dice: 0.3944
2026/07/21 07:12:44 - mmengine - INFO - Iter(train) [32800/80000]  base_lr: 3.2187e-05 lr: 3.2187e-05  eta: 15:50:14  time: 1.1627  data_time: 0.0151  memory: 9088  grad_norm: 48.1866  loss: 9.0441  decode.loss_cls: 0.0004  decode.loss_mask: 0.4865  decode.loss_dice: 0.4021  decode.d0.loss_cls: 0.0706  decode.d0.loss_mask: 0.5041  decode.d0.loss_dice: 0.4050  decode.d1.loss_cls: 0.0053  decode.d1.loss_mask: 0.4946  decode.d1.loss_dice: 0.4182  decode.d2.loss_cls: 0.0015  decode.d2.loss_mask: 0.4887  decode.d2.loss_dice: 0.4093  decode.d3.loss_cls: 0.0006  decode.d3.loss_mask: 0.4898  decode.d3.loss_dice: 0.4091  decode.d4.loss_cls: 0.0005  decode.d4.loss_mask: 0.4876  decode.d4.loss_dice: 0.4073  decode.d5.loss_cls: 0.0006  decode.d5.loss_mask: 0.4877  decode.d5.loss_dice: 0.4089  decode.d6.loss_cls: 0.0006  decode.d6.loss_mask: 0.4837  decode.d6.loss_dice: 0.4017  decode.d7.loss_cls: 0.0005  decode.d7.loss_mask: 0.4863  decode.d7.loss_dice: 0.4030  decode.d8.loss_cls: 0.0004  decode.d8.loss_mask: 0.4851  decode.d8.loss_dice: 0.4042
2026/07/21 07:14:44 - mmengine - INFO - Iter(train) [32900/80000]  base_lr: 3.2126e-05 lr: 3.2126e-05  eta: 15:48:11  time: 1.1580  data_time: 0.0153  memory: 9088  grad_norm: 93.0205  loss: 10.1807  decode.loss_cls: 0.0197  decode.loss_mask: 0.5234  decode.loss_dice: 0.4328  decode.d0.loss_cls: 0.1579  decode.d0.loss_mask: 0.6076  decode.d0.loss_dice: 0.5085  decode.d1.loss_cls: 0.0441  decode.d1.loss_mask: 0.5406  decode.d1.loss_dice: 0.4465  decode.d2.loss_cls: 0.0315  decode.d2.loss_mask: 0.5340  decode.d2.loss_dice: 0.4592  decode.d3.loss_cls: 0.0192  decode.d3.loss_mask: 0.5266  decode.d3.loss_dice: 0.4345  decode.d4.loss_cls: 0.0181  decode.d4.loss_mask: 0.5219  decode.d4.loss_dice: 0.4283  decode.d5.loss_cls: 0.0153  decode.d5.loss_mask: 0.5286  decode.d5.loss_dice: 0.4435  decode.d6.loss_cls: 0.0187  decode.d6.loss_mask: 0.5262  decode.d6.loss_dice: 0.4352  decode.d7.loss_cls: 0.0188  decode.d7.loss_mask: 0.5282  decode.d7.loss_dice: 0.4342  decode.d8.loss_cls: 0.0182  decode.d8.loss_mask: 0.5268  decode.d8.loss_dice: 0.4325
2026/07/21 07:16:48 - mmengine - INFO - Exp name: dinov3_m2f_31999_20260720_190649
2026/07/21 07:16:48 - mmengine - INFO - Iter(train) [33000/80000]  base_lr: 3.2064e-05 lr: 3.2064e-05  eta: 15:46:14  time: 1.8578  data_time: 0.0152  memory: 9079  grad_norm: 63.5446  loss: 8.9150  decode.loss_cls: 0.0014  decode.loss_mask: 0.4815  decode.loss_dice: 0.3926  decode.d0.loss_cls: 0.0851  decode.d0.loss_mask: 0.4942  decode.d0.loss_dice: 0.4159  decode.d1.loss_cls: 0.0151  decode.d1.loss_mask: 0.4869  decode.d1.loss_dice: 0.4012  decode.d2.loss_cls: 0.0117  decode.d2.loss_mask: 0.4822  decode.d2.loss_dice: 0.3947  decode.d3.loss_cls: 0.0013  decode.d3.loss_mask: 0.4821  decode.d3.loss_dice: 0.3872  decode.d4.loss_cls: 0.0010  decode.d4.loss_mask: 0.4802  decode.d4.loss_dice: 0.3910  decode.d5.loss_cls: 0.0007  decode.d5.loss_mask: 0.4790  decode.d5.loss_dice: 0.3891  decode.d6.loss_cls: 0.0006  decode.d6.loss_mask: 0.4828  decode.d6.loss_dice: 0.4024  decode.d7.loss_cls: 0.0006  decode.d7.loss_mask: 0.4824  decode.d7.loss_dice: 0.3941  decode.d8.loss_cls: 0.0006  decode.d8.loss_mask: 0.4815  decode.d8.loss_dice: 0.3958
2026/07/21 07:19:45 - mmengine - INFO - Iter(train) [33100/80000]  base_lr: 3.2003e-05 lr: 3.2003e-05  eta: 15:45:34  time: 1.1547  data_time: 0.0150  memory: 9088  grad_norm: 43.1098  loss: 8.1659  decode.loss_cls: 0.0007  decode.loss_mask: 0.4431  decode.loss_dice: 0.3605  decode.d0.loss_cls: 0.0670  decode.d0.loss_mask: 0.4638  decode.d0.loss_dice: 0.3662  decode.d1.loss_cls: 0.0114  decode.d1.loss_mask: 0.4525  decode.d1.loss_dice: 0.3655  decode.d2.loss_cls: 0.0037  decode.d2.loss_mask: 0.4444  decode.d2.loss_dice: 0.3622  decode.d3.loss_cls: 0.0004  decode.d3.loss_mask: 0.4426  decode.d3.loss_dice: 0.3603  decode.d4.loss_cls: 0.0005  decode.d4.loss_mask: 0.4432  decode.d4.loss_dice: 0.3616  decode.d5.loss_cls: 0.0004  decode.d5.loss_mask: 0.4409  decode.d5.loss_dice: 0.3619  decode.d6.loss_cls: 0.0005  decode.d6.loss_mask: 0.4419  decode.d6.loss_dice: 0.3612  decode.d7.loss_cls: 0.0005  decode.d7.loss_mask: 0.4429  decode.d7.loss_dice: 0.3648  decode.d8.loss_cls: 0.0005  decode.d8.loss_mask: 0.4404  decode.d8.loss_dice: 0.3603
2026/07/21 07:21:40 - mmengine - INFO - Iter(train) [33200/80000]  base_lr: 3.1941e-05 lr: 3.1941e-05  eta: 15:43:25  time: 1.2344  data_time: 0.0152  memory: 9088  grad_norm: 57.3920  loss: 10.6005  decode.loss_cls: 0.0276  decode.loss_mask: 0.5860  decode.loss_dice: 0.4705  decode.d0.loss_cls: 0.0713  decode.d0.loss_mask: 0.6001  decode.d0.loss_dice: 0.4605  decode.d1.loss_cls: 0.0184  decode.d1.loss_mask: 0.5851  decode.d1.loss_dice: 0.4499  decode.d2.loss_cls: 0.0032  decode.d2.loss_mask: 0.5815  decode.d2.loss_dice: 0.4697  decode.d3.loss_cls: 0.0036  decode.d3.loss_mask: 0.5828  decode.d3.loss_dice: 0.4577  decode.d4.loss_cls: 0.0036  decode.d4.loss_mask: 0.5821  decode.d4.loss_dice: 0.4605  decode.d5.loss_cls: 0.0124  decode.d5.loss_mask: 0.5852  decode.d5.loss_dice: 0.4566  decode.d6.loss_cls: 0.0024  decode.d6.loss_mask: 0.5836  decode.d6.loss_dice: 0.4592  decode.d7.loss_cls: 0.0015  decode.d7.loss_mask: 0.5828  decode.d7.loss_dice: 0.4570  decode.d8.loss_cls: 0.0027  decode.d8.loss_mask: 0.5824  decode.d8.loss_dice: 0.4607
2026/07/21 07:23:38 - mmengine - INFO - Iter(train) [33300/80000]  base_lr: 3.1880e-05 lr: 3.1880e-05  eta: 15:41:19  time: 1.1559  data_time: 0.0151  memory: 9079  grad_norm: 56.8852  loss: 8.9745  decode.loss_cls: 0.0115  decode.loss_mask: 0.4669  decode.loss_dice: 0.4025  decode.d0.loss_cls: 0.0934  decode.d0.loss_mask: 0.4723  decode.d0.loss_dice: 0.4361  decode.d1.loss_cls: 0.0212  decode.d1.loss_mask: 0.4676  decode.d1.loss_dice: 0.4078  decode.d2.loss_cls: 0.0185  decode.d2.loss_mask: 0.4688  decode.d2.loss_dice: 0.4048  decode.d3.loss_cls: 0.0130  decode.d3.loss_mask: 0.4660  decode.d3.loss_dice: 0.4029  decode.d4.loss_cls: 0.0091  decode.d4.loss_mask: 0.4722  decode.d4.loss_dice: 0.3981  decode.d5.loss_cls: 0.0092  decode.d5.loss_mask: 0.4719  decode.d5.loss_dice: 0.4032  decode.d6.loss_cls: 0.0098  decode.d6.loss_mask: 0.4710  decode.d6.loss_dice: 0.4096  decode.d7.loss_cls: 0.0111  decode.d7.loss_mask: 0.4693  decode.d7.loss_dice: 0.4029  decode.d8.loss_cls: 0.0098  decode.d8.loss_mask: 0.4668  decode.d8.loss_dice: 0.4075
2026/07/21 07:25:34 - mmengine - INFO - Iter(train) [33400/80000]  base_lr: 3.1819e-05 lr: 3.1819e-05  eta: 15:39:11  time: 1.1648  data_time: 0.0152  memory: 9088  grad_norm: 65.4911  loss: 9.0223  decode.loss_cls: 0.0091  decode.loss_mask: 0.4610  decode.loss_dice: 0.3815  decode.d0.loss_cls: 0.1674  decode.d0.loss_mask: 0.5797  decode.d0.loss_dice: 0.5091  decode.d1.loss_cls: 0.0241  decode.d1.loss_mask: 0.4694  decode.d1.loss_dice: 0.3971  decode.d2.loss_cls: 0.0214  decode.d2.loss_mask: 0.4505  decode.d2.loss_dice: 0.3778  decode.d3.loss_cls: 0.0172  decode.d3.loss_mask: 0.4558  decode.d3.loss_dice: 0.3722  decode.d4.loss_cls: 0.0078  decode.d4.loss_mask: 0.4710  decode.d4.loss_dice: 0.3904  decode.d5.loss_cls: 0.0064  decode.d5.loss_mask: 0.4680  decode.d5.loss_dice: 0.3880  decode.d6.loss_cls: 0.0053  decode.d6.loss_mask: 0.4609  decode.d6.loss_dice: 0.3892  decode.d7.loss_cls: 0.0139  decode.d7.loss_mask: 0.4651  decode.d7.loss_dice: 0.3889  decode.d8.loss_cls: 0.0087  decode.d8.loss_mask: 0.4686  decode.d8.loss_dice: 0.3969
2026/07/21 07:27:29 - mmengine - INFO - Iter(train) [33500/80000]  base_lr: 3.1757e-05 lr: 3.1757e-05  eta: 15:37:02  time: 1.1500  data_time: 0.0148  memory: 9088  grad_norm: 52.5715  loss: 7.5242  decode.loss_cls: 0.0043  decode.loss_mask: 0.3998  decode.loss_dice: 0.3247  decode.d0.loss_cls: 0.1548  decode.d0.loss_mask: 0.4170  decode.d0.loss_dice: 0.3548  decode.d1.loss_cls: 0.0264  decode.d1.loss_mask: 0.3980  decode.d1.loss_dice: 0.3325  decode.d2.loss_cls: 0.0105  decode.d2.loss_mask: 0.3957  decode.d2.loss_dice: 0.3353  decode.d3.loss_cls: 0.0021  decode.d3.loss_mask: 0.3932  decode.d3.loss_dice: 0.3251  decode.d4.loss_cls: 0.0032  decode.d4.loss_mask: 0.3943  decode.d4.loss_dice: 0.3239  decode.d5.loss_cls: 0.0028  decode.d5.loss_mask: 0.3962  decode.d5.loss_dice: 0.3296  decode.d6.loss_cls: 0.0048  decode.d6.loss_mask: 0.3955  decode.d6.loss_dice: 0.3271  decode.d7.loss_cls: 0.0039  decode.d7.loss_mask: 0.3967  decode.d7.loss_dice: 0.3301  decode.d8.loss_cls: 0.0058  decode.d8.loss_mask: 0.4014  decode.d8.loss_dice: 0.3349
2026/07/21 07:29:24 - mmengine - INFO - Iter(train) [33600/80000]  base_lr: 3.1696e-05 lr: 3.1696e-05  eta: 15:34:54  time: 1.1505  data_time: 0.0155  memory: 9088  grad_norm: 50.5270  loss: 9.6293  decode.loss_cls: 0.0051  decode.loss_mask: 0.5006  decode.loss_dice: 0.4423  decode.d0.loss_cls: 0.0885  decode.d0.loss_mask: 0.5475  decode.d0.loss_dice: 0.4590  decode.d1.loss_cls: 0.0205  decode.d1.loss_mask: 0.5074  decode.d1.loss_dice: 0.4320  decode.d2.loss_cls: 0.0067  decode.d2.loss_mask: 0.5047  decode.d2.loss_dice: 0.4338  decode.d3.loss_cls: 0.0065  decode.d3.loss_mask: 0.5016  decode.d3.loss_dice: 0.4370  decode.d4.loss_cls: 0.0065  decode.d4.loss_mask: 0.5054  decode.d4.loss_dice: 0.4374  decode.d5.loss_cls: 0.0068  decode.d5.loss_mask: 0.5015  decode.d5.loss_dice: 0.4335  decode.d6.loss_cls: 0.0096  decode.d6.loss_mask: 0.4989  decode.d6.loss_dice: 0.4378  decode.d7.loss_cls: 0.0079  decode.d7.loss_mask: 0.5004  decode.d7.loss_dice: 0.4378  decode.d8.loss_cls: 0.0086  decode.d8.loss_mask: 0.5019  decode.d8.loss_dice: 0.4420
2026/07/21 07:31:22 - mmengine - INFO - Iter(train) [33700/80000]  base_lr: 3.1634e-05 lr: 3.1634e-05  eta: 15:32:49  time: 1.4326  data_time: 0.2982  memory: 9088  grad_norm: 48.4808  loss: 7.2475  decode.loss_cls: 0.0020  decode.loss_mask: 0.3933  decode.loss_dice: 0.2975  decode.d0.loss_cls: 0.1284  decode.d0.loss_mask: 0.4156  decode.d0.loss_dice: 0.3065  decode.d1.loss_cls: 0.0087  decode.d1.loss_mask: 0.4005  decode.d1.loss_dice: 0.3011  decode.d2.loss_cls: 0.0030  decode.d2.loss_mask: 0.4076  decode.d2.loss_dice: 0.3084  decode.d3.loss_cls: 0.0014  decode.d3.loss_mask: 0.4036  decode.d3.loss_dice: 0.3063  decode.d4.loss_cls: 0.0012  decode.d4.loss_mask: 0.4051  decode.d4.loss_dice: 0.3090  decode.d5.loss_cls: 0.0013  decode.d5.loss_mask: 0.4095  decode.d5.loss_dice: 0.3166  decode.d6.loss_cls: 0.0107  decode.d6.loss_mask: 0.3937  decode.d6.loss_dice: 0.3009  decode.d7.loss_cls: 0.0008  decode.d7.loss_mask: 0.4056  decode.d7.loss_dice: 0.3119  decode.d8.loss_cls: 0.0013  decode.d8.loss_mask: 0.3957  decode.d8.loss_dice: 0.3006
2026/07/21 07:33:18 - mmengine - INFO - Iter(train) [33800/80000]  base_lr: 3.1573e-05 lr: 3.1573e-05  eta: 15:30:40  time: 1.1620  data_time: 0.0155  memory: 9079  grad_norm: 84.8135  loss: 8.0426  decode.loss_cls: 0.0145  decode.loss_mask: 0.4334  decode.loss_dice: 0.3254  decode.d0.loss_cls: 0.1538  decode.d0.loss_mask: 0.4801  decode.d0.loss_dice: 0.3748  decode.d1.loss_cls: 0.0285  decode.d1.loss_mask: 0.4569  decode.d1.loss_dice: 0.3336  decode.d2.loss_cls: 0.0105  decode.d2.loss_mask: 0.4449  decode.d2.loss_dice: 0.3304  decode.d3.loss_cls: 0.0099  decode.d3.loss_mask: 0.4446  decode.d3.loss_dice: 0.3298  decode.d4.loss_cls: 0.0151  decode.d4.loss_mask: 0.4473  decode.d4.loss_dice: 0.3270  decode.d5.loss_cls: 0.0050  decode.d5.loss_mask: 0.4423  decode.d5.loss_dice: 0.3283  decode.d6.loss_cls: 0.0028  decode.d6.loss_mask: 0.4388  decode.d6.loss_dice: 0.3251  decode.d7.loss_cls: 0.0021  decode.d7.loss_mask: 0.4434  decode.d7.loss_dice: 0.3246  decode.d8.loss_cls: 0.0028  decode.d8.loss_mask: 0.4364  decode.d8.loss_dice: 0.3306
2026/07/21 07:35:15 - mmengine - INFO - Iter(train) [33900/80000]  base_lr: 3.1511e-05 lr: 3.1511e-05  eta: 15:28:35  time: 1.1690  data_time: 0.0153  memory: 9079  grad_norm: 60.7297  loss: 9.3011  decode.loss_cls: 0.0053  decode.loss_mask: 0.4855  decode.loss_dice: 0.4244  decode.d0.loss_cls: 0.0722  decode.d0.loss_mask: 0.5087  decode.d0.loss_dice: 0.4271  decode.d1.loss_cls: 0.0215  decode.d1.loss_mask: 0.4878  decode.d1.loss_dice: 0.4191  decode.d2.loss_cls: 0.0119  decode.d2.loss_mask: 0.4837  decode.d2.loss_dice: 0.4314  decode.d3.loss_cls: 0.0140  decode.d3.loss_mask: 0.4879  decode.d3.loss_dice: 0.4278  decode.d4.loss_cls: 0.0086  decode.d4.loss_mask: 0.4895  decode.d4.loss_dice: 0.4264  decode.d5.loss_cls: 0.0085  decode.d5.loss_mask: 0.4856  decode.d5.loss_dice: 0.4197  decode.d6.loss_cls: 0.0106  decode.d6.loss_mask: 0.4840  decode.d6.loss_dice: 0.4258  decode.d7.loss_cls: 0.0111  decode.d7.loss_mask: 0.4902  decode.d7.loss_dice: 0.4204  decode.d8.loss_cls: 0.0056  decode.d8.loss_mask: 0.4874  decode.d8.loss_dice: 0.4193
2026/07/21 07:37:10 - mmengine - INFO - Exp name: dinov3_m2f_31999_20260720_190649
2026/07/21 07:37:10 - mmengine - INFO - Iter(train) [34000/80000]  base_lr: 3.1450e-05 lr: 3.1450e-05  eta: 15:26:25  time: 1.1753  data_time: 0.0149  memory: 9088  grad_norm: 31.2729  loss: 4.9259  decode.loss_cls: 0.0053  decode.loss_mask: 0.2495  decode.loss_dice: 0.2240  decode.d0.loss_cls: 0.1096  decode.d0.loss_mask: 0.2506  decode.d0.loss_dice: 0.2562  decode.d1.loss_cls: 0.0184  decode.d1.loss_mask: 0.2491  decode.d1.loss_dice: 0.2208  decode.d2.loss_cls: 0.0128  decode.d2.loss_mask: 0.2487  decode.d2.loss_dice: 0.2000  decode.d3.loss_cls: 0.0065  decode.d3.loss_mask: 0.2508  decode.d3.loss_dice: 0.2318  decode.d4.loss_cls: 0.0064  decode.d4.loss_mask: 0.2485  decode.d4.loss_dice: 0.2213  decode.d5.loss_cls: 0.0064  decode.d5.loss_mask: 0.2487  decode.d5.loss_dice: 0.2365  decode.d6.loss_cls: 0.0054  decode.d6.loss_mask: 0.2495  decode.d6.loss_dice: 0.2349  decode.d7.loss_cls: 0.0044  decode.d7.loss_mask: 0.2469  decode.d7.loss_dice: 0.2247  decode.d8.loss_cls: 0.0042  decode.d8.loss_mask: 0.2477  decode.d8.loss_dice: 0.2064
2026/07/21 07:37:10 - mmengine - INFO - Saving checkpoint at 34000 iterations
2026/07/21 07:38:55 - mmengine - INFO - Iter(val) [100/504]    eta: 0:02:23  time: 0.3498  data_time: 0.0078  memory: 3097  
2026/07/21 07:39:30 - mmengine - INFO - Iter(val) [200/504]    eta: 0:01:47  time: 0.3508  data_time: 0.0078  memory: 3097  
2026/07/21 07:40:05 - mmengine - INFO - Iter(val) [300/504]    eta: 0:01:11  time: 0.3524  data_time: 0.0076  memory: 3097  
2026/07/21 07:40:40 - mmengine - INFO - Iter(val) [400/504]    eta: 0:00:36  time: 0.3569  data_time: 0.0076  memory: 3097  
2026/07/21 07:41:15 - mmengine - INFO - Iter(val) [500/504]    eta: 0:00:01  time: 0.3368  data_time: 0.0074  memory: 3097  
2026/07/21 07:41:19 - mmengine - INFO - per class results:
2026/07/21 07:41:19 - mmengine - INFO - 
+--------------------+-------+-------+--------+-----------+--------+
|       Class        |  IoU  |  Acc  | Fscore | Precision | Recall |
+--------------------+-------+-------+--------+-----------+--------+
| impervious_surface | 87.05 | 94.21 | 93.08  |   91.98   | 94.21  |
|      building      | 95.62 | 98.33 | 97.76  |   97.21   | 98.33  |
|   low_vegetation   | 78.94 | 88.87 | 88.23  |    87.6   | 88.87  |
|        tree        | 80.45 |  86.7 | 89.17  |   91.78   |  86.7  |
|        car         | 94.59 | 97.07 | 97.22  |   97.37   | 97.07  |
+--------------------+-------+-------+--------+-----------+--------+
2026/07/21 07:41:19 - mmengine - INFO - Iter(val) [504/504]    aAcc: 92.1600  mIoU: 87.3300  mAcc: 93.0400  mFscore: 93.0900  mPrecision: 93.1900  mRecall: 93.0400  data_time: 0.0091  time: 0.3505
2026/07/21 07:43:16 - mmengine - INFO - Iter(train) [34100/80000]  base_lr: 3.1388e-05 lr: 3.1388e-05  eta: 15:24:22  time: 1.1642  data_time: 0.0153  memory: 9088  grad_norm: 63.8757  loss: 10.5699  decode.loss_cls: 0.0008  decode.loss_mask: 0.6013  decode.loss_dice: 0.4352  decode.d0.loss_cls: 0.1001  decode.d0.loss_mask: 0.6401  decode.d0.loss_dice: 0.4446  decode.d1.loss_cls: 0.0159  decode.d1.loss_mask: 0.6094  decode.d1.loss_dice: 0.4341  decode.d2.loss_cls: 0.0035  decode.d2.loss_mask: 0.6059  decode.d2.loss_dice: 0.4378  decode.d3.loss_cls: 0.0013  decode.d3.loss_mask: 0.6057  decode.d3.loss_dice: 0.4314  decode.d4.loss_cls: 0.0008  decode.d4.loss_mask: 0.6044  decode.d4.loss_dice: 0.4374  decode.d5.loss_cls: 0.0009  decode.d5.loss_mask: 0.6050  decode.d5.loss_dice: 0.4381  decode.d6.loss_cls: 0.0007  decode.d6.loss_mask: 0.6008  decode.d6.loss_dice: 0.4323  decode.d7.loss_cls: 0.0005  decode.d7.loss_mask: 0.6027  decode.d7.loss_dice: 0.4322  decode.d8.loss_cls: 0.0008  decode.d8.loss_mask: 0.6053  decode.d8.loss_dice: 0.4409
2026/07/21 07:45:12 - mmengine - INFO - Iter(train) [34200/80000]  base_lr: 3.1327e-05 lr: 3.1327e-05  eta: 15:22:16  time: 1.1723  data_time: 0.0155  memory: 9079  grad_norm: 44.1414  loss: 7.2061  decode.loss_cls: 0.0024  decode.loss_mask: 0.3509  decode.loss_dice: 0.3547  decode.d0.loss_cls: 0.1125  decode.d0.loss_mask: 0.3626  decode.d0.loss_dice: 0.3708  decode.d1.loss_cls: 0.0276  decode.d1.loss_mask: 0.3496  decode.d1.loss_dice: 0.3219  decode.d2.loss_cls: 0.0136  decode.d2.loss_mask: 0.3494  decode.d2.loss_dice: 0.3602  decode.d3.loss_cls: 0.0016  decode.d3.loss_mask: 0.3508  decode.d3.loss_dice: 0.3424  decode.d4.loss_cls: 0.0010  decode.d4.loss_mask: 0.3510  decode.d4.loss_dice: 0.3685  decode.d5.loss_cls: 0.0016  decode.d5.loss_mask: 0.3492  decode.d5.loss_dice: 0.3399  decode.d6.loss_cls: 0.0015  decode.d6.loss_mask: 0.3518  decode.d6.loss_dice: 0.3565  decode.d7.loss_cls: 0.0027  decode.d7.loss_mask: 0.3491  decode.d7.loss_dice: 0.3381  decode.d8.loss_cls: 0.0029  decode.d8.loss_mask: 0.3497  decode.d8.loss_dice: 0.3718
2026/07/21 07:47:08 - mmengine - INFO - Iter(train) [34300/80000]  base_lr: 3.1265e-05 lr: 3.1265e-05  eta: 15:20:09  time: 1.1556  data_time: 0.0154  memory: 9088  grad_norm: 59.8947  loss: 9.7898  decode.loss_cls: 0.0010  decode.loss_mask: 0.5498  decode.loss_dice: 0.3933  decode.d0.loss_cls: 0.0961  decode.d0.loss_mask: 0.6596  decode.d0.loss_dice: 0.4554  decode.d1.loss_cls: 0.0123  decode.d1.loss_mask: 0.5621  decode.d1.loss_dice: 0.4092  decode.d2.loss_cls: 0.0020  decode.d2.loss_mask: 0.5549  decode.d2.loss_dice: 0.4007  decode.d3.loss_cls: 0.0011  decode.d3.loss_mask: 0.5480  decode.d3.loss_dice: 0.3969  decode.d4.loss_cls: 0.0009  decode.d4.loss_mask: 0.5496  decode.d4.loss_dice: 0.3984  decode.d5.loss_cls: 0.0008  decode.d5.loss_mask: 0.5505  decode.d5.loss_dice: 0.3923  decode.d6.loss_cls: 0.0012  decode.d6.loss_mask: 0.5519  decode.d6.loss_dice: 0.3986  decode.d7.loss_cls: 0.0011  decode.d7.loss_mask: 0.5553  decode.d7.loss_dice: 0.3963  decode.d8.loss_cls: 0.0010  decode.d8.loss_mask: 0.5543  decode.d8.loss_dice: 0.3952
2026/07/21 07:49:04 - mmengine - INFO - Iter(train) [34400/80000]  base_lr: 3.1203e-05 lr: 3.1203e-05  eta: 15:18:01  time: 1.1553  data_time: 0.0152  memory: 9088  grad_norm: 43.6144  loss: 7.5091  decode.loss_cls: 0.0005  decode.loss_mask: 0.3990  decode.loss_dice: 0.3341  decode.d0.loss_cls: 0.0992  decode.d0.loss_mask: 0.4489  decode.d0.loss_dice: 0.3324  decode.d1.loss_cls: 0.0107  decode.d1.loss_mask: 0.4088  decode.d1.loss_dice: 0.3318  decode.d2.loss_cls: 0.0021  decode.d2.loss_mask: 0.4066  decode.d2.loss_dice: 0.3308  decode.d3.loss_cls: 0.0014  decode.d3.loss_mask: 0.4041  decode.d3.loss_dice: 0.3334  decode.d4.loss_cls: 0.0011  decode.d4.loss_mask: 0.4021  decode.d4.loss_dice: 0.3343  decode.d5.loss_cls: 0.0006  decode.d5.loss_mask: 0.3999  decode.d5.loss_dice: 0.3329  decode.d6.loss_cls: 0.0007  decode.d6.loss_mask: 0.3978  decode.d6.loss_dice: 0.3292  decode.d7.loss_cls: 0.0006  decode.d7.loss_mask: 0.3979  decode.d7.loss_dice: 0.3307  decode.d8.loss_cls: 0.0004  decode.d8.loss_mask: 0.3992  decode.d8.loss_dice: 0.3381
2026/07/21 07:50:59 - mmengine - INFO - Iter(train) [34500/80000]  base_lr: 3.1142e-05 lr: 3.1142e-05  eta: 15:15:53  time: 1.1631  data_time: 0.0153  memory: 9088  grad_norm: 45.9989  loss: 8.4551  decode.loss_cls: 0.0003  decode.loss_mask: 0.4738  decode.loss_dice: 0.3670  decode.d0.loss_cls: 0.0601  decode.d0.loss_mask: 0.4752  decode.d0.loss_dice: 0.3688  decode.d1.loss_cls: 0.0072  decode.d1.loss_mask: 0.4714  decode.d1.loss_dice: 0.3741  decode.d2.loss_cls: 0.0010  decode.d2.loss_mask: 0.4693  decode.d2.loss_dice: 0.3710  decode.d3.loss_cls: 0.0005  decode.d3.loss_mask: 0.4682  decode.d3.loss_dice: 0.3651  decode.d4.loss_cls: 0.0004  decode.d4.loss_mask: 0.4699  decode.d4.loss_dice: 0.3664  decode.d5.loss_cls: 0.0003  decode.d5.loss_mask: 0.4703  decode.d5.loss_dice: 0.3660  decode.d6.loss_cls: 0.0003  decode.d6.loss_mask: 0.4684  decode.d6.loss_dice: 0.3625  decode.d7.loss_cls: 0.0002  decode.d7.loss_mask: 0.4724  decode.d7.loss_dice: 0.3670  decode.d8.loss_cls: 0.0003  decode.d8.loss_mask: 0.4731  decode.d8.loss_dice: 0.3644
2026/07/21 07:52:58 - mmengine - INFO - Iter(train) [34600/80000]  base_lr: 3.1080e-05 lr: 3.1080e-05  eta: 15:13:49  time: 1.1591  data_time: 0.0151  memory: 9088  grad_norm: 81.8390  loss: 10.4723  decode.loss_cls: 0.0072  decode.loss_mask: 0.5815  decode.loss_dice: 0.4058  decode.d0.loss_cls: 0.1373  decode.d0.loss_mask: 0.6739  decode.d0.loss_dice: 0.4824  decode.d1.loss_cls: 0.0272  decode.d1.loss_mask: 0.6148  decode.d1.loss_dice: 0.4338  decode.d2.loss_cls: 0.0091  decode.d2.loss_mask: 0.5973  decode.d2.loss_dice: 0.4324  decode.d3.loss_cls: 0.0196  decode.d3.loss_mask: 0.5855  decode.d3.loss_dice: 0.4237  decode.d4.loss_cls: 0.0064  decode.d4.loss_mask: 0.5831  decode.d4.loss_dice: 0.4102  decode.d5.loss_cls: 0.0071  decode.d5.loss_mask: 0.5802  decode.d5.loss_dice: 0.4242  decode.d6.loss_cls: 0.0102  decode.d6.loss_mask: 0.5839  decode.d6.loss_dice: 0.4190  decode.d7.loss_cls: 0.0071  decode.d7.loss_mask: 0.5806  decode.d7.loss_dice: 0.4179  decode.d8.loss_cls: 0.0066  decode.d8.loss_mask: 0.5796  decode.d8.loss_dice: 0.4246
2026/07/21 07:54:51 - mmengine - INFO - Iter(train) [34700/80000]  base_lr: 3.1019e-05 lr: 3.1019e-05  eta: 15:11:39  time: 1.1634  data_time: 0.0159  memory: 9079  grad_norm: 54.6295  loss: 9.0371  decode.loss_cls: 0.0014  decode.loss_mask: 0.4977  decode.loss_dice: 0.3900  decode.d0.loss_cls: 0.0754  decode.d0.loss_mask: 0.5150  decode.d0.loss_dice: 0.4025  decode.d1.loss_cls: 0.0210  decode.d1.loss_mask: 0.5023  decode.d1.loss_dice: 0.3837  decode.d2.loss_cls: 0.0065  decode.d2.loss_mask: 0.5028  decode.d2.loss_dice: 0.3917  decode.d3.loss_cls: 0.0038  decode.d3.loss_mask: 0.4999  decode.d3.loss_dice: 0.3775  decode.d4.loss_cls: 0.0037  decode.d4.loss_mask: 0.4962  decode.d4.loss_dice: 0.3901  decode.d5.loss_cls: 0.0046  decode.d5.loss_mask: 0.5002  decode.d5.loss_dice: 0.3944  decode.d6.loss_cls: 0.0025  decode.d6.loss_mask: 0.4977  decode.d6.loss_dice: 0.3906  decode.d7.loss_cls: 0.0020  decode.d7.loss_mask: 0.5003  decode.d7.loss_dice: 0.3881  decode.d8.loss_cls: 0.0013  decode.d8.loss_mask: 0.5030  decode.d8.loss_dice: 0.3915
2026/07/21 07:56:47 - mmengine - INFO - Iter(train) [34800/80000]  base_lr: 3.0957e-05 lr: 3.0957e-05  eta: 15:09:31  time: 1.1576  data_time: 0.0158  memory: 9088  grad_norm: 50.3003  loss: 9.8986  decode.loss_cls: 0.0002  decode.loss_mask: 0.5412  decode.loss_dice: 0.4362  decode.d0.loss_cls: 0.0609  decode.d0.loss_mask: 0.5874  decode.d0.loss_dice: 0.4394  decode.d1.loss_cls: 0.0139  decode.d1.loss_mask: 0.5474  decode.d1.loss_dice: 0.4354  decode.d2.loss_cls: 0.0118  decode.d2.loss_mask: 0.5470  decode.d2.loss_dice: 0.4278  decode.d3.loss_cls: 0.0004  decode.d3.loss_mask: 0.5430  decode.d3.loss_dice: 0.4335  decode.d4.loss_cls: 0.0003  decode.d4.loss_mask: 0.5413  decode.d4.loss_dice: 0.4275  decode.d5.loss_cls: 0.0003  decode.d5.loss_mask: 0.5387  decode.d5.loss_dice: 0.4307  decode.d6.loss_cls: 0.0003  decode.d6.loss_mask: 0.5463  decode.d6.loss_dice: 0.4377  decode.d7.loss_cls: 0.0002  decode.d7.loss_mask: 0.5424  decode.d7.loss_dice: 0.4294  decode.d8.loss_cls: 0.0002  decode.d8.loss_mask: 0.5414  decode.d8.loss_dice: 0.4364
2026/07/21 07:58:42 - mmengine - INFO - Iter(train) [34900/80000]  base_lr: 3.0895e-05 lr: 3.0895e-05  eta: 15:07:24  time: 1.1490  data_time: 0.0155  memory: 9088  grad_norm: 66.3322  loss: 9.9347  decode.loss_cls: 0.0169  decode.loss_mask: 0.4985  decode.loss_dice: 0.4559  decode.d0.loss_cls: 0.0745  decode.d0.loss_mask: 0.5329  decode.d0.loss_dice: 0.4965  decode.d1.loss_cls: 0.0300  decode.d1.loss_mask: 0.5041  decode.d1.loss_dice: 0.4634  decode.d2.loss_cls: 0.0383  decode.d2.loss_mask: 0.5034  decode.d2.loss_dice: 0.4596  decode.d3.loss_cls: 0.0207  decode.d3.loss_mask: 0.4974  decode.d3.loss_dice: 0.4695  decode.d4.loss_cls: 0.0071  decode.d4.loss_mask: 0.4980  decode.d4.loss_dice: 0.4525  decode.d5.loss_cls: 0.0066  decode.d5.loss_mask: 0.4964  decode.d5.loss_dice: 0.4769  decode.d6.loss_cls: 0.0118  decode.d6.loss_mask: 0.4978  decode.d6.loss_dice: 0.4740  decode.d7.loss_cls: 0.0052  decode.d7.loss_mask: 0.4961  decode.d7.loss_dice: 0.4647  decode.d8.loss_cls: 0.0069  decode.d8.loss_mask: 0.4971  decode.d8.loss_dice: 0.4822
2026/07/21 08:01:02 - mmengine - INFO - Exp name: dinov3_m2f_31999_20260720_190649
2026/07/21 08:01:02 - mmengine - INFO - Iter(train) [35000/80000]  base_lr: 3.0834e-05 lr: 3.0834e-05  eta: 15:05:47  time: 1.9089  data_time: 0.0149  memory: 9079  grad_norm: 54.3706  loss: 7.9935  decode.loss_cls: 0.0039  decode.loss_mask: 0.4288  decode.loss_dice: 0.3488  decode.d0.loss_cls: 0.1022  decode.d0.loss_mask: 0.4476  decode.d0.loss_dice: 0.3697  decode.d1.loss_cls: 0.0290  decode.d1.loss_mask: 0.4345  decode.d1.loss_dice: 0.3543  decode.d2.loss_cls: 0.0098  decode.d2.loss_mask: 0.4309  decode.d2.loss_dice: 0.3452  decode.d3.loss_cls: 0.0024  decode.d3.loss_mask: 0.4290  decode.d3.loss_dice: 0.3497  decode.d4.loss_cls: 0.0013  decode.d4.loss_mask: 0.4300  decode.d4.loss_dice: 0.3464  decode.d5.loss_cls: 0.0015  decode.d5.loss_mask: 0.4356  decode.d5.loss_dice: 0.3460  decode.d6.loss_cls: 0.0021  decode.d6.loss_mask: 0.4336  decode.d6.loss_dice: 0.3464  decode.d7.loss_cls: 0.0017  decode.d7.loss_mask: 0.4313  decode.d7.loss_dice: 0.3480  decode.d8.loss_cls: 0.0037  decode.d8.loss_mask: 0.4279  decode.d8.loss_dice: 0.3523
2026/07/21 08:03:47 - mmengine - INFO - Iter(train) [35100/80000]  base_lr: 3.0772e-05 lr: 3.0772e-05  eta: 15:04:43  time: 1.1671  data_time: 0.0152  memory: 9088  grad_norm: 33.3545  loss: 5.4673  decode.loss_cls: 0.0087  decode.loss_mask: 0.2775  decode.loss_dice: 0.2426  decode.d0.loss_cls: 0.1129  decode.d0.loss_mask: 0.2830  decode.d0.loss_dice: 0.2500  decode.d1.loss_cls: 0.0177  decode.d1.loss_mask: 0.2787  decode.d1.loss_dice: 0.2561  decode.d2.loss_cls: 0.0093  decode.d2.loss_mask: 0.2768  decode.d2.loss_dice: 0.2411  decode.d3.loss_cls: 0.0106  decode.d3.loss_mask: 0.2782  decode.d3.loss_dice: 0.2452  decode.d4.loss_cls: 0.0004  decode.d4.loss_mask: 0.2794  decode.d4.loss_dice: 0.2583  decode.d5.loss_cls: 0.0005  decode.d5.loss_mask: 0.2795  decode.d5.loss_dice: 0.2610  decode.d6.loss_cls: 0.0126  decode.d6.loss_mask: 0.2816  decode.d6.loss_dice: 0.2412  decode.d7.loss_cls: 0.0112  decode.d7.loss_mask: 0.2790  decode.d7.loss_dice: 0.2403  decode.d8.loss_cls: 0.0105  decode.d8.loss_mask: 0.2774  decode.d8.loss_dice: 0.2460
2026/07/21 08:05:42 - mmengine - INFO - Iter(train) [35200/80000]  base_lr: 3.0710e-05 lr: 3.0710e-05  eta: 15:02:35  time: 1.1498  data_time: 0.0152  memory: 9088  grad_norm: 39.3384  loss: 6.6971  decode.loss_cls: 0.0006  decode.loss_mask: 0.3488  decode.loss_dice: 0.3086  decode.d0.loss_cls: 0.0775  decode.d0.loss_mask: 0.3618  decode.d0.loss_dice: 0.3166  decode.d1.loss_cls: 0.0077  decode.d1.loss_mask: 0.3536  decode.d1.loss_dice: 0.3110  decode.d2.loss_cls: 0.0110  decode.d2.loss_mask: 0.3500  decode.d2.loss_dice: 0.3054  decode.d3.loss_cls: 0.0006  decode.d3.loss_mask: 0.3497  decode.d3.loss_dice: 0.3020  decode.d4.loss_cls: 0.0004  decode.d4.loss_mask: 0.3537  decode.d4.loss_dice: 0.3042  decode.d5.loss_cls: 0.0005  decode.d5.loss_mask: 0.3526  decode.d5.loss_dice: 0.3037  decode.d6.loss_cls: 0.0003  decode.d6.loss_mask: 0.3516  decode.d6.loss_dice: 0.3078  decode.d7.loss_cls: 0.0003  decode.d7.loss_mask: 0.3532  decode.d7.loss_dice: 0.3098  decode.d8.loss_cls: 0.0004  decode.d8.loss_mask: 0.3472  decode.d8.loss_dice: 0.3068
2026/07/21 08:07:38 - mmengine - INFO - Iter(train) [35300/80000]  base_lr: 3.0649e-05 lr: 3.0649e-05  eta: 15:00:27  time: 1.1483  data_time: 0.0155  memory: 9088  grad_norm: 30.9951  loss: 5.7497  decode.loss_cls: 0.0054  decode.loss_mask: 0.2714  decode.loss_dice: 0.2682  decode.d0.loss_cls: 0.1305  decode.d0.loss_mask: 0.2730  decode.d0.loss_dice: 0.3000  decode.d1.loss_cls: 0.0340  decode.d1.loss_mask: 0.2735  decode.d1.loss_dice: 0.2777  decode.d2.loss_cls: 0.0150  decode.d2.loss_mask: 0.2700  decode.d2.loss_dice: 0.2786  decode.d3.loss_cls: 0.0184  decode.d3.loss_mask: 0.2733  decode.d3.loss_dice: 0.2889  decode.d4.loss_cls: 0.0168  decode.d4.loss_mask: 0.2710  decode.d4.loss_dice: 0.2598  decode.d5.loss_cls: 0.0111  decode.d5.loss_mask: 0.2737  decode.d5.loss_dice: 0.2710  decode.d6.loss_cls: 0.0074  decode.d6.loss_mask: 0.2741  decode.d6.loss_dice: 0.2752  decode.d7.loss_cls: 0.0052  decode.d7.loss_mask: 0.2746  decode.d7.loss_dice: 0.2904  decode.d8.loss_cls: 0.0038  decode.d8.loss_mask: 0.2744  decode.d8.loss_dice: 0.2632
2026/07/21 08:09:33 - mmengine - INFO - Iter(train) [35400/80000]  base_lr: 3.0587e-05 lr: 3.0587e-05  eta: 14:58:19  time: 1.1493  data_time: 0.0154  memory: 9088  grad_norm: 36.9753  loss: 6.8252  decode.loss_cls: 0.0001  decode.loss_mask: 0.3464  decode.loss_dice: 0.3144  decode.d0.loss_cls: 0.0805  decode.d0.loss_mask: 0.3607  decode.d0.loss_dice: 0.3500  decode.d1.loss_cls: 0.0081  decode.d1.loss_mask: 0.3487  decode.d1.loss_dice: 0.3352  decode.d2.loss_cls: 0.0040  decode.d2.loss_mask: 0.3464  decode.d2.loss_dice: 0.3315  decode.d3.loss_cls: 0.0010  decode.d3.loss_mask: 0.3474  decode.d3.loss_dice: 0.3289  decode.d4.loss_cls: 0.0003  decode.d4.loss_mask: 0.3437  decode.d4.loss_dice: 0.3130  decode.d5.loss_cls: 0.0002  decode.d5.loss_mask: 0.3438  decode.d5.loss_dice: 0.3132  decode.d6.loss_cls: 0.0002  decode.d6.loss_mask: 0.3427  decode.d6.loss_dice: 0.3276  decode.d7.loss_cls: 0.0001  decode.d7.loss_mask: 0.3438  decode.d7.loss_dice: 0.3155  decode.d8.loss_cls: 0.0001  decode.d8.loss_mask: 0.3470  decode.d8.loss_dice: 0.3306
2026/07/21 08:11:32 - mmengine - INFO - Iter(train) [35500/80000]  base_lr: 3.0525e-05 lr: 3.0525e-05  eta: 14:56:16  time: 1.1598  data_time: 0.0154  memory: 9088  grad_norm: 75.7967  loss: 10.1532  decode.loss_cls: 0.0116  decode.loss_mask: 0.5248  decode.loss_dice: 0.4438  decode.d0.loss_cls: 0.1007  decode.d0.loss_mask: 0.5753  decode.d0.loss_dice: 0.4883  decode.d1.loss_cls: 0.0253  decode.d1.loss_mask: 0.5396  decode.d1.loss_dice: 0.4551  decode.d2.loss_cls: 0.0217  decode.d2.loss_mask: 0.5319  decode.d2.loss_dice: 0.4646  decode.d3.loss_cls: 0.0139  decode.d3.loss_mask: 0.5292  decode.d3.loss_dice: 0.4514  decode.d4.loss_cls: 0.0199  decode.d4.loss_mask: 0.5281  decode.d4.loss_dice: 0.4550  decode.d5.loss_cls: 0.0190  decode.d5.loss_mask: 0.5283  decode.d5.loss_dice: 0.4483  decode.d6.loss_cls: 0.0129  decode.d6.loss_mask: 0.5295  decode.d6.loss_dice: 0.4555  decode.d7.loss_cls: 0.0141  decode.d7.loss_mask: 0.5236  decode.d7.loss_dice: 0.4500  decode.d8.loss_cls: 0.0131  decode.d8.loss_mask: 0.5269  decode.d8.loss_dice: 0.4520
2026/07/21 08:13:28 - mmengine - INFO - Iter(train) [35600/80000]  base_lr: 3.0463e-05 lr: 3.0463e-05  eta: 14:54:10  time: 1.1685  data_time: 0.0151  memory: 9079  grad_norm: 65.4243  loss: 8.6760  decode.loss_cls: 0.0017  decode.loss_mask: 0.4651  decode.loss_dice: 0.3897  decode.d0.loss_cls: 0.0914  decode.d0.loss_mask: 0.4729  decode.d0.loss_dice: 0.4011  decode.d1.loss_cls: 0.0041  decode.d1.loss_mask: 0.4666  decode.d1.loss_dice: 0.3935  decode.d2.loss_cls: 0.0019  decode.d2.loss_mask: 0.4667  decode.d2.loss_dice: 0.3885  decode.d3.loss_cls: 0.0031  decode.d3.loss_mask: 0.4632  decode.d3.loss_dice: 0.3869  decode.d4.loss_cls: 0.0025  decode.d4.loss_mask: 0.4628  decode.d4.loss_dice: 0.3857  decode.d5.loss_cls: 0.0012  decode.d5.loss_mask: 0.4646  decode.d5.loss_dice: 0.3888  decode.d6.loss_cls: 0.0019  decode.d6.loss_mask: 0.4669  decode.d6.loss_dice: 0.3911  decode.d7.loss_cls: 0.0016  decode.d7.loss_mask: 0.4683  decode.d7.loss_dice: 0.3884  decode.d8.loss_cls: 0.0021  decode.d8.loss_mask: 0.4652  decode.d8.loss_dice: 0.3888
2026/07/21 08:15:23 - mmengine - INFO - Iter(train) [35700/80000]  base_lr: 3.0402e-05 lr: 3.0402e-05  eta: 14:52:01  time: 1.1671  data_time: 0.0154  memory: 9088  grad_norm: 51.5933  loss: 9.2027  decode.loss_cls: 0.0101  decode.loss_mask: 0.5107  decode.loss_dice: 0.3831  decode.d0.loss_cls: 0.0587  decode.d0.loss_mask: 0.5554  decode.d0.loss_dice: 0.4093  decode.d1.loss_cls: 0.0140  decode.d1.loss_mask: 0.5202  decode.d1.loss_dice: 0.3989  decode.d2.loss_cls: 0.0021  decode.d2.loss_mask: 0.5114  decode.d2.loss_dice: 0.3921  decode.d3.loss_cls: 0.0006  decode.d3.loss_mask: 0.5077  decode.d3.loss_dice: 0.3859  decode.d4.loss_cls: 0.0010  decode.d4.loss_mask: 0.5091  decode.d4.loss_dice: 0.3915  decode.d5.loss_cls: 0.0109  decode.d5.loss_mask: 0.5088  decode.d5.loss_dice: 0.3946  decode.d6.loss_cls: 0.0114  decode.d6.loss_mask: 0.5091  decode.d6.loss_dice: 0.3918  decode.d7.loss_cls: 0.0048  decode.d7.loss_mask: 0.5097  decode.d7.loss_dice: 0.3897  decode.d8.loss_cls: 0.0123  decode.d8.loss_mask: 0.5068  decode.d8.loss_dice: 0.3910
2026/07/21 08:17:19 - mmengine - INFO - Iter(train) [35800/80000]  base_lr: 3.0340e-05 lr: 3.0340e-05  eta: 14:49:55  time: 1.2016  data_time: 0.0151  memory: 9088  grad_norm: 59.3338  loss: 10.1499  decode.loss_cls: 0.0008  decode.loss_mask: 0.5430  decode.loss_dice: 0.4612  decode.d0.loss_cls: 0.0726  decode.d0.loss_mask: 0.5608  decode.d0.loss_dice: 0.4547  decode.d1.loss_cls: 0.0171  decode.d1.loss_mask: 0.5407  decode.d1.loss_dice: 0.4603  decode.d2.loss_cls: 0.0059  decode.d2.loss_mask: 0.5375  decode.d2.loss_dice: 0.4575  decode.d3.loss_cls: 0.0011  decode.d3.loss_mask: 0.5354  decode.d3.loss_dice: 0.4627  decode.d4.loss_cls: 0.0019  decode.d4.loss_mask: 0.5382  decode.d4.loss_dice: 0.4692  decode.d5.loss_cls: 0.0032  decode.d5.loss_mask: 0.5378  decode.d5.loss_dice: 0.4614  decode.d6.loss_cls: 0.0008  decode.d6.loss_mask: 0.5423  decode.d6.loss_dice: 0.4641  decode.d7.loss_cls: 0.0014  decode.d7.loss_mask: 0.5409  decode.d7.loss_dice: 0.4658  decode.d8.loss_cls: 0.0012  decode.d8.loss_mask: 0.5431  decode.d8.loss_dice: 0.4672
2026/07/21 08:19:15 - mmengine - INFO - Iter(train) [35900/80000]  base_lr: 3.0278e-05 lr: 3.0278e-05  eta: 14:47:48  time: 1.1479  data_time: 0.0152  memory: 9079  grad_norm: 50.1927  loss: 7.7819  decode.loss_cls: 0.0010  decode.loss_mask: 0.4197  decode.loss_dice: 0.3417  decode.d0.loss_cls: 0.1107  decode.d0.loss_mask: 0.4198  decode.d0.loss_dice: 0.3511  decode.d1.loss_cls: 0.0220  decode.d1.loss_mask: 0.4168  decode.d1.loss_dice: 0.3439  decode.d2.loss_cls: 0.0129  decode.d2.loss_mask: 0.4192  decode.d2.loss_dice: 0.3443  decode.d3.loss_cls: 0.0012  decode.d3.loss_mask: 0.4183  decode.d3.loss_dice: 0.3462  decode.d4.loss_cls: 0.0013  decode.d4.loss_mask: 0.4164  decode.d4.loss_dice: 0.3403  decode.d5.loss_cls: 0.0014  decode.d5.loss_mask: 0.4191  decode.d5.loss_dice: 0.3417  decode.d6.loss_cls: 0.0006  decode.d6.loss_mask: 0.4172  decode.d6.loss_dice: 0.3408  decode.d7.loss_cls: 0.0007  decode.d7.loss_mask: 0.4182  decode.d7.loss_dice: 0.3458  decode.d8.loss_cls: 0.0006  decode.d8.loss_mask: 0.4170  decode.d8.loss_dice: 0.3520
2026/07/21 08:21:10 - mmengine - INFO - Exp name: dinov3_m2f_31999_20260720_190649
2026/07/21 08:21:10 - mmengine - INFO - Iter(train) [36000/80000]  base_lr: 3.0216e-05 lr: 3.0216e-05  eta: 14:45:41  time: 1.1501  data_time: 0.0156  memory: 9088  grad_norm: 49.8167  loss: 9.3445  decode.loss_cls: 0.0182  decode.loss_mask: 0.4914  decode.loss_dice: 0.3985  decode.d0.loss_cls: 0.1240  decode.d0.loss_mask: 0.5216  decode.d0.loss_dice: 0.4326  decode.d1.loss_cls: 0.0434  decode.d1.loss_mask: 0.4935  decode.d1.loss_dice: 0.4262  decode.d2.loss_cls: 0.0178  decode.d2.loss_mask: 0.4861  decode.d2.loss_dice: 0.4106  decode.d3.loss_cls: 0.0229  decode.d3.loss_mask: 0.4879  decode.d3.loss_dice: 0.4058  decode.d4.loss_cls: 0.0212  decode.d4.loss_mask: 0.4951  decode.d4.loss_dice: 0.3983  decode.d5.loss_cls: 0.0192  decode.d5.loss_mask: 0.4894  decode.d5.loss_dice: 0.4002  decode.d6.loss_cls: 0.0132  decode.d6.loss_mask: 0.4927  decode.d6.loss_dice: 0.4066  decode.d7.loss_cls: 0.0143  decode.d7.loss_mask: 0.4940  decode.d7.loss_dice: 0.4074  decode.d8.loss_cls: 0.0126  decode.d8.loss_mask: 0.4920  decode.d8.loss_dice: 0.4076
2026/07/21 08:21:11 - mmengine - INFO - Saving checkpoint at 36000 iterations
2026/07/21 08:23:05 - mmengine - INFO - Iter(val) [100/504]    eta: 0:02:24  time: 0.3427  data_time: 0.0077  memory: 3097  
2026/07/21 08:23:40 - mmengine - INFO - Iter(val) [200/504]    eta: 0:01:46  time: 0.3478  data_time: 0.0080  memory: 3097  
2026/07/21 08:24:15 - mmengine - INFO - Iter(val) [300/504]    eta: 0:01:11  time: 0.3494  data_time: 0.0078  memory: 3097  
2026/07/21 08:24:50 - mmengine - INFO - Iter(val) [400/504]    eta: 0:00:36  time: 0.3566  data_time: 0.0076  memory: 3097  
2026/07/21 08:25:25 - mmengine - INFO - Iter(val) [500/504]    eta: 0:00:01  time: 0.3564  data_time: 0.0075  memory: 3097  
2026/07/21 08:25:29 - mmengine - INFO - per class results:
2026/07/21 08:25:29 - mmengine - INFO - 
+--------------------+-------+-------+--------+-----------+--------+
|       Class        |  IoU  |  Acc  | Fscore | Precision | Recall |
+--------------------+-------+-------+--------+-----------+--------+
| impervious_surface | 77.55 | 81.53 | 87.36  |   94.09   | 81.53  |
|      building      | 94.13 | 98.59 | 96.97  |   95.41   | 98.59  |
|   low_vegetation   | 65.67 | 95.79 | 79.28  |   67.62   | 95.79  |
|        tree        | 63.27 | 64.42 |  77.5  |   97.26   | 64.42  |
|        car         | 79.56 | 81.12 | 88.62  |   97.65   | 81.12  |
+--------------------+-------+-------+--------+-----------+--------+
2026/07/21 08:25:29 - mmengine - INFO - Iter(val) [504/504]    aAcc: 85.3800  mIoU: 76.0400  mAcc: 84.2900  mFscore: 85.9500  mPrecision: 90.4000  mRecall: 84.2900  data_time: 0.0090  time: 0.3509
2026/07/21 08:27:24 - mmengine - INFO - Iter(train) [36100/80000]  base_lr: 3.0154e-05 lr: 3.0154e-05  eta: 14:43:36  time: 1.1909  data_time: 0.0160  memory: 9088  grad_norm: 48.9962  loss: 8.4868  decode.loss_cls: 0.0214  decode.loss_mask: 0.4489  decode.loss_dice: 0.3706  decode.d0.loss_cls: 0.1191  decode.d0.loss_mask: 0.4611  decode.d0.loss_dice: 0.3850  decode.d1.loss_cls: 0.0307  decode.d1.loss_mask: 0.4510  decode.d1.loss_dice: 0.3679  decode.d2.loss_cls: 0.0246  decode.d2.loss_mask: 0.4437  decode.d2.loss_dice: 0.3580  decode.d3.loss_cls: 0.0194  decode.d3.loss_mask: 0.4493  decode.d3.loss_dice: 0.3683  decode.d4.loss_cls: 0.0167  decode.d4.loss_mask: 0.4454  decode.d4.loss_dice: 0.3621  decode.d5.loss_cls: 0.0146  decode.d5.loss_mask: 0.4459  decode.d5.loss_dice: 0.3718  decode.d6.loss_cls: 0.0160  decode.d6.loss_mask: 0.4459  decode.d6.loss_dice: 0.3682  decode.d7.loss_cls: 0.0216  decode.d7.loss_mask: 0.4472  decode.d7.loss_dice: 0.3691  decode.d8.loss_cls: 0.0255  decode.d8.loss_mask: 0.4496  decode.d8.loss_dice: 0.3682
2026/07/21 08:29:21 - mmengine - INFO - Iter(train) [36200/80000]  base_lr: 3.0093e-05 lr: 3.0093e-05  eta: 14:41:30  time: 1.1608  data_time: 0.0154  memory: 9088  grad_norm: 56.8552  loss: 8.6895  decode.loss_cls: 0.0092  decode.loss_mask: 0.4453  decode.loss_dice: 0.3814  decode.d0.loss_cls: 0.1035  decode.d0.loss_mask: 0.5111  decode.d0.loss_dice: 0.4571  decode.d1.loss_cls: 0.0182  decode.d1.loss_mask: 0.4539  decode.d1.loss_dice: 0.3888  decode.d2.loss_cls: 0.0156  decode.d2.loss_mask: 0.4513  decode.d2.loss_dice: 0.3847  decode.d3.loss_cls: 0.0096  decode.d3.loss_mask: 0.4469  decode.d3.loss_dice: 0.3846  decode.d4.loss_cls: 0.0119  decode.d4.loss_mask: 0.4499  decode.d4.loss_dice: 0.3832  decode.d5.loss_cls: 0.0105  decode.d5.loss_mask: 0.4461  decode.d5.loss_dice: 0.3842  decode.d6.loss_cls: 0.0111  decode.d6.loss_mask: 0.4476  decode.d6.loss_dice: 0.3905  decode.d7.loss_cls: 0.0112  decode.d7.loss_mask: 0.4466  decode.d7.loss_dice: 0.3855  decode.d8.loss_cls: 0.0127  decode.d8.loss_mask: 0.4461  decode.d8.loss_dice: 0.3914
2026/07/21 08:31:19 - mmengine - INFO - Iter(train) [36300/80000]  base_lr: 3.0031e-05 lr: 3.0031e-05  eta: 14:39:27  time: 1.1621  data_time: 0.0165  memory: 9088  grad_norm: 48.2590  loss: 7.1483  decode.loss_cls: 0.0030  decode.loss_mask: 0.4105  decode.loss_dice: 0.2835  decode.d0.loss_cls: 0.1262  decode.d0.loss_mask: 0.4390  decode.d0.loss_dice: 0.3119  decode.d1.loss_cls: 0.0214  decode.d1.loss_mask: 0.4131  decode.d1.loss_dice: 0.2828  decode.d2.loss_cls: 0.0034  decode.d2.loss_mask: 0.4105  decode.d2.loss_dice: 0.2805  decode.d3.loss_cls: 0.0040  decode.d3.loss_mask: 0.4112  decode.d3.loss_dice: 0.2809  decode.d4.loss_cls: 0.0013  decode.d4.loss_mask: 0.4094  decode.d4.loss_dice: 0.2792  decode.d5.loss_cls: 0.0026  decode.d5.loss_mask: 0.4107  decode.d5.loss_dice: 0.2805  decode.d6.loss_cls: 0.0021  decode.d6.loss_mask: 0.4091  decode.d6.loss_dice: 0.2795  decode.d7.loss_cls: 0.0018  decode.d7.loss_mask: 0.4107  decode.d7.loss_dice: 0.2828  decode.d8.loss_cls: 0.0024  decode.d8.loss_mask: 0.4115  decode.d8.loss_dice: 0.2826
2026/07/21 08:33:14 - mmengine - INFO - Iter(train) [36400/80000]  base_lr: 2.9969e-05 lr: 2.9969e-05  eta: 14:37:18  time: 1.1626  data_time: 0.0154  memory: 9079  grad_norm: 81.4954  loss: 11.3318  decode.loss_cls: 0.0040  decode.loss_mask: 0.6302  decode.loss_dice: 0.4784  decode.d0.loss_cls: 0.1075  decode.d0.loss_mask: 0.6721  decode.d0.loss_dice: 0.4815  decode.d1.loss_cls: 0.0299  decode.d1.loss_mask: 0.6476  decode.d1.loss_dice: 0.4658  decode.d2.loss_cls: 0.0186  decode.d2.loss_mask: 0.6439  decode.d2.loss_dice: 0.4728  decode.d3.loss_cls: 0.0082  decode.d3.loss_mask: 0.6350  decode.d3.loss_dice: 0.4672  decode.d4.loss_cls: 0.0053  decode.d4.loss_mask: 0.6322  decode.d4.loss_dice: 0.4580  decode.d5.loss_cls: 0.0122  decode.d5.loss_mask: 0.6348  decode.d5.loss_dice: 0.4744  decode.d6.loss_cls: 0.0104  decode.d6.loss_mask: 0.6348  decode.d6.loss_dice: 0.4871  decode.d7.loss_cls: 0.0037  decode.d7.loss_mask: 0.6384  decode.d7.loss_dice: 0.4722  decode.d8.loss_cls: 0.0039  decode.d8.loss_mask: 0.6302  decode.d8.loss_dice: 0.4713
2026/07/21 08:35:10 - mmengine - INFO - Iter(train) [36500/80000]  base_lr: 2.9907e-05 lr: 2.9907e-05  eta: 14:35:12  time: 1.1673  data_time: 0.0150  memory: 9088  grad_norm: 53.1654  loss: 8.2892  decode.loss_cls: 0.0002  decode.loss_mask: 0.4428  decode.loss_dice: 0.3759  decode.d0.loss_cls: 0.0719  decode.d0.loss_mask: 0.4668  decode.d0.loss_dice: 0.3826  decode.d1.loss_cls: 0.0042  decode.d1.loss_mask: 0.4457  decode.d1.loss_dice: 0.3797  decode.d2.loss_cls: 0.0027  decode.d2.loss_mask: 0.4464  decode.d2.loss_dice: 0.3778  decode.d3.loss_cls: 0.0009  decode.d3.loss_mask: 0.4393  decode.d3.loss_dice: 0.3757  decode.d4.loss_cls: 0.0005  decode.d4.loss_mask: 0.4400  decode.d4.loss_dice: 0.3743  decode.d5.loss_cls: 0.0003  decode.d5.loss_mask: 0.4391  decode.d5.loss_dice: 0.3771  decode.d6.loss_cls: 0.0002  decode.d6.loss_mask: 0.4394  decode.d6.loss_dice: 0.3743  decode.d7.loss_cls: 0.0002  decode.d7.loss_mask: 0.4396  decode.d7.loss_dice: 0.3759  decode.d8.loss_cls: 0.0002  decode.d8.loss_mask: 0.4404  decode.d8.loss_dice: 0.3751
2026/07/21 08:37:07 - mmengine - INFO - Iter(train) [36600/80000]  base_lr: 2.9845e-05 lr: 2.9845e-05  eta: 14:33:07  time: 1.1601  data_time: 0.0150  memory: 9088  grad_norm: 36.1984  loss: 5.5392  decode.loss_cls: 0.0003  decode.loss_mask: 0.2848  decode.loss_dice: 0.2466  decode.d0.loss_cls: 0.0667  decode.d0.loss_mask: 0.2842  decode.d0.loss_dice: 0.2855  decode.d1.loss_cls: 0.0156  decode.d1.loss_mask: 0.2842  decode.d1.loss_dice: 0.2655  decode.d2.loss_cls: 0.0006  decode.d2.loss_mask: 0.2837  decode.d2.loss_dice: 0.2701  decode.d3.loss_cls: 0.0003  decode.d3.loss_mask: 0.2821  decode.d3.loss_dice: 0.2648  decode.d4.loss_cls: 0.0002  decode.d4.loss_mask: 0.2824  decode.d4.loss_dice: 0.2627  decode.d5.loss_cls: 0.0003  decode.d5.loss_mask: 0.2838  decode.d5.loss_dice: 0.2462  decode.d6.loss_cls: 0.0003  decode.d6.loss_mask: 0.2830  decode.d6.loss_dice: 0.2603  decode.d7.loss_cls: 0.0002  decode.d7.loss_mask: 0.2806  decode.d7.loss_dice: 0.2634  decode.d8.loss_cls: 0.0002  decode.d8.loss_mask: 0.2829  decode.d8.loss_dice: 0.2576
2026/07/21 08:39:03 - mmengine - INFO - Iter(train) [36700/80000]  base_lr: 2.9783e-05 lr: 2.9783e-05  eta: 14:31:01  time: 1.1592  data_time: 0.0152  memory: 9088  grad_norm: 45.1805  loss: 7.0027  decode.loss_cls: 0.0013  decode.loss_mask: 0.3907  decode.loss_dice: 0.2921  decode.d0.loss_cls: 0.1593  decode.d0.loss_mask: 0.4186  decode.d0.loss_dice: 0.2926  decode.d1.loss_cls: 0.0078  decode.d1.loss_mask: 0.3929  decode.d1.loss_dice: 0.2907  decode.d2.loss_cls: 0.0023  decode.d2.loss_mask: 0.3874  decode.d2.loss_dice: 0.2866  decode.d3.loss_cls: 0.0014  decode.d3.loss_mask: 0.3873  decode.d3.loss_dice: 0.2877  decode.d4.loss_cls: 0.0008  decode.d4.loss_mask: 0.3892  decode.d4.loss_dice: 0.2896  decode.d5.loss_cls: 0.0008  decode.d5.loss_mask: 0.3866  decode.d5.loss_dice: 0.2884  decode.d6.loss_cls: 0.0012  decode.d6.loss_mask: 0.3888  decode.d6.loss_dice: 0.2929  decode.d7.loss_cls: 0.0020  decode.d7.loss_mask: 0.3880  decode.d7.loss_dice: 0.2916  decode.d8.loss_cls: 0.0013  decode.d8.loss_mask: 0.3902  decode.d8.loss_dice: 0.2927
2026/07/21 08:41:00 - mmengine - INFO - Iter(train) [36800/80000]  base_lr: 2.9721e-05 lr: 2.9721e-05  eta: 14:28:55  time: 1.1707  data_time: 0.0148  memory: 9079  grad_norm: 49.1840  loss: 7.5098  decode.loss_cls: 0.0004  decode.loss_mask: 0.3816  decode.loss_dice: 0.3523  decode.d0.loss_cls: 0.0863  decode.d0.loss_mask: 0.4076  decode.d0.loss_dice: 0.3938  decode.d1.loss_cls: 0.0141  decode.d1.loss_mask: 0.3790  decode.d1.loss_dice: 0.3467  decode.d2.loss_cls: 0.0207  decode.d2.loss_mask: 0.3808  decode.d2.loss_dice: 0.3594  decode.d3.loss_cls: 0.0013  decode.d3.loss_mask: 0.3779  decode.d3.loss_dice: 0.3508  decode.d4.loss_cls: 0.0005  decode.d4.loss_mask: 0.3781  decode.d4.loss_dice: 0.3535  decode.d5.loss_cls: 0.0006  decode.d5.loss_mask: 0.3775  decode.d5.loss_dice: 0.3483  decode.d6.loss_cls: 0.0005  decode.d6.loss_mask: 0.3777  decode.d6.loss_dice: 0.3509  decode.d7.loss_cls: 0.0002  decode.d7.loss_mask: 0.3817  decode.d7.loss_dice: 0.3549  decode.d8.loss_cls: 0.0004  decode.d8.loss_mask: 0.3805  decode.d8.loss_dice: 0.3516
2026/07/21 08:43:00 - mmengine - INFO - Iter(train) [36900/80000]  base_lr: 2.9659e-05 lr: 2.9659e-05  eta: 14:26:54  time: 1.4889  data_time: 0.0152  memory: 9088  grad_norm: 69.7293  loss: 10.0192  decode.loss_cls: 0.0005  decode.loss_mask: 0.5677  decode.loss_dice: 0.4058  decode.d0.loss_cls: 0.0936  decode.d0.loss_mask: 0.6344  decode.d0.loss_dice: 0.4353  decode.d1.loss_cls: 0.0221  decode.d1.loss_mask: 0.5714  decode.d1.loss_dice: 0.4153  decode.d2.loss_cls: 0.0057  decode.d2.loss_mask: 0.5673  decode.d2.loss_dice: 0.4127  decode.d3.loss_cls: 0.0026  decode.d3.loss_mask: 0.5647  decode.d3.loss_dice: 0.4023  decode.d4.loss_cls: 0.0007  decode.d4.loss_mask: 0.5740  decode.d4.loss_dice: 0.4168  decode.d5.loss_cls: 0.0006  decode.d5.loss_mask: 0.5671  decode.d5.loss_dice: 0.4097  decode.d6.loss_cls: 0.0004  decode.d6.loss_mask: 0.5724  decode.d6.loss_dice: 0.4075  decode.d7.loss_cls: 0.0002  decode.d7.loss_mask: 0.5689  decode.d7.loss_dice: 0.4177  decode.d8.loss_cls: 0.0012  decode.d8.loss_mask: 0.5686  decode.d8.loss_dice: 0.4121
2026/07/21 08:46:06 - mmengine - INFO - Exp name: dinov3_m2f_31999_20260720_190649
2026/07/21 08:46:06 - mmengine - INFO - Iter(train) [37000/80000]  base_lr: 2.9598e-05 lr: 2.9598e-05  eta: 14:26:09  time: 1.7074  data_time: 0.0154  memory: 9088  grad_norm: 33.4449  loss: 5.5548  decode.loss_cls: 0.0010  decode.loss_mask: 0.2821  decode.loss_dice: 0.2471  decode.d0.loss_cls: 0.1123  decode.d0.loss_mask: 0.2969  decode.d0.loss_dice: 0.2594  decode.d1.loss_cls: 0.0207  decode.d1.loss_mask: 0.2831  decode.d1.loss_dice: 0.2617  decode.d2.loss_cls: 0.0014  decode.d2.loss_mask: 0.2843  decode.d2.loss_dice: 0.2666  decode.d3.loss_cls: 0.0004  decode.d3.loss_mask: 0.2823  decode.d3.loss_dice: 0.2590  decode.d4.loss_cls: 0.0004  decode.d4.loss_mask: 0.2824  decode.d4.loss_dice: 0.2536  decode.d5.loss_cls: 0.0010  decode.d5.loss_mask: 0.2830  decode.d5.loss_dice: 0.2585  decode.d6.loss_cls: 0.0008  decode.d6.loss_mask: 0.2817  decode.d6.loss_dice: 0.2566  decode.d7.loss_cls: 0.0005  decode.d7.loss_mask: 0.2806  decode.d7.loss_dice: 0.2504  decode.d8.loss_cls: 0.0006  decode.d8.loss_mask: 0.2829  decode.d8.loss_dice: 0.2633
2026/07/21 08:47:08 - mmengine - INFO - Iter(train) [37100/80000]  base_lr: 2.9536e-05 lr: 2.9536e-05  eta: 14:23:00  time: 0.6219  data_time: 0.0154  memory: 9088  grad_norm: 43.3881  loss: 8.4104  decode.loss_cls: 0.0065  decode.loss_mask: 0.4581  decode.loss_dice: 0.3532  decode.d0.loss_cls: 0.0946  decode.d0.loss_mask: 0.4910  decode.d0.loss_dice: 0.3752  decode.d1.loss_cls: 0.0149  decode.d1.loss_mask: 0.4678  decode.d1.loss_dice: 0.3640  decode.d2.loss_cls: 0.0075  decode.d2.loss_mask: 0.4606  decode.d2.loss_dice: 0.3622  decode.d3.loss_cls: 0.0065  decode.d3.loss_mask: 0.4625  decode.d3.loss_dice: 0.3687  decode.d4.loss_cls: 0.0052  decode.d4.loss_mask: 0.4573  decode.d4.loss_dice: 0.3597  decode.d5.loss_cls: 0.0057  decode.d5.loss_mask: 0.4575  decode.d5.loss_dice: 0.3590  decode.d6.loss_cls: 0.0086  decode.d6.loss_mask: 0.4603  decode.d6.loss_dice: 0.3603  decode.d7.loss_cls: 0.0062  decode.d7.loss_mask: 0.4584  decode.d7.loss_dice: 0.3618  decode.d8.loss_cls: 0.0059  decode.d8.loss_mask: 0.4596  decode.d8.loss_dice: 0.3514
2026/07/21 08:48:13 - mmengine - INFO - Iter(train) [37200/80000]  base_lr: 2.9474e-05 lr: 2.9474e-05  eta: 14:19:56  time: 0.6246  data_time: 0.0160  memory: 9088  grad_norm: 69.9628  loss: 10.0179  decode.loss_cls: 0.0013  decode.loss_mask: 0.5716  decode.loss_dice: 0.4124  decode.d0.loss_cls: 0.1024  decode.d0.loss_mask: 0.5957  decode.d0.loss_dice: 0.4133  decode.d1.loss_cls: 0.0071  decode.d1.loss_mask: 0.5868  decode.d1.loss_dice: 0.4055  decode.d2.loss_cls: 0.0019  decode.d2.loss_mask: 0.5804  decode.d2.loss_dice: 0.4003  decode.d3.loss_cls: 0.0022  decode.d3.loss_mask: 0.5795  decode.d3.loss_dice: 0.4074  decode.d4.loss_cls: 0.0106  decode.d4.loss_mask: 0.5782  decode.d4.loss_dice: 0.4078  decode.d5.loss_cls: 0.0032  decode.d5.loss_mask: 0.5742  decode.d5.loss_dice: 0.4076  decode.d6.loss_cls: 0.0106  decode.d6.loss_mask: 0.5742  decode.d6.loss_dice: 0.4102  decode.d7.loss_cls: 0.0025  decode.d7.loss_mask: 0.5767  decode.d7.loss_dice: 0.4064  decode.d8.loss_cls: 0.0025  decode.d8.loss_mask: 0.5762  decode.d8.loss_dice: 0.4090
2026/07/21 08:49:16 - mmengine - INFO - Iter(train) [37300/80000]  base_lr: 2.9412e-05 lr: 2.9412e-05  eta: 14:16:49  time: 0.6177  data_time: 0.0157  memory: 9079  grad_norm: 69.4994  loss: 9.4965  decode.loss_cls: 0.0027  decode.loss_mask: 0.5210  decode.loss_dice: 0.4177  decode.d0.loss_cls: 0.1022  decode.d0.loss_mask: 0.5459  decode.d0.loss_dice: 0.4293  decode.d1.loss_cls: 0.0172  decode.d1.loss_mask: 0.5234  decode.d1.loss_dice: 0.4142  decode.d2.loss_cls: 0.0061  decode.d2.loss_mask: 0.5224  decode.d2.loss_dice: 0.4185  decode.d3.loss_cls: 0.0016  decode.d3.loss_mask: 0.5154  decode.d3.loss_dice: 0.4259  decode.d4.loss_cls: 0.0034  decode.d4.loss_mask: 0.5147  decode.d4.loss_dice: 0.4071  decode.d5.loss_cls: 0.0026  decode.d5.loss_mask: 0.5201  decode.d5.loss_dice: 0.4073  decode.d6.loss_cls: 0.0039  decode.d6.loss_mask: 0.5196  decode.d6.loss_dice: 0.3939  decode.d7.loss_cls: 0.0038  decode.d7.loss_mask: 0.5223  decode.d7.loss_dice: 0.4079  decode.d8.loss_cls: 0.0033  decode.d8.loss_mask: 0.5212  decode.d8.loss_dice: 0.4021
2026/07/21 08:50:18 - mmengine - INFO - Iter(train) [37400/80000]  base_lr: 2.9350e-05 lr: 2.9350e-05  eta: 14:13:42  time: 0.6219  data_time: 0.0158  memory: 9088  grad_norm: 47.4734  loss: 8.8637  decode.loss_cls: 0.0012  decode.loss_mask: 0.4918  decode.loss_dice: 0.3794  decode.d0.loss_cls: 0.0678  decode.d0.loss_mask: 0.5043  decode.d0.loss_dice: 0.3876  decode.d1.loss_cls: 0.0092  decode.d1.loss_mask: 0.4971  decode.d1.loss_dice: 0.3833  decode.d2.loss_cls: 0.0051  decode.d2.loss_mask: 0.4959  decode.d2.loss_dice: 0.3828  decode.d3.loss_cls: 0.0032  decode.d3.loss_mask: 0.4943  decode.d3.loss_dice: 0.3830  decode.d4.loss_cls: 0.0014  decode.d4.loss_mask: 0.4955  decode.d4.loss_dice: 0.3817  decode.d5.loss_cls: 0.0005  decode.d5.loss_mask: 0.4951  decode.d5.loss_dice: 0.3813  decode.d6.loss_cls: 0.0009  decode.d6.loss_mask: 0.4958  decode.d6.loss_dice: 0.3783  decode.d7.loss_cls: 0.0011  decode.d7.loss_mask: 0.4957  decode.d7.loss_dice: 0.3795  decode.d8.loss_cls: 0.0017  decode.d8.loss_mask: 0.4915  decode.d8.loss_dice: 0.3776
2026/07/21 08:51:20 - mmengine - INFO - Iter(train) [37500/80000]  base_lr: 2.9288e-05 lr: 2.9288e-05  eta: 14:10:36  time: 0.6589  data_time: 0.0150  memory: 9088  grad_norm: 54.0091  loss: 7.7488  decode.loss_cls: 0.0056  decode.loss_mask: 0.3931  decode.loss_dice: 0.3666  decode.d0.loss_cls: 0.0928  decode.d0.loss_mask: 0.4072  decode.d0.loss_dice: 0.3687  decode.d1.loss_cls: 0.0224  decode.d1.loss_mask: 0.3956  decode.d1.loss_dice: 0.3563  decode.d2.loss_cls: 0.0064  decode.d2.loss_mask: 0.3971  decode.d2.loss_dice: 0.3562  decode.d3.loss_cls: 0.0169  decode.d3.loss_mask: 0.3933  decode.d3.loss_dice: 0.3508  decode.d4.loss_cls: 0.0046  decode.d4.loss_mask: 0.3938  decode.d4.loss_dice: 0.3710  decode.d5.loss_cls: 0.0051  decode.d5.loss_mask: 0.3955  decode.d5.loss_dice: 0.3695  decode.d6.loss_cls: 0.0053  decode.d6.loss_mask: 0.3926  decode.d6.loss_dice: 0.3612  decode.d7.loss_cls: 0.0056  decode.d7.loss_mask: 0.3927  decode.d7.loss_dice: 0.3699  decode.d8.loss_cls: 0.0058  decode.d8.loss_mask: 0.3965  decode.d8.loss_dice: 0.3508
2026/07/21 08:52:22 - mmengine - INFO - Iter(train) [37600/80000]  base_lr: 2.9226e-05 lr: 2.9226e-05  eta: 14:07:30  time: 0.6224  data_time: 0.0154  memory: 9079  grad_norm: 51.6792  loss: 6.9072  decode.loss_cls: 0.0017  decode.loss_mask: 0.3504  decode.loss_dice: 0.3228  decode.d0.loss_cls: 0.1060  decode.d0.loss_mask: 0.3686  decode.d0.loss_dice: 0.3623  decode.d1.loss_cls: 0.0268  decode.d1.loss_mask: 0.3504  decode.d1.loss_dice: 0.3228  decode.d2.loss_cls: 0.0115  decode.d2.loss_mask: 0.3479  decode.d2.loss_dice: 0.3132  decode.d3.loss_cls: 0.0023  decode.d3.loss_mask: 0.3489  decode.d3.loss_dice: 0.3210  decode.d4.loss_cls: 0.0021  decode.d4.loss_mask: 0.3484  decode.d4.loss_dice: 0.3217  decode.d5.loss_cls: 0.0014  decode.d5.loss_mask: 0.3472  decode.d5.loss_dice: 0.3193  decode.d6.loss_cls: 0.0012  decode.d6.loss_mask: 0.3476  decode.d6.loss_dice: 0.3175  decode.d7.loss_cls: 0.0014  decode.d7.loss_mask: 0.3505  decode.d7.loss_dice: 0.3172  decode.d8.loss_cls: 0.0020  decode.d8.loss_mask: 0.3502  decode.d8.loss_dice: 0.3228
2026/07/21 08:53:24 - mmengine - INFO - Iter(train) [37700/80000]  base_lr: 2.9164e-05 lr: 2.9164e-05  eta: 14:04:26  time: 0.6222  data_time: 0.0152  memory: 9088  grad_norm: 60.2865  loss: 9.1948  decode.loss_cls: 0.0016  decode.loss_mask: 0.5147  decode.loss_dice: 0.3770  decode.d0.loss_cls: 0.1816  decode.d0.loss_mask: 0.5560  decode.d0.loss_dice: 0.4250  decode.d1.loss_cls: 0.0211  decode.d1.loss_mask: 0.5092  decode.d1.loss_dice: 0.3779  decode.d2.loss_cls: 0.0157  decode.d2.loss_mask: 0.5127  decode.d2.loss_dice: 0.3764  decode.d3.loss_cls: 0.0069  decode.d3.loss_mask: 0.5111  decode.d3.loss_dice: 0.3703  decode.d4.loss_cls: 0.0044  decode.d4.loss_mask: 0.5081  decode.d4.loss_dice: 0.3709  decode.d5.loss_cls: 0.0045  decode.d5.loss_mask: 0.5136  decode.d5.loss_dice: 0.3716  decode.d6.loss_cls: 0.0030  decode.d6.loss_mask: 0.5148  decode.d6.loss_dice: 0.3680  decode.d7.loss_cls: 0.0023  decode.d7.loss_mask: 0.5110  decode.d7.loss_dice: 0.3811  decode.d8.loss_cls: 0.0012  decode.d8.loss_mask: 0.5116  decode.d8.loss_dice: 0.3717
2026/07/21 08:54:26 - mmengine - INFO - Iter(train) [37800/80000]  base_lr: 2.9101e-05 lr: 2.9101e-05  eta: 14:01:21  time: 0.6177  data_time: 0.0151  memory: 9088  grad_norm: 45.6278  loss: 7.4679  decode.loss_cls: 0.0058  decode.loss_mask: 0.3905  decode.loss_dice: 0.3338  decode.d0.loss_cls: 0.0812  decode.d0.loss_mask: 0.4084  decode.d0.loss_dice: 0.3365  decode.d1.loss_cls: 0.0099  decode.d1.loss_mask: 0.3929  decode.d1.loss_dice: 0.3329  decode.d2.loss_cls: 0.0050  decode.d2.loss_mask: 0.3949  decode.d2.loss_dice: 0.3141  decode.d3.loss_cls: 0.0063  decode.d3.loss_mask: 0.3989  decode.d3.loss_dice: 0.3324  decode.d4.loss_cls: 0.0044  decode.d4.loss_mask: 0.3953  decode.d4.loss_dice: 0.3434  decode.d5.loss_cls: 0.0048  decode.d5.loss_mask: 0.3923  decode.d5.loss_dice: 0.3541  decode.d6.loss_cls: 0.0051  decode.d6.loss_mask: 0.3928  decode.d6.loss_dice: 0.3368  decode.d7.loss_cls: 0.0043  decode.d7.loss_mask: 0.3948  decode.d7.loss_dice: 0.3471  decode.d8.loss_cls: 0.0046  decode.d8.loss_mask: 0.3931  decode.d8.loss_dice: 0.3518
2026/07/21 08:55:28 - mmengine - INFO - Iter(train) [37900/80000]  base_lr: 2.9039e-05 lr: 2.9039e-05  eta: 13:58:18  time: 0.6198  data_time: 0.0149  memory: 9088  grad_norm: 33.6920  loss: 6.4038  decode.loss_cls: 0.0028  decode.loss_mask: 0.2459  decode.loss_dice: 0.3754  decode.d0.loss_cls: 0.1189  decode.d0.loss_mask: 0.2508  decode.d0.loss_dice: 0.4045  decode.d1.loss_cls: 0.0304  decode.d1.loss_mask: 0.2468  decode.d1.loss_dice: 0.3705  decode.d2.loss_cls: 0.0241  decode.d2.loss_mask: 0.2454  decode.d2.loss_dice: 0.3817  decode.d3.loss_cls: 0.0029  decode.d3.loss_mask: 0.2437  decode.d3.loss_dice: 0.3581  decode.d4.loss_cls: 0.0016  decode.d4.loss_mask: 0.2464  decode.d4.loss_dice: 0.3597  decode.d5.loss_cls: 0.0015  decode.d5.loss_mask: 0.2437  decode.d5.loss_dice: 0.3821  decode.d6.loss_cls: 0.0008  decode.d6.loss_mask: 0.2434  decode.d6.loss_dice: 0.3645  decode.d7.loss_cls: 0.0012  decode.d7.loss_mask: 0.2458  decode.d7.loss_dice: 0.3952  decode.d8.loss_cls: 0.0018  decode.d8.loss_mask: 0.2442  decode.d8.loss_dice: 0.3700
2026/07/21 08:56:30 - mmengine - INFO - Exp name: dinov3_m2f_31999_20260720_190649
2026/07/21 08:56:30 - mmengine - INFO - Iter(train) [38000/80000]  base_lr: 2.8977e-05 lr: 2.8977e-05  eta: 13:55:15  time: 0.6224  data_time: 0.0152  memory: 9088  grad_norm: 50.0302  loss: 7.6959  decode.loss_cls: 0.0152  decode.loss_mask: 0.3865  decode.loss_dice: 0.3670  decode.d0.loss_cls: 0.0927  decode.d0.loss_mask: 0.3931  decode.d0.loss_dice: 0.3954  decode.d1.loss_cls: 0.0054  decode.d1.loss_mask: 0.3839  decode.d1.loss_dice: 0.3782  decode.d2.loss_cls: 0.0013  decode.d2.loss_mask: 0.3827  decode.d2.loss_dice: 0.3713  decode.d3.loss_cls: 0.0146  decode.d3.loss_mask: 0.3821  decode.d3.loss_dice: 0.3693  decode.d4.loss_cls: 0.0004  decode.d4.loss_mask: 0.3810  decode.d4.loss_dice: 0.3649  decode.d5.loss_cls: 0.0003  decode.d5.loss_mask: 0.3840  decode.d5.loss_dice: 0.3631  decode.d6.loss_cls: 0.0004  decode.d6.loss_mask: 0.3835  decode.d6.loss_dice: 0.3665  decode.d7.loss_cls: 0.0004  decode.d7.loss_mask: 0.3831  decode.d7.loss_dice: 0.3734  decode.d8.loss_cls: 0.0006  decode.d8.loss_mask: 0.3863  decode.d8.loss_dice: 0.3691
2026/07/21 08:56:30 - mmengine - INFO - Saving checkpoint at 38000 iterations
2026/07/21 08:57:37 - mmengine - INFO - Iter(val) [100/504]    eta: 0:01:26  time: 0.2078  data_time: 0.0076  memory: 3097  
2026/07/21 08:57:58 - mmengine - INFO - Iter(val) [200/504]    eta: 0:01:04  time: 0.2089  data_time: 0.0081  memory: 3097  
2026/07/21 08:58:19 - mmengine - INFO - Iter(val) [300/504]    eta: 0:00:42  time: 0.2085  data_time: 0.0074  memory: 3097  
2026/07/21 08:58:40 - mmengine - INFO - Iter(val) [400/504]    eta: 0:00:21  time: 0.2094  data_time: 0.0076  memory: 3097  
2026/07/21 08:59:01 - mmengine - INFO - Iter(val) [500/504]    eta: 0:00:00  time: 0.2093  data_time: 0.0075  memory: 3097  
2026/07/21 08:59:04 - mmengine - INFO - per class results:
2026/07/21 08:59:04 - mmengine - INFO - 
+--------------------+-------+-------+--------+-----------+--------+
|       Class        |  IoU  |  Acc  | Fscore | Precision | Recall |
+--------------------+-------+-------+--------+-----------+--------+
| impervious_surface |  87.2 | 93.59 | 93.16  |   92.73   | 93.59  |
|      building      | 95.13 |  98.9 |  97.5  |   96.15   |  98.9  |
|   low_vegetation   | 78.59 | 89.71 | 88.01  |   86.37   | 89.71  |
|        tree        | 79.88 | 85.22 | 88.81  |   92.72   | 85.22  |
|        car         | 92.69 | 94.06 |  96.2  |   98.45   | 94.06  |
+--------------------+-------+-------+--------+-----------+--------+
2026/07/21 08:59:04 - mmengine - INFO - Iter(val) [504/504]    aAcc: 91.9700  mIoU: 86.7000  mAcc: 92.3000  mFscore: 92.7400  mPrecision: 93.2800  mRecall: 92.3000  data_time: 0.0090  time: 0.2106
2026/07/21 09:00:09 - mmengine - INFO - Iter(train) [38100/80000]  base_lr: 2.8915e-05 lr: 2.8915e-05  eta: 13:52:19  time: 0.6222  data_time: 0.0156  memory: 9079  grad_norm: 76.7904  loss: 11.0968  decode.loss_cls: 0.0020  decode.loss_mask: 0.5829  decode.loss_dice: 0.4924  decode.d0.loss_cls: 0.1107  decode.d0.loss_mask: 0.6319  decode.d0.loss_dice: 0.4783  decode.d1.loss_cls: 0.0206  decode.d1.loss_mask: 0.5941  decode.d1.loss_dice: 0.5207  decode.d2.loss_cls: 0.0174  decode.d2.loss_mask: 0.5921  decode.d2.loss_dice: 0.5121  decode.d3.loss_cls: 0.0091  decode.d3.loss_mask: 0.5897  decode.d3.loss_dice: 0.5104  decode.d4.loss_cls: 0.0052  decode.d4.loss_mask: 0.5849  decode.d4.loss_dice: 0.5003  decode.d5.loss_cls: 0.0039  decode.d5.loss_mask: 0.5842  decode.d5.loss_dice: 0.4881  decode.d6.loss_cls: 0.0026  decode.d6.loss_mask: 0.5823  decode.d6.loss_dice: 0.4974  decode.d7.loss_cls: 0.0022  decode.d7.loss_mask: 0.5840  decode.d7.loss_dice: 0.4964  decode.d8.loss_cls: 0.0014  decode.d8.loss_mask: 0.5880  decode.d8.loss_dice: 0.5114
2026/07/21 09:01:11 - mmengine - INFO - Iter(train) [38200/80000]  base_lr: 2.8853e-05 lr: 2.8853e-05  eta: 13:49:17  time: 0.6210  data_time: 0.0152  memory: 9079  grad_norm: 52.0889  loss: 8.0474  decode.loss_cls: 0.0015  decode.loss_mask: 0.4352  decode.loss_dice: 0.3481  decode.d0.loss_cls: 0.0846  decode.d0.loss_mask: 0.4439  decode.d0.loss_dice: 0.3656  decode.d1.loss_cls: 0.0170  decode.d1.loss_mask: 0.4380  decode.d1.loss_dice: 0.3576  decode.d2.loss_cls: 0.0125  decode.d2.loss_mask: 0.4365  decode.d2.loss_dice: 0.3504  decode.d3.loss_cls: 0.0124  decode.d3.loss_mask: 0.4383  decode.d3.loss_dice: 0.3526  decode.d4.loss_cls: 0.0091  decode.d4.loss_mask: 0.4360  decode.d4.loss_dice: 0.3519  decode.d5.loss_cls: 0.0108  decode.d5.loss_mask: 0.4337  decode.d5.loss_dice: 0.3466  decode.d6.loss_cls: 0.0031  decode.d6.loss_mask: 0.4360  decode.d6.loss_dice: 0.3511  decode.d7.loss_cls: 0.0019  decode.d7.loss_mask: 0.4356  decode.d7.loss_dice: 0.3484  decode.d8.loss_cls: 0.0013  decode.d8.loss_mask: 0.4357  decode.d8.loss_dice: 0.3519
2026/07/21 09:02:13 - mmengine - INFO - Iter(train) [38300/80000]  base_lr: 2.8791e-05 lr: 2.8791e-05  eta: 13:46:16  time: 0.6199  data_time: 0.0157  memory: 9088  grad_norm: 48.1609  loss: 8.1364  decode.loss_cls: 0.0003  decode.loss_mask: 0.4412  decode.loss_dice: 0.3624  decode.d0.loss_cls: 0.0592  decode.d0.loss_mask: 0.4537  decode.d0.loss_dice: 0.3642  decode.d1.loss_cls: 0.0017  decode.d1.loss_mask: 0.4479  decode.d1.loss_dice: 0.3621  decode.d2.loss_cls: 0.0008  decode.d2.loss_mask: 0.4460  decode.d2.loss_dice: 0.3646  decode.d3.loss_cls: 0.0008  decode.d3.loss_mask: 0.4426  decode.d3.loss_dice: 0.3633  decode.d4.loss_cls: 0.0007  decode.d4.loss_mask: 0.4466  decode.d4.loss_dice: 0.3615  decode.d5.loss_cls: 0.0005  decode.d5.loss_mask: 0.4427  decode.d5.loss_dice: 0.3639  decode.d6.loss_cls: 0.0005  decode.d6.loss_mask: 0.4413  decode.d6.loss_dice: 0.3609  decode.d7.loss_cls: 0.0006  decode.d7.loss_mask: 0.4394  decode.d7.loss_dice: 0.3617  decode.d8.loss_cls: 0.0005  decode.d8.loss_mask: 0.4400  decode.d8.loss_dice: 0.3647
2026/07/21 09:03:16 - mmengine - INFO - Iter(train) [38400/80000]  base_lr: 2.8729e-05 lr: 2.8729e-05  eta: 13:43:16  time: 0.6241  data_time: 0.0150  memory: 9088  grad_norm: 53.5995  loss: 8.7654  decode.loss_cls: 0.0009  decode.loss_mask: 0.4624  decode.loss_dice: 0.4016  decode.d0.loss_cls: 0.0884  decode.d0.loss_mask: 0.4689  decode.d0.loss_dice: 0.4017  decode.d1.loss_cls: 0.0046  decode.d1.loss_mask: 0.4546  decode.d1.loss_dice: 0.4003  decode.d2.loss_cls: 0.0021  decode.d2.loss_mask: 0.4552  decode.d2.loss_dice: 0.4009  decode.d3.loss_cls: 0.0009  decode.d3.loss_mask: 0.4603  decode.d3.loss_dice: 0.4050  decode.d4.loss_cls: 0.0008  decode.d4.loss_mask: 0.4613  decode.d4.loss_dice: 0.4073  decode.d5.loss_cls: 0.0008  decode.d5.loss_mask: 0.4604  decode.d5.loss_dice: 0.4176  decode.d6.loss_cls: 0.0011  decode.d6.loss_mask: 0.4605  decode.d6.loss_dice: 0.4107  decode.d7.loss_cls: 0.0011  decode.d7.loss_mask: 0.4613  decode.d7.loss_dice: 0.4043  decode.d8.loss_cls: 0.0010  decode.d8.loss_mask: 0.4572  decode.d8.loss_dice: 0.4118
2026/07/21 09:04:18 - mmengine - INFO - Iter(train) [38500/80000]  base_lr: 2.8667e-05 lr: 2.8667e-05  eta: 13:40:16  time: 0.6190  data_time: 0.0154  memory: 9079  grad_norm: 45.4506  loss: 7.5541  decode.loss_cls: 0.0001  decode.loss_mask: 0.4017  decode.loss_dice: 0.3390  decode.d0.loss_cls: 0.0859  decode.d0.loss_mask: 0.4190  decode.d0.loss_dice: 0.3538  decode.d1.loss_cls: 0.0365  decode.d1.loss_mask: 0.4100  decode.d1.loss_dice: 0.3408  decode.d2.loss_cls: 0.0083  decode.d2.loss_mask: 0.4039  decode.d2.loss_dice: 0.3375  decode.d3.loss_cls: 0.0002  decode.d3.loss_mask: 0.4012  decode.d3.loss_dice: 0.3347  decode.d4.loss_cls: 0.0002  decode.d4.loss_mask: 0.4007  decode.d4.loss_dice: 0.3358  decode.d5.loss_cls: 0.0003  decode.d5.loss_mask: 0.4013  decode.d5.loss_dice: 0.3369  decode.d6.loss_cls: 0.0002  decode.d6.loss_mask: 0.3997  decode.d6.loss_dice: 0.3329  decode.d7.loss_cls: 0.0002  decode.d7.loss_mask: 0.3998  decode.d7.loss_dice: 0.3360  decode.d8.loss_cls: 0.0001  decode.d8.loss_mask: 0.4002  decode.d8.loss_dice: 0.3371
2026/07/21 09:05:20 - mmengine - INFO - Iter(train) [38600/80000]  base_lr: 2.8604e-05 lr: 2.8604e-05  eta: 13:37:17  time: 0.6235  data_time: 0.0152  memory: 9088  grad_norm: 51.1488  loss: 9.7541  decode.loss_cls: 0.0357  decode.loss_mask: 0.4751  decode.loss_dice: 0.4146  decode.d0.loss_cls: 0.0979  decode.d0.loss_mask: 0.5758  decode.d0.loss_dice: 0.5097  decode.d1.loss_cls: 0.0588  decode.d1.loss_mask: 0.4982  decode.d1.loss_dice: 0.4511  decode.d2.loss_cls: 0.0421  decode.d2.loss_mask: 0.4904  decode.d2.loss_dice: 0.4477  decode.d3.loss_cls: 0.0321  decode.d3.loss_mask: 0.4871  decode.d3.loss_dice: 0.4325  decode.d4.loss_cls: 0.0307  decode.d4.loss_mask: 0.4828  decode.d4.loss_dice: 0.4300  decode.d5.loss_cls: 0.0435  decode.d5.loss_mask: 0.4817  decode.d5.loss_dice: 0.4364  decode.d6.loss_cls: 0.0243  decode.d6.loss_mask: 0.4784  decode.d6.loss_dice: 0.4237  decode.d7.loss_cls: 0.0246  decode.d7.loss_mask: 0.4798  decode.d7.loss_dice: 0.4394  decode.d8.loss_cls: 0.0263  decode.d8.loss_mask: 0.4779  decode.d8.loss_dice: 0.4262
2026/07/21 09:06:22 - mmengine - INFO - Iter(train) [38700/80000]  base_lr: 2.8542e-05 lr: 2.8542e-05  eta: 13:34:18  time: 0.6156  data_time: 0.0149  memory: 9088  grad_norm: 58.9604  loss: 7.2432  decode.loss_cls: 0.0098  decode.loss_mask: 0.3871  decode.loss_dice: 0.3092  decode.d0.loss_cls: 0.1240  decode.d0.loss_mask: 0.3939  decode.d0.loss_dice: 0.3195  decode.d1.loss_cls: 0.0251  decode.d1.loss_mask: 0.3857  decode.d1.loss_dice: 0.3188  decode.d2.loss_cls: 0.0111  decode.d2.loss_mask: 0.3859  decode.d2.loss_dice: 0.3154  decode.d3.loss_cls: 0.0055  decode.d3.loss_mask: 0.3865  decode.d3.loss_dice: 0.3129  decode.d4.loss_cls: 0.0093  decode.d4.loss_mask: 0.3852  decode.d4.loss_dice: 0.3162  decode.d5.loss_cls: 0.0059  decode.d5.loss_mask: 0.3874  decode.d5.loss_dice: 0.3106  decode.d6.loss_cls: 0.0048  decode.d6.loss_mask: 0.3883  decode.d6.loss_dice: 0.3175  decode.d7.loss_cls: 0.0088  decode.d7.loss_mask: 0.3885  decode.d7.loss_dice: 0.3159  decode.d8.loss_cls: 0.0100  decode.d8.loss_mask: 0.3884  decode.d8.loss_dice: 0.3160
2026/07/21 09:07:24 - mmengine - INFO - Iter(train) [38800/80000]  base_lr: 2.8480e-05 lr: 2.8480e-05  eta: 13:31:20  time: 0.6198  data_time: 0.0149  memory: 9088  grad_norm: 59.3760  loss: 8.3295  decode.loss_cls: 0.0038  decode.loss_mask: 0.4698  decode.loss_dice: 0.3400  decode.d0.loss_cls: 0.1105  decode.d0.loss_mask: 0.5074  decode.d0.loss_dice: 0.3826  decode.d1.loss_cls: 0.0179  decode.d1.loss_mask: 0.4705  decode.d1.loss_dice: 0.3444  decode.d2.loss_cls: 0.0034  decode.d2.loss_mask: 0.4677  decode.d2.loss_dice: 0.3408  decode.d3.loss_cls: 0.0021  decode.d3.loss_mask: 0.4673  decode.d3.loss_dice: 0.3383  decode.d4.loss_cls: 0.0027  decode.d4.loss_mask: 0.4681  decode.d4.loss_dice: 0.3389  decode.d5.loss_cls: 0.0027  decode.d5.loss_mask: 0.4713  decode.d5.loss_dice: 0.3426  decode.d6.loss_cls: 0.0031  decode.d6.loss_mask: 0.4681  decode.d6.loss_dice: 0.3377  decode.d7.loss_cls: 0.0019  decode.d7.loss_mask: 0.4691  decode.d7.loss_dice: 0.3416  decode.d8.loss_cls: 0.0031  decode.d8.loss_mask: 0.4709  decode.d8.loss_dice: 0.3412
2026/07/21 09:08:29 - mmengine - INFO - Iter(train) [38900/80000]  base_lr: 2.8418e-05 lr: 2.8418e-05  eta: 13:28:26  time: 0.6166  data_time: 0.0153  memory: 9088  grad_norm: 91.0242  loss: 6.9380  decode.loss_cls: 0.0185  decode.loss_mask: 0.3717  decode.loss_dice: 0.2656  decode.d0.loss_cls: 0.1640  decode.d0.loss_mask: 0.4376  decode.d0.loss_dice: 0.3425  decode.d1.loss_cls: 0.0298  decode.d1.loss_mask: 0.3973  decode.d1.loss_dice: 0.2775  decode.d2.loss_cls: 0.0224  decode.d2.loss_mask: 0.3778  decode.d2.loss_dice: 0.2736  decode.d3.loss_cls: 0.0156  decode.d3.loss_mask: 0.3711  decode.d3.loss_dice: 0.2713  decode.d4.loss_cls: 0.0179  decode.d4.loss_mask: 0.3736  decode.d4.loss_dice: 0.2619  decode.d5.loss_cls: 0.0213  decode.d5.loss_mask: 0.3756  decode.d5.loss_dice: 0.2656  decode.d6.loss_cls: 0.0218  decode.d6.loss_mask: 0.3715  decode.d6.loss_dice: 0.2613  decode.d7.loss_cls: 0.0181  decode.d7.loss_mask: 0.3755  decode.d7.loss_dice: 0.2730  decode.d8.loss_cls: 0.0169  decode.d8.loss_mask: 0.3739  decode.d8.loss_dice: 0.2742
2026/07/21 09:09:31 - mmengine - INFO - Exp name: dinov3_m2f_31999_20260720_190649
2026/07/21 09:09:31 - mmengine - INFO - Iter(train) [39000/80000]  base_lr: 2.8356e-05 lr: 2.8356e-05  eta: 13:25:29  time: 0.6252  data_time: 0.0152  memory: 9079  grad_norm: 44.6189  loss: 7.5248  decode.loss_cls: 0.0005  decode.loss_mask: 0.4230  decode.loss_dice: 0.3152  decode.d0.loss_cls: 0.0879  decode.d0.loss_mask: 0.4250  decode.d0.loss_dice: 0.3269  decode.d1.loss_cls: 0.0206  decode.d1.loss_mask: 0.4247  decode.d1.loss_dice: 0.3061  decode.d2.loss_cls: 0.0013  decode.d2.loss_mask: 0.4225  decode.d2.loss_dice: 0.3186  decode.d3.loss_cls: 0.0007  decode.d3.loss_mask: 0.4226  decode.d3.loss_dice: 0.3222  decode.d4.loss_cls: 0.0005  decode.d4.loss_mask: 0.4234  decode.d4.loss_dice: 0.3185  decode.d5.loss_cls: 0.0006  decode.d5.loss_mask: 0.4215  decode.d5.loss_dice: 0.3255  decode.d6.loss_cls: 0.0004  decode.d6.loss_mask: 0.4211  decode.d6.loss_dice: 0.3226  decode.d7.loss_cls: 0.0006  decode.d7.loss_mask: 0.4240  decode.d7.loss_dice: 0.3223  decode.d8.loss_cls: 0.0006  decode.d8.loss_mask: 0.4249  decode.d8.loss_dice: 0.3005
2026/07/21 09:10:33 - mmengine - INFO - Iter(train) [39100/80000]  base_lr: 2.8293e-05 lr: 2.8293e-05  eta: 13:22:33  time: 0.6183  data_time: 0.0156  memory: 9088  grad_norm: 74.6910  loss: 9.9799  decode.loss_cls: 0.0003  decode.loss_mask: 0.5628  decode.loss_dice: 0.4175  decode.d0.loss_cls: 0.0992  decode.d0.loss_mask: 0.5966  decode.d0.loss_dice: 0.4327  decode.d1.loss_cls: 0.0132  decode.d1.loss_mask: 0.5638  decode.d1.loss_dice: 0.4172  decode.d2.loss_cls: 0.0015  decode.d2.loss_mask: 0.5642  decode.d2.loss_dice: 0.4156  decode.d3.loss_cls: 0.0004  decode.d3.loss_mask: 0.5664  decode.d3.loss_dice: 0.4155  decode.d4.loss_cls: 0.0004  decode.d4.loss_mask: 0.5675  decode.d4.loss_dice: 0.4209  decode.d5.loss_cls: 0.0003  decode.d5.loss_mask: 0.5665  decode.d5.loss_dice: 0.4170  decode.d6.loss_cls: 0.0005  decode.d6.loss_mask: 0.5653  decode.d6.loss_dice: 0.4149  decode.d7.loss_cls: 0.0003  decode.d7.loss_mask: 0.5663  decode.d7.loss_dice: 0.4160  decode.d8.loss_cls: 0.0002  decode.d8.loss_mask: 0.5620  decode.d8.loss_dice: 0.4150
2026/07/21 09:11:35 - mmengine - INFO - Iter(train) [39200/80000]  base_lr: 2.8231e-05 lr: 2.8231e-05  eta: 13:19:37  time: 0.6230  data_time: 0.0155  memory: 9088  grad_norm: 40.5941  loss: 6.6628  decode.loss_cls: 0.0002  decode.loss_mask: 0.3693  decode.loss_dice: 0.2805  decode.d0.loss_cls: 0.0799  decode.d0.loss_mask: 0.3900  decode.d0.loss_dice: 0.2937  decode.d1.loss_cls: 0.0093  decode.d1.loss_mask: 0.3719  decode.d1.loss_dice: 0.2800  decode.d2.loss_cls: 0.0006  decode.d2.loss_mask: 0.3730  decode.d2.loss_dice: 0.2959  decode.d3.loss_cls: 0.0005  decode.d3.loss_mask: 0.3712  decode.d3.loss_dice: 0.2851  decode.d4.loss_cls: 0.0004  decode.d4.loss_mask: 0.3702  decode.d4.loss_dice: 0.2822  decode.d5.loss_cls: 0.0003  decode.d5.loss_mask: 0.3682  decode.d5.loss_dice: 0.2794  decode.d6.loss_cls: 0.0002  decode.d6.loss_mask: 0.3708  decode.d6.loss_dice: 0.2801  decode.d7.loss_cls: 0.0002  decode.d7.loss_mask: 0.3713  decode.d7.loss_dice: 0.2856  decode.d8.loss_cls: 0.0001  decode.d8.loss_mask: 0.3704  decode.d8.loss_dice: 0.2823
2026/07/21 09:12:37 - mmengine - INFO - Iter(train) [39300/80000]  base_lr: 2.8169e-05 lr: 2.8169e-05  eta: 13:16:42  time: 0.6187  data_time: 0.0151  memory: 9088  grad_norm: 44.9988  loss: 7.1949  decode.loss_cls: 0.0053  decode.loss_mask: 0.3859  decode.loss_dice: 0.3115  decode.d0.loss_cls: 0.1150  decode.d0.loss_mask: 0.4206  decode.d0.loss_dice: 0.3293  decode.d1.loss_cls: 0.0179  decode.d1.loss_mask: 0.3896  decode.d1.loss_dice: 0.3157  decode.d2.loss_cls: 0.0053  decode.d2.loss_mask: 0.3864  decode.d2.loss_dice: 0.3079  decode.d3.loss_cls: 0.0084  decode.d3.loss_mask: 0.3822  decode.d3.loss_dice: 0.3048  decode.d4.loss_cls: 0.0047  decode.d4.loss_mask: 0.3874  decode.d4.loss_dice: 0.3087  decode.d5.loss_cls: 0.0034  decode.d5.loss_mask: 0.3861  decode.d5.loss_dice: 0.3115  decode.d6.loss_cls: 0.0045  decode.d6.loss_mask: 0.3849  decode.d6.loss_dice: 0.3113  decode.d7.loss_cls: 0.0056  decode.d7.loss_mask: 0.3866  decode.d7.loss_dice: 0.3109  decode.d8.loss_cls: 0.0058  decode.d8.loss_mask: 0.3859  decode.d8.loss_dice: 0.3118
2026/07/21 09:13:40 - mmengine - INFO - Iter(train) [39400/80000]  base_lr: 2.8107e-05 lr: 2.8107e-05  eta: 13:13:48  time: 0.6221  data_time: 0.0153  memory: 9079  grad_norm: 39.6052  loss: 6.6369  decode.loss_cls: 0.0073  decode.loss_mask: 0.3443  decode.loss_dice: 0.2982  decode.d0.loss_cls: 0.0922  decode.d0.loss_mask: 0.3672  decode.d0.loss_dice: 0.3301  decode.d1.loss_cls: 0.0176  decode.d1.loss_mask: 0.3462  decode.d1.loss_dice: 0.2980  decode.d2.loss_cls: 0.0146  decode.d2.loss_mask: 0.3445  decode.d2.loss_dice: 0.3009  decode.d3.loss_cls: 0.0049  decode.d3.loss_mask: 0.3420  decode.d3.loss_dice: 0.2990  decode.d4.loss_cls: 0.0039  decode.d4.loss_mask: 0.3427  decode.d4.loss_dice: 0.2952  decode.d5.loss_cls: 0.0039  decode.d5.loss_mask: 0.3412  decode.d5.loss_dice: 0.2983  decode.d6.loss_cls: 0.0084  decode.d6.loss_mask: 0.3424  decode.d6.loss_dice: 0.2949  decode.d7.loss_cls: 0.0098  decode.d7.loss_mask: 0.3423  decode.d7.loss_dice: 0.2960  decode.d8.loss_cls: 0.0089  decode.d8.loss_mask: 0.3428  decode.d8.loss_dice: 0.2991
2026/07/21 09:14:42 - mmengine - INFO - Iter(train) [39500/80000]  base_lr: 2.8044e-05 lr: 2.8044e-05  eta: 13:10:54  time: 0.6227  data_time: 0.0167  memory: 9088  grad_norm: 66.0272  loss: 9.1841  decode.loss_cls: 0.0012  decode.loss_mask: 0.4959  decode.loss_dice: 0.4081  decode.d0.loss_cls: 0.0853  decode.d0.loss_mask: 0.5024  decode.d0.loss_dice: 0.4081  decode.d1.loss_cls: 0.0086  decode.d1.loss_mask: 0.4953  decode.d1.loss_dice: 0.4257  decode.d2.loss_cls: 0.0031  decode.d2.loss_mask: 0.4967  decode.d2.loss_dice: 0.4218  decode.d3.loss_cls: 0.0013  decode.d3.loss_mask: 0.4919  decode.d3.loss_dice: 0.4074  decode.d4.loss_cls: 0.0006  decode.d4.loss_mask: 0.4912  decode.d4.loss_dice: 0.4064  decode.d5.loss_cls: 0.0006  decode.d5.loss_mask: 0.4972  decode.d5.loss_dice: 0.4135  decode.d6.loss_cls: 0.0020  decode.d6.loss_mask: 0.4944  decode.d6.loss_dice: 0.4134  decode.d7.loss_cls: 0.0021  decode.d7.loss_mask: 0.4953  decode.d7.loss_dice: 0.4075  decode.d8.loss_cls: 0.0015  decode.d8.loss_mask: 0.4971  decode.d8.loss_dice: 0.4084
2026/07/21 09:15:44 - mmengine - INFO - Iter(train) [39600/80000]  base_lr: 2.7982e-05 lr: 2.7982e-05  eta: 13:08:00  time: 0.6188  data_time: 0.0153  memory: 9088  grad_norm: 35.8384  loss: 5.5366  decode.loss_cls: 0.0003  decode.loss_mask: 0.2925  decode.loss_dice: 0.2467  decode.d0.loss_cls: 0.1013  decode.d0.loss_mask: 0.3112  decode.d0.loss_dice: 0.2465  decode.d1.loss_cls: 0.0120  decode.d1.loss_mask: 0.2951  decode.d1.loss_dice: 0.2565  decode.d2.loss_cls: 0.0011  decode.d2.loss_mask: 0.2936  decode.d2.loss_dice: 0.2543  decode.d3.loss_cls: 0.0008  decode.d3.loss_mask: 0.2925  decode.d3.loss_dice: 0.2434  decode.d4.loss_cls: 0.0009  decode.d4.loss_mask: 0.2944  decode.d4.loss_dice: 0.2500  decode.d5.loss_cls: 0.0004  decode.d5.loss_mask: 0.2941  decode.d5.loss_dice: 0.2517  decode.d6.loss_cls: 0.0005  decode.d6.loss_mask: 0.2927  decode.d6.loss_dice: 0.2401  decode.d7.loss_cls: 0.0005  decode.d7.loss_mask: 0.2929  decode.d7.loss_dice: 0.2359  decode.d8.loss_cls: 0.0003  decode.d8.loss_mask: 0.2926  decode.d8.loss_dice: 0.2418
2026/07/21 09:16:46 - mmengine - INFO - Iter(train) [39700/80000]  base_lr: 2.7920e-05 lr: 2.7920e-05  eta: 13:05:08  time: 0.6177  data_time: 0.0148  memory: 9088  grad_norm: 42.0202  loss: 7.3693  decode.loss_cls: 0.0012  decode.loss_mask: 0.3706  decode.loss_dice: 0.3351  decode.d0.loss_cls: 0.0993  decode.d0.loss_mask: 0.4047  decode.d0.loss_dice: 0.3742  decode.d1.loss_cls: 0.0195  decode.d1.loss_mask: 0.3742  decode.d1.loss_dice: 0.3473  decode.d2.loss_cls: 0.0043  decode.d2.loss_mask: 0.3705  decode.d2.loss_dice: 0.3478  decode.d3.loss_cls: 0.0041  decode.d3.loss_mask: 0.3711  decode.d3.loss_dice: 0.3502  decode.d4.loss_cls: 0.0036  decode.d4.loss_mask: 0.3731  decode.d4.loss_dice: 0.3401  decode.d5.loss_cls: 0.0034  decode.d5.loss_mask: 0.3728  decode.d5.loss_dice: 0.3463  decode.d6.loss_cls: 0.0037  decode.d6.loss_mask: 0.3724  decode.d6.loss_dice: 0.3522  decode.d7.loss_cls: 0.0013  decode.d7.loss_mask: 0.3731  decode.d7.loss_dice: 0.3388  decode.d8.loss_cls: 0.0008  decode.d8.loss_mask: 0.3727  decode.d8.loss_dice: 0.3409
2026/07/21 09:17:51 - mmengine - INFO - Iter(train) [39800/80000]  base_lr: 2.7857e-05 lr: 2.7857e-05  eta: 13:02:18  time: 0.6240  data_time: 0.0153  memory: 9088  grad_norm: 68.4418  loss: 9.2920  decode.loss_cls: 0.0074  decode.loss_mask: 0.4981  decode.loss_dice: 0.4056  decode.d0.loss_cls: 0.1258  decode.d0.loss_mask: 0.5269  decode.d0.loss_dice: 0.3993  decode.d1.loss_cls: 0.0371  decode.d1.loss_mask: 0.5026  decode.d1.loss_dice: 0.3870  decode.d2.loss_cls: 0.0278  decode.d2.loss_mask: 0.4996  decode.d2.loss_dice: 0.4011  decode.d3.loss_cls: 0.0272  decode.d3.loss_mask: 0.5033  decode.d3.loss_dice: 0.3832  decode.d4.loss_cls: 0.0100  decode.d4.loss_mask: 0.5052  decode.d4.loss_dice: 0.4198  decode.d5.loss_cls: 0.0089  decode.d5.loss_mask: 0.5037  decode.d5.loss_dice: 0.4004  decode.d6.loss_cls: 0.0081  decode.d6.loss_mask: 0.4993  decode.d6.loss_dice: 0.4011  decode.d7.loss_cls: 0.0079  decode.d7.loss_mask: 0.5027  decode.d7.loss_dice: 0.4158  decode.d8.loss_cls: 0.0078  decode.d8.loss_mask: 0.4979  decode.d8.loss_dice: 0.3715
2026/07/21 09:18:53 - mmengine - INFO - Iter(train) [39900/80000]  base_lr: 2.7795e-05 lr: 2.7795e-05  eta: 12:59:26  time: 0.6165  data_time: 0.0150  memory: 9079  grad_norm: 60.0705  loss: 7.0320  decode.loss_cls: 0.0001  decode.loss_mask: 0.4029  decode.loss_dice: 0.2908  decode.d0.loss_cls: 0.0824  decode.d0.loss_mask: 0.4166  decode.d0.loss_dice: 0.2896  decode.d1.loss_cls: 0.0025  decode.d1.loss_mask: 0.4040  decode.d1.loss_dice: 0.2984  decode.d2.loss_cls: 0.0022  decode.d2.loss_mask: 0.3997  decode.d2.loss_dice: 0.2930  decode.d3.loss_cls: 0.0003  decode.d3.loss_mask: 0.3981  decode.d3.loss_dice: 0.2899  decode.d4.loss_cls: 0.0002  decode.d4.loss_mask: 0.4025  decode.d4.loss_dice: 0.2910  decode.d5.loss_cls: 0.0001  decode.d5.loss_mask: 0.4002  decode.d5.loss_dice: 0.2905  decode.d6.loss_cls: 0.0001  decode.d6.loss_mask: 0.4040  decode.d6.loss_dice: 0.2897  decode.d7.loss_cls: 0.0001  decode.d7.loss_mask: 0.4017  decode.d7.loss_dice: 0.2895  decode.d8.loss_cls: 0.0001  decode.d8.loss_mask: 0.4013  decode.d8.loss_dice: 0.2906
2026/07/21 09:19:55 - mmengine - INFO - Exp name: dinov3_m2f_31999_20260720_190649
2026/07/21 09:19:55 - mmengine - INFO - Iter(train) [40000/80000]  base_lr: 2.7732e-05 lr: 2.7732e-05  eta: 12:56:35  time: 0.6216  data_time: 0.0150  memory: 9088  grad_norm: 43.3092  loss: 7.2441  decode.loss_cls: 0.0009  decode.loss_mask: 0.3990  decode.loss_dice: 0.3166  decode.d0.loss_cls: 0.0619  decode.d0.loss_mask: 0.4098  decode.d0.loss_dice: 0.3304  decode.d1.loss_cls: 0.0046  decode.d1.loss_mask: 0.3977  decode.d1.loss_dice: 0.3164  decode.d2.loss_cls: 0.0013  decode.d2.loss_mask: 0.3994  decode.d2.loss_dice: 0.3196  decode.d3.loss_cls: 0.0004  decode.d3.loss_mask: 0.4002  decode.d3.loss_dice: 0.3168  decode.d4.loss_cls: 0.0010  decode.d4.loss_mask: 0.4000  decode.d4.loss_dice: 0.3165  decode.d5.loss_cls: 0.0005  decode.d5.loss_mask: 0.3973  decode.d5.loss_dice: 0.3128  decode.d6.loss_cls: 0.0008  decode.d6.loss_mask: 0.3987  decode.d6.loss_dice: 0.3119  decode.d7.loss_cls: 0.0007  decode.d7.loss_mask: 0.4008  decode.d7.loss_dice: 0.3147  decode.d8.loss_cls: 0.0005  decode.d8.loss_mask: 0.3992  decode.d8.loss_dice: 0.3138
2026/07/21 09:19:55 - mmengine - INFO - Saving checkpoint at 40000 iterations
